frame,frame_hash,stream_checksum,teps,scoring_calls,bound_checks,compact_lookups,dual_solver_ops,dual_updates,dual_group_solves,oracle_candidates,oracle_w1_candidates,oracle_w2_candidates,oracle_primitive_ops,dual_witness_candidates,dual_witness_primitive_ops,score_primitive_ops,total_primitive_ops,ops_w1,ops_w2,ops_w3,structural_checks,word_mismatch,metric_mismatch,tie_mismatch
0,4307900441458573662,4307900441458573662,2202,3230,4118,779126,4930380,212,2756,709018,40117,668901,48842008,2756,195676,206720,54958028,0,0,4930380,2560,0,0,0
1,13985065504140463237,15993604437681843028,1996,3020,3944,747808,5020951,190,2470,686386,30384,656002,47299866,2470,175370,193280,53441219,0,0,5020951,0,0,0,0
2,13523406603343302230,8589082977016295341,2080,3130,4048,764530,4928677,206,2678,706905,38781,668124,48698883,2678,190138,200320,54786596,0,0,4928677,0,0,0,0
3,13320700756420846468,5551351460942617850,2169,3101,4019,751139,5115916,213,2769,701632,33533,668099,48345542,2769,196599,198464,54611679,0,0,5115916,0,0,0,0
4,15623635531402363762,15516980313340715043,2328,3217,4134,777124,4530045,195,2535,708513,41997,666516,48803403,2535,179985,205888,54500579,0,0,4530045,0,0,0,0
5,16833904852794388024,8007843526161550808,2284,3229,4143,779577,4767880,212,2756,709367,41655,667712,48863013,2756,195676,206656,54816945,0,0,4767880,0,0,0,0
6,15055695530798494923,4356121255838442584,2165,3173,4087,778296,4937660,220,2860,714485,41907,672578,49215651,2860,203060,203072,55341826,0,0,4937660,0,0,0,0
7,11654081068290674278,13967973740932703337,2194,3078,3998,769172,4975737,201,2613,698075,33032,665043,48101111,2613,185523,196992,54232533,0,0,4975737,0,0,0,0
8,17872850091527751012,2009330200570427146,1848,2903,3865,764668,4803500,166,2158,637974,14683,623291,43990840,2158,153218,185792,49901883,0,0,4803500,0,0,0,0
9,12810441787419575937,15818101403446693264,1955,3003,3928,757072,4848051,183,2379,680773,25836,654937,46921665,2379,168909,192192,52891817,0,0,4848051,0,0,0,0
10,15354654047595077210,10294196311721282281,2270,3143,4064,767624,4652739,185,2405,688387,32756,655631,47433191,2405,170755,201152,53229525,0,0,4652739,0,0,0,0
11,8000196889370950559,811538446288065585,2109,2966,3893,755538,4906616,176,2288,681295,30560,650735,46948235,2288,162448,189824,52966554,0,0,4906616,0,0,0,0
12,1003048155117523633,2418325770709747967,2247,3287,4149,772575,4960800,220,2860,709873,40475,669398,48900287,2860,203060,210368,55051239,0,0,4960800,0,0,0,0
13,5093212120615806920,8854429402682367500,1244,1615,5532,325832,1340885,29,377,109077,2169,106908,7521975,377,26767,103360,9324351,0,0,1340885,0,0,0,0
14,17880796771999687362,7984956261792623645,2286,3333,4157,780786,4969692,220,2860,715051,42199,672852,49254121,2860,203060,213312,55425128,0,0,4969692,0,0,0,0
15,13124633785058266138,1644059594929329120,2364,3392,4224,777880,4768036,208,2704,704066,38190,665876,48504174,2704,191984,217088,54463386,0,0,4768036,0,0,0,0
16,4545681363894474072,17525235691387657951,1926,2856,3788,758759,4685356,156,2028,659774,21738,638036,45480930,2028,143988,182784,51255605,0,0,4685356,0,0,0,0
17,9507170928033327301,17284289172471685401,2195,3205,4121,788269,4777708,206,2678,707860,40700,667160,48760940,2678,190138,205120,54726296,0,0,4777708,0,0,0,0
18,10639815013123984987,2780305607493080269,1159,1326,17334,167074,631423,13,169,64751,1162,63589,4465495,169,11999,84864,5378189,0,0,631423,0,0,0,0
19,7424309542499859262,8523855129889171908,2200,3214,4095,768764,5078112,220,2860,714830,41844,672986,49239582,2860,203060,205696,55499309,0,0,5078112,0,0,0,0
20,3585716964899163425,9218611346147013878,2164,3220,4080,789678,5117008,214,2782,711464,40758,670706,49009500,2782,197522,206080,55323868,0,0,5117008,0,0,0,0
21,10204974863561260655,16963535977478944094,2292,3183,4046,771860,4733846,193,2509,704926,38802,666124,48562290,2509,178139,203712,54453893,0,0,4733846,0,0,0,0
22,5152589677103207791,10022694942923915066,2082,3020,3944,777121,5020951,190,2470,680053,26124,653929,46871409,2470,175370,193280,53042075,0,0,5020951,0,0,0,0
23,13077879051893829120,5641359282814674149,1595,2628,3740,716654,4198441,125,1625,526762,10558,516204,36325462,1625,115375,168192,41527864,0,0,4198441,0,0,0,0
24,11041175099619402705,9774418745235614095,2075,3090,4009,747842,4976725,206,2678,702475,36439,666036,48397897,2678,190138,197760,54514371,0,0,4976725,0,0,0,0
25,3789542764782339965,8778962369036225209,2382,3207,4076,779805,4921852,213,2769,708174,39605,668569,48784796,2769,196599,205248,54892376,0,0,4921852,0,0,0,0
26,8821286113460533548,6077640745652314746,1997,3036,3959,762906,5051241,195,2535,687444,25263,662181,47383110,2535,179985,194304,53575505,0,0,5051241,0,0,0,0
27,2680818465723523271,4776413569941104562,1714,2721,3692,723289,4271826,136,1768,594413,16695,577718,40981107,1768,125528,174144,46279586,0,0,4271826,0,0,0,0
28,15649990524889028689,7355307830636613776,1607,2490,3516,685600,3872115,109,1417,489912,11664,478248,33780600,1417,100607,159360,38601798,0,0,3872115,0,0,0,0
29,9011163354629236132,3074246964227893735,1319,1725,5416,361326,1700205,38,494,164680,2685,161995,11357550,494,35074,110400,13569971,0,0,1700205,0,0,0,0
30,350182793745045460,5926753163840131200,2068,3119,4035,755646,4943796,217,2821,703399,34553,668846,48465425,2821,200291,199616,54568809,0,0,4943796,0,0,0,0
31,3144942646360382232,4933943542690971215,2221,3078,3998,751708,4918537,202,2626,698753,34445,664308,48145067,2626,186446,196992,54202748,0,0,4918537,0,0,0,0
32,3934959207445957992,16035491631744627796,2021,3020,3944,747765,5015036,189,2457,668966,26651,642315,46105352,2457,174447,193280,52239824,0,0,5015036,0,0,0,0
33,2939905219594488232,17138846338471929075,1130,1265,14882,142941,442390,9,117,45980,713,45267,3171194,117,8307,80960,3860674,0,0,442390,0,0,0,0
34,7115477866112852511,508760954962106095,2026,3078,3998,748639,5097196,205,2665,689125,25646,663479,47498333,2665,189215,196992,53734373,0,0,5097196,0,0,0,0
35,17804540254511754082,17891001674654000382,1621,2660,3703,715324,4098445,126,1638,545635,8841,536794,37631133,1638,116298,170240,42735143,0,0,4098445,0,0,0,0
36,14329286675604069733,2549183635429215712,2169,3111,4028,761494,5121688,217,2821,704140,33964,670176,48517732,2821,200291,199104,54804337,0,0,5121688,0,0,0,0
37,3512355457972779656,54641955697084343,2235,3205,4084,769884,5125419,221,2873,712499,41065,671434,49080301,2873,203983,205120,55388791,0,0,5125419,0,0,0,0
38,15383367769352008159,4043399927758650155,2131,3120,4036,759055,5124964,220,2860,708615,37730,670885,48818975,2860,203060,199680,55109770,0,0,5124964,0,0,0,0
39,6351360789494488775,14239871099138461167,2176,3128,4043,772320,4965272,220,2860,710687,39831,670856,48957741,2860,203060,200192,55102628,0,0,4965272,0,0,0,0
40,9272416292419551771,10011039597865590263,2320,3250,4090,766646,4653376,181,2353,691660,36005,655655,47652530,2353,167063,208000,53451705,0,0,4653376,0,0,0,0
41,9425662161293817965,3718056516881782185,2083,3111,4028,760461,4936204,213,2769,707357,38256,669101,48731121,2769,196599,199104,54827517,0,0,4936204,0,0,0,0
42,3205280276530037954,14257155582419171572,2239,3132,4051,767775,4927741,202,2626,707285,40064,667221,48722537,2626,186446,200448,54808998,0,0,4927741,0,0,0,0
43,8247375632809095502,9280524818218970153,2263,3286,4148,770152,4820816,213,2769,711726,41929,669797,49025236,2769,196599,210304,55027255,0,0,4820816,0,0,0,0
44,296574145639910115,3579242053889772485,2341,3318,4138,785252,4925856,217,2821,715671,42430,673241,49296439,2821,200291,212352,55424328,0,0,4925856,0,0,0,0
45,8902939286485989100,4154157133375683666,2156,3200,4081,773355,5124964,220,2860,712612,39736,672876,49090756,2860,203060,204800,55401016,0,0,5124964,0,0,0,0
46,456937915389356564,16185041997014406329,2116,3150,4067,743522,4960540,208,2704,700487,34911,665576,48263781,2704,191984,201600,54365494,0,0,4960540,0,0,0,0
47,14068545361310646309,4639816543041674363,2451,3386,4194,788209,4965272,220,2860,716677,43856,672821,49363001,2860,203060,216704,55540440,0,0,4965272,0,0,0,0
48,13900954627316334852,4195680371056188860,1815,2750,3686,744054,4487184,142,1846,619650,18085,601565,42719680,1846,131066,176000,48261670,0,0,4487184,0,0,0,0
49,2107424263269548503,11423161209362821136,1321,1881,3705,444719,2270788,53,689,263289,7630,255659,18151681,689,48919,120384,21040196,0,0,2270788,0,0,0,0
50,8168283661969964125,9931039747041076422,2130,3181,4096,791812,4925128,216,2808,700436,34120,666316,48261844,2808,199368,203584,54385832,0,0,4925128,0,0,0,0
51,14267482168518956616,13113212589325100185,2393,3443,4205,800146,5124964,220,2860,717542,44379,673163,49421640,2860,203060,220352,55774367,0,0,5124964,0,0,0,0
52,6311305015811095954,6427547232503983676,2144,3149,4066,765412,4948840,209,2717,708824,39023,669801,48830810,2717,192907,201536,54943571,0,0,4948840,0,0,0,0
53,6453722038223445224,18320083337798526167,1571,2415,3419,657853,3516084,98,1274,475470,11973,463497,32783484,1274,90454,154560,37205854,0,0,3516084,0,0,0,0
54,14215514807094581899,5826899960588213343,2197,3229,4143,760755,4931147,218,2834,707912,39759,668153,48766410,2834,201214,206656,54870325,0,0,4931147,0,0,0,0
55,3989771169862953169,18000163171180986405,1848,2880,3811,740548,4535284,156,2028,636400,18402,617998,43874796,2028,143988,184320,49482747,0,0,4535284,0,0,0,0
56,11916016868319620830,3434736868211279916,2123,3168,4084,775641,4940884,213,2769,707244,38191,669053,48723454,2769,196599,202752,54843414,0,0,4940884,0,0,0,0
57,4640130541490228991,9900884035484805568,2309,3261,4176,779958,4554004,201,2613,707071,41410,665661,48705079,2613,185523,208704,54437444,0,0,4554004,0,0,0,0
58,1304427793644317805,15977181257162056870,2391,3321,4198,781452,4606420,193,2509,708852,43815,665037,48823158,2509,178139,212544,54605911,0,0,4606420,0,0,0,0
59,1112308405835387574,6630118966332650719,1990,3021,3947,748201,4743297,174,2262,683755,26957,656798,47125181,2262,160602,193344,52974572,0,0,4743297,0,0,0,0
60,13116184056299994042,2954471994216558182,2250,3186,4100,757014,4800120,216,2808,710818,40984,669834,48964474,2808,199368,203904,54928980,0,0,4800120,0,0,0,0
61,5128382913954093173,17891395725310316608,1360,2166,3574,579854,3077776,78,1014,385010,9861,375149,26545968,1014,71994,138624,30417790,0,0,3077776,0,0,0,0
62,149536194727853827,17641425227737243368,2263,3247,4116,779966,4508465,183,2379,694778,33276,661502,47873130,2379,168909,207808,53542394,0,0,4508465,0,0,0,0
63,12785073334573540145,9719333807847662370,679121,682360,4120,762247,4779892,212,2756,710919,41757,669162,48969897,2756,195676,43671040,98382872,0,0,4779892,0,0,0,0
64,14715283007751744236,8298298031652102469,1924,2750,3686,736760,4472559,141,1833,587385,19974,567411,40489617,1833,130143,176000,46008765,0,0,4472559,0,0,0,0
65,11365951123784606704,17887036220830551262,2284,3335,4151,769667,5127876,224,2912,718135,43881,674254,49463553,2912,206752,213440,55785439,0,0,5127876,0,0,0,0
66,6167689052082312052,13319927937967308141,2066,3110,4027,750765,4911660,210,2730,709038,38875,670163,48845872,2730,193830,199040,54905194,0,0,4911660,0,0,0,0
67,1471876335903736649,16816578889670006011,2025,3078,3998,761335,4921020,201,2613,698793,33912,664881,48148893,2613,185523,196992,54217761,0,0,4921020,0,0,0,0
68,16616906695035230134,5658483354103529566,2070,3065,3986,771731,5088187,203,2639,702376,35514,666862,48392916,2639,187369,196160,54640349,0,0,5088187,0,0,0,0
69,14774274864356891453,3644105131579224076,2379,3364,4179,781245,4935112,212,2756,711710,42439,669271,49023112,2756,195676,215296,55154620,0,0,4935112,0,0,0,0
70,15893644149008283858,11402885097641880637,2096,3065,3986,772304,4914442,198,2574,693720,31315,662405,47804050,2574,182754,196160,53873696,0,0,4914442,0,0,0,0
71,7865834665772639287,10652884563243312165,2113,3132,4051,761115,4923165,202,2626,702702,36327,666375,48413784,2626,186446,200448,54489009,0,0,4923165,0,0,0,0
72,3982075187632817751,15468753295786042477,2052,3101,4019,773972,5117736,215,2795,702540,34134,668406,48406992,2795,198445,198464,54699628,0,0,5117736,0,0,0,0
73,8257608772007586738,15060440126870394208,2050,3101,4019,760892,5114356,212,2756,698048,30956,667092,48103400,2756,195676,198464,54376807,0,0,5114356,0,0,0,0
74,14977254156259156003,3920327573652986140,2229,3150,4067,757844,4947280,208,2704,706177,38977,667200,48648259,2704,191984,201600,54751034,0,0,4947280,0,0,0,0
75,1589424333137760772,9471724134185867919,2122,3020,3944,767040,4867135,186,2418,694796,34202,660594,47872520,2418,171678,193280,53875597,0,0,4867135,0,0,0,0
76,9774658082113931331,1081553943595848751,2130,3036,3959,761293,5047523,194,2522,687436,28851,658585,47375382,2522,179062,194304,53561523,0,0,5047523,0,0,0,0
77,2885753135356757878,8144404064137559034,2055,3036,3959,740328,5047523,194,2522,688887,28643,660244,47475917,2522,179062,194304,53641093,0,0,5047523,0,0,0,0
78,18228366790075488506,6042191629102714783,1610,2595,3640,695572,4140409,122,1586,521597,14153,507444,35961887,1586,112606,166080,41080194,0,0,4140409,0,0,0,0
79,6705742309440081002,4560022252792973950,2281,3251,4165,772673,4797988,209,2717,709984,41811,668173,48905274,2717,192907,208064,54881071,0,0,4797988,0,0,0,0
80,4183829670304994346,11429584479178068259,2463,3234,4151,805007,4720417,199,2587,705144,41011,664133,48572914,2587,183677,206976,54493142,0,0,4720417,0,0,0,0
81,7971977087052089671,12943656896339611047,1255,1560,5586,296915,1381536,30,390,112302,2824,109478,7743190,390,27690,99840,9554757,0,0,1381536,0,0,0,0
82,14015440443514644708,15168746826461742152,2365,3242,4158,767565,4561921,198,2574,699643,37197,662446,48200973,2574,182754,207488,53924859,0,0,4561921,0,0,0,0
83,14813477150930179670,10654782508927386569,2066,3078,3998,751659,5099341,206,2678,701291,34275,667016,48320529,2678,190138,196992,54562657,0,0,5099341,0,0,0,0
84,277419965220824983,236082523621049125,1352,2028,3389,517110,2709525,66,858,306900,8349,298551,21159402,858,60918,129792,24580136,0,0,2709525,0,0,0,0
85,11433493891647338668,7759285439589208922,2105,3065,3986,768222,4801524,192,2496,688102,30879,657223,47417280,2496,177216,196160,53364388,0,0,4801524,0,0,0,0
86,3927747151045147985,14326285596270872888,2257,3194,4062,765086,5109481,210,2730,704698,37728,666970,48548706,2730,193830,204416,54825581,0,0,5109481,0,0,0,0
87,2490559828448180269,1274096174389150426,2061,3111,4028,767124,4967872,213,2769,708275,38974,669301,48793027,2769,196599,199104,54927754,0,0,4967872,0,0,0,0
88,12310597241526767626,6169451773211654535,2071,3120,4036,754436,5125692,221,2873,714253,40544,673709,49202369,2873,203983,199680,55490196,0,0,5125692,0,0,0,0
89,4670254777196922682,8977123415404240798,2272,3320,4186,776557,4754256,213,2769,711850,43643,668207,49030364,2769,196599,212480,54974442,0,0,4754256,0,0,0,0
90,15825785085970787932,11761380677485834089,2312,3145,4068,783703,4408664,169,2197,688756,37604,651152,47448956,2197,155987,201280,53002658,0,0,4408664,0,0,0,0
91,6764912390002647435,3014557965378192313,1521,2453,3606,661513,3688022,103,1339,475589,10255,465334,32795131,1339,95069,156992,37400333,0,0,3688022,0,0,0,0
92,16983826796895888681,7536200890693945291,2202,3078,3998,749750,4952493,204,2652,701782,35401,666381,48352156,2652,188292,196992,54443681,0,0,4952493,0,0,0,0
93,8088651020318966618,2194267367720589618,2368,3420,4222,787754,4925856,217,2821,715150,43824,671326,49257702,2821,200291,218880,55394705,0,0,4925856,0,0,0,0
94,13415699180734816289,3732729425680382944,2253,3289,4115,771679,5098756,206,2678,706198,37449,668749,48652764,2678,190138,210496,54927948,0,0,5098756,0,0,0,0
95,6279338252731032094,1887704006076891057,2005,3020,3944,774318,4852432,185,2405,680396,27822,652574,46891680,2405,170755,193280,52886409,0,0,4852432,0,0,0,0
96,6897685065739299843,7531328504092341133,1934,2985,3911,762009,4951284,181,2353,668470,20909,647561,46082612,2353,167063,191040,52157919,0,0,4951284,0,0,0,0
97,16233122624032489404,8039177800558608082,2105,3063,3986,768345,4840147,186,2418,689136,31346,657790,47487692,2418,171678,196032,53467880,0,0,4840147,0,0,0,0
98,3661284184810650330,17851859659918538447,2159,3209,4125,789191,4730232,205,2665,704156,37986,666170,48510792,2665,189215,205376,54428931,0,0,4730232,0,0,0,0
99,7689340520339025854,8361813761871384818,2207,3217,4131,788407,4730128,212,2756,708782,40847,667935,48824264,2756,195676,205888,54748494,0,0,4730128,0,0,0,0
100,3960091624786604190,7569933000661292823,2096,3078,3998,754791,5099341,206,2678,700431,34716,665715,48260307,2678,190138,196992,54505567,0,0,5099341,0,0,0,0
101,4670656927620931667,14181596803173254391,1999,3020,3944,766247,4830683,187,2431,685290,29285,656005,47226440,2431,172601,193280,53193195,0,0,4830683,0,0,0,0
102,9300506978581312426,1350367836935304870,2365,3249,4119,763487,4929769,207,2691,706112,38870,667242,48643988,2691,191061,207936,54740360,0,0,4929769,0,0,0,0
103,17640199488338210563,802440088876334594,2231,3161,4078,771903,4916080,209,2717,703381,38813,664568,48455663,2717,192907,202304,54542935,0,0,4916080,0,0,0,0
104,7528972887321522470,8947634756366866687,2269,3281,4143,774955,4918693,213,2769,705250,38853,666397,48584544,2769,196599,209984,54688918,0,0,4918693,0,0,0,0
105,3331301268401570949,11179104202945140617,2139,3033,3956,763166,4872114,191,2483,694006,34160,659846,47818094,2483,176293,194112,53827735,0,0,4872114,0,0,0,0
106,9634326897132195769,9737573833491439735,2164,3124,4043,755279,4782765,198,2574,702197,38010,664187,48375573,2574,182754,199936,54300350,0,0,4782765,0,0,0,0
107,5564694400914521148,13192599877808201160,2150,3168,4083,777287,4971148,216,2808,707156,38776,668380,48716212,2808,199368,202752,54870850,0,0,4971148,0,0,0,0
108,7364351477624240731,11515980236384986636,2262,3120,4036,773533,4939480,216,2808,710016,39592,670424,48911920,2808,199368,199680,55028017,0,0,4939480,0,0,0,0
109,10816362873225505153,13562934150647224734,1421,2028,4247,509512,2739711,67,871,285858,5275,280583,19713652,871,61841,129792,23158755,0,0,2739711,0,0,0,0
110,1504602427833427066,17494325283045092023,2184,3120,4036,750360,4929964,216,2808,706964,38848,668116,48702820,2808,199368,199680,54786228,0,0,4929964,0,0,0,0
111,14630946136997394707,7499687124249330335,2189,3241,4103,778329,5129696,228,2964,715149,41658,673491,49261965,2964,210444,207424,55591961,0,0,5129696,0,0,0,0
112,13716164394356899035,6840346086988944479,2200,3101,4019,754059,4989660,208,2704,706439,37637,668802,48669017,2704,191984,198464,54807203,0,0,4989660,0,0,0,0
113,2401420817805416216,15473241626242985348,2038,3051,3973,773447,4910802,194,2522,688474,28315,660159,47448076,2522,179062,195264,53510624,0,0,4910802,0,0,0,0
114,17693655737688215379,9034970174342985988,2186,3236,4120,779548,4849884,208,2704,710122,41479,668643,48915460,2704,191984,207104,54948100,0,0,4849884,0,0,0,0
115,10293853982205095098,2548786864805232525,1706,2595,3602,705527,3931668,117,1521,510942,14151,496791,35226696,1521,107991,166080,40141564,0,0,3931668,0,0,0,0
116,11797299450381563433,4981985418313192895,1901,2880,3811,743565,4746859,161,2093,646816,20114,626702,44590076,2093,148603,184320,50417234,0,0,4746859,0,0,0,0
117,3019307246554859894,2467476317066320362,2197,3163,4079,761407,4866056,210,2730,710620,40974,669646,48950832,2730,193830,202432,54978636,0,0,4866056,0,0,0,0
118,3945648719323444312,8340174509884755781,2009,3020,3944,770882,5025683,191,2483,683084,24530,658554,47083736,2483,176293,193280,53253818,0,0,5025683,0,0,0,0
119,3571740835977137612,8568961206573942290,1953,2985,3911,759248,4784208,177,2301,673239,23520,649719,46406451,2301,163371,191040,52308229,0,0,4784208,0,0,0,0
120,15688029600598372724,5720259538154688569,2042,3007,3934,785792,4682483,169,2197,665069,29577,635492,45830607,2197,155987,192448,51651251,0,0,4682483,0,0,0,0
121,4809550328998405781,3447708533526052803,1990,2880,3811,743726,4735120,160,2080,648173,19213,628960,44685511,2080,147680,184320,50500168,0,0,4735120,0,0,0,0
122,16673457341036131784,14298680398766734600,2132,3111,4028,775084,4940884,213,2769,700743,35135,665608,48280997,2769,196599,199104,54396696,0,0,4940884,0,0,0,0
123,4709207850192104690,18417227130193309285,2167,3120,4038,771886,4928677,206,2678,703231,37150,666081,48448639,2678,190138,199680,54543058,0,0,4928677,0,0,0,0
124,14987279176759560827,10079778277595310005,1979,2946,3874,755827,4886544,174,2262,661416,21049,640367,45595606,2262,160602,188544,51590997,0,0,4886544,0,0,0,0
125,12455518455682061704,8593739427660388554,2117,3146,4063,762513,4927624,209,2717,697153,34395,662758,48034767,2717,192907,201344,54123218,0,0,4927624,0,0,0,0
126,16166164817434319113,16039466851637927744,2066,2985,3911,752587,4796480,178,2314,683443,32936,650507,47091695,2314,164294,191040,53000007,0,0,4796480,0,0,0,0
127,12283571664785387763,3877277643710428228,2154,3128,4043,756427,4840992,216,2808,708010,38699,669311,48775292,2808,199368,200192,54776314,0,0,4840992,0,0,0,0
128,10640180730474882598,15655919395236699445,1911,2925,3854,758486,4846361,170,2210,669291,27445,641846,46126189,2210,156910,187200,52079000,0,0,4846361,0,0,0,0
129,3812952749990704472,2212017093938771090,2439,3298,4127,769907,4906382,194,2522,697368,37106,660262,48044180,2522,179062,211072,54114730,0,0,4906382,0,0,0,0
130,8985774340266909244,3447487132174722669,2223,3223,4087,765347,5124964,220,2860,713838,41143,672695,49172536,2860,203060,206272,55476266,0,0,5124964,0,0,0,0
131,3906820549000075022,12607135354281993224,1866,2903,3833,753424,4793126,165,2145,655724,18419,637305,45208118,2145,152295,185792,51096588,0,0,4793126,0,0,0,0
132,6751380587087841664,6863978732371042631,2078,3128,4043,759079,4974515,221,2873,712619,40340,672279,49090031,2873,203983,200192,55231843,0,0,4974515,0,0,0,0
133,7488812991156845180,5773145602443517632,2262,3200,4114,760708,4836520,213,2769,709511,40998,668513,48874263,2769,196599,204800,54877004,0,0,4836520,0,0,0,0
134,7821847056005621223,191532722549337480,1423,2210,3879,575203,3192709,82,1066,346773,5918,340855,23915501,1066,75686,141440,27904418,0,0,3192709,0,0,0,0
135,12217153512566328451,12911349674356922468,2181,3090,4009,760487,5109481,210,2730,705949,37556,668393,48635369,2730,193830,197760,54900936,0,0,5109481,0,0,0,0
136,8806254138228182290,12141048397107289109,2156,3204,4120,770419,4771936,206,2678,709116,39969,669147,48849066,2678,190138,205056,54790735,0,0,4771936,0,0,0,0
137,12733111632922560012,5939830085542312002,2262,3120,4036,767910,4939480,216,2808,709479,39503,669976,48875045,2808,199368,199680,54985519,0,0,4939480,0,0,0,0
138,2501735311241351195,3322711624836827434,2169,3180,4045,770805,5088187,203,2639,703422,36843,666579,48462432,2639,187369,203520,54716358,0,0,5088187,0,0,0,0
139,12960487387062707668,18328035585533126377,1975,3014,3940,753386,4549285,169,2197,659523,21168,638355,45464751,2197,155987,192896,51120245,0,0,4549285,0,0,0,0
140,17814072604886395448,1215862796048831778,2073,3111,4028,771648,5121688,217,2821,706371,36968,669403,48665663,2821,200291,199104,54962422,0,0,5121688,0,0,0,0
141,11285652319209009385,11557817986015518936,2284,3137,4058,763766,4738591,186,2418,695676,35194,660482,47931256,2418,171678,200768,53810117,0,0,4738591,0,0,0,0
142,11014088713147922632,847894995652931219,2068,3111,4028,776832,5121051,217,2821,712027,39433,672594,49050997,2821,200291,199104,55352303,0,0,5121051,0,0,0,0
143,406463308745511163,14319036669596667563,2233,3078,3998,769893,5016817,203,2639,702353,35459,666894,48391439,2639,187369,196992,54566508,0,0,5016817,0,0,0,0
144,17534504696866617849,14315662837512484705,2192,3101,4019,751750,5115916,213,2769,703656,36075,667581,48480114,2769,196599,198464,54746862,0,0,5115916,0,0,0,0
145,13198556944138723303,15078950454953880413,2121,3167,4083,747094,4920760,212,2756,706231,37288,668943,48655363,2756,195676,202688,54725664,0,0,4920760,0,0,0,0
146,5770311749891783580,12008452308575766238,1794,2778,3713,722564,4410341,142,1846,607159,16410,590749,41861151,1846,131066,177792,47306627,0,0,4410341,0,0,0,0
147,15785516674910074395,11053004304439769334,1556,2561,3671,686948,4061356,118,1534,504284,12232,492052,34771132,1534,108914,163904,39795925,0,0,4061356,0,0,0,0
148,13721158072033547493,15541261378078459544,2224,3200,4072,774402,5115253,214,2782,709934,40277,669657,48904892,2782,197522,204800,55200941,0,0,5115253,0,0,0,0
149,17324773251166613531,9946066183996860796,1586,2561,3621,695198,4061356,118,1534,506211,11213,494998,34906133,1534,108914,163904,39939126,0,0,4061356,0,0,0,0
150,562156214216318010,245996296028465657,2300,3262,4132,752223,4971876,217,2821,714195,42424,671771,49194607,2821,200291,208768,55331897,0,0,4971876,0,0,0,0
151,9961359178523252267,18309433531818418401,1983,3035,3962,769129,4362722,157,2041,678107,34795,643312,46719793,2041,144911,194240,52194757,0,0,4362722,0,0,0,0
152,15648529573482083226,7851261184791914452,1369,2210,3585,585798,3192709,82,1066,392919,8200,384719,27095011,1066,75686,141440,31094229,0,0,3192709,0,0,0,0
153,5720364722347541976,15850302087332571123,2232,3090,4009,753258,4927117,205,2665,702169,37254,664915,48375153,2665,189215,197760,54446512,0,0,4927117,0,0,0,0
154,1849194904166726695,626176201204369175,2285,3334,4213,792871,4576052,213,2769,715731,44084,671647,49297271,2769,196599,213376,55080382,0,0,4576052,0,0,0,0
155,1710160193251210002,18142564493873951286,2246,3299,4132,763657,5121324,217,2821,710218,38959,671259,48927124,2821,200291,211136,55227664,0,0,5121324,0,0,0,0
156,9689031059872497038,7085542128766261015,2197,3070,3945,765995,4915677,177,2301,693704,34716,658988,47796144,2301,163371,196480,53841612,0,0,4915677,0,0,0,0
157,16465286939974686827,9697624342421021527,2149,3084,3956,766370,4641650,165,2145,666449,24406,642043,45936169,2145,152295,197376,51697816,0,0,4641650,0,0,0,0
158,4411765945603959182,16782582044104339274,2227,3276,4188,780406,4622267,213,2769,714221,43957,670264,49193335,2769,196599,209664,55006459,0,0,4622267,0,0,0,0
159,11070633886158185775,16971923361860351802,2196,3237,4095,777713,4949737,205,2665,706635,38858,667777,48680099,2665,189215,207168,54808027,0,0,4949737,0,0,0,0
160,5918379027175537722,8468490517601503811,2216,3154,4034,766738,4834687,195,2535,705161,38450,666711,48579209,2535,179985,201856,54566509,0,0,4834687,0,0,0,0
161,17073609758125032840,11398668048811166024,1946,2985,3911,767439,4743024,176,2288,662431,23382,639049,45660975,2288,162448,191040,51528837,0,0,4743024,0,0,0,0
162,10020226892100438581,16432856621190969782,2098,3111,4028,757075,4936204,213,2769,709235,39067,670168,48859081,2769,196599,199104,54952091,0,0,4936204,0,0,0,0
163,9526698960501645321,1013601231783566404,2025,3078,3998,753653,4909125,202,2626,700290,34622,665668,48250766,2626,186446,196992,54300980,0,0,4909125,0,0,0,0
164,2533986941498802589,1500324027073107818,1673,2721,3780,721924,4408742,137,1781,555209,10977,544232,38287467,1781,126451,174144,43722508,0,0,4408742,0,0,0,0
165,17485614095053154515,13111731989407934686,2261,3311,4182,782523,4811651,217,2821,713833,43232,670601,49168013,2821,200291,211904,55178564,0,0,4811651,0,0,0,0
166,11103865399866589307,14558926658354674674,2084,3003,3928,751842,4796636,182,2366,687897,30249,657648,47404395,2366,167986,192192,53316979,0,0,4796636,0,0,0,0
167,16623614656953444986,147268614842181855,2039,3090,4009,758825,4951297,206,2678,692829,28753,664076,47747695,2678,190138,197760,53849724,0,0,4951297,0,0,0,0
168,17401659601693164384,16527813106031257436,2140,3175,4089,759758,4761744,217,2821,713734,42061,671673,49163524,2821,200291,203200,55092606,0,0,4761744,0,0,0,0
169,11049669878503412000,16063820501820573719,2261,3275,4145,779564,4751864,216,2808,711825,42231,669594,49031463,2808,199368,209600,54976004,0,0,4751864,0,0,0,0
170,8244986667504475031,10754805406405138243,2148,3138,4057,763820,4906980,201,2613,693573,31541,662032,47793455,2613,185523,200832,53854667,0,0,4906980,0,0,0,0
171,1788616718346399265,13540069992716016993,1805,2628,3568,714995,4198441,125,1625,545744,17822,527922,37620692,1625,115375,168192,42821263,0,0,4198441,0,0,0,0
172,12396976212410918861,15618144622985343343,1972,2985,3911,756781,4803760,179,2327,675510,26038,649472,46558114,2327,165217,191040,52478823,0,0,4803760,0,0,0,0
173,16873111731406148719,17334438516627880203,2219,3120,4036,757050,4966780,216,2808,709292,39083,670209,48862982,2808,199368,199680,54989896,0,0,4966780,0,0,0,0
174,4371287800040429725,13267493038963940101,2446,3303,4159,772611,4687462,206,2678,710540,41719,668821,48943822,2678,190138,211392,54809584,0,0,4687462,0,0,0,0
175,8209346093335103303,2135189622880030305,2468,3430,4241,795902,4554836,209,2717,711324,44599,666725,48992158,2717,192907,219520,54759564,0,0,4554836,0,0,0,0
176,14255313208860801240,647758609544441566,2312,3251,4127,779149,4930432,209,2717,707029,39891,667138,48705219,2717,192907,208064,54819898,0,0,4930432,0,0,0,0
177,18351372482318773415,14408950029291211442,2203,3241,4120,791484,4928677,206,2678,693677,31966,661711,47799781,2678,190138,207424,53921624,0,0,4928677,0,0,0,0
178,5333569916276211838,11512634652122347803,2072,3065,3986,758707,5086042,202,2626,692408,28408,664000,47719336,2626,186446,196160,53950677,0,0,5086042,0,0,0,0
179,14839730370691303348,4932630096812509500,1886,2880,3811,757860,4735120,160,2080,660329,25041,635288,45512619,2080,147680,184320,51341410,0,0,4735120,0,0,0,0
180,8494664764710398551,17639608183651404800,1140,1326,8326,169170,720668,15,195,71758,1064,70694,4949174,195,13845,84864,5946047,0,0,720668,0,0,0,0
181,8810377357959095360,18338137589035586239,2301,3171,4044,776187,5086042,202,2626,702407,36575,665832,48392933,2626,186446,202944,54648596,0,0,5086042,0,0,0,0
182,13347861167049037999,9074521972228313027,1897,2880,3811,765654,4735120,160,2080,642353,20433,621920,44281491,2080,147680,184320,50118076,0,0,4735120,0,0,0,0
183,3415214943306286275,13867494409271149955,2135,3145,4062,761024,4980144,210,2730,703028,36144,666884,48436644,2730,193830,201280,54576984,0,0,4980144,0,0,0,0
184,1542034587360853647,15446538216244248719,2281,3213,4081,763015,5118724,216,2808,707552,38158,669394,48744772,2808,199368,205632,55035592,0,0,5118724,0,0,0,0
185,7041236488380273089,13099322147041779053,2037,3036,3959,765518,4880187,189,2457,686496,27624,658872,47312976,2457,174447,194304,53331391,0,0,4880187,0,0,0,0
186,6577698462137654446,8323917893503605736,2286,3178,4093,765893,4930692,217,2821,709399,39791,669608,48868949,2821,200291,203392,54973310,0,0,4930692,0,0,0,0
187,11309444907707955184,16885509663951039723,1445,2075,4267,530721,2836236,70,910,336595,5676,330919,23213703,910,64610,132800,26782337,0,0,2836236,0,0,0,0
188,9315095082053299105,14841345286983210089,2048,3045,3970,772531,4756284,177,2301,677843,28946,648897,46713275,2301,163371,194880,52604311,0,0,4756284,0,0,0,0
189,10441608174670523033,11011808356648366107,1810,2805,3739,738944,4377360,144,1872,628534,17963,610571,43332920,1872,132912,179520,48765395,0,0,4377360,0,0,0,0
190,3211213526803787105,10357062484345137113,2248,3056,3980,763469,4806152,182,2366,692105,35373,656732,47684499,2366,167986,195584,53621670,0,0,4806152,0,0,0,0
191,5014579224550413418,10035172834949067400,2190,3120,4036,769897,5124964,220,2860,711940,39930,672010,49044000,2860,203060,199680,55345637,0,0,5124964,0,0,0,0
192,6776110149503520123,7083752154176144988,1858,2870,3804,735828,3879096,126,1638,598654,22101,576553,41262924,1638,116298,183680,46181630,0,0,3879096,0,0,0,0
193,7437459860575075213,4812051224455040954,2052,2966,3893,756734,4778813,173,2249,676588,26536,650052,46631500,2249,159679,189824,52520443,0,0,4778813,0,0,0,0
194,6415209840824992977,10220443444804829316,2325,3065,3986,764677,4879628,196,2548,697050,35832,661218,48024786,2548,180908,196160,54050145,0,0,4879628,0,0,0,0
195,13482969421180024189,1214149485844130102,2315,3338,4196,785277,4767620,220,2860,715978,44378,671600,49313726,2860,203060,213632,55287511,0,0,4767620,0,0,0,0
196,9537082997228313597,15030035565446482472,2072,3120,4036,759370,4929964,216,2808,702804,35415,667389,48422646,2808,199368,199680,54515064,0,0,4929964,0,0,0,0
197,10133171182378550604,5096247385397886315,2061,3111,4028,765011,5122416,218,2834,709027,37081,671946,48848701,2834,201214,199104,55140474,0,0,5122416,0,0,0,0
198,4528660790043124283,11455974971819231587,1975,2982,3912,772991,4093492,141,1833,637524,25182,612342,43938792,1833,130143,190848,49130178,0,0,4093492,0,0,0,0
199,16361428497044398582,11850576811592386646,2367,3174,4093,755014,4711746,193,2509,701736,38894,662842,48341996,2509,178139,203136,54194124,0,0,4711746,0,0,0,0
200,14106406521528181157,7080199542366595564,2396,3373,4186,797613,4930380,212,2756,713139,44087,669052,49118417,2756,195676,215872,55262144,0,0,4930380,0,0,0,0
201,8559632108082708792,8239291362840322027,2059,3111,4028,756424,4967872,213,2769,702382,33287,669095,48397784,2769,196599,199104,54521811,0,0,4967872,0,0,0,0
202,10235639668083527071,7031333035478191959,2095,3111,4028,765540,4939792,212,2756,709100,39521,669579,48848858,2756,195676,199104,54952998,0,0,4939792,0,0,0,0
203,17337525345261072769,15646881610595170101,2086,3111,4028,755850,4926688,213,2769,712117,40404,671713,49055265,2769,196599,199104,55137534,0,0,4926688,0,0,0,0
204,12097651746612328543,17890773269218254257,2173,3155,4072,770807,4942756,208,2704,705892,39006,666886,48628536,2704,191984,201920,54740075,0,0,4942756,0,0,0,0
205,16676085119046435535,15013072009483874525,1953,2946,3874,763420,4718272,168,2184,667001,22047,644954,45978975,2184,155064,188544,51808149,0,0,4718272,0,0,0,0
206,10866156254071543518,9906318147215904968,1902,2880,3811,743943,4735120,160,2080,647996,23706,624290,44664312,2080,147680,184320,50479186,0,0,4735120,0,0,0,0
207,2718174764656399564,16194098459066165315,1722,2628,3626,703339,4216160,126,1638,520883,13922,506961,35913083,1638,116298,168192,41120698,0,0,4216160,0,0,0,0
208,3631052024434557855,11037040095423205855,2174,3217,4132,776613,4690816,204,2652,710432,42324,668108,48935160,2652,188292,205888,54800901,0,0,4690816,0,0,0,0
209,11941522460368476046,13908194514457902498,2023,3065,3986,757320,5083182,201,2613,689212,26141,663071,47503346,2613,185523,196160,53729517,0,0,5083182,0,0,0,0
210,6554022297751810779,7958197456281126054,2222,3020,3944,771455,5020951,190,2470,696508,36127,660381,47986798,2470,175370,193280,54151798,0,0,5020951,0,0,0,0
211,15494444564763743065,9159752534916920504,1932,2903,3833,757827,4652102,161,2093,661814,24931,636883,45615304,2093,148603,185792,51363461,0,0,4652102,0,0,0,0
212,16050511539404471018,12917268637136329653,2571,3495,4254,785743,4789226,214,2782,717572,46417,671155,49419634,2782,197522,223680,55420059,0,0,4789226,0,0,0,0
213,11999199269000501034,12564442278715217772,2042,3078,3998,751003,5015257,202,2626,704298,37205,667093,48522152,2626,186446,196992,54675848,0,0,5015257,0,0,0,0
214,4650961466378577745,3448202317708461514,2078,3128,4043,764134,4982640,220,2860,710309,40026,670283,48931269,2860,203060,200192,55085338,0,0,4982640,0,0,0,0
215,11043087000247889422,8193957176541453851,1765,2778,3735,748050,4560361,147,1911,591492,15434,576058,40782080,1911,135681,177792,46407699,0,0,4560361,0,0,0,0
216,2029444969724355239,488691689131975455,1862,2778,3713,731630,4533321,145,1885,649081,23694,625387,44739201,1885,133835,177792,50319492,0,0,4533321,0,0,0,0
217,3225973761914549284,10655336118788066480,1415,1931,4746,467571,2410772,57,741,268414,4348,264066,18511870,741,52611,123584,21571154,0,0,2410772,0,0,0,0
218,16492979534452021254,16543480866156719309,1704,2721,3714,737234,4291365,134,1742,575167,16389,558778,39653745,1742,123682,174144,44983884,0,0,4291365,0,0,0,0
219,1569666368328568087,4867392230202029205,2182,3078,3998,744673,4909125,202,2626,700719,35425,665294,48278761,2626,186446,196992,54319995,0,0,4909125,0,0,0,0
220,16398644608846298513,2701887606515983039,2125,3128,4043,778640,4942392,220,2860,708997,38484,670513,48843825,2860,203060,200192,54972152,0,0,4942392,0,0,0,0
221,13586422869136880805,14556489882492421217,2236,3214,4061,778849,4470050,161,2093,662891,28517,634374,45682445,2093,148603,205696,51289704,0,0,4470050,0,0,0,0
222,15902998009659084682,15454916156942906304,2061,3111,4028,761993,4925596,212,2756,706024,37785,668239,48640086,2756,195676,199104,54726483,0,0,4925596,0,0,0,0
223,9666295597485576539,16764621473967624016,2304,3325,4236,780735,4420000,208,2704,711514,43921,667593,49006624,2704,191984,212800,54616379,0,0,4420000,0,0,0,0
224,7678739181936081838,14415212288215739177,2129,3183,4052,767132,4829552,185,2405,680328,25236,655092,46892160,2405,170755,203712,52867363,0,0,4829552,0,0,0,0
225,9432103679564050389,4980625184169988479,1421,2253,3777,593164,3303820,86,1118,429866,5478,424388,29649798,1118,79378,144192,33774129,0,0,3303820,0,0,0,0
226,3446449457893232143,8986253718803070587,268,268,4543,0,0,0,0,0,0,0,0,0,0,17152,21695,0,0,0,0,0,0,0
227,15691641590656322157,8749229263130505845,1986,3036,3959,746254,5036876,192,2496,688624,28364,660260,47458328,2496,177216,194304,53616937,0,0,5036876,0,0,0,0
228,9319254158117973237,903519986942246539,2038,3003,3928,739761,4997551,187,2431,680891,24857,656034,46931765,2431,172601,192192,53037798,0,0,4997551,0,0,0,0
229,16336949934302145361,8316609961820954889,2057,3003,3928,744284,4812067,183,2379,675678,23599,652079,46574584,2379,168909,192192,52495964,0,0,4812067,0,0,0,0
230,3281250192952145694,7195235229999917580,1432,1863,5858,406962,2305004,54,702,222206,3671,218535,15324872,702,49842,119232,18211770,0,0,2305004,0,0,0,0
231,8924819577034230883,13825481932254482092,1867,2856,3788,743988,4685356,156,2028,654406,21780,632626,45110454,2028,143988,182784,50870358,0,0,4685356,0,0,0,0
232,11915416379263865831,384949111756493540,2119,2966,3893,756418,4915677,177,2301,685506,31816,653690,47236282,2301,163371,189824,53265465,0,0,4915677,0,0,0,0
233,9653649054807012619,16885251415535719908,1729,2453,3398,662557,3781986,105,1365,471368,16697,454671,32490998,1365,96915,156992,37192846,0,0,3781986,0,0,0,0
234,3138041299098866087,15849417364265759712,2230,3283,4146,763792,4939480,224,2912,715856,42825,673031,49308414,2912,206752,210112,55432696,0,0,4939480,0,0,0,0
235,16753188377842897000,2728433029987132875,2170,3222,4096,762718,5124964,220,2860,711914,40510,671404,49041046,2860,203060,206208,55342092,0,0,5124964,0,0,0,0
236,3328286086532902559,12971464107881059143,1932,2903,3833,740191,4661332,160,2080,633361,23545,609816,43654819,2080,147680,185792,49393647,0,0,4661332,0,0,0,0
237,9275925105439090895,3372680258924738339,291,291,5495,0,0,0,0,0,0,0,0,0,0,18624,24119,0,0,0,0,0,0,0
238,8193784623427691163,7115968522621564155,2219,3090,4009,756620,5007717,206,2678,705129,37225,667904,48579451,2678,190138,197760,54735695,0,0,5007717,0,0,0,0
239,1768736439080339367,10558052210428153711,2094,3128,4043,779073,5127876,224,2912,713212,40401,672811,49130826,2912,206752,200192,55448762,0,0,5127876,0,0,0,0
240,6674779126626003031,13768328417642704931,1282,1553,5936,285749,1381536,30,390,109353,1984,107369,7541389,390,27690,99392,9341692,0,0,1381536,0,0,0,0
241,2122288897910369108,3299237890854922676,2131,3179,4075,752769,5125692,221,2873,711350,38994,672356,49005162,2873,203983,203456,55295137,0,0,5125692,0,0,0,0
242,10099787963837597941,10339124551659812454,1409,2028,3687,510729,2709525,66,858,320672,5799,314873,22114770,858,60918,129792,25529421,0,0,2709525,0,0,0,0
243,8346121696495311219,3171813825948000322,2227,3065,3986,758797,5083182,201,2613,701481,35499,665982,48331191,2613,185523,196160,54558839,0,0,5083182,0,0,0,0
244,1084359330546719196,18128718178225437009,1235,1778,3430,405604,2014480,46,598,206290,5304,200986,14223402,598,42458,113792,16803166,0,0,2014480,0,0,0,0
245,8883599725883024343,11002074877562057161,2225,3085,3966,781697,4951284,181,2353,682414,29745,652669,47027076,2353,167063,197440,53128526,0,0,4951284,0,0,0,0
246,4008051880738627984,14459588898743519670,2672,3642,4372,794160,4925856,217,2821,718157,48347,669810,49456139,2821,200291,233088,55613906,0,0,4925856,0,0,0,0
247,15728654742979675289,13250174869641725996,274,274,5179,0,0,0,0,0,0,0,0,0,0,17536,22715,0,0,0,0,0,0,0
248,15816593517690241029,2800977842562213134,2113,3078,3998,763129,4949841,202,2626,694256,33212,661044,47837240,2626,186446,196992,53937646,0,0,4949841,0,0,0,0
249,2208128961106589188,2606118932714617657,2075,3020,3944,780705,5015036,189,2457,685214,27940,657274,47223886,2457,174447,193280,53391298,0,0,5015036,0,0,0,0
250,4857330096602240005,12159453612858042431,2162,3090,4009,755179,5107921,209,2717,702382,35942,666440,48392474,2717,192907,197760,54650250,0,0,5107921,2560,0,0,0
251,4665043783636201592,13017211699510722420,2142,3090,4009,770005,4937413,206,2678,703049,36294,666755,48437793,2678,190138,197760,54537118,0,0,4937413,0,0,0,0
252,15999134343165671571,5632230250015511560,2246,3090,4009,757315,4964752,204,2652,702710,37077,665633,48412836,2652,188292,197760,54524964,0,0,4964752,0,0,0,0
253,7701222915981079604,3293954715358315015,1846,2750,3686,749199,4487184,142,1846,572947,16684,556263,39499975,1846,131066,176000,45047110,0,0,4487184,0,0,0,0
254,13464825739442186896,8246058021133902604,1529,2415,3971,656490,3732963,103,1339,467836,7920,459916,32264844,1339,95069,154560,36907897,0,0,3732963,0,0,0,0
255,3203300778566748,5785492379367987015,2077,3128,4043,766193,4932876,220,2860,705228,35209,670019,48590314,2860,203060,200192,54696678,0,0,4932876,0,0,0,0
256,3770740330407608811,11593671424157495591,2326,3327,4141,778483,5125692,221,2873,718108,43919,674189,49461614,2873,203983,212928,55786841,0,0,5125692,0,0,0,0
257,1641173139798643780,1506785141273938096,1665,2628,3612,713628,4216160,126,1638,547076,13619,533457,37721006,1638,116298,168192,42938896,0,0,4216160,0,0,0,0
258,811613262287202028,11955019994029081051,2061,3111,4028,752021,4935112,212,2756,696661,31381,665280,48006847,2756,195676,199104,54092788,0,0,4935112,0,0,0,0
259,14740668173646600279,13309537726384659135,2000,3051,3973,744493,4869150,194,2522,680511,23087,657424,46909085,2522,179062,195264,52901027,0,0,4869150,0,0,0,0
260,17579750161965797524,11361670073991240008,2165,3065,3986,755406,5086042,202,2626,697312,32704,664608,48049120,2626,186446,196160,54277160,0,0,5086042,0,0,0,0
261,5236397370953051573,5412380164025586366,2180,3128,4046,780648,4918992,205,2665,699393,34625,664768,48188867,2665,189215,200192,54281960,0,0,4918992,0,0,0,0
262,11221765615242657808,17661698930903386837,2315,3264,4113,769202,5121688,217,2821,709787,39946,669841,48895411,2821,200291,208896,55199601,0,0,5121688,0,0,0,0
263,12974079008421453896,1948296800377661150,2111,3101,4019,743309,5117008,214,2782,708840,38188,670652,48833584,2782,197522,198464,55093906,0,0,5117008,0,0,0,0
264,1071668844152723214,1208113928173894247,2200,3253,4100,775492,4897386,194,2522,689669,27594,662075,47531973,2522,179062,208192,53596205,0,0,4897386,0,0,0,0
265,13779499061222273634,1863435658318004686,1997,3020,3944,755276,4835467,186,2418,686235,30851,655384,47288513,2418,171678,193280,53248158,0,0,4835467,0,0,0,0
266,15638715964544010036,2977539012741993297,2015,3065,3986,741547,4921280,196,2548,681635,23594,658041,46985627,2548,180908,196160,53029508,0,0,4921280,0,0,0,0
267,3057382260254830443,11747293076854846449,2116,3166,4080,764519,4800796,216,2808,706837,38253,668584,48695247,2808,199368,202624,54666634,0,0,4800796,0,0,0,0
268,8870918298014257224,18051224744993120782,2211,3246,4111,760024,4944420,212,2756,706927,38108,668819,48701747,2756,195676,207744,54813722,0,0,4944420,0,0,0,0
269,18402386574753259472,17570283876732710525,1885,2805,3739,740482,4577196,148,1924,602824,19756,583068,41555344,1924,136604,179520,47192885,0,0,4577196,0,0,0,0
270,15343315987897393952,7370458862223200914,1235,1445,12543,226659,838448,18,234,80159,1812,78347,5527347,234,16614,92480,6714091,0,0,838448,0,0,0,0
271,5538621780933029553,2950211366301047372,2105,2985,3911,765200,4780880,179,2327,688334,32972,655362,47429102,2327,165217,191040,53335350,0,0,4780880,0,0,0,0
272,16521342504569641678,5343561646653188817,2028,3003,3928,755145,4852783,184,2392,675678,23933,651745,46573916,2392,169832,192192,52547796,0,0,4852783,0,0,0,0
273,13522933415267144956,10911863746326494106,2220,3051,3973,767312,5068986,198,2574,698021,32458,665563,48098533,2574,182754,195264,54316822,0,0,5068986,0,0,0,0
274,12496714450401978767,322205922198901594,2183,3021,3948,768740,4482244,160,2080,672865,31717,641148,46364251,2080,147680,193344,51960207,0,0,4482244,0,0,0,0
275,15262024628088753753,5631166383217236024,1925,2966,3893,757606,4751097,175,2275,647807,16633,631174,44665417,2275,161525,189824,50529362,0,0,4751097,0,0,0,0
276,6817758444646984927,7814173076904230168,1976,2778,3713,748715,4547205,146,1898,627103,22687,604416,43224733,1898,134758,177792,48836916,0,0,4547205,0,0,0,0
277,13154974048115677183,3711724961475808256,2126,3174,4089,759052,4948788,216,2808,708659,38909,669750,48819653,2808,199368,203136,54934086,0,0,4948788,0,0,0,0
278,2603540668350167723,9329798190077736508,2052,3101,4022,763663,4876846,195,2535,679221,22576,656645,46821097,2535,179985,198464,52844077,0,0,4876846,0,0,0,0
279,2713645569300799418,1724545345550310877,1552,2561,3593,696388,4061356,118,1534,527523,12219,515304,36374649,1534,108914,163904,41408804,0,0,4061356,0,0,0,0
280,1397327276398224185,13931963019850612491,2429,3409,4235,789558,4579224,212,2756,714517,44165,670352,49213343,2756,195676,218176,55000212,0,0,4579224,0,0,0,0
281,2766562979623221596,17310199523892426500,172,172,3209,0,0,0,0,0,0,0,0,0,0,11008,14217,0,0,0,0,0,0,0
282,3740357793740193724,11127915756620121507,2028,3065,3986,764027,4997187,199,2587,688130,27749,660381,47425472,2587,183677,196160,53570509,0,0,4997187,0,0,0,0
283,10845892320993320138,10095491693303702698,2302,3246,4111,762887,4802122,191,2483,700606,36726,663880,48268362,2483,176293,207744,54221519,0,0,4802122,0,0,0,0
284,7620709682983035298,8671651747174168995,2135,3101,4019,742971,4938180,208,2704,706236,38082,668154,48654120,2704,191984,198464,54729738,0,0,4938180,0,0,0,0
285,18420680668191183962,2190245066011824058,2090,3120,4036,778875,4940208,217,2821,711710,40309,671401,49027372,2821,200291,199680,55150462,0,0,4940208,0,0,0,0
286,2325670906741872318,2932370390555099679,2044,3020,3944,754795,5015036,189,2457,686592,28411,658181,47318026,2457,174447,193280,53459528,0,0,5015036,0,0,0,0
287,5357299776179764107,3920371048730631983,2084,3135,4049,761220,5008952,224,2912,713950,40739,673211,49181072,2912,206752,200640,55362685,0,0,5008952,0,0,0,0
288,15309077097523702307,3848686530299140951,2183,3214,4077,768184,5114356,212,2756,705859,37721,668138,48628829,2756,195676,205696,54916818,0,0,5114356,0,0,0,0
289,6687752009926031224,14342466247756464436,2363,3383,4201,783033,4962360,216,2808,714974,43816,671158,49245574,2808,199368,216512,55411048,0,0,4962360,0,0,0,0
290,16741065566866901963,17290245346803647884,2153,3182,4096,762720,4770584,216,2808,713212,42715,670497,49126198,2808,199368,203648,55066614,0,0,4770584,0,0,0,0
291,7248189349028393822,15737116640884721357,2128,3065,3986,778884,5086042,202,2626,701377,34875,666502,48325263,2626,186446,196160,54576781,0,0,5086042,0,0,0,0
292,9704385120430894647,6031114413898164429,2329,3377,4192,789104,4935476,217,2821,716314,43820,672494,49338026,2821,200291,216128,55483217,0,0,4935476,0,0,0,0
293,3844575062029217760,9170219803539385634,2081,3065,3986,752332,4945018,198,2574,696344,33482,662862,47980772,2574,182754,196160,54061022,0,0,4945018,0,0,0,0
294,6776863253534648972,10435877813941030881,1760,2805,3751,729903,4440332,144,1872,615981,16502,599479,42469685,1872,132912,179520,47956103,0,0,4440332,0,0,0,0
295,15558819834572950855,14218941868678451109,1985,3003,3928,771907,4829032,182,2366,684853,27625,657228,47199607,2366,167986,192192,53164652,0,0,4829032,0,0,0,0
296,14098591494167229446,5989376415264597264,2047,3028,3954,774153,4724265,174,2262,681832,30349,651483,46985710,2262,160602,193792,52842476,0,0,4724265,0,0,0,0
297,16684938710822976118,17257975781106190901,2295,3078,3998,765144,4972201,203,2639,703749,37560,666189,48483561,2639,187369,196992,54609265,0,0,4972201,0,0,0,0
298,13863884631187765155,16158584587142630905,2472,3375,4200,782940,4740203,213,2769,714789,44540,670249,49231361,2769,196599,216000,55171303,0,0,4740203,0,0,0,0
299,1143358531381596915,5261741016097000221,2136,3169,4084,760756,4929600,217,2821,712029,40842,671187,49048317,2821,200291,202816,55145864,0,0,4929600,0,0,0,0
300,16983893493988057144,10547037379531117094,2026,3078,3998,767020,5100901,207,2691,695050,29675,665375,47899100,2691,191061,196992,54159072,0,0,5100901,0,0,0,0
301,1724518686776498143,12345625233637673278,2366,3259,4125,756092,4925700,209,2717,709175,41109,668066,48850857,2717,192907,208576,54938257,0,0,4925700,0,0,0,0
302,8538896548090692507,11476233216775073514,2248,3279,4120,748952,5124964,220,2860,712785,41332,671453,49099501,2860,203060,209856,55390453,0,0,5124964,0,0,0,0
303,5414849337552919299,3999666577308628726,2232,3120,4036,782101,5125692,221,2873,710843,38716,672127,48970735,2873,203983,199680,55286227,0,0,5125692,0,0,0,0
304,5753652621297339322,3915965014802840203,2063,3101,4019,727083,4967508,210,2730,704657,37463,667194,48546407,2730,193830,198464,54637311,0,0,4967508,0,0,0,0
305,13959956551240721426,3741425696857813882,1443,2210,3659,574593,3047473,79,1027,385586,6745,378841,26591944,1027,72917,141440,30432026,0,0,3047473,0,0,0,0
306,5951885681511492754,6542502912826058247,2096,3128,4043,765047,5127876,224,2912,712309,39431,672878,49070459,2912,206752,200192,55374369,0,0,5127876,0,0,0,0
307,14096157529361104145,6569635787287180949,2186,3147,4067,772028,4732286,190,2470,697504,35358,662146,48057060,2470,175370,201408,53942219,0,0,4732286,0,0,0,0
308,10995625614851936462,6950738094732830728,2228,3065,3986,764706,5083182,201,2613,696579,31577,665002,48000797,2613,185523,196160,54234354,0,0,5083182,0,0,0,0
309,2482182704636653382,10104693727598757017,2140,3090,4009,765842,4910737,207,2691,705981,38339,667642,48636011,2691,191061,197760,54705420,0,0,4910737,0,0,0,0
310,5441177358497796648,13954766467866216378,2068,3111,4028,759489,5003752,212,2756,695572,30842,664730,47932784,2756,195676,199104,54094833,0,0,5003752,0,0,0,0
311,10594619803076971035,9119474583077129898,2034,3003,3928,762345,4991636,186,2418,683738,26168,657570,47125586,2418,171678,192192,53247365,0,0,4991636,0,0,0,0
312,6087995028302807018,7880013623741571835,2184,3128,4043,753318,5127876,224,2912,712611,39737,672874,49090685,2912,206752,200192,55382866,0,0,5127876,0,0,0,0
313,13157498791441590363,15424292367306605315,2119,3078,3998,770390,5099341,206,2678,699500,35065,664435,48195370,2678,190138,196992,54456229,0,0,5099341,0,0,0,0
314,4140354337515438600,18077851505513851272,2020,3051,3973,749826,4870268,193,2509,687985,29027,658958,47412911,2509,178139,195264,53410381,0,0,4870268,0,0,0,0
315,8790324440253869243,5279116714665666640,2199,3154,4037,751258,4953598,201,2613,703081,38029,665052,48436531,2613,185523,201856,54532803,0,0,4953598,0,0,0,0
316,16033494607729759540,7667915094425055471,1987,3036,3959,770612,5042791,193,2509,687745,27029,660716,47400347,2509,178139,194304,53590152,0,0,5042791,0,0,0,0
317,8752774043967305422,11449885034954060762,1379,2028,3613,497953,2678351,65,845,315166,7108,308058,21732238,845,59995,129792,25101942,0,0,2678351,0,0,0,0
318,1617876536608997945,5731813688328998444,2133,3111,3983,769621,4991636,186,2418,685942,26563,659379,47276872,2418,171678,199104,53412894,0,0,4991636,0,0,0,0
319,11783616977204820698,6985039572837061153,2111,3135,4049,769525,4984460,224,2912,714232,41184,673048,49199640,2912,206752,200640,55365066,0,0,4984460,0,0,0,0
320,6559492945288675383,5337011497229669821,2146,3090,4009,770915,4988932,204,2652,699444,33025,666419,48195586,2652,188292,197760,54345494,0,0,4988932,0,0,0,0
321,12305242939273486517,15599086108363239615,2237,3101,4019,771629,4935112,209,2717,704786,37226,667560,48555782,2717,192907,198464,54657913,0,0,4935112,0,0,0,0
322,12908446579899175636,3156590284762386376,2145,3166,4054,761586,5107336,210,2730,701139,32991,668148,48312609,2730,193830,202624,54582039,0,0,5107336,0,0,0,0
323,16901059007659922422,9734628091030769953,2053,3106,4027,761646,4883775,196,2548,692727,30965,661762,47736233,2548,180908,198784,53765373,0,0,4883775,0,0,0,0
324,4922858970751481929,16126035374291535575,2369,3243,4120,759613,4754724,210,2730,709548,41208,668340,48876396,2730,193830,207552,54796235,0,0,4754724,0,0,0,0
325,3362611848888048773,6362670672328270513,2236,3120,4036,767608,4957888,216,2808,709802,39100,670702,48898138,2808,199368,199680,55026718,0,0,4957888,0,0,0,0
326,7122687477757991286,3474675196808305828,2210,3186,4100,765353,4942392,220,2860,711540,41695,669845,49012870,2860,203060,203904,55131679,0,0,4942392,0,0,0,0
327,6923307926486974913,5147259662232877942,2142,3128,4043,772505,4965272,220,2860,705058,36888,668170,48575226,2860,203060,200192,54720298,0,0,4965272,0,0,0,0
328,14543759518216842298,7439737646637638471,2155,3191,4078,784197,5115916,213,2769,706438,37894,668544,48668434,2769,196599,204224,54973448,0,0,5115916,0,0,0,0
329,3526120906025846912,2463920764420611332,2183,2946,3874,772657,4877483,173,2249,682584,29802,652782,47038692,2249,159679,188544,53040929,0,0,4877483,0,0,0,0
330,13105054135411926411,6989798718944266944,2128,3131,4050,767597,4904341,202,2626,699755,35136,664619,48212823,2626,186446,200384,54275641,0,0,4904341,0,0,0,0
331,10428491862727895118,7659091452287278377,2035,3020,3944,764945,5020951,190,2470,680951,24942,656009,46935735,2470,175370,193280,53094225,0,0,5020951,0,0,0,0
332,13804446188507661559,8939308683032685797,2362,3269,4144,748787,4789096,216,2808,715099,42950,672149,49255931,2808,199368,209216,55206542,0,0,4789096,0,0,0,0
333,6396824164812931943,7003166169122271197,2277,3238,4071,771534,4869150,194,2522,703624,39048,664576,48471960,2522,179062,207232,54503009,0,0,4869150,0,0,0,0
334,10148263954741301844,4186276319997746374,1990,3003,3928,758400,4796636,182,2366,682335,26948,655387,47027219,2366,167986,192192,52946361,0,0,4796636,0,0,0,0
335,3477990544745926582,6510059384096988355,1882,2750,3686,736605,4472559,141,1833,596625,21108,575517,41124909,1833,130143,176000,46643902,0,0,4472559,0,0,0,0
336,13231701053928365568,4672569768871439808,2051,3087,4006,753345,5101720,210,2730,701183,35492,665691,48310643,2730,193830,197568,54561112,0,0,5101720,0,0,0,0
337,8844698145932292901,356680768898288890,2089,3078,3998,756303,5099341,206,2678,700363,33553,666810,48257941,2678,190138,196992,54504713,0,0,5099341,0,0,0,0
338,7161356552888137975,7094107007632600994,2269,3313,4171,768643,4829604,212,2756,714024,42974,671050,49181708,2756,195676,212032,55191834,0,0,4829604,0,0,0,0
339,9014024295874841266,14729555240847733191,2229,3209,4122,760404,4574856,212,2756,711292,41764,669528,48995620,2756,195676,205376,54736054,0,0,4574856,0,0,0,0
340,17895031192751868333,14177045599436239241,1902,2805,3739,743970,4591080,149,1937,585363,19045,566318,40351957,1937,137527,179520,46007793,0,0,4591080,0,0,0,0
341,2340664882219996466,4624622375021950132,1850,2805,3739,740122,4591080,149,1937,603994,16614,587380,41642358,1937,137527,179520,47294346,0,0,4591080,0,0,0,0
342,7116460092147018339,11183403862490742472,2470,3489,4314,809844,4611620,212,2756,716715,48064,668651,49357207,2756,195676,223296,55201957,0,0,4611620,0,0,0,0
343,6425910566914326932,16345361684584426391,2221,3090,4009,772162,4922437,205,2665,698277,33370,664907,48114373,2665,189215,197760,54199956,0,0,4922437,0,0,0,0
344,11395165012870455550,9924946683217262458,2119,3051,3973,763325,4956068,193,2509,695567,32627,662940,47928869,2509,178139,195264,54025638,0,0,4956068,0,0,0,0
345,17247030730836401119,12619946077831099126,1726,2721,3684,732745,4252521,134,1742,589520,16484,573036,40643912,1742,123682,174144,45930688,0,0,4252521,0,0,0,0
346,1608737169501613661,14310926772850536020,1934,2985,3911,766045,4951284,181,2353,674899,24336,650563,46519359,2353,167063,191040,52598702,0,0,4951284,0,0,0,0
347,8420435434763283906,2305286421631187853,2027,2985,3911,755285,4759248,178,2314,669769,23811,645958,46166439,2314,164294,191040,52040217,0,0,4759248,0,0,0,0
348,7751020590824769062,7928853285845219144,2061,3111,4028,752002,5121688,217,2821,708170,37671,670499,48788388,2821,200291,199104,55065501,0,0,5121688,0,0,0,0
349,10076714415002727144,13145072171422862015,2115,3165,4081,772436,4958720,213,2769,708079,40015,668064,48777421,2769,196599,202560,54911817,0,0,4958720,0,0,0,0
350,2316314060922452570,2284863017281181638,2031,3051,3973,767371,4936568,193,2509,687000,26595,660405,47349810,2509,178139,195264,53431125,0,0,4936568,0,0,0,0
351,17346309421587384437,18114273979029771776,2196,3078,3998,757776,4978597,202,2626,697983,33521,664462,48093785,2626,186446,196992,54217594,0,0,4978597,0,0,0,0
352,5618283887926634834,8978968968445057449,2249,3182,4099,770909,4719429,202,2626,707644,40733,666911,48745970,2626,186446,203648,54630501,0,0,4719429,0,0,0,0
353,1741893628392994921,15657785686096550235,2230,3090,4009,774735,5107921,209,2717,702979,36997,665982,48431557,2717,192907,197760,54708889,0,0,5107921,0,0,0,0
354,18413925335902144717,9180690439686411093,2163,3187,4103,777881,4837924,205,2665,702465,35460,667005,48399165,2665,189215,203968,54412256,0,0,4837924,0,0,0,0
355,16005990868985157326,14205015154376875312,1783,2750,3686,733075,4472559,141,1833,607368,15863,591505,41876666,1833,130143,176000,47392129,0,0,4472559,0,0,0,0
356,6465015771908170466,4358950977695832681,2011,3065,3986,755388,5086042,202,2626,691812,27476,664336,47680076,2626,186446,196160,53908098,0,0,5086042,0,0,0,0
357,495767760681170683,14606865748842678817,679121,682253,4051,768041,4716712,197,2561,696211,37324,658887,47963911,2561,181831,43664192,97298738,0,0,4716712,0,0,0,0
358,13530568621071155745,5776040473859641667,1748,2750,3722,740951,4487184,142,1846,574952,14523,560429,39642642,1846,131066,176000,45181565,0,0,4487184,0,0,0,0
359,15911894628510580952,6733593639639638168,2291,3197,4062,776729,5104476,209,2717,703317,37422,665895,48454029,2717,192907,204608,54736811,0,0,5104476,0,0,0,0
360,5936062968502369941,11855293702265060250,2079,3051,3973,746226,5068986,198,2574,690604,28475,662129,47594726,2574,182754,195264,53791929,0,0,5068986,0,0,0,0
361,827533562775635043,10346946323051349946,2234,3283,4147,788168,4947072,220,2860,713602,42310,671292,49153918,2860,203060,210112,55306477,0,0,4947072,0,0,0,0
362,1690680366174861028,10715693618684154025,2207,3256,4104,766477,5115916,213,2769,704694,35865,668829,48552156,2769,196599,208384,54843636,0,0,5115916,0,0,0,0
363,14990777107357529582,16010065771376944700,2176,3136,4054,772735,4908085,205,2665,701656,35620,666036,48343024,2665,189215,200704,54417817,0,0,4908085,0,0,0,0
364,10336128685871639787,510113737611174704,1755,2750,3716,729043,4472559,141,1833,586065,13799,572266,40410887,1833,130143,176000,45922348,0,0,4472559,0,0,0,0
365,15386045912607527958,16207672152472067045,2103,3154,4071,769760,4739644,205,2665,699315,35529,663786,48181677,2665,189215,201856,54086223,0,0,4739644,0,0,0,0
366,10032110502621901227,4741055502983839497,1971,3003,3928,760206,4991636,186,2418,670446,18852,651594,46223070,2418,171678,192192,52342710,0,0,4991636,0,0,0,0
367,10886039042393577701,14998822087726895547,2078,3111,4028,764117,4943068,209,2717,705146,37462,667684,48580150,2717,192907,199104,54683374,0,0,4943068,0,0,0,0
368,4111006824975653637,13091533511762783757,2283,3141,4059,771773,4937881,206,2678,702403,35913,666490,48393981,2678,190138,201024,54498856,0,0,4937881,0,0,0,0
369,12800907589272181664,11547107235760742818,1507,2415,3951,649629,3711084,102,1326,446988,7047,439941,30828078,1326,94146,154560,35441448,0,0,3711084,0,0,0,0
370,1030511573090924673,5630384734535338696,2488,3348,4177,772879,4767672,209,2717,710870,42788,668082,48964454,2717,192907,214272,54916361,0,0,4767672,0,0,0,0
371,11665036513581345583,5781047853309597540,2060,3090,4009,766009,4970472,205,2665,695440,30914,664526,47923532,2665,189215,197760,54050997,0,0,4970472,0,0,0,0
372,6555245369104209958,16517376273135220913,2350,3310,4172,772219,4760132,207,2691,709813,41686,668127,48893725,2691,191061,211840,54833149,0,0,4760132,0,0,0,0
373,9649092195353702410,9923687596761898572,1933,2985,3911,766811,4942860,180,2340,670039,18014,652025,46196663,2340,166140,191040,52267425,0,0,4942860,0,0,0,0
374,8615633371099511029,8334097456100142338,1875,2778,3713,746630,4333212,140,1820,607571,19993,587578,41882413,1820,129220,177792,47272980,0,0,4333212,0,0,0,0
375,7981025633021996910,3046884397463147451,1881,2867,3799,747147,4310813,145,1885,629838,24398,605440,43410026,1885,133835,183488,48789108,0,0,4310813,0,0,0,0
376,9756468082363137711,13409340896817965687,2068,3120,4036,770267,4962815,217,2821,708825,38478,670347,48831969,2821,200291,199680,54969058,0,0,4962815,0,0,0,0
377,1033546085767362993,10105049834803127221,1518,2376,3765,649651,3591107,97,1261,466056,9504,456552,32138856,1261,89531,152064,36624974,0,0,3591107,0,0,0,0
378,17013198029483872255,14521102862528342721,2454,3405,4235,778169,4563156,204,2652,712259,44782,667477,49056307,2652,188292,217920,54808079,0,0,4563156,0,0,0,0
379,7924636822148307953,4902961094533791871,2326,3378,4223,781028,4739904,205,2665,709722,43216,666506,48884386,2665,189215,216192,54814948,0,0,4739904,0,0,0,0
380,3429177957817664556,7150988660324080744,2083,3135,4049,760358,4849156,220,2860,712560,40832,671728,49084976,2860,203060,200640,55102239,0,0,4849156,0,0,0,0
381,8836541309807211882,3497652152569718297,679121,682303,4095,782627,4929860,224,2912,715819,42520,673299,49306471,2912,206752,43667392,98897197,0,0,4929860,0,0,0,0
382,194329892924134526,2966115498685582672,2132,3132,4051,752589,4910685,203,2639,694976,30909,664067,47891526,2639,187369,200448,53946668,0,0,4910685,0,0,0,0
383,15927840561515873385,2354283854300199406,2014,3065,3986,771892,5083182,201,2613,690864,26827,664037,47615962,2613,185523,196160,53856705,0,0,5083182,0,0,0,0
384,1714640194027356427,16481047165389432538,1801,2778,3713,736144,4533321,145,1885,610099,17568,592531,42061695,1885,133835,177792,47646500,0,0,4533321,0,0,0,0
385,5571179394855000109,7608192901690950340,2207,3120,4036,761222,4944160,216,2808,707618,38226,669392,48749190,2808,199368,199680,54857656,0,0,4944160,0,0,0,0
386,18446277066557159431,13140538790590215852,2058,3090,4009,761491,4922437,205,2665,702360,36139,666221,48390562,2665,189215,197760,54465474,0,0,4922437,0,0,0,0
387,14676111944367553443,2818668049614739188,2303,3354,4180,788383,4978376,220,2860,715376,43158,672218,49274628,2860,203060,214656,55463283,0,0,4978376,0,0,0,0
388,14517266541666166170,13167075417714475265,2156,2985,3911,760506,4761068,177,2301,684234,29830,654404,47152486,2301,163371,191040,53032382,0,0,4761068,0,0,0,0
389,6007782047786219109,3036606019736959043,2170,3222,4094,766704,5129696,228,2964,714829,41513,673316,49240175,2964,210444,206208,55557321,0,0,5129696,0,0,0,0
390,9858856608974879866,5427979593257500090,1788,2805,3739,738068,4577196,148,1924,616590,15730,600860,42513250,1924,136604,179520,48148377,0,0,4577196,0,0,0,0
391,10134772219675911659,5847081515508855850,2211,3111,4028,763789,4976088,213,2769,707002,37988,669014,48707162,2769,196599,199104,54846770,0,0,4976088,0,0,0,0
392,11336868354215367152,7021009401841321609,2190,3220,4135,775420,4750980,210,2730,710294,42824,667470,48924638,2730,193830,206080,54855083,0,0,4750980,0,0,0,0
393,3410027770555825282,8015169696008872524,2203,3236,4102,767729,5126784,224,2912,714986,41769,673217,49250496,2912,206752,207104,55562967,0,0,5126784,0,0,0,0
394,10379314241001012241,17254280823595804974,1998,3003,3928,751436,4991636,186,2418,674419,23871,650548,46487169,2418,171678,192192,52598039,0,0,4991636,0,0,0,0
395,1560318013821850022,17454578939050273519,2004,3051,3973,781573,5065268,197,2561,698131,34866,663265,48101307,2561,181831,195264,54329216,0,0,5065268,0,0,0,0
396,17344265790979834870,13026098333113515458,1684,2660,3665,708121,4103177,126,1638,531584,10239,521345,36658818,1638,116298,170240,41760319,0,0,4103177,0,0,0,0
397,12769934649302990837,245985807588305976,2060,2925,3854,727205,4846361,170,2210,669919,25349,644570,46173713,2210,156910,187200,52095243,0,0,4846361,0,0,0,0
398,6398205110736970597,14294849113187848122,2140,3124,4043,757861,4909125,202,2626,699539,35476,664063,48197239,2626,186446,199936,54254650,0,0,4909125,0,0,0,0
399,2137413210345420363,15191934662275982882,1745,2595,3536,711932,4140409,122,1586,518452,14455,503997,35744278,1586,112606,166080,40878841,0,0,4140409,0,0,0,0
400,13069900385805486314,3085252738202608511,2284,3242,4155,775965,4751708,217,2821,712036,42912,669124,49044660,2821,200291,207488,54984267,0,0,4751708,0,0,0,0
401,7685803444848007117,8414950631966531801,2196,3173,4088,761872,4925856,217,2821,711658,40418,671240,49023566,2821,200291,203072,55118745,0,0,4925856,0,0,0,0
402,12354328562408914120,12851204203648651010,2062,3101,4019,762628,5117736,215,2795,703637,34437,669200,48482079,2795,198445,198464,54763371,0,0,5117736,0,0,0,0
403,85486659316954491,13397426102367268562,1962,2966,3893,758036,4915677,177,2301,670264,23035,647229,46202146,2301,163371,189824,52232947,0,0,4915677,0,0,0,0
404,4939214230347250310,3369239709756051935,2092,3120,4036,766672,5124964,220,2860,709581,38384,671197,48884321,2860,203060,199680,55182733,0,0,5124964,0,0,0,0
405,18326939756265711023,15864643783097911715,2317,3162,4081,764382,4733482,194,2522,699425,37127,662298,48186071,2522,179062,202368,54069446,0,0,4733482,0,0,0,0
406,14726782303244805428,4201899676060045844,2177,3101,4019,759199,5117736,215,2795,709518,38378,671140,48879986,2795,198445,198464,55157849,0,0,5117736,0,0,0,0
407,6633970300822632282,7907631952282189581,2246,3299,4165,763332,4727281,201,2613,690976,33765,657211,47609814,2613,185523,211136,53501251,0,0,4727281,0,0,0,0
408,12886322652531324118,4185298942575568976,2116,3135,4049,772982,5129696,228,2964,716259,41539,674720,49338793,2964,210444,200640,55656604,0,0,5129696,0,0,0,0
409,8852455229358511103,12794125605669113460,2470,3245,4058,776083,4578015,170,2210,684706,36284,648422,47172146,2210,156910,207680,52894892,0,0,4578015,0,0,0,0
410,18218687001777857725,10422024295315433934,1531,2415,3507,651487,3711084,102,1326,477643,8787,468856,32939793,1326,94146,154560,37554577,0,0,3711084,0,0,0,0
411,5564210727052958579,2151273557390348094,2057,3111,4028,763290,4948996,212,2756,697758,30781,666977,48083740,2756,195676,199104,54194834,0,0,4948996,0,0,0,0
412,9268306062013901773,6725155318049472964,1793,2831,3794,769505,4645888,153,1989,628231,16883,611348,43314173,1989,141219,181184,49055763,0,0,4645888,0,0,0,0
413,7914704162904444320,13067537503174356799,2257,3065,3986,788453,4970264,196,2548,700292,37009,663283,48246130,2548,180908,196160,54385901,0,0,4970264,0,0,0,0
414,12863108643027427748,2807882615204264536,2178,3120,4040,781136,4921111,199,2587,703881,37306,666575,48493177,2587,183677,199680,54582821,0,0,4921111,0,0,0,0
415,12590165484947485333,18248211600420634266,1947,2985,3911,746028,4773600,178,2314,677348,26631,650717,46683750,2314,164294,191040,52562623,0,0,4773600,0,0,0,0
416,2354886570752595358,3407335579007887275,2108,3140,4056,753242,4829656,208,2704,704710,37005,667705,48550980,2704,191984,200960,54530878,0,0,4829656,0,0,0,0
417,8633022409243365598,9973336956662552166,2049,3051,3973,756866,5071846,199,2587,700357,34220,666137,48256193,2587,183677,195264,54467819,0,0,5071846,0,0,0,0
418,6784217945924264218,14569055914573086863,2117,2865,3799,751389,4077723,133,1729,602028,24158,577870,41491616,1729,122759,183360,46630646,0,0,4077723,0,0,0,0
419,636490959658542657,17813889829792230781,1829,2880,3935,742970,4746859,161,2093,642219,14438,627781,44284235,2093,148603,184320,50110922,0,0,4746859,0,0,0,0
420,17217193322115751102,9350258290650473220,2253,3255,4090,762575,4945018,198,2574,702979,37719,665260,48430113,2574,182754,208320,54532870,0,0,4945018,0,0,0,0
421,2100097450899767168,6880695525070139155,2225,3189,4107,771760,4514289,194,2522,702522,39992,662530,48394034,2522,179062,204096,54067348,0,0,4514289,0,0,0,0
422,13583728563436965157,7947499410179592405,2149,3111,4028,760957,5040984,213,2769,709928,38918,671010,48907196,2769,196599,199104,55108868,0,0,5040984,0,0,0,0
423,17683035363040016650,13788360910636579760,2078,3128,4043,771571,4945031,217,2821,712457,39879,672578,49079775,2821,200291,200192,55200903,0,0,4945031,0,0,0,0
424,7102203555229228412,9524066181891347735,2519,3500,4268,798922,4960800,220,2860,717570,46031,671539,49420268,2860,203060,224000,55611318,0,0,4960800,0,0,0,0
425,6982770138324009442,5827723019285772358,2222,3163,4077,761549,4965272,220,2860,712806,40656,672150,49102302,2860,203060,202432,55238692,0,0,4965272,0,0,0,0
426,7701813474468396498,9920310661024247679,1396,2028,3885,506122,2678351,65,845,296020,4610,291410,20416160,845,59995,129792,23794305,0,0,2678351,0,0,0,0
427,12934325797014543013,17295923561283553897,2220,3148,4066,771778,4909645,206,2678,700799,35767,665032,48283597,2678,190138,201472,54360696,0,0,4909645,0,0,0,0
428,13533348533935223626,6077993639269645348,2471,3362,4182,774850,5000268,216,2808,711809,41879,669930,49031063,2808,199368,215168,55224899,0,0,5000268,0,0,0,0
429,9232305410201898069,5991133113791817354,1524,2526,3647,681489,3998293,115,1495,492052,8888,483164,33933812,1495,106145,161664,38885050,0,0,3998293,0,0,0,0
430,5927513165180261834,4335446063192964763,2139,3120,4036,748559,4939935,217,2821,710468,39875,670593,48942542,2821,200291,199680,55035043,0,0,4939935,0,0,0,0
431,1564002562644355952,6543002870578071032,2273,3244,4112,768247,4996992,213,2769,710478,40752,669726,48941478,2769,196599,207616,55115044,0,0,4996992,0,0,0,0
432,16502892708404031661,7953378264749997742,2225,3275,4186,764296,4554160,216,2808,714272,43842,670430,49197084,2808,199368,209600,54928694,0,0,4554160,0,0,0,0
433,13755743583511438817,1930470711547427912,2097,3036,3959,772653,4847687,190,2470,687529,29842,657687,47379817,2470,175370,194304,53373790,0,0,4847687,0,0,0,0
434,8575881770625394766,1166268987783194229,2123,3174,4059,761133,4869150,194,2522,695411,32246,663165,47918867,2522,179062,203136,53935407,0,0,4869150,0,0,0,0
435,12930422413085855894,2838271912427244336,2087,3120,4036,757228,4983940,216,2808,710385,39516,670869,48937533,2808,199368,199680,55081785,0,0,4983940,0,0,0,0
436,16527980111456244306,5167733695340044553,2044,3090,4009,771691,4922437,205,2665,689417,27585,661832,47514603,2665,189215,197760,53599715,0,0,4922437,0,0,0,0
437,12827618175221192457,2927046148187850955,2011,3062,3985,746645,4862767,186,2418,680598,27009,653589,46907244,2418,171678,195968,52888287,0,0,4862767,0,0,0,0
438,1640052262248284527,4173952685243241879,2169,3090,4009,754315,4910776,204,2652,698512,34762,663750,48127804,2652,188292,197760,54182956,0,0,4910776,0,0,0,0
439,1842505506550913104,1529657377699334636,2014,3065,3986,757403,4965480,197,2561,687257,29067,658190,47362599,2561,181831,196160,53467459,0,0,4965480,0,0,0,0
440,862577383826786802,4664751051738540365,2063,3111,4028,746106,4996992,213,2769,706836,37189,669647,48697306,2769,196599,199104,54840135,0,0,4996992,0,0,0,0
441,15704067235076084581,2966384361889457191,1953,3003,3928,778259,4781556,180,2340,680111,25655,654456,46876349,2340,166140,192192,52798424,0,0,4781556,0,0,0,0
442,11039836456983717512,13624082014719447564,2215,3111,4028,754651,4976452,213,2769,704723,36402,668321,48553083,2769,196599,199104,54683917,0,0,4976452,0,0,0,0
443,8429990098390160991,11482487585985055384,2360,3348,4180,773082,4917172,210,2730,709762,41477,668285,48890624,2730,193830,214272,54993160,0,0,4917172,0,0,0,0
444,402001745080597206,4851388789217519097,1837,2805,3739,760928,4428060,146,1898,613643,15880,597763,42309607,1898,134758,179520,47816612,0,0,4428060,0,0,0,0
445,6832657854039499684,5855329510182430726,2012,2985,3911,757754,4788680,177,2301,680696,27093,653603,46913838,2301,163371,191040,52818594,0,0,4788680,0,0,0,0
446,4264903550742556352,15254643147540730621,2130,3155,4072,775065,4835844,205,2665,703103,37113,665990,48439881,2665,189215,201920,54445997,0,0,4835844,0,0,0,0
447,7215959946105249024,16909848124592599346,2053,3101,4019,771044,5117008,214,2782,707456,36943,670513,48740578,2782,197522,198464,55028635,0,0,5117008,0,0,0,0
448,10321603544327011239,4806894911590092590,2115,3123,4043,774366,4889248,196,2548,693628,31473,662155,47797386,2548,180908,199872,53845823,0,0,4889248,0,0,0,0
449,9205100931856832500,2516952009587044989,2648,3556,4277,794956,4935112,209,2717,715119,46358,668761,49250495,2717,192907,227584,55405331,0,0,4935112,0,0,0,0
450,6528348096878753853,16256485131393376591,2132,3128,4043,766425,5128331,225,2925,713787,40311,673476,49170681,2925,207675,200192,55477347,0,0,5128331,0,0,0,0
451,4323231653390056700,11441640007471454912,2162,3116,3984,743737,4913480,181,2353,700978,37772,663206,48291938,2353,167063,199424,54319626,0,0,4913480,0,0,0,0
452,9508430182063585858,15955974876741316437,1986,3036,3959,739925,4871347,190,2470,676964,20768,656196,46668980,2470,175370,194304,52653885,0,0,4871347,0,0,0,0
453,15808358453286145616,7811074376164586530,2239,3184,4071,757146,5124964,220,2860,709947,38520,671427,48909303,2860,203060,203776,55202320,0,0,5124964,0,0,0,0
454,2426662229176337751,1261735060384458986,2468,3533,4332,803610,4758260,220,2860,717326,48175,669151,49399144,2860,203060,226112,55394518,0,0,4758260,0,0,0,0
455,12145149183643533602,2470951536865706431,1983,3036,3959,750891,4884165,191,2483,683429,23270,660159,47110061,2483,176293,194304,53119673,0,0,4884165,0,0,0,0
456,6288330280080448374,11656313082821154650,2070,3051,3973,737897,5068986,198,2574,682171,24517,657654,47020765,2574,182754,195264,53209639,0,0,5068986,0,0,0,0
457,13220811111560496290,1138910336511537343,2049,3101,4019,751351,4951752,208,2704,691471,28676,662795,47654147,2704,191984,198464,53751717,0,0,4951752,0,0,0,0
458,17070344243938455497,13830445048197207637,2508,3559,4289,813091,4795635,210,2730,717803,46540,671263,49435327,2730,193830,227776,55469948,0,0,4795635,0,0,0,0
459,11054334560361028485,11112202771062093699,2315,3245,4036,787140,4433260,156,2028,666928,31608,635320,45954816,2028,143988,207680,51530920,0,0,4433260,0,0,0,0
460,9257505739477936285,5416279434376797341,2086,3120,4036,764150,5124964,220,2860,708564,37301,671263,48816314,2860,203060,199680,55112204,0,0,5124964,0,0,0,0
461,9357522388781342737,8248430554709840983,2007,3020,3944,757702,5020951,190,2470,685966,28666,657300,47274322,2470,175370,193280,53425569,0,0,5020951,0,0,0,0
462,2436701624206805372,972246781749910608,2121,3128,4043,752085,5128331,225,2925,712584,39725,672859,49088846,2925,207675,200192,55381172,0,0,5128331,0,0,0,0
463,10125862693187976394,15721934028420053501,1884,2880,3811,754852,4746859,161,2093,650851,21395,629456,44865929,2093,148603,184320,50704374,0,0,4746859,0,0,0,0
464,11147650712621638095,17142240343276686513,856,856,16165,0,0,0,0,0,0,0,0,0,0,54784,70949,0,0,0,0,0,0,0
465,14690643096254490349,14902246832454778787,1964,2903,3833,757006,4782076,164,2132,657438,28084,629354,45307054,2132,151372,185792,51187133,0,0,4782076,0,0,0,0
466,16147600754798846308,5807748709795962692,1368,1980,3776,476942,2609958,63,819,272174,6164,266010,18767678,819,58149,126720,22043223,0,0,2609958,0,0,0,0
467,6452645926150258700,5723284607855735587,2059,3090,4009,767949,5004025,206,2678,693648,29727,663921,47802258,2678,190138,197760,53966139,0,0,5004025,0,0,0,0
468,17295410370606523762,2066086576097609362,2069,3120,4036,755392,5034692,217,2821,712178,39620,672558,49061042,2821,200291,199680,55255133,0,0,5034692,0,0,0,0
469,1055117917312492432,16026818943030780337,2218,3065,3986,774255,4738110,193,2509,696716,35572,661144,48002260,2509,178139,196160,53892910,0,0,4738110,0,0,0,0
470,10671692971768197741,3291162561266746003,1379,1930,4971,470378,2270788,53,689,226984,5110,221874,15651676,689,48919,123520,18570252,0,0,2270788,0,0,0,0
471,9336058891440692173,7067359663261617981,2171,3101,4019,757665,4917172,210,2730,704867,36961,667906,48561901,2730,193830,198464,54633051,0,0,4917172,0,0,0,0
472,12633703443406934305,13898646289414061391,2188,3158,4075,772627,4912180,208,2704,702893,37627,665266,48424363,2704,191984,202112,54507341,0,0,4912180,0,0,0,0
473,6744315282971989660,6498598665258592224,2133,3120,4036,740100,5125419,221,2873,710171,39038,671133,48923723,2873,203983,199680,55196941,0,0,5125419,0,0,0,0
474,3245961272664703122,9946041324599655469,2097,3003,3928,756736,4991636,186,2418,688161,28652,659509,47425805,2418,171678,192192,53541975,0,0,4991636,0,0,0,0
475,4236320961268233163,14733009617636635693,1970,3003,3928,783626,4820036,182,2366,684798,26832,657966,47197398,2366,167986,192192,53165166,0,0,4820036,0,0,0,0
476,9351004130392739992,8486950168453641702,2308,3326,4150,772452,4928040,220,2860,713047,42839,670208,49114565,2860,203060,212864,55235131,0,0,4928040,0,0,0,0
477,17028271449931766306,10848122146508832719,2192,3159,4027,771458,4464252,173,2249,690078,32380,657698,47550622,2249,159679,202176,53152214,0,0,4464252,0,0,0,0
478,3184308700634912726,3329899305769807170,2158,3138,4057,771394,4897360,201,2613,705750,40156,665594,48616438,2613,185523,200832,54675604,0,0,4897360,0,0,0,0
479,18372444470292275173,3579590825454118696,2135,3140,4058,766196,4808869,201,2613,701944,37384,664560,48359368,2613,185523,200960,54324974,0,0,4808869,0,0,0,0
480,9250875971031251573,4477988380733232366,2081,3120,4036,755269,4934748,216,2808,709511,39062,670449,48878135,2808,199368,199680,54971236,0,0,4934748,0,0,0,0
481,2499737935806342049,1114125005653871668,2062,3101,4019,748778,5117008,214,2782,699282,31394,667888,48187670,2782,197522,198464,54453461,0,0,5117008,0,0,0,0
482,8005150474762001738,5733053559622119921,2270,3186,4063,783946,4967508,210,2730,712780,40748,672032,49100324,2730,193830,203904,55253575,0,0,4967508,0,0,0,0
483,13862453793831045576,2099972936873703610,2424,3354,4139,788242,3999853,141,1833,647956,35188,612768,44638588,1833,130143,214656,49775621,0,0,3999853,0,0,0,0
484,16727794210000097239,757113430313866054,2182,3160,4040,766579,4791800,182,2366,690015,34366,655649,47542303,2366,167986,202240,53474948,0,0,4791800,0,0,0,0
485,8505568299410626855,8415107637573783622,2123,3003,3928,752556,4807335,183,2379,686375,28687,657688,47302501,2379,168909,192192,53227421,0,0,4807335,0,0,0,0
486,6706435875522853583,6948433125682028174,1992,3003,3928,733128,4796636,182,2366,677186,26615,650571,46672604,2366,167986,192192,52566474,0,0,4796636,0,0,0,0
487,4658475360475669991,4124787604852629502,1414,2295,3682,622114,3385720,89,1157,431836,7994,423842,29780696,1157,82147,146880,34021239,0,0,3385720,0,0,0,0
488,8346525333782740961,15034549447699229088,2203,3051,3973,769859,4763694,190,2470,698601,35784,662817,48131901,2470,175370,195264,54040061,0,0,4763694,0,0,0,0
489,16538745875297726597,6847591514724524206,2116,3168,4060,768647,4925128,216,2808,708553,39178,669375,48811801,2808,199368,202752,54911756,0,0,4925128,0,0,0,0
490,7330059832843171160,86123676959179557,2088,3023,3949,767968,4715841,173,2249,675259,24865,650394,46543141,2249,159679,193472,52384050,0,0,4715841,0,0,0,0
491,5799913425808020461,16174090749241555115,2229,3065,3986,752358,4921111,199,2587,696997,35172,661825,48022449,2587,183677,196160,54079741,0,0,4921111,0,0,0,0
492,11576783333258463119,16271719603802867143,2132,3042,3967,754388,4752644,176,2288,678384,28856,649528,46750784,2288,162448,194688,52618919,0,0,4752644,0,0,0,0
493,13988369725958645690,14158319484250377382,1782,2660,3605,721666,4304807,131,1703,554399,15905,538494,38221721,1703,120913,170240,43542952,0,0,4304807,0,0,0,0
494,5898872008016334193,1746255145263829884,1934,2985,3911,757015,4959084,182,2366,676492,23374,653118,46631200,2366,167986,191040,52710236,0,0,4959084,0,0,0,0
495,15822893775796851788,11815255012873757323,2083,3120,4036,775820,4939480,216,2808,710747,39813,670934,48961917,2808,199368,199680,55080301,0,0,4939480,0,0,0,0
496,16281339674383222854,8244097601339821662,2109,3111,4028,771429,4955067,214,2782,707591,39199,668392,48745381,2782,197522,199104,54872531,0,0,4955067,0,0,0,0
497,7937224572244188468,11558729391643768793,2037,3089,4008,752624,4953416,204,2652,686436,26369,660067,47311346,2652,188292,197696,53407382,0,0,4953416,0,0,0,0
498,2472945768402643684,11950289729280754794,2213,3138,4019,758803,5042791,193,2509,697075,35300,661775,48027575,2509,178139,200832,54212159,0,0,5042791,0,0,0,0
499,18318652739687993667,2217448632330241938,1819,2778,3713,716219,4328480,140,1820,593671,16813,576858,40929673,1820,129220,177792,46285097,0,0,4328480,0,0,0,0
500,3770895321614423100,10618612768874432061,2359,3237,4103,776451,4948892,224,2912,712973,41856,671117,49111425,2912,206752,207168,55254791,0,0,4948892,2560,0,0,0
501,12278608987047259568,1259560395184871782,1965,2985,3911,774143,4951284,181,2353,674376,29009,645367,46473926,2353,167063,191040,52561367,0,0,4951284,0,0,0,0
502,1072940585732709761,15784556539348246968,1862,2778,3713,744249,4546477,146,1898,600763,16316,584447,41420015,1898,134758,177792,47027004,0,0,4546477,0,0,0,0
503,18034076125913544045,11291032676390790778,2202,3238,4095,780216,4975087,217,2821,708366,38574,669792,48800106,2821,200291,207232,54967027,0,0,4975087,0,0,0,0
504,16033599779080455186,3942083300940021927,2139,3172,4087,778273,4935476,217,2821,705676,36481,669195,48618682,2821,200291,203008,54739817,0,0,4935476,0,0,0,0
505,10339549290442410553,15614093670076556781,1873,2750,3686,744436,4472559,141,1833,613771,19478,594293,42311243,1833,130143,176000,47838067,0,0,4472559,0,0,0,0
506,15253381621617792018,8665236872977132092,2066,3111,4028,750860,5121688,217,2821,702885,33524,669361,48432017,2821,200291,199104,54707988,0,0,5121688,0,0,0,0
507,8437527690273272990,4150323200538051205,2082,3120,4036,758640,5124964,220,2860,707859,37109,670750,48768053,2860,203060,199680,55058433,0,0,5124964,0,0,0,0
508,10092416097232429819,2843508664259847997,2051,3101,4019,773275,4933552,208,2704,703582,38052,665530,48471054,2704,191984,198464,54572348,0,0,4933552,0,0,0,0
509,15846737518840069779,14741305994458893589,1985,3003,3928,758011,4997551,187,2431,684006,25798,658208,47144818,2431,172601,192192,53269101,0,0,4997551,0,0,0,0
510,17534456451358536111,3708211007192885297,1689,2660,3655,729732,4288661,130,1690,554068,12705,541363,38205282,1690,119990,170240,43517560,0,0,4288661,0,0,0,0
511,11873213722005862356,4081836860959624914,2158,3135,4049,762020,4939480,224,2912,712297,40523,671774,49067447,2912,206752,200640,55180388,0,0,4939480,0,0,0,0
512,14486592820706631026,6797613288946592559,1889,2691,3629,726853,4178343,131,1703,591891,22094,569797,40796291,1703,120913,172224,45998253,0,0,4178343,0,0,0,0
513,4025204711630103363,17765112397826845815,1450,2376,3505,643809,3419507,93,1209,408919,8555,400364,28198301,1209,85839,152064,32503025,0,0,3419507,0,0,0,0
514,3828652574031787416,16154582526321369916,1949,2925,3854,742103,4826276,168,2184,647704,16481,631223,44658614,2184,155064,187200,50573111,0,0,4826276,0,0,0,0
515,11313400724548692022,7707747997781978833,2169,3164,4031,767186,5065268,197,2561,696825,36243,660582,48008439,2561,181831,202496,54229251,0,0,5065268,0,0,0,0
516,11638525164681218160,8896115213884502466,2044,3036,3959,768968,4862039,190,2470,671490,22895,648595,46287020,2470,175370,194304,52291660,0,0,4862039,0,0,0,0
517,7716935903689708717,15306103844841269532,2092,3065,3986,757940,5083182,201,2613,700945,36956,663989,48291293,2613,185523,196160,54518084,0,0,5083182,0,0,0,0
518,4058011865849492032,13939355355731598023,2287,3283,4144,768884,4925128,216,2808,712292,43126,669166,49061896,2808,199368,210112,55169532,0,0,4925128,0,0,0,0
519,9066656729121781112,14528250421775902340,2122,3003,3928,739738,4997551,187,2431,685201,29199,656002,47220471,2431,172601,192192,53326481,0,0,4997551,0,0,0,0
520,546857205464664645,10856301570145447358,2164,3222,4137,790862,4766944,208,2704,709567,41753,667814,48876617,2704,191984,206208,54836752,0,0,4766944,0,0,0,0
521,4034299698145399307,15229638548459539002,2294,3335,4195,781192,4922008,210,2730,711033,44147,666886,48972983,2730,193830,213440,55087648,0,0,4922008,0,0,0,0
522,17476387217748300711,879928261743629222,1745,2778,3799,751472,4547205,146,1898,593433,14588,578845,40917701,1898,134758,177792,46532727,0,0,4547205,0,0,0,0
523,10697020065405924224,10130278626578927117,2140,3191,4104,769433,4929860,224,2912,715238,42534,672704,49266354,2912,206752,204224,55380727,0,0,4929860,0,0,0,0
524,15931168935008656396,4592290657160576126,2245,3296,4154,777101,4770272,216,2808,713481,42517,670964,49145155,2808,199368,210944,55106994,0,0,4770272,0,0,0,0
525,17786954505656660641,17553473263598314372,2082,3111,4028,764406,5121324,217,2821,707957,37295,670662,48774443,2821,200291,199104,55063596,0,0,5121324,0,0,0,0
526,12029076610089283439,5225432783559662788,1927,2880,3811,762303,4735120,160,2080,658316,22262,636054,45379280,2080,147680,184320,51212514,0,0,4735120,0,0,0,0
527,5819353566424271941,14046771203636798438,1811,2856,3798,763282,4697797,157,2041,608434,12429,596005,41957088,2041,144911,182784,47749660,0,0,4697797,0,0,0,0
528,16016040061679728463,2261488248272301274,2209,3128,4043,774270,5011032,220,2860,712394,40391,672003,49074404,2860,203060,200192,55267001,0,0,5011032,0,0,0,0
529,8536439472106739349,14034771328188012720,2035,3078,3998,739891,4936737,202,2626,703167,36967,666200,48444589,2626,186446,196992,54508653,0,0,4936737,0,0,0,0
530,2176703079267279479,6222282370769885720,2061,3100,4018,751510,5114161,213,2769,708405,37872,670533,48804201,2769,196599,198400,55068889,0,0,5114161,0,0,0,0
531,6369700480421593747,4474839884423216236,2124,2966,3893,760077,4730193,173,2249,681785,32614,649171,46977937,2249,159679,189824,52821603,0,0,4730193,0,0,0,0
532,2730986519077290424,3822407986819342051,2080,3128,4043,766756,4995120,220,2860,713228,40689,672539,49131354,2860,203060,200192,55300525,0,0,4995120,0,0,0,0
533,12849045245733171294,33534945419774142,2115,3111,4028,753174,4945512,213,2769,704313,36718,667595,48524161,2769,196599,199104,54622578,0,0,4945512,0,0,0,0
534,7832465412992783714,10686194295474488775,1516,2376,3719,639620,3591107,97,1261,436825,7879,428946,30125167,1261,89531,152064,34601208,0,0,3591107,0,0,0,0
535,7497195367722180584,6100338770374019732,2140,2966,3894,766073,4636814,165,2145,674567,28811,645756,46487501,2145,152295,189824,52236401,0,0,4636814,0,0,0,0
536,8227261731462856155,5527246421086519444,679121,682301,4095,786137,4925128,216,2808,711542,41511,670031,49013376,2808,199368,43667264,98595368,0,0,4925128,0,0,0,0
537,17485264431857448076,1482226281496930759,2108,3160,4077,769831,4926792,210,2730,705136,36910,668226,48580564,2730,193830,202240,54677334,0,0,4926792,0,0,0,0
538,4825051417355408953,8627870634937411549,1618,2595,3594,695953,3959605,118,1534,517178,12333,504845,35660616,1534,108914,166080,40594762,0,0,3959605,0,0,0,0
539,2335761521077289282,6873145610101513708,2046,2880,3811,756436,4735120,160,2080,661189,22313,638876,45577415,2080,147680,184320,51404782,0,0,4735120,0,0,0,0
540,5336102852231288255,9691678115240896768,2184,3187,4101,778089,4614688,209,2717,711478,41463,670015,49009056,2717,192907,203968,54802809,0,0,4614688,0,0,0,0
541,8879022569292388333,15023935061540084910,2071,3121,4040,777439,4982497,202,2626,698731,33095,665636,48146249,2626,186446,199744,54296415,0,0,4982497,0,0,0,0
542,3361348252604213287,12056153300320930110,2372,3194,4063,769982,5107921,209,2717,706001,38858,667143,48636353,2717,192907,204416,54915642,0,0,5107921,0,0,0,0
543,10122067216521551917,4189471345221191444,2232,3063,3984,780170,5075681,202,2626,696762,32913,663849,48010752,2626,186446,196032,54253065,0,0,5075681,0,0,0,0
544,9493247934603932636,13512764101591511079,2111,3020,3944,755502,5015036,189,2457,686819,29682,657137,47331147,2457,174447,193280,53473356,0,0,5015036,0,0,0,0
545,10146694556736176973,1250765802986136425,2188,3090,4009,759724,5109481,210,2730,706380,37712,668668,48664796,2730,193830,197760,54929600,0,0,5109481,0,0,0,0
546,8003997507413352174,14601475483233226460,1754,2805,3795,744109,4577196,148,1924,621830,14101,607729,42878068,1924,136604,179520,48519292,0,0,4577196,0,0,0,0
547,6603960482610020736,10175893207350623687,2465,3279,4143,775626,4935476,217,2821,711222,42177,669045,48989964,2821,200291,209856,55115356,0,0,4935476,0,0,0,0
548,17211681883597533513,2066012383376528869,2167,3208,4075,762668,5115253,214,2782,707804,38264,669540,48761948,2782,197522,205312,55046778,0,0,5115253,0,0,0,0
549,17389524673632328608,7800411151420840342,2033,3020,3944,742781,5025683,191,2483,687775,28825,658950,47398825,2483,176293,193280,53540806,0,0,5025683,0,0,0,0
550,12080290410387591241,4631293495394377196,1760,2750,3714,738943,4487184,142,1846,593690,17665,576025,40929280,1846,131066,176000,46466187,0,0,4487184,0,0,0,0
551,7652851813370030783,4960817407635589740,2311,3304,4159,767829,4849416,213,2769,714220,42834,671386,49195512,2769,196599,211456,55224971,0,0,4849416,0,0,0,0
552,14065052034159838740,17011513443400916163,2134,3187,4102,750285,4819776,209,2717,708084,38563,669521,48780670,2717,192907,203968,54751708,0,0,4819776,0,0,0,0
553,674705352967029218,12448072160037665570,2052,3078,3998,785857,4904341,202,2626,700666,35459,665207,48275036,2626,186446,196992,54352670,0,0,4904341,0,0,0,0
554,7019131355554111573,9858118421280283112,2298,3336,4174,776979,5022875,221,2873,716680,43544,673136,49363832,2873,203983,213504,55585347,0,0,5022875,0,0,0,0
555,5872738573094656266,18383203963956490845,1428,2028,4811,511309,2478515,61,793,256789,5521,251268,17707399,793,56303,129792,20888129,0,0,2478515,0,0,0,0
556,1055675410619155363,1637254770442031909,2104,3036,3959,767262,5047523,194,2522,696063,34233,661830,47959881,2522,179062,194304,54151991,0,0,5047523,0,0,0,0
557,12147048754990568428,11282959607205883350,2030,3078,3998,739036,4915417,203,2639,696052,30816,665236,47965956,2639,187369,196992,54008768,0,0,4915417,0,0,0,0
558,12436428953288854489,16837924097927159932,1936,2985,3911,749379,4743336,172,2236,701054,38071,662983,48296584,2236,158756,191040,54143006,0,0,4743336,0,0,0,0
559,2655781743932671180,1954843205782732063,1925,2903,3833,740196,4607642,161,2093,661851,21309,640542,45625101,2093,148603,185792,51311167,0,0,4607642,0,0,0,0
560,11828024577298976742,11525888813681285186,1551,2415,3501,650829,3688334,101,1313,453926,9940,443986,31301014,1313,93223,154560,35891461,0,0,3688334,0,0,0,0
561,15502345197839159256,4182268435451599409,2165,3113,4035,772698,4626115,182,2366,683987,31137,652850,47132829,2366,167986,199232,52902895,0,0,4626115,0,0,0,0
562,14752344490270890083,7021006005466462293,1463,2376,3709,634364,3637491,99,1287,454034,9357,444677,31309632,1287,91377,152064,35828637,0,0,3637491,0,0,0,0
563,14608729376926156580,18437829627042708838,2052,3065,3986,767267,5083182,201,2613,701956,36954,665002,48361056,2613,185523,196160,54597174,0,0,5083182,0,0,0,0
564,3354891253350968017,3377920520313041400,2171,3228,4142,772100,4758143,214,2782,705911,39268,666643,48629323,2782,197522,206592,54567822,0,0,4758143,0,0,0,0
565,16685265364716975585,844356231132363270,2185,3224,4104,765348,4985968,212,2756,704240,37261,666979,48518038,2756,195676,206336,54675470,0,0,4985968,0,0,0,0
566,14842864649018849840,2210573490343041413,2217,3078,3998,757349,4956172,201,2613,696489,34139,662350,47989463,2613,185523,196992,54089497,0,0,4956172,0,0,0,0
567,5928217834996158424,7138027314132704394,2194,3111,4028,774351,4979572,212,2756,706910,37996,668914,48700798,2756,195676,199104,54853529,0,0,4979572,0,0,0,0
568,17434504922175953168,9710844928083121461,2135,3124,4044,764308,4888351,199,2587,693193,31866,661327,47766585,2587,183677,199936,53806901,0,0,4888351,0,0,0,0
569,7117658762721286890,3764946894157613340,2348,3347,4182,772222,4948788,216,2808,712773,42380,670393,49096577,2808,199368,214208,55235345,0,0,4948788,0,0,0,0
570,10203736539240994775,3061780863673954632,2180,3065,3986,759225,4932226,198,2574,695120,35113,660007,47893054,2574,182754,196160,53967405,0,0,4932226,0,0,0,0
571,11098166362092074578,2740551384970626393,2388,3402,4228,778443,4653857,197,2561,705893,41492,664401,48623633,2561,181831,217728,54459720,0,0,4653857,0,0,0,0
572,1573018371868451774,8431965404724663688,2270,3164,4080,755678,4927416,214,2782,710464,40619,669845,48940778,2782,197522,202496,55027970,0,0,4927416,0,0,0,0
573,11132766719071366564,16864684341497862163,2109,3147,4021,763968,4830683,187,2431,678572,25493,653079,46770482,2431,172601,201408,52743163,0,0,4830683,0,0,0,0
574,14938748621248242089,12114020525670308697,2478,3458,4261,795676,4540380,193,2509,705967,41542,664425,48628639,2509,178139,221312,54368407,0,0,4540380,0,0,0,0
575,15141505710327569973,11100609951996122915,2082,3128,4043,769286,5127876,224,2912,712680,39644,673036,49095632,2912,206752,200192,55403781,0,0,5127876,0,0,0,0
576,2522339944516760991,5496995116052564479,2102,3101,4019,762378,4970680,209,2717,697864,32192,665672,48088232,2717,192907,198464,54216680,0,0,4970680,0,0,0,0
577,3519511175855033996,14365059771449097512,1994,3020,3944,756132,5020951,190,2470,688528,29498,659030,47449436,2470,175370,193280,53599113,0,0,5020951,0,0,0,0
578,11175799046987977717,12361548059700877402,2147,3200,4093,771262,4841616,209,2717,712134,41067,671067,49055112,2717,192907,204800,55069790,0,0,4841616,0,0,0,0
579,12691594996910402128,344466236393507469,2043,3090,4009,760709,5025397,206,2678,701377,35060,666317,48324893,2678,190138,197760,54502906,0,0,5025397,0,0,0,0
580,824957630077728200,8292714424518333242,2106,3128,4043,775644,4947527,221,2873,710378,39596,670782,48936890,2873,203983,200192,55068279,0,0,4947527,0,0,0,0
581,8963110194823669978,2528759567673357867,2218,3051,3973,761552,4888182,194,2522,697737,35511,662226,48072831,2522,179062,195264,54100864,0,0,4888182,0,0,0,0
582,1689853167416151756,6499398239549448788,1905,2946,3874,757376,4867772,172,2236,659284,19181,640103,45452234,2236,158756,188544,51428556,0,0,4867772,0,0,0,0
583,12705560270689399401,15898021484841765826,2158,3168,4088,782416,4695834,191,2483,695228,34054,661174,47902624,2483,176293,202752,53764007,0,0,4695834,0,0,0,0
584,6679314516838931322,2346399211857136011,2182,3165,4060,760082,4925284,213,2769,706528,38036,668492,48674360,2769,196599,202560,54762945,0,0,4925284,0,0,0,0
585,205395166280809722,6847871900023254530,2224,3275,4165,771518,4558684,216,2808,712744,44268,668476,49090800,2808,199368,209600,54834135,0,0,4558684,0,0,0,0
586,17711132199357655307,2456977405722387606,2083,3110,4027,762199,5119452,217,2821,702698,34180,668518,48417802,2821,200291,199040,54702811,0,0,5119452,0,0,0,0
587,5798949640987736678,13454506702855301823,1642,2660,3681,705263,4271735,129,1677,522752,9797,512955,36050294,1677,119067,170240,41320280,0,0,4271735,0,0,0,0
588,3595770880642699403,10758061775254332935,1430,2336,3552,617384,3514784,94,1222,436793,10190,426603,30118337,1222,86762,149504,34490323,0,0,3514784,0,0,0,0
589,8980185292352069850,6400209470120888174,2334,3254,4147,781104,4735380,208,2704,708815,42018,666797,48824199,2704,191984,208256,54745070,0,0,4735380,0,0,0,0
590,1599472825661372013,10734987627005193304,2151,3101,4019,767616,5117008,214,2782,709275,38681,670594,48862613,2782,197522,198464,55147242,0,0,5117008,0,0,0,0
591,861103738198066900,16479487322364318595,2088,3120,4036,767638,4930692,217,2821,710342,39262,671080,48935074,2821,200291,199680,55037411,0,0,4930692,0,0,0,0
592,6278244716791771529,13777593739691147657,1352,1881,3541,438976,2305004,54,702,265062,6024,259038,18277230,702,49842,120384,21194977,0,0,2305004,0,0,0,0
593,11997336858890284665,14252076997100490447,2084,3134,4054,766029,4786470,190,2470,692753,32648,660105,47734661,2470,175370,200576,53667160,0,0,4786470,0,0,0,0
594,4205818518984144585,11712819959018657341,2237,3277,4190,766618,4554563,209,2717,714374,44163,670211,49203480,2717,192907,209728,54931486,0,0,4554563,0,0,0,0
595,6066573667813954280,1757411923530807542,1560,2561,3859,706876,4061356,118,1534,515410,9900,505510,35543490,1534,108914,163904,40588399,0,0,4061356,0,0,0,0
596,14609244935628395091,9851084483439647262,1464,2376,3511,633457,3391271,93,1209,456574,7675,448899,31488256,1209,85839,152064,35754398,0,0,3391271,0,0,0,0
597,1903729602926661768,15112913261840339073,2137,3121,4002,763144,4761861,173,2249,686981,32715,654266,47336259,2249,159679,199744,53224689,0,0,4761861,0,0,0,0
598,6375076593606782234,5862565523523289920,1744,2778,3763,750444,4533321,145,1885,598798,13017,585781,41291028,1885,133835,177792,46890183,0,0,4533321,0,0,0,0
599,14100832679551978938,5934152636289852701,2025,3078,3998,754493,4972500,201,2613,688380,28331,660049,47441558,2613,185523,196992,53555064,0,0,4972500,0,0,0,0
600,2124410564241919280,17686594631268813390,2000,3051,3973,773096,4956068,193,2509,691045,29455,661590,47623195,2509,178139,195264,53729735,0,0,4956068,0,0,0,0
601,10157325067802047470,10925330366732238419,2185,3177,4069,769031,5124964,220,2860,710356,38062,672294,48938440,2860,203060,203328,55242892,0,0,5124964,0,0,0,0
602,1388868243517417457,13727534151944332833,2234,3239,4095,769046,5075460,220,2860,710974,40641,670333,48975924,2860,203060,207296,55234881,0,0,5075460,0,0,0,0
603,11455655323498358508,10877701297452920962,2127,3178,4093,759318,4856124,213,2769,709942,40150,669792,48905698,2769,196599,203392,54925224,0,0,4856124,0,0,0,0
604,9196076904294381006,13799177890091203343,1523,2453,3536,665811,3803865,106,1378,487731,10932,476799,33631575,1378,97838,156992,38359617,0,0,3803865,0,0,0,0
605,11261183002884324459,11579464549762348527,2173,3128,4046,743905,4909645,206,2678,703522,36435,667087,48470148,2678,190138,200192,54518074,0,0,4909645,0,0,0,0
606,16935248220436306587,16527509678751000583,2219,3078,3998,752139,4899505,202,2626,699866,37006,662860,48216742,2626,186446,196992,54255822,0,0,4899505,0,0,0,0
607,8665111219771671266,746826052528572446,2099,3120,4036,771528,4948788,216,2808,702973,35224,667749,48434689,2808,199368,199680,54558089,0,0,4948788,0,0,0,0
608,12344316843894040173,17422445005758692464,1925,2952,3881,760540,4623892,160,2080,652978,24450,628528,45006582,2080,147680,188928,50731503,0,0,4623892,0,0,0,0
609,15442102946810924202,11412256090342198253,1364,1980,3514,486927,2578784,62,806,295008,4970,290038,20345612,806,57226,126720,23598783,0,0,2578784,0,0,0,0
610,13260056475735686285,4496111522415770711,2238,3163,4079,758609,4736368,209,2717,707901,39589,668312,48765991,2717,192907,202432,54660386,0,0,4736368,0,0,0,0
611,339397576250903691,9370641775723779223,1797,2805,3767,753472,4577196,148,1924,597594,12912,584682,41208162,1924,136604,179520,46858721,0,0,4577196,0,0,0,0
612,221151923736725493,12692036270898707153,2218,3090,4009,760348,5109481,210,2730,704314,36256,668058,48525154,2730,193830,197760,54790582,0,0,5109481,0,0,0,0
613,2441542289270940247,5779684091336869349,2160,3065,3986,761441,4969198,198,2574,701980,36998,664982,48362624,2574,182754,196160,54476163,0,0,4969198,0,0,0,0
614,2745968620229765810,16524562767159982568,2114,3111,4028,757467,5120596,216,2808,707860,38121,669739,48766098,2808,199368,199104,55046661,0,0,5120596,0,0,0,0
615,4713182381626846574,13766654445358089053,2182,3170,4086,770350,4930380,212,2756,707164,38833,668331,48716650,2756,195676,202880,54820022,0,0,4930380,0,0,0,0
616,1993988078026143436,11924175691212350062,2067,3020,3944,753206,5015036,189,2457,689264,29019,660245,47501178,2457,174447,193280,53641091,0,0,5015036,0,0,0,0
617,16003950986342310521,3134731417163780364,2189,3111,4028,755038,4997720,214,2782,709021,39656,669365,48843137,2782,197522,199104,54996549,0,0,4997720,0,0,0,0
618,1448929979945337566,12745087476487611449,2140,3078,3998,761084,4916392,201,2613,698612,34578,664034,48135072,2613,185523,196992,54199061,0,0,4916392,0,0,0,0
619,378026172324453297,11473586377980812483,2192,3065,3986,756981,5086042,202,2626,702525,35899,666626,48402427,2626,186446,196160,54632042,0,0,5086042,0,0,0,0
620,11784367204706456919,4617033734874652823,2163,3122,4011,772445,4875052,193,2509,699104,34950,664154,48168276,2509,178139,199808,54197731,0,0,4875052,0,0,0,0
621,5371584818921580350,2383185212503462994,1900,2856,3788,756829,4519320,154,2002,631451,21266,610185,43527587,2002,142142,182784,49132450,0,0,4519320,0,0,0,0
622,8390587683762868493,10129950718371388192,2185,3090,4009,742354,4934397,207,2691,705702,37415,668287,48618608,2691,191061,197760,54688189,0,0,4934397,0,0,0,0
623,5057135895183718154,13247521916945176705,1149,1265,17408,140393,488761,10,130,47716,1063,46653,3290278,130,9230,80960,4027030,0,0,488761,0,0,0,0
624,6973639689050442241,7119522225100301207,16,16,213,0,0,0,0,0,0,0,0,0,0,1024,1237,0,0,0,0,0,0,0
625,4575858298193425457,4130466104033084581,2119,3111,4028,735812,4948996,212,2756,707594,38755,668839,48746476,2756,195676,199104,54830092,0,0,4948996,0,0,0,0
626,1459799507627575215,13881491248121689577,2138,3188,4072,759662,5124964,220,2860,712499,39896,672603,49082639,2860,203060,204032,55378429,0,0,5124964,0,0,0,0
627,5685694842651379564,15881545856690920742,2235,3206,4081,753322,5124964,220,2860,710711,40265,670446,48958529,2860,203060,205184,55249140,0,0,5124964,0,0,0,0
628,11801883293739270566,12568602097796640355,2006,3036,3959,745741,5042791,193,2509,678633,17955,660678,46789767,2509,178139,194304,52954701,0,0,5042791,0,0,0,0
629,6592724588743389130,15300524767903065322,2152,3203,4078,766978,5121688,217,2821,706846,37012,669834,48698350,2821,200291,204992,54996377,0,0,5121688,0,0,0,0
630,8330099591412088470,18270213682518143151,2329,3196,4077,770458,5120596,216,2808,712541,40456,672085,49084417,2808,199368,204544,55383460,0,0,5120596,0,0,0,0
631,9266676392503724311,16969337198218239923,2018,2946,3874,756892,4877483,173,2249,675618,29262,646356,46559118,2249,159679,188544,52545590,0,0,4877483,0,0,0,0
632,13359154327563834019,387283962128733075,2069,3020,3944,763032,5020951,190,2470,695487,34349,661138,47919905,2470,175370,193280,54076482,0,0,5020951,0,0,0,0
633,16899107902442753537,7282963618556446737,2397,3339,4193,780630,4618315,205,2665,706048,40711,665337,48635890,2665,189215,213696,54441939,0,0,4618315,0,0,0,0
634,11618460855047005185,17987319974399003843,2077,3128,4043,763744,5127876,224,2912,712655,39593,673062,49094009,2912,206752,200192,55396616,0,0,5127876,0,0,0,0
635,12756044663846706838,17730217060018558038,1495,2376,3877,638943,3637491,99,1287,464816,5814,459002,32060676,1287,91377,152064,36584428,0,0,3637491,0,0,0,0
636,12379636975563747041,11408465557131396376,2215,3111,4028,751637,4976088,213,2769,708435,38621,669814,48804773,2769,196599,199104,54932229,0,0,4976088,0,0,0,0
637,10127277570326081677,3821967035357716262,2161,3036,3959,755585,4902287,190,2470,693919,34166,659753,47812079,2470,175370,194304,53843584,0,0,4902287,0,0,0,0
638,5978535484873843695,4918624458385320930,1629,2595,3640,714837,3950284,117,1521,518113,11824,506289,35726149,1521,107991,166080,40668981,0,0,3950284,0,0,0,0
639,15856554720597671723,14494263647694403094,2057,3003,3928,760141,4991636,186,2418,681934,26866,655068,46999714,2418,171678,192192,53119289,0,0,4991636,0,0,0,0
640,4076074947052337045,12402125921113008900,2134,3020,3944,759412,4835467,186,2418,686711,28639,658072,47325781,2418,171678,193280,53289562,0,0,4835467,0,0,0,0
641,354247999281503521,13760203400160005894,1803,2856,3850,754866,4685356,156,2028,630913,12650,618263,43507697,2028,143988,182784,49278541,0,0,4685356,0,0,0,0
642,15633040578676708371,14575143759040787998,2496,3302,4138,782918,4873986,194,2522,704729,41878,662851,48542545,2522,179062,211328,54593977,0,0,4873986,0,0,0,0
643,12308432481696372414,11821245419665206135,2088,3132,4049,760480,4777136,205,2665,699834,34871,664963,48218804,2665,189215,200448,54150132,0,0,4777136,0,0,0,0
644,17282118379056108663,14931378501410607555,1658,2595,3542,712167,4140409,122,1586,556517,14968,541549,38369737,1586,112606,166080,43504541,0,0,4140409,0,0,0,0
645,3939000332160386728,8651534412698704488,2212,3218,4081,755148,4925596,212,2756,706761,38991,667770,48688527,2756,195676,205952,54774980,0,0,4925596,0,0,0,0
646,2633944345621710373,2559077666488976978,2101,3152,4069,774276,4773600,206,2678,706872,39623,667249,48694922,2678,190138,201728,54638733,0,0,4773600,0,0,0,0
647,6007702649608414427,6704059999963012702,679121,682303,4054,764661,4966585,202,2626,702326,37885,664441,48384724,2626,186446,43667392,97973862,0,0,4966585,0,0,0,0
648,5437565753968029016,859203926581896521,2355,3123,4042,763705,4730908,197,2561,700233,37495,662738,48241087,2561,181831,199872,54121445,0,0,4730908,0,0,0,0
649,16489468718597773885,16040276571959841103,2030,3037,3914,750964,4288804,145,1885,638869,24685,614184,44032591,1885,133835,194368,49404476,0,0,4288804,0,0,0,0
650,2139026678767967536,11963491151434079100,1951,2966,3893,752218,4915677,177,2301,671548,23309,648239,46290194,2301,163371,189824,52315177,0,0,4915677,0,0,0,0
651,12732998959073337617,11763197920964073598,1972,2985,3911,753846,4637308,170,2210,702140,38578,663562,48370504,2210,156910,191040,54113519,0,0,4637308,0,0,0,0
652,12667186128461695927,8754520984252185054,2158,3123,4042,765983,4958317,202,2626,704006,38307,665699,48499800,2626,186446,199872,54614460,0,0,4958317,0,0,0,0
653,965648848581406699,14926448960374435286,2217,3144,4062,767177,4747665,202,2626,705623,39238,666385,48609511,2626,186446,201216,54516077,0,0,4747665,0,0,0,0
654,14688239453222220631,9118506850881522342,1400,2075,3749,528497,2836236,70,910,337078,6208,330870,23245966,910,64610,132800,26811858,0,0,2836236,0,0,0,0
655,15499481043304135410,16206249842000774863,1451,2376,3703,629085,3614741,98,1274,450262,10180,440082,31047718,1274,90454,152064,35537765,0,0,3614741,0,0,0,0
656,15052719882199892039,6680506254250992099,2117,3090,4009,774355,5107921,209,2717,696538,31027,665511,47999068,2717,192907,197760,54276020,0,0,5107921,0,0,0,0
657,6649709512467052771,10729211271972419459,2078,3128,4043,775384,4956276,220,2860,713640,40958,672682,49159244,2860,203060,200192,55298199,0,0,4956276,0,0,0,0
658,16517822258454559377,2434891492574949009,1924,2903,3833,760835,4793126,165,2145,651826,19178,632648,44937638,2145,152295,185792,50833519,0,0,4793126,0,0,0,0
659,5658466932555957732,6954798296163031102,2043,3036,3959,763532,4945785,191,2483,696004,33912,662092,47956452,2483,176293,194304,54040325,0,0,4945785,0,0,0,0
660,4308306325296819504,13200797751396776473,1782,2831,3808,751720,4632732,152,1976,626007,14532,611475,43165419,1976,140296,181184,48875159,0,0,4632732,0,0,0,0
661,15876323454465600244,8382082058674177250,2115,3003,3928,755066,4991636,186,2418,694266,34110,660156,47836134,2418,171678,192192,53950634,0,0,4991636,0,0,0,0
662,96679807295986386,16148149702264431239,1962,2903,3833,762623,4610476,160,2080,641782,18356,623426,44246246,2080,147680,185792,49956650,0,0,4610476,0,0,0,0
663,17239562545443793729,2589884551428222869,2191,3111,4028,765027,4997720,214,2782,707468,38152,669316,48738988,2782,197522,199104,54902389,0,0,4997720,0,0,0,0
664,41847363511816512,17872780157450826926,2162,3120,4036,750978,5124964,220,2860,707509,37332,670177,48743457,2860,203060,199680,55026175,0,0,5124964,0,0,0,0
665,6599062690871930985,15279050708785511352,2342,3405,4180,804649,4566523,169,2197,673155,29159,643996,46389377,2197,155987,217920,52138636,0,0,4566523,0,0,0,0
666,8684161414503418273,13682790012948665610,2110,3156,4072,779810,4935528,214,2782,704871,35379,669492,48565341,2782,197522,201984,54684257,0,0,4935528,0,0,0,0
667,18314418404687521985,13086866093926397700,1583,2526,3677,684405,3958773,113,1469,491041,10310,480731,33861209,1469,104299,161664,38774027,0,0,3958773,0,0,0,0
668,6866790557753914697,11634975039811558210,2159,3186,4070,782080,5125692,221,2873,710054,38995,671059,48915736,2873,203983,203904,55235465,0,0,5125692,0,0,0,0
669,7617772251789999682,15308676551693193031,2126,3175,4090,772071,4821024,213,2769,709908,40413,669495,48902826,2769,196599,203200,54899810,0,0,4821024,0,0,0,0
670,17946558795283661761,9619782020999843453,1477,2365,3313,600570,2918604,78,1014,425168,10740,414428,29315112,1014,71994,151360,33060953,0,0,2918604,0,0,0,0
671,15513656550250135436,3987684635606022822,2019,3036,3959,753545,4862039,190,2470,690589,31898,658691,47586845,2470,175370,194304,53576062,0,0,4862039,0,0,0,0
672,11595001968502660751,17469514783883979858,2251,3169,4085,755294,4920760,212,2756,705278,38024,667254,48588134,2756,195676,202816,54666765,0,0,4920760,0,0,0,0
673,8119812360879151612,8331246152944534637,2319,3150,4068,784436,4914481,206,2678,704704,38615,666089,48547346,2678,190138,201600,54642069,0,0,4914481,0,0,0,0
674,578583857471299202,2874351840881950504,2245,3180,4095,760698,4829292,212,2756,712717,42711,670006,49092051,2756,195676,203520,55085332,0,0,4829292,0,0,0,0
675,2104722919515244370,13695383003957862657,2146,3111,4028,768316,4945148,213,2769,705120,37925,667195,48577430,2769,196599,199104,54690625,0,0,4945148,0,0,0,0
676,18066470779128890983,16872456766581800637,1888,2903,3833,769836,4793126,165,2145,674453,26642,647811,46483973,2145,152295,185792,52388855,0,0,4793126,0,0,0,0
677,13342392515164786136,12949707809941030978,2105,3003,3928,767107,4784520,181,2353,685227,28834,656393,47222995,2353,167063,192192,53137805,0,0,4784520,0,0,0,0
678,9489402996867759569,9419860495301078284,2210,3209,4089,775003,5126147,222,2886,714407,41408,672999,49211267,2886,204906,205376,55526788,0,0,5126147,0,0,0,0
679,4507247751149639448,10591594785834865195,2141,3183,4101,763960,4723641,198,2574,696534,33117,663417,47994612,2574,182754,203712,53872780,0,0,4723641,0,0,0,0
680,14325695927051278904,6674217438403053680,2183,3020,3944,755066,5025683,191,2483,682669,26383,656286,47051395,2483,176293,193280,53205661,0,0,5025683,0,0,0,0
681,4549627462358699105,9298228277486294718,1622,2660,3723,738249,4271735,129,1677,539738,11447,528291,37219028,1677,119067,170240,42522042,0,0,4271735,0,0,0,0
682,13773308950712907785,14039925970709545740,2183,3178,4095,770710,4717284,202,2626,701873,36991,664882,48355255,2626,186446,203392,54237182,0,0,4717284,0,0,0,0
683,8627805959236296805,10062338640393462606,1540,2526,3583,695745,3978949,114,1482,503275,11745,491530,34702485,1482,105222,161664,39647648,0,0,3978949,0,0,0,0
684,14783932466914455596,2740661926421160733,1994,3036,3959,767055,5047523,194,2522,689976,27472,662504,47553400,2522,179062,194304,53745303,0,0,5047523,0,0,0,0
685,7063362618360469997,13207841113741698939,2186,3183,4097,752452,4808960,216,2808,713201,41845,671356,49127179,2808,199368,203712,55095768,0,0,4808960,0,0,0,0
686,15496269756699131943,4845255460987159807,2020,3003,3928,756686,4997551,187,2431,688777,28785,659992,47468043,2431,172601,192192,53591001,0,0,4997551,0,0,0,0
687,17462328991042244135,14205753850702478283,2199,3111,4028,753963,5011396,212,2756,699863,34040,665823,48222467,2756,195676,199104,54386634,0,0,5011396,0,0,0,0
688,9088773184934319842,3201915698346793514,1806,2750,3686,726177,4472559,141,1833,599490,18255,581235,41328300,1833,130143,176000,46836865,0,0,4472559,0,0,0,0
689,11362115854441008537,7879216217828202436,2240,3235,4108,797517,4713488,181,2353,698383,38934,659449,48110559,2353,167063,207040,53999775,0,0,4713488,0,0,0,0
690,4447914125261390177,15104252724678672070,2075,3065,3986,737002,4916106,197,2561,698389,36235,662154,48116371,2561,181831,196160,54151456,0,0,4916106,0,0,0,0
691,2208441132032707222,4060613603563013383,1312,1980,3500,484354,2578784,62,806,305873,5150,300723,21094937,806,57226,126720,24345521,0,0,2578784,0,0,0,0
692,4773286599351137724,2127689164902285096,2368,3368,4222,785519,4554056,216,2808,716966,45927,671039,49378800,2808,199368,215552,55137517,0,0,4554056,0,0,0,0
693,18431393787147755480,13133291680576626843,1839,2856,3788,757873,4485520,152,1976,640745,21207,619538,44168991,1976,140296,182784,49739252,0,0,4485520,0,0,0,0
694,15712940082949541157,10640260364039247965,2377,3052,3938,760474,4607642,161,2093,675472,34070,641402,46539428,2093,148603,195328,52255413,0,0,4607642,0,0,0,0
695,5047057608239110481,6920671709268672175,2089,3135,4049,753005,4939480,224,2912,712579,40688,671891,49086575,2912,206752,200640,55190501,0,0,4939480,0,0,0,0
696,3810085516931865123,4439462640833866975,2173,3220,4084,779466,5121012,218,2834,711667,40706,670961,49023611,2834,201214,206080,55335467,0,0,5121012,0,0,0,0
697,17197911180461037765,1795787563535531033,2073,3120,4036,748270,5020236,217,2821,711733,39830,671903,49029917,2821,200291,199680,55202430,0,0,5020236,0,0,0,0
698,16390120351940928361,11931497773428368827,2080,3056,3980,765329,4801420,182,2366,677824,23504,654320,46722848,2366,167986,195584,52657147,0,0,4801420,0,0,0,0
699,414284693792585915,16890755642790842707,2176,3073,3996,742745,4815200,185,2405,689688,33102,656586,47522268,2405,170755,196672,53451636,0,0,4815200,0,0,0,0
700,16760288997976466747,9531217364653525355,1686,2561,3503,689710,3822000,112,1456,505263,14823,490440,34833501,1456,103376,163904,39615994,0,0,3822000,0,0,0,0
701,2019704859519031519,4777571984750711415,2201,3078,3998,763480,5099341,206,2678,703430,37601,665829,48461468,2678,190138,196992,54715417,0,0,5099341,0,0,0,0
702,11139517963610938150,17798614583071685002,2219,3198,4114,769448,4719325,205,2665,704745,39239,665506,48548927,2665,189215,204672,54435701,0,0,4719325,0,0,0,0
703,16223597924637594094,8811164285615442459,1450,2336,3710,618110,3514784,94,1222,436449,7820,428629,30099341,1222,86762,149504,34472211,0,0,3514784,0,0,0,0
704,11966477985968963134,10507100402004258518,1933,2985,3911,757109,4766528,179,2327,669877,20175,649702,46181163,2327,165217,191040,52064968,0,0,4766528,0,0,0,0
705,6896261019369160036,4696751340260704029,2188,3241,4154,783885,4766060,216,2808,710600,41367,669233,48948666,2808,199368,207424,54909557,0,0,4766060,0,0,0,0
706,2194147068444674916,16334992942253329150,2293,3277,4134,769013,4917172,210,2730,708674,40717,667957,48817072,2730,193830,209728,54910949,0,0,4917172,0,0,0,0
707,4888443503762510802,17327589894665107747,2424,3289,4154,792556,4897360,201,2613,698333,36468,661865,48112041,2613,185523,210496,54202130,0,0,4897360,0,0,0,0
708,8052378887538880508,8059458918031654300,2068,3120,4036,767130,5124964,220,2860,710833,38594,672239,48970289,2860,203060,199680,55269159,0,0,5124964,0,0,0,0
709,17691340971513970012,8644082702601696135,2152,3169,4086,795793,4750941,201,2613,707612,39875,667737,48745478,2613,185523,202816,54684637,0,0,4750941,0,0,0,0
710,17103961784338573818,7887661753191422246,2413,3429,4200,774069,5120596,216,2808,710728,41750,668978,48956732,2808,199368,219456,55274421,0,0,5120596,0,0,0,0
711,15202669987084571639,9514598879979950354,2110,3120,4036,760404,5124964,220,2860,709916,38325,671591,48907554,2860,203060,199680,55199698,0,0,5124964,0,0,0,0
712,5953990809327483914,6402372294729751383,2241,3153,4019,767699,5047523,194,2522,697882,35684,662198,48082490,2522,179062,201792,54282585,0,0,5047523,0,0,0,0
713,17855951411332076899,1224072527027517543,2161,3119,4035,769626,4987736,217,2821,707305,38301,669004,48727443,2821,200291,199616,54888747,0,0,4987736,0,0,0,0
714,9184047310697356165,9996838961991106569,2188,3235,4105,768300,5129696,228,2964,713937,40752,673185,49180149,2964,210444,207040,55499734,0,0,5129696,0,0,0,0
715,13544892148617025026,433402027417844472,2176,3226,4094,779767,5129696,228,2964,715525,41611,673914,49288003,2964,210444,206464,55618468,0,0,5129696,0,0,0,0
716,12779733721289212576,5160531902612650079,1864,2880,3833,754501,4568044,156,2028,619056,17030,602026,42680804,2028,143988,184320,48335490,0,0,4568044,0,0,0,0
717,14633293032831433389,16556527428279352105,2204,3219,4078,751542,4912180,208,2704,707376,40618,666758,48727708,2704,191984,206016,54793508,0,0,4912180,0,0,0,0
718,9229854299135121587,413826573617276441,2209,3166,4082,770041,4936204,213,2769,707797,39637,668160,48758719,2769,196599,202624,54868269,0,0,4936204,0,0,0,0
719,11736205866905026319,15653948366742274917,1934,2890,3822,747420,4432896,148,1924,643567,21619,621948,44362885,1924,136604,184960,49868587,0,0,4432896,0,0,0,0
720,7749556930614768223,10375543444304883057,2083,3120,4036,763441,5126147,222,2886,712240,40093,672147,49064374,2886,204906,199680,55362584,0,0,5126147,0,0,0,0
721,1322249714398968656,6925809326266919262,679121,682489,4231,793418,4641195,213,2769,714311,44443,669868,49198573,2769,196599,43679296,98513312,0,0,4641195,0,0,0,0
722,11338016266857222091,7150666395480808366,2214,3235,4093,790340,5124964,220,2860,710681,39973,670708,48957043,2860,203060,207040,55286540,0,0,5124964,0,0,0,0
723,13354510800715437407,3212121779517016710,1254,1560,5666,290734,1421082,31,403,131073,2905,128168,9038227,403,28613,99840,10884162,0,0,1421082,0,0,0,0
724,10641301294737041240,15146376219706568221,1498,2376,3817,640087,3470415,95,1235,445902,6488,439414,30754262,1235,87685,152064,35108330,0,0,3470415,0,0,0,0
725,3402503405738243120,6047486138435394578,2088,3133,4051,771816,4787653,202,2626,700473,35475,664998,48261687,2626,186446,200512,54212165,0,0,4787653,0,0,0,0
726,12681844524473137276,11604227164785939437,2165,3215,4130,771543,4920760,212,2756,701870,35377,666493,48358276,2756,195676,205760,54456145,0,0,4920760,0,0,0,0
727,16874051204606451211,3944153294284883261,2277,3051,3973,772218,5065268,197,2561,698942,35211,663731,48156576,2561,181831,195264,54375130,0,0,5065268,0,0,0,0
728,59797061696096951,4247236232590083149,2459,3459,4229,786537,4987736,217,2821,714095,43761,670334,49185033,2821,200291,221376,55385202,0,0,4987736,0,0,0,0
729,4994989261052180492,5991265015336313018,2137,3164,4080,763933,4944108,213,2769,705528,37220,668308,48606992,2769,196599,202496,54718208,0,0,4944108,0,0,0,0
730,8674437369330605328,10974457721715965609,2126,3171,4087,756723,4920760,212,2756,702797,36324,666473,48420345,2756,195676,202944,54500535,0,0,4920760,0,0,0,0
731,10323825452136550544,16111817467637672490,2132,3182,4055,767153,5107921,209,2717,704964,36981,667983,48568554,2717,192907,203648,54844238,0,0,5107921,0,0,0,0
732,17795717853289239040,5434431814707942193,2214,3101,4019,763707,4977492,208,2704,695570,32592,662978,47929146,2704,191984,198464,54064812,0,0,4977492,0,0,0,0
733,1483468292785639481,12751100816753067519,2118,3121,4041,760677,4895826,198,2574,697384,32767,664617,48053962,2574,182754,199744,54097004,0,0,4895826,0,0,0,0
734,9801838805084428213,11132590780298211297,2276,3036,3959,769920,4861987,189,2457,697214,36556,660658,48034654,2457,174447,194304,54039271,0,0,4861987,0,0,0,0
735,15581019411513005347,5637872828506305529,2119,3111,4028,761878,4931472,213,2769,710881,40183,670698,48970423,2769,196599,199104,55063504,0,0,4931472,0,0,0,0
736,10654387894964854132,13705627620491999858,2220,3271,4145,773203,4937296,221,2873,713584,41912,671672,49153472,2873,203983,209344,55281443,0,0,4937296,0,0,0,0
737,8771142779764509883,8107268734041893898,2061,3090,4009,760777,5107921,209,2717,707369,38842,668527,48730777,2717,192907,197760,54994151,0,0,5107921,0,0,0,0
738,12788830630933417344,16597218472108769753,207,207,4157,0,0,0,0,0,0,0,0,0,0,13248,17405,0,0,0,0,0,0,0
739,10822491647574253858,9120222344122971616,2251,3202,4117,771520,4746404,210,2730,709176,40370,668806,48852404,2730,193830,204928,54773203,0,0,4746404,0,0,0,0
740,12071451757757128827,11556719226580565564,2077,3128,4043,766376,4991012,220,2860,711038,39155,671883,48983312,2860,203060,200192,55147995,0,0,4991012,0,0,0,0
741,3234914246405969382,16992668474947748777,2101,3003,3928,751483,4791800,182,2366,689017,33022,655995,47476129,2366,167986,192192,53383518,0,0,4791800,0,0,0,0
742,17353871685385011834,5867928550995241604,2155,3198,4070,774778,5107921,209,2717,703708,37151,666557,48481550,2717,192907,204672,54765898,0,0,5107921,0,0,0,0
743,10284001469478647888,8100617967492121983,2244,3220,4078,780148,4914325,209,2717,710373,41557,668816,48932623,2717,192907,206080,55030161,0,0,4914325,0,0,0,0
744,3584243757236677370,15902698486207478526,2141,3051,3973,777043,5060536,196,2548,690510,32280,658230,47580630,2548,180908,195264,53798354,0,0,5060536,0,0,0,0
745,1683543872317802967,1880629033264610202,2140,3090,4009,762819,4956757,207,2691,700577,33340,667237,48273133,2691,191061,197760,54385539,0,0,4956757,0,0,0,0
746,8119391169943428274,16700664206671585375,2072,3060,3985,780661,4548596,168,2184,678771,31864,646907,46771471,2184,155064,195840,52455617,0,0,4548596,0,0,0,0
747,4699563315582228049,3281474318016358173,2149,3170,4086,773249,4931472,213,2769,708664,38682,669982,48820452,2769,196599,202880,54928738,0,0,4931472,0,0,0,0
748,2650793684075026015,184930976309745109,2284,3330,4155,782803,5035420,225,2925,717849,43290,674559,49445001,2925,207675,213120,55688174,0,0,5035420,0,0,0,0
749,15078780034518663149,1100644969004571571,2345,3360,4235,773083,4747808,212,2756,714176,45583,668593,49186978,2756,195676,215040,55122820,0,0,4747808,0,0,0,0
750,9516802369170204719,3174136791019782335,1951,3003,3928,756499,4821375,183,2379,680914,26029,654885,46931008,2379,168909,192192,52873911,0,0,4821375,2560,0,0,0
751,9857849601728017366,17579966103343729554,1808,2856,3828,733084,4685356,156,2028,619772,15081,604691,42734106,2028,143988,182784,48483146,0,0,4685356,0,0,0,0
752,3655718873919174225,9655617116833507584,1528,2490,3542,690942,3893136,110,1430,479421,10453,468968,33059143,1430,101530,159360,37907653,0,0,3893136,0,0,0,0
753,3498152470363394420,5196315333844036943,1832,2880,3811,749218,4540120,156,2028,640627,20290,620337,44162683,2028,143988,184320,49784140,0,0,4540120,0,0,0,0
754,4142373120935482839,10159879038575060779,2090,2985,3911,759524,4775108,177,2301,679934,27625,652309,46860196,2301,163371,191040,52753150,0,0,4775108,0,0,0,0
755,11386361933896381372,2993676003523943780,2150,3128,4043,763847,4951700,220,2860,709811,39572,670239,48897815,2860,203060,200192,55020657,0,0,4951700,0,0,0,0
756,8443758103164304602,3634171039600096513,1642,2660,3669,721914,4288661,130,1690,536214,14012,522202,36970742,1690,119990,170240,42275216,0,0,4288661,0,0,0,0
757,8219537104832655677,16699894761867045571,2211,3199,4044,773261,4825951,186,2418,695739,37358,658381,47931275,2418,171678,204736,53910945,0,0,4825951,0,0,0,0
758,11837429995650670492,12085121204636904156,2227,3223,4094,777726,5125692,221,2873,712353,40014,672339,49072329,2873,203983,206272,55390096,0,0,5125692,0,0,0,0
759,12962131736601260561,16109482743959727974,1624,2628,3634,723661,4198441,125,1625,529407,12232,517175,36504619,1625,115375,168192,41713922,0,0,4198441,0,0,0,0
760,3566009117996637487,4766001843756246534,2368,3377,4185,761572,5008120,216,2808,712603,41526,671077,49086555,2808,199368,216128,55275928,0,0,5008120,0,0,0,0
761,11429285199178719925,5869918941450771712,2294,3202,4118,776591,4722172,206,2678,706515,39852,666663,48669831,2678,190138,204928,54567778,0,0,4722172,0,0,0,0
762,1774941666361266870,801517622713181961,1823,2805,3739,731902,4591080,149,1937,606866,16442,590424,41840870,1937,137527,179520,47484638,0,0,4591080,0,0,0,0
763,17896800419444015272,645197947007763418,2185,3101,4019,759339,4938180,208,2704,704270,36978,667292,48520674,2704,191984,198464,54612660,0,0,4938180,0,0,0,0
764,14838459320748198494,6953998401968525707,2107,3101,4019,770796,5115916,213,2769,709201,38275,670926,48858319,2769,196599,198464,55144113,0,0,5115916,0,0,0,0
765,7241118836352957487,8788120964533969575,1149,1326,16334,162312,676624,14,182,56891,1190,55701,3923099,182,12922,84864,4876155,0,0,676624,0,0,0,0
766,3180776867860607969,9759114882527426397,2059,3110,4027,766120,5121012,218,2834,708664,37237,671427,48823342,2834,201214,199040,55114755,0,0,5121012,0,0,0,0
767,16459822930520107018,5728346138206757436,2267,3170,4086,752776,4926688,213,2769,699923,34642,665281,48225403,2769,196599,202880,54308432,0,0,4926688,0,0,0,0
768,368413103938873723,18262768714896179228,2075,3128,4043,742379,5127876,224,2912,715936,41367,674569,49316850,2912,206752,200192,55598092,0,0,5127876,0,0,0,0
769,7387674628622485179,4823162992555546596,2150,3171,4087,775417,4925596,212,2756,709320,40254,669066,48862572,2756,195676,202944,54966292,0,0,4925596,0,0,0,0
770,4552233550283288364,6547987360064435635,2155,3204,4119,770327,4769596,210,2730,711623,41480,670143,49019027,2730,193830,205056,54961955,0,0,4769596,0,0,0,0
771,10230036322838366769,16834091486503133825,1949,2903,3833,761203,4627324,162,2106,661961,24290,637671,45626729,2106,149526,185792,51354407,0,0,4627324,0,0,0,0
772,17568047770432397041,17928037538960480115,2345,3193,4060,775747,4927117,205,2665,701702,37173,664529,48343092,2665,189215,204352,54443583,0,0,4927117,0,0,0,0
773,8487381258365441485,12979024976696557597,2326,3192,4057,764383,5099341,206,2678,709019,40498,668521,48841315,2678,190138,204288,55103522,0,0,5099341,0,0,0,0
774,12002854015431648748,9078779629580831054,2081,2946,3874,747990,4727983,169,2197,673849,28306,645543,46438969,2197,155987,188544,52263347,0,0,4727983,0,0,0,0
775,17677776718261518007,6569972083400709734,2386,3168,4084,769553,4731792,206,2678,707062,38726,668336,48709826,2678,190138,202752,54608145,0,0,4731792,0,0,0,0
776,18386159295333708937,2957022115271191264,1772,2750,3700,729198,4472559,141,1833,590462,15525,574937,40710828,1833,130143,176000,46222428,0,0,4472559,0,0,0,0
777,4341141527874333841,9813033933524934798,2054,3065,3986,747211,5086042,202,2626,688790,26038,662752,47474434,2626,186446,196160,53694279,0,0,5086042,0,0,0,0
778,12041586216734902521,15864651036166104140,2113,3111,4028,751635,5040984,213,2769,710840,39815,671025,48968330,2769,196599,199104,55160680,0,0,5040984,0,0,0,0
779,12091280701665719598,11374426330775825533,2165,3139,4004,763073,4730193,173,2249,687089,32403,654686,47344335,2249,159679,200896,53202180,0,0,4730193,0,0,0,0
780,5747063561846634627,11268985054877153913,2049,3090,4009,754174,4910737,207,2691,692666,29363,663303,47735228,2691,191061,197760,53792969,0,0,4910737,0,0,0,0
781,13659019480788384581,1477224547608252275,2133,3152,4068,767044,4962100,213,2769,705686,36461,669225,48619412,2769,196599,201728,54750951,0,0,4962100,0,0,0,0
782,17341197987695479059,12758543251451862339,1264,1722,4655,361169,1668342,37,481,168116,2791,165325,11594422,481,34151,110208,13772947,0,0,1668342,0,0,0,0
783,1971492685913915853,9498829225923425933,1390,2075,3713,513480,2836236,70,910,313748,6141,307607,21636330,910,64610,132800,25187169,0,0,2836236,0,0,0,0
784,12990264759546356782,11895254356461299636,1264,1497,8886,237750,1212185,26,338,106076,2606,103470,7314032,338,23998,95808,8892659,0,0,1212185,0,0,0,0
785,1407034803039058523,3208817668834566120,1912,2721,3658,744475,4243317,134,1742,581547,19161,562386,40088421,1742,123682,174144,45377697,0,0,4243317,0,0,0,0
786,17901577062350509317,7987965710380798642,2213,3223,4089,778964,5124964,220,2860,712087,41124,670963,49051755,2860,203060,206272,55369104,0,0,5124964,0,0,0,0
787,14908308133424987909,14069639601022609556,2177,3142,4059,772731,4958824,210,2730,706621,38068,668553,48680713,2730,193830,201088,54811245,0,0,4958824,0,0,0,0
788,11366450769460786544,12212992164959690807,2253,3282,4146,787543,4947072,220,2860,715533,43369,672164,49285039,2860,203060,210048,55436908,0,0,4947072,0,0,0,0
789,11971815552029434115,6278165743160279719,2085,3090,4009,757112,4929600,204,2652,699268,36703,662565,48176086,2652,188292,197760,54252859,0,0,4929600,0,0,0,0
790,4383325361708959176,13054491907527346276,2158,3119,4035,754492,4969692,216,2808,702213,34810,667403,48383077,2808,199368,199616,54510280,0,0,4969692,0,0,0,0
791,18363733528407095931,9212974215549949124,1768,2750,3734,730575,4487184,142,1846,583861,15275,568586,40255859,1846,131066,176000,45784418,0,0,4487184,0,0,0,0
792,10002861733785003672,15986135879997762259,1815,2805,3739,747504,4591080,149,1937,632953,16994,615959,43639769,1937,137527,179520,49299139,0,0,4591080,0,0,0,0
793,403711196683579954,82719973290891810,1379,1830,5211,423692,2161861,50,650,203222,3596,199626,14015126,650,46150,117120,16769160,0,0,2161861,0,0,0,0
794,1222773764376697482,8175128634320203859,2192,3174,4089,774763,4962360,216,2808,710584,40720,669864,48948856,2808,199368,203136,55092572,0,0,4962360,0,0,0,0
795,14894244315246357671,13187776644179564887,1649,2660,3647,739321,4288661,130,1690,560908,16912,543996,38668828,1690,119990,170240,43990687,0,0,4288661,0,0,0,0
796,9551010347952717070,7764205285819024450,2073,3120,4036,752081,4925128,216,2808,706671,37504,669167,48685291,2808,199368,199680,54765584,0,0,4925128,0,0,0,0
797,11518686151825928075,7510247214459235898,2295,3319,4148,790326,5120596,216,2808,714983,43347,671636,49247133,2808,199368,212416,55573987,0,0,5120596,0,0,0,0
798,18169216822466057707,16254368127024107430,1847,2750,3686,724121,4282343,137,1781,584476,20727,563749,40287390,1781,126451,176000,45599991,0,0,4282343,0,0,0,0
799,17509253598807826051,8431495706168945874,2350,3396,4219,775340,4749264,212,2756,711658,41842,669816,49020718,2756,195676,217344,54962561,0,0,4749264,0,0,0,0
800,207223875412327326,10118852599895984599,2231,3263,4126,783774,4942392,220,2860,712100,40468,671632,49053964,2860,203060,208832,55196148,0,0,4942392,0,0,0,0
801,10411526384303269376,15197579925078485412,1374,1778,5452,382244,2014480,46,598,193751,4062,189689,13360695,598,42458,113792,15919121,0,0,2014480,0,0,0,0
802,5301745987430737095,13914075244360019892,2348,3242,4114,780349,4915573,207,2691,710316,41636,668680,48928532,2691,191061,207488,55027117,0,0,4915573,0,0,0,0
803,5978770521789078293,2430543947129662318,2252,3125,4045,756776,4891042,198,2574,701579,37235,664344,48334481,2574,182754,200000,54369098,0,0,4891042,0,0,0,0
804,9728400486518285695,1076325802860171526,2073,3036,3959,753605,4852523,190,2470,691164,32798,658366,47624720,2470,175370,194304,53604481,0,0,4852523,0,0,0,0
805,12917981941722151755,4436109560820430606,2267,3297,4185,795996,4802200,216,2808,715029,43613,671416,49249775,2808,199368,211008,55262532,0,0,4802200,0,0,0,0
806,16932523169649586864,8670703076502704777,2204,3078,3998,772245,5099341,206,2678,701906,36441,665465,48358632,2678,190138,196992,54621346,0,0,5099341,0,0,0,0
807,15706837575289627978,14997366684646061356,1846,2721,3672,723705,4438746,139,1807,559425,14343,545082,38571639,1807,128297,174144,44040203,0,0,4438746,0,0,0,0
808,15298385790794028158,7122094070481490561,1937,2831,3764,743130,4432896,148,1924,621224,18682,602542,42827092,1924,136604,181184,48324670,0,0,4432896,0,0,0,0
809,10769344395154416677,16680657095248878299,2079,3127,4042,765163,5127512,225,2925,710244,37580,672664,48931676,2925,207675,200128,55236196,0,0,5127512,0,0,0,0
810,10489087642773762585,14288780598805872321,1664,2628,3628,713869,4198441,125,1625,522558,14777,507781,36026948,1625,115375,168192,41226453,0,0,4198441,0,0,0,0
811,17446287876639459340,12600224300873572050,2217,3259,4172,773195,4636892,209,2717,713063,43377,669686,49114593,2717,192907,208576,54930335,0,0,4636892,0,0,0,0
812,6024001205846443217,16292511933883066484,1285,1881,3443,448597,2270788,53,689,255283,5455,249828,17603617,689,48919,120384,20495748,0,0,2270788,0,0,0,0
813,11303469930602444238,8314769261148980325,2121,3090,4009,759930,4919265,206,2678,703280,37970,665310,48450380,2678,190138,197760,54521482,0,0,4919265,0,0,0,0
814,7128518023723225507,12467939600163636913,1853,2880,3811,752527,4735120,160,2080,651742,22178,629564,44925842,2080,147680,184320,50749300,0,0,4735120,0,0,0,0
815,16983929887599104962,16981785971515456900,2129,3180,4095,752227,4925128,216,2808,706881,37393,669488,48700003,2808,199368,203520,54784341,0,0,4925128,0,0,0,0
816,2966305349566322695,18416278845272863972,2322,3372,4224,771427,4744480,220,2860,713903,45446,668457,49168415,2860,203060,215808,55107414,0,0,4744480,0,0,0,0
817,17315387029656839232,2155552245487203107,2082,3133,4052,772556,4723966,194,2522,691439,30457,660982,47648377,2522,179062,200512,53528525,0,0,4723966,0,0,0,0
818,6063104702392433395,18100410361086006227,1754,2805,3777,746037,4604236,150,1950,605640,12647,592993,41763866,1950,138450,179520,47435886,0,0,4604236,0,0,0,0
819,2168894197117544045,11097692715766953533,2211,3260,4123,767023,4755101,201,2613,698653,34711,663942,48137635,2613,185523,208640,54058045,0,0,4755101,0,0,0,0
820,13166810294868532217,13534278730848916687,2342,3168,4083,786231,4935476,217,2821,710704,40388,670316,48957800,2821,200291,202752,55086633,0,0,4935476,0,0,0,0
821,7154515070292256585,5739571099377307037,2177,3111,4028,770857,4980664,213,2769,708540,39182,669358,48810896,2769,196599,199104,54962148,0,0,4980664,0,0,0,0
822,12951147799802289705,15403244682661046655,2000,3051,3973,761106,5068986,198,2574,686178,22466,663712,47301350,2574,182754,195264,53513433,0,0,5068986,0,0,0,0
823,3015744000105577195,2859675409743641591,2212,3231,4099,755573,4947072,220,2860,710908,40764,670144,48971124,2860,203060,206784,55087712,0,0,4947072,0,0,0,0
824,3200219573612197833,8401571648665380397,2120,3120,4036,768742,4925128,216,2808,706369,38002,668367,48663457,2808,199368,199680,54760411,0,0,4925128,0,0,0,0
825,13591824910804554527,3012715002489870637,2313,3081,4003,770497,4857307,190,2470,689810,32194,657616,47532502,2470,175370,197184,53536863,0,0,4857307,0,0,0,0
826,3339416729962887014,9604070121271528804,1971,2985,3911,757077,4662320,174,2262,691328,33514,657814,47634604,2262,160602,191040,53409554,0,0,4662320,0,0,0,0
827,12164848042940949902,2309773847145382337,2362,3330,4212,773755,4627584,202,2626,704497,40107,664390,48530079,2626,186446,213120,54335196,0,0,4627584,0,0,0,0
828,335404788479088392,7751343593654485618,2615,3614,4399,803489,4428684,201,2613,712189,47475,664714,49046091,2613,185523,231296,54699482,0,0,4428684,0,0,0,0
829,13603472540772416096,8490460687229727121,2087,2946,3874,758356,4682288,168,2184,673605,27723,645882,46423299,2184,155064,188544,52211425,0,0,4682288,0,0,0,0
830,17071705075626909005,1609673054155332131,2310,3369,4225,801418,4523701,194,2522,702882,39889,662993,48419080,2522,179062,215616,54143102,0,0,4523701,0,0,0,0
831,18341829242763824071,80397060260169959,2169,3120,4036,764722,5012696,217,2821,713033,40732,672301,49117813,2821,200291,199680,55299238,0,0,5012696,0,0,0,0
832,11863214575400528271,7683896030070440243,2097,3065,3986,761216,4902378,197,2561,692897,32571,660326,47744751,2561,181831,196160,53790322,0,0,4902378,0,0,0,0
833,14506332774470416811,12816225498485005051,2329,3380,4206,784974,4938115,221,2873,717775,45341,672434,49435793,2873,203983,216320,55583391,0,0,4938115,0,0,0,0
834,16341460276570440754,575883898706281642,2058,3109,4026,755139,4985773,213,2769,704369,35558,668811,48530345,2769,196599,198976,54670858,0,0,4985773,0,0,0,0
835,11891630108198771782,2536189858352625239,2085,3003,3928,758457,4984356,185,2405,676895,24999,651896,46655757,2405,170755,192192,52765445,0,0,4984356,0,0,0,0
836,3237365898895304903,6221027252030801723,1445,2028,5053,521470,2709525,66,858,284986,3538,281448,19656958,858,60918,129792,23083716,0,0,2709525,0,0,0,0
837,8086558773091539912,9432266024697573072,2200,3167,4083,771835,4749420,208,2704,701470,36879,664591,48327672,2704,191984,202688,54247682,0,0,4749420,0,0,0,0
838,10431314773469200888,16631110435152564227,2156,3205,4067,772165,5107921,209,2717,701640,34326,667314,48344508,2717,192907,205120,54626688,0,0,5107921,0,0,0,0
839,5461541220844599963,1376825390651133979,1449,2336,3766,641795,3514784,94,1222,443354,9180,434174,30573066,1222,86762,149504,34969677,0,0,3514784,0,0,0,0
840,4539211007863776794,1896759383142095106,1981,2966,3893,765758,4906616,176,2288,675392,24388,651004,46553272,2288,162448,189824,52581811,0,0,4906616,0,0,0,0
841,15703221057569399048,11305388491631803589,2176,3101,4019,762548,5115916,213,2769,706953,38233,668720,48703291,2769,196599,198464,54980837,0,0,5115916,0,0,0,0
842,12772105613499943886,8331756493880223248,1862,2903,3841,739039,4803500,166,2158,654678,17685,636993,45137412,2158,153218,185792,51022802,0,0,4803500,0,0,0,0
843,7478921013899394029,15389938453509026154,2157,3120,4036,762072,4962360,216,2808,702018,34868,667150,48369506,2808,199368,199680,54497022,0,0,4962360,0,0,0,0
844,1387853742344384276,8161217061144081725,2045,2966,3893,769081,4739540,172,2236,677220,27257,649963,46673666,2236,158756,189824,52534760,0,0,4739540,0,0,0,0
845,17176422432421311470,3375381298197409596,2162,3090,4009,769228,5107921,209,2717,700606,33606,667000,48274602,2717,192907,197760,54546427,0,0,5107921,0,0,0,0
846,1093245606580494778,12348372053297518629,2044,3036,3959,758100,4934527,190,2470,692963,32516,660447,47749415,2470,175370,194304,53815675,0,0,4934527,0,0,0,0
847,9546628066256525176,17116772105901998414,2193,3065,3986,754272,5086042,202,2626,703614,36493,667121,48476380,2626,186446,196160,54703286,0,0,5086042,0,0,0,0
848,2742271570923014706,4402025990535282119,2131,2925,3854,766690,4836650,169,2197,668061,25938,642123,46044333,2197,155987,187200,51994714,0,0,4836650,0,0,0,0
849,1911302707690250453,11378255249967825113,2371,3101,4019,749169,4920448,209,2717,704584,38904,665680,48538488,2717,192907,198464,54603495,0,0,4920448,0,0,0,0
850,9254027201414479952,13302858416581246102,1833,2831,3764,734321,4658329,154,2002,629613,14876,614737,43413545,2002,142142,181184,49133285,0,0,4658329,0,0,0,0
851,1974917052749627494,16848373938420256615,2272,3320,4137,773162,5120596,216,2808,709383,39518,669865,48868391,2808,199368,212480,55178134,0,0,5120596,0,0,0,0
852,14086352277056493489,10297060810721065061,2135,3166,4081,770828,4730128,212,2756,710106,40836,669270,48915642,2756,195676,202624,54818979,0,0,4730128,0,0,0,0
853,15646807419831327753,9174008631962920771,1949,2966,3893,750369,4802044,173,2249,682328,31331,650997,47017970,2249,159679,189824,52923779,0,0,4802044,0,0,0,0
854,8081510305507105706,6521882285448212970,2202,3128,4044,767331,4971824,213,2769,703085,35648,667437,48441569,2769,196599,200192,54581559,0,0,4971824,0,0,0,0
855,12048132759722743492,15172839163925647629,2236,3170,4086,770143,4930380,212,2756,705021,36563,668458,48573323,2756,195676,202880,54676488,0,0,4930380,0,0,0,0
856,4956973257292986760,505409949261462250,2146,3120,4036,770507,4925128,216,2808,703590,37462,666128,48472786,2808,199368,199680,54571505,0,0,4925128,0,0,0,0
857,13997882618806339352,11166062564334952249,1941,2946,3874,759374,4877483,173,2249,660972,23569,637403,45559930,2249,159679,188544,51548884,0,0,4877483,0,0,0,0
858,12143416357550260545,18335002900704880707,2105,3090,4009,748556,5004025,206,2678,702379,34898,667481,48394355,2678,190138,197760,54538843,0,0,5004025,0,0,0,0
859,10810594063590991913,10533111248836762089,1919,2966,3893,764265,4787237,174,2262,663688,17966,645722,45758540,2262,160602,189824,51664361,0,0,4787237,0,0,0,0
860,7091249316525756153,10836467519858198535,2077,3090,4009,769997,5109481,210,2730,702887,35529,667358,48428145,2730,193830,197760,54703222,0,0,5109481,0,0,0,0
861,7050516824112570274,17684671368130633854,1971,3020,3944,780120,5020951,190,2470,686800,29423,657377,47330354,2470,175370,193280,53504019,0,0,5020951,0,0,0,0
862,12870458458020793496,219744002608870709,2078,3078,3998,770251,5099341,206,2678,700083,32844,667239,48240039,2678,190138,196992,54500759,0,0,5099341,0,0,0,0
863,6681618435262431050,14091642910931470828,1641,2691,3743,726949,4324892,132,1716,542885,10386,532499,37438293,1716,121836,172224,42787937,0,0,4324892,0,0,0,0
864,16292954604577266035,6239735699218191564,1800,2691,3649,732655,4177160,130,1690,570355,15288,555067,39323919,1690,119990,172224,44529597,0,0,4177160,0,0,0,0
865,11225149710891549225,4372096774131127762,1828,2660,3599,712185,4288661,130,1690,546246,17709,528537,37655556,1690,119990,170240,42950231,0,0,4288661,0,0,0,0
866,12909982695472119933,3774571101393741568,2293,3294,4147,769767,4948840,209,2717,704022,36069,667953,48505380,2717,192907,210816,54631857,0,0,4948840,0,0,0,0
867,1824355995950365656,3588538631173191779,2247,3224,4089,764302,4921852,213,2769,712076,40615,671461,49052014,2769,196599,206336,55145192,0,0,4921852,0,0,0,0
868,12722417601184379589,11729821449847700837,2139,3090,4009,766745,4954105,205,2665,700194,35345,664849,48242696,2665,189215,197760,54354530,0,0,4954105,0,0,0,0
869,9173444546945668529,11224469150254181095,1966,2903,3833,763744,4782076,164,2132,654885,18406,636479,45150253,2132,151372,185792,51037070,0,0,4782076,0,0,0,0
870,13147126539181644396,6473438812774699952,2290,3020,3944,756125,4835467,186,2418,697523,35395,662128,48058297,2418,171678,193280,54018791,0,0,4835467,0,0,0,0
871,6117914263822206833,14090565743484894510,2298,3317,4136,756568,5125692,221,2873,712142,41163,670979,49055472,2873,203983,212288,55358139,0,0,5125692,0,0,0,0
872,5119415470528343509,9389124486700755540,2455,3482,4265,779602,4726852,209,2717,715665,45857,669808,49289171,2717,192907,222848,55215645,0,0,4726852,0,0,0,0
873,6035857067372384593,12851794127580735558,2153,3205,4071,779374,5114356,212,2756,699463,32947,666516,48197053,2756,195676,205120,54495650,0,0,5114356,0,0,0,0
874,6025453860780451334,10654587754983444423,2118,3150,4067,774249,4916080,209,2717,703683,35192,668491,48483743,2717,192907,201600,54572646,0,0,4916080,0,0,0,0
875,9235695028395943617,13579772030569184533,2215,2982,3910,764846,4636814,165,2145,661107,28224,632883,45559935,2145,152295,190848,51308648,0,0,4636814,0,0,0,0
876,17458936654132995888,7738778717669942446,1109,1375,3380,192194,720668,15,195,63540,980,62560,4382300,195,13845,88000,5400387,0,0,720668,0,0,0,0
877,3067939793805786422,17281499197852498439,2255,3221,4102,759557,4920916,209,2717,708723,39947,668776,48821993,2717,192907,206144,54905619,0,0,4920916,0,0,0,0
878,1570647650545510525,10011976724463785921,2122,3020,3944,766898,4835467,186,2418,686120,29511,656609,47283258,2418,171678,193280,53254525,0,0,4835467,0,0,0,0
879,8351938633430905331,17328795369563161429,2239,3223,4137,776564,4730856,213,2769,707928,39352,668576,48768328,2769,196599,206272,54682756,0,0,4730856,0,0,0,0
880,586660345816922471,3392098729485557173,1564,2490,3502,669194,3913312,111,1443,502778,10460,492318,34670762,1443,102453,159360,39518583,0,0,3913312,0,0,0,0
881,15982597674653340074,5010037780520788840,1440,2121,3894,553881,2958969,74,962,363715,4876,358839,25086583,962,68302,135744,28807373,0,0,2958969,0,0,0,0
882,12406543860709392316,3554434407445742707,2139,3169,4085,762915,4925284,213,2769,701286,35663,665623,48317408,2769,196599,202816,54409107,0,0,4925284,0,0,0,0
883,9548870204237849579,12261414602773942907,1821,2830,3763,753875,4429984,148,1924,614249,16698,597551,42349785,1924,136604,181120,47855131,0,0,4429984,0,0,0,0
884,819186526971142001,4998687347799962153,807,807,16085,0,0,0,0,0,0,0,0,0,0,51648,67733,0,0,0,0,0,0,0
885,11078591901260383531,13708499618494121849,1952,3003,3928,767487,4833452,182,2366,663737,18835,644902,45760183,2366,167986,192192,51725228,0,0,4833452,0,0,0,0
886,16133609442430276820,4401166110639274662,2260,3315,4185,767100,4528576,200,2600,709257,41991,667266,48854751,2600,184600,212160,54551372,0,0,4528576,0,0,0,0
887,15720111131539876179,7743618900893429742,2257,3226,4142,784472,4623489,197,2561,703040,37735,665305,48434290,2561,181831,206464,54234688,0,0,4623489,0,0,0,0
888,16961465110013467693,7722608663297440964,2304,3212,4089,765956,5127876,224,2912,711559,39676,671883,49018219,2912,206752,205568,55328460,0,0,5127876,0,0,0,0
889,2860029795416429160,914545299692833067,2145,2966,3893,776842,4743297,174,2262,681134,29168,651966,46939910,2262,160602,189824,52814368,0,0,4743297,0,0,0,0
890,3121048271294528752,2714250373291339960,2078,3110,4027,775186,4969224,212,2756,704211,37192,667019,48516175,2756,195676,199040,54659328,0,0,4969224,0,0,0,0
891,13139612100910725474,3962544654212103769,2214,3237,4097,770116,5127512,225,2925,712111,40220,671891,49055219,2925,207675,207168,55371787,0,0,5127512,0,0,0,0
892,6304220401174970694,8547873394158965184,2081,3101,4019,756204,5030220,211,2743,705464,36017,669447,48604982,2743,194753,198464,54788642,0,0,5030220,0,0,0,0
893,13780322671589011639,285404944670886588,2320,3101,4019,733057,4983160,209,2717,705838,38144,667694,48626534,2717,192907,198464,54738141,0,0,4983160,0,0,0,0
894,2160693224176388824,5011864433319792531,2077,3103,4024,771209,4910802,194,2522,696972,33213,663759,48024642,2522,179062,198592,54088331,0,0,4910802,0,0,0,0
895,17428518194213363879,12694045792164662263,2080,3128,4043,759274,5128331,225,2925,711614,39504,672110,49022358,2925,207675,200192,55321873,0,0,5128331,0,0,0,0
896,12642635681560105603,16683613815973198703,2255,3151,4067,773085,4764084,208,2704,707155,39245,667910,48715205,2704,191984,201664,54650089,0,0,4764084,0,0,0,0
897,3025665335478921102,10524458324114275634,2255,3163,4079,773924,4731636,209,2717,709956,40910,669046,48905144,2717,192907,202432,54810122,0,0,4731636,0,0,0,0
898,7804365686505568311,16097058093545340510,2134,3133,4052,770832,4909125,202,2626,703180,38327,664853,48442766,2626,186446,200512,54513733,0,0,4909125,0,0,0,0
899,14239639194400288927,10067178779704141866,2173,3111,4028,772429,4930380,212,2756,705238,37893,667345,48585636,2756,195676,199104,54687253,0,0,4930380,0,0,0,0
900,17827534990866421231,13477704547826935226,2342,3157,4074,763067,4928677,209,2717,704914,37784,667130,48563498,2717,192907,202048,54654271,0,0,4928677,0,0,0,0
901,4644923400655773523,7126382831173580930,1698,2721,3774,732317,4438746,139,1807,582963,17560,565403,40189327,1807,128297,174144,45666605,0,0,4438746,0,0,0,0
902,12032382174141264649,11915029122099459108,1984,3003,3928,768737,4991636,186,2418,679943,24837,655106,46866393,2418,171678,192192,52994564,0,0,4991636,0,0,0,0
903,12343466859260640425,15375000986644889994,2119,3090,4009,755157,5107921,209,2717,703868,35922,667946,48495048,2717,192907,197760,54752802,0,0,5107921,0,0,0,0
904,14987389636046831489,9733346597062890852,2094,3090,4009,749725,4954105,205,2665,702880,37204,665676,48424312,2665,189215,197760,54519126,0,0,4954105,0,0,0,0
905,15223012439598241706,14277267220597941821,2060,3111,4028,764757,4981392,214,2782,708795,38176,670619,48830503,2782,197522,199104,54977306,0,0,4981392,0,0,0,0
906,14415805825542023475,5198584663041124393,2239,2995,3921,755730,4562285,170,2210,678657,30846,647811,46765641,2210,156910,191680,52436167,0,0,4562285,0,0,0,0
907,11443867116056665369,10668617807830946755,2116,3168,4082,771718,4952155,221,2873,715287,41361,673926,49272081,2873,203983,202752,55406771,0,0,4952155,0,0,0,0
908,17632327704928312704,4104645077935791168,2261,3213,4085,768191,4844268,216,2808,707632,39555,668077,48747498,2808,199368,205632,54769042,0,0,4844268,0,0,0,0
909,8534924094455459347,7743647827190320152,2163,3171,4087,755488,4925596,212,2756,707240,38914,668326,48721732,2756,195676,202944,54805523,0,0,4925596,0,0,0,0
910,9410816317972795642,3033536754711915669,1549,2490,3530,676882,3893136,110,1430,490704,12602,478102,33833372,1430,101530,159360,38667810,0,0,3893136,0,0,0,0
911,16217274283627841721,13993172103061170803,2130,2946,3874,753050,4877483,173,2249,670967,27865,643102,46240993,2249,159679,188544,52223623,0,0,4877483,0,0,0,0
912,15858927551925648135,4855523363892353815,1760,2805,3797,727395,4391712,144,1872,613418,15358,598060,42295126,1872,132912,179520,47730462,0,0,4391712,0,0,0,0
913,14804295822318633698,9525309653827721182,2084,3120,4036,771430,5125692,221,2873,709536,38125,671411,48881734,2873,203983,199680,55186555,0,0,5125692,0,0,0,0
914,3638468336400747654,7638999632326824407,2291,3286,4144,774411,4957888,216,2808,711022,41004,670018,48978510,2808,199368,210304,55124625,0,0,4957888,0,0,0,0
915,33007219534549742,14057045647796653146,2047,3101,4019,760205,4953312,209,2717,700638,34761,665877,48274500,2717,192907,198464,54383407,0,0,4953312,0,0,0,0
916,13393328812367195973,4924151366026146360,2273,3178,4093,757776,4925128,216,2808,709090,39920,669170,48847370,2808,199368,203392,54937127,0,0,4925128,0,0,0,0
917,15444983754434254459,8098467131859188412,2077,3120,4036,752519,5124964,220,2860,703609,34970,668639,48479081,2860,203060,199680,54763340,0,0,5124964,0,0,0,0
918,13359788713770306758,1452798262978528013,1381,2210,3305,589735,3020173,77,1001,401292,10085,391207,27668978,1001,71071,141440,31494702,0,0,3020173,0,0,0,0
919,14574030825485194892,2319292147490714074,679121,682259,4057,764494,4904120,200,2600,705761,39956,665805,48617597,2600,184600,43664576,98139444,0,0,4904120,0,0,0,0
920,15050860306121759515,9687843279270321654,2091,3078,3998,748978,5097196,205,2665,703023,36606,666417,48435375,2665,189215,196992,54671754,0,0,5097196,0,0,0,0
921,12464161397891326828,7937562372611144833,2138,3173,4090,773199,4798365,203,2639,705273,38462,666811,48586913,2639,187369,203072,54553008,0,0,4798365,0,0,0,0
922,12221204699151809059,13386586126169072497,2044,3078,3998,754207,4934592,201,2613,699825,35812,664013,48216301,2613,185523,196992,54291613,0,0,4934592,0,0,0,0
923,10318225610935314844,17263373822316087330,2242,3189,4105,772416,4763096,205,2665,704100,37964,666136,48506972,2665,189215,204096,54439900,0,0,4763096,0,0,0,0
924,4428639800189357673,14887684536184213540,1138,1326,10426,173942,631423,13,169,61257,1955,59302,4222823,169,11999,84864,5135477,0,0,631423,0,0,0,0
925,5144111373624317237,13089182438086485250,2129,3143,4061,769727,4910776,204,2652,704397,38013,666384,48527367,2652,188292,201152,54601375,0,0,4910776,0,0,0,0
926,881696984102133287,2352436068966155682,1650,2691,3733,746100,4204148,130,1690,554595,13226,541369,38240603,1690,119990,172224,43486798,0,0,4204148,0,0,0,0
927,8769047683655770169,6157841993937717252,2082,3090,4009,767921,4913428,206,2678,701984,35849,666135,48365198,2678,190138,197760,54438454,0,0,4913428,0,0,0,0
928,9280014168641761311,17778773427681566264,2242,3238,4097,783988,5124964,220,2860,712462,40996,671466,49077886,2860,203060,207232,55401227,0,0,5124964,0,0,0,0
929,2817908750561472262,17843223232933938961,2293,3294,4158,771059,4933331,221,2873,713555,42427,671128,49150441,2873,203983,210816,55273788,0,0,4933331,0,0,0,0
930,12692203770258257794,11378710086534721316,2186,3078,3998,757586,4949841,202,2626,700046,36692,663354,48229790,2626,186446,196992,54324653,0,0,4949841,0,0,0,0
931,7843896489648206411,17191676525592991384,2123,3099,4017,752137,5112289,213,2769,704993,37689,667304,48569139,2769,196599,198336,54832517,0,0,5112289,0,0,0,0
932,7190741869109978945,16651363872640444298,2083,3111,4028,753090,4955340,214,2782,709690,39178,670512,48890254,2782,197522,199104,54999338,0,0,4955340,0,0,0,0
933,14027941549683130688,10514100853091437273,2053,3078,3998,756716,5099341,206,2678,697629,33313,664316,48069775,2678,190138,196992,54316960,0,0,5099341,0,0,0,0
934,12386947397245285736,5414729928673462474,2177,3078,3998,759652,4921020,201,2613,701439,35982,665457,48327327,2613,185523,196992,54394512,0,0,4921020,0,0,0,0
935,16512276486263820550,15805073076144508811,1566,2453,3474,659385,3781986,105,1365,469318,12520,456798,32357902,1365,96915,156992,37056654,0,0,3781986,0,0,0,0
936,16066128716840610998,7985425217107931758,2287,3279,4148,777267,4928040,220,2860,712459,42070,670389,49075531,2860,203060,209856,55197902,0,0,4928040,0,0,0,0
937,9186987379838798154,11047784936587199155,1704,2691,3693,729646,4357964,134,1742,559905,15027,544878,38603391,1742,123682,172224,43990600,0,0,4357964,0,0,0,0
938,6382233114602488547,134416346163151411,1914,2880,3811,741477,4535284,156,2028,648551,19867,628684,44710285,2028,143988,184320,50319165,0,0,4535284,0,0,0,0
939,9376674436621102298,13812562865109403146,2031,3036,3959,771964,4857307,190,2470,688209,28656,659553,47429109,2470,175370,194304,53432013,0,0,4857307,0,0,0,0
940,8639357954905343044,16316240136578957349,2091,3078,3998,749217,5099341,206,2678,703811,37525,666286,48487909,2678,190138,196992,54727595,0,0,5099341,0,0,0,0
941,5758889414429521247,13100704787842241701,2088,3111,4028,756397,5121688,217,2821,710820,39359,671461,48967862,2821,200291,199104,55249370,0,0,5121688,0,0,0,0
942,5761491387304518049,1713344379415057731,2144,3120,4036,759316,4944160,216,2808,707929,38305,669624,48770491,2808,199368,199680,54877051,0,0,4944160,0,0,0,0
943,12948889631491074265,8333858440817892377,2315,3271,4142,777986,4925856,217,2821,711167,40899,670268,48988725,2821,200291,209344,55106344,0,0,4925856,0,0,0,0
944,4147725322242491356,15808175360799815246,2041,3090,4009,751509,4919265,206,2678,677865,21094,656771,46730497,2678,190138,197760,52793178,0,0,4919265,0,0,0,0
945,11312094387133577916,16599151951926767169,1238,1778,3462,398689,1978171,45,585,224393,4378,220015,15474361,585,41535,113792,18010010,0,0,1978171,0,0,0,0
946,7992844475174703416,14704935941483093658,1884,2920,3850,747354,4572516,156,2028,654677,25061,629616,45122591,2028,143988,186880,50777179,0,0,4572516,0,0,0,0
947,17895427854414492333,7027210304181443748,2404,3447,4277,791280,4731636,209,2717,715195,46765,668430,49254925,2717,192907,220608,55195633,0,0,4731636,0,0,0,0
948,1449200003393710283,17296005241505914168,1797,2691,3629,734770,4357964,134,1742,568617,17224,551393,39200125,1742,123682,172224,44592394,0,0,4357964,0,0,0,0
949,13725015926379416298,12150597938776944725,1613,2561,3571,701182,3856528,113,1469,521577,12687,508890,35963439,1469,104299,163904,40792923,0,0,3856528,0,0,0,0
950,1469654067727455859,10909078475834315517,2062,3101,4019,765015,5115916,213,2769,703161,34965,668196,48448179,2769,196599,198464,54728192,0,0,5115916,2560,0,0,0
951,3929949434806635363,9666372254300734357,2082,3128,4043,756196,5044247,221,2873,711507,39331,672176,49015321,2873,203983,200192,55223982,0,0,5044247,0,0,0,0
952,14397157316328165825,6724335258545329771,2043,2966,3893,762758,4715841,173,2249,684140,28902,655238,47147856,2249,159679,189824,52979851,0,0,4715841,0,0,0,0
953,3510142027029283663,12576445925189265143,2251,3215,4080,771737,5117008,214,2782,711120,40627,670493,48986026,2782,197522,205760,55282133,0,0,5117008,0,0,0,0
954,4649797841629447428,15900370607203476624,679121,682363,4115,783294,4915573,207,2691,707680,40738,666942,48748444,2691,191061,43671232,98313719,0,0,4915573,0,0,0,0
955,17748634015715082273,1258749416876305598,2248,3209,4124,766002,4758156,208,2704,705082,39264,665818,48572130,2704,191984,205376,54497772,0,0,4758156,0,0,0,0
956,14639121185478754043,9061613821520663846,1945,2966,3893,786917,4915677,177,2301,670738,18893,651845,46243136,2301,163371,189824,52302818,0,0,4915677,0,0,0,0
957,15919382364227160330,15705531950423210575,1370,1778,5698,400595,1978171,45,585,191316,3539,187777,13193726,585,41535,113792,15733517,0,0,1978171,0,0,0,0
958,18181668828228349576,5662707065236213076,1432,2028,4495,502939,2739711,67,871,302198,4356,297842,20842950,871,61841,129792,24281728,0,0,2739711,0,0,0,0
959,14377401343422520076,8526251310394542111,2316,3202,4076,758636,5120596,216,2808,712352,40870,671482,49070548,2808,199368,204928,55358152,0,0,5120596,0,0,0,0
960,14155872532346277413,2353563947486438249,1313,1725,4854,370063,1862809,42,546,203763,4251,199512,14051145,546,38766,110400,16438037,0,0,1862809,0,0,0,0
961,5959461604616140130,11726164587398419900,2094,3120,4036,744743,5033964,216,2808,705861,37059,668802,48630291,2808,199368,199680,54812082,0,0,5033964,0,0,0,0
962,2046047193573558870,10078361556533679717,2059,3111,4028,767588,4967872,213,2769,706202,37558,668644,48652822,2769,196599,199104,54788013,0,0,4967872,0,0,0,0
963,5931276483383760584,5500775374026475594,2191,3111,4028,769957,4945512,213,2769,705324,37446,667878,48592464,2769,196599,199104,54707664,0,0,4945512,0,0,0,0
964,8124394227018223474,13308441004365483703,2030,3078,3998,756531,5097196,205,2665,685874,24576,661298,47276154,2665,189215,196992,53520086,0,0,5097196,0,0,0,0
965,10666632955134362418,15553079141739293718,2097,3128,4043,768378,4943107,222,2886,710666,39540,671126,48956874,2886,204906,200192,55077500,0,0,4943107,0,0,0,0
966,17105290614096238044,10065163363221028025,2205,3159,4048,774876,4847960,185,2405,695769,36043,659726,47935975,2405,170755,202176,53935790,0,0,4847960,0,0,0,0
967,14359358007913784651,9995379815241625765,1854,2903,3833,741849,4782076,164,2132,639030,16311,622719,44060448,2132,151372,185792,49925370,0,0,4782076,0,0,0,0
968,441301935205744375,8693338725924875561,1997,2925,3854,754999,4836650,169,2197,654106,19222,634884,45094870,2197,155987,187200,51033560,0,0,4836650,0,0,0,0
969,16395604576354944453,11728189373647488375,2256,2993,3877,773377,4261556,144,1872,628733,29912,598821,43322753,1872,132912,191552,48686027,0,0,4261556,0,0,0,0
970,14751086347287325816,14148185585658687964,2013,3051,3973,758755,4860102,191,2483,693469,32116,661353,47785129,2483,176293,195264,53779516,0,0,4860102,0,0,0,0
971,380213440481842357,12308559420163719846,2095,3120,4036,770485,5125692,221,2873,712104,39714,672390,49055748,2873,203983,199680,55359624,0,0,5125692,0,0,0,0
972,16763790251554587023,7884517822306182538,1962,2903,3833,748742,4602910,161,2093,651835,23228,628607,44930159,2093,148603,185792,50620039,0,0,4602910,0,0,0,0
973,190634481015849819,10171943573037734154,1503,2376,3521,625641,3614741,98,1274,423676,9388,414288,29214868,1274,90454,152064,33701289,0,0,3614741,0,0,0,0
974,17966808084223078927,8308466657802901770,452,452,9023,0,0,0,0,0,0,0,0,0,0,28928,37951,0,0,0,0,0,0,0
975,15236498132611252281,470412599826154916,2030,3036,3959,752373,4944667,189,2457,687297,27945,659352,47367603,2457,174447,194304,53437353,0,0,4944667,0,0,0,0
976,15978370130556415390,2218431624100376361,2299,3270,4132,774174,4830280,207,2691,697845,33890,663955,48083525,2691,191061,209280,54092452,0,0,4830280,0,0,0,0
977,1355510552624619471,7444570753923446785,1804,2721,3658,740177,4424121,138,1794,601155,22357,578798,41434981,1794,127374,174144,46904455,0,0,4424121,0,0,0,0
978,17895014322726953311,5140667570394634185,2123,3078,3998,756708,4920305,201,2613,701031,36232,664799,48298675,2613,185523,196992,54362201,0,0,4920305,0,0,0,0
979,17032771049320406914,4716141615456972392,2060,3101,4019,752657,4947280,208,2704,698592,34164,664428,48134520,2704,191984,198464,54228924,0,0,4947280,0,0,0,0
980,8150701463541434313,8463543722548209786,1952,2966,3893,760706,4774653,173,2249,666980,24578,642402,45972464,2249,159679,189824,51861219,0,0,4774653,0,0,0,0
981,781407323928228224,7554012057739416853,1693,2660,3653,692868,4088825,126,1638,512730,14307,498423,35349756,1638,116298,170240,40421640,0,0,4088825,0,0,0,0
982,16892142449481979063,17934467354624445705,1538,2453,3852,655480,3569020,100,1300,448443,7382,441061,30927803,1300,92300,156992,35405447,0,0,3569020,0,0,0,0
983,14909073759368398021,14729072705365968567,1978,2880,3811,753406,4746859,161,2093,657260,24586,632674,45301768,2093,148603,184320,51138767,0,0,4746859,0,0,0,0
984,9639223067711183996,16328963454991004304,117,117,2205,0,0,0,0,0,0,0,0,0,0,7488,9693,0,0,0,0,0,0,0
985,6778408469340756413,6588148647337192982,2176,3090,4009,758214,4955665,206,2678,704058,36289,667769,48507424,2678,190138,197760,54613210,0,0,4955665,0,0,0,0
986,17347653453998991702,18126667363868994147,1574,2453,3644,662820,3781986,105,1365,462427,9745,452682,31887973,1365,96915,156992,36590330,0,0,3781986,0,0,0,0
987,1380873368553787281,17301488392072592753,2187,3119,4035,772248,5003856,217,2821,711429,40244,671185,49008113,2821,200291,199616,55188159,0,0,5003856,0,0,0,0
988,15964393514131018579,8313515635918269109,2052,2985,3911,754820,4822220,178,2314,679989,27385,652604,46864471,2314,164294,191040,52800756,0,0,4822220,0,0,0,0
989,12868068291020798798,9084800773810870880,2072,3003,3928,749365,4826172,181,2353,690280,33091,657189,47563138,2353,167063,192192,53501858,0,0,4826172,0,0,0,0
990,3145700376134957334,8634247616447031837,2146,3091,4012,756230,4870268,193,2509,693319,32389,660930,47774233,2509,178139,197824,53780706,0,0,4870268,0,0,0,0
991,2168339023784907740,13730235901157966614,2079,3103,4024,768260,4869150,194,2522,688321,27626,660695,47438897,2522,179062,198592,53457985,0,0,4869150,0,0,0,0
992,11345039990800078233,3440638629930279076,2245,3240,4102,786510,5127876,224,2912,716661,42673,673988,49364263,2912,206752,207360,55696863,0,0,5127876,0,0,0,0
993,7549447224519894117,148865252948233114,2131,3120,4036,750836,4963088,217,2821,706921,37498,669423,48702553,2821,200291,199680,54820484,0,0,4963088,0,0,0,0
994,11959955526821834570,17081654150800075427,2153,3183,4097,758948,4928040,220,2860,710834,40676,670158,48966194,2860,203060,203712,55064051,0,0,4928040,0,0,0,0
995,11646948064231910344,6688652638052317352,2367,3291,4147,788602,4624503,210,2730,712145,43021,669124,49051963,2730,193830,210624,54873669,0,0,4624503,0,0,0,0
996,17164489135809728848,1915672672704575527,1776,2750,3700,736403,4358484,138,1794,596608,15610,580998,41134732,1794,127374,176000,46536693,0,0,4358484,0,0,0,0
997,9481981546529627380,2059494565146392576,1762,2778,3713,748226,4547205,146,1898,616212,16203,600009,42486222,1898,134758,177792,48097916,0,0,4547205,0,0,0,0
998,4391963086530865516,6997906993453747307,1903,2900,3831,721314,4504552,152,1976,627367,19306,608061,43249711,1976,140296,185600,48805304,0,0,4504552,0,0,0,0
999,5989209742549240050,11508365490867720138,1968,2944,3837,758259,4606797,153,1989,677591,34860,642731,46684059,1989,141219,188416,52382587,0,0,4606797,0,0,0,0
