frame,frame_hash,stream_checksum,teps,scoring_calls,bound_checks,compact_lookups,dual_solver_ops,dual_updates,dual_group_solves,oracle_candidates,oracle_w1_candidates,oracle_w2_candidates,oracle_primitive_ops,dual_witness_candidates,dual_witness_primitive_ops,score_primitive_ops,total_primitive_ops,ops_w1,ops_w2,ops_w3,structural_checks,word_mismatch,metric_mismatch,tie_mismatch
0,4307900441458573662,4307900441458573662,183000,184075,41370,2741518,24965876,46988,610844,0,0,0,0,610844,41008032,11780800,80537596,17683081,7282795,0,2560,0,0,0
1,13985065504140463237,15993604437681843028,54333,55408,38780,2828205,26536107,20201,262613,0,0,0,0,262613,17695665,3546112,50644869,8023392,18512715,0,0,0,0,0
2,13523406603343302230,8589082977016295341,110198,111273,40957,2741840,24278527,39944,519272,0,0,0,0,519272,34877258,7121472,69060054,15286882,8991645,0,0,0,0,0
3,13320700756420846468,5551351460942617850,85422,86497,40863,2759193,24844001,27691,359983,0,0,0,0,359983,24222419,5535808,57402284,11002602,13841399,0,0,0,0,0
4,15623635531402363762,15516980313340715043,218289,219364,41218,2703515,25329655,50831,660803,0,0,0,0,660803,44348863,14039296,86462547,19134726,6194929,0,0,0,0,0
5,16833904852794388024,8007843526161550808,195376,196451,41651,2738241,24604411,48677,632801,0,0,0,0,632801,42477409,12572864,82434576,18213442,6390969,0,0,0,0,0
6,15055695530798494923,4356121255838442584,265941,267016,42396,2723627,27598857,68050,884650,0,0,0,0,884650,59343544,17089024,106797448,23320518,4278339,0,0,0,0,0
7,11654081068290674278,13967973740932703337,77679,78754,40449,2906153,25984959,28007,364091,0,0,0,0,364091,24497655,5040256,58469472,11129508,14855451,0,0,0,0,0
8,17872850091527751012,2009330200570427146,32833,33898,33967,2795062,32320847,6287,81731,0,0,0,0,81731,5574335,2169472,42893683,1501253,30819594,0,0,0,0,0
9,12810441787419575937,15818101403446693264,41348,42414,38073,2867450,27309412,13779,179127,0,0,0,0,179127,12106965,2714496,45036396,5214885,22094527,0,0,0,0,0
10,15354654047595077210,10294196311721282281,92148,93223,39247,2806474,27184404,24669,320697,0,0,0,0,320697,21586903,5966272,57583300,9770800,17413604,0,0,0,0,0
11,8000196889370950559,811538446288065585,68518,69593,37861,2776305,22947327,20167,262171,0,0,0,0,262171,17650139,4453952,47865584,8507265,14440062,0,0,0,0,0
12,1003048155117523633,2418325770709747967,151911,152986,41621,2707607,24202828,42780,556140,0,0,0,0,556140,37348922,9791104,74092082,16070899,8129017,2912,0,0,0,0
13,5093212120615806920,8854429402682367500,3165,4016,7913,662343,4520659,356,4628,0,0,0,0,4628,316290,257024,5764229,82030,4438629,0,0,0,0,0
14,17880796771999687362,7984956261792623645,233155,234230,42093,2745320,27779856,61356,797628,0,0,0,0,797628,53524250,14990720,99082239,21629452,6147492,2912,0,0,0,0
15,13124633785058266138,1644059594929329120,162700,163775,41027,2790756,28673151,39607,514891,0,0,0,0,514891,34601307,10481600,76587841,14607411,14065740,0,0,0,0,0
16,4545681363894474072,17525235691387657951,35832,36907,36173,2905415,32514040,10915,141895,0,0,0,0,141895,9613903,2362048,47431579,3810859,28703181,0,0,0,0,0
17,9507170928033327301,17284289172471685401,197744,198819,41163,2800815,26754299,51295,666835,0,0,0,0,666835,44760677,12724416,87081370,18977790,7775417,1092,0,0,0,0
18,10639815013123984987,2780305607493080269,2223,2751,18752,456933,2661984,208,2704,0,0,0,0,2704,184756,176064,3498489,49192,2612792,0,0,0,0,0
19,7424309542499859262,8523855129889171908,272334,273409,42228,2675694,27652053,66512,864656,0,0,0,0,864656,58004466,17498176,105872617,23105745,4546308,0,0,0,0,0
20,3585716964899163425,9218611346147013878,170076,171151,41433,2801136,26139633,49015,637195,0,0,0,0,637195,42777007,10953664,82712873,18257083,7882550,0,0,0,0,0
21,10204974863561260655,16963535977478944094,155282,156357,40610,2703257,24132004,40941,532233,0,0,0,0,532233,35739327,10006848,72622046,16102203,8029801,0,0,0,0,0
22,5152589677103207791,10022694942923915066,43712,44775,38637,2984192,28846909,15403,200239,0,0,0,0,200239,13526279,2865600,48261617,5882006,22964903,0,0,0,0,0
23,13077879051893829120,5641359282814674149,24880,25945,26472,2461632,27205698,3686,47918,0,0,0,0,47918,3274752,1660480,34629034,755911,26449787,0,0,0,0,0
24,11041175099619402705,9774418745235614095,118322,119397,40587,2691815,23583612,34265,445445,0,0,0,0,445445,29932513,7641408,63889935,13542334,10039133,2145,0,0,0,0
25,3789542764782339965,8778962369036225209,218213,219288,41463,2736193,24741223,50038,650494,0,0,0,0,650494,43658654,14034432,85211965,18774899,5965232,1092,0,0,0,0
26,8821286113460533548,6077640745652314746,40647,41709,39621,2998374,32174714,14438,187694,0,0,0,0,187694,12700142,2669376,50582227,5113082,27061632,0,0,0,0,0
27,2680818465723523271,4776413569941104562,30155,31219,31094,2692719,29128671,6177,80301,0,0,0,0,80301,5460663,1998016,39311163,1828385,27300286,0,0,0,0,0
28,15649990524889028689,7355307830636613776,20561,21623,22205,2267086,24269180,3656,47528,0,0,0,0,47528,3234738,1383872,31177081,1078467,23190713,0,0,0,0,0
29,9011163354629236132,3074246964227893735,4226,5129,8804,677916,6585423,478,6214,0,0,0,0,6214,425412,328256,8025811,90649,6494774,0,0,0,0,0
30,350182793745045460,5926753163840131200,74889,75964,41449,2833714,27071057,30728,399464,0,0,0,0,399464,26878410,4861696,61686326,11568791,15499354,2912,0,0,0,0
31,3144942646360382232,4933943542690971215,88851,89926,40527,2781951,24918608,28761,373893,0,0,0,0,373893,25150931,5755264,58647281,11471044,13447564,0,0,0,0,0
32,3934959207445957992,16035491631744627796,45714,46789,36939,2802203,25489789,14522,188786,0,0,0,0,188786,12741430,2994496,44064857,5734755,19755034,0,0,0,0,0
33,2939905219594488232,17138846338471929075,2109,2678,16268,563501,2156804,174,2262,0,0,0,0,2262,154934,171392,3062899,30563,2126241,0,0,0,0,0
34,7115477866112852511,508760954962106095,41215,42288,40035,2940530,32646536,14683,190879,0,0,0,0,190879,12917125,2706432,51250658,4905030,27741506,0,0,0,0,0
35,17804540254511754082,17891001674654000382,26198,27262,27706,2607177,28005575,3714,48282,0,0,0,0,48282,3304678,1744768,35689904,653848,27351727,0,0,0,0,0
36,14329286675604069733,2549183635429215712,85261,86336,41048,2828300,25140960,30120,391560,0,0,0,0,391560,26339404,5525504,59875216,11911653,13228215,1092,0,0,0,0
37,3512355457972779656,54641955697084343,248942,250017,41676,2658904,26188396,59084,768092,0,0,0,0,768092,51532260,16001088,96422324,21341190,4847206,0,0,0,0,0
38,15383367769352008159,4043399927758650155,156096,157171,41724,2695440,23696829,42590,553670,0,0,0,0,553670,37182288,10058944,73675225,16170115,7526714,0,0,0,0,0
39,6351360789494488775,14239871099138461167,211301,212376,41979,2743851,26805272,57060,741780,0,0,0,0,741780,49782226,13592064,92965392,20594171,6211101,0,0,0,0,0
40,9272416292419551771,10011039597865590263,160489,161564,39056,2720751,25386309,34680,450840,0,0,0,0,450840,30287452,10340096,68773664,13636935,11749374,0,0,0,0,0
41,9425662161293817965,3718056516881782185,99749,100824,41522,2753719,25031604,38853,505089,0,0,0,0,505089,33938723,6452736,68218304,14531725,10499879,0,0,0,0,0
42,3205280276530037954,14257155582419171572,209187,210262,40836,2696072,25184666,50465,656045,0,0,0,0,656045,44025527,13456768,85403869,19141551,6043115,0,0,0,0,0
43,8247375632809095502,9280524818218970153,251647,252722,42003,2691125,26233259,56651,736463,0,0,0,0,736463,49421047,16174208,94561642,20542223,5690308,728,0,0,0,0
44,296574145639910115,3579242053889772485,227527,228602,42068,2722950,26591019,59343,771459,0,0,0,0,771459,51766351,14630528,95752916,21060689,5529602,728,0,0,0,0
45,8902939286485989100,4154157133375683666,164289,165364,42024,2768501,27712646,51486,669318,0,0,0,0,669318,44942118,10583296,86048585,18524571,9188075,0,0,0,0,0
46,456937915389356564,16185041997014406329,87873,88948,40661,2727918,24101467,28153,365989,0,0,0,0,365989,24619361,5692672,57182079,11075779,13017108,8580,0,0,0,0
47,14068545361310646309,4639816543041674363,256941,258016,42389,2741546,26737802,62084,807092,0,0,0,0,807092,54152514,16513024,100187275,21833279,4904523,0,0,0,0,0
48,13900954627316334852,4195680371056188860,30858,31920,31930,2855248,30432389,7931,103103,0,0,0,0,103103,6994559,2042880,42357006,2701140,27731249,0,0,0,0,0
49,2107424263269548503,11423161209362821136,7679,8743,10549,1127185,11387493,1235,16055,0,0,0,0,16055,1093235,559552,14178014,366314,11021179,0,0,0,0,0
50,8168283661969964125,9931039747041076422,61883,62958,40836,2976918,26615446,25888,336544,0,0,0,0,336544,22659598,4029312,56322110,9992697,16622749,0,0,0,0,0
51,14267482168518956616,13113212589325100185,244401,245476,42199,2738490,26113789,59176,769288,0,0,0,0,769288,51618138,15710464,96223080,21029619,5084170,0,0,0,0,0
52,6311305015811095954,6427547232503983676,156729,157804,41225,2716851,26178659,44150,573950,0,0,0,0,573950,38546924,10099456,77583115,16407222,9771437,0,0,0,0,0
53,6453722038223445224,18320083337798526167,20397,21460,22021,2222250,23803143,3730,48490,0,0,0,0,48490,3298256,1373440,30719110,1155206,22647937,0,0,0,0,0
54,14215514807094581899,5826899960588213343,127190,128265,41687,2716233,26098813,40915,531895,0,0,0,0,531895,35737507,8208960,72803200,15332135,10766223,455,0,0,0,0
55,3989771169862953169,18000163171180986405,33741,34799,34291,2829006,30199910,7735,100555,0,0,0,0,100555,6832189,2227136,42122532,2335190,27864720,0,0,0,0,0
56,11916016868319620830,3434736868211279916,93360,94435,41413,2807666,22798308,32774,426062,0,0,0,0,426062,28641392,6043840,60332619,12673128,10124088,1092,0,0,0,0
57,4640130541490228991,9900884035484805568,138838,139913,41267,2747453,24929346,41273,536549,0,0,0,0,536549,36039107,8954432,72711605,15771626,9157720,0,0,0,0,0
58,1304427793644317805,15977181257162056870,237678,238753,40899,2660722,27613274,57911,752843,0,0,0,0,752843,50514217,15280192,96109304,21108256,6505018,0,0,0,0,0
59,1112308405835387574,6630118966332650719,110489,111564,37787,2755800,29686722,23768,308984,0,0,0,0,308984,20801144,7140096,60421549,9013550,20673172,0,0,0,0,0
60,13116184056299994042,2954471994216558182,232779,233854,41993,2656102,27026441,57675,749775,0,0,0,0,749775,50319113,14966656,95010305,20527806,6495723,2912,0,0,0,0
61,5128382913954093173,17891395725310316608,14147,15211,16347,1707560,17637204,2228,28964,0,0,0,0,28964,1972464,973504,22307079,646815,16990389,0,0,0,0,0
62,149536194727853827,17641425227737243368,152580,153655,40207,2883019,29996655,33497,435461,0,0,0,0,435461,29280615,9833920,72034416,12193987,17802668,0,0,0,0,0
63,12785073334573540145,9719333807847662370,679121,906621,41826,2640940,26215202,58461,759993,0,0,0,0,759993,50992721,58023744,137914433,21083673,5127161,4368,0,0,0,0
64,14715283007751744236,8298298031652102469,29728,30793,30264,2688643,28000115,8724,113412,0,0,0,0,113412,7671768,1970752,40361542,3414554,24585561,0,0,0,0,0
65,11365951123784606704,17887036220830551262,292943,294018,42586,2631182,28478073,73394,954122,0,0,0,0,954122,63998480,18817152,113967473,24653629,3824444,0,0,0,0,0
66,6167689052082312052,13319927937967308141,158867,159942,41710,2671841,24856936,48176,626288,0,0,0,0,626288,42045536,10236288,79852311,17878861,6978075,0,0,0,0,0
67,1471876335903736649,16816578889670006011,64818,65893,40494,2825410,25926095,27561,358293,0,0,0,0,358293,24110567,4217152,57119718,10728419,15197676,0,0,0,0,0
68,16616906695035230134,5658483354103529566,86074,87149,40647,2844733,25218843,32018,416234,0,0,0,0,416234,27985698,5577536,61667457,12611547,12605151,2145,0,0,0,0
69,14774274864356891453,3644105131579224076,202885,203960,41479,2735266,26123474,50780,660140,0,0,0,0,660140,44311670,13053440,86265329,18747144,7376330,0,0,0,0,0
70,15893644149008283858,11402885097641880637,62475,63549,40150,2892120,25789829,23213,301769,0,0,0,0,301769,20324187,4067136,53113422,9273199,16516630,0,0,0,0,0
71,7865834665772639287,10652884563243312165,125116,126191,40815,2778403,25687818,35000,455000,0,0,0,0,455000,30582006,8076224,67165266,13507806,12180012,0,0,0,0,0
72,3982075187632817751,15468753295786042477,61373,62447,40755,2884203,24946818,24607,319891,0,0,0,0,319891,21540467,3996608,53408851,9487348,15458742,728,0,0,0,0
73,8257608772007586738,15060440126870394208,59122,60197,40724,2871606,26963768,22203,288639,0,0,0,0,288639,19453551,3852608,53182257,8451729,18512039,0,0,0,0,0
74,14977254156259156003,3920327573652986140,185064,186139,41144,2665954,24830130,46494,604422,0,0,0,0,604422,40575132,11912896,80025256,17547660,7282470,0,0,0,0,0
75,1589424333137760772,9471724134185867919,108654,109729,39337,2761691,21883329,28939,376207,0,0,0,0,376207,25283609,7022656,56990622,12040470,9842859,0,0,0,0,0
76,9774658082113931331,1081553943595848751,47599,48674,39055,2873705,26406549,18547,241111,0,0,0,0,241111,16258983,3115136,48693428,7315243,19091306,0,0,0,0,0
77,2885753135356757878,8144404064137559034,55029,56103,39520,2717588,25135526,18243,237159,0,0,0,0,237159,15993315,3590592,47476541,7156812,17978714,0,0,0,0,0
78,18228366790075488506,6042191629102714783,23805,24869,25256,2379866,25435943,4375,56875,0,0,0,0,56875,3868527,1591616,33301208,1311713,24124230,0,0,0,0,0
79,6705742309440081002,4560022252792973950,190393,191468,41697,2716514,26196612,50634,658242,0,0,0,0,658242,44188066,12253952,85396841,18654935,7541677,0,0,0,0,0
80,4183829670304994346,11429584479178068259,195158,196233,40587,2802911,24156054,43864,570232,0,0,0,0,570232,38281074,12558912,77839538,17233554,6922500,0,0,0,0,0
81,7971977087052089671,12943656896339611047,3310,4181,8189,665587,4841902,396,5148,0,0,0,0,5148,351390,267584,6134652,103181,4738721,0,0,0,0,0
82,14015440443514644708,15168746826461742152,154194,155269,40533,2756437,24487775,34883,453479,0,0,0,0,453479,30473781,9937216,67695742,13420576,11067199,0,0,0,0,0
83,14813477150930179670,10654782508927386569,75251,76326,40515,2783842,25667525,28253,367289,0,0,0,0,367289,24711401,4884864,58088147,11086712,14580813,0,0,0,0,0
84,277419965220824983,236082523621049125,10350,11415,12667,1338893,14399840,1696,22048,0,0,0,0,22048,1500044,730560,17982004,544479,13855361,0,0,0,0,0
85,11433493891647338668,7759285439589208922,58020,59095,39523,2904261,24955398,20506,266578,0,0,0,0,266578,17962672,3782080,49643934,8058843,16896555,0,0,0,0,0
86,3927747151045147985,14326285596270872888,109091,110166,40608,2757722,24505520,35805,465465,0,0,0,0,465465,31276063,7050624,65630537,13948688,10554687,2145,0,0,0,0
87,2490559828448180269,1274096174389150426,129482,130557,41478,2775279,25110826,44695,581035,0,0,0,0,581035,39018057,8355648,75301288,16640286,8469448,1092,0,0,0,0
88,12310597241526767626,6169451773211654535,214607,215682,42287,2653730,26931840,61184,795392,0,0,0,0,795392,53371838,13803648,96803343,21397753,5534087,0,0,0,0,0
89,4670254777196922682,8977123415404240798,248979,250054,42130,2651020,26269776,60431,785603,0,0,0,0,785603,52708825,16003456,97675207,21508955,4760821,0,0,0,0,0
90,15825785085970787932,11761380677485834089,149959,151034,38436,2738557,23754627,34613,449969,0,0,0,0,449969,30219241,9666176,66417037,14208571,9546056,0,0,0,0,0
91,6764912390002647435,3014557965378192313,19645,20708,21728,2103728,23298119,3160,41080,0,0,0,0,41080,2800460,1325312,29549347,829595,22468524,0,0,0,0,0
92,16983826796895888681,7536200890693945291,116653,117728,40692,2691576,22258561,30729,399477,0,0,0,0,399477,26853879,7534592,59379300,12321140,9936329,1092,0,0,0,0
93,8088651020318966618,2194267367720589618,271300,272375,42071,2714871,27610297,62896,817648,0,0,0,0,817648,54860624,17432000,102659863,22210188,5400109,0,0,0,0,0
94,13415699180734816289,3732729425680382944,99792,100867,41158,2800546,25995619,33450,434850,0,0,0,0,434850,29238170,6455488,64530981,12809680,13185939,0,0,0,0,0
95,6279338252731032094,1887704006076891057,44910,45974,38443,2990603,27481207,16898,219674,0,0,0,0,219674,14822600,2942336,48275189,6585813,20895394,0,0,0,0,0
96,6897685065739299843,7531328504092341133,37004,38067,37185,2961573,33040956,10759,139867,0,0,0,0,139867,9483877,2436288,47959879,3567018,29473938,0,0,0,0,0
97,16233122624032489404,8039177800558608082,86306,87381,38975,2816235,25010076,24116,313508,0,0,0,0,313508,21098324,5592384,54555994,9855014,15155062,0,0,0,0,0
98,3661284184810650330,17851859659918538447,112798,113873,40987,2876497,26094653,36118,469534,0,0,0,0,469534,31557682,7287872,67857691,13667394,12426167,1092,0,0,0,0
99,7689340520339025854,8361813761871384818,181518,182593,41383,2794577,25209392,48469,630097,0,0,0,0,630097,42296137,11685952,82027441,18261139,6948253,0,0,0,0,0
100,3960091624786604190,7569933000661292823,84621,85696,40318,2756230,25901369,30584,397592,0,0,0,0,397592,26737126,5484544,60919587,12128038,13773331,0,0,0,0,0
101,4670656927620931667,14181596803173254391,49707,50782,38828,2868135,25013209,17375,225875,0,0,0,0,225875,15234349,3250048,46404569,6861556,18151653,0,0,0,0,0
102,9300506978581312426,1350367836935304870,150918,151993,40639,2661104,22981036,36710,477230,0,0,0,0,477230,32056414,9727552,67466745,14396746,8583198,1092,0,0,0,0
103,17640199488338210563,802440088876334594,145209,146284,40736,2741313,23475517,37728,490464,0,0,0,0,490464,32943924,9362176,68563666,14970787,8504730,0,0,0,0,0
104,7528972887321522470,8947634756366866687,108346,109421,40904,2784745,25129247,34608,449904,0,0,0,0,449904,30240834,7002944,65198674,13412178,11717069,0,0,0,0,0
105,3331301268401570949,11179104202945140617,92564,93639,39164,2793384,23798853,28836,374868,0,0,0,0,374868,25201722,5992896,57826019,11778910,12019943,0,0,0,0,0
106,9634326897132195769,9737573833491439735,164242,165317,40597,2643241,23705877,40928,532064,0,0,0,0,532064,35725222,10580288,72695225,15820168,7885709,0,0,0,0,0
107,5564694400914521148,13192599877808201160,138290,139365,41298,2815445,25461696,43056,559728,0,0,0,0,559728,37591580,8919360,74829379,16333135,9128561,0,0,0,0,0
108,7364351477624240731,11515980236384986636,213181,214256,41879,2770838,25948325,54563,709319,0,0,0,0,709319,47603803,13712384,90077229,20033403,5914922,0,0,0,0,0
109,10816362873225505153,13562934150647224734,8678,9741,11949,1089870,12818897,1153,14989,0,0,0,0,14989,1024283,623424,15568423,256867,12562030,0,0,0,0,0
110,1504602427833427066,17494325283045092023,179508,180583,41437,2611687,25452726,47491,617383,0,0,0,0,617383,41447991,11557312,81111153,17986917,7465809,0,0,0,0,0
111,14630946136997394707,7499687124249330335,233620,234695,42289,2696148,27015144,62310,810030,0,0,0,0,810030,54349386,15020480,99123447,22025796,4989348,0,0,0,0,0
112,13716164394356899035,6840346086988944479,127932,129007,41199,2695912,23525970,39271,510523,0,0,0,0,510523,34291283,8256448,68810812,15192749,8333221,0,0,0,0,0
113,2401420817805416216,15473241626242985348,47396,48471,39465,2966723,29000608,17830,231790,0,0,0,0,231790,15643368,3102144,50752308,6866093,22134515,0,0,0,0,0
114,17693655737688215379,9034970174342985988,224475,225550,41524,2686519,25166011,54495,708435,0,0,0,0,708435,47534279,14435200,89863533,20103720,5056051,6240,0,0,0,0
115,10293853982205095098,2548786864805232525,23131,24194,24570,2395554,24899511,4610,59930,0,0,0,0,59930,4070768,1548416,32938819,1515449,23384062,0,0,0,0,0
116,11797299450381563433,4981985418313192895,35262,36327,34863,2780976,29786770,8865,115245,0,0,0,0,115245,7817823,2324928,42745360,2949843,26836927,0,0,0,0,0
117,3019307246554859894,2467476317066320362,206391,207466,41623,2662877,25568374,53108,690404,0,0,0,0,690404,46334522,13277824,87885220,19543108,6024538,728,0,0,0,0
118,3945648719323444312,8340174509884755781,42821,43895,39084,2975730,29926936,13598,176774,0,0,0,0,176774,11960806,2809280,47711836,4861493,25065443,0,0,0,0,0
119,3571740835977137612,8568961206573942290,39116,40189,37228,2912165,29697096,12435,161655,0,0,0,0,161655,10937615,2572096,46156200,4531553,25165543,0,0,0,0,0
120,15688029600598372724,5720259538154688569,54852,55927,36258,2926823,25644580,17931,233103,0,0,0,0,233103,15703571,3579328,47890560,7477418,18167162,0,0,0,0,0
121,4809550328998405781,3447708533526052803,36109,37173,35437,2859086,30668378,9367,121771,0,0,0,0,121771,8258445,2379072,44200418,3175874,27492504,0,0,0,0,0
122,16673457341036131784,14298680398766734600,99158,100233,40866,2838537,23009519,29672,385736,0,0,0,0,385736,25938822,6414912,58242656,11835538,11173981,0,0,0,0,0
123,4709207850192104690,18417227130193309285,149693,150768,40654,2767985,24337794,39916,518908,0,0,0,0,518908,34849672,9649152,71645257,15563548,8774246,0,0,0,0,0
124,14987279176759560827,10079778277595310005,37007,38071,36304,2905033,31337371,11322,147186,0,0,0,0,147186,9966346,2436544,46681598,4085315,27252056,0,0,0,0,0
125,12455518455682061704,8593739427660388554,127761,128836,40334,2805560,25185069,32332,420316,0,0,0,0,420316,28255760,8245504,64532227,12505285,12672452,7332,2560,0,0,0
126,16166164817434319113,16039466851637927744,74451,75526,37779,2693455,21789729,23598,306774,0,0,0,0,306774,20630350,4833664,49984977,9952709,11837020,0,0,0,0,0
127,12283571664785387763,3877277643710428228,191330,192405,41798,2683807,25378821,49209,639717,0,0,0,0,639717,42947073,12313920,83365419,18135312,7243509,0,0,0,0,0
128,10640180730474882598,15655919395236699445,40784,41857,36379,2841509,25731719,14349,186537,0,0,0,0,186537,12588927,2678848,43877382,5696431,20035288,0,0,0,0,0
129,3812952749990704472,2212017093938771090,169200,170275,39626,2692203,23876866,35606,462878,0,0,0,0,462878,31090904,10897600,68597199,14112345,9764521,0,0,0,0,0
130,8985774340266909244,3447487132174722669,204317,205392,42127,2702201,26738699,56197,730561,0,0,0,0,730561,49033023,13145088,91661138,20109050,6629649,0,0,0,0,0
131,3906820549000075022,12607135354281993224,34164,35227,34992,2865036,32625554,8645,112385,0,0,0,0,112385,7632599,2254528,45412709,2708810,29916744,0,0,0,0,0
132,6751380587087841664,6863978732371042631,247476,248551,42374,2683999,28134470,65791,855283,0,0,0,0,855283,57384379,15907264,104152486,22840909,5290194,3367,0,0,0,0
133,7488812991156845180,5773145602443517632,221991,223066,41945,2655270,26549185,56530,734890,0,0,0,0,734890,49318698,14276224,92841322,20404839,6141174,3172,0,0,0,0
134,7821847056005621223,191532722549337480,13085,14148,15566,1471826,16711721,1535,19955,0,0,0,0,19955,1366001,905472,20470586,273689,16438032,0,0,0,0,0
135,12217153512566328451,12911349674356922468,140014,141089,40924,2730979,25072762,41827,543751,0,0,0,0,543751,36517403,9029696,73391764,16073135,8998067,1560,0,0,0,0
136,8806254138228182290,12141048397107289109,197954,199029,41787,2773511,28725359,51960,675480,0,0,0,0,675480,45354348,12737856,89632861,18630391,10093876,1092,0,0,0,0
137,12733111632922560012,5939830085542312002,206941,208016,41873,2733330,25872301,52989,688857,0,0,0,0,688857,46235553,13313024,88196081,19444503,6427798,0,0,0,0,0
138,2501735311241351195,3322711624836827434,128747,129822,40736,2704662,21655777,33832,439816,0,0,0,0,439816,29547310,8308608,62257093,13558298,8097479,0,0,0,0,0
139,12960487387062707668,18328035585533126377,118191,119266,36752,2813212,30306315,23150,300950,0,0,0,0,300950,20257770,7633024,61047073,8589451,21716864,0,0,0,0,0
140,17814072604886395448,1215862796048831778,119451,120526,41193,2774794,22919663,35349,459537,0,0,0,0,459537,30877639,7713664,64326953,13708045,9211618,0,0,0,0,0
141,11285652319209009385,11557817986015518936,173483,174558,40159,2736846,26105651,39438,512694,0,0,0,0,512694,34436558,11171712,74490926,15326805,10778846,0,0,0,0,0
142,11014088713147922632,847894995652931219,170086,171161,41888,2763752,24294712,47652,619476,0,0,0,0,619476,41587650,10954304,79642306,17769050,6525662,0,0,0,0,0
143,406463308745511163,14319036669596667563,153711,154786,40633,2781273,22717929,34875,453375,0,0,0,0,453375,30458337,9906304,65904476,14207024,8510905,0,0,0,0,0
144,17534504696866617849,14315662837512484705,102149,103224,40899,2768433,25427610,34189,444457,0,0,0,0,444457,29877159,6606336,64720437,13254124,12153466,20020,0,0,0,0
145,13198556944138723303,15078950454953880413,91401,92476,41639,2708845,25264291,33841,439933,0,0,0,0,439933,29580837,5918464,63514076,12864982,12399309,0,0,0,0,0
146,5770311749891783580,12008452308575766238,30707,31781,31591,2667138,28997371,6454,83902,0,0,0,0,83902,5704192,2033984,39434276,1946100,27051271,0,0,0,0,0
147,15785516674910074395,11053004304439769334,22882,23944,24537,2422533,25101661,3838,49894,0,0,0,0,49894,3398720,1532416,32479867,1045759,24055902,0,0,0,0,0
148,13721158072033547493,15541261378078459544,188567,189642,41349,2726179,25131418,49272,640536,0,0,0,0,640536,42994250,12137088,83030284,18262088,6868238,1092,0,0,0,0
149,17324773251166613531,9946066183996860796,22219,23281,23844,2260072,24646141,3695,48035,0,0,0,0,48035,3272867,1489984,31692908,988845,23657296,0,0,0,0,0
150,562156214216318010,245996296028465657,272795,273870,41959,2584111,27982773,65517,851721,0,0,0,0,851721,57140551,17527680,105277074,22823684,5159089,0,0,0,0,0
151,9961359178523252267,18309433531818418401,164961,166036,38178,2702937,23763207,42153,547989,0,0,0,0,547989,36780159,10626304,73910785,16337672,7425535,0,0,0,0,0
152,15648529573482083226,7851261184791914452,14571,15634,16719,1727145,18613296,2104,27352,0,0,0,0,27352,1866436,1000576,23224172,526929,18086367,0,0,0,0,0
153,5720364722347541976,15850302087332571123,123041,124116,40824,2727402,24040848,36394,473122,0,0,0,0,473122,31786898,7943424,66539396,14250873,9789975,0,0,0,0,0
154,1849194904166726695,626176201204369175,257310,258385,42541,2773282,28662946,68719,893347,0,0,0,0,893347,59938307,16536640,107953716,23200034,5462912,0,0,0,0,0
155,1710160193251210002,18142564493873951286,197759,198834,41534,2696162,26834119,46491,604383,0,0,0,0,604383,40586871,12725376,82884062,16924557,9908834,728,0,0,0,0
156,9689031059872497038,7085542128766261015,76455,77530,38797,2777626,21680789,23657,307541,0,0,0,0,307541,20687849,4961920,50146981,9795955,11884834,0,0,0,0,0
157,16465286939974686827,9697624342421021527,61230,62305,36861,2883219,27575483,13920,180960,0,0,0,0,180960,12222054,3987520,46705137,5173753,22401730,0,0,0,0,0
158,4411765945603959182,16782582044104339274,258395,259470,42365,2696881,27412567,64958,844454,0,0,0,0,844454,56655768,16606080,103413661,22510553,4902014,0,0,0,0,0
159,11070633886158185775,16971923361860351802,149664,150739,40976,2790845,25235574,39960,519480,0,0,0,0,519480,34895068,9647296,72609759,15406911,9828663,0,0,0,0,0
160,5918379027175537722,8468490517601503811,186103,187178,40795,2692495,24531104,45718,594334,0,0,0,0,594334,39897546,11979392,79141332,17497220,7031739,2145,0,0,0,0
161,17073609758125032840,11398668048811166024,37683,38746,36453,2887850,29384667,10798,140374,0,0,0,0,140374,9506510,2479744,44295224,3789864,25594803,0,0,0,0,0
162,10020226892100438581,16432856621190969782,159818,160893,41737,2711826,25554230,47056,611728,0,0,0,0,611728,41075788,10297152,79680733,17437121,8117109,0,0,0,0,0
163,9526698960501645321,1013601231783566404,58677,59752,40816,2859834,29280212,30149,391937,0,0,0,0,391937,26372775,3824128,62377765,11569376,17710836,0,0,0,0,0
164,2533986941498802589,1500324027073107818,26850,27916,28434,2577996,28815020,4158,54054,0,0,0,0,54054,3693352,1786624,36901426,873093,27941927,0,0,0,0,0
165,17485614095053154515,13111731989407934686,242725,243800,42045,2739312,27800539,62445,811785,0,0,0,0,811785,54470013,15603200,100655109,22006933,5793151,455,0,0,0,0
166,11103865399866589307,14558926658354674674,63196,64271,38912,2778993,24506690,20647,268411,0,0,0,0,268411,18080387,4113344,49518326,8423519,16083171,0,0,0,0,0
167,16623614656953444986,147268614842181855,45770,46834,40584,2968305,29906773,17976,233688,0,0,0,0,233688,15781194,2997376,51694232,6479265,23427508,0,0,0,0,0
168,17401659601693164384,16527813106031257436,253097,254172,42661,2676971,28404844,69047,897611,0,0,0,0,897611,60221655,16267008,107613139,23488764,4915820,260,0,0,0,0
169,11049669878503412000,16063820501820573719,217452,218527,42251,2734155,26601172,57506,747578,0,0,0,0,747578,50171524,13985728,93534830,20436091,6165081,0,0,0,0,0
170,8244986667504475031,10754805406405138243,91496,92571,40227,2837122,28438228,24778,322114,0,0,0,0,322114,21692918,5924544,58933039,9360013,19078215,0,0,0,0,0
171,1788616718346399265,13540069992716016993,27544,28617,27226,2614645,25370969,6672,86736,0,0,0,0,86736,5872438,1831488,35716766,2556944,22814025,0,0,0,0,0
172,12396976212410918861,15618144622985343343,46182,47253,37838,2893097,27695421,15566,202358,0,0,0,0,202358,13660244,3024192,47310792,6078917,21616504,0,0,0,0,0
173,16873111731406148719,17334438516627880203,200452,201527,41603,2660026,24538475,50244,653172,0,0,0,0,653172,43838730,12897728,83976562,18822713,5709522,6240,0,0,0,0
174,4371287800040429725,13267493038963940101,215169,216244,41451,2694077,25850149,52235,679055,0,0,0,0,679055,45575257,13839616,88000550,19206161,6643988,0,0,0,0,0
175,8209346093335103303,2135189622880030305,185869,186944,41637,2755528,24704459,49144,638872,0,0,0,0,638872,42884348,11964416,82350388,18169970,6534489,0,0,0,0,0
176,14255313208860801240,647758609544441566,151123,152198,41036,2731207,24555882,41724,542412,0,0,0,0,542412,36427040,9740672,73495837,15959073,8596809,0,0,0,0,0
177,18351372482318773415,14408950029291211442,128557,129632,40043,2977462,31050656,29342,381446,0,0,0,0,381446,25667590,8296448,68032199,10803533,20231978,15145,0,0,0,0
178,5333569916276211838,11512634652122347803,51621,52694,39796,2898655,27784913,17790,231270,0,0,0,0,231270,15610036,3372416,49705816,6712953,21071960,0,0,0,0,0
179,14839730370691303348,4932630096812509500,38944,40009,35763,2862748,27781715,12853,167089,0,0,0,0,167089,11288251,2560576,44529053,4968158,22813557,0,0,0,0,0
180,8494664764710398551,17639608183651404800,2418,3084,10062,553917,3080623,245,3185,0,0,0,0,3185,217607,197376,4059585,58019,3022604,0,0,0,0,0
181,8810377357959095360,18338137589035586239,104143,105218,40407,2847419,26684515,33017,429221,0,0,0,0,429221,28857439,6733952,65163732,12865970,13815685,2860,0,0,0,0
182,13347861167049037999,9074521972228313027,34258,35324,34659,2915393,30476004,9782,127166,0,0,0,0,127166,8615516,2260736,44302308,3445741,27030263,0,0,0,0,0
183,3415214943306286275,13867494409271149955,206531,207606,41307,2761680,28211404,48197,626561,0,0,0,0,626561,42072875,13286784,86374050,17607369,10604035,0,0,0,0,0
184,1542034587360853647,15446538216244248719,136419,137494,41312,2782547,25568036,40969,532597,0,0,0,0,532597,35776637,8799616,72968148,15705391,9862645,0,0,0,0,0
185,7041236488380273089,13099322147041779053,47145,48220,39183,2950943,28725632,17652,229476,0,0,0,0,229476,15486744,3086080,50288582,6802055,21923577,0,0,0,0,0
186,6577698462137654446,8323917893503605736,166211,167286,41701,2743983,24540100,44308,576004,0,0,0,0,576004,38681058,10706304,76713146,16735056,7805044,0,0,0,0,0
187,11309444907707955184,16885509663951039723,11225,12267,14400,1420411,15115412,1404,18252,0,0,0,0,18252,1248572,785088,18583883,273468,14841944,0,0,0,0,0
188,9315095082053299105,14841345286983210089,67507,68582,38050,2866567,26427440,18514,240682,0,0,0,0,240682,16222882,4389248,49944187,7324148,19103292,0,0,0,0,0
189,10441608174670523033,11011808356648366107,32995,34058,33873,2758810,30271150,7620,99060,0,0,0,0,99060,6731270,2179712,41974815,2311673,27959477,0,0,0,0,0
190,3211213526803787105,10357062484345137113,120040,121115,38617,2698075,21434569,28626,372138,0,0,0,0,372138,25005968,7751360,56928589,11993384,9441185,0,0,0,0,0
191,5014579224550413418,10035172834949067400,213402,214477,41906,2711849,26722267,56380,732940,0,0,0,0,732940,49189218,13726528,92391768,20408531,6313736,0,0,0,0,0
192,6776110149503520123,7083752154176144988,197839,198914,31786,2562405,27701128,37228,483964,0,0,0,0,483964,32481254,12730496,75507069,13454181,14246947,0,0,0,0,0
193,7437459860575075213,4812051224455040954,52004,53079,37994,2783374,23961938,14468,188084,0,0,0,0,188084,12697932,3397056,42878294,5719922,18242016,0,0,0,0,0
194,6415209840824992977,10220443444804829316,138970,140045,40025,2754073,23133292,34896,453648,0,0,0,0,453648,30473196,8962880,65363466,14070667,9062625,0,0,0,0,0
195,13482969421180024189,1214149485844130102,272533,273608,42453,2707005,27750047,68170,886210,0,0,0,0,886210,59451600,17510912,107462017,23246314,4501913,1820,0,0,0,0
196,9537082997228313597,15030035565446482472,71747,72822,41394,2855652,25628902,28768,373984,0,0,0,0,373984,25167376,4660608,58353932,10993580,14635322,0,0,0,0,0
197,10133171182378550604,5096247385397886315,96437,97512,41914,2815060,26542165,39331,511303,0,0,0,0,511303,34365253,6240768,70005160,14568606,11973559,0,0,0,0,0
198,4528660790043124283,11455974971819231587,162741,163816,34060,2795141,29299920,29841,387933,0,0,0,0,387933,26063089,10484224,68676434,11082591,18217329,0,0,0,0,0
199,16361428497044398582,11850576811592386646,161404,162479,40383,2664950,24234821,38729,503477,0,0,0,0,503477,33814755,10398656,71153565,15081885,9152936,0,0,0,0,0
200,14106406521528181157,7080199542366595564,225196,226271,41532,2732538,26144378,57320,745160,0,0,0,0,745160,49996674,14481344,93396466,20807943,5336435,0,0,0,0,0
201,8559632108082708792,8239291362840322027,61768,62843,41384,2859122,27522924,25885,336505,0,0,0,0,336505,22665461,4021952,57110843,9765262,17757662,0,0,0,0,0
202,10235639668083527071,7031333035478191959,177472,178547,41539,2711133,25745694,50917,661921,0,0,0,0,661921,44430685,11427008,84356059,18866692,6879002,0,0,0,0,0
203,17337525345261072769,15646881610595170101,239363,240438,41662,2633216,27384331,61164,795132,0,0,0,0,795132,53350622,15388032,98797863,21756722,5627609,0,0,0,0,0
204,12097651746612328543,17890773269218254257,181821,182896,41074,2700345,24773697,44846,582998,0,0,0,0,582998,39140166,11705344,78360626,17206345,7567352,0,0,0,0,0
205,16676085119046435535,15013072009483874525,37406,38471,37391,2984923,31981872,11131,144703,0,0,0,0,144703,9807447,2462144,47273777,3798145,28183727,0,0,0,0,0
206,10866156254071543518,9906318147215904968,36849,37916,34453,2778153,28615626,13338,173394,0,0,0,0,173394,11705096,2426624,45559952,5416970,23198656,0,0,0,0,0
207,2718174764656399564,16194098459066165315,23859,24922,25482,2448270,25628070,4789,62257,0,0,0,0,62257,4229979,1595008,33926809,1566773,24061297,0,0,0,0,0
208,3631052024434557855,11037040095423205855,235183,236258,41712,2710272,27370525,59701,776113,0,0,0,0,776113,52078065,15120512,97321086,21245991,6124534,0,0,0,0,0
209,11941522460368476046,13908194514457902498,41640,42703,39672,2933872,31629962,14718,191334,0,0,0,0,191334,12942800,2732992,50279298,5189366,26440596,0,0,0,0,0
210,6554022297751810779,7958197456281126054,128428,129503,39247,2743964,22558549,33485,435305,0,0,0,0,435305,29239145,8288192,62869097,13765011,8793538,0,0,0,0,0
211,15494444564763743065,9159752534916920504,38499,39561,35873,2895994,28788097,14179,184327,0,0,0,0,184327,12444835,2531904,46696703,5620602,23167495,0,0,0,0,0
212,16050511539404471018,12917268637136329653,253241,254316,42044,2653766,26842959,62531,812903,0,0,0,0,812903,54538445,16276224,100353438,22087845,4754386,728,0,0,0,0
213,11999199269000501034,12564442278715217772,120066,121141,40818,2709580,23662990,36422,473486,0,0,0,0,473486,31810350,7753024,65976762,14236573,9426417,0,0,0,0,0
214,4650961466378577745,3448202317708461514,254508,255583,41922,2678951,27166113,63609,826917,0,0,0,0,826917,55474237,16357312,101718535,22479431,4686682,0,0,0,0,0
215,11043087000247889422,8193957176541453851,29855,30919,30765,2784044,29172455,6387,83031,0,0,0,0,83031,5641545,1978816,39607625,1993732,27178723,0,0,0,0,0
216,2029444969724355239,488691689131975455,36530,37594,34525,2779022,27417988,11459,148967,0,0,0,0,148967,10069709,2406016,42707260,4440709,22977279,0,0,0,0,0
217,3225973761914549284,10655336118788066480,8094,9144,11937,1149580,11999754,980,12740,0,0,0,0,12740,872144,585216,14618631,182234,11817520,0,0,0,0,0
218,16492979534452021254,16543480866156719309,28456,29521,29696,2734781,28164123,6462,84006,0,0,0,0,84006,5701566,1889344,38519510,2143570,26020553,0,0,0,0,0
219,1569666368328568087,4867392230202029205,109506,110581,40765,2716427,24447722,33619,437047,0,0,0,0,437047,29375203,7077184,63657301,13304850,11142872,0,0,0,0,0
220,16398644608846298513,2701887606515983039,164236,165311,42047,2822620,24785696,47433,616629,0,0,0,0,616629,41401269,10579904,79631536,17670341,7115355,0,0,0,0,0
221,13586422869136880805,14556489882492421217,156707,157782,36628,2851348,31215340,29378,381914,0,0,0,0,381914,25676950,10098048,69878314,10857691,20357649,0,0,0,0,0
222,15902998009659084682,15454916156942906304,121880,122955,41346,2728253,23718409,39782,517166,0,0,0,0,517166,34737092,7869120,69094220,15247375,8471034,0,0,0,0,0
223,9666295597485576539,16764621473967624016,246816,247891,42002,2717472,28382692,61345,797485,0,0,0,0,797485,53516723,15865024,100523913,21437429,6945263,0,0,0,0,0
224,7678739181936081838,14415212288215739177,115278,116353,38356,2887490,32660628,22623,294099,0,0,0,0,294099,19813287,7446592,62846353,7811752,24848876,0,0,0,0,0
225,9432103679564050389,4980625184169988479,16843,17905,19167,1814673,20659730,2046,26598,0,0,0,0,26598,1823120,1145920,25462610,311259,20348471,0,0,0,0,0
226,3446449457893232143,8986253718803070587,268,268,4543,0,0,0,0,0,0,0,0,0,0,17152,21695,0,0,0,0,0,0,0
227,15691641590656322157,8749229263130505845,46839,47914,39192,2783016,26901199,16832,218816,0,0,0,0,218816,14768156,3066496,47558059,6425913,20475286,0,0,0,0,0
228,9319254158117973237,903519986942246539,48095,49161,38463,2792789,27245842,15015,195195,0,0,0,0,195195,13184223,3146304,46407621,5746741,21499101,0,0,0,0,0
229,16336949934302145361,8316609961820954889,40509,41583,38129,2816730,30517279,13068,169884,0,0,0,0,169884,11494964,2661312,47528414,4690088,25827191,0,0,0,0,0
230,3281250192952145694,7195235229999917580,6108,7124,11119,854789,9909159,767,9971,0,0,0,0,9971,682565,455936,11913568,142506,9766653,0,0,0,0,0
231,8924819577034230883,13825481932254482092,34730,35792,35218,2825565,29791489,9162,119106,0,0,0,0,119106,8078720,2290688,43021680,3033615,26757874,0,0,0,0,0
232,11915416379263865831,384949111756493540,79889,80964,37409,2727510,22703616,24351,316563,0,0,0,0,316563,21286395,5181696,51936626,10389223,12314393,0,0,0,0,0
233,9653649054807012619,16885251415535719908,19693,20756,21180,2122312,20801937,5277,68601,0,0,0,0,68601,4638023,1328384,28911836,2226900,18575037,0,0,0,0,0
234,3138041299098866087,15849417364265759712,226514,227589,42628,2682974,28112916,64756,841828,0,0,0,0,841828,56489862,14565696,101894076,22154561,5958355,0,0,0,0,0
235,16753188377842897000,2728433029987132875,120857,121932,41746,2700612,25028835,41955,545415,0,0,0,0,545415,36638693,7803648,72213534,15651844,9376991,0,0,0,0,0
236,3328286086532902559,12971464107881059143,34888,35959,33710,2757402,27709084,11983,155779,0,0,0,0,155779,10520107,2301376,43321679,4773054,22936030,0,0,0,0,0
237,9275925105439090895,3372680258924738339,291,291,5495,0,0,0,0,0,0,0,0,0,0,18624,24119,0,0,0,0,0,0,0
238,8193784623427691163,7115968522621564155,128141,129216,40934,2734006,24620765,38062,494806,0,0,0,0,494806,33241832,8269824,68907361,14867294,9753471,0,0,0,0,0
239,1768736439080339367,10558052210428153711,231404,232479,42115,2731482,26723918,60600,787800,0,0,0,0,787800,52859560,14878656,97235731,21600150,5123768,0,0,0,0,0
240,6674779126626003031,13768328417642704931,3406,4267,8650,617853,4960306,377,4901,0,0,0,0,4901,335127,273088,6195024,84032,4876274,0,0,0,0,0
241,2122288897910369108,3299237890854922676,171217,172292,41831,2660049,25475268,47960,623480,0,0,0,0,623480,41861768,11026688,81065604,17707885,7766655,728,0,0,0,0
242,10099787963837597941,10339124551659812454,10429,11490,13133,1339633,14632111,1335,17355,0,0,0,0,17355,1186783,735360,17907020,276588,14355523,0,0,0,0,0
243,8346121696495311219,3171813825948000322,108559,109634,40238,2733018,23835864,32868,427284,0,0,0,0,427284,28716454,7016576,62342150,13200083,10635781,0,0,0,0,0
244,1084359330546719196,18128718178225437009,6359,7414,9044,970979,9212970,884,11492,0,0,0,0,11492,783484,474496,11450973,244257,8968713,0,0,0,0,0
245,8883599725883024343,11002074877562057161,102957,104032,37971,2872954,26692302,24253,315289,0,0,0,0,315289,21216429,6658048,57477704,9531652,17160650,0,0,0,0,0
246,4008051880738627984,14459588898743519670,239508,240583,42113,2604013,25916319,56875,739375,0,0,0,0,739375,49616281,15397312,93576038,20530029,5386290,0,0,0,0,0
247,15728654742979675289,13250174869641725996,274,274,5179,0,0,0,0,0,0,0,0,0,0,17536,22715,0,0,0,0,0,0,0
248,15816593517690241029,2800977842562213134,65568,66643,39856,2826583,23613993,23431,304603,0,0,0,0,304603,20504783,4265152,51250367,9351719,14262274,0,0,0,0,0
249,2208128961106589188,2606118932714617657,48111,49186,38802,2980862,26839644,17054,221702,0,0,0,0,221702,14958918,3147904,47966130,6680297,20159347,0,0,0,0,0
250,4857330096602240005,12159453612858042431,86967,88042,40467,2769255,23767198,30295,393835,0,0,0,0,393835,26479791,5634688,58691399,11931309,11835889,0,2560,0,0,0
251,4665043783636201592,13017211699510722420,107473,108548,41125,2822516,24241191,34503,448539,0,0,0,0,448539,30146415,6947072,64198319,13570726,10669373,1092,0,0,0,0
252,15999134343165671571,5632230250015511560,163399,164474,40412,2688703,23817898,40599,527787,0,0,0,0,527787,35438897,10526336,72512246,16016559,7801339,0,0,0,0,0
253,7701222915981079604,3293954715358315015,28206,29269,29451,2795520,29137641,6957,90441,0,0,0,0,90441,6133023,1873216,39968851,2445989,26691652,0,0,0,0,0
254,13464825739442186896,8246058021133902604,19418,20482,21622,2106021,22998495,2609,33917,0,0,0,0,33917,2319837,1310848,28756823,505830,22492665,0,0,0,0,0
255,3203300778566748,5785492379367987015,88103,89178,41865,2831320,23537072,31683,411879,0,0,0,0,411879,27700205,5707392,59817854,12031916,11502244,2912,0,0,0,0
256,3770740330407608811,11593671424157495591,305730,306805,42580,2656417,28663245,74355,966615,0,0,0,0,966615,64834471,19635520,115832233,24930542,3732703,0,0,0,0,0
257,1641173139798643780,1506785141273938096,26249,27311,27513,2655989,27246596,4956,64428,0,0,0,0,64428,4383392,1747904,36061394,1466452,25780144,0,0,0,0,0
258,811613262287202028,11955019994029081051,52575,53640,40783,2849098,25972882,20665,268645,0,0,0,0,268645,18113121,3432960,50408844,7839234,18133648,0,0,0,0,0
259,14740668173646600279,13309537726384659135,40843,41906,39228,2904334,32039501,12280,159640,0,0,0,0,159640,10819614,2681984,48484661,4026737,28012764,0,0,0,0,0
260,17579750161965797524,11361670073991240008,70434,71509,40416,2777228,24018449,24794,322322,0,0,0,0,322322,21696090,4576576,53108759,9870653,14147796,0,0,0,0,0
261,5236397370953051573,5412380164025586366,134948,136023,40482,2872088,24317761,34391,447083,0,0,0,0,447083,30043897,8705472,65979700,13514852,10802909,0,0,0,0,0
262,11221765615242657808,17661698930903386837,197304,198379,41302,2652121,24277526,48276,627588,0,0,0,0,627588,42122808,12696256,81790013,18276167,6001359,0,0,0,0,0
263,12974079008421453896,1948296800377661150,136839,137914,41407,2595590,23110659,39171,509223,0,0,0,0,509223,34204209,8826496,68778361,15033135,8075964,1560,0,0,0,0
264,1071668844152723214,1208113928173894247,157149,158224,40149,2935407,32857045,31920,414960,0,0,0,0,414960,27915498,10126336,73874435,11326458,21530587,0,0,0,0,0
265,13779499061222273634,1863435658318004686,53268,54343,38736,2847567,25254970,20127,261651,0,0,0,0,261651,17628429,3477952,49247654,8097050,17157920,0,0,0,0,0
266,15638715964544010036,2977539012741993297,43252,44327,39061,2857390,29097562,13252,172276,0,0,0,0,172276,11659362,2836928,46490303,4642521,24455041,0,0,0,0,0
267,3057382260254830443,11747293076854846449,222721,223796,41765,2734628,27067989,53254,692302,0,0,0,0,692302,46470918,14322944,90638244,19514001,7553988,0,0,0,0,0
268,8870918298014257224,18051224744993120782,137439,138514,41025,2697384,23647910,37555,488215,0,0,0,0,488215,32797323,8864896,68048538,14814800,8833110,0,0,0,0,0
269,18402386574753259472,17570283876732710525,31469,32531,31618,2770328,28783833,8901,115713,0,0,0,0,115713,7831291,2081984,41499054,3380702,25403131,0,0,0,0,0
270,15343315987897393952,7370458862223200914,2534,3157,14234,566210,3308045,269,3497,0,0,0,0,3497,238875,202048,4329412,65104,3242941,0,0,0,0,0
271,5538621780933029553,2950211366301047372,75655,76730,38155,2745446,20621341,22062,286806,0,0,0,0,286806,19293586,4910720,47609248,9304685,11316656,0,0,0,0,0
272,16521342504569641678,5343561646653188817,41316,42390,38020,2915090,30166071,13484,175292,0,0,0,0,175292,11856390,2712960,47688531,4947345,25218726,0,0,0,0,0
273,13522933415267144956,10911863746326494106,78996,80071,40339,2850813,24914903,25070,325910,0,0,0,0,325910,21938748,5124544,54869347,10100701,14814202,0,0,0,0,0
274,12496714450401978767,322205922198901594,135867,136942,37371,2803749,26541619,30987,402831,0,0,0,0,402831,27068691,8764288,65215718,12478830,14062789,0,0,0,0,0
275,15262024628088753753,5631166383217236024,35333,36396,36132,2961425,33685561,8071,104923,0,0,0,0,104923,7140055,2329344,46152517,2248818,31436743,0,0,0,0,0
276,6817758444646984927,7814173076904230168,35224,36295,32662,2798876,27019707,10821,140673,0,0,0,0,140673,9505431,2322880,41679556,4349956,22669751,0,0,0,0,0
277,13154974048115677183,3711724961475808256,139714,140789,41646,2696261,25526371,44006,572078,0,0,0,0,572078,38422228,9010496,75697002,16364348,9162023,0,0,0,0,0
278,2603540668350167723,9329798190077736508,75749,76824,38856,2966025,32518720,16138,209794,0,0,0,0,209794,14175200,4916736,54615537,5470920,27044940,2860,0,0,0,0
279,2713645569300799418,1724545345550310877,24679,25743,26195,2470567,26548236,4208,54704,0,0,0,0,54704,3727620,1647552,34420170,1121250,25426986,0,0,0,0,0
280,1397327276398224185,13931963019850612491,231263,232338,41999,2720982,27138267,57717,750321,0,0,0,0,750321,50354967,14869632,95125847,20683299,6454968,0,0,0,0,0
281,2766562979623221596,17310199523892426500,172,172,3209,0,0,0,0,0,0,0,0,0,0,11008,14217,0,0,0,0,0,0,0
282,3740357793740193724,11127915756620121507,46784,47859,39879,2912438,28559856,16768,217984,0,0,0,0,217984,14722292,3062976,49297441,6272838,22287018,0,0,0,0,0
283,10845892320993320138,10095491693303702698,228505,229580,40388,2723025,28108041,48701,633113,0,0,0,0,633113,42501927,14693120,88066501,17983238,10124803,0,0,0,0,0
284,7620709682983035298,8671651747174168995,157123,158198,41383,2657107,25093289,43711,568243,0,0,0,0,568243,38159693,10124672,76076144,16709329,8383960,0,0,0,0,0
285,18420680668191183962,2190245066011824058,217041,218116,42216,2764973,25708553,57213,743769,0,0,0,0,743769,49911615,13959424,92386781,20408219,5299606,728,0,0,0,0
286,2325670906741872318,2932370390555099679,50720,51787,39028,2854037,26049439,18678,242814,0,0,0,0,242814,16370978,3314368,48627850,7432178,18617261,0,0,0,0,0
287,5357299776179764107,3920371048730631983,230407,231482,42510,2704425,27929694,64348,836524,0,0,0,0,836524,56132648,14814848,101624125,22238918,5690776,0,0,0,0,0
288,15309077097523702307,3848686530299140951,118849,119924,41003,2756721,25279345,37483,487279,0,0,0,0,487279,32741709,7675136,68493914,14257256,11022089,0,0,0,0,0
289,6687752009926031224,14342466247756464436,238851,239926,42185,2685846,26628368,57583,748579,0,0,0,0,748579,50237161,15355264,94948824,20714980,5913388,0,0,0,0,0
290,16741065566866901963,17290245346803647884,286858,287933,42398,2642721,28063009,72060,936780,0,0,0,0,936780,62832562,18427712,112008402,24436061,3626948,0,0,0,0,0
291,7248189349028393822,15737116640884721357,93560,94635,40318,2864220,25117521,30427,395551,0,0,0,0,395551,26599079,6056640,60677778,12090286,13027235,0,0,0,0,0
292,9704385120430894647,6031114413898164429,215469,216544,42285,2725461,26235443,57252,744276,0,0,0,0,744276,49948860,13858816,92810865,20495930,5739513,0,0,0,0,0
293,3844575062029217760,9170219803539385634,76375,77450,40051,2745309,24032749,25916,336908,0,0,0,0,336908,22668646,4956800,54443555,10259912,13772837,0,0,0,0,0
294,6776863253534648972,10435877813941030881,31726,32790,32883,2761629,30375904,6526,84838,0,0,0,0,84838,5774444,2098560,41043420,1807897,28568007,0,0,0,0,0
295,15558819834572950855,14218941868678451109,45866,46941,39259,2953064,28771743,18163,236119,0,0,0,0,236119,15931279,3004224,50699569,7062562,21709181,0,0,0,0,0
296,14098591494167229446,5989376415264597264,55467,56542,38138,2868274,26069550,19676,255788,0,0,0,0,255788,17233710,3618688,49828360,8032440,18037110,0,0,0,0,0
297,16684938710822976118,17257975781106190901,180004,181079,40818,2750628,24405628,42181,548353,0,0,0,0,548353,36820251,11589056,75606381,16499067,7906561,0,0,0,0,0
298,13863884631187765155,16158584587142630905,287341,288416,41945,2653618,26992238,64655,840515,0,0,0,0,840515,56382339,18458624,104528764,22780914,4211324,0,0,0,0,0
299,1143358531381596915,5261741016097000221,208018,209093,41948,2656288,25092015,53625,697125,0,0,0,0,697125,46784621,13381952,87956824,19592066,5499949,0,0,0,0,0
300,16983893493988057144,10547037379531117094,52152,53218,40153,2935648,29174379,19902,258726,0,0,0,0,258726,17452136,3405952,53008268,7555301,21619078,0,0,0,0,0
301,1724518686776498143,12345625233637673278,164427,165502,41226,2671350,24972766,44595,579735,0,0,0,0,579735,38926693,10592128,77204163,16858426,8114340,0,0,0,0,0
302,8538896548090692507,11476233216775073514,255400,256475,41824,2576510,27079091,60764,789932,0,0,0,0,789932,52999518,16414400,99111343,21723091,5356000,0,0,0,0,0
303,5414849337552919299,3999666577308628726,178555,179630,41890,2794728,25694487,48897,635661,0,0,0,0,635661,42678415,11496320,82705840,18263050,7431437,0,0,0,0,0
304,5753652621297339322,3915965014802840203,114374,115449,40717,2592537,23673793,37393,486109,0,0,0,0,486109,32654869,7388736,66350652,14425970,9246731,1092,0,0,0,0
305,13959956551240721426,3741425696857813882,13618,14681,15938,1540249,17610476,1792,23296,0,0,0,0,23296,1592474,939584,21698721,378001,17232475,0,0,0,0,0
306,5951885681511492754,6542502912826058247,165680,166755,41979,2693779,25103234,48977,636701,0,0,0,0,636701,42746197,10672320,81257509,18007691,7095543,0,0,0,0,0
307,14096157529361104145,6569635787287180949,212748,213823,40189,2774407,28277249,46246,601198,0,0,0,0,601198,40366092,13684672,85142609,17170556,11106693,0,0,0,0,0
308,10995625614851936462,6950738094732830728,61290,62365,40071,2868586,26426426,22358,290654,0,0,0,0,290654,19582238,3991360,52908681,8778107,17648319,0,0,0,0,0
309,2482182704636653382,10104693727598757017,170461,171536,41092,2714803,24503804,45334,589342,0,0,0,0,589342,39564408,10978304,77802411,17457089,7046715,0,0,0,0,0
310,5441177358497796648,13954766467866216378,51012,52087,40574,2935987,27907906,20776,270088,0,0,0,0,270088,18213156,3333568,52431191,7878169,20029737,0,0,0,0,0
311,10594619803076971035,9119474583077129898,45521,46583,38776,2900935,27763736,15376,199888,0,0,0,0,199888,13501696,2981312,47186455,5912543,21851193,0,0,0,0,0
312,6087995028302807018,7880013623741571835,195793,196868,42079,2633732,25398347,53869,700297,0,0,0,0,700297,47000785,12599552,87674495,19591936,5806411,0,0,0,0,0
313,13157498791441590363,15424292367306605315,123101,124176,40007,2730188,22671714,33307,432991,0,0,0,0,432991,29090451,7947264,62479624,13579605,9092109,0,0,0,0,0
314,4140354337515438600,18077851505513851272,54951,56026,39720,2832524,27949701,20475,266175,0,0,0,0,266175,17942691,3585664,52350300,8030958,19918743,0,0,0,0,0
315,8790324440253869243,5279116714665666640,170396,171471,40738,2631481,22783124,41387,538031,0,0,0,0,538031,36119759,10974144,72549246,16312309,6470815,0,0,0,0,0
316,16033494607729759540,7667915094425055471,42519,43593,39214,2966564,29025308,14418,187434,0,0,0,0,187434,12674246,2789952,47495284,5214066,23811242,0,0,0,0,0
317,8752774043967305422,11449885034954060762,10361,11423,12980,1302191,14171742,1440,18720,0,0,0,0,18720,1277224,731072,17495209,371956,13799786,0,0,0,0,0
318,1617876536608997945,5731813688328998444,142915,143990,38342,2873321,32201897,28655,372515,0,0,0,0,372515,25061023,9215360,69389943,10202296,21999601,0,0,0,0,0
319,11783616977204820698,6985039572837061153,298719,299794,42541,2699911,28013700,71881,934453,0,0,0,0,934453,62678291,19186816,112621259,24369644,3644056,0,0,0,0,0
320,6559492945288675383,5337011497229669821,68385,69460,40725,2922463,26356811,26253,341289,0,0,0,0,341289,22975719,4445440,56741158,10308571,16048240,0,0,0,0,0
321,12305242939273486517,15599086108363239615,133840,134915,41018,2762442,22839583,36112,469456,0,0,0,0,469456,31539144,8634560,65816747,14244087,8595496,0,0,0,0,0
322,12908446579899175636,3156590284762386376,58499,59574,40580,2915734,30714047,25114,326482,0,0,0,0,326482,21995792,3812736,59478889,9425897,21279570,8580,0,0,0,0
323,16901059007659922422,9734628091030769953,92487,93562,40054,2890788,30212884,24918,323934,0,0,0,0,323934,21817302,5987968,60948996,9265503,20947381,0,0,0,0,0
324,4922858970751481929,16126035374291535575,277244,278319,41734,2608370,26770029,60178,782314,0,0,0,0,782314,52487864,17812416,99720413,21458580,5311449,0,0,0,0,0
325,3362611848888048773,6362670672328270513,189283,190358,41976,2738931,25155455,50096,651248,0,0,0,0,651248,43717466,12182912,83836740,18473468,6681987,0,0,0,0,0
326,7122687477757991286,3474675196808305828,260788,261863,42188,2678208,27185574,62402,811226,0,0,0,0,811226,54429648,16759232,101094850,22035611,5149963,0,0,0,0,0
327,6923307926486974913,5147259662232877942,138972,140047,41403,2812703,25478661,40968,532584,0,0,0,0,532584,35777092,8963008,73072867,15723253,9755408,0,0,0,0,0
328,14543759518216842298,7439737646637638471,131322,132397,40768,2791925,23723284,36347,472511,0,0,0,0,472511,31744817,8473408,66774202,14314768,9408516,0,0,0,0,0
329,3526120906025846912,2463920764420611332,58608,59683,38189,2911549,25836044,20202,262626,0,0,0,0,262626,17691856,3819712,50297350,8338759,17497285,0,0,0,0,0
330,13105054135411926411,6989798718944266944,89364,90439,40475,2847891,27505660,30969,402597,0,0,0,0,402597,27079299,5788096,63261421,12086906,15416609,2145,0,0,0,0
331,10428491862727895118,7659091452287278377,42625,43687,38247,2932213,28922049,13726,178438,0,0,0,0,178438,12065638,2795968,46754115,5101135,23820914,0,0,0,0,0
332,13804446188507661559,8939308683032685797,265767,266842,42079,2554995,26352144,61067,793871,0,0,0,0,793871,53261299,17077888,99288405,21768994,4583150,0,0,0,0,0
333,6396824164812931943,7003166169122271197,169716,170791,39893,2663874,23753275,40572,527436,0,0,0,0,527436,35409634,10930624,72797300,16131791,7621484,0,0,0,0,0
334,10148263954741301844,4186276319997746374,44740,45806,38733,2926368,29925467,17703,230139,0,0,0,0,230139,15529449,2931584,51351601,6925490,22999977,0,0,0,0,0
335,3477990544745926582,6510059384096988355,31943,33008,30703,2691397,25527528,8848,115024,0,0,0,0,115024,7777016,2112512,38139156,3492255,22035273,0,0,0,0,0
336,13231701053928365568,4672569768871439808,114716,115791,40264,2681788,22080357,31860,414180,0,0,0,0,414180,27832194,7410624,60045227,12871573,9207224,1560,0,0,0,0
337,8844698145932292901,356680768898288890,89286,90361,40617,2773926,25531571,30357,394641,0,0,0,0,394641,26542009,5783104,60671227,11960676,13570895,0,0,0,0,0
338,7161356552888137975,7094107007632600994,235350,236425,42053,2660170,27343264,60812,790556,0,0,0,0,790556,53046630,15131200,98223317,21419281,5923983,0,0,0,0,0
339,9014024295874841266,14729555240847733191,241750,242825,42186,2680921,26632723,60179,782327,0,0,0,0,782327,52493649,15540800,97390279,21400392,5232331,0,0,0,0,0
340,17895031192751868333,14177045599436239241,30177,31240,30172,2680694,26821379,7765,100945,0,0,0,0,100945,6834373,1999360,38365978,2934581,23886798,0,0,0,0,0
341,2340664882219996466,4624622375021950132,30954,32018,31829,2737800,28829281,6592,85696,0,0,0,0,85696,5824260,2049152,39472322,2028936,26800345,0,0,0,0,0
342,7116460092147018339,11183403862490742472,286491,287566,42208,2728399,27977651,68706,893178,0,0,0,0,893178,59914270,18404224,109066752,23595299,4382352,0,0,0,0,0
343,6425910566914326932,16345361684584426391,71177,72252,40293,2903916,26140920,26229,340977,0,0,0,0,340977,22951435,4624128,56660692,10373025,15767895,0,0,0,0,0
344,11395165012870455550,9924946683217262458,66099,67174,39783,2827773,24432265,23088,300144,0,0,0,0,300144,20209696,4299136,51808653,9145305,15286960,0,0,0,0,0
345,17247030730836401119,12619946077831099126,29199,30262,30479,2800891,29603119,6384,82992,0,0,0,0,82992,5640024,1936768,40011281,1968850,27634269,0,0,0,0,0
346,1608737169501613661,14310926772850536020,37269,38336,36712,2915261,30187846,11436,148668,0,0,0,0,148668,10066264,2453504,45659587,3986255,26201591,0,0,0,0,0
347,8420435434763283906,2305286421631187853,39302,40374,37602,2886846,30776460,13085,170105,0,0,0,0,170105,11506911,2583936,47791755,4772053,26004407,0,0,0,0,0
348,7751020590824769062,7928853285845219144,125151,126226,41539,2705237,25445342,41881,544453,0,0,0,0,544453,36572913,8078464,72843495,15748824,9696518,0,0,0,0,0
349,10076714415002727144,13145072171422862015,178401,179476,41346,2718383,24563006,46570,605410,0,0,0,0,605410,40641172,11486464,79450371,17588038,6974240,728,0,0,0,0
350,2316314060922452570,2284863017281181638,42576,43651,39665,2990026,31028543,16150,209950,0,0,0,0,209950,14186822,2793664,51038720,5954767,25073776,0,0,0,0,0
351,17346309421587384437,18114273979029771776,82367,83442,40351,2779296,23498150,27049,351637,0,0,0,0,351637,23654839,5340288,55312924,10900942,12594348,2860,0,0,0,0
352,5618283887926634834,8978968968445057449,200676,201751,40997,2688326,25712856,51491,669383,0,0,0,0,669383,44922553,12912064,86276796,19294548,6418308,0,0,0,0,0
353,1741893628392994921,15657785686096550235,134247,135322,40603,2802794,23755290,36410,473330,0,0,0,0,473330,31798130,8660608,67057425,14458236,9297054,0,0,0,0,0
354,18413925335902144717,9180690439686411093,245673,246748,41101,2790174,28026011,50302,653926,0,0,0,0,653926,43899284,15791872,90548442,18417399,9608612,0,0,0,0,0
355,16005990868985157326,14205015154376875312,30700,31764,31838,2808882,30138160,6724,87412,0,0,0,0,87412,5942014,2032896,40953790,2047123,28091037,0,0,0,0,0
356,6465015771908170466,4358950977695832681,46755,47819,39920,2891725,30158999,16844,218972,0,0,0,0,218972,14791764,3060416,50942824,6165380,23993619,0,0,0,0,0
357,495767760681170683,14606865748842678817,679121,793154,39625,2705523,21630544,31260,406380,0,0,0,0,406380,27303848,50761856,102441396,12694266,8936278,0,0,0,0,0
358,13530568621071155745,5776040473859641667,28203,29268,29541,2758514,28932280,5429,70577,0,0,0,0,70577,4803331,1873152,38396818,1547624,27384656,0,0,0,0,0
359,15911894628510580952,6733593639639638168,152106,153181,40600,2782961,24726013,38805,504465,0,0,0,0,504465,33883759,9803584,71236917,15157246,9567207,1560,0,0,0,0
360,5936062968502369941,11855293702265060250,58029,59104,39815,2803377,26849836,19923,258999,0,0,0,0,258999,17462783,3782656,50938467,7863791,18986045,0,0,0,0,0
361,827533562775635043,10346946323051349946,233642,234717,42218,2769995,26371865,58290,757770,0,0,0,0,757770,50850436,15021888,95056402,20936747,5435118,0,0,0,0,0
362,1690680366174861028,10715693618684154025,157914,158989,40871,2744057,26050089,38167,496171,0,0,0,0,496171,33337317,10175296,72347630,14539356,11510733,0,0,0,0,0
363,14990777107357529582,16010065771376944700,86167,87242,40724,2914332,27678820,31280,406640,0,0,0,0,406640,27352312,5583488,63569676,12080445,15598375,0,0,0,0,0
364,10336128685871639787,510113737611174704,29333,30397,30569,2703416,30039685,5541,72033,0,0,0,0,72033,4906889,1945408,39625967,1481831,28557854,0,0,0,0,0
365,15386045912607527958,16207672152472067045,103576,104651,40856,2790193,22914853,29689,385957,0,0,0,0,385957,25952381,6697664,58395947,11767821,11145940,1092,0,0,0,0
366,10032110502621901227,4741055502983839497,37099,38163,37763,2961008,33153809,9148,118924,0,0,0,0,118924,8085896,2442432,46680908,2606071,30547738,0,0,0,0,0
367,10886039042393577701,14998822087726895547,187262,188337,41041,2729094,24230102,45124,586612,0,0,0,0,586612,39380068,12053568,78433873,17308772,6921330,0,0,0,0,0
368,4111006824975653637,13091533511762783757,107697,108772,40716,2791229,25221560,32203,418639,0,0,0,0,418639,28147067,6961408,63161980,12702755,12518805,0,0,0,0,0
369,12800907589272181664,11547107235760742818,17803,18867,20383,1922299,21781734,2198,28574,0,0,0,0,28574,1958164,1207488,26890068,332475,21449259,0,0,0,0,0
370,1030511573090924673,5630384734535338696,210517,211592,41523,2692196,26201695,52452,681876,0,0,0,0,681876,45767280,13541888,88244582,19225076,6975891,728,0,0,0,0
371,11665036513581345583,5781047853309597540,57433,58508,40587,2913256,27430702,22359,290667,0,0,0,0,290667,19589791,3744512,53718848,8545836,18883306,1560,0,0,0,0
372,6555245369104209958,16517376273135220913,205942,207017,41539,2690935,26006812,48704,633152,0,0,0,0,633152,42507218,13249088,84495592,18005754,8001058,0,0,0,0,0
373,9649092195353702410,9923687596761898572,36707,37769,37594,2924908,34205262,8771,114023,0,0,0,0,114023,7758881,2417216,47343861,2374424,31830838,0,0,0,0,0
374,8615633371099511029,8334097456100142338,33407,34480,31997,2751034,26492908,9003,117039,0,0,0,0,117039,7918469,2206720,39401128,3489226,23003682,0,0,0,0,0
375,7981025633021996910,3046884397463147451,127895,128970,33782,2684338,24875682,25365,329745,0,0,0,0,329745,22156927,8254080,58004809,10555012,14320670,0,2560,0,0,0
376,9756468082363137711,13409340896817965687,97731,98806,41882,2844330,25498408,40461,525993,0,0,0,0,525993,35343087,6323584,70051291,14993810,10504598,0,0,0,0,0
377,1033546085767362993,10105049834803127221,18888,19950,21110,2165108,22743357,2796,36348,0,0,0,0,36348,2481596,1276800,28687971,653302,22090055,0,0,0,0,0
378,17013198029483872255,14521102862528342721,207820,208895,41518,2639253,24935781,51192,665496,0,0,0,0,665496,44663476,13369280,85649308,18992948,5942833,0,0,0,0,0
379,7924636822148307953,4902961094533791871,208029,209104,41243,2671024,25255386,49039,637507,0,0,0,0,637507,42790319,13382656,84140628,18382884,6872502,0,0,0,0,0
380,3429177957817664556,7150988660324080744,237570,238645,42591,2700588,26747175,62825,816725,0,0,0,0,816725,54801227,15273280,99564861,21834813,4912362,0,0,0,0,0
381,8836541309807211882,3497652152569718297,679121,968397,42513,2734962,28593006,73716,958308,0,0,0,0,958308,64278604,61977408,157626493,24779274,3811912,1820,0,0,0,0
382,194329892924134526,2966115498685582672,94365,95440,40309,2842105,27673360,25553,332189,0,0,0,0,332189,22366279,6108160,59030213,9835384,17837976,0,0,0,0,0
383,15927840561515873385,2354283854300199406,43101,44167,40122,2958360,32233370,15972,207636,0,0,0,0,207636,14038752,2826688,52097292,5672121,26561249,0,0,0,0,0
384,1714640194027356427,16481047165389432538,30828,31891,31751,2670307,29330028,7143,92859,0,0,0,0,92859,6305013,2041024,40378123,2314013,27016015,0,0,0,0,0
385,5571179394855000109,7608192901690950340,166093,167168,41675,2708568,23343333,42438,551694,0,0,0,0,551694,37046386,10698752,73838714,16256812,7086521,0,0,0,0,0
386,18446277066557159431,13140538790590215852,82908,83983,40779,2772750,23414924,32130,417690,0,0,0,0,417690,28077556,5374912,59680921,12604007,10810917,0,0,0,0,0
387,14676111944367553443,2818668049614739188,233489,234564,42087,2729323,27182935,61143,794859,0,0,0,0,794859,53334515,15012096,98300956,21606299,5576636,0,0,0,0,0
388,14517266541666166170,13167075417714475265,63216,64291,38376,2841712,25026833,21522,279786,0,0,0,0,279786,18839730,4114624,50861275,8902439,16124394,0,0,0,0,0
389,6007782047786219109,3036606019736959043,226647,227722,42368,2693646,26702455,61276,796588,0,0,0,0,796588,53450488,14574208,97463165,21510099,5187988,4368,0,0,0,0
390,9858856608974879866,5427979593257500090,31462,32526,32623,2747916,30106804,6520,84760,0,0,0,0,84760,5767294,2081664,40736301,1858987,28247817,0,0,0,0,0
391,10134772219675911659,5847081515508855850,121325,122400,41453,2775048,25598768,40771,530023,0,0,0,0,530023,35607195,7833600,71856064,15474433,10123607,728,0,0,0,0
392,11336868354215367152,7021009401841321609,229809,230884,42037,2718617,28090010,62156,808028,0,0,0,0,808028,54219880,14776576,99847120,21793980,6294938,1092,0,0,0,0
393,3410027770555825282,8015169696008872524,212799,213874,42202,2678500,25544272,56092,729196,0,0,0,0,729196,48935380,13687936,90888290,20183007,5361265,0,0,0,0,0
394,10379314241001012241,17254280823595804974,40916,41983,37923,2880467,30064827,13697,178061,0,0,0,0,178061,12039105,2686912,47709234,5088811,24976016,0,0,0,0,0
395,1560318013821850022,17454578939050273519,80062,81137,39932,2857080,23163764,27840,361920,0,0,0,0,361920,24338496,5192768,55592040,11134214,12029550,0,0,0,0,0
396,17344265790979834870,13026098333113515458,25447,26512,26862,2545637,27760161,4048,52624,0,0,0,0,52624,3591562,1696768,35620990,951418,26808743,0,0,0,0,0
397,12769934649302990837,245985807588305976,42393,43459,36145,2662455,26297934,13219,171847,0,0,0,0,171847,11606621,2781376,43384531,5194228,21103706,0,0,0,0,0
398,6398205110736970597,14294849113187848122,106349,107424,40267,2736480,24323260,30634,398242,0,0,0,0,398242,26775034,6875136,60750177,12109851,12213409,0,0,0,0,0
399,2137413210345420363,15191934662275982882,23688,24751,25148,2449452,26257452,5093,66209,0,0,0,0,66209,4494607,1584064,34810723,1746953,24510499,0,0,0,0,0
400,13069900385805486314,3085252738202608511,251173,252248,41944,2674234,26453934,58988,766844,0,0,0,0,766844,51453896,16143872,96767880,21351473,5100641,1820,0,0,0,0
401,7685803444848007117,8414950631966531801,197029,198104,42091,2659714,25241853,50647,658411,0,0,0,0,658411,44199389,12678656,84821703,18652036,6589817,0,0,0,0,0
402,12354328562408914120,12851204203648651010,88410,89485,41368,2809564,25223211,30662,398606,0,0,0,0,398606,26812890,5727040,60614073,11880037,13342082,1092,0,0,0,0
403,85486659316954491,13397426102367268562,38296,39358,37354,2880224,30844788,11409,148317,0,0,0,0,148317,10046985,2518912,46328263,3950830,26893958,0,0,0,0,0
404,4939214230347250310,3369239709756051935,139627,140702,41655,2774735,26064376,46401,603213,0,0,0,0,603213,40506895,9004928,78392589,17154930,8909446,0,0,0,0,0
405,18326939756265711023,15864643783097911715,177919,178994,40272,2722043,24457667,39415,512395,0,0,0,0,512395,34410259,11455616,73085857,15278913,9178754,0,0,0,0,0
406,14726782303244805428,4201899676060045844,170298,171373,41604,2707172,24564410,45362,589706,0,0,0,0,589706,39595010,10967872,77876068,17167267,7397143,0,0,0,0,0
407,6633970300822632282,7907631952282189581,135662,136737,39401,2761948,26185965,29318,381134,0,0,0,0,381134,25629968,8751168,63368450,11225643,14958177,2145,0,0,0,0
408,12886322652531324118,4185298942575568976,269818,270893,42708,2722984,28679989,71684,931892,0,0,0,0,931892,62516272,17337152,111299105,24079757,4600232,0,0,0,0,0
409,8852455229358511103,12794125605669113460,102179,103254,37342,2675183,22636848,25429,330577,0,0,0,0,330577,22223175,6608256,54180804,10691564,11945284,0,0,0,0,0
410,18218687001777857725,10422024295315433934,19912,20974,21635,2156121,23691213,2947,38311,0,0,0,0,38311,2615951,1342336,29827256,688025,23003188,0,0,0,0,0
411,5564210727052958579,2151273557390348094,49842,50917,41323,2955690,29645655,22628,294164,0,0,0,0,294164,19836934,3258688,55738290,8415849,21229806,0,0,0,0,0
412,9268306062013901773,6725155318049472964,32466,33528,33452,2955420,32152380,7368,95784,0,0,0,0,95784,6511908,2145792,43798952,2218749,29933631,0,0,0,0,0
413,7914704162904444320,13067537503174356799,164097,165172,40216,2823891,23410439,40157,522041,0,0,0,0,522041,35050301,10571008,71895855,15977156,7433283,0,0,0,0,0
414,12863108643027427748,2807882615204264536,132449,133524,40630,2773188,22987107,34914,453882,0,0,0,0,453882,30495452,8545536,64841913,13910234,9076873,0,0,0,0,0
415,12590165484947485333,18248211600420634266,42232,43307,38120,2853226,27955122,13872,180336,0,0,0,0,180336,12189372,2771648,45807488,5126641,22828481,0,0,0,0,0
416,2354886570752595358,3407335579007887275,258371,259446,41507,2726383,28179632,56285,731705,0,0,0,0,731705,49108007,16604544,96660073,20018037,8161595,0,0,0,0,0
417,8633022409243365598,9973336956662552166,72009,73084,40268,2783041,24012534,25748,334724,0,0,0,0,334724,22524944,4677376,54038163,10139844,13872690,0,0,0,0,0
418,6784217945924264218,14569055914573086863,56506,57581,31286,2742005,26622661,13291,172783,0,0,0,0,172783,11647493,3685184,44728629,5498298,21124363,0,0,0,0,0
419,636490959658542657,17813889829792230781,34031,35095,35140,2716744,32270654,6329,82277,0,0,0,0,82277,5615779,2246080,42884397,1396655,30873999,0,0,0,0,0
420,17217193322115751102,9350258290650473220,245127,246202,40237,2715868,29018431,51842,673946,0,0,0,0,673946,45237088,15756928,92768552,18762393,10256038,0,0,0,0,0
421,2100097450899767168,6880695525070139155,147312,148387,40579,2739483,24984115,42088,547144,0,0,0,0,547144,36741328,9496768,74002273,16244943,8739172,0,0,0,0,0
422,13583728563436965157,7947499410179592405,177127,178202,41694,2715527,26674765,51399,668187,0,0,0,0,668187,44855941,11404928,85692855,18991570,7683195,0,0,0,0,0
423,17683035363040016650,13788360910636579760,202158,203233,42522,2783146,28319330,62555,813215,0,0,0,0,813215,54578537,13006912,98730447,21492666,6822296,4368,0,0,0,0
424,7102203555229228412,9524066181891347735,222530,223605,42070,2721400,26142454,55539,722007,0,0,0,0,722007,48456369,14310720,91673013,20004504,6137950,0,0,0,0,0
425,6982770138324009442,5827723019285772358,227411,228486,42230,2672161,25906023,58002,754026,0,0,0,0,754026,50597092,14623104,93840610,20875361,5030662,0,0,0,0,0
426,7701813474468396498,9920310661024247679,9982,11044,12864,1361977,13615342,1143,14859,0,0,0,0,14859,1017965,706816,16714964,189176,13426166,0,0,0,0,0
427,12934325797014543013,17295923561283553897,98569,99644,40504,2775786,23838854,29287,380731,0,0,0,0,380731,25604267,6377216,58636627,11757941,12080913,0,0,0,0,0
428,13533348533935223626,6077993639269645348,186095,187170,41483,2703682,25456470,47417,616421,0,0,0,0,616421,41385071,11978880,81565586,17587167,7869303,0,0,0,0,0
429,9232305410201898069,5991133113791817354,21779,22843,23480,2290176,24891776,2970,38610,0,0,0,0,38610,2640976,1461952,31308360,573573,24318203,0,0,0,0,0
430,5927513165180261834,4335446063192964763,231189,232264,42030,2611162,25743107,56422,733486,0,0,0,0,733486,49219274,14864896,92480469,20442162,5300490,455,0,0,0,0
431,1564002562644355952,6543002870578071032,233235,234310,41485,2676972,26658229,56190,730470,0,0,0,0,730470,49017410,14995840,93389936,20554820,6103409,0,0,0,0,0
432,16502892708404031661,7953378264749997742,255537,256612,42393,2642852,28406742,68713,893269,0,0,0,0,893269,59927881,16423168,107443036,23350197,5056545,0,0,0,0,0
433,13755743583511438817,1930470711547427912,55767,56842,39196,2898947,25666524,20008,260104,0,0,0,0,260104,17528056,3637888,49770611,7974317,17692207,0,0,0,0,0
434,8575881770625394766,1166268987783194229,129163,130238,39924,2784492,29071042,34250,445250,0,0,0,0,445250,29933254,8335232,70163944,13036153,16034889,0,0,0,0,0
435,12930422413085855894,2838271912427244336,184063,185138,41760,2695362,25949235,52876,687388,0,0,0,0,687388,46137676,11848832,86672865,19230224,6719011,0,0,0,0,0
436,16527980111456244306,5167733695340044553,53549,54624,40223,2972846,28469532,18818,244634,0,0,0,0,244634,16507348,3495936,51485885,7155408,21314124,0,0,0,0,0
437,12827618175221192457,2927046148187850955,64974,66049,38435,2762609,26249717,20286,263718,0,0,0,0,263718,17767828,4227136,51045725,8010639,18239078,0,0,0,0,0
438,1640052262248284527,4173952685243241879,106383,107458,40530,2733109,22916569,31011,403143,0,0,0,0,403143,27098955,6877312,59666475,12454299,10462270,0,0,0,0,0
439,1842505506550913104,1529657377699334636,49279,50341,39472,2824504,26029341,17484,227292,0,0,0,0,227292,15335190,3221824,47450331,6715332,19314009,0,0,0,0,0
440,862577383826786802,4664751051738540365,123928,125003,41567,2680979,24958505,39376,511888,0,0,0,0,511888,34392358,8000192,70073601,14952756,10005749,0,0,0,0,0
441,15704067235076084581,2966384361889457191,41597,42663,38684,3039028,31011539,14803,192439,0,0,0,0,192439,13008255,2730432,49827938,5447650,25563889,0,0,0,0,0
442,11039836456983717512,13624082014719447564,105341,106416,40938,2754681,24614135,34085,443105,0,0,0,0,443105,29784729,6810624,64005107,13273299,11339744,1092,0,0,0,0
443,8429990098390160991,11482487585985055384,169667,170742,41300,2683364,24693305,44210,574730,0,0,0,0,574730,38590734,10927488,76936191,16807973,7885332,0,0,0,0,0
444,402001745080597206,4851388789217519097,31470,32534,32490,2853219,31159739,6628,86164,0,0,0,0,86164,5862064,2082176,41989688,1918345,29241394,0,0,0,0,0
445,6832657854039499684,5855329510182430726,46658,47721,38650,2896227,27127503,16810,218530,0,0,0,0,218530,14746992,3054144,47863516,6551714,20575789,0,0,0,0,0
446,4264903550742556352,15254643147540730621,244841,245916,41098,2759796,27516177,53375,693875,0,0,0,0,693875,46569289,15738624,92624984,19585059,7922538,8580,0,0,0,0
447,7215959946105249024,16909848124592599346,122519,123594,41591,2814838,24672167,39543,514059,0,0,0,0,514059,34536645,7910016,69975257,14955356,9715251,1560,0,0,0,0
448,10321603544327011239,4806894911590092590,86959,88034,40008,2895985,27829867,24660,320580,0,0,0,0,320580,21587332,5634176,57987368,9404642,18425225,0,0,0,0,0
449,9205100931856832500,2516952009587044989,255887,256962,41408,2676442,27664832,61480,799240,0,0,0,0,799240,53621308,16445568,100449558,21904519,5760313,0,0,0,0,0
450,6528348096878753853,16256485131393376591,256156,257231,42273,2676318,26667589,61867,804271,0,0,0,0,804271,53961349,16462784,99810313,21972171,4695418,0,0,0,0,0
451,4323231653390056700,11441640007471454912,152751,153826,40034,2599735,23630373,41885,544505,0,0,0,0,544505,36555259,9844864,72670265,16246919,7383454,0,0,0,0,0
452,9508430182063585858,15955974876741316437,38868,39931,39214,2887426,33953296,11151,144963,0,0,0,0,144963,9840363,2555584,49275883,3366116,30587180,0,0,0,0,0
453,15808358453286145616,7811074376164586530,167015,168090,41669,2701002,25339678,44651,580463,0,0,0,0,580463,38983243,10757760,77823352,16660137,8679541,0,0,0,0,0
454,2426662229176337751,1261735060384458986,228913,229988,42342,2714881,27879085,63728,828464,0,0,0,0,828464,55589352,14719232,100944892,22058036,5821049,0,0,0,0,0
455,12145149183643533602,2470951536865706431,39087,40151,39309,2934459,33694388,12204,158652,0,0,0,0,158652,10756850,2569664,49994670,3901768,29792620,0,0,0,0,0
456,6288330280080448374,11656313082821154650,42508,43573,38953,2776807,29484806,12453,161889,0,0,0,0,161889,10962913,2788672,46052151,4308564,25176242,0,0,0,0,0
457,13220811111560496290,1138910336511537343,46469,47542,40236,2890031,29602079,18000,234000,0,0,0,0,234000,15798952,3042688,51373986,6560294,23041785,0,0,0,0,0
458,17070344243938455497,13830445048197207637,238958,240033,42018,2758555,26883870,60019,780247,0,0,0,0,780247,52354133,15362112,97400688,21128692,5755178,0,0,0,0,0
459,11054334560361028485,11112202771062093699,202493,203568,36407,2798399,27130961,37712,490256,0,0,0,0,490256,32916702,13028352,75910821,14326858,12804103,0,0,0,0,0
460,9257505739477936285,5416279434376797341,118645,119720,41707,2779604,25405627,40265,523445,0,0,0,0,523445,35169277,7662080,71058295,15142036,10263591,0,0,0,0,0
461,9357522388781342737,8248430554709840983,45122,46187,38675,2880740,28751424,17281,224653,0,0,0,0,224653,15160171,2955968,49786978,6554600,22196824,0,0,0,0,0
462,2436701624206805372,972246781749910608,190432,191507,42091,2678828,26556452,54856,713128,0,0,0,0,713128,47866702,12256448,89400521,19798038,6757959,455,0,0,0,0
463,10125862693187976394,15721934028420053501,34495,35560,34673,2880303,30965246,10476,136188,0,0,0,0,136188,9221030,2275840,45377092,3794869,27170377,0,0,0,0,0
464,11147650712621638095,17142240343276686513,856,856,16165,0,0,0,0,0,0,0,0,0,0,54784,70949,0,0,0,0,0,0,0
465,14690643096254490349,14902246832454778787,42563,43638,35035,2789553,25295140,14542,189046,0,0,0,0,189046,12748216,2792832,43660776,5998252,19296888,0,0,0,0,0
466,16147600754798846308,5807748709795962692,9441,10503,12232,1096522,12738583,1261,16393,0,0,0,0,16393,1118741,672192,15638270,315900,12422683,0,0,0,0,0
467,6452645926150258700,5723284607855735587,53256,54321,40253,2967720,28179203,20330,264290,0,0,0,0,264290,17823572,3476544,52487292,7822581,20355062,1560,0,0,0,0
468,17295410370606523762,2066086576097609362,178672,179747,41986,2674832,25862681,53227,691951,0,0,0,0,691951,46445841,11503808,86529148,19235970,6626711,0,0,0,0,0
469,1055117917312492432,16026818943030780337,137055,138130,40327,2831723,23843781,35522,461786,0,0,0,0,461786,31023382,8840320,66579533,14236079,9607702,0,0,0,0,0
470,10671692971768197741,3291162561266746003,7381,8424,11446,1073916,10425142,910,11830,0,0,0,0,11830,808236,539136,12857876,209586,10215556,0,0,0,0,0
471,9336058891440692173,7067359663261617981,104675,105750,41226,2773854,25584767,37628,489164,0,0,0,0,489164,32872918,6768000,68040765,14382446,11202321,0,0,0,0,0
472,12633703443406934305,13898646289414061391,104317,105392,41128,2811226,24149879,34040,442520,0,0,0,0,442520,29744780,6745088,63492101,13195793,10954086,0,0,0,0,0
473,6744315282971989660,6498598665258592224,192661,193736,41548,2614637,24903450,48118,625534,0,0,0,0,625534,41992288,12399104,81951027,18078645,6824805,0,0,0,0,0
474,3245961272664703122,9946041324599655469,56752,57827,39043,2820145,25835810,18611,241943,0,0,0,0,241943,16312205,3700928,48708131,7423637,18412173,0,0,0,0,0
475,4236320961268233163,14733009617636635693,41574,42647,39030,3074594,31891808,15847,206011,0,0,0,0,206011,13921219,2729408,51656059,5891756,26000052,0,0,0,0,0
476,9351004130392739992,8486950168453641702,224860,225935,41974,2672247,26502008,58797,764361,0,0,0,0,764361,51288991,14459840,94965060,21023639,5478369,0,0,0,0,0
477,17028271449931766306,10848122146508832719,182583,183658,39185,2802934,28054715,36489,474357,0,0,0,0,474357,31870423,11754112,74521369,13885911,14168804,0,0,0,0,0
478,3184308700634912726,3329899305769807170,147373,148448,40409,2693182,24424283,42591,553683,0,0,0,0,553683,37173461,9500672,73832007,16405545,8018738,0,0,0,0,0
479,18372444470292275173,3579590825454118696,151788,152863,40790,2744663,24074622,38287,497731,0,0,0,0,497731,33431463,9783232,70074770,14938729,9135893,0,0,0,0,0
480,9250875971031251573,4477988380733232366,149445,150520,42057,2693406,25234508,47981,623753,0,0,0,0,623753,41881021,9633280,79484272,17531774,7702734,0,0,0,0,0
481,2499737935806342049,1114125005653871668,54730,55805,40705,2832335,28823171,23768,308984,0,0,0,0,308984,20821554,3571520,56089285,9058946,19764225,0,0,0,0,0
482,8005150474762001738,5733053559622119921,255254,256329,41694,2755034,27090466,60311,784043,0,0,0,0,784043,52606385,16405056,98898635,21408023,5682443,0,0,0,0,0
483,13862453793831045576,2099972936873703610,189524,190599,34845,2677227,25928825,37676,489788,0,0,0,0,489788,32874738,12198336,73713971,14861821,11067004,0,0,0,0,0
484,16727794210000097239,757113430313866054,80990,82065,38884,2768155,22347403,23693,308009,0,0,0,0,308009,20720921,5252160,51127523,9843743,12503660,0,0,0,0,0
485,8505568299410626855,8415107637573783622,50244,51319,38683,2838289,26753779,16508,214604,0,0,0,0,214604,14484340,3284416,47399507,6382168,20371611,0,0,0,0,0
486,6706435875522853583,6948433125682028174,45104,46168,38267,2776247,27351519,13866,180258,0,0,0,0,180258,12182274,2954752,45303059,5089370,22262149,0,0,0,0,0
487,4658475360475669991,4124787604852629502,16555,17619,18753,1969051,20499804,2335,30355,0,0,0,0,30355,2073383,1127616,25688607,522782,19977022,0,0,0,0,0
488,8346525333782740961,15034549447699229088,121859,122934,40249,2813160,22809462,32682,424866,0,0,0,0,424866,28550704,7867776,62081351,13129675,9679787,0,0,0,0,0
489,16538745875297726597,6847591514724524206,231786,232861,41703,2710276,25926134,54650,710450,0,0,0,0,710450,47677214,14903104,91258431,20020689,5905445,0,0,0,0,0
490,7330059832843171160,86123676959179557,42200,43264,37769,2937044,30416893,13788,179244,0,0,0,0,179244,12118756,2768896,48279358,5129436,25287457,0,0,0,0,0
491,5799913425808020461,16174090749241555115,139152,140227,40058,2699213,22609015,33160,431080,0,0,0,0,431080,28962050,8974528,63284864,13613275,8995740,0,0,0,0,0
492,11576783333258463119,16271719603802867143,80257,81332,37977,2794231,27336179,20759,269867,0,0,0,0,269867,18177471,5205248,53551106,8243092,19093087,0,0,0,0,0
493,13988369725958645690,14158319484250377382,26921,27983,27860,2592360,26504621,6352,82576,0,0,0,0,82576,5597722,1790912,36513475,2291601,24213020,0,0,0,0,0
494,5898872008016334193,1746255145263829884,38944,40017,37749,2876408,31091723,11510,149630,0,0,0,0,149630,10137114,2561088,46704082,3864159,27227564,0,0,0,0,0
495,15822893775796851788,11815255012873757323,222818,223893,42004,2743770,26194116,56529,734877,0,0,0,0,734877,49315747,14329152,92624789,20435142,5758974,0,0,0,0,0
496,16281339674383222854,8244097601339821662,222025,223100,41477,2741066,26615706,56505,734565,0,0,0,0,734565,49290943,14278400,92967592,20746089,5869162,455,0,0,0,0
497,7937224572244188468,11558729391643768793,44264,45328,39865,2960329,30131088,15706,204178,0,0,0,0,204178,13800852,2900992,49833126,5599542,24531546,0,0,0,0,0
498,2472945768402643684,11950289729280754794,88668,89743,39378,2715092,24019502,28100,365300,0,0,0,0,365300,24563578,5743552,57081102,11453468,12566034,0,0,0,0,0
499,18318652739687993667,2217448632330241938,30334,31397,31342,2632001,29158194,6605,85865,0,0,0,0,85865,5834933,2009408,39665878,2036463,27121731,0,0,0,0,0
500,3770895321614423100,10618612768874432061,243343,244418,42181,2703065,27316653,62888,817544,0,0,0,0,817544,54852304,15642752,100556955,22042124,5274529,0,2560,0,0,0
501,12278608987047259568,1259560395184871782,46125,47200,37059,2876304,26000247,17554,228202,0,0,0,0,228202,15380248,3020800,47314658,7196657,18803590,0,0,0,0,0
502,1072940585732709761,15784556539348246968,30922,31985,31529,2768845,29058367,6846,88998,0,0,0,0,88998,6045026,2047040,39950807,2203045,26855322,0,0,0,0,0
503,18034076125913544045,11291032676390790778,146766,147841,41235,2772866,23301941,39151,508963,0,0,0,0,508963,34185567,9461824,69763433,15292446,8005127,4368,0,0,0,0
504,16033599779080455186,3942083300940021927,115100,116175,41593,2816733,23966787,34305,445965,0,0,0,0,445965,29978195,7435200,64238508,13311649,10650042,5096,0,0,0,0
505,10339549290442410553,15614093670076556781,32204,33269,31998,2781533,26415103,7657,99541,0,0,0,0,99541,6749483,2129216,38107333,2668679,23746424,0,0,0,0,0
506,15253381621617792018,8665236872977132092,53226,54301,41157,2860307,28936284,24279,315627,0,0,0,0,315627,21269391,3475264,56582403,8987498,19947694,1092,0,0,0,0
507,8437527690273272990,4150323200538051205,101804,102879,41604,2774750,25761268,37570,488410,0,0,0,0,488410,32824974,6584256,67986852,14197677,11563591,0,0,0,0,0
508,10092416097232429819,2843508664259847997,155507,156582,40892,2759069,23447268,43154,561002,0,0,0,0,561002,37661052,10021248,73929529,16622476,6824792,0,0,0,0,0
509,15846737518840069779,14741305994458893589,43947,45021,38586,2828352,27715740,14320,186160,0,0,0,0,186160,12581400,2881344,46045422,5320224,22395516,0,0,0,0,0
510,17534456451358536111,3708211007192885297,26670,27735,28081,2717502,28360670,4801,62413,0,0,0,0,62413,4251923,1775040,37133216,1298323,27062347,0,0,0,0,0
511,11873213722005862356,4081836860959624914,237528,238603,42300,2669618,26829023,62025,806325,0,0,0,0,806325,54102217,15270592,98913750,21781188,5044923,2912,0,0,0,0
512,14486592820706631026,6797613288946592559,33127,34190,30773,2704609,24654526,10539,137007,0,0,0,0,137007,9247251,2188160,38825319,4479891,20174635,0,0,0,0,0
513,4025204711630103363,17765112397826845815,16586,17651,18711,1989743,20450716,2377,30901,0,0,0,0,30901,2109419,1129664,25698253,565396,19885320,0,0,0,0,0
514,3828652574031787416,16154582526321369916,34632,35695,35332,2837473,32523738,8487,110331,0,0,0,0,110331,7495709,2284480,45176732,2621502,29902236,0,0,0,0,0
515,11313400724548692022,7707747997781978833,88670,89745,39283,2726914,21594586,27283,354679,0,0,0,0,354679,23842819,5743680,53947282,11163945,10430641,0,0,0,0,0
516,11638525164681218160,8896115213884502466,41835,42899,38097,2987399,30390828,12389,161057,0,0,0,0,161057,10903373,2745536,47065233,4416425,25974403,0,0,0,0,0
517,7716935903689708717,15306103844841269532,85772,86847,39947,2777118,25160304,32766,425958,0,0,0,0,425958,28631018,5558208,62166595,12877189,12283115,0,0,0,0,0
518,4058011865849492032,13939355355731598023,220787,221862,42152,2668872,26844038,60356,784628,0,0,0,0,784628,52649610,14199168,96403840,21361288,5482750,0,0,0,0,0
519,9066656729121781112,14528250421775902340,57798,58873,38101,2723744,24623755,17900,232700,0,0,0,0,232700,15685098,3767872,46838570,7304609,17319146,0,0,0,0,0
520,546857205464664645,10856301570145447358,195008,196083,41614,2779248,26042523,52946,688298,0,0,0,0,688298,46196020,12549312,87608717,19358924,6683599,0,0,0,0,0
521,4034299698145399307,15229638548459539002,181031,182106,41374,2645966,24507665,48643,632359,0,0,0,0,632359,42443843,11654784,81293632,18376748,6130917,0,0,0,0,0
522,17476387217748300711,879928261743629222,29715,30777,30936,2838609,30332471,5720,74360,0,0,0,0,74360,5063552,1969728,40235296,1572181,28760290,0,0,0,0,0
523,10697020065405924224,10130278626578927117,271594,272669,42455,2669244,27481337,67953,883389,0,0,0,0,883389,59260097,17450816,106903949,23372843,4106674,1820,0,0,0,0
524,15931168935008656396,4592290657160576126,249185,250260,42142,2706937,27282229,61866,804258,0,0,0,0,804258,53963026,16016640,100010974,21841196,5441033,0,0,0,0,0
525,17786954505656660641,17553473263598314372,141811,142886,41407,2737693,23122814,38178,496314,0,0,0,0,496314,33340866,9144704,68387484,14731184,8390902,728,0,0,0,0
526,12029076610089283439,5225432783559662788,35657,36731,35305,2897817,30446702,11275,146575,0,0,0,0,146575,9918675,2350784,45649283,4179851,26266851,0,0,0,0,0
527,5819353566424271941,14046771203636798438,31365,32427,32543,2861220,31618054,5651,73463,0,0,0,0,73463,5011643,2075328,41598788,1338623,30279431,0,0,0,0,0
528,16016040061679728463,2261488248272301274,248909,249984,42201,2732851,27247363,60843,790959,0,0,0,0,790959,53075321,15998976,99096712,21714914,5532449,0,0,0,0,0
529,8536439472106739349,14034771328188012720,134206,135281,40896,2610597,23695919,37919,492947,0,0,0,0,492947,33112677,8657984,68118073,14852903,8843016,0,0,0,0,0
530,2176703079267279479,6222282370769885720,131545,132620,41558,2681855,23888410,40687,528931,0,0,0,0,528931,35527063,8487680,70626566,15541292,8340878,6240,0,0,0,0
531,6369700480421593747,4474839884423216236,80951,82026,37939,2768383,21940334,24095,313235,0,0,0,0,313235,21063263,5249664,51059583,10245924,11694410,0,0,0,0,0
532,2730986519077290424,3822407986819342051,271329,272404,42383,2699671,27447394,66560,865280,0,0,0,0,865280,58046794,17433856,105670098,23063950,4383444,0,0,0,0,0
533,12849045245733171294,33534945419774142,125120,126195,41255,2722173,24345828,38145,495885,0,0,0,0,495885,33315945,8076480,68501681,14832935,9512893,0,0,0,0,0
534,7832465412992783714,10686194295474488775,16747,17810,18973,1862340,20680179,2224,28912,0,0,0,0,28912,1977118,1139840,25678450,447356,20232823,0,0,0,0,0
535,7497195367722180584,6100338770374019732,64828,65903,37099,2872524,26616772,19251,250263,0,0,0,0,250263,16860363,4217792,50604550,7867470,18749302,0,0,0,0,0
536,8227261731462856155,5527246421086519444,679121,871100,41806,2751860,25761619,53766,698958,0,0,0,0,698958,46909382,55750400,131215067,19640426,6121193,0,0,0,0,0
537,17485264431857448076,1482226281496930759,118826,119901,41362,2820486,25420928,35486,461318,0,0,0,0,461318,31009264,7673664,66965704,13385359,12034009,1560,0,0,0,0
538,4825051417355408953,8627870634937411549,23978,25043,25434,2442540,26008489,4220,54860,0,0,0,0,54860,3735290,1602752,33814505,1194674,24813815,0,0,0,0,0
539,2335761521077289282,6873145610101513708,38189,39251,36513,2937658,30098887,11816,153608,0,0,0,0,153608,10395918,2512064,45981040,4349033,25749854,0,0,0,0,0
540,5336102852231288255,9691678115240896768,278949,280024,42086,2748497,27830582,67417,876421,0,0,0,0,876421,58791551,17921536,107334252,23418941,4411641,0,0,0,0,0
541,8879022569292388333,15023935061540084910,72253,73328,40426,2883708,26164372,29717,386321,0,0,0,0,386321,25986701,4692992,59768199,11546184,14618188,0,0,0,0,0
542,3361348252604213287,12056153300320930110,178869,179944,40751,2686778,24641357,43297,562861,0,0,0,0,562861,37791793,11516416,76677095,16719534,7919678,2145,0,0,0,0
543,10122067216521551917,4189471345221191444,70589,71664,39931,2866359,24848603,24455,317915,0,0,0,0,317915,21401471,4586496,53742860,9802364,15046239,0,0,0,0,0
544,9493247934603932636,13512764101591511079,62274,63349,38822,2797524,24939252,19411,252343,0,0,0,0,252343,17004195,4054336,48834129,7892378,17046874,0,0,0,0,0
545,10146694556736176973,1250765802986136425,142734,143809,41007,2719199,23691694,39548,514124,0,0,0,0,514124,34529846,9203776,70185522,15350322,8341372,0,0,0,0,0
546,8003997507413352174,14601475483233226460,31959,33022,33043,2858728,31466409,6066,78858,0,0,0,0,78858,5375916,2113408,41847504,1499290,29967119,0,0,0,0,0
547,6603960482610020736,10175893207350623687,227431,228506,41458,2685977,25496952,53161,691093,0,0,0,0,691093,46376707,14624384,89225478,19738121,5758103,728,0,0,0,0
548,17211681883597533513,2066012383376528869,134111,135186,41268,2725010,25813528,41249,536237,0,0,0,0,536237,36022129,8651904,73253839,15654678,10157758,1092,0,0,0,0
549,17389524673632328608,7800411151420840342,50467,51542,38992,2787432,25397840,17066,221858,0,0,0,0,221858,14966432,3298688,46489384,6669130,18728710,0,0,0,0,0
550,12080290410387591241,4631293495394377196,30837,31901,30898,2759031,27865136,7083,92079,0,0,0,0,92079,6245863,2041664,38942592,2423278,25441858,0,0,0,0,0
551,7652851813370030783,4960817407635589740,249529,250604,41979,2656706,27627834,64176,834288,0,0,0,0,834288,55972852,16038656,102338027,22456512,5171322,0,0,0,0,0
552,14065052034159838740,17011513443400916163,186611,187686,41607,2673711,25906023,48352,628576,0,0,0,0,628576,42201796,12011904,82835041,18034094,7871201,728,0,0,0,0
553,674705352967029218,12448072160037665570,78505,79580,40571,2903585,23803351,28610,371930,0,0,0,0,371930,25015796,5093120,56856423,11287692,12515659,0,0,0,0,0
554,7019131355554111573,9858118421280283112,290157,291232,42479,2688937,28435784,70227,912951,0,0,0,0,912951,61244079,18638848,111050127,23878660,4553757,3367,0,0,0,0
555,5872738573094656266,18383203963956490845,9005,10057,12680,1156894,12053691,1128,14664,0,0,0,0,14664,1001286,643648,14868199,268944,11784747,0,0,0,0,0
556,1055675410619155363,1637254770442031909,93342,94417,39577,2778686,23056007,28306,367978,0,0,0,0,367978,24739780,6042688,56656738,11601629,11454378,0,0,0,0,0
557,12147048754990568428,11282959607205883350,51630,52704,40578,2835506,29468179,21671,281723,0,0,0,0,281723,18995431,3373056,54712750,8285784,21182395,0,0,0,0,0
558,12436428953288854489,16837924097927159932,236036,237111,40919,2637477,25488164,58277,757601,0,0,0,0,757601,50824163,15175104,94165827,20990632,4497532,0,0,0,0,0
559,2655781743932671180,1954843205782732063,37690,38763,36825,2861487,31021146,10146,131898,0,0,0,0,131898,8946210,2480832,45346500,3335930,27685216,0,0,0,0,0
560,11828024577298976742,11525888813681285186,19105,20167,20953,2201229,22258483,2975,38675,0,0,0,0,38675,2636803,1290688,28408156,788905,21469578,0,0,0,0,0
561,15502345197839159256,4182268435451599409,74115,75190,38802,2875547,26966173,20287,263731,0,0,0,0,263731,17771923,4812160,52464605,7931534,19034639,0,0,0,0,0
562,14752344490270890083,7021006005466462293,19280,20338,21255,2076437,22749584,2753,35789,0,0,0,0,35789,2444507,1301632,28593415,623610,22125974,0,0,0,0,0
563,14608729376926156580,18437829627042708838,137043,138118,40072,2675194,22466795,37770,491010,0,0,0,0,491010,32969664,8839552,66991277,15061111,7405684,0,0,0,0,0
564,3354891253350968017,3377920520313041400,140454,141529,41709,2758091,25189294,40230,522990,0,0,0,0,522990,35138220,9057856,72185170,15098486,10089261,1547,0,0,0,0
565,16685265364716975585,844356231132363270,129630,130705,40801,2758722,24084411,36426,473538,0,0,0,0,473538,31815940,8365120,67064994,14136044,9943999,4368,0,0,0,0
566,14842864649018849840,2210573490343041413,83529,84604,39976,2788226,24340095,27829,361777,0,0,0,0,361777,24333257,5414656,56916210,11205493,13134602,0,0,0,0,0
567,5928217834996158424,7138027314132704394,172983,174058,41361,2757659,24078314,44348,576524,0,0,0,0,576524,38708020,11139712,76725066,17150081,6928233,0,0,0,0,0
568,17434504922175953168,9710844928083121461,62625,63700,39384,2822594,24119563,20104,261352,0,0,0,0,261352,17610840,4076800,48669181,7995273,16124290,0,0,0,0,0
569,7117658762721286890,3764946894157613340,225453,226528,41557,2654074,26180570,54056,702728,0,0,0,0,702728,47161582,14497792,90535575,19873230,6307340,0,0,0,0,0
570,10203736539240994775,3061780863673954632,123559,124634,39374,2692104,21847241,31148,404924,0,0,0,0,404924,27204970,7976576,59760265,12897378,8949863,0,0,0,0,0
571,11098166362092074578,2740551384970626393,165395,166470,40632,2712077,24364093,41100,534300,0,0,0,0,534300,35879246,10654080,73650128,15917928,8446165,0,0,0,0,0
572,1573018371868451774,8431965404724663688,200953,202028,41648,2629154,25178699,52090,677170,0,0,0,0,677170,45447740,12929792,86227033,19255145,5923554,0,0,0,0,0
573,11132766719071366564,16864684341497862163,107722,108797,38572,2909929,30166942,22342,290446,0,0,0,0,290446,19565338,6963008,59643789,8262202,21904740,0,0,0,0,0
574,14938748621248242089,12114020525670308697,218376,219451,40837,2792753,28991170,47668,619684,0,0,0,0,619684,41610426,14044864,87480050,17299464,11691706,0,0,0,0,0
575,15141505710327569973,11100609951996122915,188294,189369,42145,2715162,26378222,53496,695448,0,0,0,0,695448,46683520,12119616,87938665,19419114,6956196,2912,0,0,0,0
576,2522339944516760991,5496995116052564479,55629,56704,40785,2916806,28292121,23541,306033,0,0,0,0,306033,20621497,3629056,55500265,9066395,19225726,0,0,0,0,0
577,3519511175855033996,14365059771449097512,50105,51180,39266,2831071,27855217,19998,259974,0,0,0,0,259974,17525222,3275520,51526296,7859007,19996210,0,0,0,0,0
578,11175799046987977717,12361548059700877402,287059,288134,42084,2728291,28804880,67514,877682,0,0,0,0,877682,58881992,18440576,108897823,23274992,5529888,0,0,0,0,0
579,12691594996910402128,344466236393507469,96045,97120,40600,2765649,23739417,31610,410930,0,0,0,0,410930,27624298,6215680,60385644,12572508,11165349,1560,0,0,0,0
580,824957630077728200,8292714424518333242,181417,182492,41889,2765671,26086684,52014,676182,0,0,0,0,676182,45390878,11679488,85964610,19056700,7026617,3367,0,0,0,0
581,8963110194823669978,2528759567673357867,95711,96786,39957,2789019,23805886,29278,380614,0,0,0,0,380614,25591670,6194304,58420836,11721346,12084540,0,0,0,0,0
582,1689853167416151756,6499398239549448788,36229,37291,36442,2930329,32774456,9882,128466,0,0,0,0,128466,8716136,2386624,46843987,3209479,29564977,0,0,0,0,0
583,12705560270689399401,15898021484841765826,117229,118304,39900,2829568,26234559,28340,368420,0,0,0,0,368420,24782706,7571456,61458189,10961353,15273206,0,0,0,0,0
584,6679314516838931322,2346399211857136011,126619,127694,41462,2750077,25300275,41385,538005,0,0,0,0,538005,36141157,8172416,72405387,15577276,9722999,0,0,0,0,0
585,205395166280809722,6847871900023254530,255740,256815,42293,2656302,26771394,63960,831480,0,0,0,0,831480,55782974,16436160,101689123,22258678,4512716,0,0,0,0,0
586,17711132199357655307,2456977405722387606,88337,89412,41112,2836968,25699934,30029,390377,0,0,0,0,390377,26261651,5722368,60562033,11658413,14027845,13676,0,0,0,0
587,5798949640987736678,13454506702855301823,24438,25501,26017,2448498,26634764,3606,46878,0,0,0,0,46878,3202940,1632064,33944283,766142,25868622,0,0,0,0,0
588,3595770880642699403,10758061775254332935,17529,18592,19443,1991269,21265504,2738,35594,0,0,0,0,35594,2426164,1189888,26892268,733746,20531758,0,0,0,0,0
589,8980185292352069850,6400209470120888174,223976,225051,41163,2704466,25193090,51433,668629,0,0,0,0,668629,44869539,14403264,87211522,19381284,5811806,0,0,0,0,0
590,1599472825661372013,10734987627005193304,158659,159734,41468,2765669,24596793,45625,593125,0,0,0,0,593125,39821769,10222976,77448675,17318223,7278570,0,0,0,0,0
591,861103738198066900,16479487322364318595,191028,192103,41982,2738036,26048412,53700,698100,0,0,0,0,698100,46856446,12294592,87979468,19668454,6379958,0,0,0,0,0
592,6278244716791771529,13777593739691147657,7877,8934,10576,1090585,11645582,1078,14014,0,0,0,0,14014,956878,571776,14275397,262483,11383099,0,0,0,0,0
593,11997336858890284665,14252076997100490447,79174,80249,39451,2848068,27066624,24451,317863,0,0,0,0,317863,21398221,5135936,56488300,9514999,17551625,0,0,0,0,0
594,4205818518984144585,11712819959018657341,224805,225880,42449,2632434,26401310,58962,766506,0,0,0,0,766506,51439466,14456320,94971979,20821541,5579314,455,0,0,0,0
595,6066573667813954280,1757411923530807542,23658,24722,25475,2557478,26186576,3393,44109,0,0,0,0,44109,3015415,1582208,33367152,673946,25512630,0,0,0,0,0
596,14609244935628395091,9851084483439647262,19507,20567,21243,2187734,22371869,2564,33332,0,0,0,0,33332,2280148,1316288,28177282,489242,21882627,0,0,0,0,0
597,1903729602926661768,15112913261840339073,179167,180242,37840,2703089,28105181,36086,469118,0,0,0,0,469118,31512286,11535488,73893884,13810745,14294436,0,0,0,0,0
598,6375076593606782234,5862565523523289920,30169,31231,31393,2877870,30766658,5337,69381,0,0,0,0,69381,4733235,1998784,40407940,1270984,29495674,0,0,0,0,0
599,14100832679551978938,5934152636289852701,43774,44839,39723,2916147,30006704,18728,243464,0,0,0,0,243464,16428256,2869696,52260526,7107503,22899201,0,0,0,0,0
600,2124410564241919280,17686594631268813390,45527,46602,38973,2930187,27737164,19471,253123,0,0,0,0,253123,17065607,2982528,50754459,7714629,20022535,0,0,0,0,0
601,10157325067802047470,10925330366732238419,211427,212502,42010,2764306,27321164,52527,682851,0,0,0,0,682851,45843655,13600128,89571263,19069141,8252023,0,0,0,0,0
602,1388868243517417457,13727534151944332833,222750,223825,41525,2674188,25476243,53601,696813,0,0,0,0,696813,46759687,14324800,89276443,19835322,5640921,0,0,0,0,0
603,11455655323498358508,10877701297452920962,242784,243859,41905,2654411,28887846,66589,865657,0,0,0,0,865657,58079125,15606976,105270263,22910095,5972655,5096,0,0,0,0
604,9196076904294381006,13799177890091203343,21271,22334,22946,2336973,23836995,3513,45669,0,0,0,0,45669,3111095,1429376,30737385,962104,22874891,0,0,0,0,0
605,11261183002884324459,11579464549762348527,142841,143916,40770,2647129,22094007,34361,446693,0,0,0,0,446693,30010565,9210624,64003095,13777751,8316256,0,0,0,0,0
606,16935248220436306587,16527509678751000583,154355,155430,40150,2626193,23032750,38150,495950,0,0,0,0,495950,33304076,9947520,68950689,15242604,7790146,0,0,0,0,0
607,8665111219771671266,746826052528572446,111934,113009,41306,2838992,24963029,35358,459654,0,0,0,0,459654,30895774,7232576,65971677,13725764,11232897,4368,0,0,0,0
608,12344316843894040173,17422445005758692464,41534,42598,35398,2830229,27375998,12887,167531,0,0,0,0,167531,11315317,2726272,44283214,5052970,22323028,0,0,0,0,0
609,15442102946810924202,11412256090342198253,9706,10769,12211,1306591,13545259,1257,16341,0,0,0,0,16341,1116583,689216,16669860,284531,13260728,0,0,0,0,0
610,13260056475735686285,4496111522415770711,168691,169766,41650,2680035,26069368,48510,630630,0,0,0,0,630630,42341130,10865024,81997207,17981964,8087404,0,0,0,0,0
611,339397576250903691,9370641775723779223,30205,31267,31449,2817302,30447872,5440,70720,0,0,0,0,70720,4822558,2001088,40120269,1333046,29114826,0,0,0,0,0
612,221151923736725493,12692036270898707153,103212,104287,40826,2753005,25203763,33841,439933,0,0,0,0,439933,29572985,6674368,64244947,13105781,12097982,0,0,0,0,0
613,2441542289270940247,5779684091336869349,137502,138577,40462,2691195,23876138,37839,491907,0,0,0,0,491907,33040475,8868928,68517198,14888731,8987407,0,0,0,0,0
614,2745968620229765810,16524562767159982568,139623,140698,41233,2701083,25499851,43101,560313,0,0,0,0,560313,37630931,9004672,74877770,16319628,9180223,0,0,0,0,0
615,4713182381626846574,13766654445358089053,146797,147872,41495,2747066,23028512,39638,515294,0,0,0,0,515294,34609120,9463808,69890001,15294370,7734142,0,0,0,0,0
616,1993988078026143436,11924175691212350062,47444,48519,39311,2815074,27129037,17995,233935,0,0,0,0,233935,15782533,3105216,48871171,7013305,20115732,0,0,0,0,0
617,16003950986342310521,3134731417163780364,220047,221122,41438,2670653,26100633,55172,717236,0,0,0,0,717236,48129562,14151808,91094094,20164092,5936541,0,0,0,0,0
618,1448929979945337566,12745087476487611449,89774,90849,40391,2813260,24084957,28362,368706,0,0,0,0,368706,24799372,5814336,57552316,11340680,12744277,0,0,0,0,0
619,378026172324453297,11473586377980812483,103299,104374,40228,2710899,24185837,32771,426023,0,0,0,0,426023,28633137,6679936,62250037,13010491,11175346,0,0,0,0,0
620,11784367204706456919,4617033734874652823,193034,194109,40236,2775539,24124074,39765,516945,0,0,0,0,516945,34713471,12422976,74076296,15383069,8741005,0,0,0,0,0
621,5371584818921580350,2383185212503462994,33607,34670,33709,2814059,29755921,9857,128141,0,0,0,0,128141,8674341,2218880,43496910,3642483,26113438,0,0,0,0,0
622,8390587683762868493,10129950718371388192,140886,141961,41074,2640521,22404122,36515,474695,0,0,0,0,474695,31888519,9085504,66059740,14368367,8035755,0,0,0,0,0
623,5057135895183718154,13247521916945176705,2015,2528,18646,541416,2088775,201,2613,0,0,0,0,2613,178269,161792,2988898,54665,2034110,0,0,0,0,0
624,6973639689050442241,7119522225100301207,16,16,213,0,0,0,0,0,0,0,0,0,0,1024,1237,0,0,0,0,0,0,0
625,4575858298193425457,4130466104033084581,200673,201748,41418,2559039,24546951,48749,633737,0,0,0,0,633737,42535883,12911872,82595163,18370729,6176222,0,2560,0,0,0
626,1459799507627575215,13881491248121689577,210760,211835,42059,2680951,25431523,54493,708409,0,0,0,0,708409,47542495,13557440,89254468,19702566,5728957,0,0,0,0,0
627,5685694842651379564,15881545856690920742,225303,226378,41316,2607332,25579060,53851,700063,0,0,0,0,700063,46976761,14488192,89692661,20028905,5545787,4368,0,0,0,0
628,11801883293739270566,12568602097796640355,38658,39721,39218,2888181,33975292,9366,121758,0,0,0,0,121758,8286824,2542144,47731659,2523027,31452265,0,0,0,0,0
629,6592724588743389130,15300524767903065322,92494,93569,41274,2787910,25598027,34106,443378,0,0,0,0,443378,29809806,5988416,64225433,13062127,12528568,7332,0,0,0,0
630,8330099591412088470,18270213682518143151,225739,226814,42114,2703472,26586716,57591,748683,0,0,0,0,748683,50242855,14516096,94091253,20802223,5784493,0,0,0,0,0
631,9266676392503724311,16969337198218239923,57249,58324,36840,2769977,22656816,17660,229580,0,0,0,0,229580,15463864,3732736,44660233,7465289,15191527,0,0,0,0,0
632,13359154327563834019,387283962128733075,118337,119412,39363,2752848,22228076,30112,391456,0,0,0,0,391456,26305448,7642368,58968103,12450542,9777534,0,0,0,0,0
633,16899107902442753537,7282963618556446737,146326,147401,40751,2717943,24153142,38337,498381,0,0,0,0,498381,33477327,9433664,69822827,14793818,9359324,0,0,0,0,0
634,11618460855047005185,17987319974399003843,171879,172954,42290,2731679,26879775,55073,715949,0,0,0,0,715949,48058153,11069056,88780953,19602102,7277673,0,0,0,0,0
635,12756044663846706838,17730217060018558038,19384,20448,21647,2082239,22727796,2344,30472,0,0,0,0,30472,2089308,1308672,28229662,331994,22395802,0,0,0,0,0
636,12379636975563747041,11408465557131396376,166125,167200,41646,2698114,25623767,46105,599365,0,0,0,0,599365,40247311,10700800,79311638,17165408,8458359,0,0,0,0,0
637,10127277570326081677,3821967035357716262,112127,113202,39527,2707216,22269520,28864,375232,0,0,0,0,375232,25220858,7244928,57482049,11983725,10285795,0,0,0,0,0
638,5978535484873843695,4918624458385320930,23804,24866,25360,2529228,26338039,4036,52468,0,0,0,0,52468,3575728,1591424,34059779,1068782,25269257,0,0,0,0,0
639,15856554720597671723,14494263647694403094,46886,47960,38656,2858843,27295801,16505,214565,0,0,0,0,214565,14482273,3069440,47745013,6430827,20864974,0,0,0,0,0
640,4076074947052337045,12402125921113008900,51420,52495,39197,2880245,27322100,18286,237718,0,0,0,0,237718,16034668,3359680,49635890,7184086,20138014,0,0,0,0,0
641,354247999281503521,13760203400160005894,32712,33777,33877,2901076,32257407,5958,77454,0,0,0,0,77454,5287672,2161728,42641760,1310231,30947176,0,0,0,0,0
642,15633040578676708371,14575143759040787998,174264,175339,39895,2661351,23825282,42724,555412,0,0,0,0,555412,37282622,11221696,75030846,16819972,7005310,0,0,0,0,0
643,12308432481696372414,11821245419665206135,142812,143887,40734,2774077,25799306,37458,486954,0,0,0,0,486954,32719076,9208768,70541961,14581086,11218220,0,0,0,0,0
644,17282118379056108663,14931378501410607555,26717,27782,27967,2656330,27700959,5507,71591,0,0,0,0,71591,4865185,1778048,37028489,1735461,25965498,0,0,0,0,0
645,3939000332160386728,8651534412698704488,159600,160675,41318,2647697,22512789,39286,510718,0,0,0,0,510718,34299460,10283200,69784464,15213965,7298824,0,0,0,0,0
646,2633944345621710373,2559077666488976978,200954,202029,41373,2729550,25074166,49856,648128,0,0,0,0,648128,43501718,12929856,84276663,18541913,6532253,0,0,0,0,0
647,6007702649608414427,6704059999963012702,679121,792923,40583,2731681,23681827,35443,460759,0,0,0,0,460759,30956367,50747072,108157530,13910728,9771099,0,0,0,0,0
648,5437565753968029016,859203926581896521,190950,192025,40567,2704862,23872680,42902,557726,0,0,0,0,557726,37442548,12289600,76350257,16786120,7086560,0,0,0,0,0
649,16489468718597773885,16040276571959841103,140610,141685,33739,2662650,28710409,26181,340353,0,0,0,0,340353,22877725,9067840,63352363,9892935,18817474,0,0,0,0,0
650,2139026678767967536,11963491151434079100,38661,39723,37473,2899509,31175287,13202,171626,0,0,0,0,171626,11607752,2542272,48262293,4876560,26298727,0,0,0,0,0
651,12732998959073337617,11763197920964073598,273470,274545,40893,2643174,28198989,69491,903383,0,0,0,0,903383,60593299,17570880,109047235,23735023,4463966,0,0,0,0,0
652,12667186128461695927,8754520984252185054,204784,205859,40580,2702269,24530415,45396,590148,0,0,0,0,590148,39613106,13174976,80061346,17544202,6986213,0,0,0,0,0
653,965648848581406699,14926448960374435286,191146,192221,40945,2710000,24652745,45138,586794,0,0,0,0,586794,39394160,12302144,79099994,17234711,7418034,0,0,0,0,0
654,14688239453222220631,9118506850881522342,11879,12940,14510,1425549,15590913,1538,19994,0,0,0,0,19994,1366170,828160,19225302,342342,15248571,0,0,0,0,0
655,15499481043304135410,16206249842000774863,19031,20094,20964,2080145,21962525,2832,36816,0,0,0,0,36816,2511392,1286016,27861042,707018,21255507,0,0,0,0,0
656,15052719882199892039,6680506254250992099,62157,63232,40542,2903084,25474215,23065,299845,0,0,0,0,299845,20198191,4046848,52662880,9125389,16348826,0,0,0,0,0
657,6649709512467052771,10729211271972419459,243277,244352,42501,2732597,27582451,66006,858078,0,0,0,0,858078,57569590,15638528,103565667,22705839,4876612,0,0,0,0,0
658,16517822258454559377,2434891492574949009,34720,35784,35166,2886926,31213039,8362,108706,0,0,0,0,108706,7384364,2290176,43809671,2574871,28638168,0,0,0,0,0
659,5658466932555957732,6954798296163031102,72382,73457,39582,2824897,25050077,26952,350376,0,0,0,0,350376,23570846,4701248,56186650,10843404,14206673,0,0,0,0,0
660,4308306325296819504,13200797751396776473,32363,33426,33472,2866291,31660369,6480,84240,0,0,0,0,84240,5738876,2139264,42438272,1689753,29970616,0,0,0,0,0
661,15876323454465600244,8382082058674177250,105240,106315,39415,2672332,21496046,27567,358371,0,0,0,0,358371,24090105,6804160,55102058,11522901,9973145,0,0,0,0,0
662,96679807295986386,16148149702264431239,34973,36046,35013,2916963,31054387,8740,113620,0,0,0,0,113620,7712172,2306944,44025479,2843126,28211261,0,0,0,0,0
663,17239562545443793729,2589884551428222869,123463,124538,41450,2755638,24349416,40292,523796,0,0,0,0,523796,35186268,7970432,70303204,15258516,9090900,0,0,0,0,0
664,41847363511816512,17872780157450826926,146128,147203,41585,2672976,23296728,39374,511862,0,0,0,0,511862,34381880,9420992,69814161,15348255,7948473,0,0,0,0,0
665,6599062690871930985,15279050708785511352,90967,92042,36954,2901219,33083531,18116,235508,0,0,0,0,235508,15883842,5890688,57796234,6300554,26782977,0,0,0,0,0
666,8684161414503418273,13682790012948665610,109391,110466,41478,2934177,27136902,34696,451048,0,0,0,0,451048,30330196,7069824,67512577,13098306,14037868,728,0,0,0,0
667,18314418404687521985,13086866093926397700,21146,22210,22675,2181398,24116703,3228,41964,0,0,0,0,41964,2862938,1421440,30605154,788450,23328253,0,0,0,0,0
668,6866790557753914697,11634975039811558210,234544,235619,41633,2746068,24191583,51849,674037,0,0,0,0,674037,45228469,15079616,87287369,19476808,4714047,728,0,0,0,0
669,7617772251789999682,15308676551693193031,172439,173514,41750,2727348,25146290,48726,633438,0,0,0,0,633438,42524794,11104896,81545078,18038306,7107724,260,0,0,0,0
670,17946558795283661761,9619782020999843453,78859,79934,18344,1768200,19367296,12500,162500,0,0,0,0,162500,10919688,5115776,37189304,4469296,14898000,0,0,0,0,0
671,15513656550250135436,3987684635606022822,61955,63030,39630,2781398,23908859,22373,290849,0,0,0,0,290849,19584201,4033920,50348008,9030931,14877928,0,0,0,0,0
672,11595001968502660751,17469514783883979858,114486,115561,41087,2716794,23334805,33846,439998,0,0,0,0,439998,29571204,7395904,63059794,13262925,10063300,8580,0,0,0,0
673,8119812360879151612,8331246152944534637,168634,169709,40591,2766921,24263343,40535,526955,0,0,0,0,526955,35386767,10861376,73318998,15874144,8387639,1560,0,0,0,0
674,578583857471299202,2874351840881950504,310759,311834,42053,2628314,27993719,70204,912652,0,0,0,0,912652,61214218,19957376,111835680,24098191,3895528,0,0,0,0,0
675,2104722919515244370,13695383003957862657,170207,171282,41050,2725419,23625680,42209,548717,0,0,0,0,548717,36842533,10962048,74196730,16348917,7276763,0,0,0,0,0
676,18066470779128890983,16872456766581800637,40861,41934,37929,2973594,27029626,14505,188565,0,0,0,0,188565,12737101,2683776,45462026,5592457,21437169,0,0,0,0,0
677,13342392515164786136,12949707809941030978,48015,49090,38725,2939919,28277067,17852,232076,0,0,0,0,232076,15656888,3141760,50054359,7004335,21272732,0,0,0,0,0
678,9489402996867759569,9419860495301078284,201576,202651,42167,2698403,25287405,54501,708513,0,0,0,0,708513,47550529,12969664,88548168,19574958,5711992,455,0,0,0,0
679,4507247751149639448,10591594785834865195,117365,118440,40536,2873488,30947865,28271,367523,0,0,0,0,367523,24739663,7580160,66181712,10025548,20922317,0,0,0,0,0
680,14325695927051278904,6674217438403053680,46074,47140,38741,2836520,28724150,16058,208754,0,0,0,0,208754,14097902,3016960,48714273,6168175,22555975,0,0,0,0,0
681,4549627462358699105,9298228277486294718,25349,26411,26874,2670456,27311778,4029,52377,0,0,0,0,52377,3575013,1690304,35274425,929721,26382057,0,0,0,0,0
682,13773308950712907785,14039925970709545740,114624,115699,40561,2797192,23560615,33435,434655,0,0,0,0,434655,29210181,7404736,63013285,13323674,10236941,0,0,0,0,0
683,8627805959236296805,10062338640393462606,22786,23849,24331,2498548,25139205,3793,49309,0,0,0,0,49309,3360045,1526336,32548465,1013337,24125868,0,0,0,0,0
684,14783932466914455596,2740661926421160733,44969,46044,39622,2965537,30227626,16376,212888,0,0,0,0,212888,14382238,2946816,50561839,5996133,24231493,0,0,0,0,0
685,7063362618360469997,13207841113741698939,243690,244765,42546,2657360,27469247,62174,808262,0,0,0,0,808262,54239276,15664960,100073389,21645949,5823298,0,0,0,0,0
686,15496269756699131943,4845255460987159807,48999,50064,38229,2803352,25790362,17540,228020,0,0,0,0,228020,15377024,3204096,47213063,6927271,18863091,0,0,0,0,0
687,17462328991042244135,14205753850702478283,90581,91656,40618,2762031,24341837,28051,364663,0,0,0,0,364663,24531533,5865984,57542003,11123411,13218426,0,0,0,0,0
688,9088773184934319842,3201915698346793514,30387,31452,31087,2708371,29071471,7482,97266,0,0,0,0,97266,6596096,2012928,40419953,2589912,26481559,0,0,0,0,0
689,11362115854441008537,7879216217828202436,166865,167940,39685,2820028,25759565,41739,542607,0,0,0,0,542607,36433475,10748160,75800913,16067922,9691643,0,0,0,0,0
690,4447914125261390177,15104252724678672070,110432,111507,40106,2593019,22614332,31904,414752,0,0,0,0,414752,27869582,7136448,60253487,12895285,9719047,0,0,0,0,0
691,2208441132032707222,4060613603563013383,10426,11490,12933,1298408,14075672,1222,15886,0,0,0,0,15886,1087658,735360,17210031,217607,13858065,0,0,0,0,0
692,4773286599351137724,2127689164902285096,301633,302708,42541,2672906,28173652,72697,945061,0,0,0,0,945061,63390379,19373312,113652790,24486475,3687177,0,0,0,0,0
693,18431393787147755480,13133291680576626843,33900,34963,34534,2919490,31129553,9037,117481,0,0,0,0,117481,7968649,2237632,44289858,2993835,28135718,0,0,0,0,0
694,15712940082949541157,10640260364039247965,113834,114909,36539,2679845,24111464,27739,360607,0,0,0,0,360607,24234145,7354176,58416169,11666408,12445056,0,0,0,0,0
695,5047057608239110481,6920671709268672175,234389,235464,42474,2649434,27629160,64819,842647,0,0,0,0,842647,56538183,15069696,101928947,22420905,5208255,0,0,0,0,0
696,3810085516931865123,4439462640833866975,201868,202943,41563,2700623,24511396,51066,663858,0,0,0,0,663858,44552144,12988352,84794078,18961059,5550337,0,0,0,0,0
697,17197911180461037765,1795787563535531033,214037,215112,42144,2651717,26722774,56218,730834,0,0,0,0,730834,49050690,13767168,92234493,20213869,6508905,0,0,0,0,0
698,16390120351940928361,11931497773428368827,97706,98781,38943,2957365,32535165,20428,265564,0,0,0,0,265564,17907292,6321984,59760749,7126067,25409098,0,0,0,0,0
699,414284693792585915,16890755642790842707,80134,81209,39158,2708071,24147123,23598,306774,0,0,0,0,306774,20646392,5197376,52738120,9642048,14505075,0,0,0,0,0
700,16760288997976466747,9531217364653525355,22915,23977,24293,2454847,25000014,5033,65429,0,0,0,0,65429,4438447,1534528,33452129,1780129,23219885,0,0,0,0,0
701,2019704859519031519,4777571984750711415,125215,126290,40443,2729152,24173097,37926,493038,0,0,0,0,493038,33116798,8082560,68142050,14848561,9324536,0,0,0,0,0
702,11139517963610938150,17798614583071685002,197131,198206,40862,2678239,24107525,44936,584168,0,0,0,0,584168,39212732,12685184,78724542,17281550,6825975,0,0,0,0,0
703,16223597924637594094,8811164285615442459,17174,18236,19256,1864827,20935967,2360,30680,0,0,0,0,30680,2096146,1167104,26083300,520390,20415577,0,0,0,0,0
704,11966477985968963134,10507100402004258518,37591,38654,37858,2923822,33244380,9962,129506,0,0,0,0,129506,8795826,2473856,47475742,2990754,30253626,0,0,0,0,0
705,6896261019369160036,4696751340260704029,149414,150489,42131,2774926,24898978,46624,606112,0,0,0,0,606112,40699100,9631296,78046431,17052477,7846501,0,0,0,0,0
706,2194147068444674916,16334992942253329150,149038,150113,41330,2696699,24452740,41237,536081,0,0,0,0,536081,36005437,9607232,72803438,15691442,8760206,1092,0,0,0,0
707,4888443503762510802,17327589894665107747,80904,81979,40139,2928134,25947467,25832,335816,0,0,0,0,335816,22604114,5246656,56766510,10128963,15818504,0,0,0,0,0
708,8052378887538880508,8059458918031654300,148122,149197,41968,2761137,24284962,43956,571428,0,0,0,0,571428,38375688,9548608,75012363,16403881,7881081,0,0,0,0,0
709,17691340971513970012,8644082702601696135,208533,209608,40951,2799447,24890892,49636,645268,0,0,0,0,645268,43305886,13414912,84452088,18764525,6126367,0,0,0,0,0
710,17103961784338573818,7887661753191422246,164455,165530,41017,2635316,23412818,40874,531362,0,0,0,0,531362,35680918,10593920,72363989,15935621,7477197,0,0,0,0,0
711,15202669987084571639,9514598879979950354,145740,146815,41897,2718366,24569662,44089,573157,0,0,0,0,573157,38492701,9396160,75218786,16512210,8057452,0,0,0,0,0
712,5953990809327483914,6402372294729751383,94014,95089,39355,2771736,25251850,30322,394186,0,0,0,0,394186,26500448,6085696,60649085,12314705,12937145,0,0,0,0,0
713,17855951411332076899,1224072527027517543,141438,142513,41481,2767388,24212903,41212,535756,0,0,0,0,535756,35984650,9120832,72127254,15781948,8428043,2912,0,0,0,0
714,9184047310697356165,9996838961991106569,183179,184254,42241,2727919,25885561,52388,681044,0,0,0,0,681044,45719882,11792256,86167859,18713669,7170072,1820,0,0,0,0
715,13544892148617025026,433402027417844472,256100,257175,42519,2726470,27652352,67994,883922,0,0,0,0,883922,59297550,16459200,106178091,23308519,4343833,0,0,0,0,0
716,12779733721289212576,5160531902612650079,32244,33307,33149,2891938,31324813,7415,96395,0,0,0,0,96395,6549257,2131648,42930805,2287883,29036930,0,0,0,0,0
717,14633293032831433389,16556527428279352105,209828,210903,41047,2610239,25284129,51719,672347,0,0,0,0,672347,45118307,13497792,86551514,19358118,5926011,0,0,0,0,0
718,9229854299135121587,413826573617276441,176360,177435,41366,2740659,25035868,46317,602121,0,0,0,0,602121,40424501,11355840,79598234,17523623,7512245,0,0,0,0,0
719,11736205866905026319,15653948366742274917,35043,36106,34853,2850396,30189601,9975,129675,0,0,0,0,129675,8785179,2310784,44170813,3548064,26641537,0,0,0,0,0
720,7749556930614768223,10375543444304883057,204348,205423,41997,2683223,25820301,55968,727584,0,0,0,0,727584,48826050,13147072,90518643,20268261,5551585,455,0,0,0,0
721,1322249714398968656,6925809326266919262,679121,897001,42174,2732422,25731953,58824,764712,0,0,0,0,764712,51309986,57408064,137224599,20915557,4816396,0,0,0,0,0
722,11338016266857222091,7150666395480808366,241759,242834,41510,2739940,24573094,52517,682721,0,0,0,0,682721,45810921,15541376,88706841,19733259,4839835,0,0,0,0,0
723,13354510800715437407,3212121779517016710,3799,4729,8810,714656,5664087,480,6240,0,0,0,0,6240,426192,302656,7116401,112723,5551364,0,0,0,0,0
724,10641301294737041240,15146376219706568221,17345,18408,19757,1896067,21328814,2180,28340,0,0,0,0,28340,1941134,1178112,26363884,363922,20964892,0,0,0,0,0
725,3402503405738243120,6047486138435394578,141075,142150,40870,2803587,25314601,37520,487760,0,0,0,0,487760,32771804,9097600,70028462,14621646,10692955,0,0,0,0,0
726,12681844524473137276,11604227164785939437,72965,74040,41054,2880064,27009437,26085,339105,0,0,0,0,339105,22834513,4738560,57503628,9968647,17040790,0,0,0,0,0
727,16874051204606451211,3944153294284883261,99898,100973,39872,2828450,24057527,30027,390351,0,0,0,0,390351,26242957,6462272,59631078,12127297,11930230,0,0,0,0,0
728,59797061696096951,4247236232590083149,227733,228808,41699,2685608,25968995,55000,715000,0,0,0,0,715000,47981700,14643712,91321714,20082504,5883579,2912,0,0,0,0
729,4994989261052180492,5991265015336313018,173233,174308,41227,2757699,25598768,42035,546455,0,0,0,0,546455,36704161,11155712,76257567,15687113,9911655,0,0,0,0,0
730,8674437369330605328,10974457721715965609,96299,97374,40964,2741670,23791313,30226,392938,0,0,0,0,392938,26425204,6231936,59231087,11879920,11902813,8580,0,0,0,0
731,10323825452136550544,16111817467637672490,100302,101377,40868,2790632,25164698,33074,429962,0,0,0,0,429962,28905760,6488128,63390086,12785851,12378847,0,0,0,0,0
732,17795717853289239040,5434431814707942193,79491,80566,40328,2808836,23840726,25628,333164,0,0,0,0,333164,22420086,5156224,54266200,10366902,13473824,0,0,0,0,0
733,1483468292785639481,12751100816753067519,98985,100060,40205,2830162,26863096,27237,354081,0,0,0,0,354081,23828961,6403840,59966264,10405330,16457766,0,0,0,0,0
734,9801838805084428213,11132590780298211297,142841,143916,39537,2739463,23089508,37049,481637,0,0,0,0,481637,32342037,9210624,67421169,14965197,8124311,0,0,0,0,0
735,15581019411513005347,5637872828506305529,224997,226072,41887,2693124,26586872,58776,764088,0,0,0,0,764088,51271142,14468608,95061633,21027396,5558384,1092,0,0,0,0
736,10654387894964854132,13705627620491999858,198131,199206,42307,2706641,27357655,57447,746811,0,0,0,0,746811,50125855,12749184,92981642,20336316,7016971,4368,0,0,0,0
737,8771142779764509883,8107268734041893898,144871,145946,41029,2716857,24855831,45070,585910,0,0,0,0,585910,39336804,9340544,76291065,17014933,7840898,0,0,0,0,0
738,12788830630933417344,16597218472108769753,207,207,4157,0,0,0,0,0,0,0,0,0,0,13248,17405,0,0,0,0,0,0,0
739,10822491647574253858,9120222344122971616,209093,210168,41597,2678723,23294687,47536,617968,0,0,0,0,617968,41475200,13450752,80940959,18064488,5229471,728,0,0,0,0
740,12071451757757128827,11556719226580565564,160700,161775,42237,2766526,26574054,51684,671892,0,0,0,0,671892,45110572,10353600,84846989,18618340,7955714,0,0,0,0,0
741,3234914246405969382,16992668474947748777,73621,74696,38365,2721208,22646299,23831,309803,0,0,0,0,309803,20839455,4780544,51025871,9895769,12750530,0,0,0,0,0
742,17353871685385011834,5867928550995241604,120678,121753,40739,2751153,23572991,35979,467727,0,0,0,0,467727,31423405,7792192,65580480,14253798,9319193,0,0,0,0,0
743,10284001469478647888,8100617967492121983,211422,212497,41486,2735577,25740351,52626,684138,0,0,0,0,684138,45914778,13599808,88032000,19399250,6341101,0,0,0,0,0
744,3584243757236677370,15902698486207478526,78009,79084,38808,2830783,23084620,24700,321100,0,0,0,0,321100,21599682,5061376,52615269,10260029,12824591,0,0,0,0,0
745,1683543872317802967,1880629033264610202,83744,84819,40732,2824080,24769316,29158,379054,0,0,0,0,379054,25498460,5428416,58561004,11600199,13156585,12532,0,0,0,0
746,8119391169943428274,16700664206671585375,144334,145409,37994,2878421,27779323,32328,420264,0,0,0,0,420264,28243410,9306176,68245324,12874589,14904734,0,0,0,0,0
747,4699563315582228049,3281474318016358173,127217,128292,41643,2786734,25714988,39840,517920,0,0,0,0,517920,34801338,8210688,71555391,14966445,10748543,0,0,0,0,0
748,2650793684075026015,184930976309745109,303579,304654,42641,2662273,28451709,74500,968500,0,0,0,0,968500,64960194,19497856,115614673,24973689,3476200,1820,0,0,0,0
749,15078780034518663149,1100644969004571571,277634,278709,42116,2619747,27886118,67701,880113,0,0,0,0,880113,59038343,17837376,107423700,23474425,4411693,0,0,0,0,0
750,9516802369170204719,3174136791019782335,41023,42097,38731,2859335,29935581,14897,193661,0,0,0,0,193661,13089323,2694208,48617178,5473442,24462139,0,2560,0,0,0
751,9857849601728017366,17579966103343729554,31844,32907,32882,2731752,30950192,6261,81393,0,0,0,0,81393,5543577,2106048,41364451,1643967,29306225,0,0,0,0,0
752,3655718873919174225,9655617116833507584,20486,21549,22156,2321877,24161267,3246,42198,0,0,0,0,42198,2877472,1379136,30761908,839072,23322195,0,0,0,0,0
753,3498152470363394420,5196315333844036943,34343,35405,34670,2872567,31517967,9515,123695,0,0,0,0,123695,8384623,2265920,45075747,3237325,28280642,0,0,0,0,0
754,4142373120935482839,10159879038575060779,52618,53680,38654,2920458,27354834,18121,235573,0,0,0,0,235573,15887287,3435520,49636753,7249658,20105176,0,0,0,0,0
755,11386361933896381372,2993676003523943780,212687,213762,41996,2724265,26290537,54658,710554,0,0,0,0,710554,47689564,13680768,90427130,20000032,6290505,0,0,0,0,0
756,8443758103164304602,3634171039600096513,25141,26206,26570,2518890,26991003,4936,64168,0,0,0,0,64168,4362930,1677184,35576577,1518075,25472928,0,0,0,0,0
757,8219537104832655677,16699894761867045571,120589,121664,39248,2754308,23902749,31572,410436,0,0,0,0,410436,27580774,7786496,62063575,12676157,11226592,0,0,0,0,0
758,11837429995650670492,12085121204636904156,188603,189678,41974,2750783,24886810,47546,618098,0,0,0,0,618098,41499562,12139392,81318521,17856644,7029438,728,0,0,0,0
759,12962131736601260561,16109482743959727974,24818,25882,26306,2677829,26633763,4344,56472,0,0,0,0,56472,3846362,1656448,34840708,1195831,25437932,0,0,0,0,0
760,3566009117996637487,4766001843756246534,283423,284498,41866,2596628,28032810,61815,803595,0,0,0,0,803595,53920165,18207872,102799341,21801663,6231147,0,0,0,0,0
761,11429285199178719925,5869918941450771712,163157,164232,41056,2714203,23824957,41827,543751,0,0,0,0,543751,36512827,10510848,73603891,16211897,7611500,1560,0,0,0,0
762,1774941666361266870,801517622713181961,30960,32026,31885,2756906,29337464,6862,89206,0,0,0,0,89206,6060418,2049664,40236337,2151669,27185795,0,0,0,0,0
763,17896800419444015272,645197947007763418,103495,104570,41017,2783055,24220846,34879,453427,0,0,0,0,453427,30474067,6692480,64211465,13391391,10829455,0,0,0,0,0
764,14838459320748198494,6953998401968525707,151889,152964,41503,2772601,24129157,42698,555074,0,0,0,0,555074,37276460,9789696,74009417,16226106,7903051,0,0,0,0,0
765,7241118836352957487,8788120964533969575,2069,2591,17593,390157,2429271,197,2561,0,0,0,0,2561,174655,165824,3177500,55874,2373397,0,0,0,0,0
766,3180776867860607969,9759114882527426397,112146,113221,41610,2807255,25982593,39980,519740,0,0,0,0,519740,34923720,7246144,71001322,15145741,10836852,0,0,0,0,0
767,16459822930520107018,5728346138206757436,116987,118062,40596,2698039,22893845,28981,376753,0,0,0,0,376753,25335557,7555968,58524005,11688729,11205116,0,0,0,0,0
768,368413103938873723,18262768714896179228,285200,286275,42660,2569413,28773602,73874,960362,0,0,0,0,960362,64419472,18321600,114126747,24531403,4242199,0,0,0,0,0
769,7387674628622485179,4823162992555546596,132505,133580,41649,2818562,26142506,44148,573924,0,0,0,0,573924,38548588,8549120,76100425,16358329,9784177,0,0,0,0,0
770,4552233550283288364,6547987360064435635,196346,197421,41875,2706907,26455923,54520,708760,0,0,0,0,708760,47569964,12634944,89409613,19710301,6744894,728,0,0,0,0
771,10230036322838366769,16834091486503133825,36412,37476,36333,2933638,31498337,12610,163930,0,0,0,0,163930,11087232,2398464,47954004,4713033,26785304,0,0,0,0,0
772,17568047770432397041,17928037538960480115,150291,151366,40374,2775115,24404354,37997,493961,0,0,0,0,493961,33179237,9687424,70086504,14844388,9559966,0,0,0,0,0
773,8487381258365441485,12979024976696557597,176917,177992,40733,2630929,24089221,45234,588042,0,0,0,0,588042,39472602,11391488,77624973,17393532,6695689,0,0,0,0,0
774,12002854015431648748,9078779629580831054,50248,51314,36638,2751330,25536368,16708,217204,0,0,0,0,217204,14641926,3284096,46250358,6867809,18668559,0,0,0,0,0
775,17677776718261518007,6569972083400709734,187517,188592,41344,2733225,24768731,45728,594464,0,0,0,0,594464,39910806,12069888,79523994,17442945,7324694,1092,0,0,0,0
776,18386159295333708937,2957022115271191264,29622,30685,30827,2728357,29927586,6255,81315,0,0,0,0,81315,5528861,1963840,40179471,1892644,28034942,0,0,0,0,0
777,4341141527874333841,9813033933524934798,41963,43038,39990,2873252,31848869,15015,195195,0,0,0,0,195195,13204165,2754432,50720708,5292300,26556569,0,0,0,0,0
778,12041586216734902521,15864651036166104140,210491,211566,41709,2631737,25442196,54091,703183,0,0,0,0,703183,47188739,13540224,88844605,19874283,5566821,1092,0,0,0,0
779,12091280701665719598,11374426330775825533,99271,100346,38438,2764109,25408474,24090,313170,0,0,0,0,313170,21073884,6422144,55707049,9739769,15668705,0,0,0,0,0
780,5747063561846634627,11268985054877153913,56461,57536,40296,2836874,26857012,20068,260884,0,0,0,0,260884,17592120,3682304,51008606,7699952,19155968,1092,0,0,0,0
781,13659019480788384581,1477224547608252275,111456,112531,41465,2749468,22123907,32595,423735,0,0,0,0,423735,28482389,7201984,60599213,12714078,9405461,4368,0,0,0,0
782,17341197987695479059,12758543251451862339,4449,5464,8379,778651,6975176,561,7293,0,0,0,0,7293,498485,349696,8610387,125736,6849440,0,0,0,0,0
783,1971492685913915853,9498829225923425933,11570,12617,14035,1405499,15148692,1486,19318,0,0,0,0,19318,1319916,807488,18695630,334464,14814228,0,0,0,0,0
784,12990264759546356782,11895254356461299636,2892,3543,10932,513356,4277572,348,4524,0,0,0,0,4524,308698,226752,5337310,91884,4185688,0,0,0,0,0
785,1407034803039058523,3208817668834566120,28806,29869,29738,2784233,28383225,8351,108563,0,0,0,0,108563,7346495,1911616,40455307,3234010,25149215,0,0,0,0,0
786,17901577062350509317,7987965710380798642,193199,194274,41777,2739500,24888019,51008,663104,0,0,0,0,663104,44505500,12433536,84608332,18816148,6071871,0,0,0,0,0
787,14908308133424987909,14069639601022609556,185502,186577,41144,2775166,25495327,45254,588302,0,0,0,0,588302,39501228,11940928,79753793,16911349,8583978,0,0,0,0,0
788,11366450769460786544,12212992164959690807,262205,263280,42313,2752279,28219139,67996,883948,0,0,0,0,883948,59301008,16849920,107164659,23310131,4909008,0,0,0,0,0
789,11971815552029434115,6278165743160279719,139096,140171,40316,2676618,22896224,37675,489775,0,0,0,0,489775,32890507,8970944,67474609,15019407,7876817,0,0,0,0,0
790,4383325361708959176,13054491907527346276,98965,100040,41030,2785872,24608805,30735,399555,0,0,0,0,399555,26871481,6402560,60709748,11954514,12651379,2912,0,0,0,0
791,18363733528407095931,9212974215549949124,28652,29715,29829,2691685,28969590,5803,75439,0,0,0,0,75439,5130801,1901760,38723665,1726218,27243372,0,0,0,0,0
792,10002861733785003672,15986135879997762259,32155,33218,33233,2874505,31623293,7540,98020,0,0,0,0,98020,6660940,2125952,43317923,2307032,29316261,0,0,0,0,0
793,403711196683579954,82719973290891810,6183,7231,10594,932233,9207718,725,9425,0,0,0,0,9425,644943,462784,11258272,139542,9068176,0,0,0,0,0
794,1222773764376697482,8175128634320203859,202754,203829,41736,2723246,25337728,52258,679354,0,0,0,0,679354,45595264,13045056,86743030,19213298,6124430,0,0,0,0,0
795,14894244315246357671,13187776644179564887,27052,28116,28284,2756739,26730418,5456,70928,0,0,0,0,70928,4820374,1799424,36135239,1685424,25044994,0,0,0,0,0
796,9551010347952717070,7764205285819024450,124629,125704,41597,2712369,24312041,41186,535418,0,0,0,0,535418,35963798,8045056,71074861,15617706,8694335,0,0,0,0,0
797,11518686151825928075,7510247214459235898,246895,247970,41795,2704273,25121408,56767,737971,0,0,0,0,737971,49510877,15870080,93248433,20795294,4326114,0,0,0,0,0
798,18169216822466057707,16254368127024107430,31261,32325,30063,2625250,24446305,7929,103077,0,0,0,0,103077,6973603,2068800,36144021,3070327,21375978,0,0,0,0,0
799,17509253598807826051,8431495706168945874,175856,176931,41723,2738721,26965367,47326,615238,0,0,0,0,615238,41317900,11323584,82387295,17107142,9858225,0,0,0,0,0
800,207223875412327326,10118852599895984599,200045,201120,41923,2785085,26049933,51765,672945,0,0,0,0,672945,45172387,12871680,86921008,18983913,7063108,2912,0,0,0,0
801,10411526384303269376,15197579925078485412,5528,6548,10204,829324,8313578,682,8866,0,0,0,0,8866,605956,419072,10178134,152386,8161192,0,0,0,0,0
802,5301745987430737095,13914075244360019892,241219,242294,41282,2706312,27009476,57092,742196,0,0,0,0,742196,49802532,15506816,95066418,20725640,6283836,0,0,0,0,0
803,5978770521789078293,2430543947129662318,105821,106896,40152,2704930,22999483,29248,380224,0,0,0,0,380224,25563278,6841344,58149187,11648221,11351262,0,0,0,0,0
804,9728400486518285695,1076325802860171526,70823,71898,39037,2776141,24713897,24671,320723,0,0,0,0,320723,21581651,4601472,53712198,10071555,14642342,0,0,0,0,0
805,12917981941722151755,4436109560820430606,246371,247446,42490,2762221,27735734,64086,833118,0,0,0,0,833118,55902262,15836544,102279251,22300187,5435547,0,0,0,0,0
806,16932523169649586864,8670703076502704777,130110,131185,40200,2767656,23012925,34388,447044,0,0,0,0,447044,30033614,8395840,64250235,13796666,9216259,0,0,0,0,0
807,15706837575289627978,14997366684646061356,27299,28362,28496,2649846,28062619,5616,73008,0,0,0,0,73008,4961736,1815168,37517865,1762436,26300183,0,0,0,0,0
808,15298385790794028158,7122094070481490561,32886,33948,32824,2794837,28910596,8374,108862,0,0,0,0,108862,7379580,2172672,41290509,2944630,25965966,0,0,0,0,0
809,10769344395154416677,16680657095248878299,134598,135673,42101,2772219,25408812,42980,558740,0,0,0,0,558740,37535004,8683072,74441208,15977949,9426495,4368,0,0,0,0
810,10489087642773762585,14288780598805872321,23605,24669,25270,2439792,26190944,4625,60125,0,0,0,0,60125,4087161,1578816,34321983,1446185,24744759,0,0,0,0,0
811,17446287876639459340,12600224300873572050,271478,272553,42176,2662311,27393834,65691,853983,0,0,0,0,853983,57288465,17443392,104830178,22912331,4481503,0,0,0,0,0
812,6024001205846443217,16292511933883066484,8097,9159,10699,1062068,11254594,1102,14326,0,0,0,0,14326,977210,586176,13890747,292305,10962289,0,0,0,0,0
813,11303469930602444238,8314769261148980325,206282,207357,40476,2648393,23573784,45529,591877,0,0,0,0,591877,39723047,13270848,79256548,17791306,5782478,0,0,0,0,0
814,7128518023723225507,12467939600163636913,34533,35596,34590,2872715,30796285,10652,138476,0,0,0,0,138476,9373338,2278144,45355072,3889171,26907114,0,0,0,0,0
815,16983929887599104962,16981785971515456900,110548,111623,41812,2710743,24447124,36981,480753,0,0,0,0,480753,32309823,7143872,66653374,14160185,10286939,0,0,0,0,0
816,2966305349566322695,18416278845272863972,265810,266885,42268,2601941,27666366,66303,861939,0,0,0,0,861939,57825105,17080640,105216320,23060791,4605575,0,0,0,0,0
817,17315387029656839232,2155552245487203107,111347,112422,39709,2911735,27495754,27696,360048,0,0,0,0,360048,24224070,7195008,61866276,10827817,16667937,0,0,0,0,0
818,6063104702392433395,18100410361086006227,31179,32241,32232,2856425,30814953,5633,73229,0,0,0,0,73229,4994327,2063424,40761361,1365637,29449316,0,0,0,0,0
819,2168894197117544045,11097692715766953533,128682,129757,40916,2821458,28284633,33294,432822,0,0,0,0,432822,29105882,8304448,68557337,12395071,15889562,0,0,0,0,0
820,13166810294868532217,13534278730848916687,212513,213588,41683,2780921,25661727,52760,685880,0,0,0,0,685880,46033780,13669632,88187743,19404450,6257277,0,0,0,0,0
821,7154515070292256585,5739571099377307037,178936,180011,41368,2734578,25034802,46997,610961,0,0,0,0,610961,41016963,11520704,80348415,17639128,7394582,1092,0,0,0,0
822,12951147799802289705,15403244682661046655,39887,40960,39487,2973394,33330258,11806,153478,0,0,0,0,153478,10411232,2621440,49375811,3709004,29621254,0,0,0,0,0
823,3015744000105577195,2859675409743641591,196220,197295,41962,2632456,25225733,52085,677105,0,0,0,0,677105,45447207,12626880,85974238,19015685,6207136,2912,0,0,0,0
824,3200219573612197833,8401571648665380397,152482,153557,41486,2759766,23902073,43292,562796,0,0,0,0,562796,37790714,9827648,74321687,16559114,7342959,0,0,0,0,0
825,13591824910804554527,3012715002489870637,119564,120639,39324,2851483,25117911,29095,378235,0,0,0,0,378235,25432511,7720896,61162125,11508081,13609830,0,0,0,0,0
826,3339416729962887014,9604070121271528804,212313,213388,39567,2656587,26452816,53171,691223,0,0,0,0,691223,46379385,13656832,89185187,19459570,6993246,0,0,0,0,0
827,12164848042940949902,2309773847145382337,197398,198473,41323,2744949,26937079,45433,590629,0,0,0,0,590629,39664261,12702272,82089884,16739593,10197486,0,0,0,0,0
828,335404788479088392,7751343593654485618,199718,200793,41337,2694764,24936392,46977,610701,0,0,0,0,610701,40997749,12850752,81520994,17715646,7220746,0,0,0,0,0
829,13603472540772416096,8490460687229727121,47812,48887,37405,2891327,26708500,16636,216268,0,0,0,0,216268,14586364,3128768,47352364,6695533,20012967,0,0,0,0,0
830,17071705075626909005,1609673054155332131,138260,139335,40849,2871879,27345357,34795,452335,0,0,0,0,452335,30409587,8917440,69585112,12836577,14508780,0,0,0,0,0
831,18341829242763824071,80397060260169959,238402,239477,42171,2680516,26106028,59676,775788,0,0,0,0,775788,52053378,15326528,96208621,21234343,4871685,0,0,0,0,0
832,11863214575400528271,7683896030070440243,91093,92168,39737,2793204,23774322,27552,358176,0,0,0,0,358176,24088220,5898752,56594235,11292281,12482041,0,0,0,0,0
833,14506332774470416811,12816225498485005051,269633,270708,42501,2674138,28440906,70325,914225,0,0,0,0,914225,61329463,17325312,109812320,23815350,4625101,455,0,0,0,0
834,16341460276570440754,575883898706281642,101718,102793,41297,2755999,24341083,33772,439036,0,0,0,0,439036,29513978,6578752,63231109,13036010,11300705,4368,0,0,0,0
835,11891630108198771782,2536189858352625239,43900,44965,38077,2877858,29063515,15195,197535,0,0,0,0,197535,13341263,2877760,48198473,5915871,23147644,0,0,0,0,0
836,3237365898895304903,6221027252030801723,10185,11249,14249,1317237,13756769,1122,14586,0,0,0,0,14586,999934,719936,16808125,165867,13590902,0,0,0,0,0
837,8086558773091539912,9432266024697573072,139204,140279,41007,2803623,26517829,38776,504088,0,0,0,0,504088,33870746,8977856,72211061,14695915,11821914,0,0,0,0,0
838,10431314773469200888,16631110435152564227,81404,82479,40845,2898361,27922622,28138,365794,0,0,0,0,365794,24620258,5278656,60760742,10566491,17356131,0,0,0,0,0
839,5461541220844599963,1376825390651133979,16929,17993,19073,1911423,20949344,2455,31915,0,0,0,0,31915,2179073,1151552,26210465,579761,20369583,0,0,0,0,0
840,4539211007863776794,1896759383142095106,41262,42324,37652,2938193,28156518,12657,164541,0,0,0,0,164541,11129755,2708736,44970854,4687605,23468913,0,0,0,0,0
841,15703221057569399048,11305388491631803589,140322,141397,40978,2717718,24455678,41729,542477,0,0,0,0,542477,36429861,9049408,72693643,16035461,8418657,1560,0,0,0,0
842,12772105613499943886,8331756493880223248,35481,36543,36157,2777023,31769764,8092,105196,0,0,0,0,105196,7155252,2338752,44076948,2309931,29459833,0,0,0,0,0
843,7478921013899394029,15389938453509026154,100987,102062,40986,2843784,25421682,33202,431626,0,0,0,0,431626,29019822,6531968,63858242,12969268,12452414,0,0,0,0,0
844,1387853742344384276,8161217061144081725,45583,46647,38040,2964640,28352688,16322,212186,0,0,0,0,212186,14320540,2985408,48661316,6433908,21918780,0,0,0,0,0
845,17176422432421311470,3375381298197409596,71691,72764,40514,2883193,26450710,27703,360139,0,0,0,0,360139,24236225,4656896,58267538,10815441,15635269,0,0,0,0,0
846,1093245606580494778,12348372053297518629,70494,71569,39605,2798719,23674235,23864,310232,0,0,0,0,310232,20879690,4580416,51972665,9710506,13963729,0,0,0,0,0
847,9546628066256525176,17116772105901998414,140712,141787,40394,2689497,23454821,37156,483028,0,0,0,0,483028,32443528,9074368,67702608,14770496,8684325,0,0,0,0,0
848,2742271570923014706,4402025990535282119,45625,46693,36765,2897423,26406835,15784,205192,0,0,0,0,205192,13841620,2988352,46170995,6476678,19930157,0,0,0,0,0
849,1911302707690250453,11378255249967825113,186301,187376,40830,2655645,25289355,47355,615615,0,0,0,0,615615,41323477,11992064,81301371,17992286,7295977,1092,0,0,0,0
850,9254027201414479952,13302858416581246102,32287,33349,33355,2792146,31483322,6589,85657,0,0,0,0,85657,5833191,2134336,42276350,1773239,29710083,0,0,0,0,0
851,1974917052749627494,16848373938420256615,154268,155343,41252,2735056,25657801,42027,546351,0,0,0,0,546351,36697817,9941952,75073878,15599025,10058776,0,0,0,0,0
852,14086352277056493489,10297060810721065061,207329,208404,42027,2739690,26842387,56431,733603,0,0,0,0,733603,49235095,13337856,92197055,20317375,6525012,0,0,0,0,0
853,15646807419831327753,9174008631962920771,81861,82936,37622,2702608,20185503,20380,264940,0,0,0,0,264940,17825574,5307904,46059211,8684182,11501321,0,0,0,0,0
854,8081510305507105706,6521882285448212970,168826,169901,41239,2791562,24346049,40337,524381,0,0,0,0,524381,35220601,10873664,73273115,15570711,8774610,728,0,0,0,0
855,12048132759722743492,15172839163925647629,113121,114196,41212,2813328,26317564,34285,445705,0,0,0,0,445705,29967197,7308544,66447845,12941630,13375934,0,0,0,0,0
856,4956973257292986760,505409949261462250,139275,140350,41244,2756211,23101390,38665,502645,0,0,0,0,502645,33761039,8982400,68642284,15082873,8014149,4368,0,0,0,0
857,13997882618806339352,11166062564334952249,40059,41122,36164,2834862,29459287,12178,158314,0,0,0,0,158314,10705916,2631808,45668037,4537962,24921325,0,0,0,0,0
858,12143416357550260545,18335002900704880707,78464,79539,40755,2735021,24981333,28290,367770,0,0,0,0,367770,24743472,5090496,57591077,11152557,13828776,0,0,0,0,0
859,10810594063590991913,10533111248836762089,36677,37739,37286,2948557,32341140,8359,108667,0,0,0,0,108667,7394855,2415296,45137134,2282449,30058691,0,0,0,0,0
860,7091249316525756153,10836467519858198535,88303,89378,40742,2829797,24511019,31047,403611,0,0,0,0,403611,27139541,5720192,60241291,12190763,12318696,1560,0,0,0,0
861,7050516824112570274,17684671368130633854,54940,56015,38775,2913585,24445603,18923,245999,0,0,0,0,245999,16578601,3584960,47561524,7648563,16797040,0,0,0,0,0
862,12870458458020793496,219744002608870709,61037,62112,40820,2899674,28848209,26998,350974,0,0,0,0,350974,23631244,3975168,59395115,10378316,18469893,0,0,0,0,0
863,6681618435262431050,14091642910931470828,26177,27242,27666,2632435,28245763,3909,50817,0,0,0,0,50817,3473665,1743488,36123017,795444,27450319,0,0,0,0,0
864,16292954604577266035,6239735699218191564,27656,28719,28900,2712337,28871674,6342,82446,0,0,0,0,82446,5596422,1838016,39047349,2131597,26740077,0,0,0,0,0
865,11225149710891549225,4372096774131127762,26379,27441,27206,2517458,25686986,7065,91845,0,0,0,0,91845,6214663,1756224,36202537,2781116,22905870,0,0,0,0,0
866,12909982695472119933,3774571101393741568,139970,141045,41030,2817254,27862978,36109,469417,0,0,0,0,469417,31555381,9026880,71303523,13628758,14234220,0,0,0,0,0
867,1824355995950365656,3588538631173191779,184264,185339,41702,2667089,25295803,49443,642759,0,0,0,0,642759,43147091,11861696,83013381,18480150,6815653,0,0,0,0,0
868,12722417601184379589,11729821449847700837,119708,120783,40292,2744605,22942621,32866,427258,0,0,0,0,427258,28710370,7730112,62168000,13269477,9673144,0,0,0,0,0
869,9173444546945668529,11224469150254181095,35404,36466,36042,2930478,32755970,9249,120237,0,0,0,0,120237,8163259,2333824,46219573,2960672,29795298,0,0,0,0,0
870,13147126539181644396,6473438812774699952,119500,120575,39383,2711277,22581052,30961,402493,0,0,0,0,402493,27047657,7716800,60096169,12674792,9906260,0,0,0,0,0
871,6117914263822206833,14090565743484894510,172797,173872,41638,2635198,25279397,49266,640458,0,0,0,0,640458,42993080,11127808,82077121,18169905,7109492,0,0,0,0,0
872,5119415470528343509,9389124486700755540,239754,240829,42032,2651001,26809796,61192,795496,0,0,0,0,795496,53374230,15413056,98290115,21539934,5269862,0,0,0,0,0
873,6035857067372384593,12851794127580735558,108411,109486,40762,2907551,29264404,31224,405912,0,0,0,0,405912,27307072,7007104,66526893,11714937,17549467,0,0,0,0,0
874,6025453860780451334,10654587754983444423,87351,88426,41252,2870102,26406965,31138,404794,0,0,0,0,404794,27229826,5659264,62207409,12046645,14360320,0,0,0,0,0
875,9235695028395943617,13579772030569184533,52237,53311,35746,2798057,24115689,16382,212966,0,0,0,0,212966,14351272,3411904,44712668,6986590,17129099,0,2560,0,0,0
876,17458936654132995888,7738778717669942446,2095,3070,5051,607571,2969434,227,2951,0,0,0,0,2951,201929,196480,3980465,43979,2925455,0,0,0,0,0
877,3067939793805786422,17281499197852498439,192077,193152,41213,2655712,25311390,47279,614627,0,0,0,0,614627,41260635,12361728,81630678,17693455,7617935,0,0,0,0,0
878,1570647650545510525,10011976724463785921,49751,50826,38913,2895178,26648869,16804,218452,0,0,0,0,218452,14742104,3252864,47577928,6505551,20143318,0,0,0,0,0
879,8351938633430905331,17328795369563161429,129446,130521,41489,2795104,25288783,38866,505258,0,0,0,0,505258,33950618,8353344,70429338,14453075,10835708,0,0,0,0,0
880,586660345816922471,3392098729485557173,23165,24227,24705,2423703,25472057,3579,46527,0,0,0,0,46527,3175341,1550528,32646334,862758,24609299,0,0,0,0,0
881,15982597674653340074,5010037780520788840,12423,13485,15162,1577269,16682783,1456,18928,0,0,0,0,18928,1297556,863040,20435810,217360,16465423,0,0,0,0,0
882,12406543860709392316,3554434407445742707,93836,94911,40884,2791987,24486891,30224,392912,0,0,0,0,392912,26424762,6074304,59818828,11895455,12587068,4368,0,0,0,0
883,9548870204237849579,12261414602773942907,31412,32476,32507,2873302,30622488,6666,86658,0,0,0,0,86658,5894044,2078464,41500805,1949480,28673008,0,0,0,0,0
884,819186526971142001,4998687347799962153,807,807,16085,0,0,0,0,0,0,0,0,0,0,51648,67733,0,0,0,0,0,0,0
885,11078591901260383531,13708499618494121849,36584,37647,37383,2951208,33823439,9436,122668,0,0,0,0,122668,8335314,2409408,47556752,2822352,31001087,0,0,0,0,0
886,16133609442430276820,4401166110639274662,250178,251253,41416,2681707,26411463,58647,762411,0,0,0,0,762411,51150931,16080192,96365709,21385078,5020145,6240,0,0,0,0
887,15720111131539876179,7743618900893429742,168494,169569,41141,2804758,25550252,40411,525343,0,0,0,0,525343,35289085,10852416,74537652,15277938,10272314,0,0,0,0,0
888,16961465110013467693,7722608663297440964,192444,193519,41776,2702062,26257114,49917,648921,0,0,0,0,648921,43566757,12385216,84952925,18373745,7883369,0,0,0,0,0
889,2860029795416429160,914545299692833067,57750,58824,38452,2931144,24586861,19030,247390,0,0,0,0,247390,16670056,3764736,47991249,7838194,16748667,0,0,0,0,0
890,3121048271294528752,2714250373291339960,128708,129783,41171,2779050,22722791,36312,472056,0,0,0,0,472056,31712798,8306112,65561922,14139021,8583770,0,0,0,0,0
891,13139612100910725474,3962544654212103769,162370,163445,41860,2723201,25162306,46973,610649,0,0,0,0,610649,41001675,10460480,79389522,17353388,7806370,2548,0,0,0,0
892,6304220401174970694,8547873394158965184,86248,87323,41303,2784822,25819651,33368,433784,0,0,0,0,433784,29169244,5588672,63403692,12759032,13059891,728,0,0,0,0
893,13780322671589011639,285404944670886588,150422,151497,41023,2588778,22725456,37765,490945,0,0,0,0,490945,32975397,9695808,68026462,14714843,8010613,0,0,0,0,0
894,2160693224176388824,5011864433319792531,192537,193612,39966,2833048,28847832,40291,523783,0,0,0,0,523783,35185111,12391168,79297125,14979692,13868140,0,0,0,0,0
895,17428518194213363879,12694045792164662263,226435,227510,42007,2667998,26472576,57235,744055,0,0,0,0,744055,49930387,14560640,93673608,20653061,5819060,455,0,0,0,0
896,12642635681560105603,16683613815973198703,215676,216751,41618,2749197,26515502,53494,695422,0,0,0,0,695422,46675096,13872064,89853477,19638307,6874283,2912,0,0,0,0
897,3025665335478921102,10524458324114275634,214905,215980,41944,2722077,25226799,52392,681096,0,0,0,0,681096,45713772,13822720,87527312,19273202,5953597,0,0,0,0,0
898,7804365686505568311,16097058093545340510,124687,125762,40457,2753376,24071255,36064,468832,0,0,0,0,468832,31497856,8048768,66411712,14095926,9975329,0,0,0,0,0
899,14239639194400288927,10067178779704141866,138758,139833,40973,2792945,23950108,39220,509860,0,0,0,0,509860,34246290,8949312,69979628,15188394,8761714,0,0,0,0,0
900,17827534990866421231,13477704547826935226,152350,153425,41117,2726946,24367304,38400,499200,0,0,0,0,499200,33535502,9819200,70490069,14998074,9369230,0,0,0,0,0
901,4644923400655773523,7126382831173580930,29020,30082,30088,2745328,27864772,6096,79248,0,0,0,0,79248,5383976,1925248,37949412,1902199,25962573,0,0,0,0,0
902,12032382174141264649,11915029122099459108,40306,41368,38632,2995156,31181527,13494,175422,0,0,0,0,175422,11869780,2647552,48732647,4806074,26375453,0,0,0,0,0
903,12343466859260640425,15375000986644889994,95349,96424,40845,2742433,24171719,32034,416442,0,0,0,0,416442,27997086,6171136,61123219,12643124,11528595,0,0,0,0,0
904,14987389636046831489,9733346597062890852,152784,153859,40813,2636019,22856431,38965,506545,0,0,0,0,506545,34015943,9846976,69396182,15314572,7539714,2145,0,0,0,0
905,15223012439598241706,14277267220597941821,163220,164295,41814,2750450,24598015,45175,587275,0,0,0,0,587275,39433901,10514880,77339060,16994068,7603219,728,0,0,0,0
906,14415805825542023475,5198584663041124393,136664,137739,37476,2759434,25965966,30032,390416,0,0,0,0,390416,26237042,8815296,63815214,12096487,13869479,0,0,0,0,0
907,11443867116056665369,10668617807830946755,258696,259771,42649,2717536,28727413,68978,896714,0,0,0,0,896714,60164338,16625344,108277280,23398882,5328531,0,0,0,0,0
908,17632327704928312704,4104645077935791168,220012,221087,41593,2742673,26405769,54737,711581,0,0,0,0,711581,47755279,14149568,91094882,20047274,6358495,0,0,0,0,0
909,8534924094455459347,7743647827190320152,131387,132462,41431,2695464,23950329,37921,492973,0,0,0,0,492973,33120243,8477568,68285035,14458080,9492249,0,0,0,0,0
910,9410816317972795642,3033536754711915669,21085,22149,22743,2294532,23055474,3727,48451,0,0,0,0,48451,3295903,1417536,30086188,1129219,21926255,0,0,0,0,0
911,16217274283627841721,13993172103061170803,53072,54147,35948,2712533,23350054,16487,214331,0,0,0,0,214331,14441557,3465408,44005500,6955312,16394742,0,0,0,0,0
912,15858927551925648135,4855523363892353815,31502,32565,32718,2747949,30943835,6205,80665,0,0,0,0,80665,5494307,2084160,41302969,1635400,29308435,0,0,0,0,0
913,14804295822318633698,9525309653827721182,183920,184995,41800,2745368,24836357,47117,612521,0,0,0,0,612521,41123511,11839680,80586716,17712994,7123363,0,0,0,0,0
914,3638468336400747654,7638999632326824407,173297,174372,41815,2766635,26738088,48391,629083,0,0,0,0,629083,42242109,11159808,82948455,17659278,9078810,0,0,0,0,0
915,33007219534549742,14057045647796653146,100777,101852,40772,2770578,23317736,32157,418041,0,0,0,0,418041,28100683,6518528,60748297,12784746,10531430,1560,0,0,0,0
916,13393328812367195973,4924151366026146360,190385,191460,41651,2624673,24400649,48130,625690,0,0,0,0,625690,41999802,12253440,81320215,18093452,6307197,0,0,0,0,0
917,15444983754434254459,8098467131859188412,99754,100829,41237,2752318,24505663,32876,427388,0,0,0,0,427388,28733536,6453056,62485810,12811435,11694228,0,0,0,0,0
918,13359788713770306758,1452798262978528013,15215,16279,17010,1850794,19294873,2611,33943,0,0,0,0,33943,2309281,1041856,24513814,809627,18485246,0,0,0,0,0
919,14574030825485194892,2319292147490714074,679121,826457,40795,2730564,24428014,41422,538486,0,0,0,0,538486,36161346,52893248,116253967,15906046,8521968,0,0,0,0,0
920,15050860306121759515,9687843279270321654,127941,129016,40729,2664232,22735726,34302,445926,0,0,0,0,445926,29961724,8257024,63659435,13676806,9058920,0,0,0,0,0
921,12464161397891326828,7937562372611144833,187410,188485,41029,2725028,24583819,45632,593216,0,0,0,0,593216,39823472,12063040,79236388,17396028,7186231,1560,0,0,0,0
922,12221204699151809059,13386586126169072497,106425,107500,40313,2713942,23114715,32277,419601,0,0,0,0,419601,28199379,6880000,60948349,12898964,10215751,0,0,0,0,0
923,10318225610935314844,17263373822316087330,133223,134298,40943,2786003,24583988,36774,478062,0,0,0,0,478062,32120998,8595072,68127004,14213030,10370958,0,0,0,0,0
924,4428639800189357673,14887684536184213540,2078,2715,11814,452344,2688686,256,3328,0,0,0,0,3328,226382,173760,3552986,88569,2600117,0,0,0,0,0
925,5144111373624317237,13089182438086485250,136146,137221,41022,2729736,23318451,38634,502242,0,0,0,0,502242,33734116,8782144,68605469,14891643,8426808,0,0,0,0,0
926,881696984102133287,2352436068966155682,26803,27866,28257,2749299,28066116,4951,64363,0,0,0,0,64363,4382261,1783424,37009357,1378312,26687804,0,0,0,0,0
927,8769047683655770169,6157841993937717252,113020,114095,40799,2780391,23288005,32562,423306,0,0,0,0,423306,28452398,7302080,61863673,12917359,10369554,1092,0,0,0,0
928,9280014168641761311,17778773427681566264,200219,201294,41809,2771060,26007358,53079,690027,0,0,0,0,690027,46313553,12882816,88016596,19487546,6519812,0,0,0,0,0
929,2817908750561472262,17843223232933938961,220312,221387,42075,2661314,25883975,54491,708383,0,0,0,0,708383,47543899,14168768,90300031,19831955,6051565,455,0,0,0,0
930,12692203770258257794,11378710086534721316,135589,136664,40137,2713207,21900775,35092,456196,0,0,0,0,456196,30638998,8746496,64039613,14230788,7669987,0,0,0,0,0
931,7843896489648206411,17191676525592991384,121131,122206,40888,2694023,24131666,39599,514787,0,0,0,0,514787,34574813,7821184,69262574,15413788,8711365,6513,0,0,0,0
932,7190741869109978945,16651363872640444298,135892,136967,41953,2716409,24445109,43560,566280,0,0,0,0,566280,38032982,8765888,74002341,16151135,8293246,728,0,0,0,0
933,14027941549683130688,10514100853091437273,66371,67446,40125,2792383,22497943,21806,283478,0,0,0,0,283478,19089668,4316544,48736663,8673093,13824850,0,0,0,0,0
934,12386947397245285736,5414729928673462474,140168,141243,40509,2716491,22727354,35167,457171,0,0,0,0,457171,30712253,9039552,65236159,14191593,8535761,0,0,0,0,0
935,16512276486263820550,15805073076144508811,19243,20307,20938,2071316,21674588,3549,46137,0,0,0,0,46137,3135223,1299648,28201713,1160107,20514481,0,0,0,0,0
936,16066128716840610998,7985425217107931758,229244,230319,41990,2693054,26387569,57134,742742,0,0,0,0,742742,49842364,14740416,93705393,20599579,5785078,2912,0,0,0,0
937,9186987379838798154,11047784936587199155,26500,27564,28077,2615555,27791933,5415,70395,0,0,0,0,70395,4784897,1764096,36984558,1673334,26118599,0,0,0,0,0
938,6382233114602488547,134416346163151411,59270,60345,35474,2853739,31754827,12541,163033,0,0,0,0,163033,11022843,3862080,49528963,4220073,27534754,0,0,0,0,0
939,9376674436621102298,13812562865109403146,43577,44652,39418,2971779,30013737,17233,224029,0,0,0,0,224029,15126683,2857728,51009345,6484426,23529311,0,0,0,0,0
940,8639357954905343044,16316240136578957349,125635,126710,40128,2666777,23092160,37104,482352,0,0,0,0,482352,32395402,8109440,66303907,14637662,8454498,0,0,0,0,0
941,5758889414429521247,13100704787842241701,182247,183322,41604,2628035,24034244,48884,635492,0,0,0,0,635492,42653546,11732608,81090037,18307978,5726266,0,0,0,0,0
942,5761491387304518049,1713344379415057731,172402,173477,41867,2702471,25063584,47295,614835,0,0,0,0,614835,41281903,11102528,80192353,17667091,7396493,0,0,0,0,0
943,12948889631491074265,8333858440817892377,208147,209222,41956,2778772,27376323,51689,671957,0,0,0,0,671957,45114277,13390208,88701536,18501158,8875165,0,0,0,0,0
944,4147725322242491356,15808175360799815246,39523,40598,39403,2978123,33691957,11335,147355,0,0,0,0,147355,10000419,2598272,49308174,3533114,30158843,0,0,0,0,0
945,11312094387133577916,16599151951926767169,7297,8350,9904,1080642,10097243,888,11544,0,0,0,0,11544,788866,534400,12511055,201123,9896120,0,0,0,0,0
946,7992844475174703416,14704935941483093658,103495,104570,35398,2751281,26482066,23779,309127,0,0,0,0,309127,20788859,6692480,56750084,9643348,16838718,0,0,0,0,0
947,17895427854414492333,7027210304181443748,279247,280322,42021,2668136,27599338,67003,871039,0,0,0,0,871039,58428799,17940608,106678902,23168184,4431154,0,0,0,0,0
948,1449200003393710283,17296005241505914168,27859,28921,28802,2670613,26677469,6320,82160,0,0,0,0,82160,5573828,1850944,36801656,2180490,24496979,0,0,0,0,0
949,13725015926379416298,12150597938776944725,23916,24978,25434,2524678,25941513,4349,56537,0,0,0,0,56537,3847675,1598592,33937892,1269593,24671920,0,0,0,0,0
950,1469654067727455859,10909078475834315517,69586,70661,40765,2854568,25776205,28511,370643,0,0,0,0,370643,24939031,4522304,58132873,10938629,14837576,0,0,0,0,0
951,3929949434806635363,9666372254300734357,153176,154251,41961,2695343,26418418,52240,679120,0,0,0,0,679120,45591390,9872064,84619176,18924477,7493486,455,0,0,0,0
952,14397157316328165825,6724335258545329771,55438,56513,38631,2886896,26664781,19987,259831,0,0,0,0,259831,17510181,3616832,50717321,8084206,18580575,0,0,0,0,0
953,3510142027029283663,12576445925189265143,154275,155350,41345,2727833,25096864,45629,593177,0,0,0,0,593177,39828243,9942400,77636685,17200755,7896109,0,0,0,0,0
954,4649797841629447428,15900370607203476624,679121,860037,40888,2733754,24082539,43161,561093,0,0,0,0,561093,37671829,55042368,119571378,16816644,7264803,1092,0,0,0,0
955,17748634015715082273,1258749416876305598,163082,164157,40976,2682971,22720763,39049,507637,0,0,0,0,507637,34090719,10506048,70041477,15439489,7281274,0,0,0,0,0
956,14639121185478754043,9061613821520663846,36712,37774,37234,3088697,34194771,9493,123409,0,0,0,0,123409,8385559,2417536,48123797,2831556,31363215,0,0,0,0,0
957,15919382364227160330,15705531950423210575,4719,5697,9602,840962,7438925,607,7891,0,0,0,0,7891,539383,364608,9193480,133146,7305779,0,0,0,0,0
958,18181668828228349576,5662707065236213076,9763,10818,13271,1221055,13758563,1143,14859,0,0,0,0,14859,1018225,692352,16703466,182650,13575913,0,0,0,0,0
959,14377401343422520076,8526251310394542111,259811,260886,41876,2597354,26339066,59837,777881,0,0,0,0,777881,52188617,16696704,97863617,21581131,4757935,0,0,0,0,0
960,14155872532346277413,2353563947486438249,5486,6522,9633,869031,8820279,743,9659,0,0,0,0,9659,659841,417408,10776192,174746,8645533,0,0,0,0,0
961,5959461604616140130,11726164587398419900,163892,164967,41406,2642025,24485110,43009,559117,0,0,0,0,559117,37545911,10557888,75272340,16670758,7814352,0,0,0,0,0
962,2046047193573558870,10078361556533679717,145177,146252,41277,2760958,25299339,45029,585377,0,0,0,0,585377,39306345,9360128,76768047,17132674,8166665,0,0,0,0,0
963,5931276483383760584,5500775374026475594,142493,143568,41314,2812812,25406992,40850,531050,0,0,0,0,531050,35672988,9188352,73122458,15690025,9716967,0,0,0,0,0
964,8124394227018223474,13308441004365483703,43814,44877,39599,2890578,29704064,14637,190281,0,0,0,0,190281,12868349,2872128,48374718,5267678,24436386,0,0,0,0,0
965,10666632955134362418,15553079141739293718,185688,186763,42215,2744574,25384398,53113,690469,0,0,0,0,690469,46345273,11952832,86469292,19346678,6037005,715,0,0,0,0
966,17105290614096238044,10065163363221028025,146131,147206,39172,2771868,25562576,34477,448201,0,0,0,0,448201,30113187,9421184,67907987,13503776,12058800,0,0,0,0,0
967,14359358007913784651,9995379815241625765,32849,33913,33751,2789001,32215586,7321,95173,0,0,0,0,95173,6472999,2170432,43681769,2120612,30094974,0,0,0,0,0
968,441301935205744375,8693338725924875561,35679,36743,35672,2902993,31606887,9443,122759,0,0,0,0,122759,8327501,2351552,45224605,3163875,28443012,0,0,0,0,0
969,16395604576354944453,11728189373647488375,89543,90618,32980,2749835,22726145,20260,263380,0,0,0,0,263380,17706884,5799552,49015396,8957377,13768768,0,0,0,0,0
970,14751086347287325816,14148185585658687964,74548,75623,40062,2821724,24171719,26777,348101,0,0,0,0,348101,23419357,4839872,55292734,10601058,13570661,0,0,0,0,0
971,380213440481842357,12308559420163719846,237355,238430,42078,2718145,25723633,57775,751075,0,0,0,0,751075,50394097,15259520,94137473,20794995,4928638,0,0,0,0,0
972,16763790251554587023,7884517822306182538,36866,37930,35295,2855182,29466515,11809,153517,0,0,0,0,153517,10381033,2427520,45165545,4462367,25004148,0,0,0,0,0
973,190634481015849819,10171943573037734154,17080,18144,18939,1863525,20621900,2477,32201,0,0,0,0,32201,2196935,1161216,25862515,623675,19998225,0,0,0,0,0
974,17966808084223078927,8308466657802901770,452,452,9023,0,0,0,0,0,0,0,0,0,0,28928,37951,0,0,0,0,0,0,0
975,15236498132611252281,470412599826154916,51345,52420,39509,2848388,27077908,17600,228800,0,0,0,0,228800,15440178,3354880,48760863,6782100,20295808,0,0,0,0,0
976,15978370130556415390,2218431624100376361,103802,104877,40510,2810281,26596011,28103,365339,0,0,0,0,365339,24581661,6712128,60740591,10938096,15657915,0,0,0,0,0
977,1355510552624619471,7444570753923446785,32672,33746,30994,2752739,24758253,10092,131196,0,0,0,0,131196,8858564,2159744,38560294,4199403,20558850,0,0,0,0,0
978,17895014322726953311,5140667570394634185,135027,136102,40637,2739445,23904205,36980,480740,0,0,0,0,480740,32294470,8710528,67689285,14672372,9231833,0,0,0,0,0
979,17032771049320406914,4716141615456972392,77833,78908,40521,2810855,26836771,31119,404547,0,0,0,0,404547,27207479,5050112,61945738,12145146,14691625,0,0,0,0,0
980,8150701463541434313,8463543722548209786,40976,42051,37035,2898581,27960816,11894,154622,0,0,0,0,154622,10461074,2691264,44048770,4319744,23641072,0,0,0,0,0
981,781407323928228224,7554012057739416853,23649,24713,25114,2241164,25594478,4359,56667,0,0,0,0,56667,3854357,1581632,33296745,1312779,24281699,0,0,0,0,0
982,16892142449481979063,17934467354624445705,18358,19421,20576,2034451,21936603,2399,31187,0,0,0,0,31187,2133677,1242944,27368251,455702,21480901,0,0,0,0,0
983,14909073759368398021,14729072705365968567,40432,41507,35972,2865257,26802568,12593,163709,0,0,0,0,163709,11061297,2656448,43421542,4931407,21871161,0,0,0,0,0
984,9639223067711183996,16328963454991004304,117,117,2205,0,0,0,0,0,0,0,0,0,0,7488,9693,0,0,0,0,0,0,0
985,6778408469340756413,6588148647337192982,137599,138674,40943,2716986,23382086,36873,479349,0,0,0,0,479349,32202261,8875136,67217412,14592162,8789924,0,0,0,0,0
986,17347653453998991702,18126667363868994147,19329,20390,21181,2174981,23071802,2858,37154,0,0,0,0,37154,2535858,1304960,29108782,683137,22388665,0,0,0,0,0
987,1380873368553787281,17301488392072592753,228306,229381,41933,2730657,27138072,60195,782535,0,0,0,0,782535,52507871,14680384,97098917,21373313,5764759,0,0,0,0,0
988,15964393514131018579,8313515635918269109,55113,56188,38341,2803869,24008842,18391,239083,0,0,0,0,239083,16111979,3596032,46559063,7598747,16410095,0,0,0,0,0
989,12868068291020798798,9084800773810870880,77885,78960,38730,2690229,21106423,22980,298740,0,0,0,0,298740,20096986,5053440,48985808,9580948,11525475,0,0,0,0,0
990,3145700376134957334,8634247616447031837,88286,89361,39766,2787659,24518325,25447,330811,0,0,0,0,330811,22260979,5719104,55325833,10248303,14270022,0,0,0,0,0
991,2168339023784907740,13730235901157966614,57012,58087,39667,2922692,29169361,17445,226785,0,0,0,0,226785,15311101,3717568,51160389,6570031,22599330,0,0,0,0,0
992,11345039990800078233,3440638629930279076,259984,261059,42489,2742232,27596257,66542,865046,0,0,0,0,865046,58035796,16707776,105124550,22938357,4657900,0,0,0,0,0
993,7549447224519894117,148865252948233114,172281,173356,41368,2668715,24038092,42564,553332,0,0,0,0,553332,37156730,11094784,74999689,16401554,7635810,728,0,0,0,0
994,11959955526821834570,17081654150800075427,210005,211080,41947,2646213,26032916,55010,715130,0,0,0,0,715130,47993218,13509120,90223414,19980935,6051981,0,0,0,0,0
995,11646948064231910344,6688652638052317352,244871,245946,41842,2752944,27077843,59712,776256,0,0,0,0,776256,52087178,15740544,97700351,21400561,5672914,4368,0,0,0,0
996,17164489135809728848,1915672672704575527,30288,31351,31453,2737055,29700073,5966,77558,0,0,0,0,77558,5279976,2006464,39755021,1660659,28039414,0,0,0,0,0
997,9481981546529627380,2059494565146392576,32088,33151,32598,2920519,30185090,6709,87217,0,0,0,0,87217,5932381,2121664,41192252,1951209,28233881,0,0,0,0,0
998,4391963086530865516,6997906993453747307,95606,96681,33636,2616946,29792854,19344,251472,0,0,0,0,251472,16929796,6187584,55560816,7282925,22509929,0,0,0,0,0
999,5989209742549240050,11508365490867720138,213932,215007,38120,2681447,25672322,52701,685113,0,0,0,0,685113,45965699,13760448,88118036,19321185,6351137,0,0,0,0,0
