frame,frame_hash,stream_checksum,teps,scoring_calls,bound_checks,compact_lookups,dual_solver_ops,dual_updates,dual_group_solves,oracle_candidates,oracle_w1_candidates,oracle_w2_candidates,oracle_primitive_ops,dual_witness_candidates,dual_witness_primitive_ops,score_primitive_ops,total_primitive_ops,ops_w1,ops_w2,ops_w3,structural_checks,word_mismatch,metric_mismatch,tie_mismatch
0,4307900441458573662,4307900441458573662,40816,41880,41370,3146822,34694751,5857,76141,414917,414917,0,27799439,76141,5253729,2680320,73616431,0,34694751,0,2560,0,0,0
1,13985065504140463237,15993604437681843028,37973,39037,38780,3006778,33940127,4965,64545,207795,207795,0,13922265,64545,4453605,2498368,57859923,0,33940127,0,0,0,0,0
2,13523406603343302230,8589082977016295341,40333,41395,40957,3103538,34633053,5685,73905,380351,380351,0,25483517,73905,5099445,2649280,71009790,0,34633053,0,0,0,0,0
3,13320700756420846468,5551351460942617850,40229,41291,40863,3020861,34645767,5643,73359,266420,266420,0,17850140,73359,5061771,2642624,63262026,0,34645767,0,0,0,0,0
4,15623635531402363762,15516980313340715043,40620,41683,41218,3129059,34426782,5781,75153,440281,440281,0,29498827,75153,5185557,2667712,74949155,0,34426782,0,0,0,0,0
5,16833904852794388024,8007843526161550808,41102,42165,41651,3161670,34554299,5953,77389,420793,420793,0,28193131,77389,5339841,2698560,73989152,0,34554299,0,0,0,0,0
6,15055695530798494923,4356121255838442584,41942,43005,42396,3201244,34955843,6337,82381,525174,525174,0,35186658,82381,5684289,2752320,81822750,0,34955843,0,0,0,0,0
7,11654081068290674278,13967973740932703337,39777,40839,40449,3151145,34466835,5483,71279,276940,276940,0,18554980,71279,4918251,2613696,63745356,0,34466835,0,0,0,0,0
8,17872850091527751012,2009330200570427146,32833,33898,33967,2803613,31817838,3831,49803,48440,48440,0,3245480,49803,3436407,2169472,43506777,0,31817838,0,0,0,0,0
9,12810441787419575937,15818101403446693264,37215,38279,38073,2995698,33670039,4816,62608,144714,144714,0,9695838,62608,4319952,2449856,53169456,0,33670039,0,0,0,0,0
10,15354654047595077210,10294196311721282281,38473,39536,39247,3003252,33820358,5087,66131,237755,237755,0,15929585,66131,4563039,2530304,59885785,0,33820358,0,0,0,0,0
11,8000196889370950559,811538446288065585,36992,38054,37861,3011221,33588074,4721,61373,212522,212522,0,14238974,61373,4234737,2435456,57546323,0,33588074,0,0,0,0,0
12,1003048155117523633,2418325770709747967,41118,42182,41621,3090909,34706269,5956,77428,380778,380778,0,25512126,77428,5342636,2699648,71393209,0,34703357,2912,0,0,0,0
13,5093212120615806920,8854429402682367500,3165,4016,7913,662343,4438629,239,3107,3255,3255,0,218085,3107,214383,257024,5798377,0,4438629,0,0,0,0,0
14,17880796771999687362,7984956261792623645,41687,42751,42093,3178252,34897967,6200,80600,496668,496668,0,33276756,80600,5561504,2736064,79692636,0,34895055,2912,0,0,0,0
15,13124633785058266138,1644059594929329120,40494,41556,41027,3055884,34434114,5711,74243,338109,338109,0,22653303,74243,5122767,2659584,67966679,0,34434114,0,0,0,0,0
16,4545681363894474072,17525235691387657951,35205,36267,36173,2944963,32810765,4341,56433,112088,112088,0,7509896,56433,3893877,2321088,49516762,0,32810765,0,0,0,0,0
17,9507170928033327301,17284289172471685401,40561,41623,41163,3194502,34522683,5774,75062,448128,448128,0,30024576,75062,5179304,2663872,75626100,0,34521591,1092,0,0,0,0
18,10639815013123984987,2780305607493080269,2223,2751,18752,456933,2612792,138,1794,2049,2049,0,137283,1794,123786,176064,3525610,0,2612792,0,0,0,0,0
19,7424309542499859262,8523855129889171908,41782,42845,42228,3140054,34963136,6249,81237,516434,516434,0,34601078,81237,5605353,2742080,81093929,0,34963136,0,0,0,0,0
20,3585716964899163425,9218611346147013878,40913,41977,41433,3198333,34800038,5883,76479,427001,427001,0,28609067,76479,5277051,2686528,74612450,0,34800038,0,0,0,0,0
21,10204974863561260655,16963535977478944094,40008,41071,40610,3084539,34511061,5558,72254,376797,376797,0,25245399,72254,4985526,2628544,70495679,0,34511061,0,0,0,0,0
22,5152589677103207791,10022694942923915066,37824,38887,38637,3101842,33858539,4933,64129,158205,158205,0,10599735,64129,4424901,2488768,54512422,0,33858539,0,0,0,0,0
23,13077879051893829120,5641359282814674149,24880,25945,26472,2463096,26649675,2479,32227,24949,24949,0,1671583,32227,2223663,1660480,34694969,0,26649675,0,0,0,0,0
24,11041175099619402705,9774418745235614095,39927,40989,40587,3026435,34513050,5548,72124,331014,331014,0,22177938,72124,4976582,2623296,67357888,0,34510905,2145,0,0,0,0
25,3789542764782339965,8778962369036225209,40942,42005,41463,3172514,34695596,5913,76869,426479,426479,0,28574093,76869,5303987,2688320,74475973,0,34694504,1092,0,0,0,0
26,8821286113460533548,6077640745652314746,38880,39942,39621,3072936,34256716,5230,67990,142214,142214,0,9528338,67990,4691310,2556288,54145209,0,34256716,0,0,0,0,0
27,2680818465723523271,4776413569941104562,29830,30894,31094,2717184,29833622,3240,42120,55487,55487,0,3717629,42120,2906280,1977216,41183025,0,29833622,0,0,0,0,0
28,15649990524889028689,7355307830636613776,20561,21623,22205,2271292,23643841,1961,25493,36898,36898,0,2472166,25493,1759017,1383872,31552393,0,23643841,0,0,0,0,0
29,9011163354629236132,3074246964227893735,4226,5129,8804,677916,6494774,349,4537,3517,3517,0,235639,4537,313053,328256,8058442,0,6494774,0,0,0,0,0
30,350182793745045460,5926753163840131200,40881,41943,41449,3073823,34701550,5905,76765,299533,299533,0,20068711,76765,5296889,2684352,65866774,0,34698638,2912,0,0,0,0
31,3144942646360382232,4933943542690971215,39862,40926,40527,3047240,34442772,5518,71734,283615,283615,0,19002205,71734,4949646,2619264,64101654,0,34442772,0,0,0,0,0
32,3934959207445957992,16035491631744627796,36009,37073,36939,2952900,33173790,4484,58292,153055,153055,0,10254685,58292,4022148,2372672,52813134,0,33173790,0,0,0,0,0
33,2939905219594488232,17138846338471929075,2109,2678,16268,563501,2126241,130,1690,1106,1106,0,74102,1690,116610,171392,3068114,0,2126241,0,0,0,0,0
34,7115477866112852511,508760954962106095,39323,40387,40035,3007787,34388042,5332,69316,141574,141574,0,9485458,69316,4782804,2584768,54288894,0,34388042,0,0,0,0,0
35,17804540254511754082,17891001674654000382,26198,27262,27706,2608594,27519583,2692,34996,21016,21016,0,1408072,34996,2414724,1744768,35723447,0,27519583,0,0,0,0,0
36,14329286675604069733,2549183635429215712,40438,41502,41048,3107167,34703695,5793,75309,290333,290333,0,19452311,75309,5196347,2656128,65156696,0,34702603,1092,0,0,0,0
37,3512355457972779656,54641955697084343,41166,42230,41676,3117834,34849126,6000,78000,485231,485231,0,32510477,78000,5382000,2702720,78603833,0,34849126,0,0,0,0,0
38,15383367769352008159,4043399927758650155,41182,42246,41724,3091498,34855834,5999,77987,386326,386326,0,25883842,77987,5381103,2703744,71957745,0,34855834,0,0,0,0,0
39,6351360789494488775,14239871099138461167,41467,42531,41979,3177638,34844069,6119,79547,486975,486975,0,32627325,79547,5488743,2721984,78901738,0,34844069,0,0,0,0,0
40,9272416292419551771,10011039597865590263,38352,39416,39056,3014374,33917078,5050,65650,310334,310334,0,20792378,65650,4529850,2522624,64815360,0,33917078,0,0,0,0,0
41,9425662161293817965,3718056516881782185,40957,42020,41522,3086029,34724651,5916,76908,374327,374327,0,25079909,76908,5306652,2689280,70928043,0,34724651,0,0,0,0,0
42,3205280276530037954,14257155582419171572,40198,41260,40836,3123026,34573227,5636,73268,443683,443683,0,29726761,73268,5055492,2640640,75159982,0,34573227,0,0,0,0,0
43,8247375632809095502,9280524818218970153,41547,42611,42003,3126900,34660561,6130,79690,453091,453091,0,30357097,79690,5498636,2727104,76412301,0,34659833,728,0,0,0,0
44,296574145639910115,3579242053889772485,41667,42729,42068,3172354,34874164,6203,80639,486514,486514,0,32596438,80639,5564117,2734656,78983797,0,34873436,728,0,0,0,0
45,8902939286485989100,4154157133375683666,41554,42616,42024,3134222,34936187,6162,80106,453944,453944,0,30414248,80106,5527314,2727424,76781419,0,34936187,0,0,0,0,0
46,456937915389356564,16185041997014406329,40009,41073,40661,3005799,34481928,5571,72423,271468,271468,0,18188356,72423,4997291,2628672,63342707,0,34473348,8580,0,0,0,0
47,14068545361310646309,4639816543041674363,42038,43101,42389,3202125,34911942,6332,82316,494246,494246,0,33114482,82316,5679804,2758464,79709206,0,34911942,0,0,0,0,0
48,13900954627316334852,4195680371056188860,30742,31804,31930,2881384,30615689,3481,45253,82895,82895,0,5553965,45253,3122457,2035456,44240881,0,30615689,0,0,0,0,0
49,2107424263269548503,11423161209362821136,7679,8743,10549,1129320,11277383,687,8931,12227,12227,0,819209,8931,616239,559552,14412252,0,11277383,0,0,0,0,0
50,8168283661969964125,9931039747041076422,40202,41264,40836,3200433,34463390,5644,73372,261551,261551,0,17523917,73372,5062668,2640896,62932140,0,34463390,0,0,0,0,0
51,14267482168518956616,13113212589325100185,41868,42931,42199,3196324,34969298,6237,81081,476942,476942,0,31955114,81081,5594589,2747584,78505108,0,34969298,0,0,0,0,0
52,6311305015811095954,6427547232503983676,40626,41691,41225,3060279,34700133,5825,75725,406553,406553,0,27239051,75725,5225025,2668224,72933937,0,34700133,0,0,0,0,0
53,6453722038223445224,18320083337798526167,20397,21460,22021,2227256,23215725,1929,25077,38037,38037,0,2548479,25077,1730313,1373440,31117234,0,23215725,0,0,0,0,0
54,14215514807094581899,5826899960588213343,41144,42207,41687,3039584,34647080,5992,77896,373749,373749,0,25041183,77896,5374850,2701248,70845632,0,34646625,455,0,0,0,0
55,3989771169862953169,18000163171180986405,33216,34274,34291,2866760,31769764,3878,50414,67315,67315,0,4510105,50414,3478566,2193536,44853022,0,31769764,0,0,0,0,0
56,11916016868319620830,3434736868211279916,40835,41900,41413,3150610,34707608,5882,76466,321872,321872,0,21565424,76466,5276180,2681600,67422835,0,34706516,1092,0,0,0,0
57,4640130541490228991,9900884035484805568,40675,41738,41267,3106478,34506927,5805,75465,383894,383894,0,25720898,75465,5207085,2671232,71253887,0,34506927,0,0,0,0,0
58,1304427793644317805,15977181257162056870,40307,41369,40899,3077630,34461882,5656,73528,491979,491979,0,32962593,73528,5073432,2647616,78264052,0,34461882,0,0,0,0,0
59,1112308405835387574,6630118966332650719,36914,37977,37787,2907116,33524491,4785,62205,215464,215464,0,14436088,62205,4292145,2430528,57628155,0,33524491,0,0,0,0,0
60,13116184056299994042,2954471994216558182,41490,42552,41993,3071825,34779303,6158,80054,471101,471101,0,31563767,80054,5523830,2723328,77704046,0,34776391,2912,0,0,0,0
61,5128382913954093173,17891395725310316608,14147,15211,16347,1714652,17822025,1266,16458,22697,22697,0,1520699,16458,1135602,973504,23182829,0,17822025,0,0,0,0,0
62,149536194727853827,17641425227737243368,39566,40630,40207,3091667,34291868,5412,70356,285188,285188,0,19107596,70356,4854564,2600320,63986222,0,34291868,0,0,0,0,0
63,12785073334573540145,9719333807847662370,679121,721513,41826,3090112,34699158,6048,78624,484416,484416,0,32455872,78624,5425160,46176832,121888960,0,34694790,4368,0,0,0,0
64,14715283007751744236,8298298031652102469,28995,30060,30264,2733970,29428737,3078,40014,98519,98519,0,6600773,40014,2760966,1923840,43478550,0,29428737,0,0,0,0,0
65,11365951123784606704,17887036220830551262,42257,43320,42586,3108890,35046752,6465,84045,547629,547629,0,36691143,84045,5799105,2772480,83460956,0,35046752,0,0,0,0,0
66,6167689052082312052,13319927937967308141,41172,42234,41710,3076684,34770515,6024,78312,430439,430439,0,28839413,78312,5403528,2702976,74834826,0,34770515,0,0,0,0,0
67,1471876335903736649,16816578889670006011,39822,40886,40494,3065340,34458268,5504,71552,282401,282401,0,18920867,71552,4937088,2616704,64038761,0,34458268,0,0,0,0,0
68,16616906695035230134,5658483354103529566,39989,41053,40647,3133389,34588996,5557,72241,318645,318645,0,21349215,72241,4984655,2627392,66724294,0,34586851,2145,0,0,0,0
69,14774274864356891453,3644105131579224076,41008,42071,41479,3134995,34637161,5887,76531,438217,438217,0,29360539,76531,5280639,2692544,75147357,0,34637161,0,0,0,0,0
70,15893644149008283858,11402885097641880637,39451,40514,40150,3109057,34336718,5384,69992,238556,238556,0,15983252,69992,4829448,2592896,60891521,0,34336718,0,0,0,0,0
71,7865834665772639287,10652884563243312165,40177,41239,40815,3073361,34489065,5620,73060,331228,331228,0,22192276,73060,5041140,2639296,67475953,0,34489065,0,0,0,0,0
72,3982075187632817751,15468753295786042477,40110,41175,40755,3127244,34619442,5636,73268,255683,255683,0,17130761,73268,5055518,2635200,62608920,0,34618714,728,0,0,0,0
73,8257608772007586738,15060440126870394208,40077,41140,40724,3062972,34595899,5589,72657,217163,217163,0,14549921,72657,5013333,2632960,59895809,0,34595899,0,0,0,0,0
74,14977254156259156003,3920327573652986140,40541,41603,41144,3061820,34642842,5749,74737,408925,408925,0,27397975,74737,5156853,2662592,72963226,0,34642842,0,0,0,0,0
75,1589424333137760772,9471724134185867919,38569,39633,39337,3096553,34112559,5146,66898,285043,285043,0,19097881,66898,4615962,2536512,63498804,0,34112559,0,0,0,0,0
76,9774658082113931331,1081553943595848751,38269,39331,39055,3045682,34057010,5049,65637,195123,195123,0,13073241,65637,4528953,2517184,57261125,0,34057010,0,0,0,0,0
77,2885753135356757878,8144404064137559034,38766,39830,39520,2909292,34214466,5171,67223,184339,184339,0,12350713,67223,4638387,2549120,56701498,0,34214466,0,0,0,0,0
78,18228366790075488506,6042191629102714783,23689,24753,25256,2396453,25931698,2323,30199,41920,41920,0,2808640,30199,2083731,1584192,34829970,0,25931698,0,0,0,0,0
79,6705742309440081002,4560022252792973950,41154,42216,41697,3112704,34660951,5992,77896,442107,442107,0,29621169,77896,5374824,2701824,75513169,0,34660951,0,0,0,0,0
80,4183829670304994346,11429584479178068259,39931,40995,40587,3217002,34260629,5581,72553,398185,398185,0,26678395,72553,5006157,2623680,71826450,0,34260629,0,0,0,0,0
81,7971977087052089671,12943656896339611047,3310,4181,8189,666315,4840277,253,3289,3754,3754,0,251518,3289,226941,267584,6260824,0,4840277,0,0,0,0,0
82,14015440443514644708,15168746826461742152,39875,40938,40533,3069650,34269859,5537,71981,314471,314471,0,21069557,71981,4966689,2620032,66036320,0,34269859,0,0,0,0,0
83,14813477150930179670,10654782508927386569,39849,40911,40515,3035392,34547825,5527,71851,283996,283996,0,19027732,71851,4957719,2618304,64227487,0,34547825,0,0,0,0,0
84,277419965220824983,236082523621049125,10350,11415,12667,1339593,13927017,882,11466,19195,19195,0,1286065,11466,791154,730560,18087056,0,13927017,0,0,0,0,0
85,11433493891647338668,7759285439589208922,38775,39839,39523,3113172,34061287,5185,67405,215259,215259,0,14422353,67405,4650945,2549696,58836976,0,34061287,0,0,0,0,0
86,3927747151045147985,14326285596270872888,40000,41062,40608,3082956,34574644,5557,72241,349847,349847,0,23439749,72241,4984655,2627968,68750580,0,34572499,2145,0,0,0,0
87,2490559828448180269,1274096174389150426,40909,41972,41478,3153680,34732880,5899,76687,418593,418593,0,28045731,76687,5291429,2686208,73951406,0,34731788,1092,0,0,0,0
88,12310597241526767626,6169451773211654535,41817,42879,42287,3092894,34993439,6299,81887,506960,506960,0,33966320,81887,5650203,2744256,80489399,0,34993439,0,0,0,0,0
89,4670254777196922682,8977123415404240798,41686,42750,42130,3109004,34604765,6190,80470,487176,487176,0,32640792,80470,5552430,2736000,78685121,0,34604765,0,0,0,0,0
90,15825785085970787932,11761380677485834089,37605,38668,38436,3072516,33541014,4868,63284,328905,328905,0,22036635,63284,4366596,2474752,65529949,0,33541014,0,0,0,0,0
91,6764912390002647435,3014557965378192313,19645,20708,21728,2108661,23061480,1878,24414,27672,27672,0,1854024,24414,1684566,1325312,30055771,0,23061480,0,0,0,0,0
92,16983826796895888681,7536200890693945291,40042,41106,40692,3025305,34527337,5595,72735,297765,297765,0,19950255,72735,5018741,2630784,65193114,0,34526245,1092,0,0,0,0
93,8088651020318966618,2194267367720589618,41687,42750,42071,3162793,34813402,6200,80600,495775,495775,0,33216925,80600,5561400,2736000,79532591,0,34813402,0,0,0,0,0
94,13415699180734816289,3732729425680382944,40651,41713,41158,3079489,34706555,5774,75062,315503,315503,0,21138701,75062,5179278,2669632,66814813,0,34706555,0,0,0,0,0
95,6279338252731032094,1887704006076891057,37614,38677,38443,3134652,33724626,4873,63349,178721,178721,0,11974307,63349,4371081,2475328,55718437,0,33724626,0,0,0,0,0
96,6897685065739299843,7531328504092341133,36269,37332,37185,2998314,33337590,4550,59150,105850,105850,0,7091950,59150,4081350,2389248,49935637,0,33337590,0,0,0,0,0
97,16233122624032489404,8039177800558608082,38180,39243,38975,3049018,33999290,5020,65260,245404,245404,0,16442068,65260,4502940,2511552,60543843,0,33999290,0,0,0,0,0
98,3661284184810650330,17851859659918538447,40367,41429,40987,3172982,34462805,5708,74204,333566,333566,0,22348922,74204,5120102,2651456,67797254,0,34461713,1092,0,0,0,0
99,7689340520339025854,8361813761871384818,40801,41865,41383,3208552,34584342,5844,75972,425480,425480,0,28507160,75972,5242068,2679360,74262865,0,34584342,0,0,0,0,0
100,3960091624786604190,7569933000661292823,39633,40697,40318,3020568,34481655,5455,70915,303766,303766,0,20352322,70915,4893135,2604608,65392606,0,34481655,0,0,0,0,0
101,4670656927620931667,14181596803173254391,38025,39087,38828,3052522,33884825,4986,64818,180525,180525,0,12095175,64818,4472442,2501568,56045360,0,33884825,0,0,0,0,0
102,9300506978581312426,1350367836935304870,40034,41096,40639,3025433,34515754,5613,72969,334659,334659,0,22422153,72969,5034887,2630144,67669010,0,34514662,1092,0,0,0,0
103,17640199488338210563,802440088876334594,40091,41155,40736,3112839,34417370,5622,73086,349116,349116,0,23390772,73086,5042934,2633920,68638571,0,34417370,0,0,0,0,0
104,7528972887321522470,8947634756366866687,40330,41392,40904,3087993,34489507,5662,73606,328169,328169,0,21987323,73606,5078814,2649088,67333629,0,34489507,0,0,0,0,0
105,3331301268401570949,11179104202945140617,38385,39448,39164,3082769,34046415,5107,66391,291762,291762,0,19548054,66391,4580979,2524672,63822053,0,34046415,0,0,0,0,0
106,9634326897132195769,9737573833491439735,39939,41001,40597,3023525,34430669,5543,72059,376163,376163,0,25202921,72059,4972071,2624064,70293847,0,34430669,0,0,0,0,0
107,5564694400914521148,13192599877808201160,40709,41771,41298,3179736,34678787,5809,75517,400726,400726,0,26848642,75517,5210673,2673344,72632480,0,34678787,0,0,0,0,0
108,7364351477624240731,11515980236384986636,41355,42418,41879,3210521,34810178,6075,78975,458512,458512,0,30720304,78975,5449275,2714752,76946909,0,34810178,0,0,0,0,0
109,10816362873225505153,13562934150647224734,8678,9741,11949,1091291,12752402,778,10114,9199,9199,0,616333,10114,697866,623424,15793265,0,12752402,0,0,0,0,0
110,1504602427833427066,17494325283045092023,40862,41926,41437,3003891,34690825,5869,76297,420913,420913,0,28201171,76297,5264493,2683264,73885081,0,34690825,0,0,0,0,0
111,14630946136997394707,7499687124249330335,41870,42933,42289,3156859,34933197,6293,81809,499825,499825,0,33488275,81809,5644821,2747712,80013153,0,34933197,0,0,0,0,0
112,13716164394356899035,6840346086988944479,40602,41665,41199,3071373,34677825,5801,75413,368410,368410,0,24683470,75413,5203497,2666560,70343924,0,34677825,0,0,0,0,0
113,2401420817805416216,15473241626242985348,38712,39774,39465,3103826,34130811,5183,67379,184773,184773,0,12379791,67379,4649151,2545536,56848580,0,34130811,0,0,0,0,0
114,17693655737688215379,9034970174342985988,40991,42053,41524,3141574,34613826,5906,76778,461225,461225,0,30902075,76778,5297786,2691392,76688177,0,34607586,6240,0,0,0,0
115,10293853982205095098,2548786864805232525,23018,24081,24570,2412441,25305982,2229,28977,47064,47064,0,3153288,28977,1999413,1541184,34436878,0,25305982,0,0,0,0,0
116,11797299450381563433,4981985418313192895,33815,34877,34863,2832487,32213051,4012,52156,84119,84119,0,5635973,52156,3598764,2232128,46547266,0,32213051,0,0,0,0,0
117,3019307246554859894,2467476317066320362,41072,42135,41623,3088943,34724560,5977,77701,449970,449970,0,30147990,77701,5361395,2696640,76061151,0,34723832,728,0,0,0,0
118,3945648719323444312,8340174509884755781,38300,39363,39084,3071710,34063679,5062,65806,137210,137210,0,9193070,65806,4540614,2519232,53427389,0,34063679,0,0,0,0,0
119,3571740835977137612,8568961206573942290,36317,37381,37228,2998106,33296055,4613,59969,125725,125725,0,8423575,59969,4137861,2392384,51285209,0,33296055,0,0,0,0,0
120,15688029600598372724,5720259538154688569,35285,36347,36258,3094944,32720714,4299,55887,196899,196899,0,13192233,55887,3856203,2326208,55226560,0,32720714,0,0,0,0,0
121,4809550328998405781,3447708533526052803,34419,35483,35437,2907246,32455696,4122,53586,89695,89695,0,6009565,53586,3697434,2270912,47376290,0,32455696,0,0,0,0,0
122,16673457341036131784,14298680398766734600,40235,41298,40866,3157457,34538933,5651,73463,294290,294290,0,19717430,73463,5068947,2643072,65166705,0,34538933,0,0,0,0,0
123,4709207850192104690,18417227130193309285,40002,41064,40654,3134768,34553974,5562,72306,366355,366355,0,24545785,72306,4989114,2628096,69892391,0,34553974,0,0,0,0,0
124,14987279176759560827,10079778277595310005,35336,36400,36304,2960458,32922656,4354,56602,116051,116051,0,7775417,56602,3905538,2329600,49929973,0,32922656,0,0,0,0,0
125,12455518455682061704,8593739427660388554,39656,40718,40334,3092989,34336432,5469,71097,303506,303506,0,20334902,71097,4905823,2605952,65316432,0,34329100,7332,0,0,0,0
126,16166164817434319113,16039466851637927744,36901,37964,37779,2974342,33515144,4702,61126,248954,248954,0,16679918,61126,4217694,2429696,59854573,0,33515144,0,0,0,0,0
127,12283571664785387763,3877277643710428228,41267,42330,41798,3086571,34749429,6053,78689,423493,423493,0,28374031,78689,5429541,2709120,74390490,0,34749429,0,0,0,0,0
128,10640180730474882598,15655919395236699445,35416,36478,36379,2985746,32977256,4366,56758,155594,155594,0,10424798,56758,3916302,2334592,52675073,0,32977256,0,0,0,0,0
129,3812952749990704472,2212017093938771090,38979,40042,39626,3027141,34142459,5233,68029,321272,321272,0,21525224,68029,4694001,2562688,65991139,0,34142459,0,0,0,0,0
130,8985774340266909244,3447487132174722669,41689,42752,42127,3120717,34896719,6203,80639,474566,474566,0,31795922,80639,5564091,2736128,78155704,0,34896719,0,0,0,0,0
131,3906820549000075022,12607135354281993224,33947,35010,34992,2887499,32419764,4082,53066,84000,84000,0,5628000,53066,3661554,2240640,46872449,0,32419764,0,0,0,0,0
132,6751380587087841664,6863978732371042631,41917,42979,42374,3132015,34936681,6332,82316,516134,516134,0,34580978,82316,5679934,2750656,81122638,0,34933314,3367,0,0,0,0
133,7488812991156845180,5773145602443517632,41431,42493,41945,3080593,34716370,6099,79287,473599,473599,0,31731133,79287,5470933,2719552,77760526,0,34713198,3172,0,0,0,0
134,7821847056005621223,191532722549337480,13085,14148,15566,1473226,16604484,1124,14612,9225,9225,0,618075,14612,1008228,905472,20625051,0,16604484,0,0,0,0,0
135,12217153512566328451,12911349674356922468,40295,41359,40924,3091562,34659911,5670,73710,387011,387011,0,25929737,73710,5086016,2646976,71455126,0,34658351,1560,0,0,0,0
136,8806254138228182290,12141048397107289109,41258,42321,41787,3119291,34736676,6057,78741,432852,432852,0,29001084,78741,5433155,2708544,75040537,0,34735584,1092,0,0,0,0
137,12733111632922560012,5939830085542312002,41349,42414,41873,3159206,34799986,6071,78923,446915,446915,0,29943305,78923,5445687,2714496,76104553,0,34799986,0,0,0,0,0
138,2501735311241351195,3322711624836827434,40146,41210,40736,3083683,34543899,5593,72709,322423,322423,0,21602341,72709,5016921,2637440,66925020,0,34543899,0,0,0,0,0
139,12960487387062707668,18328035585533126377,35822,36888,36752,2947285,32888076,4488,58344,194701,194701,0,13044967,58344,4025736,2360832,55303648,0,32888076,0,0,0,0,0
140,17814072604886395448,1215862796048831778,40595,41657,41193,3137003,34727498,5786,75218,333602,333602,0,22351334,75218,5190042,2666048,68113118,0,34727498,0,0,0,0,0
141,11285652319209009385,11557817986015518936,39471,40534,40159,3055777,34161075,5405,70265,351165,351165,0,23528055,70265,4848285,2594176,68227527,0,34161075,0,0,0,0,0
142,11014088713147922632,847894995652931219,41369,42432,41888,3191227,34906638,6123,79599,418927,418927,0,28068109,79599,5492331,2715648,74415841,0,34906638,0,0,0,0,0
143,406463308745511163,14319036669596667563,39981,41044,40633,3153682,34542417,5590,72670,321063,321063,0,21511221,72670,5014230,2626816,66888999,0,34542417,0,0,0,0,0
144,17534504696866617849,14315662837512484705,40268,41332,40899,3061870,34658182,5658,73554,328033,328033,0,21978211,73554,5075434,2645248,67459844,0,34638162,20020,0,0,0,0
145,13198556944138723303,15078950454953880413,41089,42151,41639,3001615,34753225,5947,77311,324603,324603,0,21748401,77311,5334459,2697664,67577003,0,34753225,0,0,0,0,0
146,5770311749891783580,12008452308575766238,30383,31445,31591,2696183,30300439,3351,43563,59466,59466,0,3984222,43563,3005847,2012480,42030762,0,30300439,0,0,0,0,0
147,15785516674910074395,11053004304439769334,22882,23944,24537,2432889,25243322,2207,28691,32575,32575,0,2182525,28691,1979679,1532416,33395368,0,25243322,0,0,0,0,0
148,13721158072033547493,15541261378078459544,40810,41873,41349,3138949,34767018,5836,75868,428957,428957,0,28740119,75868,5234918,2679872,74602225,0,34765926,1092,0,0,0,0
149,17324773251166613531,9946066183996860796,22219,23281,23844,2270645,24872328,2157,28041,32449,32449,0,2174083,28041,1934829,1489984,32765713,0,24872328,0,0,0,0,0
150,562156214216318010,245996296028465657,41491,42554,41959,3024316,34852415,6137,79781,517150,517150,0,34649050,79781,5504889,2723456,80796085,0,34852415,0,0,0,0,0
151,9961359178523252267,18309433531818418401,37378,38443,38178,3072775,33198178,4981,64753,373600,373600,0,25031200,64753,4467957,2460352,68268640,0,33198178,0,0,0,0,0
152,15648529573482083226,7851261184791914452,14571,15634,16719,1728587,18276739,1310,17030,18384,18384,0,1231728,17030,1175070,1000576,23429419,0,18276739,0,0,0,0,0
153,5720364722347541976,15850302087332571123,40185,41248,40824,3066962,34526791,5598,72774,352032,352032,0,23586144,72774,5021406,2639872,68881999,0,34526791,0,0,0,0,0
154,1849194904166726695,626176201204369175,42144,43206,42541,3225211,34902868,6429,83577,524038,524038,0,35110546,83577,5766813,2765184,81813163,0,34902868,0,0,0,0,0
155,1710160193251210002,18142564493873951286,41053,42117,41534,3040969,34821150,5944,77272,395623,395623,0,26506741,77272,5331794,2695488,72437676,0,34820422,728,0,0,0,0
156,9689031059872497038,7085542128766261015,38043,39107,38797,3067345,33946770,5003,65039,248893,248893,0,16675831,65039,4487691,2502848,60719282,0,33946770,0,0,0,0,0
157,16465286939974686827,9697624342421021527,35984,37047,36861,2998729,33031063,4464,58032,130026,130026,0,8711742,58032,4004208,2371008,51153611,0,33031063,0,0,0,0,0
158,4411765945603959182,16782582044104339274,41908,42970,42365,3155857,34751665,6328,82264,510333,510333,0,34192311,82264,5676216,2750080,80568494,0,34751665,0,0,0,0,0
159,11070633886158185775,16971923361860351802,40411,41475,40976,3135204,34649875,5674,73762,373765,373765,0,25042255,73762,5089578,2654400,70612288,0,34649875,0,0,0,0,0
160,5918379027175537722,8468490517601503811,40199,41265,40795,3096120,34505016,5679,73827,406031,406031,0,27204077,73827,5094089,2640960,72581057,0,34502871,2145,0,0,0,0
161,17073609758125032840,11398668048811166024,35491,36554,36453,2965464,32899243,4358,56654,109599,109599,0,7343133,56654,3909126,2339456,49492875,0,32899243,0,0,0,0,0
162,10020226892100438581,16432856621190969782,41200,42262,41737,3096200,34776729,6034,78442,418894,418894,0,28065898,78442,5412498,2704768,74097830,0,34776729,0,0,0,0,0
163,9526698960501645321,1013601231783566404,40175,41239,40816,3065448,34531432,5610,72930,305287,305287,0,20454229,72930,5032170,2639296,65763391,0,34531432,0,0,0,0,0
164,2533986941498802589,1500324027073107818,26850,27916,28434,2579448,28135523,2767,35971,28283,28283,0,1894961,35971,2481999,1786624,36906989,0,28135523,0,0,0,0,0
165,17485614095053154515,13111731989407934686,41584,42646,42045,3178213,34778692,6161,80093,507135,507135,0,33978045,80093,5526443,2729344,80232782,0,34778237,455,0,0,0,0
166,11103865399866589307,14558926658354674674,38117,39179,38912,2992782,33925411,5033,65429,208549,208549,0,13972783,65429,4514601,2507456,57951945,0,33925411,0,0,0,0,0
167,16623614656953444986,147268614842181855,39923,40986,40584,3091986,34468928,5517,71721,177294,177294,0,11878698,71721,4948749,2623104,57052049,0,34468928,0,0,0,0,0
168,17401659601693164384,16527813106031257436,42247,43310,42661,3133279,34909836,6498,84474,537609,537609,0,36019803,84474,5828732,2771840,82706151,0,34909576,260,0,0,0,0
169,11049669878503412000,16063820501820573719,41820,42883,42251,3165717,34729422,6260,81380,467014,467014,0,31289938,81380,5615220,2744512,77587060,0,34729422,0,0,0,0,0
170,8244986667504475031,10754805406405138243,39537,40600,40227,3016996,34338759,5408,70304,230134,230134,0,15418978,70304,4850976,2598400,60264336,0,34338759,0,0,0,0,0
171,1788616718346399265,13540069992716016993,25840,26903,27226,2657982,27332097,2603,33839,76700,76700,0,5138900,33839,2334891,1721792,39212888,0,27332097,0,0,0,0,0
172,12396976212410918861,15618144622985343343,36968,38030,37838,3024185,33506720,4725,61425,157911,157911,0,10580037,61425,4238325,2433920,53821025,0,33506720,0,0,0,0,0
173,16873111731406148719,17334438516627880203,41048,42111,41603,3095148,34775130,5979,77727,437443,437443,0,29308681,77727,5363267,2695104,75278933,0,34768890,6240,0,0,0,0
174,4371287800040429725,13267493038963940101,40938,42003,41451,3107619,34647418,5887,76531,445611,445611,0,29855937,76531,5280639,2688192,75621256,0,34647418,0,0,0,0,0
175,8209346093335103303,2135189622880030305,41187,42251,41637,3178068,34568066,5959,77467,429956,429956,0,28807052,77467,5345223,2704064,74644110,0,34568066,0,0,0,0,0
176,14255313208860801240,647758609544441566,40459,41523,41036,3100835,34582483,5721,74373,382401,382401,0,25620867,74373,5131737,2657472,71134430,0,34582483,0,0,0,0,0
177,18351372482318773415,14408950029291211442,39379,40442,40043,3153066,34303139,5376,69888,256221,256221,0,17166807,69888,4822428,2588288,62073771,0,34287994,15145,0,0,0,0
178,5333569916276211838,11512634652122347803,39069,40132,39796,3045022,34324732,5305,68965,178778,178778,0,11978126,68965,4758585,2568448,56714709,0,34324732,0,0,0,0,0
179,14839730370691303348,4932630096812509500,34765,35827,35763,2967848,32663813,4212,54756,135767,135767,0,9096389,54756,3778164,2292928,50834905,0,32663813,0,0,0,0,0
180,8494664764710398551,17639608183651404800,2418,3084,10062,554637,3120936,166,2158,2071,2071,0,138757,2158,148902,197376,4170670,0,3120936,0,0,0,0,0
181,8810377357959095360,18338137589035586239,39779,40841,40407,3110808,34507837,5483,71279,324684,324684,0,21753828,71279,4918277,2613824,66944981,0,34504977,2860,0,0,0,0
182,13347861167049037999,9074521972228313027,33598,34664,34659,2965832,32058299,3961,51493,107225,107225,0,7184075,51493,3553017,2218496,48014378,0,32058299,0,0,0,0,0
183,3415214943306286275,13867494409271149955,40726,41788,41307,3093274,34629179,5828,75764,399752,399752,0,26783384,75764,5227716,2674432,72449292,0,34629179,0,0,0,0,0
184,1542034587360853647,15446538216244248719,40772,41835,41312,3125947,34754473,5815,75595,371784,371784,0,24909528,75595,5216055,2677440,70724755,0,34754473,0,0,0,0,0
185,7041236488380273089,13099322147041779053,38407,39469,39183,3087403,34040513,5106,66378,183421,183421,0,12289207,66378,4580082,2526016,56562404,0,34040513,0,0,0,0,0
186,6577698462137654446,8323917893503605736,41161,42223,41701,3132965,34766108,6007,78091,399376,399376,0,26758192,78091,5388279,2702272,72789517,0,34766108,0,0,0,0,0
187,11309444907707955184,16885509663951039723,11225,12267,14400,1423206,15180984,1004,13052,9097,9097,0,609499,13052,900588,785088,18913765,0,15180984,0,0,0,0,0
188,9315095082053299105,14841345286983210089,37193,38259,38050,3035800,33495826,4772,62036,185688,185688,0,12441096,62036,4280484,2448576,55739832,0,33495826,0,0,0,0,0
189,10441608174670523033,11011808356648366107,32781,33844,33873,2792339,31429853,3821,49673,69221,69221,0,4637807,49673,3427437,2166016,44487325,0,31429853,0,0,0,0,0
190,3211213526803787105,10357062484345137113,37797,38860,38617,3032447,33786935,4934,64142,288979,288979,0,19361593,64142,4425798,2487040,63132430,0,33786935,0,0,0,0,0
191,5014579224550413418,10035172834949067400,41386,42450,41906,3139719,34902764,6095,79235,478653,478653,0,32069751,79235,5467215,2716800,78338155,0,34902764,0,0,0,0,0
192,6776110149503520123,7083752154176144988,30641,31705,31786,2764938,29717818,3564,46332,286290,286290,0,19181430,46332,3196908,2029120,56922000,0,29717818,0,0,0,0,0
193,7437459860575075213,4812051224455040954,37136,38201,37994,2958301,33561840,4772,62036,147163,147163,0,9859921,62036,4280484,2444864,53143404,0,33561840,0,0,0,0,0
194,6415209840824992977,10220443444804829316,39316,40379,40025,3108158,34273317,5334,69342,325445,325445,0,21804815,69342,4784598,2584256,66595169,0,34273317,0,0,0,0,0
195,13482969421180024189,1214149485844130102,42061,43124,42453,3174723,34849373,6374,82862,522427,522427,0,35002609,82862,5717582,2759936,81546676,0,34847553,1820,0,0,0,0
196,9537082997228313597,15030035565446482472,40818,41880,41394,3108989,34669778,5848,76024,280575,280575,0,18798525,76024,5245656,2680320,64544662,0,34669778,0,0,0,0,0
197,10133171182378550604,5096247385397886315,41398,42460,41914,3118550,34901763,6096,79248,372894,372894,0,24983898,79248,5468112,2717440,71231677,0,34901763,0,0,0,0,0
198,4528660790043124283,11455974971819231587,32994,34056,34060,2965288,31453617,3909,50817,244030,244030,0,16350010,50817,3506373,2179584,56488932,0,31453617,0,0,0,0,0
199,16361428497044398582,11850576811592386646,39704,40767,40383,3009518,34295950,5456,70928,357237,357237,0,23934879,70928,4894032,2609088,68783850,0,34295950,0,0,0,0,0
200,14106406521528181157,7080199542366595564,41072,42134,41532,3183469,34643401,5920,76960,484576,484576,0,32466592,76960,5310240,2696576,78341810,0,34643401,0,2560,0,0,0
201,8559632108082708792,8239291362840322027,40803,41867,41384,3063704,34713146,5865,76245,257670,257670,0,17263890,76245,5260905,2679488,63022517,0,34713146,0,0,0,0,0
202,10235639668083527071,7031333035478191959,40977,42039,41539,3125334,34737794,5937,77181,451634,451634,0,30259478,77181,5325489,2690496,76180130,0,34737794,0,0,0,0,0
203,17337525345261072769,15646881610595170101,41112,42177,41662,3070939,34779329,6053,78689,506400,506400,0,33928800,78689,5429541,2699328,79949599,0,34779329,0,0,0,0,0
204,12097651746612328543,17890773269218254257,40459,41523,41074,3094004,34575736,5704,74152,396966,396966,0,26596722,74152,5116488,2657472,72081496,0,34575736,0,0,0,0,0
205,16676085119046435535,15013072009483874525,36492,37557,37391,3034575,33273071,4609,59917,109715,109715,0,7350905,59917,4134273,2403648,50233863,0,33273071,0,0,0,0,0
206,10866156254071543518,9906318147215904968,33380,34443,34453,2870968,32033300,3921,50973,148055,148055,0,9919685,50973,3517137,2204352,50579895,0,32033300,0,0,0,0,0
207,2718174764656399564,16194098459066165315,23859,24922,25482,2465276,26033865,2356,30628,49470,49470,0,3314490,30628,2113332,1595008,35547453,0,26033865,0,0,0,0,0
208,3631052024434557855,11037040095423205855,41168,42232,41712,3140128,34584108,5986,77818,497544,497544,0,33335448,77818,5369442,2702848,79173686,0,34584108,0,0,0,0,0
209,11941522460368476046,13908194514457902498,38930,39993,39672,3016279,34292024,5235,68055,142623,142623,0,9555741,68055,4695795,2559552,54159063,0,34292024,0,0,0,0,0
210,6554022297751810779,7958197456281126054,38474,39536,39247,3098677,34140158,5107,66391,336900,336900,0,22572300,66391,4580979,2530304,66961665,0,34140158,0,0,0,0,0
211,15494444564763743065,9159752534916920504,34879,35941,35873,2995859,32690983,4243,55159,152712,152712,0,10231704,55159,3805971,2300224,52060614,0,32690983,0,0,0,0,0
212,16050511539404471018,12917268637136329653,41695,42759,42044,3111421,34749858,6162,80106,506441,506441,0,33931547,80106,5527340,2736576,80098786,0,34749130,728,0,0,0,0
213,11999199269000501034,12564442278715217772,40180,41244,40818,3057934,34593637,5630,73190,347854,347854,0,23306218,73190,5050110,2639616,68688333,0,34593637,0,0,0,0,0
214,4650961466378577745,3448202317708461514,41406,42468,41922,3141084,34833110,6079,79027,511679,511679,0,34282493,79027,5452863,2717952,80469424,0,34833110,0,0,0,0,0
215,11043087000247889422,8193957176541453851,29490,30554,30765,2808333,29789383,3158,41054,61947,61947,0,4150449,41054,2832726,1955456,41567112,0,29789383,0,0,0,0,0
216,2029444969724355239,488691689131975455,33461,34525,34525,2872155,32032039,3968,51584,126506,126506,0,8475902,51584,3559296,2209600,49183517,0,32032039,0,0,0,0,0
217,3225973761914549284,10655336118788066480,8094,9144,11937,1149580,11817520,714,9282,6656,6656,0,445952,9282,640458,585216,14650663,0,11817520,0,0,0,0,0
218,16492979534452021254,16543480866156719309,28345,29410,29696,2761552,28955485,2970,38610,63681,63681,0,4266627,38610,2664090,1882240,40559690,0,28955485,0,0,0,0,0
219,1569666368328568087,4867392230202029205,40123,41186,40765,3026721,34509228,5603,72839,319169,319169,0,21384323,72839,5025891,2635904,66622832,0,34509228,0,0,0,0,0
220,16398644608846298513,2701887606515983039,41545,42608,42047,3238851,34839259,6143,79859,418404,418404,0,28033068,79859,5510271,2726912,74390408,0,34839259,0,0,0,0,0
221,13586422869136880805,14556489882492421217,35775,36839,36628,3006895,32731855,4450,57850,241767,241767,0,16198389,57850,3991650,2357696,58323113,0,32731855,0,0,0,0,0
222,15902998009659084682,15454916156942906304,40763,41826,41346,3104071,34670402,5841,75933,369386,369386,0,24748862,75933,5239377,2676864,70480922,0,34670402,0,0,0,0,0
223,9666295597485576539,16764621473967624016,41497,42559,42002,3127243,34672911,6134,79742,490481,490481,0,32862227,79742,5502198,2723776,78930357,0,34672911,0,0,0,0,0
224,7678739181936081838,14415212288215739177,37573,38638,38356,2991816,33681141,4876,63388,182955,182955,0,12257985,63388,4373772,2472832,55815902,0,33681141,0,0,0,0,0
225,9432103679564050389,4980625184169988479,16843,17905,19167,1815350,20412171,1583,20579,10314,10314,0,691038,20579,1419951,1145920,25503597,0,20412171,0,0,0,0,0
226,3446449457893232143,8986253718803070587,268,268,4543,0,0,0,0,0,0,0,0,0,0,17152,21695,0,0,0,0,0,0,0
227,15691641590656322157,8749229263130505845,38416,39478,39192,2939632,34117382,5098,66274,173437,173437,0,11620279,66274,4572906,2526592,55815983,0,34117382,0,0,0,0,0
228,9319254158117973237,903519986942246539,37633,38697,38463,2927482,33846033,4903,63739,150764,150764,0,10101188,63739,4397991,2476608,53787765,0,33846033,0,0,0,0,0
229,16336949934302145361,8316609961820954889,37277,38342,38129,2897888,33618091,4820,62660,130261,130261,0,8727487,62660,4323540,2453888,52059023,0,33618091,0,0,0,0,0
230,3281250192952145694,7195235229999917580,6108,7124,11119,854789,9766653,558,7254,5387,5387,0,360929,7254,500526,455936,11949952,0,9766653,0,0,0,0,0
231,8924819577034230883,13825481932254482092,34191,35253,35218,2879928,32415214,4113,53469,86746,86746,0,5811982,53469,3689361,2256192,47087895,0,32415214,0,0,0,0,0
232,11915416379263865831,384949111756493540,36503,37567,37409,2999138,33507201,4633,60229,259322,259322,0,17374574,60229,4155801,2404288,60478411,0,33507201,0,0,0,0,0
233,9653649054807012619,16885251415535719908,19583,20646,21180,2159672,22731085,1822,23686,69128,69128,0,4631576,23686,1634334,1321344,32499191,0,22731085,0,0,0,0,0
234,3138041299098866087,15849417364265759712,42259,43322,42628,3114198,34939814,6466,84058,509188,509188,0,34115596,84058,5800002,2772608,80784846,0,34939814,0,0,0,0,0
235,16753188377842897000,2728433029987132875,41251,42313,41746,3057328,34862971,6024,78312,389814,389814,0,26117538,78312,5403528,2708032,72191143,0,34862971,0,0,0,0,0
236,3328286086532902559,12971464107881059143,32596,33660,33710,2844571,31520658,3705,48165,133197,133197,0,8924199,48165,3323385,2154240,48800763,0,31520658,0,0,0,0,0
237,9275925105439090895,3372680258924738339,291,291,5495,0,0,0,0,0,0,0,0,0,0,18624,24119,0,0,0,0,0,0,0
238,8193784623427691163,7115968522621564155,40307,41369,40934,3077570,34626371,5675,73775,356899,356899,0,23912233,73775,5090475,2647616,69395199,0,34626371,0,0,0,0,0
239,1768736439080339367,10558052210428153711,41622,42685,42115,3196387,34951540,6200,80600,494859,494859,0,33155553,80600,5561400,2731840,79638835,0,34951540,0,0,0,0,0
240,6674779126626003031,13768328417642704931,3406,4267,8650,618589,4977830,264,3432,2791,2791,0,186997,3432,236808,273088,6301962,0,4977830,0,0,0,0,0
241,2122288897910369108,3299237890854922676,41322,42386,41831,3047305,34893391,6083,79079,420002,420002,0,28140134,79079,5456477,2712704,74291842,0,34892663,728,0,0,0,0
242,10099787963837597941,10339124551659812454,10429,11490,13133,1340355,14453855,927,12051,10027,10027,0,671809,12051,831519,735360,18046031,0,14453855,0,0,0,0,0
243,8346121696495311219,3171813825948000322,39547,40610,40238,3055580,34464885,5441,70733,325607,325607,0,21815669,70733,4880577,2599040,66855989,0,34464885,0,0,0,0,0
244,1084359330546719196,18128718178225437009,6359,7414,9044,972433,9155913,528,6864,8645,8645,0,579215,6864,473616,474496,11664717,0,9155913,0,0,0,0,0
245,8883599725883024343,11002074877562057161,37152,38218,37971,3072588,33619014,4776,62088,230111,230111,0,15417437,62088,4284072,2445952,58877034,0,33619014,0,0,0,0,0
246,4008051880738627984,14459588898743519670,41801,42863,42113,3045833,34793226,6190,80470,460836,460836,0,30876012,80470,5552430,2743232,77052846,0,34793226,0,0,0,0,0
247,15728654742979675289,13250174869641725996,274,274,5179,0,0,0,0,0,0,0,0,0,0,17536,22715,0,0,0,0,0,0,0
248,15816593517690241029,2800977842562213134,39134,40196,39856,3079926,34251490,5283,68679,243236,243236,0,16296812,68679,4738851,2572544,60979479,0,34251490,0,0,0,0,0
249,2208128961106589188,2606118932714617657,37994,39057,38802,3137733,33973199,4966,64558,181697,181697,0,12173699,64558,4454502,2499648,56277583,0,33973199,0,0,0,0,0
250,4857330096602240005,12159453612858042431,39795,40859,40467,3071067,34528689,5507,71591,298874,298874,0,20024558,71591,4939779,2614976,65219536,0,34528689,0,0,0,0,0
251,4665043783636201592,13017211699510722420,40517,41580,41125,3149738,34621145,5730,74490,335105,335105,0,22452035,74490,5139836,2661120,68064999,0,34620053,1092,0,0,0,0
252,15999134343165671571,5632230250015511560,39737,40800,40412,3071103,34455551,5504,71552,372299,372299,0,24944033,71552,4937088,2611200,70059387,0,34455551,0,0,0,0,0
253,7701222915981079604,3293954715358315015,28150,29213,29451,2815299,28880124,2938,38194,76386,76386,0,5117862,38194,2635386,1869632,41347754,0,28880124,0,0,0,0,0
254,13464825739442186896,8246058021133902604,19418,20482,21622,2107471,22686157,1831,23803,17717,17717,0,1187039,23803,1642407,1310848,28955544,0,22686157,0,0,0,0,0
255,3203300778566748,5785492379367987015,41340,42403,41865,3149824,34799648,6068,78884,305391,305391,0,20461197,78884,5443100,2713792,66609426,0,34796736,2912,0,0,0,0
256,3770740330407608811,11593671424157495591,42253,43316,42580,3141485,34995779,6443,83759,550375,550375,0,36875125,83759,5779371,2772224,83606564,0,34995779,0,0,0,0,0
257,1641173139798643780,1506785141273938096,26095,27157,27513,2671740,27523080,2658,34554,43839,43839,0,2937213,34554,2384226,1738048,37281820,0,27523080,0,0,0,0,0
258,811613262287202028,11955019994029081051,40142,41204,40783,3045802,34518640,5601,72813,202753,202753,0,13584451,72813,5024097,2637056,58850829,0,34518640,0,0,0,0,0
259,14740668173646600279,13309537726384659135,38460,39523,39228,2966488,33985328,5131,66703,112227,112227,0,7519209,66703,4602507,2529472,51642232,0,33985328,0,0,0,0,0
260,17579750161965797524,11361670073991240008,39740,40804,40416,3036397,34492016,5466,71058,249003,249003,0,16683201,71058,4903002,2611456,61766488,0,34492016,0,0,0,0,0
261,5236397370953051573,5412380164025586366,39817,40879,40482,3197222,34474453,5508,71604,319280,319280,0,21391760,71604,4940676,2616256,66660849,0,34474453,0,0,0,0,0
262,11221765615242657808,17661698930903386837,40783,41846,41302,3080917,34752055,5842,75946,421571,421571,0,28245257,75946,5240274,2678144,74037949,0,34752055,0,0,0,0,0
263,12974079008421453896,1948296800377661150,40829,41892,41407,2973872,34792004,5877,76401,364220,364220,0,24402740,76401,5271695,2681088,70162806,0,34790444,1560,0,0,0,0
264,1071668844152723214,1208113928173894247,39529,40592,40149,3094548,34335119,5401,70213,258461,258461,0,17316887,70213,4844697,2597888,62229288,0,34335119,0,0,0,0,0
265,13779499061222273634,1863435658318004686,37929,38991,38736,3046798,33843056,4978,64714,213683,213683,0,14316761,64714,4465266,2495424,58206041,0,33843056,0,0,0,0,0
266,15638715964544010036,2977539012741993297,38281,39345,39061,2956599,33962097,5091,66183,123542,123542,0,8277314,66183,4566627,2518080,52319778,0,33962097,0,0,0,0,0
267,3057382260254830443,11747293076854846449,41233,42296,41765,3132822,34698040,6032,78416,439472,439472,0,29444624,78416,5410704,2706944,75434899,0,34698040,0,0,0,0,0
268,8870918298014257224,18051224744993120782,40457,41520,41025,3057799,34668530,5719,74347,350046,350046,0,23453082,74347,5129943,2657280,69007659,0,34668530,0,0,0,0,0
269,18402386574753259472,17570283876732710525,30410,31472,31618,2819198,30279951,3304,42952,95464,95464,0,6396088,42952,2963688,2014208,44504751,0,30279951,0,0,0,0,0
270,15343315987897393952,7370458862223200914,2534,3157,14234,566210,3242941,176,2288,2369,2369,0,158723,2288,157872,202048,4342028,0,3242941,0,0,0,0,0
271,5538621780933029553,2950211366301047372,37303,38367,38155,3040643,33682012,4832,62816,231439,231439,0,15506413,62816,4334304,2455488,59057015,0,33682012,0,0,0,0,0
272,16521342504569641678,5343561646653188817,37165,38229,38020,3001351,33578818,4813,62569,135110,135110,0,9052370,62569,4317261,2446656,52434476,0,33578818,0,0,0,0,0
273,13522933415267144956,10911863746326494106,39659,40721,40339,3097200,34485334,5469,71097,251306,251306,0,16837502,71097,4905693,2606144,61972212,0,34485334,0,0,0,0,0
274,12496714450401978767,322205922198901594,36477,37542,37371,3050464,33106827,4596,59748,289640,289640,0,19405880,59748,4122612,2402688,62125842,0,33106827,0,0,0,0,0
275,15262024628088753753,5631166383217236024,35162,36225,36132,2972601,32634095,4303,55939,68978,68978,0,4621526,55939,3859791,2318400,46442545,0,32634095,0,0,0,0,0
276,6817758444646984927,7814173076904230168,31505,32567,32662,2882396,30995679,3578,46514,123414,123414,0,8268738,46514,3209466,2084288,47473229,0,30995679,0,0,0,0,0
277,13154974048115677183,3711724961475808256,41096,42159,41646,3058625,34749650,5972,77636,403361,403361,0,27025187,77636,5356884,2698176,72930168,0,34749650,0,0,0,0,0
278,2603540668350167723,9329798190077736508,38061,39123,38856,3038842,33911800,5032,65416,137510,137510,0,9213170,65416,4513730,2503872,53220270,0,33908940,2860,0,0,0,0
279,2713645569300799418,1724545345550310877,24679,25743,26195,2480412,26537654,2458,31954,36777,36777,0,2464059,31954,2204826,1647552,35360698,0,26537654,0,0,0,0,0
280,1397327276398224185,13931963019850612491,41575,42639,41999,3145272,34747349,6131,79703,475285,475285,0,31844095,79703,5499507,2728896,78007118,0,34747349,0,0,0,0,0
281,2766562979623221596,17310199523892426500,172,172,3209,0,0,0,0,0,0,0,0,0,0,11008,14217,0,0,0,0,0,0,0
282,3740357793740193724,11127915756620121507,39167,40230,39879,3047397,34237866,5326,69238,171774,171774,0,11508858,69238,4777422,2574720,56186142,0,34237866,0,0,0,0,0
283,10845892320993320138,10095491693303702698,39774,40838,40388,3056316,34294026,5513,71669,400968,400968,0,26864856,71669,4945161,2613632,71814379,0,34294026,0,0,0,0,0
284,7620709682983035298,8671651747174168995,40803,41867,41383,3026384,34685976,5850,76050,397603,397603,0,26639401,76050,5247450,2679488,72320082,0,34685976,0,0,0,0,0
285,18420680668191183962,2190245066011824058,41740,42802,42216,3224402,34881470,6269,81497,481168,481168,0,32238256,81497,5623319,2739328,78748991,0,34880742,728,0,0,0,0
286,2325670906741872318,2932370390555099679,38238,39300,39028,3031553,34049561,5028,65364,187277,187277,0,12547559,65364,4510116,2515200,56693017,0,34049561,0,0,0,0,0
287,5357299776179764107,3920371048730631983,42075,43137,42510,3145891,34981232,6426,83538,515769,515769,0,34556523,83538,5764122,2760768,81251046,0,34981232,0,0,0,0,0
288,15309077097523702307,3848686530299140951,40440,41502,41003,3077104,34669973,5700,74100,346260,346260,0,23199420,74100,5112900,2656128,68756528,0,34669973,0,0,0,0,0
289,6687752009926031224,14342466247756464436,41796,42860,42185,3121228,34831849,6217,80821,466211,466211,0,31236137,80821,5576649,2743040,77551088,0,34831849,0,0,0,0,0
290,16741065566866901963,17290245346803647884,41941,43005,42398,3124873,34784620,6340,82420,548660,548660,0,36760220,82420,5686980,2752320,83151411,0,34784620,0,0,0,0,0
291,7248189349028393822,15737116640884721357,39629,40694,40318,3144869,34500843,5457,70941,307911,307911,0,20630037,70941,4894929,2604416,65815412,0,34500843,0,0,0,0,0
292,9704385120430894647,6031114413898164429,41914,42976,42285,3167704,34942037,6284,81692,470910,470910,0,31550970,81692,5636748,2750464,78090208,0,34942037,0,0,0,0,0
293,3844575062029217760,9170219803539385634,39344,40406,40051,3008900,34334417,5353,69589,259919,259919,0,17414573,69589,4801641,2585984,62185566,0,34334417,0,0,0,0,0
294,6776863253534648972,10435877813941030881,31726,32790,32883,2782896,30935983,3597,46761,55599,55599,0,3725133,46761,3226509,2098560,42801964,0,30935983,0,0,0,0,0
295,15558819834572950855,14218941868678451109,38488,39551,39259,3089553,34038069,5097,66261,189787,189787,0,12715729,66261,4572009,2531264,56985883,0,34038069,0,0,0,0,0
296,14098591494167229446,5989376415264597264,37285,38349,38138,3053591,33540559,4794,62322,212434,212434,0,14233078,62322,4300218,2454336,57619920,0,33540559,0,0,0,0,0
297,16684938710822976118,17257975781106190901,40181,41245,40818,3136983,34560721,5632,73216,379565,379565,0,25430855,73216,5051904,2639680,70860961,0,34560721,0,0,0,0,0
298,13863884631187765155,16158584587142630905,41519,42582,41945,3125021,34802755,6108,79404,502943,502943,0,33697181,79404,5478876,2725248,79871026,0,34802755,0,0,0,0,0
299,1143358531381596915,5261741016097000221,41436,42498,41948,3097484,34853741,6127,79651,462107,462107,0,30961169,79651,5495919,2719872,77170133,0,34853741,0,0,0,0,0
300,16983893493988057144,10547037379531117094,39455,40518,40153,3082968,34435830,5407,70291,200843,200843,0,13456481,70291,4850079,2593152,58458663,0,34435830,0,0,0,0,0
301,1724518686776498143,12345625233637673278,40678,41741,41226,3043847,34627970,5778,75114,401497,401497,0,26900299,75114,5182866,2671424,72467632,0,34627970,0,0,0,0,0
302,8538896548090692507,11476233216775073514,41370,42433,41824,3011532,34823646,6056,78728,485820,485820,0,32549940,78728,5432232,2715712,78574886,0,34823646,0,0,0,0,0
303,5414849337552919299,3999666577308628726,41372,42435,41890,3203780,34897577,6104,79352,432765,432765,0,28995255,79352,5475288,2715840,75329630,0,34897577,0,0,0,0,0
304,5753652621297339322,3915965014802840203,40067,41130,40717,2935228,34552687,5610,72930,360464,360464,0,24151088,72930,5032196,2632320,69344236,0,34551595,1092,0,0,0,0
305,13959956551240721426,3741425696857813882,13618,14681,15938,1542374,17514939,1229,15977,12097,12097,0,810499,15977,1102413,939584,21925747,0,17514939,0,0,0,0,0
306,5951885681511492754,6542502912826058247,41471,42533,41979,3105107,34926827,6151,79963,431122,431122,0,28885174,79963,5517447,2722112,75198646,0,34926827,0,0,0,0,0
307,14096157529361104145,6569635787287180949,39502,40565,40189,3094457,34285589,5428,70564,388957,388957,0,26060119,70564,4868916,2596160,70945430,0,34285589,0,0,0,0,0
308,10995625614851936462,6950738094732830728,39364,40426,40071,3065602,34417903,5370,69810,228609,228609,0,15316803,69810,4816890,2587264,60244533,0,34417903,0,0,0,0,0
309,2482182704636653382,10104693727598757017,40482,41545,41092,3122431,34608535,5751,74763,410848,410848,0,27526816,74763,5158647,2658880,73116401,0,34608535,0,0,0,0,0
310,5441177358497796648,13954766467866216378,39913,40976,40574,3102111,34489013,5526,71838,208825,208825,0,13991275,71838,4956822,2622464,59202259,0,34489013,0,0,0,0,0
311,10594619803076971035,9119474583077129898,37971,39033,38776,3033850,33959757,4992,64896,154724,154724,0,10366508,64896,4477824,2498112,54374827,0,33959757,0,0,0,0,0
312,6087995028302807018,7880013623741571835,41583,42646,42079,3067275,34943623,6191,80483,463547,463547,0,31057649,80483,5553327,2729344,77393297,0,34943623,0,0,0,0,0
313,13157498791441590363,15424292367306605315,39296,40359,40007,3087276,34386937,5355,69615,322920,322920,0,21635640,69615,4803435,2582976,66536271,0,34386937,0,0,0,0,0
314,4140354337515438600,18077851505513851272,38982,40045,39720,2998124,34177091,5211,67743,207536,207536,0,13904912,67743,4674267,2562880,58356994,0,34177091,0,0,0,0,0
315,8790324440253869243,5279116714665666640,40128,41191,40738,3041163,34493979,5574,72462,372447,372447,0,24953949,72462,4999878,2636224,70165931,0,34493979,0,0,0,0,0
316,16033494607729759540,7667915094425055471,38442,39506,39214,3079916,34118214,5136,66768,146724,146724,0,9830508,66768,4606992,2528384,54203228,0,34118214,0,0,0,0,0
317,8752774043967305422,11449885034954060762,10361,11423,12980,1305009,14109030,900,11700,13453,13453,0,901351,11700,807300,731072,17866742,0,14109030,0,0,0,0,0
318,1617876536608997945,5731813688328998444,37559,38624,38342,3018648,33846189,4931,64103,234879,234879,0,15736893,64103,4423107,2471936,59535115,0,33846189,0,0,0,0,0
319,11783616977204820698,6985039572837061153,42111,43173,42541,3187098,34973744,6450,83850,545168,545168,0,36526256,83850,5785650,2763072,83278361,0,34973744,0,0,0,0,0
320,6559492945288675383,5337011497229669821,40076,41140,40725,3149557,34553636,5586,72618,262195,262195,0,17567065,72618,5010642,2632960,62954585,0,34553636,0,0,0,0,0
321,12305242939273486517,15599086108363239615,40401,41464,41018,3134924,34599396,5728,74464,337710,337710,0,22626570,74464,5138016,2653696,68193620,0,34599396,0,0,0,0,0
322,12908446579899175636,3156590284762386376,39949,41011,40580,3064913,34586994,5565,72345,252016,252016,0,16885072,72345,4991909,2624704,62194172,0,34578414,8580,0,0,0,0
323,16901059007659922422,9734628091030769953,39350,40414,40054,3048673,34298537,5366,69758,231115,231115,0,15484705,69758,4813302,2586496,60271767,0,34298537,0,0,0,0,0
324,4922858970751481929,16126035374291535575,41233,42298,41734,3049429,34702161,6017,78221,471367,471367,0,31581589,78221,5397249,2707072,77479234,0,34702161,0,0,0,0,0
325,3362611848888048773,6362670672328270513,41465,42528,41976,3157818,34841911,6125,79625,426990,426990,0,28608330,79625,5494125,2721792,74865952,0,34841911,0,0,0,0,0
326,7122687477757991286,3474675196808305828,41705,42768,42188,3129924,34792823,6241,81133,496389,496389,0,33258063,81133,5598177,2737152,79558327,0,34792823,0,0,0,0,0
327,6923307926486974913,5147259662232877942,40829,41892,41403,3162727,34693360,5866,76258,375077,375077,0,25130159,76258,5261802,2681088,70970539,0,34693360,0,0,0,0,0
328,14543759518216842298,7439737646637638471,40155,41218,40768,3147379,34626072,5634,73242,339166,339166,0,22724122,73242,5053698,2637952,68229991,0,34626072,0,0,0,0,0
329,3526120906025846912,2463920764420611332,37342,38405,38189,3099267,33712653,4809,62517,215276,215276,0,14423492,62517,4313673,2457920,58045194,0,33712653,0,0,0,0,0
330,13105054135411926411,6989798718944266944,39803,40866,40475,3083221,34458710,5489,71357,302181,302181,0,20246127,71357,4923659,2615424,65367616,0,34456565,2145,0,0,0,0
331,10428491862727895118,7659091452287278377,37404,38466,38247,3037584,33775794,4858,63154,138041,138041,0,9248747,63154,4357626,2461824,52919822,0,33775794,0,0,0,0,0
332,13804446188507661559,8939308683032685797,41621,42684,42079,3006321,34893950,6203,80639,487835,487835,0,32684945,80639,5564091,2731776,78923162,0,34893950,0,0,0,0,0
333,6396824164812931943,7003166169122271197,39256,40320,39893,3049254,34330842,5312,69056,377097,377097,0,25265499,69056,4764864,2580480,70030832,0,34330842,0,0,0,0,0
334,10148263954741301844,4186276319997746374,37921,38984,38733,3045502,33852481,4944,64272,189210,189210,0,12677070,64272,4434768,2494976,56543530,0,33852481,0,0,0,0,0
335,3477990544745926582,6510059384096988355,29455,30519,30703,2769613,29728725,3168,41184,99791,99791,0,6685997,41184,2841696,1953216,44009950,0,29728725,0,0,0,0,0
336,13231701053928365568,4672569768871439808,39579,40642,40264,3029700,34460088,5458,70954,306546,306546,0,20538582,70954,4895852,2601088,65565574,0,34458528,1560,0,0,0,0
337,8844698145932292901,356680768898288890,39961,41024,40617,3040962,34566363,5563,72319,294331,294331,0,19720177,72319,4990011,2625536,64983666,0,34566363,0,0,0,0,0
338,7161356552888137975,7094107007632600994,41606,42671,42053,3089960,34859227,6165,80145,495058,495058,0,33168886,80145,5530005,2730944,79421075,0,34859227,0,0,0,0,0
339,9014024295874841266,14729555240847733191,41702,42765,42186,3125556,34779823,6234,81042,485363,485363,0,32519321,81042,5591898,2736960,78795744,0,34779823,0,0,0,0,0
340,17895031192751868333,14177045599436239241,28898,29961,30172,2734345,29399474,3045,39585,88347,88347,0,5919249,39585,2731365,1917504,42732109,0,29399474,0,0,0,0,0
341,2340664882219996466,4624622375021950132,30632,31696,31829,2771332,30402697,3374,43862,61030,61030,0,4089010,43862,3026478,2028544,42349890,0,30402697,0,0,0,0,0
342,7116460092147018339,11183403862490742472,41815,42878,42208,3202913,34660886,6236,81068,526730,526730,0,35290910,81068,5593692,2744192,81534801,0,34660886,0,0,0,0,0
343,6425910566914326932,16345361684584426391,39607,40670,40293,3132265,34396271,5460,70980,264169,264169,0,17699323,70980,4897620,2602880,62768652,0,34396271,0,0,0,0,0
344,11395165012870455550,9924946683217262458,39055,40117,39783,3064165,34269144,5296,68848,234471,234471,0,15709557,68848,4750512,2567488,60400649,0,34269144,0,0,0,0,0
345,17247030730836401119,12619946077831099126,29199,30262,30479,2816823,29468049,3152,40976,58962,58962,0,3950454,40976,2827344,1936768,41029917,0,29468049,0,0,0,0,0
346,1608737169501613661,14310926772850536020,35759,36825,36712,2985416,33239219,4466,58058,115871,115871,0,7763357,58058,4006002,2356800,50387506,0,33239219,0,0,0,0,0
347,8420435434763283906,2305286421631187853,36716,37779,37602,2959664,33359911,4654,60502,130707,130707,0,8757369,60502,4174638,2417856,51707040,0,33359911,0,0,0,0,0
348,7751020590824769062,7928853285845219144,40975,42040,41539,3051925,34810334,5921,76973,388333,388333,0,26018311,76973,5311137,2690560,71923806,0,34810334,0,0,0,0,0
349,10076714415002727144,13145072171422862015,40764,41827,41346,3126458,34646898,5836,75868,414436,414436,0,27767212,75868,5234918,2676928,73493760,0,34646170,728,0,0,0,0
350,2316314060922452570,2284863017281181638,38924,39987,39665,3088660,34207056,5214,67782,166486,166486,0,11154562,67782,4676958,2559168,55726069,0,34207056,0,0,0,0,0
351,17346309421587384437,18114273979029771776,39673,40735,40351,3064590,34432736,5467,71071,272711,272711,0,18271637,71071,4903925,2607040,63320279,0,34429876,2860,0,0,0,0
352,5618283887926634834,8978968968445057449,40376,41439,40997,3106582,34527272,5700,74100,452505,452505,0,30317835,74100,5112900,2652096,75757682,0,34527272,0,0,0,0,0
353,1741893628392994921,15657785686096550235,39945,41007,40603,3156234,34558290,5538,71994,348343,348343,0,23338981,71994,4967586,2624448,68686142,0,34558290,0,0,0,0,0
354,18413925335902144717,9180690439686411093,40500,41565,41101,3145770,34545732,5778,75114,400717,400717,0,26848039,75114,5182866,2660160,72423668,0,34545732,0,0,0,0,0
355,16005990868985157326,14205015154376875312,30643,31707,31838,2830610,30441385,3409,44317,61248,61248,0,4103616,44317,3057873,2029248,42494570,0,30441385,0,0,0,0,0
356,6465015771908170466,4358950977695832681,39201,40265,39920,3007211,34363199,5332,69316,167139,167139,0,11198313,69316,4782804,2576960,55968407,0,34363199,0,0,0,0,0
357,495767760681170683,14606865748842678817,679121,719071,39625,3058870,34080514,5250,68250,303444,303444,0,20330748,68250,4709250,46020544,108239551,0,34080514,0,0,0,0,0
358,13530568621071155745,5776040473859641667,28203,29268,29541,2772632,28976948,2952,38376,48119,48119,0,3223973,38376,2647944,1873152,39524190,0,28976948,0,0,0,0,0
359,15911894628510580952,6733593639639638168,39995,41057,40600,3132402,34556223,5537,71981,355586,355586,0,23824262,71981,4966715,2627648,69147850,0,34554663,1560,0,0,0,0
360,5936062968502369941,11855293702265060250,39090,40155,39815,2978239,34298485,5293,68809,201105,201105,0,13474035,68809,4747821,2569920,58108315,0,34298485,0,0,0,0,0
361,827533562775635043,10346946323051349946,41792,42854,42218,3221950,34840221,6252,81276,477693,477693,0,32005431,81276,5608044,2742656,78460520,0,34840221,0,0,0,0,0
362,1690680366174861028,10715693618684154025,40309,41371,40871,3056838,34627749,5672,73736,342068,342068,0,22918556,73736,5087784,2647744,68379542,0,34627749,0,0,0,0,0
363,14990777107357529582,16010065771376944700,40076,41139,40724,3149519,34545615,5584,72592,302860,302860,0,20291620,72592,5008848,2632896,65669222,0,34545615,0,0,0,0,0
364,10336128685871639787,510113737611174704,29222,30286,30569,2712888,29566966,3159,41067,45822,45822,0,3070074,41067,2833623,1938304,40152424,0,29566966,0,0,0,0,0
365,15386045912607527958,16207672152472067045,40223,41286,40856,3107601,34431605,5625,73125,283889,283889,0,19020563,73125,5045651,2642304,64288580,0,34430513,1092,0,0,0,0
366,10032110502621901227,4741055502983839497,36884,37948,37763,2989803,33572526,4706,61178,77520,77520,0,5193840,61178,4221282,2428672,48443886,0,33572526,0,0,0,0,0
367,10886039042393577701,14998822087726895547,40427,41490,41041,3136577,34619182,5720,74360,396321,396321,0,26553507,74360,5130840,2655360,72136507,0,34619182,0,0,0,0,0
368,4111006824975653637,13091533511762783757,40068,41131,40716,3082763,34477573,5596,72748,314472,314472,0,21069624,72748,5019612,2632384,66322672,0,34477573,0,0,0,0,0
369,12800907589272181664,11547107235760742818,17803,18867,20383,1923013,21550815,1685,21905,11334,11334,0,759378,21905,1511445,1207488,26972522,0,21550815,0,0,0,0,0
370,1030511573090924673,5630384734535338696,41043,42105,41523,3097990,34552986,5915,76895,453815,453815,0,30405605,76895,5305781,2694720,76098605,0,34552258,728,0,0,0,0
371,11665036513581345583,5781047853309597540,39925,40988,40587,3095687,34492094,5518,71734,229170,229170,0,15354390,71734,4949672,2623232,60555662,0,34490534,1560,0,0,0,0
372,6555245369104209958,16517376273135220913,41035,42098,41539,3071612,34685794,5941,77233,411129,411129,0,27545643,77233,5329077,2694272,73367937,0,34685794,0,0,0,0,0
373,9649092195353702410,9923687596761898572,36707,37769,37594,2940892,33519122,4682,60866,74589,74589,0,4997463,60866,4199754,2417216,48112041,0,33519122,0,0,0,0,0
374,8615633371099511029,8334097456100142338,30810,31873,31997,2828555,30392414,3408,44304,99669,99669,0,6677823,44304,3056976,2039872,45027637,0,30392414,0,0,0,0,0
375,7981025633021996910,3046884397463147451,32700,33763,33782,2901192,31293938,3834,49842,241158,241158,0,16157586,49842,3439098,2160832,55986428,0,31293938,0,0,0,0,0
376,9756468082363137711,13409340896817965687,41360,42424,41882,3182048,34817406,6078,79014,384997,384997,0,25794799,79014,5451966,2715136,72003237,0,34817406,0,0,0,0,0
377,1033546085767362993,10105049834803127221,18888,19950,21110,2167252,22360351,1792,23296,22971,22971,0,1539057,23296,1607424,1276800,28971994,0,22360351,0,0,0,0,0
378,17013198029483872255,14521102862528342721,41035,42098,41518,3067941,34614983,5908,76804,439931,439931,0,29475377,76804,5299476,2694272,75193567,0,34614983,0,0,0,0,0
379,7924636822148307953,4902961094533791871,40717,41780,41243,3077276,34515975,5788,75244,424270,424270,0,28426090,75244,5191836,2673920,73926340,0,34515975,0,0,0,0,0
380,3429177957817664556,7150988660324080744,42164,43227,42591,3158191,34919014,6454,83902,504209,504209,0,33782003,83902,5789238,2766528,80457565,0,34919014,0,0,0,0,0
381,8836541309807211882,3497652152569718297,679121,722260,42513,3226539,34980556,6420,83460,556645,556645,0,37295215,83460,5758844,46224640,127528307,0,34978736,1820,0,0,0,0
382,194329892924134526,2966115498685582672,39627,40690,40309,3039153,34325018,5453,70889,235465,235465,0,15776155,70889,4891341,2604160,60676136,0,34325018,0,0,0,0,0
383,15927840561515873385,2354283854300199406,39418,40482,40122,3040077,34419437,5370,69810,160638,160638,0,10762746,69810,4816890,2590848,55670120,0,34419437,0,0,0,0,0
384,1714640194027356427,16481047165389432538,30550,31613,31751,2700614,30443803,3386,44018,69322,69322,0,4644574,44018,3037242,2023232,42881216,0,30443803,0,0,0,0,0
385,5571179394855000109,7608192901690950340,41130,42193,41675,3115064,34755617,5988,77844,375144,375144,0,25134648,77844,5371236,2700352,71118592,0,34755617,0,0,0,0,0
386,18446277066557159431,13140538790590215852,40133,41199,40779,3095519,34531913,5615,72995,318142,318142,0,21315514,72995,5036655,2636736,66657116,0,34531913,0,0,0,0,0
387,14676111944367553443,2818668049614739188,41675,42740,42087,3177700,34908692,6205,80665,495673,495673,0,33210091,80665,5565885,2735360,79639815,0,34908692,0,0,0,0,0
388,14517266541666166170,13167075417714475265,37541,38605,38376,3049903,33721142,4886,63518,220475,220475,0,14771825,63518,4382742,2470720,58434708,0,33721142,0,0,0,0,0
389,6007782047786219109,3036606019736959043,41952,43014,42368,3144361,34975226,6320,82160,498549,498549,0,33402783,82160,5669144,2752896,79986778,0,34970858,4368,0,0,0,0
390,9858856608974879866,5427979593257500090,31462,32526,32623,2772552,30939233,3539,46007,56195,56195,0,3765065,46007,3174483,2081664,42765620,0,30939233,0,0,0,0,0
391,10134772219675911659,5847081515508855850,40881,41944,41453,3115913,34730995,5886,76518,378092,378092,0,25332164,76518,5279768,2684416,71184709,0,34730267,728,0,0,0,0
392,11336868354215367152,7021009401841321609,41535,42597,42037,3145385,34658494,6140,79820,509759,509759,0,34153853,79820,5507606,2726208,80233583,0,34657402,1092,0,0,0,0
393,3410027770555825282,8015169696008872524,41772,42835,42202,3124326,34972925,6272,81536,463124,463124,0,31029308,81536,5625984,2741440,77536185,0,34972925,0,0,0,0,0
394,10379314241001012241,17254280823595804974,37056,38119,37923,2970352,33611188,4725,61425,136787,136787,0,9164729,61425,4238325,2439616,52462133,0,33611188,0,0,0,0,0
395,1560318013821850022,17454578939050273519,39215,40278,39932,3155796,34356790,5320,69160,286569,286569,0,19200123,69160,4772040,2577792,64102473,0,34356790,0,0,0,0,0
396,17344265790979834870,13026098333113515458,25392,26457,26862,2547007,26941343,2537,32981,31195,31195,0,2090065,32981,2275689,1693248,35574214,0,26941343,0,0,0,0,0
397,12769934649302990837,245985807588305976,35164,36228,36145,2789688,32940830,4336,56368,140582,140582,0,9418994,56368,3889392,2318592,51393641,0,32940830,0,0,0,0,0
398,6398205110736970597,14294849113187848122,39578,40640,40267,3028494,34412365,5426,70538,297315,297315,0,19920105,70538,4867122,2600960,64869313,0,34412365,0,0,0,0,0
399,2137413210345420363,15191934662275982882,23688,24751,25148,2461416,25838995,2322,30186,53609,53609,0,3591803,30186,2082834,1584064,35584260,0,25838995,0,0,0,0,0
400,13069900385805486314,3085252738202608511,41429,42492,41944,3127517,34675732,6111,79443,484700,484700,0,32474900,79443,5481671,2719488,78521252,0,34673912,1820,2560,0,0,0
401,7685803444848007117,8414950631966531801,41598,42662,42091,3077440,34867677,6194,80522,434715,434715,0,29125905,80522,5556018,2730368,75399499,0,34867677,0,0,0,0,0
402,12354328562408914120,12851204203648651010,40785,41850,41368,3086791,34763118,5835,75855,293969,293969,0,19695923,75855,5234021,2678400,65499621,0,34762026,1092,0,0,0,0
403,85486659316954491,13397426102367268562,36453,37515,37354,2944971,33373626,4601,59813,113200,113200,0,7584400,59813,4127097,2400960,50468408,0,33373626,0,0,0,0,0
404,4939214230347250310,3369239709756051935,41106,42169,41655,3144627,34847098,5984,77792,415217,415217,0,27819539,77792,5367648,2698816,73919383,0,34847098,0,0,0,0,0
405,18326939756265711023,15864643783097911715,39587,40651,40272,3075283,34306636,5436,70668,346439,346439,0,23211413,70668,4876092,2601664,68111360,0,34306636,0,0,0,0,0
406,14726782303244805428,4201899676060045844,41050,42112,41604,3105247,34836295,5962,77506,403121,403121,0,27009107,77506,5347914,2695168,73035335,0,34836295,0,0,0,0,0
407,6633970300822632282,7907631952282189581,38700,39762,39401,3002060,33952880,5179,67327,258457,258457,0,17316619,67327,4645589,2544768,61501317,0,33950735,2145,0,0,0,0
408,12886322652531324118,4185298942575568976,42299,43363,42708,3194750,35071400,6534,84942,546110,546110,0,36589370,84942,5860998,2775232,83534458,0,35071400,0,0,0,0,0
409,8852455229358511103,12794125605669113460,36550,37612,37342,2952523,33206693,4596,59748,253664,253664,0,16995488,59748,4122612,2407168,59721826,0,33206693,0,0,0,0,0
410,18218687001777857725,10422024295315433934,19912,20974,21635,2156827,23092160,1893,24609,22891,22891,0,1533697,24609,1698021,1342336,29844676,0,23092160,0,0,0,0,0
411,5564210727052958579,2151273557390348094,40740,41804,41323,3107853,34644974,5829,75777,219848,219848,0,14729816,75777,5228613,2675456,60428035,0,34644974,0,0,0,0,0
412,9268306062013901773,6725155318049472964,32302,33364,33452,2969401,31410587,3710,48230,69105,69105,0,4630035,48230,3327870,2135296,44506641,0,31410587,0,0,0,0,0
413,7914704162904444320,13067537503174356799,39525,40587,40216,3224512,34390135,5405,70265,375108,375108,0,25132236,70265,4848285,2597568,70232952,0,34390135,0,0,0,0,0
414,12863108643027427748,2807882615204264536,39976,41040,40630,3136176,34465873,5593,72709,334314,334314,0,22399038,72709,5016921,2626560,67685198,0,34465873,0,0,0,0,0
415,12590165484947485333,18248211600420634266,37267,38332,38120,2968802,33600489,4806,62478,141704,141704,0,9494168,62478,4310982,2453248,52865809,0,33600489,0,0,0,0,0
416,2354886570752595358,3407335579007887275,40948,42011,41507,3106577,34689187,5910,76830,443770,443770,0,29732590,76830,5301270,2688704,75559835,0,34689187,0,0,0,0,0
417,8633022409243365598,9973336956662552166,39578,40641,40268,3046918,34481694,5450,70850,266129,266129,0,17830643,70850,4888650,2601024,62889197,0,34481694,0,0,0,0,0
418,6784217945924264218,14569055914573086863,30069,31132,31286,2834418,29799666,3277,42601,141012,141012,0,9447804,42601,2939469,1992448,47045091,0,29799666,0,0,0,0,0
419,636490959658542657,17813889829792230781,33975,35039,35140,2729832,32283979,4046,52598,42566,42566,0,2851922,52598,3629262,2242496,43772631,0,32283979,0,0,0,0,0
420,17217193322115751102,9350258290650473220,39644,40707,40237,3047795,34389368,5494,71422,417084,417084,0,27944628,71422,4928118,2605248,72955394,0,34389368,0,0,0,0,0
421,2100097450899767168,6880695525070139155,39919,40982,40579,3102109,34312512,5548,72124,390087,390087,0,26135829,72124,4976556,2622848,71190433,0,34312512,0,0,0,0,0
422,13583728563436965157,7947499410179592405,41149,42211,41694,3109553,34831251,5994,77922,450420,450420,0,30178140,77922,5376618,2701504,76238760,0,34831251,0,0,0,0,0
423,17683035363040016650,13788360910636579760,42092,43154,42522,3204125,34960536,6426,83538,507327,507327,0,33990909,83538,5764226,2761856,80724174,0,34956168,4368,0,0,0,0
424,7102203555229228412,9524066181891347735,41714,42777,42070,3153737,34783320,6170,80210,458436,458436,0,30715212,80210,5534490,2737728,76966557,0,34783320,0,0,0,0,0
425,6982770138324009442,5827723019285772358,41751,42815,42230,3126928,34941270,6239,81107,474489,474489,0,31790763,81107,5596383,2740160,78237734,0,34941270,0,0,0,0,0
426,7701813474468396498,9920310661024247679,9982,11044,12864,1362682,13512122,866,11258,6547,6547,0,438649,11258,776802,706816,16809935,0,13512122,0,0,0,0,0
427,12934325797014543013,17295923561283553897,39836,40898,40504,3072731,34458385,5513,71669,287781,287781,0,19281327,71669,4945161,2617472,64415580,0,34458385,0,0,0,0,0
428,13533348533935223626,6077993639269645348,41009,42071,41483,3091089,34765627,5916,76908,418085,418085,0,28011695,76908,5306652,2692544,73909090,0,34765627,0,0,0,0,0
429,9232305410201898069,5991133113791817354,21779,22843,23480,2291592,24481379,2089,27157,19295,19295,0,1292765,27157,1873833,1461952,31425001,0,24481379,0,0,0,0,0
430,5927513165180261834,4335446063192964763,41527,42589,42030,3054466,34838453,6143,79859,463481,463481,0,31053227,79859,5510297,2725696,77224169,0,34837998,455,0,0,0,0
431,1564002562644355952,6543002870578071032,40966,42029,41485,3102843,34772829,5904,76752,464295,464295,0,31107765,76752,5295888,2689856,77010666,0,34772829,0,0,0,0,0
432,16502892708404031661,7953378264749997742,41937,43000,42393,3092150,34840949,6325,82225,541310,541310,0,36267770,82225,5673525,2752000,82668787,0,34840949,0,0,0,0,0
433,13755743583511438817,1930470711547427912,38416,39479,39196,3094916,34020415,5068,65884,209645,209645,0,14046215,65884,4545996,2526656,58273394,0,34020415,0,0,0,0,0
434,8575881770625394766,1166268987783194229,39242,40307,39924,3013330,34306857,5340,69420,313266,313266,0,20988822,69420,4789980,2579648,65718561,0,34306857,0,0,0,0,0
435,12930422413085855894,2838271912427244336,41222,42284,41760,3108098,34816171,6028,78364,457136,457136,0,30628112,78364,5407116,2706176,76707433,0,34816171,0,0,0,0,0
436,16527980111456244306,5167733695340044553,39531,40595,40223,3122915,34334144,5399,70187,184145,184145,0,12337715,70187,4842903,2598080,57275980,0,34334144,0,0,0,0,0
437,12827618175221192457,2927046148187850955,37611,38674,38435,2941225,33747870,4905,63765,200026,200026,0,13401742,63765,4399785,2475136,57004193,0,33747870,0,0,0,0,0
438,1640052262248284527,4173952685243241879,39866,40929,40530,3060278,34433542,5519,71747,295529,295529,0,19800443,71747,4950543,2619456,64904792,0,34433542,0,0,0,0,0
439,1842505506550913104,1529657377699334636,38720,39782,39472,2999736,34126261,5157,67041,177538,177538,0,11895046,67041,4625829,2546048,56232392,0,34126261,0,0,0,0,0
440,862577383826786802,4664751051738540365,41008,42071,41567,3019422,34767629,5931,77103,366199,366199,0,24535333,77103,5320107,2692544,70376602,0,34767629,0,0,0,0,0
441,15704067235076084581,2966384361889457191,37868,38932,38684,3127093,33820761,4937,64181,155420,155420,0,10413140,64181,4428489,2491648,54319815,0,33820761,0,0,0,0,0
442,11039836456983717512,13624082014719447564,40311,41377,40938,3066647,34611408,5718,74334,325692,325692,0,21821364,74334,5129072,2648128,67317557,0,34610316,1092,0,0,0,0
443,8429990098390160991,11482487585985055384,40795,41858,41300,3067173,34615802,5826,75738,391041,391041,0,26199747,75738,5225922,2678912,71828856,0,34615802,0,0,0,0,0
444,402001745080597206,4851388789217519097,31321,32385,32490,2867362,30779866,3506,45578,61552,61552,0,4123984,45578,3144882,2072640,43021224,0,30779866,0,0,0,0,0
445,6832657854039499684,5855329510182430726,37837,38900,38650,3043411,33804537,4941,64233,170400,170400,0,11416800,64233,4432077,2489600,55225075,0,33804537,0,0,0,0,0
446,4264903550742556352,15254643147540730621,40496,41558,41098,3149827,34509566,5749,74737,438673,438673,0,29391091,74737,5156957,2659712,74908251,0,34500986,8580,0,0,0,0
447,7215959946105249024,16909848124592599346,41033,42097,41591,3170107,34827247,5937,77181,364579,364579,0,24426793,77181,5325515,2694208,70485461,0,34825687,1560,0,0,0,0
448,10321603544327011239,4806894911590092590,39297,40361,40008,3085233,34222019,5345,69485,230866,230866,0,15468022,69485,4794465,2583104,60192851,0,34222019,0,0,0,0,0
449,9205100931856832500,2516952009587044989,41022,42086,41408,3110962,34680451,5855,76115,499316,499316,0,33454172,76115,5251935,2693504,79232432,0,34680451,0,0,0,0,0
450,6528348096878753853,16256485131393376591,41805,42868,42273,3140328,34984638,6312,82056,491676,491676,0,32942292,82056,5661864,2743552,79514947,0,34984638,0,0,0,0,0
451,4323231653390056700,11441640007471454912,39397,40460,40034,2980236,34258250,5413,70369,387314,387314,0,25950038,70369,4855461,2589440,70673459,0,34258250,0,0,0,0,0
452,9508430182063585858,15955974876741316437,38444,39507,39214,2919450,33956520,5105,66365,99478,99478,0,6665026,66365,4579185,2528448,50687843,0,33956520,0,0,0,0,0
453,15808358453286145616,7811074376164586530,41151,42214,41669,3066757,34836009,6005,78065,406561,406561,0,27239587,78065,5386485,2701696,73272203,0,34836009,0,0,0,0,0
454,2426662229176337751,1261735060384458986,41980,43054,42342,3152774,34567585,6308,82004,510205,510205,0,34183735,82004,5658276,2755456,80360168,0,34567585,0,0,0,0,0
455,12145149183643533602,2470951536865706431,38541,39605,39309,2978935,34085480,5151,66963,114014,114014,0,7638938,66963,4620447,2534720,51897829,0,34085480,0,0,0,0,0
456,6288330280080448374,11656313082821154650,38160,39223,38953,2867385,34008702,5023,65299,116472,116472,0,7803624,65299,4505631,2510272,51734567,0,34008702,0,0,0,0,0
457,13220811111560496290,1138910336511537343,39545,40609,40236,3015848,34363485,5412,70356,175158,175158,0,11735586,70356,4854564,2598976,56608695,0,34363485,0,0,0,0,0
458,17070344243938455497,13830445048197207637,41693,42756,42018,3203909,34786596,6128,79664,485538,485538,0,32531046,79664,5496816,2736384,78796769,0,34786596,0,0,0,0,0
459,11054334560361028485,11112202771062093699,35612,36675,36407,3062094,32698549,4468,58084,314685,314685,0,21083895,58084,4007796,2347200,63235941,0,32698549,0,0,0,0,0
460,9257505739477936285,5416279434376797341,41166,42228,41707,3118790,34855015,6003,78039,375134,375134,0,25133978,78039,5384691,2702592,71236773,0,34855015,0,0,0,0,0
461,9357522388781342737,8248430554709840983,37856,38919,38675,3007178,33945808,4926,64038,177554,177554,0,11896118,64038,4418622,2490816,55797217,0,33945808,0,0,0,0,0
462,2436701624206805372,972246781749910608,41593,42658,42091,3091065,34949694,6198,80574,471522,471522,0,31591974,80574,5559632,2730112,77964568,0,34949239,455,0,0,0,0
463,10125862693187976394,15721934028420053501,33611,34675,34673,2929930,32185673,3997,51961,113365,113365,0,7595455,51961,3585309,2219200,48550240,0,32185673,0,0,0,0,0
464,11147650712621638095,17142240343276686513,856,856,16165,0,0,0,0,0,0,0,0,0,0,54784,70949,0,0,0,0,0,0,0
465,14690643096254490349,14902246832454778787,33993,35055,35035,2936152,32333600,4035,52455,160426,160426,0,10748542,52455,3619395,2243520,51916244,0,32333600,0,0,0,0,0
466,16147600754798846308,5807748709795962692,9441,10503,12232,1099381,12809771,801,10413,10434,10434,0,699078,10413,718497,672192,16011151,0,12809771,0,0,0,0,0
467,6452645926150258700,5723284607855735587,39565,40629,40253,3128849,34393866,5442,70746,208048,208048,0,13939216,70746,4881500,2600256,58983940,0,34392306,1560,0,0,0,0
468,17295410370606523762,2066086576097609362,41475,42538,41986,3091246,34902231,6154,80002,459698,459698,0,30799766,80002,5520138,2722432,77077799,0,34902231,0,0,0,0,0
469,1055117917312492432,16026818943030780337,39645,40709,40327,3177303,34295482,5440,70720,339017,339017,0,22714139,70720,4879680,2605376,67712307,0,34295482,0,0,0,0,0
470,10671692971768197741,3291162561266746003,7381,8424,11446,1075375,10412272,609,7917,8054,8054,0,539618,7917,546273,539136,13124120,0,10412272,0,0,0,0,0
471,9336058891440692173,7067359663261617981,40628,41691,41226,3084778,34645117,5793,75309,362390,362390,0,24280130,75309,5196321,2668224,69915796,0,34645117,0,0,0,0,0
472,12633703443406934305,13898646289414061391,40522,41584,41128,3132284,34521786,5738,74594,327404,327404,0,21936068,74594,5146986,2661376,67439628,0,34521786,0,0,0,0,0
473,6744315282971989660,6498598665258592224,40986,42050,41548,3018440,34826337,5947,77311,427138,427138,0,28618246,77311,5334459,2691200,74530230,0,34826337,0,0,0,0,0
474,3245961272664703122,9946041324599655469,38255,39318,39043,3006440,34066409,5060,65780,191902,191902,0,12857434,65780,4538820,2516352,57024498,0,34066409,0,0,0,0,0
475,4236320961268233163,14733009617636635693,38240,39305,39030,3160031,33978412,5053,65689,167529,167529,0,11224443,65689,4532541,2515520,55449977,0,33978412,0,0,0,0,0
476,9351004130392739992,8486950168453641702,41554,42616,41974,3114393,34747908,6119,79547,487619,487619,0,32670473,79547,5488743,2727424,78790915,0,34747908,0,0,0,0,0
477,17028271449931766306,10848122146508832719,38474,39537,39185,3066037,33906444,5146,66898,314611,314611,0,21078937,66898,4615962,2530368,65236933,0,33906444,0,0,0,0,0
478,3184308700634912726,3329899305769807170,39730,40792,40409,3073679,34445450,5490,71370,403716,403716,0,27048972,71370,4924530,2610688,72143728,0,34445450,0,0,0,0,0
479,18372444470292275173,3579590825454118696,40151,41215,40790,3102208,34455070,5614,72982,350777,350777,0,23502059,72982,5035758,2637760,68773645,0,34455070,0,0,0,0,0
480,9250875971031251573,4477988380733232366,41554,42618,42057,3088007,34840026,6141,79833,422651,422651,0,28317617,79833,5508477,2727552,74523736,0,34840026,0,0,0,0,0
481,2499737935806342049,1114125005653871668,40061,41124,40705,3001274,34592545,5621,73073,239193,239193,0,16025931,73073,5042037,2631936,61334428,0,34592545,0,0,0,0,0
482,8005150474762001738,5733053559622119921,41192,42255,41694,3201396,34863387,6036,78468,489090,489090,0,32769030,78468,5414292,2704320,78994119,0,34863387,0,0,0,0,0
483,13862453793831045576,2099972936873703610,33971,35034,34845,2953511,31590702,4092,53196,329610,329610,0,22083870,53196,3670524,2242176,62575628,0,31590702,0,0,0,0,0
484,16727794210000097239,757113430313866054,38129,39191,38884,3044413,33910344,4995,64935,236336,236336,0,15834512,64935,4480515,2508224,59816892,0,33910344,0,0,0,0,0
485,8505568299410626855,8415107637573783622,37865,38930,38683,2987600,33878247,4964,64532,170684,170684,0,11435828,64532,4452708,2491520,55284586,0,33878247,0,0,0,0,0
486,6706435875522853583,6948433125682028174,37422,38486,38267,2901503,33644481,4806,62478,135160,135160,0,9055720,62478,4310982,2463104,52414057,0,33644481,0,0,0,0,0
487,4658475360475669991,4124787604852629502,16555,17619,18753,1971198,20262866,1535,19955,17423,17423,0,1167341,19955,1376895,1127616,25924669,0,20262866,0,0,0,0,0
488,8346525333782740961,15034549447699229088,39559,40623,40249,3156020,34318947,5437,70681,315387,315387,0,21130929,70681,4876989,2599872,66123006,0,34318947,0,0,0,0,0
489,16538745875297726597,6847591514724524206,41183,42247,41703,3147145,34742565,6005,78065,457497,457497,0,30652299,78065,5386485,2703808,76674005,0,34742565,0,0,0,0,0
490,7330059832843171160,86123676959179557,36892,37954,37769,3020636,33427186,4697,61061,142087,142087,0,9519829,61061,4213209,2429056,52647685,0,33427186,0,0,0,0,0
491,5799913425808020461,16174090749241555115,39352,40414,40058,3049439,34310328,5353,69589,312297,312297,0,20923899,69589,4801641,2586496,65711861,0,34310328,0,0,0,0,0
492,11576783333258463119,16271719603802867143,37114,38177,37977,2961521,33503743,4733,61529,207701,207701,0,13915967,61529,4245501,2443328,57108037,0,33503743,0,0,0,0,0
493,13988369725958645690,14158319484250377382,26492,27554,27860,2626257,27810900,2701,35113,68152,68152,0,4566184,35113,2422797,1763456,39217454,0,27810900,0,0,0,0,0
494,5898872008016334193,1746255145263829884,36866,37930,37749,2943424,33604116,4700,61100,110121,110121,0,7378107,61100,4215900,2427520,50606816,0,33604116,0,0,0,0,0
495,15822893775796851788,11815255012873757323,41495,42558,42004,3188600,34840442,6138,79794,462824,462824,0,31009208,79794,5505786,2723712,77309752,0,34840442,0,0,0,0,0
496,16281339674383222854,8244097601339821662,40905,41970,41477,3179564,34715109,5879,76427,477352,477352,0,31982584,76427,5273489,2686080,77878303,0,34714654,455,0,0,0,0
497,7937224572244188468,11558729391643768793,39143,40206,39865,3064937,34225282,5283,68679,152626,152626,0,10225942,68679,4738851,2573184,54868061,0,34225282,0,0,0,0,0
498,2472945768402643684,11950289729280754794,38654,39717,39378,2991606,34195694,5151,66963,283498,283498,0,18994366,66963,4620447,2541888,63383379,0,34195694,0,0,0,0,0
499,18318652739687993667,2217448632330241938,30131,31194,31342,2657654,29881527,3305,42965,57994,57994,0,3885598,42965,2964585,1996416,41417122,0,29881527,0,0,0,0,0
500,3770895321614423100,10618612768874432061,41745,42807,42181,3155573,34873449,6224,80912,503484,503484,0,33733428,80912,5582928,2739648,80127207,0,34873449,0,0,0,0,0
501,12278608987047259568,1259560395184871782,36128,37194,37059,3044847,33285278,4489,58357,192865,192865,0,12921955,58357,4026633,2380416,55696188,0,33285278,0,0,0,0,0
502,1072940585732709761,15784556539348246968,30322,31385,31529,2799650,30193046,3336,43368,66730,66730,0,4470910,43368,2992392,2008640,42496167,0,30193046,0,0,0,0,0
503,18034076125913544045,11291032676390790778,40702,41766,41235,3159355,34667737,5832,75816,359444,359444,0,24082748,75816,5231408,2673024,69855507,0,34663369,4368,0,0,0,0
504,16033599779080455186,3942083300940021927,41038,42100,41593,3149596,34759478,5937,77181,321596,321596,0,21546932,77181,5325619,2694400,67517618,0,34754382,5096,0,0,0,0
505,10339549290442410553,15614093670076556781,30819,31882,31998,2849195,30484532,3482,45266,75777,75777,0,5077059,45266,3123354,2040448,43606586,0,30484532,0,0,0,0,0
506,15253381621617792018,8665236872977132092,40552,41615,41157,3031340,34724014,5762,74906,245680,245680,0,16460560,74906,5168540,2663360,62088971,0,34722922,1092,0,0,0,0
507,8437527690273272990,4150323200538051205,41047,42110,41604,3088117,34835047,5944,77272,353025,353025,0,23652675,77272,5331768,2695040,69644251,0,34835047,0,0,0,0,0
508,10092416097232429819,2843508664259847997,40264,41326,40892,3171891,34545004,5647,73411,397572,397572,0,26637324,73411,5065359,2644864,72105334,0,34545004,0,0,0,0,0
509,15846737518840069779,14741305994458893589,37763,38825,38586,2954073,33926568,4932,64116,148205,148205,0,9929735,64116,4424004,2484800,53757766,0,33926568,0,0,0,0,0
510,17534456451358536111,3708211007192885297,26670,27735,28081,2725168,27905267,2746,35698,43211,43211,0,2895137,35698,2463162,1775040,37791855,0,27905267,0,0,0,0,0
511,11873213722005862356,4081836860959624914,41833,42895,42300,3125000,34901659,6313,82069,502793,502793,0,33687131,82069,5662865,2745280,80164235,0,34898747,2912,0,0,0,0
512,14486592820706631026,6797613288946592559,29534,30596,30773,2801694,29578679,3179,41327,123751,123751,0,8291317,41327,2851563,1958144,45512170,0,29578679,0,0,0,0,0
513,4025204711630103363,17765112397826845815,16586,17651,18711,1991164,20054268,1510,19630,19448,19448,0,1303016,19630,1354470,1129664,25851293,0,20054268,0,0,0,0,0
514,3828652574031787416,16154582526321369916,34308,35371,35332,2860363,32452316,4114,53482,76618,76618,0,5133406,53482,3690258,2263744,46435419,0,32452316,0,0,0,0,0
515,11313400724548692022,7707747997781978833,38565,39628,39283,3049977,34154913,5111,66443,275963,275963,0,18489521,66443,4584567,2536192,62854453,0,34154913,0,0,0,0,0
516,11638525164681218160,8896115213884502466,37249,38313,38097,3067578,33514247,4805,62465,121904,121904,0,8167568,62465,4310085,2452032,51549607,0,33514247,0,0,0,0,0
517,7716935903689708717,15306103844841269532,39231,40293,39947,3065386,34369335,5324,69212,331292,331292,0,22196564,69212,4775628,2578752,67025612,0,34369335,0,0,0,0,0
518,4058011865849492032,13939355355731598023,41717,42780,42152,3111392,34737196,6193,80509,494331,494331,0,33120177,80509,5555121,2737920,79303958,0,34737196,0,0,0,0,0
519,9066656729121781112,14528250421775902340,37246,38308,38101,2916276,33742878,4815,62595,184803,184803,0,12381801,62595,4319055,2451712,55849823,0,33742878,0,0,0,0,0
520,546857205464664645,10856301570145447358,41060,42122,41614,3201594,34582834,5939,77207,455509,455509,0,30519103,77207,5327283,2695808,76368236,0,34582834,0,0,0,0,0
521,4034299698145399307,15229638548459539002,40844,41911,41374,3069228,34526440,5844,75972,432477,432477,0,28975959,75972,5242068,2682304,74537373,0,34526440,0,0,0,0,0
522,17476387217748300711,879928261743629222,29608,30670,30936,2848460,29868826,3188,41444,49913,49913,0,3344171,41444,2859636,1962880,40914909,0,29868826,0,0,0,0,0
523,10697020065405924224,10130278626578927117,42007,43071,42455,3143295,34952450,6401,83213,530946,530946,0,35573382,83213,5741801,2756544,82209927,0,34950630,1820,0,0,0,0
524,15931168935008656396,4592290657160576126,41708,42770,42142,3151670,34823178,6183,80379,487931,487931,0,32691377,80379,5546151,2737280,78991798,0,34823178,0,0,0,0,0
525,17786954505656660641,17553473263598314372,40831,41893,41407,3116302,34792134,5881,76453,357938,357938,0,23981846,76453,5275283,2681152,69888124,0,34791406,728,0,0,0,0
526,12029076610089283439,5225432783559662788,34277,35341,35305,2960046,32516523,4135,53755,120597,120597,0,8079999,53755,3709095,2261824,49562792,0,32516523,0,0,0,0,0
527,5819353566424271941,14046771203636798438,31365,32427,32543,2866258,30877691,3475,45175,42886,42886,0,2873362,45175,3117075,2075328,41842257,0,30877691,0,0,0,0,0
528,16016040061679728463,2261488248272301274,41720,42783,42201,3184180,34918949,6238,81094,497549,497549,0,33335783,81094,5595486,2738112,79814711,0,34918949,0,0,0,0,0
529,8536439472106739349,14034771328188012720,40265,41328,40896,2965950,34569288,5646,73398,358875,358875,0,24044625,73398,5064462,2644992,69330213,0,34569288,0,0,0,0,0
530,2176703079267279479,6222282370769885720,40999,42061,41558,3058316,34824686,5935,77155,375406,375406,0,25152202,77155,5323799,2691904,71092465,0,34818446,6240,0,0,0,0
531,6369700480421593747,4474839884423216236,37072,38135,37939,3052032,33533734,4719,61347,246907,246907,0,16542769,61347,4232943,2440640,59840057,0,33533734,0,0,0,0,0
532,2730986519077290424,3822407986819342051,41927,42990,42383,3169823,34947848,6337,82381,513121,513121,0,34379107,82381,5684289,2751360,80974810,0,34947848,0,0,0,0,0
533,12849045245733171294,33534945419774142,40663,41727,41255,3069707,34651149,5809,75517,361258,361258,0,24204286,75517,5210673,2670528,69847598,0,34651149,0,0,0,0,0
534,7832465412992783714,10686194295474488775,16747,17810,18973,1865180,20576491,1555,20215,15228,15228,0,1020276,20215,1394835,1139840,26015595,0,20576491,0,0,0,0,0
535,7497195367722180584,6100338770374019732,36179,37242,37099,3033166,33242898,4531,58903,199014,199014,0,13333938,58903,4064307,2383488,56094896,0,33242898,0,0,0,0,0
536,8227261731462856155,5527246421086519444,679121,721457,41806,3189823,34718346,6039,78507,466521,466521,0,31256907,78507,5416983,46173248,120797113,0,34718346,0,0,0,0,0
537,17485264431857448076,1482226281496930759,40780,41844,41362,3124118,34610511,5843,75959,331416,331416,0,22204872,75959,5241197,2678016,67900076,0,34608951,1560,0,0,0,0
538,4825051417355408953,8627870634937411549,23923,24988,25434,2452304,25891827,2351,30563,38236,38236,0,2561812,30563,2108847,1599232,34639456,0,25891827,0,0,0,0,0
539,2335761521077289282,6873145610101513708,35568,36630,36513,3009184,32933030,4419,57447,120952,120952,0,8103784,57447,3963843,2344320,50390674,0,32933030,0,0,0,0,0
540,5336102852231288255,9691678115240896768,41588,42651,42086,3224734,34797633,6176,80288,527299,527299,0,35329033,80288,5539872,2729664,81663022,0,34797633,0,0,0,0,0
541,8879022569292388333,15023935061540084910,39756,40818,40426,3135807,34429122,5510,71630,295599,295599,0,19805133,71630,4942470,2612352,64965310,0,34429122,0,0,0,0,0
542,3361348252604213287,12056153300320930110,40157,41221,40751,3070791,34543912,5613,72969,394421,394421,0,26426207,72969,5034887,2638144,71754692,0,34541767,2145,0,0,0,0
543,10122067216521551917,4189471345221191444,39217,40281,39931,3105475,34349107,5347,69511,250399,250399,0,16776733,69511,4796259,2577984,61645489,0,34349107,0,0,0,0,0
544,9493247934603932636,13512764101591511079,38016,39079,38822,2997407,33977190,4971,64623,200706,200706,0,13447302,64623,4458987,2501056,57420764,0,33977190,0,0,0,0,0
545,10146694556736176973,1250765802986136425,40387,41449,41007,3093060,34688524,5709,74217,371993,371993,0,24923531,74217,5120973,2652736,70519831,0,34688524,0,0,0,0,0
546,8003997507413352174,14601475483233226460,31843,32906,33043,2869857,31199155,3619,47047,47117,47117,0,3156839,47047,3246243,2105984,42611121,0,31199155,0,0,0,0,0
547,6603960482610020736,10175893207350623687,40937,42000,41458,3120602,34723351,5893,76609,446627,446627,0,29924009,76609,5286047,2688000,75783467,0,34722623,728,0,0,0,0
548,17211681883597533513,2066012383376528869,40725,41788,41268,3061238,34706100,5806,75478,380869,380869,0,25518223,75478,5208008,2674432,71209269,0,34705008,1092,0,0,0,0
549,17389524673632328608,7800411151420840342,38197,39260,38992,2964852,34056282,5021,65273,171412,171412,0,11484604,65273,4503837,2512640,55561207,0,34056282,0,0,0,0,0
550,12080290410387591241,4631293495394377196,29631,30694,30898,2802121,29806270,3197,41561,71110,71110,0,4764370,41561,2867709,1964416,42235784,0,29806270,0,0,0,0,0
551,7652851813370030783,4960817407635589740,41528,42591,41979,3104720,34865662,6134,79742,519454,519454,0,34803418,79742,5502198,2725824,81043801,0,34865662,0,0,0,0,0
552,14065052034159838740,17011513443400916163,41055,42119,41607,3056332,34756033,5965,77545,415987,415987,0,27871129,77545,5350631,2695616,73771348,0,34755305,728,0,0,0,0
553,674705352967029218,12448072160037665570,39907,40971,40571,3199599,34465691,5539,72007,293971,293971,0,19696057,72007,4968483,2622144,64992545,0,34465691,0,0,0,0,0
554,7019131355554111573,9858118421280283112,42113,43175,42479,3153560,34932690,6398,83174,535694,535694,0,35891498,83174,5739136,2763200,82522563,0,34929323,3367,0,0,0,0
555,5872738573094656266,18383203963956490845,9005,10057,12680,1158305,11962899,731,9503,9279,9279,0,621693,9503,655707,643648,15054932,0,11962899,0,0,0,0,0
556,1055675410619155363,1637254770442031909,38829,39891,39577,3082823,34251282,5199,67587,288510,288510,0,19330170,67587,4663503,2553024,63920379,0,34251282,0,0,0,0,0
557,12147048754990568428,11282959607205883350,39915,40978,40578,2986982,34475415,5535,71955,220451,220451,0,14770217,71955,4964895,2622592,59860679,0,34475415,0,0,0,0,0
558,12436428953288854489,16837924097927159932,40337,41399,40919,3089900,34427224,5824,75712,470960,470960,0,31554320,75712,5224128,2649536,76986027,0,34427224,0,0,0,0,0
559,2655781743932671180,1954843205782732063,35899,36963,36825,2914074,32984796,4506,58578,95307,95307,0,6385569,58578,4041882,2365632,48728778,0,32984796,0,0,0,0,0
560,11828024577298976742,11525888813681285186,19105,20167,20953,2207609,22262890,1789,23257,25742,25742,0,1724714,23257,1604733,1290688,29111587,0,22262890,0,0,0,0,0
561,15502345197839159256,4182268435451599409,37998,39063,38802,3046157,33810491,4961,64493,196609,196609,0,13172803,64493,4450017,2500032,57018302,0,33810491,0,0,0,0,0
562,14752344490270890083,7021006005466462293,19280,20338,21255,2078493,22335222,1806,23478,20769,20769,0,1391523,23478,1619982,1301632,28748107,0,22335222,0,0,0,0,0
563,14608729376926156580,18437829627042708838,39364,40427,40072,3067735,34419736,5369,69797,365875,365875,0,24513625,69797,4815993,2587328,69444489,0,34419736,0,0,0,0,0
564,3354891253350968017,3377920520313041400,41168,42232,41709,3100300,34602204,6011,78143,371349,371349,0,24880383,78143,5391919,2702848,70719363,0,34600657,1547,0,0,0,0
565,16685265364716975585,844356231132363270,40198,41262,40801,3098415,34550386,5632,73216,339544,339544,0,22749448,73216,5052008,2640768,68131826,0,34546018,4368,0,0,0,0
566,14842864649018849840,2210573490343041413,39261,40323,39976,3061105,34309990,5319,69147,280064,280064,0,18764288,69147,4771143,2580672,63527174,0,34309990,0,0,0,0,0
567,5928217834996158424,7138027314132704394,40780,41843,41361,3171089,34708921,5856,76128,400828,400828,0,26855476,76128,5252832,2677952,72707631,0,34708921,0,0,0,0,0
568,17434504922175953168,9710844928083121461,38626,39689,39384,3042000,34052564,5202,67626,205733,205733,0,13784111,67626,4666194,2540096,58124349,0,34052564,0,0,0,0,0
569,7117658762721286890,3764946894157613340,41077,42140,41557,3076276,34778224,5951,77363,451825,451825,0,30272275,77363,5338047,2696960,76203339,0,34778224,0,0,0,0,0
570,10203736539240994775,3061780863673954632,38611,39674,39374,3044472,34112871,5155,67015,301261,301261,0,20184487,67015,4624035,2539136,64544375,0,34112871,0,0,0,0,0
571,11098166362092074578,2740551384970626393,40064,41128,40632,3081188,34299772,5549,72137,379775,379775,0,25444925,72137,4977453,2632192,70476162,0,34299772,0,0,0,0,0
572,1573018371868451774,8431965404724663688,41099,42163,41648,3056146,34771490,5983,77779,449656,449656,0,30126952,77779,5366751,2698432,76061419,0,34771490,0,0,0,0,0
573,11132766719071366564,16864684341497862163,37804,38868,38572,3046071,33772414,4918,63934,193598,193598,0,12971066,63934,4411446,2487552,56727121,0,33772414,0,0,0,0,0
574,14938748621248242089,12114020525670308697,40315,41380,40837,3104574,34367203,5637,73281,392990,392990,0,26330330,73281,5056389,2648320,71547653,0,34367203,0,0,0,0,0
575,15141505710327569973,11100609951996122915,41655,42719,42145,3130659,34961836,6220,80860,457725,457725,0,30667575,80860,5579444,2734016,77115675,0,34958924,2912,0,0,0,0
576,2522339944516760991,5496995116052564479,40146,41208,40785,3097042,34539362,5603,72839,236987,236987,0,15878129,72839,5025891,2637312,61218521,0,34539362,0,0,0,0,0
577,3519511175855033996,14365059771449097512,38492,39555,39266,2990910,34133242,5086,66118,208961,208961,0,14000387,66118,4562142,2531520,58257467,0,34133242,0,0,0,0,0
578,11175799046987977717,12361548059700877402,41612,42677,42084,3173372,34870212,6177,80301,517644,517644,0,34682148,80301,5540769,2731328,81039913,0,34870212,0,0,0,0,0
579,12691594996910402128,344466236393507469,39943,41006,40600,3081615,34536125,5557,72241,309592,309592,0,20742664,72241,4984655,2624384,66010043,0,34534565,1560,0,0,0,0
580,824957630077728200,8292714424518333242,41368,42432,41889,3181572,34819148,6109,79417,455391,455391,0,30511197,79417,5479903,2715648,76749357,0,34815781,3367,0,0,0,0
581,8963110194823669978,2528759567673357867,39242,40304,39957,3081463,34282872,5326,69238,293437,293437,0,19660279,69238,4777422,2579456,64421449,0,34282872,0,0,0,0,0
582,1689853167416151756,6499398239549448788,35486,36548,36442,2962761,32957873,4377,56901,96292,96292,0,6451564,56901,3926169,2339072,48673881,0,32957873,0,0,0,0,0
583,12705560270689399401,15898021484841765826,39179,40244,39900,3072439,34042528,5317,69121,261961,261961,0,17551387,69121,4769349,2575616,62051219,0,34042528,0,0,0,0,0
584,6679314516838931322,2346399211857136011,40911,41973,41462,3096920,34706087,5891,76583,389016,389016,0,26064072,76583,5284227,2686272,71879040,0,34706087,0,0,0,0,0
585,205395166280809722,6847871900023254530,41845,42909,42293,3118951,34667490,6297,81861,510421,510421,0,34198207,81861,5648409,2746176,80421526,0,34667490,0,0,0,0,0
586,17711132199357655307,2456977405722387606,40501,41565,41112,3103116,34713549,5731,74503,289671,289671,0,19407957,74503,5140941,2660160,65066835,0,34699873,13676,0,0,0,0
587,5798949640987736678,13454506702855301823,24438,25501,26017,2453959,26457054,2421,31473,24666,24666,0,1652622,31473,2171637,1632064,34393353,0,26457054,0,0,0,0,0
588,3595770880642699403,10758061775254332935,17529,18592,19443,1994808,20961122,1611,20943,24729,24729,0,1656843,20943,1445067,1189888,27267171,0,20961122,0,0,0,0,0
589,8980185292352069850,6400209470120888174,40582,41644,41163,3138765,34623030,5746,74698,440406,440406,0,29507202,74698,5154162,2665216,75129538,0,34623030,0,0,0,0,0
590,1599472825661372013,10734987627005193304,40897,41960,41468,3170761,34803106,5897,76661,408617,408617,0,27377339,76661,5289609,2685440,73367723,0,34803106,0,0,0,0,0
591,861103738198066900,16479487322364318595,41471,42534,41982,3165815,34833110,6141,79833,458504,458504,0,30719768,79833,5508477,2722176,76991328,0,34833110,0,0,0,0,0
592,6278244716791771529,13777593739691147657,7877,8934,10576,1092721,11659583,702,9126,9620,9620,0,644540,9126,629694,571776,14608890,0,11659583,0,0,0,0,0
593,11997336858890284665,14252076997100490447,38692,39755,39451,3049701,34114899,5159,67067,243437,243437,0,16310279,67067,4627623,2544320,60686273,0,34114899,0,0,0,0,0
594,4205818518984144585,11712819959018657341,42004,43066,42449,3068612,34740043,6386,83018,488577,488577,0,32734659,83018,5728268,2756224,79070255,0,34739588,455,0,0,0,0
595,6066573667813954280,1757411923530807542,23658,24722,25475,2560307,25837110,2328,30264,22809,22809,0,1528203,30264,2088216,1582208,33621519,0,25837110,0,0,0,0,0
596,14609244935628395091,9851084483439647262,19460,20520,21243,2191856,22371739,1828,23764,15775,15775,0,1056925,23764,1639716,1313280,28594759,0,22371739,0,0,0,0,0
597,1903729602926661768,15112913261840339073,37020,38083,37840,2954702,33559760,4790,62270,316917,316917,0,21233439,62270,4296630,2437312,64519683,0,33559760,0,0,0,0,0
598,6375076593606782234,5862565523523289920,30123,31185,31393,2883556,30182698,3290,42770,40407,40407,0,2707269,42770,2951130,1995840,40751886,0,30182698,0,0,0,0,0
599,14100832679551978938,5934152636289852701,38988,40052,39723,3043144,34202545,5236,68068,192454,192454,0,12894418,68068,4696692,2563328,57439850,0,34202545,0,0,0,0,0
600,2124410564241919280,17686594631268813390,38178,39241,38973,3093294,34046207,5071,65923,209539,209539,0,14039113,65923,4548687,2511424,58277698,0,34046207,0,2560,0,0,0
601,10157325067802047470,10925330366732238419,41530,42593,42010,3149645,34915270,6158,80054,432996,432996,0,29010732,80054,5523726,2725952,75367335,0,34915270,0,0,0,0,0
602,1388868243517417457,13727534151944332833,41022,42084,41525,3111538,34738171,5909,76817,453359,453359,0,30375053,76817,5300373,2693376,76260036,0,34738171,0,0,0,0,0
603,11455655323498358508,10877701297452920962,41395,42458,41905,3082428,34780343,6144,79872,523111,523111,0,35048437,79872,5511298,2717312,81181723,0,34775247,5096,0,0,0,0
604,9196076904294381006,13799177890091203343,21271,22334,22946,2347298,24046399,2032,26416,30807,30807,0,2064069,26416,1822704,1429376,31732792,0,24046399,0,0,0,0,0
605,11261183002884324459,11579464549762348527,40130,41193,40770,3013515,34576828,5627,73151,316920,316920,0,21233640,73151,5047419,2636352,66548524,0,34576828,0,0,0,0,0
606,16935248220436306587,16527509678751000583,39452,40516,40150,3004542,34326994,5405,70265,358223,358223,0,24000941,70265,4848285,2593024,68813936,0,34326994,0,0,0,0,0
607,8665111219771671266,746826052528572446,40719,41782,41306,3158448,34668777,5818,75634,335236,335236,0,22460812,75634,5218850,2674048,68222241,0,34664409,4368,0,0,0,0
608,12344316843894040173,17422445005758692464,34378,35442,35398,2935392,32393608,4114,53482,134915,134915,0,9039305,53482,3690258,2268288,50362249,0,32393608,0,0,0,0,0
609,15442102946810924202,11412256090342198253,9706,10769,12211,1306591,13260728,836,10868,10038,10038,0,672546,10868,749892,689216,16691184,0,13260728,0,0,0,0,0
610,13260056475735686285,4496111522415770711,41098,42162,41650,3062195,34657766,5971,77623,428351,428351,0,28699517,77623,5355987,2698368,74515483,0,34657766,0,0,0,0,0
611,339397576250903691,9370641775723779223,30205,31267,31449,2826525,30204018,3295,42835,41994,41994,0,2813598,42835,2955615,2001088,40832293,0,30204018,0,0,0,0,0
612,221151923736725493,12692036270898707153,40188,41251,40826,3051458,34635666,5637,73281,327225,327225,0,21924075,73281,5056389,2640064,67348478,0,34635666,0,0,0,0,0
613,2441542289270940247,5779684091336869349,39789,40854,40462,3048597,34470579,5497,71461,363010,363010,0,24321670,71461,4930809,2614656,69426773,0,34470579,0,0,0,0,0
614,2745968620229765810,16524562767159982568,40639,41701,41233,3056395,34740199,5808,75504,397466,397466,0,26630222,75504,5209776,2668864,72346689,0,34740199,0,0,0,0,0
615,4713182381626846574,13766654445358089053,40927,41990,41495,3139345,34687432,5886,76518,365035,365035,0,24457345,76518,5279742,2687360,70292719,0,34687432,0,0,0,0,0
616,1993988078026143436,11924175691212350062,38545,39607,39311,2970540,34147412,5124,66612,186249,186249,0,12478683,66612,4596228,2534848,56767022,0,34147412,0,0,0,0,0
617,16003950986342310521,3134731417163780364,40864,41927,41438,3098935,34740485,5883,76479,467148,467148,0,31298916,76479,5277051,2683328,77140153,0,34740485,0,0,0,0,0
618,1448929979945337566,12745087476487611449,39712,40776,40391,3096202,34411169,5463,71019,280322,280322,0,18781574,71019,4900311,2609664,63839311,0,34411169,0,0,0,0,0
619,378026172324453297,11473586377980812483,39533,40597,40228,3021721,34477274,5442,70746,321699,321699,0,21553833,70746,4881474,2598208,66572738,0,34477274,0,0,0,0,0
620,11784367204706456919,4617033734874652823,39582,40646,40236,3141970,34326422,5455,70915,348187,348187,0,23328529,70915,4893135,2601344,68331636,0,34326422,0,0,0,0,0
621,5371584818921580350,2383185212503462994,32598,33661,33709,2868215,31477186,3731,48503,109630,109630,0,7345210,48503,3346707,2154304,47225331,0,31477186,0,0,0,0,0
622,8390587683762868493,10129950718371388192,40462,41525,41074,3015413,34629543,5765,74945,345556,345556,0,23152252,74945,5171205,2657600,68667087,0,34629543,0,0,0,0,0
623,5057135895183718154,13247521916945176705,2015,2528,18646,541416,2034110,123,1599,1981,1981,0,132727,1599,110331,161792,2999022,0,2034110,0,0,0,0,0
624,6973639689050442241,7119522225100301207,16,16,213,0,0,0,0,0,0,0,0,0,0,1024,1237,0,0,0,0,0,0,0
625,4575858298193425457,4130466104033084581,40839,41903,41418,2973437,34708726,5860,76180,424352,424352,0,28431584,76180,5256420,2681792,74093377,0,34708726,0,0,0,0,0
626,1459799507627575215,13881491248121689577,41591,42654,42059,3115557,34912059,6171,80223,461659,461659,0,30931153,80223,5535387,2729856,77266071,0,34912059,0,0,0,0,0
627,5685694842651379564,15881545856690920742,40768,41833,41316,3041987,34728174,5843,75959,456435,456435,0,30581145,75959,5241275,2677312,76311209,0,34723806,4368,0,0,0,0
628,11801883293739270566,12568602097796640355,38443,39506,39218,2913184,34130785,5107,66391,76117,76117,0,5099839,66391,4580979,2528384,49292389,0,34130785,0,0,0,0,0
629,6592724588743389130,15300524767903065322,40722,41785,41274,3078622,34759764,5811,75543,328629,328629,0,22018143,75543,5212597,2674240,67784640,0,34752432,7332,0,0,0,0
630,8330099591412088470,18270213682518143151,41660,42723,42114,3141108,34935277,6191,80483,469350,469350,0,31446450,80483,5553327,2734272,77852548,0,34935277,0,0,0,0,0
631,9266676392503724311,16969337198218239923,35903,36967,36840,2986136,33194655,4478,58214,188885,188885,0,12655295,58214,4016766,2365888,55255580,0,33194655,0,0,0,0,0
632,13359154327563834019,387283962128733075,38602,39665,39363,3089856,34167770,5164,67132,296570,296570,0,19870190,67132,4632108,2538560,64337847,0,34167770,0,0,0,0,0
633,16899107902442753537,7282963618556446737,40168,41232,40751,3068281,34330335,5618,73034,349817,349817,0,23437739,73034,5039346,2638848,68555300,0,34330335,0,0,0,0,0
634,11618460855047005185,17987319974399003843,41819,42883,42290,3139644,34985301,6277,81601,470722,470722,0,31538374,81601,5630469,2744512,78080590,0,34985301,0,0,0,0,0
635,12756044663846706838,17730217060018558038,19384,20448,21647,2084428,22684662,1846,23998,11411,11411,0,764537,23998,1655862,1308672,28519808,0,22684662,0,0,0,0,0
636,12379636975563747041,11408465557131396376,41094,42157,41646,3072929,34780291,5964,77532,416576,416576,0,27910592,77532,5349708,2698048,73853214,0,34780291,0,0,0,0,0
637,10127277570326081677,3821967035357716262,38774,39838,39527,3032144,34159723,5177,67301,282951,282951,0,18957717,67301,4643769,2549632,63382512,0,34159723,0,0,0,0,0
638,5978535484873843695,4918624458385320930,23804,24866,25360,2534160,25801113,2350,30550,34589,34589,0,2317463,30550,2107950,1591424,34377470,0,25801113,0,0,0,0,0
639,15856554720597671723,14494263647694403094,37846,38909,38656,3001998,33865182,4953,64389,169020,169020,0,11324340,64389,4442841,2490176,55163193,0,33865182,0,0,0,0,0
640,4076074947052337045,12402125921113008900,38420,39484,39197,3039152,34023990,5093,66209,185480,185480,0,12427160,66209,4568421,2526976,56624896,0,34023990,0,0,0,0,0
641,354247999281503521,13760203400160005894,32712,33777,33877,2907975,31666544,3819,49647,40889,40889,0,2739563,49647,3425643,2161728,42935330,0,31666544,0,0,0,0,0
642,15633040578676708371,14575143759040787998,39257,40321,39895,3058540,34142680,5311,69043,394854,394854,0,26455218,69043,4763967,2580544,71040844,0,34142680,0,0,0,0,0
643,12308432481696372414,11821245419665206135,40090,41153,40734,3088204,34485464,5599,72787,345857,345857,0,23172419,72787,5022303,2633792,68442916,0,34485464,0,0,0,0,0
644,17282118379056108663,14931378501410607555,26604,27669,27967,2674392,27876290,2742,35646,55267,55267,0,3702889,35646,2459574,1770816,38511928,0,27876290,0,0,0,0,0
645,3939000332160386728,8651534412698704488,40784,41848,41318,3042683,34661276,5829,75777,356001,356001,0,23852067,75777,5228613,2678272,69504229,0,34661276,0,0,0,0,0
646,2633944345621710373,2559077666488976978,40792,41856,41373,3150113,34623433,5863,76219,428104,428104,0,28682968,76219,5259111,2678784,74435782,0,34623433,0,0,0,0,0
647,6007702649608414427,6704059999963012702,679121,720152,40583,3072992,34488727,5513,71669,340995,340995,0,22846665,71669,4945161,46089728,111483856,0,34488727,0,0,0,0,0
648,5437565753968029016,859203926581896521,39911,40974,40567,3104593,34384584,5541,72033,381861,381861,0,25584687,72033,4970277,2622336,70707044,0,34384584,0,0,0,0,0
649,16489468718597773885,16040276571959841103,32539,33603,33739,2816015,31394610,3863,50219,222291,222291,0,14893497,50219,3465111,2150592,54753564,0,31394610,0,0,0,0,0
650,2139026678767967536,11963491151434079100,36575,37637,37473,2971770,33446699,4609,59917,134301,134301,0,8998167,59917,4134273,2408768,51997150,0,33446699,0,0,0,0,0
651,12732998959073337617,11763197920964073598,40316,41379,40893,3099968,34375250,5867,76271,531226,531226,0,35592142,76271,5262699,2648256,81019208,0,34375250,0,0,0,0,0
652,12667186128461695927,8754520984252185054,39922,40985,40580,3104944,34469175,5549,72137,405373,405373,0,27159991,72137,4977453,2623040,72375183,0,34469175,0,0,0,0,0
653,965648848581406699,14926448960374435286,40321,41385,40945,3108168,34443526,5710,74230,406181,406181,0,27214127,74230,5121870,2648640,72577276,0,34443526,0,0,0,0,0
654,14688239453222220631,9118506850881522342,11879,12940,14510,1428418,15596867,1038,13494,12067,12067,0,808489,13494,931086,828160,19607530,0,15596867,0,0,0,0,0
655,15499481043304135410,16206249842000774863,18979,20042,20964,2087234,22120267,1760,22880,23398,23398,0,1567666,22880,1578720,1282688,28657539,0,22120267,0,0,0,0,0
656,15052719882199892039,6680506254250992099,39880,40944,40542,3124267,34527090,5528,71864,228720,228720,0,15324240,71864,4958616,2620416,60595171,0,34527090,0,0,0,0,0
657,6649709512467052771,10729211271972419459,42061,43124,42501,3196864,34952632,6414,83382,520694,520694,0,34886498,83382,5753358,2759936,81591789,0,34952632,0,0,0,0,0
658,16517822258454559377,2434891492574949009,34133,35197,35166,2923439,32404424,4099,53287,76328,76328,0,5113976,53287,3676803,2252608,46406416,0,32404424,0,0,0,0,0
659,5658466932555957732,6954798296163031102,38837,39899,39582,3075608,34214401,5223,67899,275170,275170,0,18436390,67899,4685031,2553536,63004548,0,34214401,0,0,0,0,0
660,4308306325296819504,13200797751396776473,32308,33371,33472,2880208,31412992,3726,48438,52958,52958,0,3548186,48438,3342222,2135744,43352824,0,31412992,0,0,0,0,0
661,15876323454465600244,8382082058674177250,38658,39722,39415,3000783,34172541,5168,67184,271430,271430,0,18185810,67184,4635696,2542208,62576453,0,34172541,0,0,0,0,0
662,96679807295986386,16148149702264431239,33976,35039,35013,2952937,32117345,4040,52520,81402,81402,0,5453934,52520,3623880,2242496,46425605,0,32117345,0,0,0,0,0
663,17239562545443793729,2589884551428222869,40879,41942,41450,3115082,34740004,5892,76596,376337,376337,0,25214579,76596,5285124,2684288,71080527,0,34740004,0,0,0,0,0
664,41847363511816512,17872780157450826926,41028,42092,41585,3056423,34816405,5931,77103,365013,365013,0,24455871,77103,5320107,2693888,70384279,0,34816405,0,0,0,0,0
665,6599062690871930985,15279050708785511352,36172,37236,36954,2972928,32912568,4496,58448,152293,152293,0,10203631,58448,4032912,2383104,52542097,0,32912568,0,0,0,0,0
666,8684161414503418273,13682790012948665610,40910,41973,41478,3202676,34748168,5905,76765,324072,324072,0,21712824,76765,5296811,2686272,67688229,0,34747440,728,0,0,0,0
667,18314418404687521985,13086866093926397700,20917,21981,22675,2186284,23894741,2003,26039,24671,24671,0,1652957,26039,1796691,1406784,30960132,0,23894741,0,0,0,0,0
668,6866790557753914697,11634975039811558210,41115,42178,41633,3213914,34814130,5979,77727,433261,433261,0,29028487,77727,5363189,2699392,75160745,0,34813402,728,0,0,0,0
669,7617772251789999682,15308676551693193031,41215,42277,41750,3135585,34749312,6043,78559,432537,432537,0,28979979,78559,5420597,2705728,75032951,0,34749052,260,0,0,0,0
670,17946558795283661761,9619782020999843453,16702,17765,18344,1824557,19773312,1634,21242,93638,93638,0,6273746,21242,1465698,1136960,30492617,0,19773312,0,0,0,0,0
671,15513656550250135436,3987684635606022822,38888,39953,39630,3018652,34141900,5215,67795,230682,230682,0,15455694,67795,4677855,2556992,59890723,0,34141900,0,0,0,0,0
672,11595001968502660751,17469514783883979858,40475,41539,41087,3054752,34543665,5726,74438,321223,321223,0,21521941,74438,5136326,2658496,66956267,0,34535085,8580,0,0,0,0
673,8119812360879151612,8331246152944534637,39932,40994,40591,3145041,34487947,5566,72358,373256,373256,0,25008152,72358,4992728,2623616,70298075,0,34486387,1560,0,0,0,0
674,578583857471299202,2874351840881950504,41554,42617,42053,3100143,34751704,6161,80093,534033,534033,0,35780211,80093,5526417,2727488,81928016,0,34751704,0,0,0,0,0
675,2104722919515244370,13695383003957862657,40440,41502,41050,3125645,34597459,5735,74555,380606,380606,0,25500602,74555,5144295,2656128,71065179,0,34597459,0,0,0,0,0
676,18066470779128890983,16872456766581800637,37073,38136,37929,3106498,33529717,4759,61867,150054,150054,0,10053618,61867,4268823,2440704,53437289,0,33529717,0,0,0,0,0
677,13342392515164786136,12949707809941030978,37916,38979,38725,3080046,33846020,4982,64766,187751,187751,0,12579317,64766,4468854,2494656,56507618,0,33846020,0,0,0,0,0
678,9489402996867759569,9419860495301078284,41718,42783,42167,3140475,34959535,6246,81198,463868,463868,0,31079156,81198,5602688,2738112,77562133,0,34959080,455,0,0,0,0
679,4507247751149639448,10591594785834865195,39875,40938,40536,3037930,34346481,5525,71825,244096,244096,0,16354432,71825,4955925,2620032,61355336,0,34346481,0,0,0,0,0
680,14325695927051278904,6674217438403053680,37939,39002,38741,2957595,33902375,5000,65000,161908,161908,0,10847836,65000,4485000,2496128,54727675,0,33902375,0,0,0,0,0
681,4549627462358699105,9298228277486294718,25349,26411,26874,2676212,27056601,2561,33293,31321,31321,0,2098507,33293,2297217,1690304,35845715,0,27056601,0,0,0,0,0
682,13773308950712907785,14039925970709545740,39900,40963,40561,3130476,34397467,5534,71942,322010,322010,0,21574670,71942,4963998,2621632,66728804,0,34397467,0,0,0,0,0
683,8627805959236296805,10062338640393462606,22728,23791,24331,2506299,25080796,2211,28743,32295,32295,0,2163765,28743,1983267,1522624,33281082,0,25080796,0,0,0,0,0
684,14783932466914455596,2740661926421160733,38876,39940,39622,3075761,34268117,5219,67847,163695,163695,0,10967565,67847,4681443,2556160,55588668,0,34268117,0,0,0,0,0
685,7063362618360469997,13207841113741698939,42117,43179,42546,3087233,34900606,6429,83577,494244,494244,0,33114348,83577,5766813,2763456,79675002,0,34900606,0,0,0,0,0
686,15496269756699131943,4845255460987159807,37381,38444,38229,2977481,33841171,4894,63622,186262,186262,0,12479554,63622,4389918,2460416,56186769,0,33841171,0,0,0,0,0
687,17462328991042244135,14205753850702478283,39964,41026,40618,3038714,34516170,5568,72384,275146,275146,0,18434782,72384,4994496,2625664,63650444,0,34516170,0,0,0,0,0
688,9088773184934319842,3201915698346793514,29855,30920,31087,2741519,29983239,3241,42133,77552,77552,0,5195984,42133,2907177,1978880,42837886,0,29983239,0,0,0,0,0
689,11362115854441008537,7879216217828202436,39005,40069,39685,3165355,34021325,5293,68809,381770,381770,0,25578590,68809,4747821,2564416,70117192,0,34021325,0,0,0,0,0
690,4447914125261390177,15104252724678672070,39401,40464,40106,2927836,34330855,5351,69563,308882,308882,0,20695094,69563,4799847,2589696,65383434,0,34330855,0,0,0,0,0
691,2208441132032707222,4060613603563013383,10426,11490,12933,1299808,14024257,904,11752,7629,7629,0,511143,11752,810888,735360,17394389,0,14024257,0,0,0,0,0
692,4773286599351137724,2127689164902285096,42166,43231,42541,3157769,34802924,6435,83655,541156,541156,0,36257452,83655,5772195,2766784,82799665,0,34802924,0,0,0,0,0
693,18431393787147755480,13133291680576626843,33472,34535,34534,2954755,31874102,3951,51363,89640,89640,0,6005880,51363,3544047,2210240,46623558,0,31874102,0,0,0,0,0
694,15712940082949541157,10640260364039247965,35629,36694,36539,2936467,32897501,4419,57447,281196,281196,0,18840132,57447,3963843,2348416,61022898,0,32897501,0,0,0,0,0
695,5047057608239110481,6920671709268672175,42030,43093,42474,3097948,34928855,6381,82953,512603,512603,0,34344401,82953,5723757,2757952,80895387,0,34928855,0,0,0,0,0
696,3810085516931865123,4439462640833866975,41054,42118,41563,3147097,34825505,5941,77233,440843,440843,0,29536481,77233,5329077,2695552,75575275,0,34825505,0,0,0,0,0
697,17197911180461037765,1795787563535531033,41654,42717,42144,3067519,34912553,6194,80522,467459,467459,0,31319753,80522,5556018,2733888,77631875,0,34912553,0,0,0,0,0
698,16390120351940928361,11931497773428368827,38157,39219,38943,3053047,33840950,5026,65338,170894,170894,0,11449898,65338,4508322,2510016,55401176,0,33840950,0,0,0,0,0
699,414284693792585915,16890755642790842707,38379,39443,39158,2946731,34001175,5059,65767,236546,236546,0,15848582,65767,4537923,2524352,59897921,0,34001175,0,0,0,0,0
700,16760288997976466747,9531217364653525355,22805,23867,24293,2472044,25051845,2204,28652,53822,53822,0,3606074,28652,1976988,1527488,34658732,0,25051845,0,0,0,0,0
701,2019704859519031519,4777571984750711415,39769,40831,40443,3081766,34519680,5482,71266,364936,364936,0,24450712,71266,4917354,2613184,69623139,0,34519680,0,0,0,0,0
702,11139517963610938150,17798614583071685002,40229,41291,40862,3084429,34444514,5639,73307,388707,388707,0,26043369,73307,5058183,2642624,71313981,0,34444514,0,0,0,0,0
703,16223597924637594094,8811164285615442459,17174,18236,19256,1867641,20754201,1577,20501,17055,17055,0,1142685,20501,1414569,1167104,26365456,0,20754201,0,0,0,0,0
704,11966477985968963134,10507100402004258518,36991,38054,37858,2955991,33453238,4762,61906,88051,88051,0,5899417,61906,4271514,2435456,49053474,0,33453238,0,0,0,0,0
705,6896261019369160036,4696751340260704029,41639,42704,42131,3171896,34784321,6190,80470,413644,413644,0,27714148,80470,5552430,2733056,73997982,0,34784321,0,0,0,0,0
706,2194147068444674916,16334992942253329150,40800,41865,41330,3062895,34611512,5817,75621,374604,374604,0,25098468,75621,5217875,2679360,70711440,0,34610420,1092,0,0,0,0
707,4888443503762510802,17327589894665107747,39496,40560,40139,3155205,34277516,5401,70213,251272,251272,0,16835224,70213,4844697,2595840,61748621,0,34277516,0,0,0,0,0
708,8052378887538880508,8059458918031654300,41460,42522,41968,3154577,34914321,6130,79690,392913,392913,0,26325171,79690,5498610,2721408,72656055,0,34914321,0,0,0,0,0
709,17691340971513970012,8644082702601696135,40328,41392,40951,3237369,34589763,5729,74477,434819,434819,0,29132873,74477,5138913,2649088,74788957,0,34589763,0,0,0,0,0
710,17103961784338573818,7887661753191422246,40544,41606,41017,3026036,34620222,5721,74373,371620,371620,0,24898540,74373,5131737,2662784,70380336,0,34620222,0,0,0,0,0
711,15202669987084571639,9514598879979950354,41378,42441,41897,3103714,34895432,6087,79131,396933,396933,0,26594511,79131,5460039,2716224,72811817,0,34895432,0,0,0,0,0
712,5953990809327483914,6402372294729751383,38641,39705,39355,3042755,34204365,5141,66833,303128,303128,0,20309576,66833,4611477,2541120,64748648,0,34204365,0,0,0,0,0
713,17855951411332076899,1224072527027517543,40916,41979,41481,3145297,34732191,5907,76791,378884,378884,0,25385228,76791,5298683,2686656,71289536,0,34729279,2912,0,0,0,0
714,9184047310697356165,9996838961991106569,41808,42871,42241,3133975,34981232,6275,81575,444069,444069,0,29752623,81575,5628779,2743744,76282594,0,34979412,1820,0,0,0,0
715,13544892148617025026,433402027417844472,42131,43193,42519,3202079,34990020,6425,83525,527119,527119,0,35316973,83525,5763225,2764352,82079168,0,34990020,0,0,0,0,0
716,12779733721289212576,5160531902612650079,31988,33051,33149,2910771,31131490,3600,46800,69501,69501,0,4656567,46800,3229200,2115264,44076441,0,31131490,0,0,0,0,0
717,14633293032831433389,16556527428279352105,40488,41551,41047,3032839,34520252,5702,74126,445628,445628,0,29857076,74126,5114694,2659264,75225172,0,34520252,0,0,0,0,0
718,9229854299135121587,413826573617276441,40782,41847,41366,3137307,34693789,5837,75881,407500,407500,0,27302500,75881,5235789,2678208,73088959,0,34693789,0,0,0,0,0
719,11736205866905026319,15653948366742274917,33811,34874,34853,2902498,31950282,4030,52390,100442,100442,0,6729614,52390,3614910,2231936,47464093,0,31950282,0,0,0,0,0
720,7749556930614768223,10375543444304883057,41490,42552,41997,3127850,34923200,6140,79820,482975,482975,0,32359325,79820,5507606,2723328,78683306,0,34922745,455,0,0,0,0
721,1322249714398968656,6925809326266919262,679121,721922,42174,3196782,34801104,6221,80873,490325,490325,0,32851775,80873,5580237,46203008,122675080,0,34801104,0,0,0,0,0
722,11338016266857222091,7150666395480808366,41006,42068,41510,3206359,34763105,5933,77129,433123,433123,0,29019241,77129,5321901,2692352,75044468,0,34763105,0,0,0,0,0
723,13354510800715437407,3212121779517016710,3799,4729,8810,715386,5652920,316,4108,3816,3816,0,255672,4108,283452,302656,7218896,0,5652920,0,0,0,0,0
724,10641301294737041240,15146376219706568221,17345,18408,19757,1897493,21146216,1637,21281,12106,12106,0,811102,21281,1468389,1178112,26521069,0,21146216,0,0,0,0,0
725,3402503405738243120,6047486138435394578,40238,41301,40870,3129863,34452808,5639,73307,344284,344284,0,23067028,73307,5058183,2643264,68392016,0,34452808,0,0,0,0,0
726,12681844524473137276,11604227164785939437,40442,41504,41054,3095142,34556158,5731,74503,251621,251621,0,16858607,74503,5140707,2656256,62347924,0,34556158,0,0,0,0,0
727,16874051204606451211,3944153294284883261,39150,40213,39872,3127648,34343426,5308,69004,295552,295552,0,19801984,69004,4761276,2573632,64647838,0,34343426,0,0,0,0,0
728,59797061696096951,4247236232590083149,41300,42362,41699,3121090,34782241,5996,77948,460513,460513,0,30854371,77948,5378516,2711168,76889085,0,34779329,2912,0,0,0,0
729,4994989261052180492,5991265015336313018,40636,41699,41227,3099990,34593520,5819,75647,363607,363607,0,24361669,75647,5219643,2668736,69984785,0,34593520,0,0,0,0,0
730,8674437369330605328,10974457721715965609,40342,41405,40964,3039476,34576841,5687,73931,298246,298246,0,19982482,73931,5101343,2649920,65391026,0,34568261,8580,0,0,0,0
731,10323825452136550544,16111817467637672490,40278,41341,40868,3083128,34601424,5634,73242,323043,323043,0,21643881,73242,5053698,2645824,67068823,0,34601424,0,0,0,0,0
732,17795717853289239040,5434431814707942193,39645,40708,40328,3076992,34401744,5433,70629,251015,251015,0,16818005,70629,4873401,2605312,61815782,0,34401744,0,0,0,0,0
733,1483468292785639481,12751100816753067519,39513,40576,40205,3050112,34376394,5439,70707,254517,254517,0,17052639,70707,4878783,2596864,61994997,0,34376394,0,0,0,0,0
734,9801838805084428213,11132590780298211297,38787,39849,39537,3112628,34152391,5195,67535,363414,363414,0,24348738,67535,4659915,2550336,68863545,0,34152391,0,0,0,0,0
735,15581019411513005347,5637872828506305529,41366,42429,41887,3135810,34812024,6098,79274,490257,490257,0,32847219,79274,5469932,2715456,79022328,0,34810932,1092,0,0,0,0
736,10654387894964854132,13705627620491999858,41879,42941,42307,3117068,34912475,6283,81679,473518,473518,0,31725706,81679,5635955,2748224,78181735,0,34908107,4368,0,0,0,0
737,8771142779764509883,8107268734041893898,40410,41472,41029,3105966,34689746,5697,74061,417042,417042,0,27941814,74061,5110209,2654208,73542972,0,34689746,0,0,0,0,0
738,12788830630933417344,16597218472108769753,207,207,4157,0,0,0,0,0,0,0,0,0,0,13248,17405,0,0,0,0,0,0,0
739,10822491647574253858,9120222344122971616,41046,42108,41597,3127528,34718307,5959,77467,408131,408131,0,27344777,77467,5345249,2694912,73272370,0,34717579,728,0,0,0,0
740,12071451757757128827,11556719226580565564,41761,42823,42237,3158494,34915166,6252,81276,449469,449469,0,30114423,81276,5608044,2740672,76579036,0,34915166,0,0,0,0,0
741,3234914246405969382,16992668474947748777,37524,38587,38365,2990341,33760402,4867,63271,252993,252993,0,16950531,63271,4365699,2469568,60574906,0,33760402,0,0,0,0,0
742,17353871685385011834,5867928550995241604,40139,41202,40739,3102752,34594001,5584,72592,340001,340001,0,22780067,72592,5008848,2636928,68163335,0,34594001,0,0,0,0,0
743,10284001469478647888,8100617967492121983,40975,42038,41486,3162154,34709597,5898,76674,451829,451829,0,30272543,76674,5290506,2690432,76166718,0,34709597,0,0,0,0,0
744,3584243757236677370,15902698486207478526,38002,39066,38808,3104463,33977619,4995,64935,253807,253807,0,17005069,64935,4480515,2500224,61106698,0,33977619,0,0,0,0,0
745,1683543872317802967,1880629033264610202,40086,41149,40732,3101126,34558277,5624,73112,289600,289600,0,19403200,73112,5044858,2633536,64781729,0,34545745,12532,0,0,0,0
746,8119391169943428274,16700664206671585375,37147,38211,37994,3118428,33448610,4801,62413,299065,299065,0,20037355,62413,4306497,2445504,63394388,0,33448610,0,0,0,0,0
747,4699563315582228049,3281474318016358173,41093,42157,41643,3116720,34735441,5996,77948,367761,367761,0,24639987,77948,5378412,2698048,70610251,0,34735441,0,0,0,0,0
748,2650793684075026015,184930976309745109,42312,43374,42641,3157104,35012640,6516,84708,553008,553008,0,37051536,84708,5844956,2775936,83884813,0,35010820,1820,0,0,0,0
749,15078780034518663149,1100644969004571571,41661,42724,42116,3079819,34672183,6183,80379,524979,524979,0,35173593,80379,5546151,2734336,81248198,0,34672183,0,0,0,0,0
750,9516802369170204719,3174136791019782335,37925,38987,38731,2961166,33792707,4990,64870,149380,149380,0,10008460,64870,4476030,2495168,53772262,0,33792707,0,0,0,0,0
751,9857849601728017366,17579966103343729554,31688,32751,32882,2747633,31116137,3563,46319,50940,50940,0,3412980,46319,3196011,2096064,42601707,0,31116137,0,0,0,0,0
752,3655718873919174225,9655617116833507584,20486,21549,22156,2323303,23482563,1939,25207,27936,27936,0,1871712,25207,1739283,1379136,30818153,0,23482563,0,0,0,0,0
753,3498152470363394420,5196315333844036943,33612,34674,34670,2909461,31956678,3949,51337,94710,94710,0,6345570,51337,3542253,2219136,47007768,0,31956678,0,0,0,0,0
754,4142373120935482839,10159879038575060779,37840,38902,38654,3073893,33790796,4912,63856,183473,183473,0,12292691,63856,4406064,2489728,56091826,0,33790796,0,0,0,0,0
755,11386361933896381372,2993676003523943780,41487,42551,41996,3152718,34831329,6115,79495,461865,461865,0,30944955,79495,5485155,2723264,77179417,0,34831329,0,0,0,0,0
756,8443758103164304602,3634171039600096513,25087,26152,26570,2530907,26828672,2517,32721,49343,49343,0,3305981,32721,2257749,1673728,36623607,0,26828672,0,0,0,0,0
757,8219537104832655677,16699894761867045571,38550,39613,39248,3059762,34045284,5097,66261,310666,310666,0,20814622,66261,4572009,2535232,65066157,0,34045284,0,0,0,0,0
758,11837429995650670492,12085121204636904156,41505,42569,41974,3163048,34924006,6129,79677,413292,413292,0,27690564,79677,5497739,2724416,74041747,0,34923278,728,0,0,0,0
759,12962131736601260561,16109482743959727974,24818,25882,26306,2688469,26624624,2473,32149,39001,39001,0,2613067,32149,2218281,1656448,35827195,0,26624624,0,0,0,0,0
760,3566009117996637487,4766001843756246534,41454,42517,41866,3015792,34805732,6103,79339,477495,477495,0,31992165,79339,5474391,2721088,78051034,0,34805732,0,0,0,0,0
761,11429285199178719925,5869918941450771712,40439,41503,41056,3105908,34572096,5718,74334,379204,379204,0,25406668,74334,5129072,2656192,70910992,0,34570536,1560,0,0,0,0
762,1774941666361266870,801517622713181961,30690,31754,31885,2786940,30466839,3392,44096,62690,62690,0,4200230,44096,3042624,2032256,42560774,0,30466839,0,0,0,0,0
763,17896800419444015272,645197947007763418,40397,41460,41017,3106196,34603595,5701,74113,341397,341397,0,22873599,74113,5113797,2653440,68391644,0,34603595,0,0,0,0,0
764,14838459320748198494,6953998401968525707,40936,41999,41503,3164007,34813779,5915,76895,386150,386150,0,25872050,76895,5305755,2687936,71885030,0,34813779,0,0,0,0,0
765,7241118836352957487,8788120964533969575,2069,2591,17593,390866,2459353,122,1586,1776,1776,0,118992,1586,109434,165824,3262062,0,2459353,0,0,0,0,0
766,3180776867860607969,9759114882527426397,41057,42120,41610,3134933,34838700,5978,77714,373259,373259,0,25008353,77714,5362266,2695680,71081542,0,34838700,0,0,0,0,0
767,16459822930520107018,5728346138206757436,39943,41008,40596,3004874,34458476,5589,72657,269461,269461,0,18053887,72657,5013333,2624512,63195678,0,34458476,0,0,0,0,0
768,368413103938873723,18262768714896179228,42244,43308,42660,3029844,35062391,6505,84565,555384,555384,0,37210728,84565,5834985,2771712,83952320,0,35062391,0,0,0,0,0
769,7387674628622485179,4823162992555546596,41098,42162,41649,3167681,34699639,5962,77506,397742,397742,0,26648714,77506,5347914,2698368,72603965,0,34699639,0,0,0,0,0
770,4552233550283288364,6547987360064435635,41352,42414,41875,3121968,34792654,6077,79001,466781,466781,0,31274327,79001,5451095,2714496,77396415,0,34791926,728,0,0,0,0
771,10230036322838366769,16834091486503133825,35366,36430,36333,2993959,32841276,4345,56485,133545,133545,0,8947515,56485,3897465,2331520,51048068,0,32841276,0,0,0,0,0
772,17568047770432397041,17928037538960480115,39744,40808,40374,3123865,34364408,5466,71058,353610,353610,0,23691870,71058,4903002,2611712,68735231,0,34364408,0,0,0,0,0
773,8487381258365441485,12979024976696557597,40141,41203,40733,3039906,34620105,5618,73034,415263,415263,0,27822621,73034,5039346,2636992,73199703,0,34620105,0,0,0,0,0
774,12002854015431648748,9078779629580831054,35685,36748,36638,2915068,33091591,4421,57473,179283,179283,0,12011961,57473,3965637,2351872,54372767,0,33091591,0,0,0,0,0
775,17677776718261518007,6569972083400709734,40758,41821,41344,3134443,34706282,5814,75582,406472,406472,0,27233624,75582,5215184,2676544,73007421,0,34705190,1092,0,0,0,0
776,18386159295333708937,2957022115271191264,29574,30637,30827,2744169,29738618,3198,41574,57268,57268,0,3836956,41574,2868606,1960768,41179944,0,29738618,0,0,0,0,0
777,4341141527874333841,9813033933524934798,39280,40342,39990,2954065,34357817,5330,69290,144899,144899,0,9708233,69290,4781010,2581888,54423003,0,34357817,0,0,0,0,0
778,12041586216734902521,15864651036166104140,41165,42229,41709,3069248,34832109,6002,78026,462648,462648,0,30997416,78026,5383820,2702656,77026958,0,34831017,1092,0,0,0,0
779,12091280701665719598,11374426330775825533,37668,38733,38438,2984778,33648927,4898,63674,235256,235256,0,15762152,63674,4393506,2478912,59306713,0,33648927,0,0,0,0,0
780,5747063561846634627,11268985054877153913,39611,40673,40296,3014986,34371168,5441,70733,197434,197434,0,13228078,70733,4880603,2603072,58138203,0,34370076,1092,0,0,0,0
781,13659019480788384581,1477224547608252275,40897,41962,41465,3106874,34745685,5908,76804,309227,309227,0,20718209,76804,5299580,2685568,66597381,0,34741317,4368,0,0,0,0
782,17341197987695479059,12758543251451862339,4449,5464,8379,779378,6950996,383,4979,4662,4662,0,312354,4979,343551,349696,8744354,0,6950996,0,0,0,0,0
783,1971492685913915853,9498829225923425933,11570,12617,14035,1406195,14894308,989,12857,11690,11690,0,783230,12857,887133,807488,18792389,0,14894308,0,0,0,0,0
784,12990264759546356782,11895254356461299636,2892,3543,10932,513356,4185688,215,2795,3544,3544,0,237448,2795,192855,226752,5367031,0,4185688,0,0,0,0,0
785,1407034803039058523,3208817668834566120,28435,29498,29738,2820322,29031327,3003,39039,96274,96274,0,6450358,39039,2693691,1887872,42913308,0,29031327,0,0,0,0,0
786,17901577062350509317,7987965710380798642,41287,42351,41777,3172832,34869367,5998,77974,450047,450047,0,30153149,77974,5380206,2710464,76327795,0,34869367,0,0,0,0,0
787,14908308133424987909,14069639601022609556,40542,41604,41144,3151561,34673886,5773,75049,399884,399884,0,26792228,75049,5178381,2662656,72499856,0,34673886,0,0,0,0,0
788,11366450769460786544,12212992164959690807,41894,42957,42313,3215886,34872890,6291,81783,529943,529943,0,35506181,81783,5643027,2749248,82029545,0,34872890,0,0,0,0,0
789,11971815552029434115,6278165743160279719,39634,40697,40316,3057309,34371597,5439,70707,355380,355380,0,23810460,70707,4878783,2604608,68763073,0,34371597,0,0,0,0,0
790,4383325361708959176,13054491907527346276,40413,41476,41030,3070899,34617583,5712,74256,291768,291768,0,19548456,74256,5123768,2654464,65056200,0,34614671,2912,0,0,0,0
791,18363733528407095931,9212974215549949124,28495,29558,29829,2707808,29187704,3030,39390,54401,54401,0,3644867,39390,2717910,1891712,40179830,0,29187704,0,0,0,0,0
792,10002861733785003672,15986135879997762259,32102,33165,33233,2892512,31394597,3704,48152,71249,71249,0,4773683,48152,3322488,2122560,44539073,0,31394597,0,0,0,0,0
793,403711196683579954,82719973290891810,6183,7231,10594,932233,9068176,518,6734,5172,5172,0,346524,6734,464646,462784,11284957,0,9068176,0,0,0,0,0
794,1222773764376697482,8175128634320203859,41194,42258,41736,3154117,34731775,5998,77974,447472,447472,0,29980624,77974,5380206,2704512,75992970,0,34731775,0,0,0,0,0
795,14894244315246357671,13187776644179564887,26891,27955,28284,2784610,28050802,2783,36179,52353,52353,0,3507651,36179,2496351,1789120,38656818,0,28050802,0,0,0,0,0
796,9551010347952717070,7764205285819024450,41040,42105,41597,3081498,34730319,5956,77428,374623,374623,0,25099741,77428,5342532,2694720,70990407,0,34730319,0,0,0,0,0
797,11518686151825928075,7510247214459235898,41352,42416,41795,3175769,34872942,6066,78858,468874,468874,0,31414558,78858,5441202,2714624,77660890,0,34872942,0,0,0,0,0
798,18169216822466057707,16254368127024107430,28790,29853,30063,2703194,29182894,3054,39702,83400,83400,0,5587800,39702,2739438,1910592,42153981,0,29182894,0,0,0,0,0
799,17509253598807826051,8431495706168945874,41272,42335,41723,3081323,34739601,6022,78286,402344,402344,0,26957048,78286,5401734,2709440,72930869,0,34739601,0,0,0,0,0
800,207223875412327326,10118852599895984599,41456,42519,41923,3199546,34824153,6089,79157,437103,437103,0,29285901,79157,5461937,2721216,75534676,0,34821241,2912,2560,0,0,0
801,10411526384303269376,15197579925078485412,5528,6548,10204,830776,8345740,467,6071,5908,5908,0,395836,6071,418899,419072,10420527,0,8345740,0,0,0,0,0
802,5301745987430737095,13914075244360019892,40738,41801,41282,3132497,34625552,5825,75725,470182,470182,0,31502194,75725,5225025,2675264,77201814,0,34625552,0,0,0,0,0
803,5978770521789078293,2430543947129662318,39453,40516,40152,3012128,34282885,5408,70304,285118,285118,0,19102906,70304,4850976,2593024,63882071,0,34282885,0,0,0,0,0
804,9728400486518285695,1076325802860171526,38246,39310,39037,3013750,33981194,5049,65637,255807,255807,0,17139069,65637,4528953,2515840,61217843,0,33981194,0,0,0,0,0
805,12917981941722151755,4436109560820430606,42073,43138,42490,3218768,34897603,6386,83018,510168,510168,0,34181256,83018,5728242,2760832,80829191,0,34897603,0,0,0,0,0
806,16932523169649586864,8670703076502704777,39505,40570,40200,3123333,34448375,5429,70577,332641,332641,0,22286947,70577,4869813,2596480,67365148,0,34448375,0,0,0,0,0
807,15706837575289627978,14997366684646061356,27133,28196,28496,2666856,28201875,2800,36400,53973,53973,0,3616191,36400,2511600,1804544,38829562,0,28201875,0,0,0,0,0
808,15298385790794028158,7122094070481490561,31676,32738,32824,2844474,30948190,3593,46709,84402,84402,0,5654934,46709,3222921,2095232,44798575,0,30948190,0,0,0,0,0
809,10769344395154416677,16680657095248878299,41608,42670,42101,3131185,34950695,6200,80600,385430,385430,0,25823810,80600,5561504,2730880,72240175,0,34946327,4368,0,0,0,0
810,10489087642773762585,14288780598805872321,23605,24669,25270,2450499,25953187,2321,30173,48885,48885,0,3275295,30173,2081937,1578816,35365004,0,25953187,0,0,0,0,0
811,17446287876639459340,12600224300873572050,41694,42757,42176,3127908,34758854,6219,80847,513386,513386,0,34396862,80847,5578443,2736448,80640691,0,34758854,0,0,0,0,0
812,6024001205846443217,16292511933883066484,8097,9159,10699,1064952,11334297,684,8892,10202,10202,0,683534,8892,613548,586176,14293206,0,11334297,0,0,0,0,0
813,11303469930602444238,8314769261148980325,39807,40871,40476,3078138,34441914,5536,71968,403999,403999,0,27067933,71968,4965792,2615744,72209997,0,34441914,0,0,0,0,0
814,7128518023723225507,12467939600163636913,33525,34588,34590,2925033,32153498,3975,51675,114701,114701,0,7684967,51675,3565575,2213632,48577295,0,32153498,0,0,0,0,0
815,16983929887599104962,16981785971515456900,41281,42344,41812,3045038,34736169,6036,78468,337545,337545,0,22615515,78468,5414292,2710016,68562842,0,34736169,0,0,0,0,0
816,2966305349566322695,18416278845272863972,41855,42918,42268,3058400,34719867,6304,81952,520014,520014,0,34840938,81952,5654688,2746752,81062913,0,34719867,0,0,0,0,0
817,17315387029656839232,2155552245487203107,38978,40041,39709,3134071,34210969,5263,68419,257406,257406,0,17246202,68419,4720911,2562624,61914486,0,34210969,0,0,0,0,0
818,6063104702392433395,18100410361086006227,31014,32076,32232,2866230,30647968,3440,44720,45255,45255,0,3032085,44720,3085680,2052864,41717059,0,30647968,0,0,0,0,0
819,2168894197117544045,11097692715766953533,40345,41407,40916,3058366,34426158,5646,73398,294363,294363,0,19722321,73398,5064462,2650048,64962271,0,34426158,0,0,0,0,0
820,13166810294868532217,13534278730848916687,41142,42204,41683,3214767,34789937,6010,78130,450300,450300,0,30170100,78130,5390970,2701056,76308513,0,34789937,0,0,0,0,0
821,7154515070292256585,5739571099377307037,40784,41847,41368,3136555,34724586,5851,76063,425398,425398,0,28501666,76063,5248373,2678208,74330756,0,34723494,1092,0,0,0,0
822,12951147799802289705,15403244682661046655,38730,39793,39487,3019148,34253830,5199,67587,109100,109100,0,7309700,67587,4663503,2546752,51832420,0,34253830,0,0,0,0,0
823,3015744000105577195,2859675409743641591,41498,42561,41962,3051783,34803184,6121,79573,439898,439898,0,29473166,79573,5490641,2723904,75584640,0,34800272,2912,0,0,0,0
824,3200219573612197833,8401571648665380397,40918,41981,41486,3162433,34701407,5903,76739,390287,390287,0,26149229,76739,5294991,2686784,72036330,0,34701407,0,0,0,0,0
825,13591824910804554527,3012715002489870637,38564,39626,39324,3113489,33994610,5147,66911,270383,270383,0,18115661,66911,4616859,2536064,62416007,0,33994610,0,0,0,0,0
826,3339416729962887014,9604070121271528804,38852,39915,39567,3051627,34004438,5330,69290,446560,446560,0,29919520,69290,4781010,2554560,74350722,0,34004438,0,0,0,0,0
827,12164848042940949902,2309773847145382337,40772,41834,41323,3081222,34424377,5828,75764,382940,382940,0,25656980,75764,5227716,2677376,71108994,0,34424377,0,0,0,0,0
828,335404788479088392,7751343593654485618,40877,41941,41337,3094279,34317998,5828,75764,410622,410622,0,27511674,75764,5227716,2684224,72877228,0,34317998,0,0,0,0,0
829,13603472540772416096,8490460687229727121,36504,37568,37405,3039678,33308847,4600,59800,176476,176476,0,11823892,59800,4126200,2404352,54740374,0,33308847,0,0,0,0,0
830,17071705075626909005,1609673054155332131,40276,41339,40849,3129581,34169863,5634,73242,312166,312166,0,20915122,73242,5053698,2645696,65954809,0,34169863,0,0,0,0,0
831,18341829242763824071,80397060260169959,41685,42747,42171,3140428,34919521,6219,80847,489337,489337,0,32785579,80847,5578443,2735808,79201950,0,34919521,0,0,0,0,0
832,11863214575400528271,7683896030070440243,39005,40067,39737,3077483,34194797,5250,68250,274771,274771,0,18409657,68250,4709250,2564288,62995212,0,34194797,0,0,0,0,0
833,14506332774470416811,12816225498485005051,42147,43210,42501,3137187,34905286,6411,83343,541756,541756,0,36297652,83343,5750693,2765440,82898759,0,34904831,455,0,0,0,0
834,16341460276570440754,575883898706281642,40708,41771,41297,3071509,34702733,5827,75751,319018,319018,0,21374206,75751,5226923,2673344,67090012,0,34698365,4368,0,0,0,0
835,11891630108198771782,2536189858352625239,37222,38285,38077,2992099,33669272,4773,62049,159293,159293,0,10672631,62049,4281381,2450240,54103700,0,33669272,0,0,0,0,0
836,3237365898895304903,6221027252030801723,10185,11249,14249,1317237,13590902,872,11336,5834,5834,0,390878,11336,782184,719936,16815386,0,13590902,0,0,0,0,0
837,8086558773091539912,9432266024697573072,40386,41450,41007,3109795,34430591,5682,73866,353508,353508,0,23685036,73866,5096754,2652800,69015983,0,34430591,0,0,0,0,0
838,10431314773469200888,16631110435152564227,40266,41330,40845,3110892,34580065,5640,73320,275005,275005,0,18425335,73320,5059080,2645120,63861337,0,34580065,0,0,0,0,0
839,5461541220844599963,1376825390651133979,16929,17993,19073,1913559,20604103,1580,20540,19983,19983,0,1338861,20540,1417260,1151552,26444408,0,20604103,0,0,0,0,0
840,4539211007863776794,1896759383142095106,36771,37833,37652,3046909,33514741,4694,61022,129826,129826,0,8698342,61022,4210518,2421312,51929474,0,33514741,0,0,0,0,0
841,15703221057569399048,11305388491631803589,40357,41420,40978,3091793,34676213,5714,74282,384725,384725,0,25776575,74282,5125484,2650880,71361923,0,34674653,1560,0,0,0,0
842,12772105613499943886,8331756493880223248,35175,36237,36157,2807837,32817057,4300,55900,67693,67693,0,4535431,55900,3857100,2319168,46372750,0,32817057,0,0,0,0,0
843,7478921013899394029,15389938453509026154,40365,41429,40986,3134674,34595938,5708,74204,319273,319273,0,21391291,74204,5120076,2651456,66934421,0,34595938,0,0,0,0,0
844,1387853742344384276,8161217061144081725,37181,38244,38040,3091444,33578428,4755,61815,172912,172912,0,11585104,61815,4265235,2447616,55005867,0,33578428,0,0,0,0,0
845,17176422432421311470,3375381298197409596,39849,40911,40514,3115273,34544185,5532,71916,277717,277717,0,18607039,71916,4962204,2618304,63887519,0,34544185,0,0,0,0,0
846,1093245606580494778,12348372053297518629,38861,39926,39605,3055532,34190793,5213,67769,249148,249148,0,16692916,67769,4676061,2555264,61210171,0,34190793,0,0,0,0,0
847,9546628066256525176,17116772105901998414,39714,40779,40394,3053807,34520837,5498,71474,352268,352268,0,23601956,71474,4931706,2609856,68758556,0,34520837,0,0,0,0,0
848,2742271570923014706,4402025990535282119,35826,36891,36765,3042346,33095049,4462,58006,170698,170698,0,11436766,58006,4002414,2361024,53974364,0,33095049,0,0,0,0,0
849,1911302707690250453,11378255249967825113,40193,41255,40830,3047893,34531393,5623,73099,418099,418099,0,28012633,73099,5043857,2640320,73316926,0,34530301,1092,0,0,0,0
850,9254027201414479952,13302858416581246102,32230,33292,33355,2808061,31441735,3714,48282,52763,52763,0,3535121,48282,3331458,2130688,43280418,0,31441735,0,0,0,0,0
851,1974917052749627494,16848373938420256615,40759,41821,41252,3074393,34745828,5818,75634,370485,370485,0,24822495,75634,5218746,2676544,70579258,0,34745828,0,0,0,0,0
852,14086352277056493489,10297060810721065061,41519,42585,42027,3163023,34774428,6135,79755,473874,473874,0,31749558,79755,5503095,2725440,77957571,0,34774428,0,0,0,0,0
853,15646807419831327753,9174008631962920771,36736,37800,37622,2989069,33473245,4685,60905,212201,212201,0,14217467,60905,4202445,2419200,57339048,0,33473245,0,0,0,0,0
854,8081510305507105706,6521882285448212970,40649,41714,41239,3161388,34648250,5820,75660,354819,354819,0,23772873,75660,5220566,2669696,69514012,0,34647522,728,0,0,0,0
855,12048132759722743492,15172839163925647629,40612,41676,41212,3090129,34659274,5801,75413,317150,317150,0,21249050,75413,5203497,2667264,66910426,0,34659274,0,0,0,0,0
856,4956973257292986760,505409949261462250,40651,41714,41244,3143286,34622393,5776,75088,354249,354249,0,23734683,75088,5181176,2669696,69392478,0,34618025,4368,0,0,0,0
857,13997882618806339352,11166062564334952249,35188,36251,36164,2918692,32837597,4299,55887,127875,127875,0,8567625,55887,3856203,2320064,50536345,0,32837597,0,0,0,0,0
858,12143416357550260545,18335002900704880707,40110,41173,40755,2997991,34578908,5613,72969,280854,280854,0,18817218,72969,5034861,2635072,64104805,0,34578908,0,0,0,0,0
859,10810594063590991913,10533111248836762089,36380,37442,37286,2980267,33285967,4575,59475,68049,68049,0,4559283,59475,4103775,2396288,47362866,0,33285967,0,0,0,0,0
860,7091249316525756153,10836467519858198535,40097,41160,40742,3125551,34602932,5613,72969,308625,308625,0,20677875,72969,5034887,2634240,66116227,0,34601372,1560,0,0,0,0
861,7050516824112570274,17684671368130633854,37971,39034,38775,3124331,33944040,4994,64922,196751,196751,0,13182317,64922,4479618,2498176,57267257,0,33944040,0,0,0,0,0
862,12870458458020793496,219744002608870709,40183,41246,40820,3089816,34618129,5621,73073,270511,270511,0,18124237,73073,5042037,2639744,63554783,0,34618129,0,0,0,0,0
863,6681618435262431050,14091642910931470828,26177,27242,27666,2633162,27548651,2655,34515,26972,26972,0,1807124,34515,2381535,1743488,36141626,0,27548651,0,0,0,0,0
864,16292954604577266035,6239735699218191564,27559,28622,28900,2728380,28456129,2882,37466,65041,65041,0,4357747,37466,2585154,1831808,39988118,0,28456129,0,0,0,0,0
865,11225149710891549225,4372096774131127762,25817,26879,27206,2559949,27359098,2592,33696,83584,83584,0,5600128,33696,2325024,1720256,39591661,0,27359098,0,0,0,0,0
866,12909982695472119933,3774571101393741568,40478,41543,41030,3082361,34623264,5723,74399,326157,326157,0,21852519,74399,5133531,2658752,67391457,0,34623264,0,0,0,0,0
867,1824355995950365656,3588538631173191779,41207,42271,41702,3078608,34859773,5995,77935,436760,436760,0,29262920,77935,5377515,2705344,75325862,0,34859773,0,0,0,0,0
868,12722417601184379589,11729821449847700837,39604,40669,40292,3089613,34410688,5458,70954,316282,316282,0,21190894,70954,4895826,2602816,66230129,0,34410688,0,0,0,0,0
869,9173444546945668529,11224469150254181095,35062,36124,36042,2957156,32766578,4282,55666,85879,85879,0,5753893,55666,3840954,2311936,47666559,0,32766578,0,0,0,0,0
870,13147126539181644396,6473438812774699952,38625,39687,39383,3040808,34115432,5209,67717,307362,307362,0,20593254,67717,4672473,2539968,65001318,0,34115432,0,0,0,0,0
871,6117914263822206833,14090565743484894510,41183,42246,41638,3034213,34808878,5967,77571,428712,428712,0,28723704,77571,5352399,2703744,74664576,0,34808878,0,0,0,0,0
872,5119415470528343509,9389124486700755540,41661,42723,42032,3093886,34694621,6137,79781,493474,493474,0,33062758,79781,5504889,2734272,79132458,0,34694621,0,0,0,0,0
873,6035857067372384593,12851794127580735558,40170,41234,40762,3120312,34541949,5597,72761,281892,281892,0,18886764,72761,5020509,2638976,64249272,0,34541949,0,0,0,0,0
874,6025453860780451334,10654587754983444423,40658,41720,41252,3131125,34687952,5798,75374,297796,297796,0,19952332,75374,5200806,2670080,65683547,0,34687952,0,0,0,0,0
875,9235695028395943617,13579772030569184533,34749,35811,35746,2972572,32549283,4223,54899,180249,180249,0,12076683,54899,3788031,2291904,53714219,0,32549283,0,0,0,0,0
876,17458936654132995888,7738778717669942446,2095,3070,5051,607571,2925455,162,2106,1639,1639,0,109813,2106,145314,196480,3989684,0,2925455,0,0,0,0,0
877,3067939793805786422,17281499197852498439,40650,41714,41213,3044462,34689031,5793,75309,420392,420392,0,28166264,75309,5196321,2669696,73806987,0,34689031,0,0,0,0,0
878,1570647650545510525,10011976724463785921,38115,39177,38913,3050922,33926802,5002,65026,170772,170772,0,11441724,65026,4486794,2507328,55452483,0,33926802,0,0,0,0,0
879,8351938633430905331,17328795369563161429,40923,41985,41489,3124128,34675316,5926,77038,357824,357824,0,23974208,77038,5315622,2687040,69817803,0,34675316,0,0,0,0,0
880,586660345816922471,3392098729485557173,23165,24227,24705,2429972,25340783,2268,29484,28483,28483,0,1908361,29484,2034396,1550528,33288745,0,25340783,0,0,0,0,0
881,15982597674653340074,5010037780520788840,12423,13485,15162,1577269,16465423,1130,14690,7778,7778,0,521126,14690,1013610,863040,20455630,0,16465423,0,0,0,0,0
882,12406543860709392316,3554434407445742707,40255,41318,40884,3078193,34545160,5653,73489,287717,287717,0,19277039,73489,5070845,2644352,64656473,0,34540792,4368,0,0,0,0
883,9548870204237849579,12261414602773942907,31297,32361,32507,2893375,30786392,3499,45487,58798,58798,0,3939466,45487,3138603,2071104,42861447,0,30786392,0,0,0,0,0
884,819186526971142001,4998687347799962153,807,807,16085,0,0,0,0,0,0,0,0,0,0,51648,67733,0,0,0,0,0,0,0
885,11078591901260383531,13708499618494121849,36484,37547,37383,2973556,33271823,4611,59943,84766,84766,0,5679322,59943,4136067,2403008,48501159,0,33271823,0,0,0,0,0
886,16133609442430276820,4401166110639274662,40882,41948,41416,3130187,34609653,5859,76167,478580,478580,0,32064860,76167,5255627,2684672,77786415,0,34603413,6240,0,0,0,0
887,15720111131539876179,7743618900893429742,40538,41603,41141,3144055,34455382,5753,74789,354799,354799,0,23771533,74789,5160441,2662592,69235144,0,34455382,0,0,0,0,0
888,16961465110013467693,7722608663297440964,41278,42341,41776,3090209,34865636,6048,78624,434150,434150,0,29088050,78624,5425056,2709824,75220551,0,34865636,0,0,0,0,0
889,2860029795416429160,914545299692833067,37623,38686,38452,3136848,33719179,4867,63271,202645,202645,0,13577215,63271,4365699,2475904,57313297,0,33719179,0,0,0,0,0
890,3121048271294528752,2714250373291339960,40569,41631,41171,3154636,34644402,5747,74711,343579,343579,0,23019793,74711,5155059,2664384,68679445,0,34644402,0,0,0,0,0
891,13139612100910725474,3962544654212103769,41388,42450,41860,3115238,34897954,6063,78819,418180,418180,0,28018060,78819,5438641,2716800,74228553,0,34895406,2548,0,0,0,0
892,6304220401174970694,8547873394158965184,40714,41777,41303,3061719,34730423,5829,75777,324567,324567,0,21745989,75777,5228639,2673728,67481801,0,34729695,728,0,0,0,0
893,13780322671589011639,285404944670886588,40407,41471,41023,2959482,34622549,5721,74373,357209,357209,0,23933003,74373,5131737,2654144,69341938,0,34622549,0,0,0,0,0
894,2160693224176388824,5011864433319792531,39257,40320,39966,3106899,34252647,5366,69758,341317,341317,0,22868239,69758,4813302,2580480,67661533,0,34252647,0,0,0,0,0
895,17428518194213363879,12694045792164662263,41501,42563,42007,3102960,34923187,6134,79742,474938,474938,0,31820846,79742,5502224,2724032,78115256,0,34922732,455,0,0,0,0
896,12642635681560105603,16683613815973198703,41067,42131,41618,3161636,34685495,5959,77467,445957,445957,0,29879119,77467,5345327,2696384,75809579,0,34682583,2912,0,0,0,0
897,3025665335478921102,10524458324114275634,41430,42492,41944,3160119,34747037,6110,79430,447110,447110,0,29956370,79430,5480670,2719488,76105628,0,34747037,0,0,0,0,0
898,7804365686505568311,16097058093545340510,39783,40846,40457,3091136,34452197,5492,71396,348657,348657,0,23360019,71396,4926324,2614144,68484277,0,34452197,0,0,0,0,0
899,14239639194400288927,10067178779704141866,40352,41416,40973,3164202,34582678,5719,74347,361857,361857,0,24244419,74347,5129943,2650624,69812839,0,34582678,0,0,0,0,0
900,17827534990866421231,13477704547826935226,40509,41574,41117,3078913,34596432,5750,74750,350830,350830,0,23505610,74750,5157750,2660736,69040558,0,34596432,0,0,0,0,0
901,4644923400655773523,7126382831173580930,28695,29757,30088,2776377,29246165,3040,39520,57852,57852,0,3876084,39520,2726880,1904448,40560042,0,29246165,0,0,0,0,0
902,12032382174141264649,11915029122099459108,37818,38880,38632,3071917,33877649,4933,64129,135324,135324,0,9066708,64129,4424901,2488320,52968127,0,33877649,0,0,0,0,0
903,12343466859260640425,15375000986644889994,40208,41271,40845,3047713,34638227,5632,73216,315724,315724,0,21153508,73216,5051904,2641344,66573541,0,34638227,0,0,0,0,0
904,14987389636046831489,9733346597062890852,40174,41237,40813,3024367,34549411,5613,72969,362617,362617,0,24295339,72969,5034887,2639168,69583985,0,34547266,2145,0,0,0,0
905,15223012439598241706,14277267220597941821,41283,42346,41814,3149187,34824439,6057,78741,396996,396996,0,26598732,78741,5433155,2710144,72757471,0,34823711,728,0,0,0,0
906,14415805825542023475,5198584663041124393,36584,37647,37476,3010205,33334327,4641,60333,282310,282310,0,18914770,60333,4162977,2409408,61869163,0,33334327,0,0,0,0,0
907,11443867116056665369,10668617807830946755,42232,43295,42649,3171769,35021207,6502,84526,532438,532438,0,35673346,84526,5832294,2770880,82512145,0,35021207,0,0,0,0,0
908,17632327704928312704,4104645077935791168,41081,42145,41593,3166585,34658234,5957,77441,452358,452358,0,30307986,77441,5343429,2697280,76215107,0,34658234,0,0,0,0,0
909,8534924094455459347,7743647827190320152,40855,41919,41431,3048063,34647275,5864,76232,345558,345558,0,23152386,76232,5260008,2682816,68831979,0,34647275,0,0,0,0,0
910,9410816317972795642,3033536754711915669,21036,22100,22743,2313146,23959559,2019,26247,36257,36257,0,2429219,26247,1811043,1414400,31950110,0,23959559,0,0,0,0,0
911,16217274283627841721,13993172103061170803,34958,36020,35948,2906872,32839222,4306,55978,180281,180281,0,12078827,55978,3862482,2305280,54028631,0,32839222,0,0,0,0,0
912,15858927551925648135,4855523363892353815,31502,32565,32718,2762275,30820699,3536,45968,48936,48936,0,3278712,45968,3171792,2084160,42150356,0,30820699,0,0,0,0,0
913,14804295822318633698,9525309653827721182,41269,42332,41800,3156619,34875607,6042,78546,409180,409180,0,27415060,78546,5419674,2709248,73618008,0,34875607,0,0,0,0,0
914,3638468336400747654,7638999632326824407,41341,42404,41815,3130012,34743826,6035,78455,422107,422107,0,28281169,78455,5413395,2713856,74324073,0,34743826,0,0,0,0,0
915,33007219534549742,14057045647796653146,40131,41195,40772,3096324,34530054,5619,73047,306943,306943,0,20565181,73047,5040269,2636480,65909080,0,34528494,1560,0,0,0,0
916,13393328812367195973,4924151366026146360,41102,42164,41651,3044830,34756553,5966,77558,413923,413923,0,27732841,77558,5351502,2698496,73625873,0,34756553,0,0,0,0,0
917,15444983754434254459,8098467131859188412,40644,41707,41237,3061191,34724768,5786,75218,310991,310991,0,20836397,75218,5190042,2669248,66522883,0,34724768,0,0,0,0,0
918,13359788713770306758,1452798262978528013,15156,16220,17010,1852906,18728606,1362,17706,26988,26988,0,1808196,17706,1221714,1038080,24666512,0,18728606,0,0,0,0,0
919,14574030825485194892,2319292147490714074,679121,720339,40795,3096243,34455382,5613,72969,387702,387702,0,25976034,72969,5034861,46101696,114705011,0,34455382,0,0,0,0,0
920,15050860306121759515,9687843279270321654,40086,41148,40729,3015552,34583796,5593,72709,326088,326088,0,21847896,72709,5016921,2633472,67138366,0,34583796,0,0,0,0,0
921,12464161397891326828,7937562372611144833,40417,41480,41029,3129020,34585915,5731,74503,399791,399791,0,26785997,74503,5140733,2654720,72337414,0,34584355,1560,0,0,0,0
922,12221204699151809059,13386586126169072497,39627,40691,40313,3044066,34401887,5444,70772,317200,317200,0,21252400,70772,4883268,2604224,66226158,0,34401887,0,0,0,0,0
923,10318225610935314844,17263373822316087330,40317,41379,40943,3120153,34541221,5665,73645,341977,341977,0,22912459,73645,5081505,2648256,68344537,0,34541221,0,0,0,0,0
924,4428639800189357673,14887684536184213540,2078,2715,11814,452344,2600117,131,1703,3079,3079,0,206293,1703,117507,173760,3561835,0,2600117,0,0,0,0,0
925,5144111373624317237,13089182438086485250,40409,41473,41022,3104773,34589256,5719,74347,355544,355544,0,23821448,74347,5129943,2654272,69340714,0,34589256,0,0,0,0,0
926,881696984102133287,2352436068966155682,26803,27866,28257,2760058,27941212,2750,35750,45636,45636,0,3057612,35750,2466750,1783424,38037313,0,27941212,0,0,0,0,0
927,8769047683655770169,6157841993937717252,40156,41220,40799,3112154,34533954,5623,73099,316420,316420,0,21200140,73099,5043857,2638080,66568984,0,34532862,1092,0,0,0,0
928,9280014168641761311,17778773427681566264,41337,42399,41809,3195558,34875828,6048,78624,450509,450509,0,30184103,78624,5425056,2713536,76435890,0,34875828,0,0,0,0,0
929,2817908750561472262,17843223232933938961,41625,42689,42075,3091044,34859136,6178,80314,452017,452017,0,30285139,80314,5541692,2732096,76551182,0,34858681,455,0,0,0,0
930,12692203770258257794,11378710086534721316,39440,40503,40137,3095941,34349575,5405,70265,333701,333701,0,22357967,70265,4848285,2592192,67284097,0,34349575,0,0,0,0,0
931,7843896489648206411,17191676525592991384,40256,41318,40888,3056261,34647314,5637,73281,369514,369514,0,24757438,73281,5056519,2644352,70202772,0,34640801,6513,0,0,0,0
932,7190741869109978945,16651363872640444298,41438,42501,41953,3095462,34834514,6098,79274,391582,391582,0,26235994,79274,5469932,2720064,72397919,0,34833786,728,0,0,0,0
933,14027941549683130688,10514100853091437273,39428,40490,40125,3055693,34409934,5401,70213,218333,218333,0,14628311,70213,4844697,2591360,59570120,0,34409934,0,0,0,0,0
934,12386947397245285736,5414729928673462474,39844,40908,40509,3083368,34456045,5542,72046,330164,330164,0,22120988,72046,4971174,2618112,67290196,0,34456045,0,0,0,0,0
935,16512276486263820550,15805073076144508811,19191,20255,20938,2089770,22525425,1802,23426,35962,35962,0,2409454,23426,1616394,1296320,29958301,0,22525425,0,0,0,0,0
936,16066128716840610998,7985425217107931758,41523,42586,41990,3130106,34836386,6117,79521,471876,471876,0,31615692,79521,5487053,2725504,77836731,0,34833474,2912,0,0,0,0
937,9186987379838798154,11047784936587199155,26445,27509,28077,2632960,27999751,2732,35516,53108,53108,0,3558236,35516,2450604,1760576,38430204,0,27999751,0,0,0,0,0
938,6382233114602488547,134416346163151411,34467,35529,35474,2905375,32363734,4164,54132,110450,110450,0,7400150,54132,3735108,2273856,48713697,0,32363734,0,0,0,0,0
939,9376674436621102298,13812562865109403146,38658,39721,39418,3085350,34102991,5162,67106,180279,180279,0,12078693,67106,4630314,2542144,56478910,0,34102991,0,0,0,0,0
940,8639357954905343044,16316240136578957349,39425,40488,40128,3028517,34448518,5405,70265,359235,359235,0,24068745,70265,4848285,2591232,69025425,0,34448518,0,0,0,0,0
941,5758889414429521247,13100704787842241701,41048,42111,41604,3063248,34842678,5967,77571,434290,434290,0,29097430,77571,5352399,2695104,75092463,0,34842678,0,0,0,0,0
942,5761491387304518049,1713344379415057731,41343,42407,41867,3100884,34802365,6075,78975,409744,409744,0,27452848,78975,5449275,2714048,73561287,0,34802365,0,0,0,0,0
943,12948889631491074265,8333858440817892377,41486,42549,41956,3150459,34808189,6106,79378,425069,425069,0,28479623,79378,5477082,2723136,74680445,0,34808189,0,0,0,0,0
944,4147725322242491356,15808175360799815246,38647,39710,39403,3017270,34044647,5141,66833,102029,102029,0,6835943,66833,4611477,2541440,51090180,0,34044647,0,0,0,0,0
945,11312094387133577916,16599151951926767169,7297,8350,9904,1082063,10083632,601,7813,6616,6616,0,443272,7813,539097,534400,12692368,0,10083632,0,0,0,0,0
946,7992844475174703416,14704935941483093658,34392,35457,35398,2941525,32358846,4183,54379,227005,227005,0,15209335,54379,3752151,2269248,56566503,0,32358846,0,0,0,0,0
947,17895427854414492333,7027210304181443748,41598,42660,42021,3132827,34714368,6123,79599,521921,521921,0,34968707,79599,5492331,2730240,81080494,0,34714368,0,0,0,0,0
948,1449200003393710283,17296005241505914168,27482,28544,28802,2707908,28420431,2874,37362,65818,65818,0,4409806,37362,2577978,1826816,39971741,0,28420431,0,0,0,0,0
949,13725015926379416298,12150597938776944725,23916,24978,25434,2535861,25934376,2360,30680,41426,41426,0,2775542,30680,2116920,1598592,34986725,0,25934376,0,0,0,0,0
950,1469654067727455859,10909078475834315517,40121,41185,40765,3102973,34621392,5627,73151,287435,287435,0,19258145,73151,5047419,2635840,64706534,0,34621392,0,0,0,0,0
951,3929949434806635363,9666372254300734357,41451,42513,41961,3093020,34893157,6146,79898,458790,458790,0,30738930,79898,5512988,2720832,77000888,0,34892702,455,0,0,0,0
952,14397157316328165825,6724335258545329771,37812,38877,38631,3061179,33809607,4948,64324,209412,209412,0,14030604,64324,4438356,2488128,57866505,0,33809607,0,0,0,0,0
953,3510142027029283663,12576445925189265143,40810,41874,41345,3115056,34777613,5844,75972,420670,420670,0,28184890,75972,5242068,2679936,74040908,0,34777613,0,0,0,0,0
954,4649797841629447428,15900370607203476624,679121,720486,40888,3135903,34499725,5675,73775,393613,393613,0,26372071,73775,5090501,46111104,115250192,0,34498633,1092,0,0,0,0
955,17748634015715082273,1258749416876305598,40357,41420,40976,3077686,34501480,5698,74074,355151,355151,0,23795117,74074,5111106,2650880,69177245,0,34501480,0,0,0,0,0
956,14639121185478754043,9061613821520663846,36326,37388,37234,3107113,33389603,4610,59930,86709,86709,0,5809503,59930,4135170,2392832,48871455,0,33389603,0,0,0,0,0
957,15919382364227160330,15705531950423210575,4719,5697,9602,843051,7528391,423,5499,4448,4448,0,298016,5499,379431,364608,9423099,0,7528391,0,0,0,0,0
958,18181668828228349576,5662707065236213076,9763,10818,13271,1221055,13575913,872,11336,6470,6470,0,433490,11336,782184,692352,16718265,0,13575913,0,0,0,0,0
959,14377401343422520076,8526251310394542111,41396,42458,41876,3052619,34845811,6064,78832,488123,488123,0,32704241,78832,5439408,2717312,78801267,0,34845811,0,0,0,0,0
960,14155872532346277413,2353563947486438249,5486,6522,9633,869031,8645533,488,6344,6391,6391,0,428197,6344,437736,417408,10807538,0,8645533,0,0,0,0,0
961,5959461604616140130,11726164587398419900,40833,41897,41406,3024393,34732568,5876,76388,376742,376742,0,25241714,76388,5270772,2681408,70992261,0,34732568,0,0,0,0,0
962,2046047193573558870,10078361556533679717,40684,41749,41277,3144548,34685521,5823,75699,407578,407578,0,27307726,75699,5223231,2671936,73074239,0,34685521,0,0,0,0,0
963,5931276483383760584,5500775374026475594,40727,41791,41314,3161176,34668803,5823,75699,376075,376075,0,25197025,75699,5223231,2674624,70966173,0,34668803,0,0,0,0,0
964,8124394227018223474,13308441004365483703,38858,39921,39599,2996868,34232042,5229,67977,144191,144191,0,9660797,67977,4690413,2554944,54174663,0,34232042,0,0,0,0,0
965,10666632955134362418,15553079141739293718,41735,42798,42215,3180985,34877076,6235,81055,453234,453234,0,30366678,81055,5592847,2739072,76798873,0,34876361,715,0,0,0,0
966,17105290614096238044,10065163363221028025,38430,39492,39172,3065375,34048664,5108,66404,323013,323013,0,21641871,66404,4581876,2527488,65904446,0,34048664,0,0,0,0,0
967,14359358007913784651,9995379815241625765,32640,33704,33751,2804781,31738122,3800,49400,67563,67563,0,4526721,49400,3408600,2157056,44669031,0,31738122,0,0,0,0,0
968,441301935205744375,8693338725924875561,34666,35729,35672,2944213,32638996,4184,54392,93410,93410,0,6258470,54392,3753048,2286656,47917055,0,32638996,0,0,0,0,0
969,16395604576354944453,11728189373647488375,31887,32949,32980,2958610,30887142,3590,46670,216197,216197,0,14485199,46670,3220230,2108736,53692897,0,30887142,0,0,0,0,0
970,14751086347287325816,14148185585658687964,39360,40423,40062,3087638,34281845,5367,69771,272229,272229,0,18239343,69771,4814199,2587072,63050159,0,34281845,0,0,0,0,0
971,380213440481842357,12308559420163719846,41578,42642,42078,3177756,34940386,6160,80080,466966,466966,0,31286722,80080,5525520,2729088,77701550,0,34940386,0,0,0,0,0
972,16763790251554587023,7884517822306182538,34267,35331,35295,2928708,32348420,4101,53313,125353,125353,0,8398651,53313,3678597,2261184,49650855,0,32348420,0,0,0,0,0
973,190634481015849819,10171943573037734154,17080,18144,18939,1867736,20511517,1542,20046,20141,20141,0,1349447,20046,1383174,1161216,26292029,0,20511517,0,0,0,0,0
974,17966808084223078927,8308466657802901770,452,452,9023,0,0,0,0,0,0,0,0,0,0,28928,37951,0,0,0,0,0,0,0
975,15236498132611252281,470412599826154916,38759,39824,39509,3003527,34139768,5197,67561,174233,174233,0,11673611,67561,4661709,2548736,56066860,0,34139768,0,0,0,0,0
976,15978370130556415390,2218431624100376361,39900,40962,40510,3048826,34374652,5511,71643,263012,263012,0,17621804,71643,4943367,2621568,62650727,0,34374652,0,0,0,0,0
977,1355510552624619471,7444570753923446785,29760,30823,30994,2853142,29906318,3224,41912,119520,119520,0,8007840,41912,2891928,1972672,45662894,0,29906318,0,0,0,0,0
978,17895014322726953311,5140667570394634185,39981,41044,40637,3090523,34484333,5549,72137,349514,349514,0,23417438,72137,4977453,2626816,68637200,0,34484333,0,0,0,0,0
979,17032771049320406914,4716141615456972392,39856,40919,40521,3058795,34451469,5511,71643,308290,308290,0,20655430,71643,4943367,2618816,65768398,0,34451469,0,0,0,0,0
980,8150701463541434313,8463543722548209786,36114,37176,37035,3000647,33138352,4508,58604,119629,119629,0,8015143,58604,4043676,2379264,50614117,0,33138352,0,0,0,0,0
981,781407323928228224,7554012057739416853,23594,24658,25114,2253481,25650807,2290,29770,41865,41865,0,2804955,29770,2054130,1578112,34366599,0,25650807,0,0,0,0,0
982,16892142449481979063,17934467354624445705,18358,19421,20576,2036578,21739861,1710,22230,14775,14775,0,989925,22230,1533870,1242944,27563754,0,21739861,0,0,0,0,0
983,14909073759368398021,14729072705365968567,34990,36053,35972,2982436,32679049,4261,55393,137949,137949,0,9242583,55393,3822117,2307392,51069549,0,32679049,0,0,0,0,0
984,9639223067711183996,16328963454991004304,117,117,2205,0,0,0,0,0,0,0,0,0,0,7488,9693,0,0,0,0,0,0,0
985,6778408469340756413,6588148647337192982,40316,41381,40943,3081612,34599032,5695,74035,349329,349329,0,23405043,74035,5108415,2648384,68883429,0,34599032,0,0,0,0,0
986,17347653453998991702,18126667363868994147,19329,20390,21181,2176402,22548877,1798,23374,24245,24245,0,1624415,23374,1612806,1304960,29288641,0,22548877,0,0,0,0,0
987,1380873368553787281,17301488392072592753,41414,42477,41933,3174480,34863023,6089,79157,497739,497739,0,33348513,79157,5461833,2718528,79608310,0,34863023,0,0,0,0,0
988,15964393514131018579,8313515635918269109,37507,38570,38341,3011881,33708675,4869,63297,190200,190200,0,12743400,63297,4367493,2468480,56338270,0,33708675,0,0,0,0,0
989,12868068291020798798,9084800773810870880,37921,38984,38730,2981883,33883707,4983,64779,238273,238273,0,15964291,64779,4469751,2494976,59833338,0,33883707,0,0,0,0,0
990,3145700376134957334,8634247616447031837,39037,40099,39766,3035751,34245614,5257,68341,249177,249177,0,16694859,68341,4715529,2566336,61297855,0,34245614,0,0,0,0,0
991,2168339023784907740,13730235901157966614,38931,39994,39667,3051640,34188674,5249,68237,171075,171075,0,11462025,68237,4708353,2559616,56009975,0,34188674,0,0,0,0,0
992,11345039990800078233,3440638629930279076,42099,43162,42489,3215606,35028032,6389,83057,525125,525125,0,35183375,83057,5730933,2762368,81962803,0,35028032,0,0,0,0,0
993,7549447224519894117,148865252948233114,40786,41849,41368,3056684,34710338,5870,76310,380499,380499,0,25493433,76310,5265416,2678336,71245575,0,34709610,728,0,0,0,0
994,11959955526821834570,17081654150800075427,41430,42495,41947,3072582,34830237,6090,79170,464594,464594,0,31127798,79170,5462730,2719680,77254974,0,34830237,0,0,0,0,0
995,11646948064231910344,6688652638052317352,41373,42437,41842,3197913,34620677,6076,78988,489503,489503,0,32796701,78988,5450276,2715968,78823377,0,34616309,4368,0,0,0,0
996,17164489135809728848,1915672672704575527,30230,31293,31453,2755149,30055350,3319,43147,50771,50771,0,3401657,43147,2977143,2002752,41223504,0,30055350,0,0,0,0,0
997,9481981546529627380,2059494565146392576,31442,32505,32598,2945941,30880057,3565,46345,58828,58828,0,3941476,46345,3197805,2080320,43078197,0,30880057,0,0,0,0,0
998,4391963086530865516,6997906993453747307,32539,33602,33636,2719175,31366413,3778,49114,169742,169742,0,11372714,49114,3388866,2150528,51031332,0,31366413,0,0,0,0,0
999,5989209742549240050,11508365490867720138,37383,38445,38120,3070811,33263685,5056,65728,445225,445225,0,29830075,65728,4535232,2460480,73198403,0,33263685,0,0,0,0,0
