frame,frame_hash,stream_checksum,teps,scoring_calls,bound_checks,compact_lookups,dual_solver_ops,dual_updates,dual_group_solves,oracle_candidates,oracle_w1_candidates,oracle_w2_candidates,oracle_primitive_ops,dual_witness_candidates,dual_witness_primitive_ops,score_primitive_ops,total_primitive_ops,ops_w1,ops_w2,ops_w3,structural_checks,word_mismatch,metric_mismatch,tie_mismatch
0,4307900441458573662,4307900441458573662,183000,184075,41370,3190327,57627323,50182,652366,0,0,0,0,652366,43872348,11780800,116512168,17729686,34775949,5121688,2560,0,0,0
1,13985065504140463237,15993604437681843028,54333,55408,38780,3048944,47168433,22043,286559,0,0,0,0,286559,19339021,3546112,73141290,8177663,33954804,5035966,0,0,0,0
2,13523406603343302230,8589082977016295341,110198,111273,40957,3146687,55122587,42772,556036,0,0,0,0,556036,37413610,7121472,102845313,15332759,34678527,5111301,0,0,0,0
3,13320700756420846468,5551351460942617850,85422,86497,40863,3063170,50900551,30101,391313,0,0,0,0,391313,26376077,5535808,85916469,11131978,34651565,5117008,0,0,0,0
4,15623635531402363762,15516980313340715043,218289,219364,41218,3173609,59028697,54181,704353,0,0,0,0,704353,47353813,14039296,123636633,19174324,34751652,5102721,0,0,0,0
5,16833904852794388024,8007843526161550808,195376,196451,41651,3205695,58227780,52036,676468,0,0,0,0,676468,45490588,12572864,119538578,18255549,34847137,5125094,0,0,0,0
6,15055695530798494923,4356121255838442584,265941,267016,42396,3244797,63479377,72001,936013,0,0,0,0,936013,62890139,17089024,146745733,23337600,35013056,5128721,0,0,0,0
7,11654081068290674278,13967973740932703337,77679,78754,40449,3194568,50885822,30250,393250,0,0,0,0,393250,26501462,5040256,85662557,11259768,34526713,5099341,0,0,0,0
8,17872850091527751012,2009330200570427146,32833,33898,33967,2846503,38540437,7433,96629,0,0,0,0,96629,6582875,2169472,50173254,1857102,31823194,4860141,0,0,0,0
9,12810441787419575937,15818101403446693264,41387,42453,38110,3039340,44234294,15535,201955,0,0,0,0,201955,13666757,2716992,63695493,5453799,33767201,5013294,0,0,0,0
10,15354654047595077210,10294196311721282281,92148,93223,39247,3047874,49146786,26720,347360,0,0,0,0,347360,23416302,5966272,81616481,9939930,34149050,5057806,0,0,0,0
11,8000196889370950559,811538446288065585,68573,69648,37913,3054112,47247551,22365,290745,0,0,0,0,290745,19613113,4457472,74410161,8654503,33633769,4959279,0,0,0,0
12,1003048155117523633,2418325770709747967,151911,152986,41621,3134171,56105413,45923,596999,0,0,0,0,596999,40166087,9791104,109238396,16134482,34842600,5128331,0,0,0,0
13,5093212120615806920,8854429402682367500,3165,4016,7913,693438,7000006,505,6565,0,0,0,0,6565,449475,257024,8407856,128999,4853342,2017665,0,0,0,0
14,17880796771999687362,7984956261792623645,233155,234230,42093,3221172,61743318,64816,842608,0,0,0,0,842608,56628156,14990720,136625459,21664032,34950695,5128591,0,0,0,0
15,13124633785058266138,1644059594929329120,162700,163775,41027,3099704,54541084,42080,547040,0,0,0,0,547040,36811970,10481600,104975385,14735227,34685001,5120856,0,0,0,0
16,4545681363894474072,17525235691387657951,35832,36907,36173,2987555,41695745,12127,157651,0,0,0,0,157651,10684453,2362048,57765974,4082312,32820827,4792606,0,0,0,0
17,9507170928033327301,17284289172471685401,197744,198819,41163,3238769,58876727,54361,706693,0,0,0,0,706693,47510307,12724416,122391382,19023134,34735857,5117736,0,0,0,0
18,10639815013123984987,2780305607493080269,2223,2751,18752,481936,4403477,301,3913,0,0,0,0,3913,268099,176064,5348328,74347,2950532,1378598,0,0,0,0
19,7424309542499859262,8523855129889171908,272334,273409,42228,3183014,63241191,70380,914940,0,0,0,0,914940,61475908,17498176,145440517,23128677,34983793,5128721,0,0,0,0
20,3585716964899163425,9218611346147013878,170076,171151,41433,3241412,58227975,52087,677131,0,0,0,0,677131,45532487,10953664,117996971,18299437,34810347,5118191,0,0,0,0
21,10204974863561260655,16963535977478944094,155282,156357,40610,3127905,55845400,43948,571324,0,0,0,0,571324,38434370,10006848,107455133,16167138,34586695,5091567,0,0,0,0
22,5152589677103207791,10022694942923915066,43748,44811,38671,3145224,45023693,17063,221819,0,0,0,0,221819,15000739,2867904,66076231,6104891,33882576,5036226,0,0,0,0
23,13077879051893829120,5641359282814674149,24937,26002,26527,2507005,32142292,4435,57655,0,0,0,0,57655,3935061,1664128,40275013,1040078,26703326,4398888,0,0,0,0
24,11041175099619402705,9774418745235614095,118322,119397,40587,3069247,53308437,36998,480974,0,0,0,0,480974,32380998,7641408,96440677,13618657,34579207,5110573,0,0,0,0
25,3789542764782339965,8778962369036225209,218213,219288,41463,3216214,58750393,53537,695981,0,0,0,0,695981,46796373,14034432,122838875,18824520,34802742,5123131,0,0,0,0
26,8821286113460533548,6077640745652314746,40647,41709,39621,3115530,44697445,15979,207727,0,0,0,0,207727,14064063,2669376,64586035,5380037,34259602,5057806,0,0,0,0
27,2680818465723523271,4776413569941104562,30155,31219,31094,2760308,36615085,7128,92664,0,0,0,0,92664,6301178,1998016,47705681,2090634,29954275,4570176,0,0,0,0
28,15649990524889028689,7355307830636613776,20561,21623,22205,2313583,29015506,4188,54444,0,0,0,0,54444,3705182,1383872,36440348,1267045,23643841,4104620,0,0,0,0
29,9011163354629236132,3074246964227893735,4226,5129,8804,706750,9166131,654,8502,0,0,0,0,8502,582036,328256,10791977,162318,6679140,2324673,0,0,0,0
30,350182793745045460,5926753163840131200,74889,75964,41449,3116908,51618346,33014,429182,0,0,0,0,429182,28920450,4861696,88558849,11701508,34791783,5125055,0,0,0,0
31,3144942646360382232,4933943542690971215,88851,89926,40527,3090243,51217114,31091,404183,0,0,0,0,404183,27235039,5755264,87338187,11573341,34542872,5100901,0,0,0,0
32,3934959207445957992,16035491631744627796,45788,46863,37009,2995555,44212519,16352,212576,0,0,0,0,212576,14370148,2999232,64614463,5948722,33231536,5032261,0,0,0,0
33,2939905219594488232,17138846338471929075,2109,2678,16268,594451,3688360,256,3328,0,0,0,0,3328,228540,171392,4699011,52949,2295124,1340287,0,0,0,0
34,7115477866112852511,508760954962106095,41215,42288,40035,3049979,44671393,16192,210496,0,0,0,0,210496,14252784,2706432,64720623,5176444,34394048,5100901,0,0,0,0
35,17804540254511754082,17891001674654000382,26198,27262,27706,2651873,33041645,4520,58760,0,0,0,0,58760,4014738,1744768,41480730,955123,27627158,4459364,0,0,0,0
36,14329286675604069733,2549183635429215712,85261,86336,41048,3149644,51876890,32705,425165,0,0,0,0,425165,28648269,5525504,89241355,12046203,34707816,5122871,0,0,0,0
37,3512355457972779656,54641955697084343,248942,250017,41676,3160434,61351420,62787,816231,0,0,0,0,816231,54855619,16001088,135410237,21367827,34857056,5126537,0,0,0,0
38,15383367769352008159,4043399927758650155,156096,157171,41724,3133891,56225559,45832,595816,0,0,0,0,595816,40087502,10058944,109547620,16237754,34862113,5125692,0,0,0,0
39,6351360789494488775,14239871099138461167,211301,212376,41979,3221222,60677734,60419,785447,0,0,0,0,785447,52796289,13592064,130329288,20623161,34925982,5128591,0,0,0,0
40,9272416292419551771,10011039597865590263,160489,161564,39056,3058011,52857870,37305,484965,0,0,0,0,484965,32634563,10340096,98929596,13769821,34053643,5034406,0,0,0,0
41,9425662161293817965,3718056516881782185,99749,100824,41522,3129371,54533232,41517,539721,0,0,0,0,539721,36326979,6452736,100483840,14586806,34823555,5122871,0,0,0,0
42,3205280276530037954,14257155582419171572,209187,210262,40836,3166134,58940466,53808,699504,0,0,0,0,699504,47024744,13456768,122628948,19179888,34658585,5101993,0,0,0,0
43,8247375632809095502,9280524818218970153,251647,252722,42003,3170428,60654243,60312,784056,0,0,0,0,784056,52703430,16174208,132744312,20597187,34930909,5126147,0,0,0,0
44,296574145639910115,3579242053889772485,227527,228602,42068,3215202,61169927,62971,818623,0,0,0,0,818623,55020901,14630528,134078626,21095425,34948095,5126407,0,0,0,0
45,8902939286485989100,4154157133375683666,164289,165364,42024,3177058,58638684,54391,707083,0,0,0,0,707083,47546525,10583296,119987587,18572840,34939697,5126147,0,0,0,0
46,456937915389356564,16185041997014406329,87873,88948,40661,3048316,50885120,30647,398411,0,0,0,0,398411,26849979,5692672,86516748,11187696,34579688,5117736,0,0,0,0
47,14068545361310646309,4639816543041674363,256941,258016,42389,3245305,62006386,65882,856466,0,0,0,0,856466,57560126,16513024,139367230,21867612,35010443,5128331,0,0,0,0
48,13900954627316334852,4195680371056188860,30877,31939,31948,2923631,38225460,8981,116753,0,0,0,0,116753,7921459,2044096,51146594,2974296,30644276,4606888,0,0,0,0
49,2107424263269548503,11423161209362821136,7679,8743,10549,1166241,14949532,1469,19097,0,0,0,0,19097,1302275,559552,17988149,429572,11713637,2806323,0,0,0,0
50,8168283661969964125,9931039747041076422,61883,62958,40836,3244316,49903451,28085,365105,0,0,0,0,365105,24620609,4029312,81838524,10139805,34637954,5125692,0,0,0,0
51,14267482168518956616,13113212589325100185,244401,245476,42199,3239194,61170278,62953,818389,0,0,0,0,818389,55006081,15710464,135168216,21071362,34972509,5126407,0,0,0,0
52,6311305015811095954,6427547232503983676,156729,157804,41225,3103618,56344509,46933,610129,0,0,0,0,610129,41041741,10099456,110630549,16461432,34765081,5117996,0,0,0,0
53,6453722038223445224,18320083337798526167,20397,21460,22021,2270441,28638961,4240,55120,0,0,0,0,55120,3749564,1373440,36054427,1331850,23331932,3975179,0,0,0,0
54,14215514807094581899,5826899960588213343,127190,128265,41687,3082995,55386786,43645,567385,0,0,0,0,567385,38182729,8208960,104903157,15406924,34853455,5126407,0,0,0,0
55,3989771169862953169,18000163171180986405,33783,34841,34331,2910186,39353197,8936,116168,0,0,0,0,116168,7893340,2229824,52420878,2632058,31899933,4821206,0,0,0,0
56,11916016868319620830,3434736868211279916,93360,94435,41413,3193977,52662194,35578,462514,0,0,0,0,462514,31153044,6043840,93094468,12745889,34793889,5122416,0,0,0,0
57,4640130541490228991,9900884035484805568,138838,139913,41267,3151283,55708601,44138,573794,0,0,0,0,573794,38607010,8954432,106462593,15833467,34757268,5117866,0,0,0,0
58,1304427793644317805,15977181257162056870,237678,238753,40899,3122258,60914906,61131,794703,0,0,0,0,794703,53403675,15280192,132761930,21142056,34670402,5102448,0,0,0,0
59,1112308405835387574,6630118966332650719,110489,111564,37787,2949842,47870329,25679,333827,0,0,0,0,333827,22500751,7140096,80498805,9236916,33674862,4958551,0,0,0,0
60,13116184056299994042,2954471994216558182,232779,233854,41993,3115443,60623498,61070,793910,0,0,0,0,793910,53364194,14966656,132111784,20569510,34926112,5127876,0,0,0,0
61,5128382913954093173,17891395725310316608,14147,15211,16347,1755738,22106851,2593,33709,0,0,0,0,33709,2296671,973504,27149111,766649,17891185,3449017,0,0,0,0
62,149536194727853827,17641425227737243368,152580,153655,40207,3135628,51871716,35741,464633,0,0,0,0,464633,31281783,9833920,96163254,12378613,34435037,5058066,0,0,0,0
63,12785073334573540145,9719333807847662370,679121,906621,41826,3133858,61132084,62089,807157,0,0,0,0,807157,54248883,58023744,176580395,21111363,34895367,5125354,0,0,0,0
64,14715283007751744236,8298298031652102469,29806,30871,30339,2777797,37732864,9671,125723,0,0,0,0,125723,8512153,1975744,51028897,3615313,29506672,4610879,0,0,0,0
65,11365951123784606704,17887036220830551262,292943,294018,42586,3151205,64854751,77477,1007201,0,0,0,0,1007201,67662933,18817152,154528627,24675053,35050925,5128773,0,0,0,0
66,6167689052082312052,13319927937967308141,158867,159942,41710,3120118,57910632,51456,668928,0,0,0,0,668928,44986682,10236288,116295430,17925869,34863296,5121467,0,0,0,0
67,1471876335903736649,16816578889670006011,64818,65893,40494,3108650,50502673,29734,386542,0,0,0,0,386542,26052546,4217152,83921515,10850151,34550529,5101993,0,0,0,0
68,16616906695035230134,5658483354103529566,86074,87149,40647,3176284,52376155,34393,447109,0,0,0,0,447109,30111497,5577536,91282119,12696580,34589828,5089747,0,0,0,0
69,14774274864356891453,3644105131579224076,202885,203960,41479,3178190,58726434,53969,701597,0,0,0,0,701597,47172073,13053440,122171616,18792930,34811556,5121948,0,0,0,0
70,15893644149008283858,11402885097641880637,62475,63549,40150,3152720,48958897,25395,330135,0,0,0,0,330135,22270053,4067136,78488956,9439417,34428641,5090839,0,0,0,0
71,7865834665772639287,10652884563243312165,125116,126191,40815,3116373,53343654,37533,487929,0,0,0,0,487929,32848751,8076224,97425817,13607022,34633911,5102721,0,0,0,0
72,3982075187632817751,15468753295786042477,61373,62447,40755,3170138,49351198,26832,348816,0,0,0,0,348816,23528674,3996608,80087373,9607208,34625799,5118191,0,0,0,0
73,8257608772007586738,15060440126870394208,59122,60197,40724,3105461,48349821,24276,315588,0,0,0,0,315588,21300968,3852608,76649582,8633274,34599539,5117008,0,0,0,0
74,14977254156259156003,3920327573652986140,185064,186139,41144,3104902,57437107,49707,646191,0,0,0,0,646191,43456231,11912896,115952280,17601285,34718814,5117008,0,0,0,0
75,1589424333137760772,9471724134185867919,108654,109729,39337,3140075,51376481,31720,412360,0,0,0,0,412360,27772602,7022656,89351151,12143274,34196149,5037058,0,0,0,0
76,9774658082113931331,1081553943595848751,47599,48674,39055,3088268,46621224,20438,265694,0,0,0,0,265694,17943120,3115136,70806803,7505381,34060182,5055661,0,0,0,0
77,2885753135356757878,8144404064137559034,55029,56103,39520,2951450,46642076,20354,264602,0,0,0,0,264602,17873284,3590592,71096922,7363785,34219757,5058534,0,0,0,0
78,18228366790075488506,6042191629102714783,23805,24869,25256,2438344,31803954,5065,65845,0,0,0,0,65845,4479293,1591616,40338463,1525485,25952056,4326413,0,0,0,0
79,6705742309440081002,4560022252792973950,190393,191468,41697,3157116,58687018,53796,699348,0,0,0,0,699348,47024250,12253952,121164033,18698836,34865311,5122871,0,0,0,0
80,4183829670304994346,11429584479178068259,195158,196233,40587,3262413,56970966,47059,611767,0,0,0,0,611767,41145325,12558912,113978203,17292184,34575346,5103436,0,0,0,0
81,7971977087052089671,12943656896339611047,3310,4181,8189,693363,7183735,521,6773,0,0,0,0,6773,463359,267584,8616230,140348,5084612,1958775,0,0,0,0
82,14015440443514644708,15168746826461742152,154194,155269,40533,3113916,53195610,37662,489606,0,0,0,0,489606,32959524,9937216,99246799,13544427,34539622,5111561,0,0,0,0
83,14813477150930179670,10654782508927386569,75251,76326,40515,3077652,50861278,30508,396604,0,0,0,0,396604,26727272,4884864,85591581,11204518,34554767,5101993,0,0,0,0
84,277419965220824983,236082523621049125,10350,11415,12667,1374820,17757454,1944,25272,0,0,0,0,25272,1720706,730560,21596207,632853,14058746,3065855,0,0,0,0
85,11433493891647338668,7759285439589208922,58020,59095,39523,3157268,47518926,22591,293683,0,0,0,0,293683,19822907,3782080,74320704,8223722,34205457,5089747,0,0,0,0
86,3927747151045147985,14326285596270872888,109091,110166,40608,3125361,53716650,38461,499993,0,0,0,0,499993,33655505,7050624,97588748,14021488,34583406,5111756,0,0,0,0
87,2490559828448180269,1274096174389150426,129482,130557,41478,3197079,56613440,47638,619294,0,0,0,0,619294,41657980,8355648,109865625,16679169,34811855,5122416,0,0,0,0
88,12310597241526767626,6169451773211654535,214607,215682,42287,3135296,61542221,64778,842114,0,0,0,0,842114,56597242,13803648,135120694,21420191,34995753,5126277,0,0,0,0
89,4670254777196922682,8977123415404240798,248979,250054,42130,3153720,61629516,64251,835263,0,0,0,0,835263,56136223,16003456,136965045,21543106,34960003,5126407,0,0,0,0
90,15825785085970787932,11761380677485834089,149977,151052,38453,3117436,53140373,37304,484952,0,0,0,0,484952,32629038,9667328,98592628,14298557,33854522,4987294,0,0,0,0
91,6764912390002647435,3014557965378192313,19645,20708,21728,2150612,28202785,3729,48477,0,0,0,0,48477,3303209,1325312,35003646,1040897,23137881,4024007,0,0,0,0
92,16983826796895888681,7536200890693945291,116653,117728,40692,3068269,52126724,33557,436241,0,0,0,0,436241,29385083,7534592,92155360,12418562,34605714,5102448,0,0,0,0
93,8088651020318966618,2194267367720589618,271300,272375,42071,3206155,62320141,66567,865371,0,0,0,0,865371,58153381,17432000,141153748,22248889,34944845,5126407,0,0,0,0
94,13415699180734816289,3732729425680382944,99792,100867,41158,3121703,52750529,35994,467922,0,0,0,0,467922,31512156,6455488,93881034,12933401,34713952,5103176,0,0,0,0
95,6279338252731032094,1887704006076891057,44910,45974,38443,3178418,45642649,18668,242684,0,0,0,0,242684,16397030,2942336,68198876,6793735,33813416,5035498,0,0,0,0
96,6897685065739299843,7531328504092341133,37004,38067,37185,3040988,42184623,12035,156455,0,0,0,0,156455,10610561,2436288,58309645,3861299,33337590,4985734,0,0,0,0
97,16233122624032489404,8039177800558608082,86306,87381,38975,3092428,49093213,26305,341965,0,0,0,0,341965,23052601,5592384,80869601,10005281,34055671,5032261,0,0,0,0
98,3661284184810650330,17851859659918538447,112798,113873,40987,3217374,53571921,38691,502983,0,0,0,0,502983,33859917,7287872,97978071,13765999,34689746,5116176,0,0,0,0
99,7689340520339025854,8361813761871384818,181518,182593,41383,3252942,58217081,51714,672282,0,0,0,0,672282,45206980,11685952,118404338,18303493,34788169,5125419,0,0,0,0
100,3960091624786604190,7569933000661292823,84621,85696,40318,3062867,51816505,32878,427414,0,0,0,0,427414,28789670,5484544,89193904,12224862,34489650,5101993,0,0,0,0
101,4670656927620931667,14181596803173254391,49707,50782,38828,3096146,46071818,19329,251277,0,0,0,0,251277,16975621,3250048,69432461,7045389,33990463,5035966,0,0,0,0
102,9300506978581312426,1350367836935304870,150936,152011,40656,3068564,54209506,39800,517400,0,0,0,0,517400,34823360,9728704,101870790,14485939,34612994,5110573,0,0,0,0
103,17640199488338210563,802440088876334594,145209,146284,40736,3156908,54777346,40707,529191,0,0,0,0,529191,35613903,9362176,102951069,15036216,34623394,5117736,0,0,0,0
104,7528972887321522470,8947634756366866687,108346,109421,40904,3131191,53286402,37189,483457,0,0,0,0,483457,32550609,7002944,96012050,13514579,34652566,5119257,0,0,0,0
105,3331301268401570949,11179104202945140617,92564,93639,39164,3126078,51072320,31273,406549,0,0,0,0,406549,27382329,5992896,87612787,11882208,34138013,5052099,0,0,0,0
106,9634326897132195769,9737573833491439735,164242,165317,40597,3067226,55558542,44015,572195,0,0,0,0,572195,38492623,10580288,107739276,15882815,34574098,5101629,0,0,0,0
107,5564694400914521148,13192599877808201160,138290,139365,41298,3223143,56276870,45920,596960,0,0,0,0,596960,40159392,8919360,108620063,16387761,34763157,5125952,0,0,0,0
108,7364351477624240731,11515980236384986636,213181,214256,41879,3254075,60099273,58022,754286,0,0,0,0,754286,50707072,13712384,127814683,20066306,34907275,5125692,0,0,0,0
109,10816362873225505153,13562934150647224734,8678,9741,11949,1122186,16186950,1421,18473,0,0,0,0,18473,1262131,623424,19206640,366197,12811318,3009435,0,0,0,0
110,1504602427833427066,17494325283045092023,179508,180583,41437,3047013,57949996,50610,657930,0,0,0,0,657930,44246072,11557312,116841830,18026359,34797958,5125679,0,0,0,0
111,14630946136997394707,7499687124249330335,233620,234695,42289,3199708,62177076,66057,858741,0,0,0,0,858741,57711511,15020480,138151064,22052875,34994505,5129696,0,0,0,0
112,13716164394356899035,6840346086988944479,127932,129007,41199,3114436,55111524,42293,549809,0,0,0,0,549809,36999703,8256448,103523310,15254694,34739094,5117736,0,0,0,0
113,2401420817805416216,15473241626242985348,47396,48471,39465,3147564,46350694,19569,254397,0,0,0,0,254397,17190199,3102144,69830066,7063082,34211606,5076006,0,0,0,0
114,17693655737688215379,9034970174342985988,224475,225550,41524,3185637,60087378,58188,756444,0,0,0,0,756444,50847576,14435200,128597315,20138898,34825804,5122676,0,0,0,0
115,10293853982205095098,2548786864805232525,23213,24276,24649,2457042,31530967,5297,68861,0,0,0,0,68861,4679363,1553664,40245685,1720966,25486136,4323865,0,0,0,0
116,11797299450381563433,4981985418313192895,35282,36347,34882,2874844,40307189,10148,131924,0,0,0,0,131924,8952606,2326208,54495729,3236363,32239337,4831489,0,0,0,0
117,3019307246554859894,2467476317066320362,206391,207466,41623,3132545,59545707,56532,734916,0,0,0,0,734916,49407098,13277824,125404797,19570863,34851973,5122871,0,0,0,0
118,3945648719323444312,8340174509884755781,42821,43895,39084,3114571,44235659,15239,198107,0,0,0,0,198107,13415077,2809280,63613671,5129085,34070608,5035966,0,0,0,0
119,3571740835977137612,8568961206573942290,39116,40189,37228,3041471,43166565,13981,181753,0,0,0,0,181753,12307347,2572096,61124707,4801953,33379463,4985149,0,0,0,0
120,15688029600598372724,5720259538154688569,54945,56020,36346,3140065,45544278,19687,255931,0,0,0,0,255931,17269733,3585280,69575702,7639970,32979622,4924686,0,0,0,0
121,4809550328998405781,3447708533526052803,36132,37196,35459,2949754,40786876,10678,138814,0,0,0,0,138814,9416888,2380544,55569521,3483142,32480383,4823351,0,0,0,0
122,16673457341036131784,14298680398766734600,99158,100233,40866,3201103,51696658,32359,420667,0,0,0,0,420667,28343497,6414912,89697036,11935872,34637915,5122871,0,0,0,0
123,4709207850192104690,18417227130193309285,149693,150768,40654,3178200,55320278,42801,556413,0,0,0,0,556413,37435853,9649152,105624137,15622204,34586773,5111301,0,0,0,0
124,14987279176759560827,10079778277595310005,37089,38153,36382,3003767,42279016,12697,165061,0,0,0,0,165061,11182457,2441792,58943414,4369222,32981676,4928118,0,0,0,0
125,12455518455682061704,8593739427660388554,127761,128836,40334,3136763,52222859,34884,453492,0,0,0,0,453492,30537702,8245504,94183162,12624547,34485204,5113108,2560,0,0,0
126,16166164817434319113,16039466851637927744,74557,75632,37879,3017922,48702225,25969,337597,0,0,0,0,337597,22752353,4840448,79350827,10055084,33659119,4988022,0,0,0,0
127,12283571664785387763,3877277643710428228,191330,192405,41798,3130507,58205524,52486,682318,0,0,0,0,682318,45885086,12313920,119576835,18191459,34885734,5128331,0,0,0,0
128,10640180730474882598,15655919395236699445,40905,41978,36494,3029632,43832087,16013,208169,0,0,0,0,208169,14071239,2686592,63656044,5873257,33065266,4893564,0,0,0,0
129,3812952749990704472,2212017093938771090,169200,170275,39626,3070124,53554878,38498,500474,0,0,0,0,500474,33679022,10897600,101241250,14227733,34251594,5075551,0,0,0,0
130,8985774340266909244,3447487132174722669,204317,205392,42127,3163019,60230521,59579,774527,0,0,0,0,774527,52067015,13145088,128647770,20145203,34958911,5126407,0,0,0,0
131,3906820549000075022,12607135354281993224,34164,35227,34992,2929955,40301924,9815,127595,0,0,0,0,127595,8664201,2254528,54185600,3013387,32425536,4863001,0,0,0,0
132,6751380587087841664,6863978732371042631,247476,248551,42374,3175133,63007867,69464,903032,0,0,0,0,903032,60680022,15907264,142812660,22868859,35010287,5128721,0,0,0,0
133,7488812991156845180,5773145602443517632,221991,223066,41945,3124999,60484411,59969,779597,0,0,0,0,779597,52403975,14276224,130331554,20440108,34918858,5125445,0,0,0,0
134,7821847056005621223,191532722549337480,13085,14148,15566,1512554,20609238,1916,24908,0,0,0,0,24908,1703416,905472,24746246,431106,16659279,3518853,0,0,0,0
135,12217153512566328451,12911349674356922468,140014,141089,40924,3134085,55902704,44667,580671,0,0,0,0,580671,39063713,9029696,107171122,16124836,34667295,5110573,0,0,0,0
136,8806254138228182290,12141048397107289109,197954,199029,41787,3163133,58702553,54879,713427,0,0,0,0,713427,47968843,12737856,122614172,18706064,34878298,5118191,0,0,0,0
137,12733111632922560012,5939830085542312002,206941,208016,41873,3202644,59504809,56346,732498,0,0,0,0,732498,49247406,13313024,125309756,19479772,34899085,5125952,0,0,0,0
138,2501735311241351195,3322711624836827434,128747,129822,40736,3126197,53348360,37005,481065,0,0,0,0,481065,32387927,8308608,97211828,13657358,34599435,5091567,0,0,0,0
139,12960487387062707668,18328035585533126377,118191,119266,36752,2990962,46911020,25079,326027,0,0,0,0,326027,21970559,7633024,79542317,8891025,33064304,4955691,0,0,0,0
140,17814072604886395448,1215862796048831778,119451,120526,41193,3179926,53632033,38279,497627,0,0,0,0,497627,33502963,7713664,98069779,13778466,34731424,5122143,0,0,0,0
141,11285652319209009385,11557817986015518936,173483,174558,40159,3099432,54891785,42203,548639,0,0,0,0,548639,36910211,11171712,106113299,15444026,34390421,5057338,0,0,0,0
142,11014088713147922632,847894995652931219,170086,171161,41888,3234237,57847140,51070,663910,0,0,0,0,663910,44653050,10954304,116730619,17809870,34914399,5122871,0,0,0,0
143,406463308745511163,14319036669596667563,153711,154786,40633,3197023,53996969,37970,493610,0,0,0,0,493610,33228858,9906304,100369787,14304446,34590530,5101993,0,0,0,0
144,17534504696866617849,14315662837512484705,102149,103224,40899,3104068,53105611,36658,476554,0,0,0,0,476554,32087614,6606336,94944528,13339170,34648705,5117736,0,0,0,0
145,13198556944138723303,15078950454953880413,91401,92476,41639,3044330,52921219,36395,473135,0,0,0,0,473135,31866497,5918464,93792149,12958829,34839519,5122871,0,0,0,0
146,5770311749891783580,12008452308575766238,30707,31781,31591,2738706,37261562,7486,97318,0,0,0,0,97318,6616116,2033984,48681959,2224209,30381806,4655547,0,0,0,0
147,15785516674910074395,11053004304439769334,22914,23976,24568,2474801,30828954,4514,58682,0,0,0,0,58682,3996278,1534464,38859065,1275729,25296648,4256577,0,0,0,0
148,13721158072033547493,15541261378078459544,188567,189642,41349,3181573,58199115,52559,683267,0,0,0,0,683267,45942637,12137088,119501762,18303077,34780330,5115708,0,0,0,0
149,17324773251166613531,9946066183996860796,22219,23281,23844,2312952,30395235,4379,56927,0,0,0,0,56927,3877367,1489984,38099382,1228539,24885185,4281511,0,0,0,0
150,562156214216318010,245996296028465657,272795,273870,41959,3067128,62905609,69173,899249,0,0,0,0,899249,60421439,17527680,143963815,22850087,34929115,5126407,0,0,0,0
151,9961359178523252267,18309433531818418401,164980,166055,38196,3117551,54819817,45221,587873,0,0,0,0,587873,39527111,10627520,108130195,16442933,33477496,4899388,0,0,0,0
152,15648529573482083226,7851261184791914452,14571,15634,16719,1769425,22596977,2525,32825,0,0,0,0,32825,2238951,1000576,27622648,691743,18335031,3570203,0,0,0,0
153,5720364722347541976,15850302087332571123,123041,124116,40824,3110073,54043327,39102,508326,0,0,0,0,508326,34214856,7943424,99352504,14307176,34625578,5110573,0,0,0,0
154,1849194904166726695,626176201204369175,257310,258385,42541,3269750,63403574,72388,941044,0,0,0,0,941044,63229608,16536640,146482113,23236213,35038640,5128721,0,0,0,0
155,1710160193251210002,18142564493873951286,197759,198834,41534,3083214,56958850,49472,643136,0,0,0,0,643136,43256278,12725376,116065252,17011384,34824595,5122871,0,0,0,0
156,9689031059872497038,7085542128766261015,76472,77547,38813,3109923,48861904,26089,339157,0,0,0,0,339157,22863945,4963008,79837593,9899435,34000538,4961931,0,0,0,0
157,16465286939974686827,9697624342421021527,61230,62305,36861,3041825,43498065,15602,202826,0,0,0,0,202826,13715078,3987520,64279349,5441826,33158528,4897711,0,0,0,0
158,4411765945603959182,16782582044104339274,258395,259470,42365,3200625,62679682,68747,893711,0,0,0,0,893711,60055879,16606080,142584631,22539101,35011860,5128721,0,0,0,0
159,11070633886158185775,16971923361860351802,149664,150739,40976,3178467,55264417,42723,555399,0,0,0,0,555399,37370905,9647296,105502061,15478047,34674601,5111769,0,0,0,0
160,5918379027175537722,8468490517601503811,186103,187178,40795,3139853,57274529,48956,636428,0,0,0,0,636428,42799354,11979392,115233923,17561531,34622991,5090007,0,0,0,0
161,17073609758125032840,11398668048811166024,37703,38766,36472,3009336,42052062,12239,159107,0,0,0,0,159107,10783591,2481024,58362485,4051398,33019207,4981457,0,0,0,0
162,10020226892100438581,16432856621190969782,159818,160893,41737,3139354,57482503,50108,651404,0,0,0,0,651404,43812964,10297152,114773710,17481113,34878519,5122871,0,0,0,0
163,9526698960501645321,1013601231783566404,58677,59752,40816,3108520,51404535,32065,416845,0,0,0,0,416845,28085447,3824128,86463446,11674832,34628802,5100901,0,0,0,0
164,2533986941498802589,1500324027073107818,26850,27916,28434,2621674,33878416,4970,64610,0,0,0,0,64610,4408742,1786624,42723890,1173718,28153580,4551118,0,0,0,0
165,17485614095053154515,13111731989407934686,242725,243800,42045,3222186,62114767,65957,857441,0,0,0,0,857441,57621135,15603200,138603333,22039004,34947432,5128331,0,0,0,0
166,11103865399866589307,14558926658354674674,63196,64271,38912,3035968,47638136,22758,295854,0,0,0,0,295854,19963606,4113344,74789966,8588749,34035729,5013658,0,0,0,0
167,16623614656953444986,147268614842181855,45770,46834,40584,3135082,46359560,19728,256464,0,0,0,0,256464,17337684,2997376,69870286,6703281,34546798,5109481,0,0,0,0
168,17401659601693164384,16527813106031257436,253097,254172,42661,3176991,63703289,72804,946452,0,0,0,0,946452,63593452,16267008,146783401,23511163,35063535,5128591,0,0,0,0
169,11049669878503412000,16063820501820573719,217452,218527,42251,3209924,60588294,61018,793234,0,0,0,0,793234,53321996,13985728,131148193,20475598,34983975,5128721,0,0,0,0
170,8244986667504475031,10754805406405138243,91496,92571,40227,3060100,49069787,26757,347841,0,0,0,0,347841,23457031,5924544,81551689,9533095,34434699,5101993,0,0,0,0
171,1788616718346399265,13540069992716016993,27599,28672,27279,2701576,34549424,7501,97513,0,0,0,0,97513,6609005,1835008,45722292,2736903,27407718,4404803,0,0,0,0
172,12396976212410918861,15618144622985343343,46182,47253,37838,3067422,44886660,17302,224926,0,0,0,0,224926,15203006,3024192,66219118,6305754,33598032,4982874,0,0,0,0
173,16873111731406148719,17334438516627880203,200452,201527,41603,3138157,58844344,53780,699140,0,0,0,0,699140,47009976,12897728,121931808,18865756,34852441,5126147,0,0,0,0
174,4371287800040429725,13267493038963940101,215169,216244,41451,3151390,59163481,55551,722163,0,0,0,0,722163,48550151,13839616,124746089,19245980,34796034,5121467,0,0,0,0
175,8209346093335103303,2135189622880030305,185869,186944,41637,3223056,58183307,52474,682162,0,0,0,0,682162,45872476,11964416,119284892,18206994,34849906,5126407,0,0,0,0
176,14255313208860801240,647758609544441566,151123,152198,41036,3144287,55845140,44715,581295,0,0,0,0,581295,39107419,9740672,107878554,16027505,34699184,5118451,0,0,0,0
177,18351372482318773415,14408950029291211442,128557,129632,40043,3196734,50493976,31429,408577,0,0,0,0,408577,27525563,8296448,89552764,11013535,34369777,5110664,0,0,0,0
178,5333569916276211838,11512634652122347803,51621,52694,39796,3087436,46341516,19626,255138,0,0,0,0,255138,17242940,3372416,70084104,6922136,34328541,5090839,0,0,0,0
179,14839730370691303348,4932630096812509500,39009,40074,35825,3011282,42749434,14336,186368,0,0,0,0,186368,12606022,2564736,60967299,5184855,32734650,4829929,0,0,0,0
180,8494664764710398551,17639608183651404800,2418,3084,10062,581545,4870268,361,4693,0,0,0,0,4693,321061,197376,5980312,98488,3371303,1400477,0,0,0,0
181,8810377357959095360,18338137589035586239,104143,105218,40407,3153362,52558779,35271,458523,0,0,0,0,458523,30874545,6733952,93361045,12955800,34512504,5090475,0,0,0,0
182,13347861167049037999,9074521972228313027,34275,35341,34675,3008768,40620671,11016,143208,0,0,0,0,143208,9707204,2261824,55633142,3714165,32079437,4827069,0,0,0,0
183,3415214943306286275,13867494409271149955,206531,207606,41307,3137154,57562375,51080,664040,0,0,0,0,664040,44653804,13286784,118681424,17701476,34743163,5117736,0,0,0,0
184,1542034587360853647,15446538216244248719,136419,137494,41312,3168004,55657953,43798,569374,0,0,0,0,569374,38310870,8799616,105977755,15777164,34760505,5120284,0,0,0,0
185,7041236488380273089,13099322147041779053,47162,48237,39199,3131077,46216417,19454,252902,0,0,0,0,252902,17087772,3087168,69561633,7030010,34130161,5056246,0,0,0,0
186,6577698462137654446,8323917893503605736,166211,167286,41701,3175979,56778202,47434,616642,0,0,0,0,616642,41483468,10706304,112185654,16790098,34861957,5126147,0,0,0,0
187,11309444907707955184,16885509663951039723,11225,12267,14400,1459768,18931835,1794,23322,0,0,0,0,23322,1593514,785088,22784605,435630,15294968,3201237,0,0,0,0
188,9315095082053299105,14841345286983210089,67526,68601,38068,3079446,46172737,20448,265824,0,0,0,0,265824,17944706,4390464,71625421,7529886,33659197,4983654,0,0,0,0
189,10441608174670523033,11011808356648366107,33022,34085,33899,2835920,38884547,8782,114166,0,0,0,0,114166,7757412,2181440,51693218,2607787,31565274,4711486,0,0,0,0
190,3211213526803787105,10357062484345137113,120075,121150,38650,3075809,51060308,31341,407433,0,0,0,0,407433,27437527,7753600,89365894,12081368,33966751,5012189,0,0,0,0
191,5014579224550413418,10035172834949067400,213402,214477,41906,3182548,60472386,59732,776516,0,0,0,0,776516,52197184,13726528,129620552,20434466,34911773,5126147,0,0,0,0
192,6776110149503520123,7083752154176144988,197867,198942,31813,2809921,48302839,39308,511004,0,0,0,0,511004,34338668,12732288,98215529,13657137,30032951,4612751,0,0,0,0
193,7437459860575075213,4812051224455040954,52057,53132,38044,3001683,44572697,16495,214435,0,0,0,0,214435,14501669,3400448,65514541,5950893,33662525,4959279,0,0,0,0
194,6415209840824992977,10220443444804829316,138970,140045,40025,3151532,53627249,37735,490555,0,0,0,0,490555,33017335,8962880,98799021,14144481,34390746,5092022,0,0,0,0
195,13482969421180024189,1214149485844130102,272533,273608,42453,3218939,63426454,72046,936598,0,0,0,0,936598,62930400,17510912,147129158,23270793,35025575,5130086,0,0,0,0
196,9537082997228313597,15030035565446482472,71747,72822,41394,3152137,50994112,31047,403611,0,0,0,0,403611,27205919,4660608,86054170,11094447,34773518,5126147,0,0,0,0
197,10133171182378550604,5096247385397886315,96437,97512,41914,3161284,54675608,41897,544661,0,0,0,0,544661,36662483,6240768,100782057,14646944,34905793,5122871,0,0,0,0
198,4528660790043124283,11455974971819231587,162741,163816,34060,3010061,47719893,31778,413114,0,0,0,0,413114,27789424,10484224,89037662,11308544,31663216,4748133,0,0,0,0
199,16361428497044398582,11850576811592386646,161404,162479,40383,3052809,54757157,41564,540332,0,0,0,0,540332,36355410,10398656,104604415,15155751,34511659,5089747,0,0,0,0
200,14106406521528181157,7080199542366595564,225196,226271,41532,3227156,60776495,60900,791700,0,0,0,0,791700,53210170,14481344,131736697,20831304,34822268,5122923,0,0,0,0
201,8559632108082708792,8239291362840322027,61768,62843,41384,3106935,49820407,27981,363753,0,0,0,0,363753,24535641,4021952,81526319,9908964,34789027,5122416,0,0,0,0
202,10235639668083527071,7031333035478191959,177472,178547,41539,3168753,58848205,54110,703430,0,0,0,0,703430,47295950,11427008,120781455,18894304,34831030,5122871,0,0,0,0
203,17337525345261072769,15646881610595170101,239363,240438,41662,3114176,61786478,64669,840697,0,0,0,0,840697,56495777,15388032,136826125,21782683,34880924,5122871,0,0,0,0
204,12097651746612328543,17890773269218254257,181821,182896,41074,3137446,57081310,48002,624026,0,0,0,0,624026,41969798,11705344,113934972,17262934,34700913,5117463,0,0,0,0
205,16676085119046435535,15013072009483874525,37406,38471,37391,3078070,42373786,12496,162448,0,0,0,0,162448,11013704,2462144,58965095,4088500,33355868,4929418,0,0,0,0
206,10866156254071543518,9906318147215904968,36895,37962,34497,2914004,42539484,14725,191425,0,0,0,0,191425,12936807,2429568,60854360,5634226,32084052,4821206,0,0,0,0
207,2718174764656399564,16194098459066165315,23979,25042,25601,2510681,32302660,5512,71656,0,0,0,0,71656,4869930,1602688,41311560,1782326,26133458,4386876,0,0,0,0
208,3631052024434557855,11037040095423205855,235183,236258,41712,3184896,61265425,63080,820040,0,0,0,0,820040,55110432,15120512,134722977,21276424,34866585,5122416,0,0,0,0
209,11941522460368476046,13908194514457902498,41640,42703,39672,3058788,44818553,16249,211237,0,0,0,0,211237,14299727,2732992,64949732,5433766,34296093,5088694,0,0,0,0
210,6554022297751810779,7958197456281126054,128428,129503,39247,3141537,53011595,36210,470730,0,0,0,0,470730,31682404,8288192,96162975,13820456,34153626,5037513,0,0,0,0
211,15494444564763743065,9159752534916920504,38536,39598,35908,3039371,43501393,15659,203567,0,0,0,0,203567,13759187,2534272,62870131,5841082,32797310,4863001,0,0,0,0
212,16050511539404471018,12917268637136329653,253241,254316,42044,3154408,62183927,66241,861133,0,0,0,0,861133,57868395,16276224,139524998,22114638,34943142,5126147,0,0,0,0
213,11999199269000501034,12564442278715217772,120066,121141,40818,3100825,54033603,39225,509925,0,0,0,0,509925,34322613,7753024,99250883,14298505,34633105,5101993,0,0,0,0
214,4650961466378577745,3448202317708461514,254508,255583,41922,3184354,62541492,67376,875888,0,0,0,0,875888,58854952,16357312,140980032,22504820,34908341,5128331,0,0,0,0
215,11043087000247889422,8193957176541453851,29855,30919,30765,2850804,36706215,7313,95069,0,0,0,0,95069,6459921,1978816,48026521,2261025,29796949,4648241,0,0,0,0
216,2029444969724355239,488691689131975455,36549,37613,34543,2914383,41386852,12826,166738,0,0,0,0,166738,11283402,2407232,58026412,4660266,32064461,4662125,0,0,0,0
217,3225973761914549284,10655336118788066480,8094,9144,11937,1182701,15033746,1246,16198,0,0,0,0,16198,1107860,585216,17921460,297037,11893167,2843542,0,0,0,0
218,16492979534452021254,16543480866156719309,28475,29540,29714,2805128,35996909,7342,95446,0,0,0,0,95446,6480500,1890560,47202811,2378090,29054506,4564313,0,0,0,0
219,1569666368328568087,4867392230202029205,109506,110581,40765,3069488,53109979,36265,471445,0,0,0,0,471445,31743803,7077184,95041219,13393666,34613592,5102721,0,0,0,0
220,16398644608846298513,2701887606515983039,164236,165311,42047,3282546,57787197,50746,659698,0,0,0,0,659698,44371600,10579904,116063294,17723680,34934926,5128591,0,0,0,0
221,13586422869136880805,14556489882492421217,156727,157802,36647,3050925,48957220,31337,407381,0,0,0,0,407381,27420003,10099328,89564123,11109371,32953271,4894578,0,0,0,0
222,15902998009659084682,15454916156942906304,121880,122955,41346,3147386,55204929,42809,556517,0,0,0,0,556517,37450309,7869120,103713090,15308124,34773934,5122871,0,0,0,0
223,9666295597485576539,16764621473967624016,246816,247891,42002,3172558,61537697,64671,840723,0,0,0,0,840723,56500379,15865024,137117660,21479965,34929596,5128136,0,0,0,0
224,7678739181936081838,14415212288215739177,115278,116353,38356,3034880,46948486,24381,316953,0,0,0,0,316953,21373079,7446592,78841393,8092760,33819760,5035966,0,0,0,0
225,9432103679564050389,4980625184169988479,16843,17905,19167,1857565,24682255,2606,33878,0,0,0,0,33878,2316834,1145920,30021741,547690,20437729,3696836,0,0,0,0
226,3446449457893232143,8986253718803070587,268,268,4543,0,0,0,0,0,0,0,0,0,0,17152,21695,0,0,0,0,0,0,0
227,15691641590656322157,8749229263130505845,46839,47914,39192,2981828,45817135,18730,243490,0,0,0,0,243490,16456804,3066496,68361455,6636006,34125468,5055661,0,0,0,0
228,9319254158117973237,903519986942246539,48095,49161,38463,2969458,44862597,16858,219154,0,0,0,0,219154,14821014,3146304,65837836,5997667,33850544,5014386,0,0,0,0
229,16336949934302145361,8316609961820954889,40528,41602,38147,2941076,43706208,14646,190398,0,0,0,0,190398,12892178,2662528,62240137,4975126,33722221,5008861,0,0,0,0
230,3281250192952145694,7195235229999917580,6108,7124,11119,884798,12788009,977,12701,0,0,0,0,12701,869271,455936,15009133,228475,9882691,2676843,0,0,0,0
231,8924819577034230883,13825481932254482092,34730,35792,35218,2922226,40552317,10418,135434,0,0,0,0,135434,9190246,2290688,54990695,3295136,32427252,4829929,0,0,0,0
232,11915416379263865831,384949111756493540,79889,80964,37409,3041436,48982505,26666,346658,0,0,0,0,346658,23356424,5181696,80599470,10508056,33524621,4949828,0,0,0,0
233,9653649054807012619,16885251415535719908,19760,20823,21245,2201401,29164980,5829,75777,0,0,0,0,75777,5131035,1332672,37851333,2321605,22842898,4000477,0,0,0,0
234,3138041299098866087,15849417364265759712,226514,227589,42628,3157094,62368358,68313,888069,0,0,0,0,888069,59681375,14565696,139815151,22184825,35053577,5129956,0,0,0,0
235,16753188377842897000,2728433029987132875,120857,121932,41746,3099525,55687138,44754,581802,0,0,0,0,581802,39149162,7803648,105781219,15693899,34867287,5125952,0,0,0,0
236,3328286086532902559,12971464107881059143,34909,35980,33730,2887461,41439658,13237,172081,0,0,0,0,172081,11635429,2302720,58298998,4969549,31614700,4855409,0,0,0,0
237,9275925105439090895,3372680258924738339,291,291,5495,0,0,0,0,0,0,0,0,0,0,18624,24119,0,0,0,0,0,0,0
238,8193784623427691163,7115968522621564155,128141,129216,40934,3120543,54715024,40808,530504,0,0,0,0,530504,35702914,8269824,101849239,14928433,34675303,5111288,0,0,0,0
239,1768736439080339367,10558052210428153711,231404,232479,42115,3239400,61703720,64221,834873,0,0,0,0,834873,56109677,14878656,135973568,21620612,34954777,5128331,0,0,0,0
240,6674779126626003031,13768328417642704931,3406,4267,8650,647753,7286214,515,6695,0,0,0,0,6695,458367,273088,8674072,131950,5174468,1979796,0,0,0,0
241,2122288897910369108,3299237890854922676,171217,172292,41831,3089586,57787730,51171,665223,0,0,0,0,665223,44739877,11026688,116685712,17764617,34896966,5126147,0,0,0,0
242,10099787963837597941,10339124551659812454,10429,11490,13133,1374252,18008224,1642,21346,0,0,0,0,21346,1458730,735360,21589699,404209,14538953,3065062,0,0,0,0
243,8346121696495311219,3171813825948000322,108559,109634,40238,3098026,52841724,35483,461279,0,0,0,0,461279,31057949,7016576,94054513,13282828,34468057,5090839,0,0,0,0
244,1084359330546719196,18128718178225437009,6359,7414,9044,1007477,12297337,1086,14118,0,0,0,0,14118,963820,474496,14752174,308295,9431422,2557620,0,0,0,0
245,8883599725883024343,11002074877562057161,103037,104112,38047,3116723,48397310,26334,342342,0,0,0,0,342342,23071672,6663168,81286920,9716408,33698028,4982874,0,0,0,0
246,4008051880738627984,14459588898743519670,239508,240583,42113,3089563,60670155,60586,787618,0,0,0,0,787618,52943618,15397312,132142761,20587255,34957156,5125744,0,0,0,0
247,15728654742979675289,13250174869641725996,274,274,5179,0,0,0,0,0,0,0,0,0,0,17536,22715,0,0,0,0,0,0,0
248,15816593517690241029,2800977842562213134,65587,66662,39874,3123462,48933118,25744,334672,0,0,0,0,334672,22572082,4266368,78934904,9481446,34350771,5100901,0,0,0,0
249,2208128961106589188,2606118932714617657,48111,49186,38802,3180823,45922552,18933,246129,0,0,0,0,246129,16630289,3147904,68920370,6896201,33990853,5035498,0,0,0,0
250,4857330096602240005,12159453612858042431,86967,88042,40467,3113467,51658529,32803,426439,0,0,0,0,426439,28725905,5634688,89173056,12011662,34536294,5110573,2560,0,0,0
251,4665043783636201592,13017211699510722420,107473,108548,41125,3193167,53472744,37193,483509,0,0,0,0,483509,32555679,6947072,96209787,13648713,34712275,5111756,0,0,0,0
252,15999134343165671571,5632230250015511560,163399,164474,40412,3114161,55721016,43657,567541,0,0,0,0,567541,38179869,10526336,107581794,16080051,34530756,5110209,0,0,0,0
253,7701222915981079604,3293954715358315015,28233,29296,29477,2858849,36178922,7755,100815,0,0,0,0,100815,6839183,1874944,47781375,2667405,28906046,4605471,0,0,0,0
254,13464825739442186896,8246058021133902604,19418,20482,21622,2149281,27398501,3177,41301,0,0,0,0,41301,2820987,1310848,33701239,735228,22690720,3972553,0,0,0,0
255,3203300778566748,5785492379367987015,88103,89178,41865,3193161,52168714,34477,448201,0,0,0,0,448201,30199117,5707392,91310249,12142195,34898643,5127876,0,0,0,0
256,3770740330407608811,11593671424157495591,305730,306805,42580,3184020,65127335,78447,1019811,0,0,0,0,1019811,68507257,19635520,156496712,24950601,35050327,5126407,0,0,0,0
257,1641173139798643780,1506785141273938096,26249,27311,27513,2714021,33675395,5766,74958,0,0,0,0,74958,5099042,1747904,43263875,1722890,27550211,4402294,0,0,0,0
258,811613262287202028,11955019994029081051,52575,53640,40783,3088923,47749611,22756,295828,0,0,0,0,295828,19977802,3432960,74290079,8010639,34616556,5122416,0,0,0,0
259,14740668173646600279,13309537726384659135,40860,41923,39244,3009325,43516252,13857,180141,0,0,0,0,180141,12213695,2683072,61461588,4338841,34101860,5075551,0,0,0,0
260,17579750161965797524,11361670073991240008,70434,71509,40416,3078762,49605465,27163,353119,0,0,0,0,353119,23812139,4576576,81113358,10012379,34502247,5090839,0,0,0,0
261,5236397370953051573,5412380164025586366,134948,136023,40482,3240708,53266070,37168,483184,0,0,0,0,483184,32528210,8705472,97780942,13629447,34528195,5108428,0,0,0,0
262,11221765615242657808,17661698930903386837,197304,198379,41302,3123451,58212089,51750,672750,0,0,0,0,672750,45238232,12696256,119311330,18323058,34766615,5122416,0,0,0,0
263,12974079008421453896,1948296800377661150,136839,137914,41407,3015938,55012061,42258,549354,0,0,0,0,549354,36971376,8826496,103867278,15092337,34801533,5118191,0,0,0,0
264,1071668844152723214,1208113928173894247,157149,158224,40149,3137818,51073815,34061,442793,0,0,0,0,442793,29818165,10126336,94196283,11600134,34399690,5073991,0,0,0,0
265,13779499061222273634,1863435658318004686,53268,54343,38736,3089792,47242195,22142,287846,0,0,0,0,287846,19425744,3477952,73274419,8258328,33947173,5036694,0,0,0,0
266,15638715964544010036,2977539012741993297,43270,44345,39078,2999396,44093803,15057,195741,0,0,0,0,195741,13257959,2838080,63228316,4955275,34050341,5088187,0,0,0,0
267,3057382260254830443,11747293076854846449,222721,223796,41765,3176828,59572032,56533,734929,0,0,0,0,734929,49409347,14322944,126522916,19578104,34866052,5127876,0,0,0,0
268,8870918298014257224,18051224744993120782,137439,138514,41025,3100376,54705807,40500,526500,0,0,0,0,526500,35435894,8864896,102147998,14885650,34698014,5122143,0,0,0,0
269,18402386574753259472,17570283876732710525,31492,32554,31640,2862021,38625691,9933,129129,0,0,0,0,129129,8746309,2083456,52349117,3605836,30313374,4706481,0,0,0,0
270,15343315987897393952,7370458862223200914,2534,3157,14234,594914,5415878,380,4940,0,0,0,0,4940,338390,202048,6565464,96005,3580733,1739140,0,0,0,0
271,5538621780933029553,2950211366301047372,75675,76750,38174,3084264,48210357,24535,318955,0,0,0,0,318955,21506277,4912000,77751072,9416511,33806552,4987294,0,0,0,0
272,16521342504569641678,5343561646653188817,41335,42409,38038,3044685,43887259,15050,195650,0,0,0,0,195650,13243958,2714176,62928116,5214261,33661264,5011734,0,0,0,0
273,13522933415267144956,10911863746326494106,78996,80071,40339,3139744,49809968,27354,355602,0,0,0,0,355602,23978266,5124544,82092861,10241309,34491288,5077371,0,0,0,0
274,12496714450401978767,322205922198901594,135888,136963,37391,3094492,50897652,33253,432289,0,0,0,0,432289,29093285,8765632,91888452,12627329,33343765,4926558,0,0,0,0
275,15262024628088753753,5631166383217236024,35350,36413,36148,3016048,40297920,9316,121108,0,0,0,0,121108,8235968,2330432,53916516,2608658,32733571,4955691,0,0,0,0
276,6817758444646984927,7814173076904230168,35224,36295,32662,2925002,40238094,12056,156728,0,0,0,0,156728,10602462,2322880,56121100,4550598,31022030,4665466,0,0,0,0
277,13154974048115677183,3711724961475808256,139714,140789,41646,3101638,56398732,46942,610246,0,0,0,0,610246,41053480,9010496,109605992,16425864,34847904,5124964,0,0,0,0
278,2603540668350167723,9329798190077736508,75749,76824,38856,3081985,44854472,17840,231920,0,0,0,0,231920,15680184,4916736,68572233,5801549,33975552,5077371,0,0,0,0
279,2713645569300799418,1724545345550310877,24679,25743,26195,2522575,32194006,4928,64064,0,0,0,0,64064,4363398,1647552,40753726,1365507,26558896,4269603,0,0,0,0
280,1397327276398224185,13931963019850612491,231263,232338,41999,3189334,60783970,61106,794378,0,0,0,0,794378,53395316,14869632,132280251,20721298,34934406,5128266,0,0,0,0
281,2766562979623221596,17310199523892426500,172,172,3209,0,0,0,0,0,0,0,0,0,0,11008,14217,0,0,0,0,0,0,0
282,3740357793740193724,11127915756620121507,46819,47894,39912,3091011,45871436,18579,241527,0,0,0,0,241527,16331965,3065216,68399540,6489119,34291582,5090735,0,0,0,0
283,10845892320993320138,10095491693303702698,228505,229580,40388,3099586,57652777,51665,671645,0,0,0,0,671645,45154707,14693120,120640578,18090124,34487570,5075083,0,0,0,0
284,7620709682983035298,8671651747174168995,157123,158198,41383,3069036,56653740,46680,606840,0,0,0,0,606840,40821950,10124672,110710781,16758456,34777093,5118191,0,0,0,0
285,18420680668191183962,2190245066011824058,217041,218116,42216,3268074,60544146,60867,791271,0,0,0,0,791271,53190423,13959424,131004283,20437547,34980192,5126407,0,0,0,0
286,2325670906741872318,2932370390555099679,50720,51787,39028,3073813,46728123,20671,268723,0,0,0,0,268723,18145413,3314368,71300745,7639320,34055697,5033106,0,0,0,0
287,5357299776179764107,3920371048730631983,230407,231482,42510,3189092,62427794,67900,882700,0,0,0,0,882700,59320326,14814848,139794570,22262019,35035689,5130086,0,0,0,0
288,15309077097523702307,3848686530299140951,118849,119924,41003,3119697,54130921,40154,522002,0,0,0,0,522002,35133826,7675136,100100583,14337882,34675576,5117463,0,0,0,0
289,6687752009926031224,14342466247756464436,238851,239926,42185,3164497,60853260,61111,794443,0,0,0,0,794443,53401491,15355264,132816697,20760350,34966958,5125952,0,0,0,0
290,16741065566866901963,17290245346803647884,286858,287933,42398,3168603,64599509,76135,989755,0,0,0,0,989755,66491087,18427712,152729309,24450465,35020453,5128591,0,0,0,0
291,7248189349028393822,15737116640884721357,93560,94635,40318,3188015,51789803,32775,426075,0,0,0,0,426075,28699853,6056640,89774629,12189944,34509020,5090839,0,0,0,0
292,9704385120430894647,6031114413898164429,215469,216544,42285,3211025,60650564,60830,790790,0,0,0,0,790790,53158300,13858816,130920990,20532993,34991424,5126147,0,0,0,0
293,3844575062029217760,9170219803539385634,76375,77450,40051,3052021,49882703,28277,367601,0,0,0,0,367601,24779547,4956800,82711122,10385505,34406359,5090839,0,0,0,0
294,6776863253534648972,10435877813941030881,31726,32790,32883,2825623,37833744,7604,98852,0,0,0,0,98852,6725394,2098560,49516204,2112721,31011682,4709341,0,0,0,0
295,15558819834572950855,14218941868678451109,45866,46941,39259,3133199,46408271,19908,258804,0,0,0,0,258804,17482686,3004224,70067639,7271823,34123882,5012566,0,0,0,0
296,14098591494167229446,5989376415264597264,55486,56561,38156,3097348,46912437,21629,281177,0,0,0,0,281177,18973721,3619904,72641566,8219185,33732049,4961203,0,0,0,0
297,16684938710822976118,17257975781106190901,180004,181079,40818,3180331,56292691,45217,587821,0,0,0,0,587821,39542113,11589056,110645009,16556592,34632923,5103176,0,0,0,0
298,13863884631187765155,16158584587142630905,287341,288416,41945,3168395,62852933,68557,891241,0,0,0,0,891241,59884253,18458624,144406150,22807668,34918858,5126407,0,0,0,0
299,1143358531381596915,5261741016097000221,208018,209093,41948,3140536,59673276,57224,743912,0,0,0,0,743912,50013548,13381952,126251260,19624345,34923616,5125315,0,0,0,0
300,16983893493988057144,10547037379531117094,52152,53218,40153,3125636,47284913,21705,282165,0,0,0,0,282165,19056609,3405952,72913263,7742748,34440172,5101993,0,0,0,0
301,1724518686776498143,12345625233637673278,164427,165502,41226,3086412,56771884,47595,618735,0,0,0,0,618735,41617329,10592128,112108979,16905811,34748974,5117099,0,0,0,0
302,8538896548090692507,11476233216775073514,255400,256475,41824,3053441,61769292,64402,837226,0,0,0,0,837226,56263610,16414400,137542567,21756735,34887333,5125224,0,0,0,0
303,5414849337552919299,3999666577308628726,178555,179630,41890,3246977,58335654,52076,676988,0,0,0,0,676988,45528782,11496320,118649623,18307289,34901958,5126407,0,0,0,0
304,5753652621297339322,3915965014802840203,114374,115449,40717,2977456,54230072,40220,522860,0,0,0,0,522860,35189076,7388736,99826057,14484275,34628061,5117736,0,0,0,0
305,13959956551240721426,3741425696857813882,13618,14681,15938,1580498,21709103,2252,29276,0,0,0,0,29276,1998750,939584,26243873,570466,17656093,3482544,0,0,0,0
306,5951885681511492754,6542502912826058247,165680,166755,41979,3147794,58110741,52262,679406,0,0,0,0,679406,45692400,10672320,117665234,18048537,34933613,5128591,0,0,0,0
307,14096157529361104145,6569635787287180949,212748,213823,40189,3138544,56793165,49051,637663,0,0,0,0,637663,42875859,13684672,116532429,17287153,34429369,5076643,0,0,0,0
308,10995625614851936462,6950738094732830728,61290,62365,40071,3108264,48454900,24381,316953,0,0,0,0,316953,21386339,3991360,76980934,8941582,34422843,5090475,0,0,0,0
309,2482182704636653382,10104693727598757017,170461,171536,41092,3165989,57331690,48538,630994,0,0,0,0,630994,42437616,10978304,113954691,17504435,34715694,5111561,0,0,0,0
310,5441177358497796648,13954766467866216378,51012,52087,40574,3145152,47722454,22680,294840,0,0,0,0,294840,19909578,3333568,74151326,8057023,34543015,5122416,0,0,0,0
311,10594619803076971035,9119474583077129898,45521,46583,38776,3076434,45112158,17124,222612,0,0,0,0,222612,15054988,2981312,66263668,6133881,33965256,5013021,0,0,0,0
312,6087995028302807018,7880013623741571835,195793,196868,42079,3109597,59697677,57384,745992,0,0,0,0,745992,50154364,12599552,125603269,19623032,34946184,5128461,0,0,0,0
313,13157498791441590363,15424292367306605315,123101,124176,40007,3130136,53171781,36198,470574,0,0,0,0,470574,31678842,7947264,95968030,13673673,34396115,5101993,0,0,0,0
314,4140354337515438600,18077851505513851272,54951,56026,39720,3041102,47589035,22411,291343,0,0,0,0,291343,19666257,3585664,73921778,8232978,34280051,5076006,0,0,0,0
315,8790324440253869243,5279116714665666640,170396,171471,40738,3084035,56072926,44696,581048,0,0,0,0,581048,39086970,10974144,109258813,16365531,34607976,5099419,0,0,0,0
316,16033494607729759540,7667915094425055471,42537,43611,39231,3122940,44648422,16118,209534,0,0,0,0,209534,14183182,2791104,64784879,5448001,34140795,5059626,0,0,0,0
317,8752774043967305422,11449885034954060762,10361,11423,12980,1340713,17744064,1721,22373,0,0,0,0,22373,1526863,731072,21355692,475618,14169519,3098927,0,0,0,0
318,1617876536608997945,5731813688328998444,142933,144008,38359,3061367,49318763,30660,398580,0,0,0,0,398580,26843206,9216512,88478207,10453235,33856667,5008861,0,0,0,0
319,11783616977204820698,6985039572837061153,298719,299794,42541,3230531,64563304,76038,988494,0,0,0,0,988494,66409486,19186816,153432678,24387753,35045465,5130086,0,0,0,0
320,6559492945288675383,5337011497229669821,68385,69460,40725,3193016,50164465,28407,369291,0,0,0,0,369291,24898991,4445440,82742637,10447099,34606065,5111301,0,0,0,0
321,12305242939273486517,15599086108363239615,133840,134915,41018,3178524,54127229,39099,508287,0,0,0,0,508287,34215909,8634560,100197240,14312714,34696779,5117736,0,0,0,0
322,12908446579899175636,3156590284762386376,58499,59574,40580,3107311,49270702,26833,348829,0,0,0,0,348829,23527257,3812736,79758586,9580311,34581235,5109156,0,0,0,0
323,16901059007659922422,9734628091030769953,92487,93562,40054,3091712,48914658,26807,348491,0,0,0,0,348491,23499333,5987968,81533725,9453587,34383700,5077371,0,0,0,0
324,4922858970751481929,16126035374291535575,277244,278319,41734,3093141,61495694,63866,830258,0,0,0,0,830258,55795896,17812416,138238881,21504132,34870095,5121467,0,0,0,0
325,3362611848888048773,6362670672328270513,189283,190358,41976,3201286,58573918,53487,695331,0,0,0,0,695331,46758413,12182912,120758505,18520996,34926775,5126147,0,0,0,0
326,7122687477757991286,3474675196808305828,260788,261863,42188,3173650,62172422,66108,859404,0,0,0,0,859404,57754684,16759232,139902176,22068410,34975876,5128136,0,0,0,0
327,6923307926486974913,5147259662232877942,138972,140047,41403,3206358,55700502,43816,569608,0,0,0,0,569608,38328498,8963008,106239769,15794207,34777964,5128331,0,0,0,0
328,14543759518216842298,7439737646637638471,131322,132397,40768,3190356,54145507,39248,510224,0,0,0,0,510224,34343010,8473408,100193049,14395251,34632793,5117463,0,0,0,0
329,3526120906025846912,2463920764420611332,58628,59703,38208,3142324,47160880,22064,286832,0,0,0,0,286832,19352736,3820992,73515140,8492120,33737522,4931238,0,0,0,0
330,13105054135411926411,6989798718944266944,89364,90439,40475,3126545,51833457,33079,430027,0,0,0,0,430027,28965495,5788096,89754068,12200461,34532095,5100901,0,0,0,0
331,10428491862727895118,7659091452287278377,42625,43687,38247,3080236,44174520,15380,199940,0,0,0,0,199940,13532584,2795968,63621555,5356962,33782060,5035498,0,0,0,0
332,13804446188507661559,8939308683032685797,265767,266842,42079,3048912,61875840,64912,843856,0,0,0,0,843856,56711902,17077888,138756621,21793785,34953724,5128331,0,0,0,0
333,6396824164812931943,7003166169122271197,169716,170791,39893,3091809,55639103,43593,566709,0,0,0,0,566709,38118535,10930624,107819964,16184831,34377993,5076279,0,0,0,0
334,10148263954741301844,4186276319997746374,44740,45806,38733,3088742,46103174,19340,251420,0,0,0,0,251420,16983772,2931584,69146005,7138287,33954466,5010421,0,0,0,0
335,3477990544745926582,6510059384096988355,31943,33008,30703,2812009,38100335,9979,129727,0,0,0,0,129727,8782995,2112512,51838554,3683095,29799484,4617756,0,0,0,0
336,13231701053928365568,4672569768871439808,114734,115809,40281,3072232,52550797,34799,452387,0,0,0,0,452387,30463615,7411776,93538701,12962235,34485750,5102812,0,0,0,0
337,8844698145932292901,356680768898288890,89286,90361,40617,3083410,51764271,32772,426036,0,0,0,0,426036,28700074,5783104,89371476,12090065,34572213,5101993,0,0,0,0
338,7161356552888137975,7094107007632600994,235350,236425,42053,3133592,61519315,64358,836654,0,0,0,0,836654,56228302,15131200,136054462,21450676,34942492,5126147,0,0,0,0
339,9014024295874841266,14729555240847733191,241750,242825,42186,3169743,61536683,63861,830193,0,0,0,0,830193,55797573,15540800,136086985,21431176,34977046,5128461,0,0,0,0
340,17895031192751868333,14177045599436239241,30177,31240,30172,2776742,37232936,8717,113321,0,0,0,0,113321,7680127,1999360,49719337,3127098,29416231,4689607,0,0,0,0
341,2340664882219996466,4624622375021950132,30954,32018,31829,2813708,37442769,7661,99593,0,0,0,0,99593,6769165,2049152,49106623,2312635,30424511,4705623,0,0,0,0
342,7116460092147018339,11183403862490742472,286491,287566,42208,3247999,63727911,72617,944021,0,0,0,0,944021,63424647,18404224,148846989,23622248,34976942,5128721,0,0,0,0
343,6425910566914326932,16345361684584426391,71177,72252,40293,3175912,50106433,28354,368602,0,0,0,0,368602,24849526,4624128,82796292,10503298,34492562,5110573,0,0,0,0
344,11395165012870455550,9924946683217262458,66117,67192,39800,3107741,48688315,25288,328744,0,0,0,0,328744,22174516,4300288,78310660,9283378,34328294,5076643,0,0,0,0
345,17247030730836401119,12619946077831099126,29223,30286,30502,2860319,36419253,7345,95485,0,0,0,0,95485,6487923,1938304,47736301,2258217,29597737,4563299,0,0,0,0
346,1608737169501613661,14310926772850536020,37304,38371,36745,3028396,42480568,12829,166777,0,0,0,0,166777,11300185,2455744,59301638,4239508,33257471,4983589,0,0,0,0
347,8420435434763283906,2305286421631187853,39337,40409,37635,3002907,43502004,14539,189007,0,0,0,0,189007,12794769,2586176,61923491,5033041,33487545,4981418,0,0,0,0
348,7751020590824769062,7928853285845219144,125151,126226,41539,3094159,55750110,44707,581191,0,0,0,0,581191,39105417,8078464,106069689,15812589,34814650,5122871,0,0,0,0
349,10076714415002727144,13145072171422862015,178401,179476,41346,3169843,57520047,49830,647790,0,0,0,0,647790,43565652,11486464,115783352,17628403,34768773,5122871,0,0,0,0
350,2316314060922452570,2284863017281181638,42576,43651,39665,3132087,45533917,17774,231062,0,0,0,0,231062,15627300,2793664,67126633,6194981,34263853,5075083,0,0,0,0
351,17346309421587384437,18114273979029771776,82367,83442,40351,3107735,50620245,29597,384761,0,0,0,0,384761,25932309,5340288,85040928,11030903,34486621,5102721,0,0,0,0
352,5618283887926634834,8978968968445057449,200676,201751,40997,3150586,59142577,54791,712283,0,0,0,0,712283,47883147,12912064,123129371,19332924,34698352,5111301,0,0,0,0
353,1741893628392994921,15657785686096550235,134247,135322,40603,3199037,54192866,39173,509249,0,0,0,0,509249,34275033,8660608,100368147,14515644,34566649,5110573,0,0,0,0
354,18413925335902144717,9180690439686411093,245673,246748,41101,3190001,58348277,53526,695838,0,0,0,0,695838,46782970,15791872,124154221,18545501,34686132,5116644,0,0,0,0
355,16005990868985157326,14205015154376875312,30724,31788,31861,2873233,37418225,7721,100373,0,0,0,0,100373,6822023,2034432,49179774,2330783,30468113,4619329,0,0,0,0
356,6465015771908170466,4358950977695832681,46755,47819,39920,3049598,45846489,18544,241072,0,0,0,0,241072,16301168,3060416,68297591,6391632,34365578,5089279,0,0,0,0
357,495767760681170683,14606865748842678817,679121,793172,39642,3103154,52180063,34173,444249,0,0,0,0,444249,29913767,50763008,135999634,12776517,34301098,5102448,0,0,0,0
358,13530568621071155745,5776040473859641667,28203,29268,29541,2815087,35435725,6292,81796,0,0,0,0,81796,5565378,1873152,45718883,1819675,29008031,4608019,0,0,0,0
359,15911894628510580952,6733593639639638168,152106,153181,40600,3175140,54904850,41651,541463,0,0,0,0,541463,36433345,9803584,104357519,15233504,34564010,5107336,0,0,0,0
360,5936062968502369941,11855293702265060250,58029,59104,39815,3020223,47461986,21978,285714,0,0,0,0,285714,19291194,3782656,73595874,8079942,34305401,5076643,0,0,0,0
361,827533562775635043,10346946323051349946,233642,234717,42218,3265413,61076132,61939,805207,0,0,0,0,805207,54123953,15021888,133529604,20972939,34974472,5128721,0,0,0,0
362,1690680366174861028,10715693618684154025,157914,158989,40871,3099279,54432456,40964,532532,0,0,0,0,532532,35838530,10175296,103586432,14662882,34652566,5117008,0,0,0,0
363,14990777107357529582,16010065771376944700,86167,87242,40724,3192887,51897456,33390,434070,0,0,0,0,434070,29239210,5583488,89953765,12183522,34602906,5111028,0,0,0,0
364,10336128685871639787,510113737611174704,29333,30397,30569,2755116,35980750,6460,83980,0,0,0,0,83980,5717140,1945408,46428983,1779336,29584945,4616469,0,0,0,0
365,15386045912607527958,16207672152472067045,103576,104651,40856,3151671,51635948,32448,421824,0,0,0,0,421824,28420262,6697664,89946401,11887421,34631389,5117138,0,0,0,0
366,10032110502621901227,4741055502983839497,37125,38189,37788,3033045,41569268,10552,137176,0,0,0,0,137176,9323314,2444096,56407511,2964143,33592559,5012566,0,0,0,0
367,10886039042393577701,14998822087726895547,187262,188337,41041,3180391,57190315,48424,629512,0,0,0,0,629512,42337854,12053568,114803169,17374981,34693646,5121688,0,0,0,0
368,4111006824975653637,13091533511762783757,107697,108772,40716,3126295,52528840,34673,450749,0,0,0,0,450749,30357145,6961408,93014404,12804688,34612851,5111301,0,0,0,0
369,12800907589272181664,11547107235760742818,17803,18867,20383,1965224,26136162,2773,36049,0,0,0,0,36049,2465515,1207488,31794772,572481,21563737,3999944,0,0,0,0
370,1030511573090924673,5630384734535338696,210517,211592,41523,3141718,59215767,55670,723710,0,0,0,0,723710,48654502,13541888,124595398,19262607,34830289,5122871,0,0,0,0
371,11665036513581345583,5781047853309597540,57433,58508,40587,3139136,48399247,24349,316537,0,0,0,0,316537,21362835,3744512,76686317,8727927,34560747,5110573,0,0,0,0
372,6555245369104209958,16517376273135220913,205942,207017,41539,3115331,58006416,51894,674622,0,0,0,0,674622,45366282,13249088,119778656,18069428,34818537,5118451,0,0,0,0
373,9649092195353702410,9923687596761898572,36745,37807,37630,2984038,41278562,10151,131963,0,0,0,0,131963,8973393,2419648,55693271,2750046,33544082,4984434,0,0,0,0
374,8615633371099511029,8334097456100142338,33446,34519,32034,2872228,38895233,10215,132795,0,0,0,0,132795,8994687,2209216,53003398,3710408,30529707,4655118,0,0,0,0
375,7981025633021996910,3046884397463147451,127895,128970,33782,2944973,46921251,27421,356473,0,0,0,0,356473,23992527,8254080,82146613,10735491,31434767,4750993,2560,0,0,0
376,9756468082363137711,13409340896817965687,97731,98806,41882,3225520,55074357,43158,561054,0,0,0,0,561054,37760762,6323584,102426105,15047019,34900931,5126407,0,0,0,0
377,1033546085767362993,10105049834803127221,18888,19950,21110,2209176,27166594,3365,43745,0,0,0,0,43745,2983695,1276800,33657375,876239,22371284,3919071,0,0,0,0
378,17013198029483872255,14521102862528342721,207820,208895,41518,3111758,58974955,54635,710255,0,0,0,0,710255,47752809,13369280,123250320,19030687,34822125,5122143,0,0,0,0
379,7924636822148307953,4902961094533791871,208029,209104,41243,3121106,58309758,52349,680537,0,0,0,0,680537,45758453,13382656,120613216,18438693,34753329,5117736,0,0,0,0
380,3429177957817664556,7150988660324080744,237570,238645,42591,3201972,62043228,66599,865787,0,0,0,0,865787,58188221,15273280,138749292,21859201,35054006,5130021,0,0,0,0
381,8836541309807211882,3497652152569718297,679121,968397,42513,3270121,64962807,77727,1010451,0,0,0,0,1010451,67879643,61977408,198132492,24792612,35040486,5129709,0,0,0,0
382,194329892924134526,2966115498685582672,94365,95440,40309,3081897,49601487,27709,360217,0,0,0,0,360217,24287341,6108160,83119194,10028135,34472451,5100901,0,0,0,0
383,15927840561515873385,2354283854300199406,43101,44167,40122,3082991,45418373,17465,227045,0,0,0,0,227045,15362373,2826688,66730547,5906056,34421478,5090839,0,0,0,0
384,1714640194027356427,16481047165389432538,30877,31940,31798,2743668,37757070,8194,106522,0,0,0,0,106522,7233850,2044160,49810546,2586324,30510727,4660019,0,0,0,0
385,5571179394855000109,7608192901690950340,166093,167168,41675,3158300,56298632,45790,595270,0,0,0,0,595270,40050998,10698752,110248357,16317158,34855795,5125679,0,0,0,0
386,18446277066557159431,13140538790590215852,82908,83983,40779,3138783,52427375,34779,452127,0,0,0,0,452127,30449861,5374912,91431710,12687389,34628958,5111028,0,0,0,0
387,14676111944367553443,2818668049614739188,233489,234564,42087,3221144,61723961,64739,841607,0,0,0,0,841607,56561089,15012096,136560377,21638955,34956415,5128591,0,0,0,0
388,14517266541666166170,13167075417714475265,63234,64309,38393,3093376,47897785,23606,306878,0,0,0,0,306878,20698184,4115776,75843514,9073649,33836387,4987749,0,0,0,0
389,6007782047786219109,3036606019736959043,226647,227722,42368,3186851,61664668,64948,844324,0,0,0,0,844324,56746144,14574208,136214239,21533135,35001837,5129696,0,0,0,0
390,9858856608974879866,5427979593257500090,31503,32567,32662,2815273,37893752,7599,98787,0,0,0,0,98787,6719817,2084288,49545792,2163915,30978844,4750993,0,0,0,0
391,10134772219675911659,5847081515508855850,121325,122400,41453,3159272,55459560,43503,565539,0,0,0,0,565539,38055979,7833600,104549864,15532413,34804731,5122416,0,0,0,0
392,11336868354215367152,7021009401841321609,229809,230884,42037,3190064,61882860,65557,852241,0,0,0,0,852241,57271825,14776576,137163362,21823711,34936278,5122871,0,0,0,0
393,3410027770555825282,8015169696008872524,212799,213874,42202,3166687,60323146,59772,777036,0,0,0,0,777036,52236704,13687936,129456675,20217457,34977917,5127772,0,0,0,0
394,10379314241001012241,17254280823595804974,40916,41983,37923,3012724,43986501,15276,198588,0,0,0,0,198588,13438230,2686912,63162290,5364684,33613216,5008601,0,0,0,0
395,1560318013821850022,17454578939050273519,80062,81137,39932,3198968,50664094,30275,393575,0,0,0,0,393575,26518713,5192768,85614475,11222861,34364499,5076734,0,0,0,0
396,17344265790979834870,13026098333113515458,25447,26512,26862,2589905,32726616,4800,62400,0,0,0,0,62400,4254458,1696768,41294609,1237561,27033383,4455672,0,0,0,0
397,12769934649302990837,245985807588305976,42413,43479,36164,2831504,43274465,14839,192907,0,0,0,0,192907,13047177,2782656,61971966,5405725,32972589,4896151,0,0,0,0
398,6398205110736970597,14294849113187848122,106349,107424,40267,3071495,51790830,33131,430703,0,0,0,0,430703,29009461,6875136,90787189,12212707,34476130,5101993,0,0,0,0
399,2137413210345420363,15191934662275982882,23688,24751,25148,2504025,32161298,5737,74581,0,0,0,0,74581,5064891,1584064,41339426,1942720,25868089,4350489,0,0,0,0
400,13069900385805486314,3085252738202608511,251173,252248,41944,3171531,61435764,62646,814398,0,0,0,0,814398,54735876,16143872,135528987,21384675,34923577,5127512,0,0,0,0
401,7685803444848007117,8414950631966531801,197029,198104,42091,3120563,58768918,54040,702520,0,0,0,0,702520,47242026,12678656,121852254,18697003,34945378,5126537,0,0,0,0
402,12354328562408914120,12851204203648651010,88410,89485,41368,3129443,51878541,33125,430625,0,0,0,0,430625,29014895,5727040,89791287,11996296,34764249,5117996,0,0,0,0
403,85486659316954491,13397426102367268562,38315,39377,37372,2987801,42576508,12835,166855,0,0,0,0,166855,11308791,2520128,59430600,4228653,33387744,4960111,0,0,0,0
404,4939214230347250310,3369239709756051935,139627,140702,41655,3187329,57183308,49369,641797,0,0,0,0,641797,43167865,9004928,112585085,17203329,34853832,5126147,0,0,0,0
405,18326939756265711023,15864643783097911715,177919,178994,40272,3118995,54927067,42391,551083,0,0,0,0,551083,37075311,11455616,106617261,15372461,34465912,5088694,0,0,0,0
406,14726782303244805428,4201899676060045844,170298,171373,41604,3147652,57180006,48563,631319,0,0,0,0,631319,42464955,10967872,113802089,17219501,34842769,5117736,0,0,0,0
407,6633970300822632282,7907631952282189581,135662,136737,39401,3045530,50679447,31747,412711,0,0,0,0,412711,27797939,8751168,90313485,11402885,34167081,5109481,0,0,0,0
408,12886322652531324118,4185298942575568976,269818,270893,42708,3237562,64298052,75518,981734,0,0,0,0,981734,65958490,17337152,150873964,24092315,35075651,5130086,0,0,0,0
409,8852455229358511103,12794125605669113460,102258,103333,37417,2996502,49258625,27820,361660,0,0,0,0,361660,24361818,6613312,83267674,10816988,33481526,4960111,0,0,0,0
410,18218687001777857725,10422024295315433934,19912,20974,21635,2198877,27981291,3530,45890,0,0,0,0,45890,3129984,1342336,34674123,923663,23092160,3965468,0,0,0,0
411,5564210727052958579,2151273557390348094,49842,50917,41323,3151225,48461660,24501,318513,0,0,0,0,318513,21503443,3258688,76416339,8609380,34729864,5122416,0,0,0,0
412,9268306062013901773,6725155318049472964,32466,33528,33452,3012370,38691497,8412,109356,0,0,0,0,109356,7432100,2145792,51315211,2519699,31421520,4750278,0,0,0,0
413,7914704162904444320,13067537503174356799,164097,165172,40216,3268453,55577392,43229,561977,0,0,0,0,561977,37804585,10571008,107261654,16033004,34452366,5092022,0,0,0,0
414,12863108643027427748,2807882615204264536,132449,133524,40630,3179794,53677468,37824,491712,0,0,0,0,491712,33101224,8545536,98544652,13997100,34588801,5091567,0,0,0,0
415,12590165484947485333,18248211600420634266,42269,43344,38155,3012005,44071846,15549,202137,0,0,0,0,202137,13678587,2774016,63574609,5362474,33722078,4987294,0,0,0,0
416,2354886570752595358,3407335579007887275,258371,259446,41507,3150012,60013265,59568,774384,0,0,0,0,774384,52049296,16604544,131858624,20099196,34791653,5122416,0,0,0,0
417,8633022409243365598,9973336956662552166,72009,73084,40268,3089343,49812945,28079,365027,0,0,0,0,365027,24609429,4677376,82229361,10246418,34488701,5077826,0,0,0,0
418,6784217945924264218,14569055914573086863,56534,57609,31313,2879019,40391221,14492,188396,0,0,0,0,188396,12716574,3686976,59705103,5677932,30100538,4612751,0,0,0,0
419,636490959658542657,17813889829792230781,34031,35095,35140,2772226,38894843,7575,98475,0,0,0,0,98475,6712017,2246080,50660306,1780532,32286527,4827784,0,0,0,0
420,17217193322115751102,9350258290650473220,245127,246202,40237,3090006,58372171,54732,711516,0,0,0,0,711516,47825336,15756928,125084678,18848830,34433594,5089747,0,0,0,0
421,2100097450899767168,6880695525070139155,147312,148387,40579,3146674,55989180,44979,584727,0,0,0,0,584727,39332657,9496768,108005858,16306576,34579428,5103176,0,0,0,0
422,13583728563436965157,7947499410179592405,177127,178202,41694,3152781,59022119,54504,708552,0,0,0,0,708552,47640762,11404928,121262284,19032546,34866442,5123131,0,0,0,0
423,17683035363040016650,13788360910636579760,202158,203233,42522,3248170,61692839,65896,856648,0,0,0,0,856648,57574842,13006912,135565285,21532030,35032218,5128591,0,0,0,0
424,7102203555229228412,9524066181891347735,222530,223605,42070,3197117,60123232,59021,767273,0,0,0,0,767273,51580165,14310720,129253304,20043894,34951202,5128136,0,0,0,0
425,6982770138324009442,5827723019285772358,227411,228486,42230,3169957,61008532,61685,801905,0,0,0,0,801905,53902199,14623104,132746022,20901231,34978970,5128331,0,0,0,0
426,7701813474468396498,9920310661024247679,9982,11044,12864,1401858,17020198,1461,18993,0,0,0,0,18993,1299649,706816,20441385,324155,13553228,3142815,0,0,0,0
427,12934325797014543013,17295923561283553897,98569,99644,40504,3116148,51538513,31845,413985,0,0,0,0,413985,27891617,6377216,88963998,11878191,34549749,5110573,0,0,0,0
428,13533348533935223626,6077993639269645348,186095,187170,41483,3134118,57570747,50539,657007,0,0,0,0,657007,44185323,11978880,116910551,17631822,34812778,5126147,0,0,0,0
429,9232305410201898069,5991133113791817354,21779,22843,23480,2333793,29522805,3613,46969,0,0,0,0,46969,3208101,1461952,36550131,827359,24490193,4205253,0,0,0,0
430,5927513165180261834,4335446063192964763,231189,232264,42030,3097415,60537139,60083,781079,0,0,0,0,781079,52504101,14864896,131045581,20474272,34936720,5126147,0,0,0,0
431,1564002562644355952,6543002870578071032,233235,234310,41485,3145919,60523216,59634,775242,0,0,0,0,775242,52106730,14995840,130813190,20596030,34804315,5122871,0,0,0,0
432,16502892708404031661,7953378264749997742,255537,256612,42393,3136452,63516258,72407,941291,0,0,0,0,941291,63243479,16423168,146361750,23373662,35012900,5129696,0,0,0,0
433,13755743583511438817,1930470711547427912,55767,56842,39196,3138703,47336757,22019,286247,0,0,0,0,286247,19320873,3637888,73473417,8151390,34127561,5057806,0,0,0,0
434,8575881770625394766,1166268987783194229,129180,130255,39940,3056521,52636194,36479,474227,0,0,0,0,474227,31922761,8336320,95991736,13195442,34366761,5073991,0,0,0,0
435,12930422413085855894,2838271912427244336,184063,185138,41760,3151136,59274527,56157,730041,0,0,0,0,730041,49081409,11848832,123397664,19264856,34883719,5125952,0,0,0,0
436,16527980111456244306,5167733695340044553,53549,54624,40223,3166586,46921940,20735,269555,0,0,0,0,269555,18211739,3495936,71836424,7382557,34428810,5110573,0,0,0,0
437,12827618175221192457,2927046148187850955,64994,66069,38454,2984206,47075210,22327,290251,0,0,0,0,290251,19584773,4228416,73911059,8233485,33808372,5033353,0,0,0,0
438,1640052262248284527,4173952685243241879,106383,107458,40530,3103364,52201201,33768,438984,0,0,0,0,438984,29566836,6877312,91789243,12550720,34539453,5111028,0,0,0,0
439,1842505506550913104,1529657377699334636,49279,50341,39472,3042916,46189611,19429,252577,0,0,0,0,252577,17067973,3221824,69561796,6906783,34191729,5091099,0,0,0,0
440,862577383826786802,4664751051738540365,123928,125003,41567,3062390,54974543,42194,548522,0,0,0,0,548522,36916958,8000192,102995650,15024815,34826857,5122871,0,0,0,0
441,15704067235076084581,2966384361889457191,41636,42702,38721,3171308,44662592,16360,212680,0,0,0,0,212680,14388608,2732928,64994157,5696093,33954986,5011513,0,0,0,0
442,11039836456983717512,13624082014719447564,105341,106416,40938,3109600,53167205,36711,477243,0,0,0,0,477243,32135649,6810624,95264016,13361296,34683493,5122416,0,0,0,0
443,8429990098390160991,11482487585985055384,169667,170742,41300,3110212,56756726,47357,615641,0,0,0,0,615641,41411045,10927488,112246771,16874234,34765484,5117008,0,0,0,0
444,402001745080597206,4851388789217519097,31470,32534,32490,2911088,37789622,7646,99398,0,0,0,0,99398,6759428,2082176,49574804,2223143,30877574,4688905,0,0,0,0
445,6832657854039499684,5855329510182430726,46658,47721,38650,3086601,45663761,18658,242554,0,0,0,0,242554,16389854,3054144,68233010,6781788,33893587,4988386,0,0,0,0
446,4264903550742556352,15254643147540730621,244841,245916,41098,3193966,59477756,56678,736814,0,0,0,0,736814,49527452,15738624,127978896,19676384,34685456,5115916,0,0,0,0
447,7215959946105249024,16909848124592599346,122519,123594,41591,3212761,54985658,42434,551642,0,0,0,0,551642,37125660,7910016,103275686,15039895,34828755,5117008,0,0,0,0
448,10321603544327011239,4806894911590092590,86959,88034,40008,3128705,49066446,26715,347295,0,0,0,0,347295,23418733,5634176,81288068,9592583,34382296,5091567,0,0,0,0
449,9205100931856832500,2516952009587044989,255887,256962,41408,3154227,61841169,64936,844168,0,0,0,0,844168,56723342,16445568,138205714,21934055,34791198,5115916,0,0,0,0
450,6528348096878753853,16256485131393376591,256156,257231,42273,3182984,62121501,65728,854464,0,0,0,0,854464,57425654,16462784,139235196,21999081,34993959,5128461,0,0,0,0
451,4323231653390056700,11441640007471454912,152751,153826,40034,3022589,55672370,44960,584480,0,0,0,0,584480,39311350,9844864,107891207,16308695,34351109,5012566,0,0,0,0
452,9508430182063585858,15955974876741316437,38887,39950,39232,2962343,42829345,12627,164151,0,0,0,0,164151,11141351,2556800,59529071,3720236,34053448,5055661,0,0,0,0
453,15808358453286145616,7811074376164586530,167015,168090,41669,3109024,56700189,47650,619450,0,0,0,0,619450,41671292,10757760,112279934,16716245,34858265,5125679,0,0,0,0
454,2426662229176337751,1261735060384458986,228913,229988,42342,3197637,62231338,67349,875537,0,0,0,0,875537,58837857,14719232,139028406,22096646,35004996,5129696,0,0,0,0
455,12145149183643533602,2470951536865706431,39087,40151,39309,3022147,43422080,13611,176943,0,0,0,0,176943,11999637,2569664,61052837,4194866,34169408,5057806,0,0,0,0
456,6288330280080448374,11656313082821154650,42508,43573,38953,2909200,43658121,14050,182650,0,0,0,0,182650,12378678,2788672,61773624,4570930,34011640,5075551,0,0,0,0
457,13220811111560496290,1138910336511537343,46469,47542,40236,3058767,46346950,19762,256906,0,0,0,0,256906,17364854,3042688,69853495,6781801,34449233,5115916,0,0,0,0
458,17070344243938455497,13830445048197207637,238958,240033,42018,3247616,61224111,63585,826605,0,0,0,0,826605,55553719,15362112,135429576,21166873,34934822,5122416,0,0,0,0
459,11054334560361028485,11112202771062093699,202539,203614,36451,3106152,52195754,40245,523185,0,0,0,0,523185,35179365,13031296,103549018,14504009,32826599,4865146,0,0,0,0
460,9257505739477936285,5416279434376797341,118645,119720,41707,3161442,55200119,43074,559962,0,0,0,0,559962,37685310,7662080,103750658,15216058,34857654,5126407,0,0,0,0
461,9357522388781342737,8248430554709840983,45122,46187,38675,3049639,45739317,18887,245531,0,0,0,0,245531,16589105,2955968,68372704,6745648,33957703,5035966,0,0,0,0
462,2436701624206805372,972246781749910608,190432,191507,42091,3133284,59909239,58140,755820,0,0,0,0,755820,50812944,12256448,126154006,19829459,34951449,5128331,0,0,0,0
463,10125862693187976394,15721934028420053501,34562,35627,34737,2973347,41108249,11701,152113,0,0,0,0,152113,10304931,2280128,56701392,4046692,32231628,4829929,0,0,0,0
464,11147650712621638095,17142240343276686513,856,856,16165,0,0,0,0,0,0,0,0,0,0,54784,70949,0,0,0,0,0,0,0
465,14690643096254490349,14902246832454778787,42623,43698,35092,2979042,43420637,16084,209092,0,0,0,0,209092,14124318,2796672,63355761,6142994,32414642,4863001,0,0,0,0
466,16147600754798846308,5807748709795962692,9441,10503,12232,1138326,16415815,1536,19968,0,0,0,0,19968,1363414,672192,19601979,415402,12944009,3056404,0,0,0,0
467,6452645926150258700,5723284607855735587,53256,54321,40253,3172232,47570133,22257,289341,0,0,0,0,289341,19538571,3476544,73797733,8019713,34439119,5111301,0,0,0,0
468,17295410370606523762,2066086576097609362,178672,179747,41986,3134117,59338968,56569,735397,0,0,0,0,735397,49443511,11503808,123462390,19272994,34939827,5126147,0,0,0,0
469,1055117917312492432,16026818943030780337,137055,138130,40327,3221678,53895101,38347,498511,0,0,0,0,498511,33553195,8840320,99550621,14324089,34481005,5090007,0,0,0,0
470,10671692971768197741,3291162561266746003,7381,8424,11446,1109359,13701701,1130,14690,0,0,0,0,14690,1004354,539136,16365996,285727,10643555,2772419,0,0,0,0
471,9336058891440692173,7067359663261617981,104675,105750,41226,3127965,54325492,40185,522405,0,0,0,0,522405,35163271,6768000,99425954,14456286,34751470,5117736,0,0,0,0
472,12633703443406934305,13898646289414061391,104317,105392,41128,3176439,53115348,36699,477087,0,0,0,0,477087,32125639,6745088,95203642,13285532,34714433,5115383,0,0,0,0
473,6744315282971989660,6498598665258592224,192661,193736,41548,3060261,58078865,51391,668083,0,0,0,0,668083,44928117,12399104,118507895,18119946,34832512,5126407,0,0,0,0
474,3245961272664703122,9946041324599655469,56752,57827,39043,3048955,46703735,20627,268151,0,0,0,0,268151,18108077,3700928,71600738,7610239,34079838,5013658,0,0,0,0
475,4236320961268233163,14733009617636635693,41574,42647,39030,3204018,45191692,17317,225121,0,0,0,0,225121,15224651,2729408,66388799,6113588,34065538,5012566,0,0,0,0
476,9351004130392739992,8486950168453641702,224860,225935,41974,3157581,61111986,62411,811343,0,0,0,0,811343,54531867,14459840,133303248,21054787,34928608,5128591,0,0,0,0
477,17028271449931766306,10848122146508832719,182583,183658,39185,3110103,53160315,39022,507286,0,0,0,0,507286,34132384,11754112,102196099,14052701,34097193,5010421,0,0,0,0
478,3184308700634912726,3329899305769807170,147373,148448,40409,3117031,56095429,45537,591981,0,0,0,0,591981,39816985,9500672,108570526,16441178,34552258,5101993,0,0,0,0
479,18372444470292275173,3579590825454118696,151788,152863,40790,3146323,54741284,41262,536406,0,0,0,0,536406,36096970,9783232,103808599,15013609,34616114,5111561,0,0,0,0
480,9250875971031251573,4477988380733232366,149445,150520,42057,3131146,57645406,51160,665080,0,0,0,0,665080,44731908,9633280,115183797,17580719,34938995,5125692,0,0,0,0
481,2499737935806342049,1114125005653871668,54730,55805,40705,3043530,48946105,25684,333892,0,0,0,0,333892,22528246,3571520,78130106,9232652,34595457,5117996,0,0,0,0
482,8005150474762001738,5733053559622119921,255254,256329,41694,3244503,61430759,63865,830245,0,0,0,0,830245,55795311,16405056,136917323,21437104,34875464,5118191,0,0,0,0
483,13862453793831045576,2099972936873703610,189547,190622,34867,2998911,51753819,40126,521638,0,0,0,0,521638,35065888,12199808,102053293,15014077,31952141,4787601,0,0,0,0
484,16727794210000097239,757113430313866054,81007,82082,38900,3087371,48998001,26151,339963,0,0,0,0,339963,22918051,5253248,80295571,9977838,34007597,5012566,0,0,0,0
485,8505568299410626855,8415107637573783622,50244,51319,38683,3030741,45571734,18281,237653,0,0,0,0,237653,16062137,3284416,67987711,6578169,33979907,5013658,0,0,0,0
486,6706435875522853583,6948433125682028174,45104,46168,38267,2944184,44086094,15560,202280,0,0,0,0,202280,13688090,2954752,63711387,5318989,33758244,5008861,0,0,0,0
487,4658475360475669991,4124787604852629502,16555,17619,18753,2013555,24779560,2863,37219,0,0,0,0,37219,2539459,1127616,30478943,738465,20286500,3754595,0,0,0,0
488,8346525333782740961,15034549447699229088,121859,122934,40249,3200271,52770120,35448,460824,0,0,0,0,460824,31027854,7867776,94906270,13216814,34475935,5077371,0,0,0,0
489,16538745875297726597,6847591514724524206,231786,232861,41703,3190600,60051888,58163,756119,0,0,0,0,756119,50828349,14903104,129015644,20062445,34863296,5126147,0,0,0,0
490,7330059832843171160,86123676959179557,42219,43283,37787,3064139,43965688,15338,199394,0,0,0,0,199394,13491582,2770112,63329308,5404841,33600736,4960111,0,0,0,0
491,5799913425808020461,16174090749241555115,139152,140227,40058,3092443,53200459,36062,468806,0,0,0,0,468806,31560334,8974528,96867822,13707187,34403525,5089747,0,0,0,0
492,11576783333258463119,16271719603802867143,80311,81386,38028,3004677,47088665,22643,294359,0,0,0,0,294359,19855563,5208704,75195637,8437455,33666776,4984434,0,0,0,0
493,13988369725958645690,14158319484250377382,26951,28013,27889,2669780,34809437,7172,93236,0,0,0,0,93236,6324942,1792832,45624880,2494596,27858545,4456296,0,0,0,0
494,5898872008016334193,1746255145263829884,38944,40017,37749,2986012,42731416,12937,168181,0,0,0,0,168181,11400285,2561088,59716550,4133623,33612059,4985734,0,0,0,0
495,15822893775796851788,11815255012873757323,222818,223893,42004,3232392,60530730,60057,780741,0,0,0,0,780741,52481039,14329152,130615317,20469852,34935459,5125419,0,0,0,0
496,16281339674383222854,8244097601339821662,222025,223100,41477,3223092,60701342,59913,778869,0,0,0,0,778869,52348881,14278400,130593192,20777211,34801988,5122143,0,0,0,0
497,7937224572244188468,11558729391643768793,44264,45328,39865,3107885,45246786,17375,225875,0,0,0,0,225875,15282059,2900992,66577587,5843760,34297250,5105776,0,0,0,0
498,2472945768402643684,11950289729280754794,88668,89743,39378,3033777,50821043,30472,396136,0,0,0,0,396136,26685724,5743552,86323474,11555960,34206185,5058898,0,0,0,0
499,18318652739687993667,2217448632330241938,30334,31397,31342,2700069,37012508,7625,99125,0,0,0,0,99125,6736327,2009408,48489654,2316340,30032002,4664166,0,0,0,0
500,3770895321614423100,10618612768874432061,243343,244418,42181,3199080,62164245,66557,865241,0,0,0,0,865241,58145477,15642752,139193735,22065771,34968648,5129826,2560,0,0,0
501,12278608987047259568,1259560395184871782,46182,47257,37113,3088224,45662201,19290,250770,0,0,0,0,250770,16928652,3024448,68740638,7353034,33328438,4980729,0,0,0,0
502,1072940585732709761,15784556539348246968,30953,32016,31559,2843461,37356956,7849,102037,0,0,0,0,102037,6931795,2049024,49212795,2465827,30227236,4663893,0,0,0,0
503,18034076125913544045,11291032676390790778,146766,147841,41235,3202072,55235141,42317,550121,0,0,0,0,550121,37021777,9461824,104962049,15365714,34743735,5125692,0,0,0,0
504,16033599779080455186,3942083300940021927,115100,116175,41593,3193251,53375075,37174,483262,0,0,0,0,483262,32544694,7435200,96589813,13421798,34827325,5125952,0,0,0,0
505,10339549290442410553,15614093670076556781,32292,33357,32082,2893051,38110696,8908,115804,0,0,0,0,115804,7858474,2134848,51029151,2921464,30567758,4621474,0,0,0,0
506,15253381621617792018,8665236872977132092,53226,54301,41157,3073480,48972963,26119,339547,0,0,0,0,339547,22911005,3475264,78473869,9122997,34728278,5121688,0,0,0,0
507,8437527690273272990,4150323200538051205,101804,102879,41604,3130548,54230566,40179,522327,0,0,0,0,522327,35162101,6584256,99149075,14267292,34838310,5124964,0,0,0,0
508,10092416097232429819,2843508664259847997,155507,156582,40892,3215392,56431297,46419,603447,0,0,0,0,603447,40589679,10021248,110298508,16666221,34647080,5117996,0,0,0,0
509,15846737518840069779,14741305994458893589,43947,45021,38586,2996591,44529069,16118,209534,0,0,0,0,209534,14177332,2881344,64622922,5578170,33938333,5012566,0,0,0,0
510,17534456451358536111,3708211007192885297,26701,27766,28111,2768538,33966686,5582,72566,0,0,0,0,72566,4941170,1777024,43481529,1558947,27952093,4455646,0,0,0,0
511,11873213722005862356,4081836860959624914,237528,238603,42300,3168321,61937616,65744,854672,0,0,0,0,854672,57439382,15270592,137858211,21809463,34998457,5129696,0,0,0,0
512,14486592820706631026,6797613288946592559,33341,34404,30978,2848643,39012961,11753,152789,0,0,0,0,152789,10328851,2201856,54423289,4645745,29847103,4520113,0,0,0,0
513,4025204711630103363,17765112397826845815,16586,17651,18711,2034184,24816298,2852,37076,0,0,0,0,37076,2529618,1129664,30528475,749008,20165704,3901586,0,0,0,0
514,3828652574031787416,16154582526321369916,34632,35695,35332,2902520,40322737,9756,126828,0,0,0,0,126828,8613644,2284480,54158713,2979652,32456099,4886986,0,0,0,0
515,11313400724548692022,7707747997781978833,88670,89745,39283,3092282,50501815,29908,388804,0,0,0,0,388804,26193908,5743680,85570968,11251929,34173880,5076006,0,0,0,0
516,11638525164681218160,8896115213884502466,41872,42936,38132,3111440,43388527,13972,181636,0,0,0,0,181636,12305280,2747904,61591283,4702438,33629843,5056246,0,0,0,0
517,7716935903689708717,15306103844841269532,85772,86847,39947,3107819,52406718,35020,455260,0,0,0,0,455260,30652154,5558208,91764846,12930307,34384844,5091567,0,0,0,0
518,4058011865849492032,13939355355731598023,220787,221862,42152,3155136,61482954,63922,830986,0,0,0,0,830986,55849768,14199168,134729178,21391682,34964865,5126407,0,0,0,0
519,9066656729121781112,14528250421775902340,57815,58890,38117,2958420,46248904,19906,258778,0,0,0,0,258778,17473560,3768960,70487961,7480174,33758309,5010421,0,0,0,0
520,546857205464664645,10856301570145447358,195008,196083,41614,3246031,59369726,56287,731731,0,0,0,0,731731,49192663,12549312,124399346,19402916,34843679,5123131,0,0,0,0
521,4034299698145399307,15229638548459539002,181031,182106,41374,3113268,58315374,51996,675948,0,0,0,0,675948,45452316,11654784,118577116,18413590,34783788,5117996,0,0,0,0
522,17476387217748300711,879928261743629222,29715,30777,30936,2891215,36405824,6634,86242,0,0,0,0,86242,5869474,1969728,47167177,1864902,29882034,4658888,0,0,0,0
523,10697020065405924224,10130278626578927117,271594,272669,42455,3186517,63558456,71941,935233,0,0,0,0,935233,62839439,17450816,147077683,23393123,35035637,5129696,0,0,0,0
524,15931168935008656396,4592290657160576126,249185,250260,42142,3194912,61967334,65534,851942,0,0,0,0,851942,57253118,16016640,138474146,21883563,34955895,5127876,0,0,0,0
525,17786954505656660641,17553473263598314372,141811,142886,41407,3158867,54719093,41250,536250,0,0,0,0,536250,36093408,9144704,103157479,14798706,34797971,5122416,0,0,0,0
526,12029076610089283439,5225432783559662788,35701,36775,35347,3003342,41818699,12579,163527,0,0,0,0,163527,11073205,2353600,58284193,4433689,32555081,4829929,0,0,0,0
527,5819353566424271941,14046771203636798438,31365,32427,32543,2909188,37357034,6673,86749,0,0,0,0,86749,5911321,2075328,48285414,1687686,30886479,4782869,0,0,0,0
528,16016040061679728463,2261488248272301274,248909,249984,42201,3227759,61840376,64373,836849,0,0,0,0,836849,56243421,15998976,137352733,21738405,34973510,5128461,0,0,0,0
529,8536439472106739349,14034771328188012720,134206,135281,40896,3008687,54676141,40823,530699,0,0,0,0,530699,35714939,8657984,102098647,14919905,34653515,5102721,0,0,0,0
530,2176703079267279479,6222282370769885720,131545,132620,41558,3100507,55540290,43740,568620,0,0,0,0,568620,38263264,8487680,105433299,15599623,34824686,5115981,0,0,0,0
531,6369700480421593747,4474839884423216236,80969,82044,37956,3095354,48962797,26459,343967,0,0,0,0,343967,23178727,5250816,80525650,10350366,33653880,4958551,0,0,0,0
532,2730986519077290424,3822407986819342051,271329,272404,42383,3213199,63226579,70492,916396,0,0,0,0,916396,61575618,17433856,145491635,23085920,35012068,5128591,0,0,0,0
533,12849045245733171294,33534945419774142,125120,126195,41255,3112757,54774369,41026,533338,0,0,0,0,533338,35896588,8076480,101901449,14906021,34745477,5122871,0,0,0,0
534,7832465412992783714,10686194295474488775,16747,17810,18973,1904949,25135370,2763,35919,0,0,0,0,35919,2452983,1139840,30652115,665353,20603141,3866876,0,0,0,0
535,7497195367722180584,6100338770374019732,64867,65942,37136,3076850,46254533,20978,272714,0,0,0,0,272714,18399602,4220288,71988409,8034039,33322198,4898296,0,0,0,0
536,8227261731462856155,5527246421086519444,679121,871100,41806,3233550,59686471,57172,743236,0,0,0,0,743236,49965994,55750400,168678221,19667570,34892754,5126147,0,0,0,0
537,17485264431857448076,1482226281496930759,118826,119901,41362,3167224,53379482,38123,495599,0,0,0,0,495599,33368751,7673664,97630483,13485849,34775910,5117723,0,0,0,0
538,4825051417355408953,8627870634937411549,23978,25043,25434,2495167,31756023,4933,64129,0,0,0,0,64129,4365153,1602752,40244529,1438138,25993331,4324554,0,0,0,0
539,2335761521077289282,6873145610101513708,38212,39274,36535,3052013,42408730,13232,172016,0,0,0,0,172016,11649222,2513536,59660036,4621149,32961929,4825652,0,0,0,0
540,5336102852231288255,9691678115240896768,278949,280024,42086,3269559,63522875,71247,926211,0,0,0,0,926211,62228959,17921536,146985015,23442666,34953932,5126277,0,0,0,0
541,8879022569292388333,15023935061540084910,72253,73328,40426,3179432,51298156,32010,416130,0,0,0,0,416130,28035098,4692992,87246104,11679317,34517938,5100901,0,0,0,0
542,3361348252604213287,12056153300320930110,178869,179944,40751,3113461,56496310,46314,602082,0,0,0,0,602082,40497028,11516416,111663966,16772522,34612487,5111301,0,0,0,0
543,10122067216521551917,4189471345221191444,70589,71664,39931,3148586,49373844,26636,346268,0,0,0,0,346268,23349950,4586496,80498807,9931675,34357193,5084976,0,0,0,0
544,9493247934603932636,13512764101591511079,62294,63369,38841,3040119,47103914,21474,279162,0,0,0,0,279162,18843760,4055616,73082250,8063822,34003398,5036694,0,0,0,0
545,10146694556736176973,1250765802986136425,142734,143809,41007,3135567,55209024,42534,552942,0,0,0,0,552942,37206806,9203776,104796180,15405000,34692996,5111028,0,0,0,0
546,8003997507413352174,14601475483233226460,31981,33044,33064,2912616,37785982,7166,93158,0,0,0,0,93158,6344468,2114816,49190946,1851304,31223192,4711486,0,0,0,0
547,6603960482610020736,10175893207350623687,227431,228506,41458,3163824,59706712,56662,736606,0,0,0,0,736606,49518118,14624384,127054496,19772077,34808488,5126147,0,0,0,0
548,17211681883597533513,2066012383376528869,134111,135186,41268,3103632,55605693,44022,572286,0,0,0,0,572286,38505740,8651904,105908237,15733679,34755773,5116241,0,0,0,0
549,17389524673632328608,7800411151420840342,50467,51542,38992,3006811,45964971,19052,247676,0,0,0,0,247676,16735160,3298688,69044622,6866158,34064407,5034406,0,0,0,0
550,12080290410387591241,4631293495394377196,30837,31901,30898,2844521,37125075,8088,105144,0,0,0,0,105144,7136350,2041664,49178508,2659982,29848624,4616469,0,0,0,0
551,7652851813370030783,4960817407635589740,249529,250604,41979,3148253,62536591,67810,881530,0,0,0,0,881530,59234188,16038656,140999667,22481992,34928907,5125692,0,0,0,0
552,14065052034159838740,17011513443400916163,186611,187686,41607,3099531,58061328,51550,670150,0,0,0,0,670150,45067230,12011904,118281600,18101486,34836971,5122871,0,0,0,0
553,674705352967029218,12448072160037665570,78505,79580,40571,3243593,51043486,31037,403481,0,0,0,0,403481,27188395,5093120,86609165,11373271,34569054,5101161,0,0,0,0
554,7019131355554111573,9858118421280283112,290157,291232,42479,3196769,64060191,74101,963313,0,0,0,0,963313,64720617,18638848,150658904,23903087,35028383,5128721,0,0,0,0
555,5872738573094656266,18383203963956490845,9005,10057,12680,1194901,15665923,1383,17979,0,0,0,0,17979,1228383,643648,18745535,362024,12190347,3113552,0,0,0,0
556,1055675410619155363,1637254770442031909,93342,94417,39577,3125634,51022647,30835,400855,0,0,0,0,400855,27003145,6042688,87233691,11702015,34263294,5057338,0,0,0,0
557,12147048754990568428,11282959607205883350,51630,52704,40578,3029499,48137245,23488,305344,0,0,0,0,305344,20613138,3373056,75193516,8463117,34571407,5102721,0,0,0,0
558,12436428953288854489,16837924097927159932,236036,237111,40919,3133262,60535605,62046,806598,0,0,0,0,806598,54203864,15175104,133088754,21034351,34518380,4982874,0,0,0,0
559,2655781743932671180,1954843205782732063,37690,38763,36825,2956708,41588300,11508,149604,0,0,0,0,149604,10150322,2480832,57212987,3623269,33098325,4866706,0,0,0,0
560,11828024577298976742,11525888813681285186,19105,20167,20953,2249542,27274416,3543,46059,0,0,0,0,46059,3138889,1290688,33974488,997295,22285601,3991520,0,0,0,0
561,15502345197839159256,4182268435451599409,74155,75230,38840,3090695,47099468,22153,287989,0,0,0,0,287989,19435299,4814720,74479022,8105253,33957521,5036694,0,0,0,0
562,14752344490270890083,7021006005466462293,19280,20338,21255,2119836,27109537,3294,42822,0,0,0,0,42822,2922374,1301632,33474634,830518,22358297,3920722,0,0,0,0
563,14608729376926156580,18437829627042708838,137043,138118,40072,3110545,54636959,40842,530946,0,0,0,0,530946,35724104,8839552,102351232,15115204,34432008,5089747,0,0,0,0
564,3354891253350968017,3377920520313041400,140454,141529,41709,3144928,55171441,43127,560651,0,0,0,0,560651,37731837,9057856,105147771,15188875,34857511,5125055,0,0,0,0
565,16685265364716975585,844356231132363270,129630,130705,40801,3141373,53966796,39239,510107,0,0,0,0,510107,34335587,8365120,99849677,14215630,34630154,5121012,0,0,0,0
566,14842864649018849840,2210573490343041413,83529,84604,39976,3104281,50803337,30174,392262,0,0,0,0,392262,26431184,5414656,85793434,11315031,34386313,5101993,0,0,0,0
567,5928217834996158424,7138027314132704394,172983,174058,41361,3214710,57106699,47609,618917,0,0,0,0,618917,41631369,11139712,113133851,17207307,34776976,5122416,0,0,0,0
568,17434504922175953168,9710844928083121461,62662,63737,39419,3085628,47478340,22314,290082,0,0,0,0,290082,19582238,4079168,74264793,8163740,34224125,5090475,0,0,0,0
569,7117658762721286890,3764946894157613340,225453,226528,41557,3119377,59869966,57436,746668,0,0,0,0,746668,50193364,14497792,127722056,19915363,34828456,5126147,0,0,0,0
570,10203736539240994775,3061780863673954632,123576,124651,39390,3087771,52286533,34005,442065,0,0,0,0,442065,29764033,7977664,93155391,12981852,34213114,5091567,0,0,0,0
571,11098166362092074578,2740551384970626393,165395,166470,40632,3125420,55682107,44052,572676,0,0,0,0,572676,38525864,10654080,108028103,15979327,34591479,5111301,0,0,0,0
572,1573018371868451774,8431965404724663688,200953,202028,41648,3099017,59267468,55550,722150,0,0,0,0,722150,48551828,12929792,123889753,19289946,34854521,5123001,0,0,0,0
573,11132766719071366564,16864684341497862163,107742,108817,38591,3089249,47415836,24265,315445,0,0,0,0,315445,21273343,6964288,78781307,8532862,33847840,5035134,0,0,0,0
574,14938748621248242089,12114020525670308697,218376,219451,40837,3148731,57138952,50445,655785,0,0,0,0,655785,44095857,14044864,118469241,17406714,34629790,5102448,0,0,0,0
575,15141505710327569973,11100609951996122915,188294,189369,42145,3173397,59548359,56780,738140,0,0,0,0,738140,49629138,12119616,124512655,19454682,34965346,5128331,0,0,0,0
576,2522339944516760991,5496995116052564479,55629,56704,40785,3140330,48945637,25455,330915,0,0,0,0,330915,22328423,3629056,78084231,9217936,34611057,5116644,0,0,0,0
577,3519511175855033996,14365059771449097512,50105,51180,39266,3033325,47211957,21802,283426,0,0,0,0,283426,19132048,3275520,72692116,8039161,34135738,5037058,0,0,0,0
578,11175799046987977717,12361548059700877402,287059,288134,42084,3217161,63364249,71130,924690,0,0,0,0,924690,62126818,18440576,147190888,23303761,34937617,5122871,0,0,0,0
579,12691594996910402128,344466236393507469,96045,97120,40600,3124733,52360659,34284,445692,0,0,0,0,445692,30017156,6215680,91758828,12677483,34573695,5109481,0,0,0,0
580,824957630077728200,8292714424518333242,181417,182492,41889,3225245,59129525,55246,718198,0,0,0,0,718198,48290268,11679488,122366415,19089967,34911227,5128331,0,0,0,0
581,8963110194823669978,2528759567673357867,95711,96786,39957,3124778,51271883,31702,412126,0,0,0,0,412126,27762176,6194304,88393098,11805924,34388588,5077371,0,0,0,0
582,1689853167416151756,6499398239549448788,36248,37310,36460,3005532,41428478,11173,145249,0,0,0,0,145249,9855105,2387840,56713415,3528954,32972251,4927273,0,0,0,0
583,12705560270689399401,15898021484841765826,117229,118304,39900,3116766,50572249,30724,399412,0,0,0,0,399412,26909896,7571456,88210267,11131744,34364954,5075551,0,0,0,0
584,6679314516838931322,2346399211857136011,126619,127694,41462,3140081,55572088,44177,574301,0,0,0,0,574301,38643085,8172416,105569132,15641093,34810256,5120739,0,0,0,0
585,205395166280809722,6847871900023254530,255740,256815,42293,3163498,62418980,67841,881933,0,0,0,0,881933,59266259,16436160,141327190,22284548,35004346,5130086,0,0,0,0
586,17711132199357655307,2456977405722387606,88337,89412,41112,3145564,51608089,32399,421187,0,0,0,0,421187,28379975,5722368,88897108,11779196,34707881,5121012,0,0,0,0
587,5798949640987736678,13454506702855301823,24486,25549,26063,2496860,31994365,4360,56680,0,0,0,0,56680,3868384,1635136,40020808,1042054,26503919,4448392,0,0,0,0
588,3595770880642699403,10758061775254332935,17601,18664,19513,2039075,25806703,3234,42042,0,0,0,0,42042,2864992,1194496,31924779,917085,21050120,3839498,0,0,0,0
589,8980185292352069850,6400209470120888174,223976,225051,41163,3181955,59266298,54867,713271,0,0,0,0,713271,47950487,14403264,124843167,19418178,34726432,5121688,0,0,0,0
590,1599472825661372013,10734987627005193304,158659,159734,41468,3213258,57287620,48812,634556,0,0,0,0,634556,42680066,10222976,113445388,17361435,34808449,5117736,0,0,0,0
591,861103738198066900,16479487322364318595,191028,192103,41982,3209227,59773792,57110,742430,0,0,0,0,742430,49914384,12294592,125233977,19712836,34934809,5126147,0,0,0,0
592,6278244716791771529,13777593739691147657,7877,8934,10576,1125550,14849302,1307,16991,0,0,0,0,16991,1160601,571776,17717805,346814,11744616,2757872,0,0,0,0
593,11997336858890284665,14252076997100490447,79174,80249,39451,3093536,48957285,26443,343759,0,0,0,0,343759,23176855,5135936,80403063,9659078,34222656,5075551,0,0,0,0
594,4205818518984144585,11712819959018657341,224805,225880,42449,3112953,61010820,62601,813813,0,0,0,0,813813,54703831,14456320,133326373,20855952,35028331,5126537,0,0,0,0
595,6066573667813954280,1757411923530807542,23687,24751,25503,2603571,31113303,4105,53365,0,0,0,0,53365,3643445,1584064,38969886,941291,25879191,4292821,0,0,0,0
596,14609244935628395091,9851084483439647262,19507,20567,21243,2234594,27178580,3215,41795,0,0,0,0,41795,2854215,1316288,33604920,751790,22499919,3926871,0,0,0,0
597,1903729602926661768,15112913261840339073,179187,180262,37859,2997877,52571454,38472,500136,0,0,0,0,500136,33643792,11536768,100787750,13968526,33644377,4958551,0,0,0,0
598,6375076593606782234,5862565523523289920,30169,31231,31393,2926227,36461685,6329,82277,0,0,0,0,82277,5606471,1998784,47024560,1609517,30192149,4660019,0,0,0,0
599,14100832679551978938,5934152636289852701,43774,44839,39723,3086237,46678008,20450,265850,0,0,0,0,265850,17958954,2869696,70632618,7320430,34258237,5099341,0,0,0,0
600,2124410564241919280,17686594631268813390,45527,46602,38973,3136862,47056737,21309,277017,0,0,0,0,277017,18702671,2982528,71917771,7886112,34095074,5075551,0,0,0,0
601,10157325067802047470,10925330366732238419,211427,212502,42010,3192168,59192042,55714,724282,0,0,0,0,724282,48698754,13600128,124725102,19140667,34925228,5126147,0,0,0,0
602,1388868243517417457,13727534151944332833,222750,223825,41525,3154015,59816419,57150,742950,0,0,0,0,742950,49943400,14324800,127280159,19876090,34813922,5126407,0,0,0,0
603,11455655323498358508,10877701297452920962,242784,243859,41905,3126046,62980346,70155,912015,0,0,0,0,912015,61276475,15606976,143031748,22961003,34893651,5125692,0,0,0,0
604,9196076904294381006,13799177890091203343,21271,22334,22946,2389145,29308539,4141,53833,0,0,0,0,53833,3666299,1429376,36816305,1180413,24068265,4059861,0,0,0,0
605,11261183002884324459,11579464549762348527,142841,143916,40770,3056104,53591044,37422,486486,0,0,0,0,486486,32752200,9210624,98650742,13861523,34618220,5111301,0,0,0,0
606,16935248220436306587,16527509678751000583,154355,155430,40150,3047631,54855788,41167,535171,0,0,0,0,535171,36008765,9947520,103899854,15302352,34450715,5102721,0,0,0,0
607,8665111219771671266,746826052528572446,111934,113009,41306,3201981,53714219,38074,494962,0,0,0,0,494962,33325656,7232576,97515738,13832247,34755968,5126004,0,0,0,0
608,12344316843894040173,17422445005758692464,41534,42598,35398,2978587,42628560,14370,186810,0,0,0,0,186810,12632958,2726272,61001775,5276791,32490068,4861701,0,0,0,0
609,15442102946810924202,11412256090342198253,9706,10769,12211,1343996,16747718,1566,20358,0,0,0,0,20358,1390090,689216,20183231,417729,13315250,3014739,0,0,0,0
610,13260056475735686285,4496111522415770711,168691,169766,41650,3105969,58016088,51585,670605,0,0,0,0,670605,45097741,10865024,117126472,18036707,34856965,5122416,0,0,0,0
611,339397576250903691,9370641775723779223,30205,31267,31449,2869277,36581493,6428,83564,0,0,0,0,83564,5693012,2001088,47176319,1663623,30211402,4706468,0,0,0,0
612,221151923736725493,12692036270898707153,103212,104287,40826,3094109,52939497,36301,471913,0,0,0,0,471913,31775965,6674368,94524765,13187785,34641503,5110209,0,0,0,0
613,2441542289270940247,5779684091336869349,137502,138577,40462,3091911,54571413,40656,528528,0,0,0,0,528528,35565452,8868928,102138166,14950429,34531250,5089734,0,0,0,0
614,2745968620229765810,16524562767159982568,139623,140698,41233,3098919,56233554,45927,597051,0,0,0,0,597051,40165073,9004672,108543451,16365141,34745542,5122871,0,0,0,0
615,4713182381626846574,13766654445358089053,146797,147872,41495,3182527,55292367,42840,556920,0,0,0,0,556920,37478688,9463808,105458885,15361853,34808098,5122416,0,0,0,0
616,1993988078026143436,11924175691212350062,47444,48519,39311,3012812,46397182,19824,257712,0,0,0,0,257712,17410250,3105216,69964771,7208877,34154484,5033821,0,0,0,0
617,16003950986342310521,3134731417163780364,220047,221122,41438,3141906,60118825,58579,761527,0,0,0,0,761527,51187383,14151808,128641360,20192211,34803353,5123261,0,0,0,0
618,1448929979945337566,12745087476487611449,89774,90849,40391,3139417,51052612,30778,400114,0,0,0,0,400114,26960804,5814336,87007560,11444537,34507642,5100433,0,0,0,0
619,378026172324453297,11473586377980812483,103299,104374,40228,3064226,52671047,35338,459394,0,0,0,0,459394,30931966,6679936,93387403,13092274,34487934,5090839,0,0,0,0
620,11784367204706456919,4617033734874652823,193034,194109,40236,3185517,55027284,42877,557401,0,0,0,0,557401,37498851,12422976,108174864,15489045,34461596,5076643,0,0,0,0
621,5371584818921580350,2383185212503462994,33696,34759,33794,2912697,40319760,11035,143455,0,0,0,0,143455,9718085,2224576,55208912,3886077,31643222,4790461,0,0,0,0
622,8390587683762868493,10129950718371388192,140886,141961,41074,3058004,54271230,39611,514943,0,0,0,0,514943,34662719,9085504,101118531,14436526,34723416,5111288,0,0,0,0
623,5057135895183718154,13247521916945176705,2015,2528,18646,570245,3748901,286,3718,0,0,0,0,3718,254670,161792,4754254,72670,2396238,1279993,0,0,0,0
624,6973639689050442241,7119522225100301207,16,16,213,0,0,0,0,0,0,0,0,0,0,1024,1237,0,0,0,0,0,0,0
625,4575858298193425457,4130466104033084581,200673,201748,41418,3016066,58334172,52163,678119,0,0,0,0,678119,45598137,12911872,119901665,18414396,34796905,5122871,2560,0,0,0
626,1459799507627575215,13881491248121689577,210760,211835,42059,3157871,59815730,58106,755378,0,0,0,0,755378,50782862,13557440,127355962,19745076,34944702,5125952,0,0,0,0
627,5685694842651379564,15881545856690920742,225303,226378,41316,3084175,59960940,57332,745316,0,0,0,0,745316,50100154,14488192,127674777,20062055,34772738,5126147,0,0,0,0
628,11801883293739270566,12568602097796640355,38658,39721,39218,2955359,42111823,10900,141700,0,0,0,0,141700,9637056,2542144,57285600,2925429,34131500,5054894,0,0,0,0
629,6592724588743389130,15300524767903065322,92494,93569,41274,3121065,53030302,36552,475176,0,0,0,0,475176,31999240,5988416,94180297,13152815,34755799,5121688,0,0,0,0
630,8330099591412088470,18270213682518143151,225739,226814,42114,3183776,60907002,61129,794677,0,0,0,0,794677,53416181,14516096,132065169,20841522,34942609,5122871,0,0,0,0
631,9266676392503724311,16969337198218239923,57283,58358,36872,3028848,45771219,19705,256165,0,0,0,0,256165,17289675,3734912,69861526,7615569,33227298,4928352,0,0,0,0
632,13359154327563834019,387283962128733075,118355,119430,39380,3132609,51779832,32896,427648,0,0,0,0,427648,28797652,7643520,91392993,12548029,34194745,5037058,0,0,0,0
633,16899107902442753537,7282963618556446737,146326,147401,40751,3112050,54621008,41250,536250,0,0,0,0,536250,36087168,9433664,103294641,14875835,34622042,5123131,0,0,0,0
634,11618460855047005185,17987319974399003843,171879,172954,42290,3182218,59753668,58363,758719,0,0,0,0,758719,51009257,11069056,125056489,19637800,34987537,5128331,0,0,0,0
635,12756044663846706838,17730217060018558038,19455,20519,21718,2129233,27302678,3012,39156,0,0,0,0,39156,2678000,1313216,33444845,610506,22764872,3927300,0,0,0,0
636,12379636975563747041,11408465557131396376,166125,167200,41646,3115768,57190978,49100,638300,0,0,0,0,638300,42933202,10700800,113982394,17213261,34854846,5122871,0,0,0,0
637,10127277570326081677,3821967035357716262,112127,113202,39527,3075333,51374921,31551,410163,0,0,0,0,410163,27626157,7244928,89360866,12084956,34232159,5057806,0,0,0,0
638,5978535484873843695,4918624458385320930,23838,24900,25393,2578750,31605210,4735,61555,0,0,0,0,61555,4193033,1593600,39995986,1313676,25944685,4346849,0,0,0,0
639,15856554720597671723,14494263647694403094,46904,47978,38673,3044620,45557681,18321,238173,0,0,0,0,238173,16096873,3070592,67808439,6651931,33892092,5013658,0,0,0,0
640,4076074947052337045,12402125921113008900,51420,52495,39197,3082491,46532122,20131,261703,0,0,0,0,261703,17676815,3359680,70690305,7377760,34119956,5034406,0,0,0,0
641,354247999281503521,13760203400160005894,32734,33799,33898,2950832,38190074,7179,93327,0,0,0,0,93327,6361251,2163136,49699191,1713530,31684523,4792021,0,0,0,0
642,15633040578676708371,14575143759040787998,174264,175339,39895,3101895,56312789,45766,594958,0,0,0,0,594958,40011530,11221696,110687805,16865433,34370713,5076643,0,0,0,0
643,12308432481696372414,11821245419665206135,142812,143887,40734,3132056,54411890,40170,522210,0,0,0,0,522210,35145240,9208768,101938688,14692301,34602581,5117008,0,0,0,0
644,17282118379056108663,14931378501410607555,26717,27782,27967,2717111,34216052,6304,81952,0,0,0,0,81952,5569616,1778048,44308794,1971320,27900470,4344262,0,0,0,0
645,3939000332160386728,8651534412698704488,159600,160675,41318,3085535,55174561,42535,552955,0,0,0,0,552955,37211837,10283200,105796451,15277106,34774584,5122871,0,0,0,0
646,2633944345621710373,2559077666488976978,200954,202029,41373,3194346,58494527,53235,692055,0,0,0,0,692055,46531979,12929856,121192081,18589792,34786544,5118191,0,0,0,0
647,6007702649608414427,6704059999963012702,679121,792923,40583,3116091,53649076,38212,496756,0,0,0,0,496756,33437404,50747072,140990226,13986934,34559694,5102448,0,0,0,0
648,5437565753968029016,859203926581896521,190950,192025,40567,3148384,56494412,46095,599235,0,0,0,0,599235,40304329,12289600,112277292,16851575,34541676,5101161,0,0,0,0
649,16489468718597773885,16040276571959841103,140610,141685,33739,2859602,46450807,28022,364286,0,0,0,0,364286,24516674,9067840,82928662,10138700,31562687,4749420,0,0,0,0
650,2139026678767967536,11963491151434079100,38679,39741,37490,3014284,43567966,14674,190762,0,0,0,0,190762,12910742,2543424,62073906,5150704,33456423,4960839,0,0,0,0
651,12732998959073337617,11763197920964073598,273470,274545,40893,3144244,63271481,73191,951483,0,0,0,0,951483,63912173,17570880,147939671,23774725,34513180,4983576,0,0,0,0
652,12667186128461695927,8754520984252185054,204784,205859,40580,3148183,57266729,48619,632047,0,0,0,0,632047,42503253,13174976,116133721,17596306,34567572,5102851,0,0,0,0
653,965648848581406699,14926448960374435286,191146,192221,40945,3152177,57082480,48302,627926,0,0,0,0,627926,42231072,12302144,114808818,17290871,34680308,5111301,0,0,0,0
654,14688239453222220631,9118506850881522342,11879,12940,14510,1466992,19352996,1893,24609,0,0,0,0,24609,1680523,828160,23343181,485797,15644005,3223194,0,0,0,0
655,15499481043304135410,16206249842000774863,19069,20132,21001,2130680,27008631,3383,43979,0,0,0,0,43979,2998775,1288448,33447535,904488,22179053,3925090,0,0,0,0
656,15052719882199892039,6680506254250992099,62157,63232,40542,3167201,48940931,25293,328809,0,0,0,0,328809,22185163,4046848,78380685,9296586,34533772,5110573,0,0,0,0
657,6649709512467052771,10729211271972419459,243277,244352,42501,3240644,62896535,69808,907504,0,0,0,0,907504,60981882,15638528,142800090,22727445,35040499,5128591,0,0,0,0
658,16517822258454559377,2434891492574949009,34741,35805,35186,2966355,40171261,9612,124956,0,0,0,0,124956,8488038,2291520,53952360,2881554,32426706,4863001,0,0,0,0
659,5658466932555957732,6954798296163031102,72382,73457,39582,3118926,50285495,29146,378898,0,0,0,0,378898,25532858,4701248,83678109,10955620,34270977,5058898,0,0,0,0
660,4308306325296819504,13200797751396776473,32363,33426,33472,2922877,38203230,7593,98709,0,0,0,0,98709,6719167,2139264,50018010,2028520,31422872,4751838,0,0,0,0
661,15876323454465600244,8382082058674177250,105240,106315,39415,3043278,50831950,30299,393887,0,0,0,0,393887,26535587,6804160,87254390,11622611,34194953,5014386,0,0,0,0
662,96679807295986386,16148149702264431239,35013,36086,35051,2996868,40264770,10017,130221,0,0,0,0,130221,8839545,2309504,54445738,3164161,32237608,4863001,0,0,0,0
663,17239562545443793729,2589884551428222869,123463,124538,41450,3158446,55242109,43176,561288,0,0,0,0,561288,37771552,7970432,104183989,15315443,34803795,5122871,0,0,0,0
664,41847363511816512,17872780157450826926,146128,147203,41585,3098611,55363126,42515,552695,0,0,0,0,552695,37196705,9420992,105121019,15413840,34823139,5126147,0,0,0,0
665,6599062690871930985,15279050708785511352,90967,92042,36954,3017026,44818670,19649,255437,0,0,0,0,255437,17241367,5890688,71004705,6598241,33261878,4958551,0,0,0,0
666,8684161414503418273,13682790012948665610,109391,110466,41478,3246282,53145131,37121,482573,0,0,0,0,482573,32497621,7069824,96000336,13218751,34805108,5121272,0,0,0,0
667,18314418404687521985,13086866093926397700,21182,22246,22710,2229529,29198351,3889,50557,0,0,0,0,50557,3446573,1423744,36320907,1033890,23942295,4222166,0,0,0,0
668,6866790557753914697,11634975039811558210,234544,235619,41633,3256841,59498608,55729,724477,0,0,0,0,724477,48707711,15079616,126584409,19524713,34847748,5126147,0,0,0,0
669,7617772251789999682,15308676551693193031,172439,173514,41750,3179628,58087562,52022,676286,0,0,0,0,676286,45480604,11104896,117894440,18081895,34879260,5126407,0,0,0,0
670,17946558795283661761,9619782020999843453,78859,79934,18344,1866897,28263768,13390,174070,0,0,0,0,174070,11710868,5115776,46975653,4677478,19943443,3642847,0,0,0,0
671,15513656550250135436,3987684635606022822,61972,63047,39646,3061741,48485138,24606,319878,0,0,0,0,319878,21578336,4035008,77199869,9173554,34253778,5057806,0,0,0,0
672,11595001968502660751,17469514783883979858,114486,115561,41087,3097546,53161966,36629,476177,0,0,0,0,476177,32064253,7395904,95760756,13339547,34700731,5121688,0,0,0,0
673,8119812360879151612,8331246152944534637,168634,169709,40591,3188848,55636529,43528,565864,0,0,0,0,565864,38069018,10861376,107796362,15939885,34585343,5111301,0,0,0,0
674,578583857471299202,2874351840881950504,310759,311834,42053,3143843,64189073,74186,964418,0,0,0,0,964418,64788984,19957376,152121329,24116417,34946249,5126407,0,0,0,0
675,2104722919515244370,13695383003957862657,170207,171282,41050,3169143,56225390,45442,590746,0,0,0,0,590746,39741260,10962048,110138891,16405090,34697169,5123131,0,0,0,0
676,18066470779128890983,16872456766581800637,40882,41955,37949,3149686,44238610,16214,210782,0,0,0,0,210782,14255982,2685120,64367347,5811195,33558889,4868526,0,0,0,0
677,13342392515164786136,12949707809941030978,48034,49109,38743,3123703,46175584,19579,254527,0,0,0,0,254527,17193293,3142976,69674299,7196566,33968012,5011006,0,0,0,0
678,9489402996867759569,9419860495301078284,201576,202651,42167,3183235,59699029,58100,755300,0,0,0,0,755300,50779560,12969664,126673655,19604975,34967907,5126147,0,0,0,0
679,4507247751149639448,10591594785834865195,117365,118440,40536,3081701,49850294,30251,393263,0,0,0,0,393263,26503477,7580160,87056168,10209901,34538400,5101993,0,0,0,0
680,14325695927051278904,6674217438403053680,46074,47140,38741,3000092,45364410,17782,231166,0,0,0,0,231166,15628652,3016960,67048855,6410079,33917910,5036421,0,0,0,0
681,4549627462358699105,9298228277486294718,25349,26411,26874,2719248,32748638,4814,62582,0,0,0,0,62582,4267458,1690304,41452522,1208103,27072019,4468516,0,0,0,0
682,13773308950712907785,14039925970709545740,114624,115699,40561,3174324,53092585,36216,470808,0,0,0,0,470808,31699642,7404736,95411848,13420914,34563243,5108428,0,0,0,0
683,8627805959236296805,10062338640393462606,22786,23849,24331,2548796,30540393,4423,57499,0,0,0,0,57499,3916965,1526336,38556821,1232283,25090273,4217837,0,0,0,0
684,14783932466914455596,2740661926421160733,44969,46044,39622,3118484,45547463,17987,233831,0,0,0,0,233831,15812745,2946816,67465130,6219109,34270548,5057806,0,0,0,0
685,7063362618360469997,13207841113741698939,243690,244765,42546,3130604,61843782,65748,854724,0,0,0,0,854724,57445986,15664960,138127878,21675849,35039602,5128331,0,0,0,0
686,15496269756699131943,4845255460987159807,48999,50064,38229,3020033,45975904,19467,253071,0,0,0,0,253071,17093089,3204096,69331351,7119762,33845721,5010421,0,0,0,0
687,17462328991042244135,14205753850702478283,90581,91656,40618,3081744,50940799,30535,396955,0,0,0,0,396955,26752557,5865984,86681702,11248042,34570614,5122143,0,0,0,0
688,9088773184934319842,3201915698346793514,30415,31480,31114,2784234,37471265,8428,109564,0,0,0,0,109564,7433608,2014720,49734941,2822027,30033627,4615611,0,0,0,0
689,11362115854441008537,7879216217828202436,166865,167940,39685,3210498,55474965,44602,579826,0,0,0,0,579826,38996880,10748160,108470188,16164356,34273551,5037058,0,0,0,0
690,4447914125261390177,15104252724678672070,110432,111507,40106,2970525,52473564,34632,450216,0,0,0,0,450216,30314700,7136448,92935343,12961793,34422024,5089747,0,0,0,0
691,2208441132032707222,4060613603563013383,10426,11490,12933,1338897,17535596,1557,20241,0,0,0,0,20241,1384305,735360,21007091,358371,14120821,3056404,0,0,0,0
692,4773286599351137724,2127689164902285096,301633,302708,42541,3201702,64685153,76815,998595,0,0,0,0,998595,67085863,19373312,154388571,24514516,35040681,5129956,0,0,0,0
693,18431393787147755480,13133291680576626843,33900,34963,34534,2998182,40038388,10147,131911,0,0,0,0,131911,8950019,2237632,54258755,3249714,31996653,4792021,0,0,0,0
694,15712940082949541157,10640260364039247965,113878,114953,36581,2980076,49724792,29906,388778,0,0,0,0,388778,26173238,7356992,86271679,11769342,33092449,4863001,0,0,0,0
695,5047057608239110481,6920671709268672175,234389,235464,42474,3141036,62602800,68496,890448,0,0,0,0,890448,59838272,15069696,140694278,22444942,35028162,5129696,0,0,0,0
696,3810085516931865123,4439462640833866975,201868,202943,41563,3189962,58954363,54621,710073,0,0,0,0,710073,47741213,12988352,122915453,18999708,34833188,5121467,0,0,0,0
697,17197911180461037765,1795787563535531033,214037,215112,42144,3110369,60337160,59600,774800,0,0,0,0,774800,52084942,13767168,129341783,20248345,34962668,5126147,0,0,0,0
698,16390120351940928361,11931497773428368827,97727,98802,38963,3096578,46408804,22183,288379,0,0,0,0,288379,19462417,6323328,75330090,7421947,33974291,5012566,0,0,0,0
699,414284693792585915,16890755642790842707,80153,81228,39176,2989385,48900943,25791,335283,0,0,0,0,335283,22606207,5198592,79734303,9770761,34094216,5035966,0,0,0,0
700,16760288997976466747,9531217364653525355,23004,24066,24379,2517502,31488327,5701,74113,0,0,0,0,74113,5030415,1540224,40600847,1974999,25246156,4267172,0,0,0,0
701,2019704859519031519,4777571984750711415,125215,126290,40443,3124383,54521467,40636,528268,0,0,0,0,528268,35547668,8082560,101316521,14891279,34527467,5102721,0,0,0,0
702,11139517963610938150,17798614583071685002,197131,198206,40862,3128388,57112523,48289,627757,0,0,0,0,627757,42218085,12685184,115185042,17347356,34651006,5114161,0,0,0,0
703,16223597924637594094,8811164285615442459,17174,18236,19256,1908606,25308751,2904,37752,0,0,0,0,37752,2576236,1167104,30979953,744081,20765810,3798860,0,0,0,0
704,11966477985968963134,10507100402004258518,37591,38654,37858,2999385,41871973,11346,147498,0,0,0,0,147498,10016266,2473856,57399338,3321487,33563192,4987294,0,0,0,0
705,6896261019369160036,4696751340260704029,149414,150489,42131,3216140,57192252,49914,648882,0,0,0,0,648882,43648436,9631296,113730255,17110093,34953568,5128591,0,0,0,0
706,2194147068444674916,16334992942253329150,149038,150113,41330,3105935,55641261,44198,574574,0,0,0,0,574574,38659322,9607232,107055080,15756494,34767031,5117736,0,0,0,0
707,4888443503762510802,17327589894665107747,80904,81979,40139,3199336,49776142,27957,363441,0,0,0,0,363441,24502179,5246656,82764452,10264657,34409492,5101993,0,0,0,0
708,8052378887538880508,8059458918031654300,148122,149197,41968,3197273,56508400,47165,613145,0,0,0,0,613145,41252029,9548608,110548278,16462394,34919859,5126147,0,0,0,0
709,17691340971513970012,8644082702601696135,208533,209608,40951,3282033,58602934,53023,689299,0,0,0,0,689299,46343713,13414912,121684543,18804708,34686925,5111301,0,0,0,0
710,17103961784338573818,7887661753191422246,164455,165530,41017,3068226,55828994,44109,573417,0,0,0,0,573417,38579853,10593920,108112010,16008408,34698547,5122039,0,0,0,0
711,15202669987084571639,9514598879979950354,145740,146815,41897,3146311,56597580,47197,613561,0,0,0,0,613561,41278887,9396160,110460835,16569176,34901997,5126407,0,0,0,0
712,5953990809327483914,6402372294729751383,94014,95089,39355,3085062,51681396,32593,423709,0,0,0,0,423709,28532777,6085696,89424286,12409813,34212685,5058898,0,0,0,0
713,17855951411332076899,1224072527027517543,141438,142513,41481,3188773,55758716,44205,574665,0,0,0,0,574665,38668071,9120832,106777873,15835885,34798231,5124600,0,0,0,0
714,9184047310697356165,9996838961991106569,183179,184254,42241,3176437,58875882,55704,724152,0,0,0,0,724152,48693502,11792256,122580318,18762302,34983494,5130086,0,0,0,0
715,13544892148617025026,433402027417844472,256100,257175,42519,3244870,63499553,71975,935675,0,0,0,0,935675,62869781,16459200,146115923,23334350,35035377,5129826,0,0,0,0
716,12779733721289212576,5160531902612650079,32264,33327,33168,2954217,38658503,8492,110396,0,0,0,0,110396,7499466,2132928,51278282,2595372,31239065,4824066,0,0,0,0
717,14633293032831433389,16556527428279352105,209828,210903,41047,3075522,59213349,55113,716469,0,0,0,0,716469,48163531,13497792,123991241,19397820,34700185,5115344,0,0,0,0
718,9229854299135121587,413826573617276441,176360,177435,41366,3180575,57470153,49461,642993,0,0,0,0,642993,43244227,11355840,115292161,17568174,34779108,5122871,0,0,0,0
719,11736205866905026319,15653948366742274917,35061,36124,34870,2945398,40726660,11196,145548,0,0,0,0,145548,9865700,2311936,55884564,3804957,32131242,4790461,0,0,0,0
720,7749556930614768223,10375543444304883057,204348,205423,41997,3170443,60351603,59524,773812,0,0,0,0,773812,52017108,13147072,128728223,20294183,34931273,5126147,0,0,0,0
721,1322249714398968656,6925809326266919262,679121,897001,42174,3241776,61043866,62620,814060,0,0,0,0,814060,54716324,57408064,176452204,20947927,34967348,5128591,0,0,0,0
722,11338016266857222091,7150666395480808366,241759,242834,41510,3249505,59732478,56347,732511,0,0,0,0,732511,49245001,15541376,127809870,19785597,34820734,5126147,0,0,0,0
723,13354510800715437407,3212121779517016710,3799,4729,8810,749174,8177299,636,8268,0,0,0,0,8268,565656,302656,9803595,160927,5981261,2035111,0,0,0,0
724,10641301294737041240,15146376219706568221,17345,18408,19757,1939711,25732291,2795,36335,0,0,0,0,36335,2483039,1178112,31352910,625833,21226296,3880162,0,0,0,0
725,3402503405738243120,6047486138435394578,141075,142150,40870,3174024,54477228,40289,523757,0,0,0,0,523757,35249877,9097600,102039599,14724710,34641945,5110573,0,0,0,0
726,12681844524473137276,11604227164785939437,72965,74040,41054,3138977,49936185,28246,367198,0,0,0,0,367198,24762998,4738560,82617774,10115950,34697559,5122676,0,0,0,0
727,16874051204606451211,3944153294284883261,99898,100973,39872,3170510,51639432,32453,421889,0,0,0,0,421889,28415517,6462272,89727603,12206909,34355152,5077371,0,0,0,0
728,59797061696096951,4247236232590083149,227733,228808,41699,3164336,60104291,58497,760461,0,0,0,0,760461,51118821,14643712,129072859,20122245,34856991,5125055,0,0,0,0
729,4994989261052180492,5991265015336313018,173233,174308,41227,3143064,55639779,44976,584688,0,0,0,0,584688,39337298,11155712,109317080,15776956,34741811,5121012,0,0,0,0
730,8674437369330605328,10974457721715965609,96299,97374,40964,3082386,51774567,32805,426465,0,0,0,0,426465,28732691,6231936,89862544,11984440,34667711,5122416,0,0,0,0
731,10323825452136550544,16111817467637672490,100302,101377,40868,3125584,52618384,35490,461370,0,0,0,0,461370,31069428,6488128,93342392,12862408,34646963,5109013,0,0,0,0
732,17795717853289239040,5434431814707942193,79491,80566,40328,3120398,50099088,28068,364884,0,0,0,0,364884,24599978,5156224,83016016,10513048,34468577,5117463,0,0,0,0
733,1483468292785639481,12751100816753067519,98985,100060,40205,3093255,50120421,29453,382889,0,0,0,0,382889,25805949,6403840,85463670,10568038,34461544,5090839,0,0,0,0
734,9801838805084428213,11132590780298211297,142841,143916,39537,3156070,54343341,39934,519142,0,0,0,0,519142,34928816,9210624,101678388,15022670,34260785,5059886,0,0,0,0
735,15581019411513005347,5637872828506305529,224997,226072,41887,3179053,61089431,62311,810043,0,0,0,0,810043,54443441,14468608,133222420,21053461,34913099,5122871,0,0,0,0
736,10654387894964854132,13705627620491999858,198131,199206,42307,3160303,60503079,60794,790322,0,0,0,0,790322,53127022,12749184,129581895,20382206,34993361,5127512,0,0,0,0
737,8771142779764509883,8107268734041893898,144871,145946,41029,3148369,56856618,48058,624754,0,0,0,0,624754,42018028,9340544,111404588,17048265,34698144,5110209,0,0,0,0
738,12788830630933417344,16597218472108769753,207,207,4157,0,0,0,0,0,0,0,0,0,0,13248,17405,0,0,0,0,0,0,0
739,10822491647574253858,9120222344122971616,209093,210168,41597,3171543,58067009,51245,666185,0,0,0,0,666185,44801263,13450752,119532164,18113095,34831043,5122871,0,0,0,0
740,12071451757757128827,11556719226580565564,160700,161775,42237,3201933,58771323,54836,712868,0,0,0,0,712868,47936824,10353600,120305917,18662670,34980322,5128331,0,0,0,0
741,3234914246405969382,16992668474947748777,73638,74713,38381,3033360,48890764,26126,339638,0,0,0,0,339638,22892610,4781632,79636747,10004917,33874841,5011006,0,0,0,0
742,17353871685385011834,5867928550995241604,120678,121753,40739,3145357,54057029,38886,505518,0,0,0,0,505518,34026304,7792192,99061621,14342211,34604245,5110573,0,0,0,0
743,10284001469478647888,8100617967492121983,211422,212497,41486,3205753,59365748,55933,727129,0,0,0,0,727129,48882769,13599808,125095564,19430736,34818771,5116241,0,0,0,0
744,3584243757236677370,15902698486207478526,78047,79122,38844,3147797,49478975,27095,352235,0,0,0,0,352235,23740951,5063808,81470375,10384764,34017568,5076643,0,0,0,0
745,1683543872317802967,1880629033264610202,83744,84819,40732,3144522,51472499,31664,411632,0,0,0,0,411632,27736878,5428416,87823047,11738883,34621860,5111756,0,0,0,0
746,8119391169943428274,16700664206671585375,144371,145446,38029,3163106,51581673,34553,449189,0,0,0,0,449189,30231149,9308544,94322501,13017706,33602764,4961203,0,0,0,0
747,4699563315582228049,3281474318016358173,127217,128292,41643,3160244,55014817,42559,553267,0,0,0,0,553267,37236485,8210688,103663877,15040792,34851609,5122416,0,0,0,0
748,2650793684075026015,184930976309745109,303579,304654,42641,3200094,65187941,78711,1023243,0,0,0,0,1023243,68739125,19497856,156667657,24994775,35063210,5129956,0,0,0,0
749,15078780034518663149,1100644969004571571,277634,278709,42116,3124060,63580842,71561,930293,0,0,0,0,930293,62502843,17837376,147087237,23499203,34956584,5125055,0,0,0,0
750,9516802369170204719,3174136791019782335,41023,42097,38731,3004331,44618340,16517,214721,0,0,0,0,214721,14526343,2694208,64881953,5719441,33886801,5012098,2560,0,0,0
751,9857849601728017366,17579966103343729554,31892,32955,32928,2790390,37902228,7320,95160,0,0,0,0,95160,6477484,2109120,49312150,1962467,31153655,4786106,0,0,0,0
752,3655718873919174225,9655617116833507584,20486,21549,22156,2365932,28702700,3825,49725,0,0,0,0,49725,3388749,1379136,35858673,1059669,23504559,4138472,0,0,0,0
753,3498152470363394420,5196315333844036943,34343,35405,34670,2952600,40406366,10654,138502,0,0,0,0,138502,9391590,2265920,55051146,3508310,32070272,4827784,0,0,0,0
754,4142373120935482839,10159879038575060779,52618,53680,38654,3117305,46323641,19936,259168,0,0,0,0,259168,17502108,3435520,70417228,7453095,33882524,4988022,0,0,0,0
755,11386361933896381372,2993676003523943780,212687,213762,41996,3195972,60092448,58066,754858,0,0,0,0,754858,50747060,13680768,127758244,20035067,34929050,5128331,0,0,0,0
756,8443758103164304602,3634171039600096513,25235,26300,26661,2576211,33120932,5694,74022,0,0,0,0,74022,5032820,1683200,42439824,1758848,26916149,4445935,0,0,0,0
757,8219537104832655677,16699894761867045571,120589,121664,39248,3103081,51947779,34054,442702,0,0,0,0,442702,29804242,7786496,92680846,12755392,34155693,5036694,0,0,0,0
758,11837429995650670492,12085121204636904156,188603,189678,41974,3205735,57965713,50869,661297,0,0,0,0,661297,44478031,12139392,117830845,17912999,34926567,5126147,0,0,0,0
759,12962131736601260561,16109482743959727974,24851,25915,26338,2732450,32500585,5093,66209,0,0,0,0,66209,4507815,1658560,41425748,1452243,26657735,4390607,0,0,0,0
760,3566009117996637487,4766001843756246534,283423,284498,41866,3058558,61885720,65440,850720,0,0,0,0,850720,57168930,18207872,140362946,21869705,34890271,5125744,0,0,0,0
761,11429285199178719925,5869918941450771712,163157,164232,41056,3150101,56091932,44911,583843,0,0,0,0,583843,39277745,10510848,109071682,16268551,34705645,5117736,0,0,0,0
762,1774941666361266870,801517622713181961,30960,32026,31885,2828964,37630996,7912,102856,0,0,0,0,102856,6988176,2049664,49529685,2440685,30485403,4704908,0,0,0,0
763,17896800419444015272,645197947007763418,103495,104570,41017,3149380,53274026,37490,487370,0,0,0,0,487370,32813560,6692480,95970463,13460902,34695388,5117736,0,0,0,0
764,14838459320748198494,6953998401968525707,151889,152964,41503,3206809,56212247,45766,594958,0,0,0,0,594958,40027442,9789696,109277697,16276195,34818914,5117138,0,0,0,0
765,7241118836352957487,8788120964533969575,2069,2591,17593,411631,3970031,272,3536,0,0,0,0,3536,241930,165824,4807009,77168,2669784,1223079,0,0,0,0
766,3180776867860607969,9759114882527426397,112146,113221,41610,3177612,55185247,42668,554684,0,0,0,0,554684,37331060,7246144,102981673,15218138,34845642,5121467,0,0,0,0
767,16459822930520107018,5728346138206757436,116987,118062,40596,3047697,51524746,31834,413842,0,0,0,0,413842,27884896,7555968,90053903,11837722,34564608,5122416,0,0,0,0
768,368413103938873723,18262768714896179228,285200,286275,42660,3071822,64739558,77848,1012024,0,0,0,0,1012024,67986906,18321600,154162546,24545443,35065394,5128721,0,0,0,0
769,7387674628622485179,4823162992555546596,132505,133580,41649,3210981,56369508,46897,609661,0,0,0,0,609661,41013921,8549120,109185179,16404102,34843718,5121688,0,0,0,0
770,4552233550283288364,6547987360064435635,196346,197421,41875,3165934,59773051,57839,751907,0,0,0,0,751907,50547601,12634944,126163405,19743828,34906352,5122871,0,0,0,0
771,10230036322838366769,16834091486503133825,36453,37517,36372,3038050,42771560,13870,180310,0,0,0,0,180310,12203464,2401088,60450534,4943302,32961552,4866706,0,0,0,0
772,17568047770432397041,17928037538960480115,150291,151366,40374,3167345,54553655,40811,530543,0,0,0,0,530543,35700119,9687424,103148917,14925859,34518315,5109481,0,0,0,0
773,8487381258365441485,12979024976696557597,176917,177992,40733,3082335,57165381,48429,629577,0,0,0,0,629577,42339245,11391488,114019182,17429022,34633183,5103176,0,0,0,0
774,12002854015431648748,9078779629580831054,50267,51333,36656,2958222,45149247,18466,240058,0,0,0,0,240058,16208712,3285312,67638149,7041554,33186998,4920695,0,0,0,0
775,17677776718261518007,6569972083400709734,187517,188592,41344,3178121,57389137,48914,635882,0,0,0,0,635882,42767088,12069888,115445578,17498065,34773336,5117736,0,0,0,0
776,18386159295333708937,2957022115271191264,29652,30715,30856,2787039,36560199,7193,93509,0,0,0,0,93509,6356649,1965760,47700503,2170259,29786250,4603690,0,0,0,0
777,4341141527874333841,9813033933524934798,41963,43038,39990,2996202,45008652,16577,215501,0,0,0,0,215501,14587937,2754432,65387213,5557227,34359858,5091567,0,0,0,0
778,12041586216734902521,15864651036166104140,210491,211566,41709,3112041,59887334,57586,748618,0,0,0,0,748618,50325210,13540224,126906518,19899373,34865545,5122416,0,0,0,0
779,12091280701665719598,11374426330775825533,99271,100346,38438,3027620,48729564,26296,341848,0,0,0,0,341848,23041798,6422144,81259564,9913878,33853755,4961931,0,0,0,0
780,5747063561846634627,11268985054877153913,56461,57536,40296,3058053,47487830,22127,287651,0,0,0,0,287651,19425237,3682304,73693720,7902089,34475168,5110573,0,0,0,0
781,13659019480788384581,1477224547608252275,111456,112531,41465,3150093,52732511,35648,463424,0,0,0,0,463424,31214976,7201984,94341029,12814152,34796892,5121467,0,0,0,0
782,17341197987695479059,12758543251451862339,4449,5464,8379,811070,9785737,760,9880,0,0,0,0,9880,675662,349696,11630544,198809,7284108,2302820,0,0,0,0
783,1971492685913915853,9498829225923425933,11570,12617,14035,1446581,18724654,1822,23686,0,0,0,0,23686,1617850,807488,22610608,469495,14946594,3308565,0,0,0,0
784,12990264759546356782,11895254356461299636,2892,3543,10932,537260,6390761,455,5915,0,0,0,0,5915,404703,226752,7570408,121407,4522362,1746992,0,0,0,0
785,1407034803039058523,3208817668834566120,28857,29920,29788,2864899,37178635,9225,119925,0,0,0,0,119925,8121607,1914880,50109809,3433391,29174353,4570891,0,0,0,0
786,17901577062350509317,7987965710380798642,193199,194274,41777,3215630,58856577,54453,707889,0,0,0,0,707889,47597095,12433536,122144615,18846919,34883251,5126407,0,0,0,0
787,14908308133424987909,14069639601022609556,185502,186577,41144,3194922,56809467,48275,627575,0,0,0,0,627575,42209323,11940928,114195784,16968107,34723169,5118191,0,0,0,0
788,11366450769460786544,12212992164959690807,262205,263280,42313,3259387,63462399,71740,932620,0,0,0,0,932620,62661508,16849920,146275527,23331932,35002136,5128331,0,0,0,0
789,11971815552029434115,6278165743160279719,139096,140171,40316,3100453,54668107,40732,529516,0,0,0,0,529516,35630764,8970944,102410584,15081300,34475051,5111756,0,0,0,0
790,4383325361708959176,13054491907527346276,98965,100040,41030,3113795,51887550,33269,432497,0,0,0,0,432497,29137537,6402560,90582472,12072346,34690604,5124600,0,0,0,0
791,18363733528407095931,9212974215549949124,28652,29715,29829,2750098,35800817,6673,86749,0,0,0,0,86749,5899179,1901760,46381683,1985607,29207191,4608019,0,0,0,0
792,10002861733785003672,15986135879997762259,32155,33218,33233,2934923,38731641,8630,112190,0,0,0,0,112190,7621588,2125952,51447337,2619565,31405595,4706481,0,0,0,0
793,403711196683579954,82719973290891810,6183,7231,10594,966191,12196912,940,12220,0,0,0,0,12220,836368,462784,14472849,220870,9327097,2648945,0,0,0,0
794,1222773764376697482,8175128634320203859,202754,203829,41736,3197572,59249684,55685,723905,0,0,0,0,723905,48669907,13045056,124203955,19250725,34872552,5126407,0,0,0,0
795,14894244315246357671,13187776644179564887,27052,28116,28284,2827449,34447777,6257,81341,0,0,0,0,81341,5530265,1799424,44633199,1890915,28093624,4463238,0,0,0,0
796,9551010347952717070,7764205285819024450,124629,125704,41597,3124490,55641287,44202,574626,0,0,0,0,574626,38666602,8045056,105519032,15681237,34833903,5126147,0,0,0,0
797,11518686151825928075,7510247214459235898,246895,247970,41795,3218561,60830445,60680,788840,0,0,0,0,788840,53021826,15870080,132982707,20826442,34881587,5122416,0,0,0,0
798,18169216822466057707,16254368127024107430,31307,32371,30107,2746330,37236940,9038,117494,0,0,0,0,117494,7960602,2071744,50045723,3255668,29364803,4616469,0,0,0,0
799,17509253598807826051,8431495706168945874,175856,176931,41723,3125048,57183347,50211,652743,0,0,0,0,652743,43902365,11323584,115576067,17180826,34876829,5125692,0,0,0,0
800,207223875412327326,10118852599895984599,200045,201120,41923,3242798,59067203,55086,716118,0,0,0,0,716118,48150284,12871680,123373888,19030336,34908536,5128331,0,0,0,0
801,10411526384303269376,15197579925078485412,5528,6548,10204,861990,11258702,871,11323,0,0,0,0,11323,774501,419072,13324469,218608,8539518,2500576,0,0,0,0
802,5301745987430737095,13914075244360019892,241219,242294,41282,3175891,60635900,60439,785707,0,0,0,0,785707,52805285,15506816,132165174,20763262,34762065,5110573,0,0,0,0
803,5978770521789078293,2430543947129662318,105821,106896,40152,3054937,51287093,31851,414063,0,0,0,0,414063,27894139,6841344,89117665,11735243,34461011,5090839,0,0,0,0
804,9728400486518285695,1076325802860171526,70823,71898,39037,3056808,49333492,26792,348296,0,0,0,0,348296,23477636,4601472,80508445,10191701,34086130,5055661,0,0,0,0
805,12917981941722151755,4436109560820430606,246371,247446,42490,3263341,62481432,67691,879983,0,0,0,0,879983,59136987,15836544,140760794,22329138,35023963,5128331,0,0,0,0
806,16932523169649586864,8670703076502704777,130110,131185,40200,3166224,53433354,37210,483730,0,0,0,0,483730,32562582,8395840,97598200,13866385,34464248,5102721,0,0,0,0
807,15706837575289627978,14997366684646061356,27331,28394,28527,2710305,34791731,6444,83772,0,0,0,0,83772,5693428,1817216,45041207,2015065,28238080,4538586,0,0,0,0
808,15298385790794028158,7122094070481490561,32886,33948,32824,2887563,39016042,9551,124163,0,0,0,0,124163,8421049,2172672,52530150,3216057,31055570,4744415,0,0,0,0
809,10769344395154416677,16680657095248878299,134598,135673,42101,3173779,56130399,45977,597701,0,0,0,0,597701,40219153,8683072,108248504,16051399,34951228,5127772,0,0,0,0
810,10489087642773762585,14288780598805872321,23634,24698,25299,2492117,31960019,5228,67964,0,0,0,0,67964,4621188,1580672,40679295,1630122,25994189,4335708,0,0,0,0
811,17446287876639459340,12600224300873572050,271478,272553,42176,3172447,63027120,69559,904267,0,0,0,0,904267,60759985,17443392,144445120,22937512,34963201,5126407,0,0,0,0
812,6024001205846443217,16292511933883066484,8097,9159,10699,1100944,14610518,1355,17615,0,0,0,0,17615,1202071,586176,17510408,387920,11447800,2774798,0,0,0,0
813,11303469930602444238,8314769261148980325,206282,207357,40476,3121387,57510167,48966,636558,0,0,0,0,636558,42805256,13270848,116748134,17842617,34556886,5110664,0,0,0,0
814,7128518023723225507,12467939600163636913,34553,35616,34609,2967695,41144298,11870,154310,0,0,0,0,154310,10451428,2279424,56877454,4140552,32175962,4827784,0,0,0,0
815,16983929887599104962,16981785971515456900,110548,111623,41812,3087699,54265523,39879,518427,0,0,0,0,518427,34903453,7143872,99442359,14257087,34882744,5125692,0,0,0,0
816,2966305349566322695,18416278845272863972,265810,266885,42268,3102731,63216257,70145,911885,0,0,0,0,911885,61272575,17080640,144714471,23090951,34995350,5129956,0,0,0,0
817,17315387029656839232,2155552245487203107,111347,112422,39709,3177958,50376794,29964,389532,0,0,0,0,389532,26246428,7195008,87035897,11014471,34273629,5088694,0,0,0,0
818,6063104702392433395,18100410361086006227,31226,32288,32277,2909575,37074349,6674,86762,0,0,0,0,86762,5911048,2066432,47993681,1708187,30676763,4689399,0,0,0,0
819,2168894197117544045,11097692715766953533,128682,129757,40916,3102064,52308321,35675,463775,0,0,0,0,463775,31231057,8304448,94986806,12562251,34635497,5110573,0,0,0,0
820,13166810294868532217,13534278730848916687,212513,213588,41683,3258589,59427862,56165,730145,0,0,0,0,730145,49088429,13669632,125486195,19441396,34860189,5126277,0,0,0,0
821,7154515070292256585,5739571099377307037,178936,180011,41368,3180047,57594862,50101,651313,0,0,0,0,651313,43801927,11520704,116138908,17677972,34794474,5122416,0,0,0,0
822,12951147799802289705,15403244682661046655,39887,40960,39487,3061687,43346069,13266,172458,0,0,0,0,172458,11700364,2621440,60769047,4014959,34255559,5075551,0,0,0,0
823,3015744000105577195,2859675409743641591,196220,197295,41962,3094771,59108426,55570,722410,0,0,0,0,722410,48572966,12626880,123445005,19060886,34918949,5128591,0,0,0,0
824,3200219573612197833,8401571648665380397,152482,153557,41486,3206016,56551768,46517,604721,0,0,0,0,604721,40681927,9827648,110308845,16615040,34810646,5126082,0,0,0,0
825,13591824910804554527,3012715002489870637,119564,120639,39324,3157570,50867297,31518,409734,0,0,0,0,409734,27596764,7720896,89381851,11659804,34149687,5057806,0,0,0,0
826,3339416729962887014,9604070121271528804,212313,213388,39567,3095627,58704854,56507,734591,0,0,0,0,734591,49366577,13656832,124863457,19568133,34150987,4985734,0,0,0,0
827,12164848042940949902,2309773847145382337,197398,198473,41323,3126238,56715087,48365,628745,0,0,0,0,628745,42289377,12702272,114874297,16833557,34763794,5117736,0,0,0,0
828,335404788479088392,7751343593654485618,199718,200793,41337,3139550,57677230,50235,653055,0,0,0,0,653055,43918589,12850752,117627458,17777721,34776378,5123131,0,0,0,0
829,13603472540772416096,8490460687229727121,47812,48887,37405,3082926,45230185,18338,238394,0,0,0,0,238394,16102008,3128768,67581292,6880978,33418697,4930510,0,0,0,0
830,17071705075626909005,1609673054155332131,138260,139335,40849,3174559,52700375,37198,483574,0,0,0,0,483574,32557538,8917440,97390761,12964224,34633430,5102721,0,0,0,0
831,18341829242763824071,80397060260169959,238402,239477,42171,3183766,61353188,63369,823797,0,0,0,0,823797,55368261,15326528,135273914,21254935,34971846,5126407,0,0,0,0
832,11863214575400528271,7683896030070440243,91093,92168,39737,3120808,50814790,30079,391027,0,0,0,0,391027,26346229,5898752,86220316,11435515,34288800,5090475,0,0,0,0
833,14506332774470416811,12816225498485005051,269633,270708,42501,3180551,64008620,74202,964626,0,0,0,0,964626,64808900,17325312,149365884,23840908,35039121,5128591,0,0,0,0
834,16341460276570440754,575883898706281642,101718,102793,41297,3114595,53017172,36486,474318,0,0,0,0,474318,31942274,6578752,94694090,13138268,34760375,5118529,0,0,0,0
835,11891630108198771782,2536189858352625239,43900,44965,38077,3034585,44839262,16859,219167,0,0,0,0,219167,14818167,2877760,65607851,6161129,33669272,5008861,0,0,0,0
836,3237365898895304903,6221027252030801723,10185,11249,14249,1358897,17208451,1482,19266,0,0,0,0,19266,1318460,719936,20619993,326482,13690768,3191201,0,0,0,0
837,8086558773091539912,9432266024697573072,139204,140279,41007,3153990,54590484,41362,537706,0,0,0,0,537706,36185994,8977856,102949331,14787760,34682128,5120596,0,0,0,0
838,10431314773469200888,16631110435152564227,81404,82479,40845,3153353,50439610,30223,392899,0,0,0,0,392899,26482079,5278656,85394543,10699923,34629114,5110573,0,0,0,0
839,5461541220844599963,1376825390651133979,16929,17993,19073,1956088,25241203,2956,38428,0,0,0,0,38428,2621866,1151552,30989782,770055,20623031,3848117,0,0,0,0
840,4539211007863776794,1896759383142095106,41262,42324,37652,3089637,43434326,14321,186173,0,0,0,0,186173,12605515,2708736,61875866,4949893,33524790,4959643,0,0,0,0
841,15703221057569399048,11305388491631803589,140322,141397,40978,3134443,55883607,44683,580879,0,0,0,0,580879,39079105,9049408,107187541,16080012,34685859,5117736,0,0,0,0
842,12772105613499943886,8331756493880223248,35481,36543,36157,2849952,40345396,9400,122200,0,0,0,0,122200,8308560,2338752,53878817,2650778,32830057,4864561,0,0,0,0
843,7478921013899394029,15389938453509026154,100987,102062,40986,3177764,52889499,35753,464789,0,0,0,0,464789,31301257,6531968,93941474,13081198,34682609,5125692,0,0,0,0
844,1387853742344384276,8161217061144081725,45583,46647,38040,3134995,45294808,17952,233376,0,0,0,0,233376,15769910,2985408,67223161,6641206,33667868,4985734,0,0,0,0
845,17176422432421311470,3375381298197409596,71691,72764,40514,3158088,50600849,29846,387998,0,0,0,0,387998,26150982,4656896,84607329,10937407,34552141,5111301,0,0,0,0
846,1093245606580494778,12348372053297518629,70494,71569,39605,3098649,49153676,26175,340275,0,0,0,0,340275,22944909,4580416,79817255,9839336,34255806,5058534,0,0,0,0
847,9546628066256525176,17116772105901998414,140712,141787,40394,3096166,54458950,40087,521131,0,0,0,0,521131,35069723,9074368,101739601,14840397,34526986,5091567,0,0,0,0
848,2742271570923014706,4402025990535282119,45625,46693,36765,3085164,44682859,17486,227318,0,0,0,0,227318,15355886,2988352,66149026,6676501,33111780,4894578,0,0,0,0
849,1911302707690250453,11378255249967825113,186301,187376,40830,3090757,57790603,50421,655473,0,0,0,0,655473,44075031,11992064,116989285,18026528,34645884,5118191,0,0,0,0
850,9254027201414479952,13302858416581246102,32287,33349,33355,2850250,38317123,7720,100360,0,0,0,0,100360,6829446,2134336,50164510,2115854,31450991,4750278,0,0,0,0
851,1974917052749627494,16848373938420256615,154268,155343,41252,3116882,55554343,44890,583570,0,0,0,0,583570,39262210,9941952,107916639,15678325,34753602,5122416,0,0,0,0
852,14086352277056493489,10297060810721065061,207329,208404,42027,3207149,60414120,59783,777179,0,0,0,0,777179,52242801,13337856,129243953,20349446,34938982,5125692,0,0,0,0
853,15646807419831327753,9174008631962920771,81861,82936,37622,3032038,47316672,22867,297271,0,0,0,0,297271,20049367,5307904,75743603,8811634,33545395,4959643,0,0,0,0
854,8081510305507105706,6521882285448212970,168826,169901,41239,3204720,55532893,43511,565643,0,0,0,0,565643,38061543,10873664,107714059,15672878,34737339,5122676,0,0,0,0
855,12048132759722743492,15172839163925647629,113121,114196,41212,3133481,52929175,36763,477919,0,0,0,0,477919,32183021,7308544,95595433,13056303,34750456,5122416,0,0,0,0
856,4956973257292986760,505409949261462250,139275,140350,41244,3186886,55001752,41749,542737,0,0,0,0,542737,36525541,8982400,103737823,15146352,34730176,5125224,0,0,0,0
857,13997882618806339352,11166062564334952249,40059,41122,36164,2961225,42560635,13591,176683,0,0,0,0,176683,11959285,2631808,60149117,4776135,32855667,4928833,0,0,0,0
858,12143416357550260545,18335002900704880707,78464,79539,40755,3040912,50996205,30618,398034,0,0,0,0,398034,26825578,5090496,85993946,11257168,34628464,5110573,0,0,0,0
859,10810594063590991913,10533111248836762089,36677,37739,37286,3023761,40940185,9736,126568,0,0,0,0,126568,8608782,2415296,55025310,2631720,33353632,4954833,0,0,0,0
860,7091249316525756153,10836467519858198535,88303,89378,40742,3168425,51993721,33512,435656,0,0,0,0,435656,29345966,5720192,90269046,12279540,34603972,5110209,0,0,0,0
861,7050516824112570274,17684671368130633854,54958,56033,38792,3167540,46823959,21044,273572,0,0,0,0,273572,18469724,3586112,72086127,7825961,33962032,5035966,0,0,0,0
862,12870458458020793496,219744002608870709,61037,62112,40820,3132647,50241204,28938,376194,0,0,0,0,376194,25361986,3975168,82751825,10520861,34618714,5101629,0,0,0,0
863,6681618435262431050,14091642910931470828,26177,27242,27666,2675607,33122128,4652,60476,0,0,0,0,60476,4128566,1743488,41697455,1072591,27553929,4495608,0,0,0,0
864,16292954604577266035,6239735699218191564,27656,28719,28900,2771887,35453860,7183,93379,0,0,0,0,93379,6339307,1838016,46431970,2386371,28561754,4505735,0,0,0,0
865,11225149710891549225,4372096774131127762,26440,27502,27265,2603837,34860150,7901,102713,0,0,0,0,102713,6957223,1760128,46208603,2966743,27452100,4441307,0,0,0,0
866,12909982695472119933,3774571101393741568,139970,141045,41030,3125349,53552473,38561,501293,0,0,0,0,501293,33746947,9026880,99492679,13755170,34680295,5117008,0,0,0,0
867,1824355995950365656,3588538631173191779,184264,185339,41702,3120918,58510855,52741,685633,0,0,0,0,685633,46105007,11861696,119640178,18523245,34864739,5122871,0,0,0,0
868,12722417601184379589,11729821449847700837,119708,120783,40292,3133152,52969215,35736,464568,0,0,0,0,464568,31279508,7730112,95152279,13364858,34493056,5111301,0,0,0,0
869,9173444546945668529,11224469150254181095,35404,36466,36042,2999826,40918124,10476,136188,0,0,0,0,136188,9245158,2333824,55532974,3279874,32775964,4862286,0,0,0,0
870,13147126539181644396,6473438812774699952,119519,120594,39401,3084150,52020072,33628,437164,0,0,0,0,437164,29436290,7718016,92297929,12754677,34228337,5037058,0,0,0,0
871,6117914263822206833,14090565743484894510,172797,173872,41638,3076115,58189105,52551,683163,0,0,0,0,683163,45939309,11127808,118373975,18215158,34848112,5125835,0,0,0,0
872,5119415470528343509,9389124486700755540,239754,240829,42032,3137340,61631375,64851,843063,0,0,0,0,843063,56657289,15413056,136881092,21574709,34933795,5122871,0,0,0,0
873,6035857067372384593,12851794127580735558,108411,109486,40762,3163258,51584962,33384,433992,0,0,0,0,433992,29234296,7007104,91030382,11870326,34597628,5117008,0,0,0,0
874,6025453860780451334,10654587754983444423,87351,88426,41252,3174657,52033072,33485,435305,0,0,0,0,435305,29327623,5659264,90235868,12163554,34751782,5117736,0,0,0,0
875,9235695028395943617,13579772030569184533,52363,53437,35866,3017277,44785013,18234,237042,0,0,0,0,237042,16002012,3419968,67260136,7167537,32719180,4898296,2560,0,0,0
876,17458936654132995888,7738778717669942446,2095,3070,5051,638103,4779411,348,4524,0,0,0,0,4524,309894,196480,5928939,85917,3241875,1451619,0,0,0,0
877,3067939793805786422,17281499197852498439,192077,193152,41213,3087433,57601154,50423,655499,0,0,0,0,655499,44080881,12361728,117172409,17737564,34745854,5117736,0,0,0,0
878,1570647650545510525,10011976724463785921,49768,50843,38929,3094436,45756191,18566,241358,0,0,0,0,241358,16311724,3253952,68455232,6685393,34034572,5036226,0,0,0,0
879,8351938633430905331,17328795369563161429,129446,130521,41489,3168016,54479009,41635,541255,0,0,0,0,541255,36430225,8353344,102472083,14533857,34819005,5126147,0,0,0,0
880,586660345816922471,3392098729485557173,23195,24257,24734,2472715,30627649,4269,55497,0,0,0,0,55497,3784131,1552448,38461677,1111617,25375129,4140903,0,0,0,0
881,15982597674653340074,5010037780520788840,12423,13485,15162,1618158,20281404,1885,24505,0,0,0,0,24505,1676285,863040,24454049,406068,16506503,3368833,0,0,0,0
882,12406543860709392316,3554434407445742707,93836,94911,40884,3121198,51775295,32781,426153,0,0,0,0,426153,28710955,6074304,89722636,12018032,34636264,5120999,0,0,0,0
883,9548870204237849579,12261414602773942907,31412,32476,32507,2936868,37942736,7699,100087,0,0,0,0,100087,6805955,2078464,49796530,2243813,30908462,4790461,0,0,0,0
884,819186526971142001,4998687347799962153,807,807,16085,0,0,0,0,0,0,0,0,0,0,51648,67733,0,0,0,0,0,0,0
885,11078591901260383531,13708499618494121849,36601,37664,37399,3017228,41549391,10811,140543,0,0,0,0,140543,9546433,2410496,56560947,3184766,33354672,5009953,0,0,0,0
886,16133609442430276820,4401166110639274662,250178,251253,41416,3174914,61334728,62293,809809,0,0,0,0,809809,54421835,16080192,135053085,21423337,34788975,5122416,0,0,0,0
887,15720111131539876179,7743618900893429742,168494,169569,41141,3188415,55209323,43371,563823,0,0,0,0,563823,37937341,10852416,107228636,15392429,34705138,5111756,0,0,0,0
888,16961465110013467693,7722608663297440964,192444,193519,41776,3132797,58439043,53053,689689,0,0,0,0,689689,46378605,12385216,120377437,18424510,34886202,5128331,0,0,0,0
889,2860029795416429160,914545299692833067,57750,58824,38452,3180817,46794878,21069,273897,0,0,0,0,273897,18487703,3764736,72266586,8016385,33818850,4959643,0,0,0,0
890,3121048271294528752,2714250373291339960,128708,129783,41171,3198355,54051101,39340,511420,0,0,0,0,511420,34426600,8306112,100023339,14205165,34724924,5121012,0,0,0,0
891,13139612100910725474,3962544654212103769,162370,163445,41860,3157816,57428956,50130,651690,0,0,0,0,651690,43832698,10460480,114921810,17402203,34899241,5127512,0,0,0,0
892,6304220401174970694,8547873394158965184,86248,87323,41303,3104755,52738244,35792,465296,0,0,0,0,465296,31337852,5588672,92810826,12854543,34765965,5117736,0,0,0,0
893,13780322671589011639,285404944670886588,150422,151497,41023,3001691,54590016,40840,530920,0,0,0,0,530920,35732814,9695808,103061352,14770366,34701069,5118581,0,0,0,0
894,2160693224176388824,5011864433319792531,192537,193612,39966,3150186,54574520,42863,557219,0,0,0,0,557219,37484005,12391168,107639845,15117388,34381581,5075551,0,0,0,0
895,17428518194213363879,12694045792164662263,226435,227510,42007,3145461,60740979,60790,790270,0,0,0,0,790270,53119638,14560640,131608725,20685535,34927113,5128331,0,0,0,0
896,12642635681560105603,16683613815973198703,215676,216751,41618,3205843,59640347,56799,738387,0,0,0,0,738387,49638745,13872064,126398617,19688097,34831875,5120375,0,0,0,0
897,3025665335478921102,10524458324114275634,214905,215980,41944,3204344,59360353,55865,726245,0,0,0,0,726245,48829339,13822720,125258700,19313112,34924370,5122871,0,0,0,0
898,7804365686505568311,16097058093545340510,124687,125762,40457,3134515,53800513,38741,503633,0,0,0,0,503633,33897747,8048768,98922000,14155232,34542560,5102721,0,0,0,0
899,14239639194400288927,10067178779704141866,138758,139833,40973,3207837,55063034,42171,548223,0,0,0,0,548223,36891959,8949312,104153115,15246140,34693893,5123001,0,0,0,0
900,17827534990866421231,13477704547826935226,152350,153425,41117,3122109,54909855,41328,537264,0,0,0,0,537264,36157992,9819200,104050273,15081716,34712431,5115708,0,0,0,0
901,4644923400655773523,7126382831173580930,29020,30082,30088,2818773,36024924,7016,91208,0,0,0,0,91208,6198712,1925248,46997745,2137642,29318978,4568304,0,0,0,0
902,12032382174141264649,11915029122099459108,40340,41402,38664,3114946,43965506,14964,194532,0,0,0,0,194532,13172250,2649728,62941094,5055869,33897396,5012241,0,0,0,0
903,12343466859260640425,15375000986644889994,95349,96424,40845,3090032,52486096,34589,449657,0,0,0,0,449657,30284813,6171136,92072922,12728924,34645871,5111301,0,0,0,0
904,14987389636046831489,9733346597062890852,152784,153859,40813,3067348,55111589,42102,547326,0,0,0,0,547326,36828272,9846976,104894998,15374723,34625435,5111431,0,0,0,0
905,15223012439598241706,14277267220597941821,163220,164295,41814,3192399,57073679,48459,629967,0,0,0,0,629967,42377205,10514880,113199977,17056741,34893807,5123131,0,0,0,0
906,14415805825542023475,5198584663041124393,136703,137778,37513,3054150,50664263,32290,419770,0,0,0,0,419770,28255578,8817792,90829296,12227488,33481084,4955691,0,0,0,0
907,11443867116056665369,10668617807830946755,258696,259771,42649,3215235,63614525,72647,944411,0,0,0,0,944411,63456601,16625344,146954354,23422711,35063223,5128591,0,0,0,0
908,17632327704928312704,4104645077935791168,220012,221087,41593,3210540,60066578,58169,756197,0,0,0,0,756197,50832925,14149568,128301204,20101107,34836880,5128591,0,0,0,0
909,8534924094455459347,7743647827190320152,131387,132462,41431,3090866,54444260,40832,530816,0,0,0,0,530816,35728992,8477568,101783117,14527812,34794045,5122403,0,0,0,0
910,9410816317972795642,3033536754711915669,21152,22216,22810,2357606,29497806,4370,56810,0,0,0,0,56810,3865732,1421824,37165778,1324011,24036064,4137731,0,0,0,0
911,16217274283627841721,13993172103061170803,53072,54147,35948,2949249,44933720,18435,239655,0,0,0,0,239655,16179033,3465408,67563358,7126600,32879860,4927260,0,0,0,0
912,15858927551925648135,4855523363892353815,31502,32565,32718,2804951,37593894,7269,94497,0,0,0,0,94497,6431919,2084160,48947642,1964339,30923074,4706481,0,0,0,0
913,14804295822318633698,9525309653827721182,183920,184995,41800,3199381,57778565,50446,655798,0,0,0,0,655798,44107518,11839680,116966944,17769479,34882939,5126147,0,0,0,0
914,3638468336400747654,7638999632326824407,173297,174372,41815,3173167,57722223,51337,667381,0,0,0,0,667381,44883475,11159808,116980488,17712838,34883693,5125692,0,0,0,0
915,33007219534549742,14057045647796653146,100777,101852,40772,3139541,52624728,34937,454181,0,0,0,0,454181,30587739,6518528,92911308,12895168,34611824,5117736,0,0,0,0
916,13393328812367195973,4924151366026146360,190385,191460,41651,3087824,58124079,51600,670800,0,0,0,0,670800,45110702,12253440,118617696,18149716,34848411,5125952,0,0,0,0
917,15444983754434254459,8098467131859188412,99754,100829,41237,3103427,52776867,35577,462501,0,0,0,0,462501,31149677,6453056,93524264,12922767,34728681,5125419,0,0,0,0
918,13359788713770306758,1452798262978528013,15215,16279,17010,1895346,23373987,3022,39286,0,0,0,0,39286,2673216,1041856,29001415,962923,18831540,3579524,0,0,0,0
919,14574030825485194892,2319292147490714074,679121,826457,40795,3139197,55681977,44289,575757,0,0,0,0,575757,38733175,52893248,150488392,15948894,34631090,5101993,0,0,0,0
920,15050860306121759515,9687843279270321654,127941,129016,40729,3057689,53437657,37162,483106,0,0,0,0,483106,32524856,8257024,97317955,13740337,34594599,5102721,0,0,0,0
921,12464161397891326828,7937562372611144833,187410,188485,41029,3173191,57254977,48907,635791,0,0,0,0,635791,42758599,12063040,115290836,17462510,34680711,5111756,0,0,0,0
922,12221204699151809059,13386586126169072497,106425,107500,40313,3087160,52580229,34999,454987,0,0,0,0,454987,30637035,6880000,93224737,12988001,34490599,5101629,0,0,0,0
923,10318225610935314844,17263373822316087330,133223,134298,40943,3164132,54070081,39508,513604,0,0,0,0,513604,34570406,8595072,100440634,14285297,34667048,5117736,0,0,0,0
924,4428639800189357673,14887684536184213540,2078,2715,11814,474230,4420351,333,4329,0,0,0,0,4329,295789,173760,5375944,101712,3026127,1292512,0,0,0,0
925,5144111373624317237,13089182438086485250,136146,137221,41022,3148024,54768285,41742,542646,0,0,0,0,542646,36518326,8782144,103257801,14970930,34685339,5112016,0,0,0,0
926,881696984102133287,2352436068966155682,26803,27866,28257,2804013,34169928,5753,74789,0,0,0,0,74789,5090319,1783424,43875941,1644227,28016729,4508972,0,0,0,0
927,8769047683655770169,6157841993937717252,113020,114095,40799,3155641,52757614,35309,459017,0,0,0,0,459017,30911829,7302080,94167963,13007228,34639085,5111301,0,0,0,0
928,9280014168641761311,17778773427681566264,200219,201294,41809,3238346,59542327,56463,734019,0,0,0,0,734019,49348741,12882816,125054039,19530836,34884954,5126537,0,0,0,0
929,2817908750561472262,17843223232933938961,220312,221387,42075,3134205,59959614,58005,754065,0,0,0,0,754065,50695151,14168768,127999813,19881238,34950045,5128331,0,0,0,0
930,12692203770258257794,11378710086534721316,135589,136664,40137,3139022,53835041,38191,496483,0,0,0,0,496483,33416591,8746496,99177287,14296594,34436194,5102253,0,0,0,0
931,7843896489648206411,17191676525592991384,121131,122206,40888,3098473,55234569,42491,552383,0,0,0,0,552383,37167871,7821184,103362985,15466711,34653749,5114109,0,0,0,0
932,7190741869109978945,16651363872640444298,135892,136967,41953,3138443,56236414,46576,605488,0,0,0,0,605488,40738282,8765888,108920980,16192371,34920912,5123131,0,0,0,0
933,14027941549683130688,10514100853091437273,66371,67446,40125,3097972,48332791,24232,315016,0,0,0,0,315016,21257938,4316544,77045370,8803171,34427991,5101629,0,0,0,0
934,12386947397245285736,5414729928673462474,140168,141243,40509,3126625,53926301,38161,496093,0,0,0,0,496093,33393477,9039552,99526464,14276509,34547799,5101993,0,0,0,0
935,16512276486263820550,15805073076144508811,19243,20307,20938,2131372,27965028,4129,53677,0,0,0,0,53677,3649841,1299648,35066827,1329744,22599577,4035707,0,0,0,0
936,16066128716840610998,7985425217107931758,229244,230319,41990,3173468,60689798,60671,788723,0,0,0,0,788723,53015443,14740416,131661115,20636538,34925384,5127876,0,0,0,0
937,9186987379838798154,11047784936587199155,26500,27564,28077,2675605,34438469,6198,80574,0,0,0,0,80574,5477446,1764096,44383693,1903499,28032082,4502888,0,0,0,0
938,6382233114602488547,134416346163151411,59270,60345,35474,2948321,41821780,13884,180492,0,0,0,0,180492,12210588,3862080,60878243,4516590,32474026,4831164,0,0,0,0
939,9376674436621102298,13812562865109403146,43577,44652,39418,3129036,45946446,18821,244673,0,0,0,0,244673,16537963,2857728,68510591,6683300,34204248,5058898,0,0,0,0
940,8639357954905343044,16316240136578957349,125635,126710,40128,3070665,54252393,39983,519779,0,0,0,0,519779,34977137,8109440,100449763,14686776,34462896,5102721,0,0,0,0
941,5758889414429521247,13100704787842241701,182247,183322,41604,3105658,58321952,52405,681265,0,0,0,0,681265,45811909,11732608,119013731,18346393,34852688,5122871,0,0,0,0
942,5761491387304518049,1713344379415057731,172402,173477,41867,3144125,57750303,50533,656929,0,0,0,0,656929,44184283,11102528,116223106,17726254,34897642,5126407,0,0,0,0
943,12948889631491074265,8333858440817892377,208147,209222,41956,3193768,58601270,54739,711607,0,0,0,0,711607,47848281,13390208,123075483,18560646,34914477,5126147,0,0,0,0
944,4147725322242491356,15808175360799815246,39523,40598,39403,3060262,43132869,12846,166998,0,0,0,0,166998,11333712,2598272,60164518,3879291,34144097,5109481,0,0,0,0
945,11312094387133577916,16599151951926767169,7297,8350,9904,1118644,13046280,1091,14183,0,0,0,0,14183,969709,534400,15678937,274495,10188737,2583048,0,0,0,0
946,7992844475174703416,14704935941483093658,103535,104610,35436,2984731,47110999,25769,334997,0,0,0,0,334997,22563307,6695040,79389513,9841598,32439472,4829929,0,0,0,0
947,17895427854414492333,7027210304181443748,279247,280322,42021,3177508,63256297,70858,921154,0,0,0,0,921154,61888970,17940608,146305404,23194028,34939853,5122416,0,0,0,0
948,1449200003393710283,17296005241505914168,27886,28948,28828,2751045,35391837,7228,93964,0,0,0,0,93964,6378502,1852672,46402884,2404402,28470182,4517253,0,0,0,0
949,13725015926379416298,12150597938776944725,23936,24998,25453,2579426,31844319,5057,65741,0,0,0,0,65741,4473469,1599872,40522539,1498341,26064467,4281511,0,0,0,0
950,1469654067727455859,10909078475834315517,69586,70661,40765,3145619,50787347,30730,399490,0,0,0,0,399490,26923598,4522304,85419633,11042291,34627060,5117996,0,0,0,0
951,3929949434806635363,9666372254300734357,153176,154251,41961,3136032,59022080,55409,720317,0,0,0,0,720317,48433177,9872064,120505314,18965518,34928231,5128331,0,0,0,0
952,14397157316328165825,6724335258545329771,55438,56513,38631,3104546,47141237,21896,284648,0,0,0,0,284648,19209866,3616832,73111112,8270457,33915674,4955106,0,0,0,0
953,3510142027029283663,12576445925189265143,154275,155350,41345,3157582,57143541,48640,632320,0,0,0,0,632320,42529032,9942400,112813900,17240769,34785036,5117736,0,0,0,0
954,4649797841629447428,15900370607203476624,679121,860037,40888,3179465,56636515,46277,601601,0,0,0,0,601601,40466491,55042368,155365727,16863223,34662719,5110573,0,0,0,0
955,17748634015715082273,1258749416876305598,163082,164157,40976,3121508,55313050,42278,549614,0,0,0,0,549614,36984610,10506048,105966192,15511054,34679853,5122143,0,0,0,0
956,14639121185478754043,9061613821520663846,36712,37774,37234,3150454,41526966,10793,140309,0,0,0,0,140309,9530313,2417536,56662503,3173781,33395934,4957251,0,0,0,0
957,15919382364227160330,15705531950423210575,4719,5697,9602,877129,10495992,818,10634,0,0,0,0,10634,727350,364608,12474681,208520,7768371,2519101,0,0,0,0
958,18181668828228349576,5662707065236213076,9763,10818,13271,1261511,17128436,1489,19357,0,0,0,0,19357,1324297,692352,20419867,335972,13624754,3167710,0,0,0,0
959,14377401343422520076,8526251310394542111,259811,260886,41876,3095014,61631115,63601,826813,0,0,0,0,826813,55566121,16696704,137030830,21609705,34898864,5122546,0,0,0,0
960,14155872532346277413,2353563947486438249,5486,6522,9633,899190,11453208,928,12064,0,0,0,0,12064,824538,417408,13603977,245479,8803990,2403739,0,0,0,0
961,5959461604616140130,11726164587398419900,163892,164967,41406,3067064,56642235,46200,600600,0,0,0,0,600600,40404910,10557888,110713503,16741309,34775234,5125692,0,0,0,0
962,2046047193573558870,10078361556533679717,145177,146252,41277,3187948,57072457,48070,624910,0,0,0,0,624910,42031990,9360128,111693800,17189887,34760154,5122416,0,0,0,0
963,5931276483383760584,5500775374026475594,142493,143568,41314,3204622,55638778,43651,567463,0,0,0,0,567463,38183145,9188352,106256211,15756390,34759972,5122416,0,0,0,0
964,8124394227018223474,13308441004365483703,43833,44896,39617,3039571,44892419,16412,213356,0,0,0,0,213356,14441856,2873344,65286807,5542875,34248643,5100901,0,0,0,0
965,10666632955134362418,15553079141739293718,185688,186763,42215,3224473,59487714,56600,735800,0,0,0,0,735800,49473034,11952832,124180268,19383832,34975291,5128591,0,0,0,0
966,17105290614096238044,10065163363221028025,146131,147206,39172,3108621,52766402,36971,480623,0,0,0,0,480623,32344949,9421184,97680328,13608218,34122686,5035498,0,0,0,0
967,14359358007913784651,9995379815241625765,32872,33936,33773,2847389,39056316,8444,109772,0,0,0,0,109772,7462754,2171904,51572136,2439749,31757284,4859283,0,0,0,0
968,441301935205744375,8693338725924875561,35679,36743,35672,2986801,41012738,10734,139542,0,0,0,0,139542,9467432,2351552,55854195,3472079,32648226,4892433,0,0,0,0
969,16395604576354944453,11728189373647488375,89607,90682,33041,3003628,45027554,22070,286910,0,0,0,0,286910,19326502,5803648,73194373,9067071,31212350,4748133,0,0,0,0
970,14751086347287325816,14148185585658687964,74548,75623,40062,3131382,50191544,29206,379678,0,0,0,0,379678,25588680,4839872,83791540,10748205,34370765,5072574,0,0,0,0
971,380213440481842357,12308559420163719846,237355,238430,42078,3220463,60897629,61595,800735,0,0,0,0,800735,53821417,15259520,133241107,20825844,34945963,5125822,0,0,0,0
972,16763790251554587023,7884517822306182538,36930,37994,35356,2972722,42032757,13094,170222,0,0,0,0,170222,11521120,2431616,58993571,4685395,32485934,4861428,0,0,0,0
973,190634481015849819,10171943573037734154,17117,18181,18975,1909391,25233156,2948,38324,0,0,0,0,38324,2613858,1163584,30938964,797914,20576530,3858712,0,0,0,0
974,17966808084223078927,8308466657802901770,452,452,9023,0,0,0,0,0,0,0,0,0,0,28928,37951,0,0,0,0,0,0,0
975,15236498132611252281,470412599826154916,51362,52437,39525,3046515,46250880,19536,253968,0,0,0,0,253968,17161560,3355968,69854448,7006324,34191482,5053074,0,0,0,0
976,15978370130556415390,2218431624100376361,103802,104877,40510,3092116,50760242,30507,396591,0,0,0,0,396591,26726349,6712128,87331345,11116079,34527792,5116371,0,0,0,0
977,1355510552624619471,7444570753923446785,32672,33746,30994,2895765,38895272,11302,146926,0,0,0,0,146926,9936524,2159744,53918299,4363892,29967067,4564313,0,0,0,0
978,17895014322726953311,5140667570394634185,135027,136102,40637,3133649,54436226,39850,518050,0,0,0,0,518050,34865090,8710528,101186130,14753206,34579844,5103176,0,0,0,0
979,17032771049320406914,4716141615456972392,77833,78908,40521,3101740,51915253,33368,433784,0,0,0,0,433784,29218332,5050112,89325958,12259793,34539089,5116371,0,0,0,0
980,8150701463541434313,8463543722548209786,41030,42105,37086,3044363,42769636,13475,175175,0,0,0,0,175175,11864385,2694720,60410190,4567121,33246096,4956419,0,0,0,0
981,781407323928228224,7554012057739416853,23682,24746,25146,2296134,31750030,5040,65520,0,0,0,0,65520,4457050,1583744,40112104,1527305,25819209,4403516,0,0,0,0
982,16892142449481979063,17934467354624445705,18358,19421,20576,2078727,26565331,3001,39013,0,0,0,0,39013,2664675,1242944,32572253,704314,21835021,4025996,0,0,0,0
983,14909073759368398021,14729072705365968567,40487,41562,36024,3025457,42694223,14135,183755,0,0,0,0,183755,12432017,2659968,60847689,5141877,32724562,4827784,0,0,0,0
984,9639223067711183996,16328963454991004304,117,117,2205,0,0,0,0,0,0,0,0,0,0,7488,9693,0,0,0,0,0,0,0
985,6778408469340756413,6588148647337192982,137599,138674,40943,3124767,54466126,39877,518401,0,0,0,0,518401,34892377,8875136,101399349,14677091,34677734,5111301,0,0,0,0
986,17347653453998991702,18126667363868994147,19365,20426,21216,2217907,27479270,3377,43901,0,0,0,0,43901,2994433,1307264,34020090,881738,22608950,3988582,0,0,0,0
987,1380873368553787281,17301488392072592753,228306,229381,41933,3217993,61442810,63676,827788,0,0,0,0,827788,55632226,14680384,135015346,21397272,34920678,5124860,0,0,0,0
988,15964393514131018579,8313515635918269109,55171,56246,38396,3055744,46611019,20628,268164,0,0,0,0,268164,18104138,3599744,71409041,7814625,33810660,4985734,0,0,0,0
989,12868068291020798798,9084800773810870880,77885,78960,38730,3024934,48692137,25499,331487,0,0,0,0,331487,22349977,5053440,79159218,9699014,33981610,5011513,0,0,0,0
990,3145700376134957334,8634247616447031837,88286,89361,39766,3078763,49773243,27754,360802,0,0,0,0,360802,24321570,5719104,82932446,10394774,34301098,5077371,0,0,0,0
991,2168339023784907740,13730235901157966614,57029,58104,39683,3095106,46153341,19261,250393,0,0,0,0,250393,16923595,3718656,69930381,6807905,34269885,5075551,0,0,0,0
992,11345039990800078233,3440638629930279076,259984,261059,42489,3258470,63117860,70320,914160,0,0,0,0,914160,61427054,16707776,144553649,22957090,35032179,5128591,0,0,0,0
993,7549447224519894117,148865252948233114,172281,173356,41368,3099583,56393571,45820,595660,0,0,0,0,595660,40073904,11094784,110703210,16473548,34793616,5126407,0,0,0,0
994,11959955526821834570,17081654150800075427,210005,211080,41947,3115605,60056685,58486,760318,0,0,0,0,760318,51111788,13509120,127835145,20015736,34913073,5127876,0,0,0,0
995,11646948064231910344,6688652638052317352,244871,245946,41842,3242209,61461010,63221,821873,0,0,0,0,821873,55235713,15740544,135721318,21432697,34902166,5126147,0,0,0,0
996,17164489135809728848,1915672672704575527,30307,31370,31471,2798399,36717408,6979,90727,0,0,0,0,90727,6173609,2007680,47728567,1962012,30136067,4619329,0,0,0,0
997,9481981546529627380,2059494565146392576,32131,33194,32639,2989162,37822629,7758,100854,0,0,0,0,100854,6858826,2124416,49827672,2232425,30923165,4667039,0,0,0,0
998,4391963086530865516,6997906993453747307,95606,96681,33636,2761493,43761120,20851,271063,0,0,0,0,271063,18268497,6187584,71012330,7548138,31420376,4792606,0,0,0,0
999,5989209742549240050,11508365490867720138,213932,215007,38120,3113997,57491551,55772,725036,0,0,0,0,725036,48718124,13760448,123122240,19391242,33306143,4794166,0,0,0,0
