frame,frame_checksum,normal_unique_teps,normal_scoring_calls,normal_bound_checks,normal_pdb_lookups,normal_bound_cycles,compact_unique_teps,compact_scoring_calls,compact_bound_checks,compact_table_lookups,compact_allocations,cycles_p1,cycles_p2,cycles_p4,cycles_p8,cycles_p16,word_mismatch,metric_mismatch,tie_mismatch
0,4307900441458573662,475455,476530,41806,513019,78926,417788,418863,41806,3194565,38180,335475,222017,165250,137219,124242,0,0,0
1,13985065504140463237,325748,326823,39614,464529,71466,216256,217331,39598,3054456,38155,325540,213295,157457,129803,116744,0,0,0
2,13523406603343302230,455151,456226,41554,492687,75798,383196,384271,41554,3151562,38166,329160,217099,161366,133499,120633,0,0,0
3,13320700756420846468,377144,378219,41397,493194,75876,273691,274766,41397,3067746,38048,322543,214349,160264,133034,120154,0,0,0
4,15623635531402363762,487759,488834,41868,510588,78552,442677,443752,41868,3178913,38198,327790,218541,163897,136185,123419,0,0,0
5,16833904852794388024,478070,479145,42025,522444,80376,423229,424304,42025,3209725,38208,330573,219544,164553,137875,124816,0,0,0
6,15055695530798494923,542902,543977,42645,541827,83358,526418,527493,42645,3247501,38202,334357,223792,168368,141247,128229,0,0,0
7,11654081068290674278,385250,386325,41050,498342,76668,284329,285404,41050,3200223,38202,335616,220701,163395,135386,122006,0,0,0
8,17872850091527751012,127149,128224,36790,264862,40748,67336,68411,35683,2853833,34029,290659,178135,123158,94840,81585,0,0,0
9,12810441787419575937,262057,263132,39728,413608,63632,157645,158720,39674,3046165,37966,308997,200422,146866,119902,106995,0,0,0
10,15354654047595077210,354470,355545,40117,409084,62936,246490,247565,40117,3051319,37948,312767,202553,147730,120531,107548,0,0,0
11,8000196889370950559,328319,329394,39170,429052,66008,220149,221224,39013,3059026,38051,313874,204446,149496,122634,109774,0,0,0
12,1003048155117523633,451133,452208,42045,521859,80286,384216,385291,42045,3138526,38156,328498,219088,164126,137649,124674,0,0,0
13,5093212120615806920,7840,8834,12238,24830,3820,5349,6313,10005,714636,4547,65686,36641,22080,14895,11157,0,0,0
14,17880796771999687362,527833,528908,42506,536445,82530,498776,499851,42506,3225579,38208,341380,226796,169451,141483,128372,0,0,0
15,13124633785058266138,421754,422829,41513,482573,74242,344835,345910,41513,3103968,37888,328522,216438,160529,132087,118795,0,0,0
16,4545681363894474072,227477,228552,38214,355875,54750,126829,127904,37434,2992424,36331,303790,193033,137448,110342,97491,0,0,0
17,9507170928033327301,494387,495462,41783,498160,76640,450981,452056,41783,3243722,38158,332426,219028,162596,134991,121934,0,0,0
18,10639815013123984987,4759,5520,21430,14612,2248,3452,4127,20117,499538,2822,45048,24869,14716,9639,7175,0,0,0
19,7424309542499859262,540606,541681,42567,534937,82298,518009,519084,42567,3186589,38208,334963,223659,168337,140408,127642,0,0,0
20,3585716964899163425,486816,487891,42013,506805,77970,429476,430551,42013,3247132,38204,334540,220554,164392,136421,123310,0,0,0
21,10204974863561260655,452407,453482,41318,465179,71566,380391,381466,41318,3131870,38186,327085,214069,157298,129331,116421,0,0,0
22,5152589677103207791,266744,267819,39530,435058,66932,170655,171730,39342,3149579,37779,325410,210374,153574,125100,111624,0,0,0
23,13077879051893829120,73948,75023,30876,198757,30578,38878,39953,27044,2514372,27900,246099,148762,100320,76068,64076,0,0,0
24,11041175099619402705,427527,428602,41302,478530,73620,335277,336352,41302,3074317,38192,332090,217910,160324,132622,118948,0,0,0
25,3789542764782339965,481986,483061,41966,510653,78562,429357,430432,41966,3220673,38200,334362,221192,164564,136949,123431,0,0,0
26,8821286113460533548,272930,274005,40392,465972,71688,156654,157729,40392,3120431,38166,324773,212812,156559,129494,116523,0,0,0
27,2680818465723523271,139237,140312,34423,267982,41228,69196,70271,31826,2765407,34550,279604,173637,120332,94136,81349,0,0,0
28,15649990524889028689,81583,82658,25899,152984,23536,46670,47745,24240,2340336,23080,227444,134607,87930,64312,52569,0,0,0
29,9011163354629236132,8600,9624,12394,25649,3946,6637,7644,11124,743033,4676,66637,37194,22325,14844,11438,0,0,0
30,350182793745045460,414244,415319,41927,498368,76672,306381,307456,41927,3121302,38084,322784,214697,160834,133797,120988,0,0,0
31,3144942646360382232,387400,388475,41127,495586,76244,289680,290755,41127,3095820,38180,325721,216231,160408,133102,120248,0,0,0
32,3934959207445957992,286050,287125,38843,421785,64890,163628,164703,38087,3001496,37801,313343,203339,148589,120910,108078,0,0,0
33,2939905219594488232,5190,5929,19512,19123,2942,2763,3403,16991,601051,3634,54797,30330,18098,11955,8897,0,0,0
34,7115477866112852511,293294,294369,40565,468273,72042,155816,156891,40565,3053892,38060,326935,214246,157967,130317,117236,0,0,0
35,17804540254511754082,62431,63506,31315,220155,33870,38278,39352,28581,2664480,31100,261668,159075,107771,82902,70507,0,0,0
36,14329286675604069733,400422,401497,41878,504361,77594,297718,298793,41878,3157808,38204,329697,219086,163224,135912,122933,0,0,0
37,3512355457972779656,521129,522204,42174,520182,80028,486914,487989,42174,3165231,38192,329289,219821,164517,137383,124044,0,0,0
38,15383367769352008159,456702,457777,42004,509561,78394,390082,391157,42004,3136374,38202,331991,219851,163885,136407,123732,0,0,0
39,6351360789494488775,519762,520837,42310,533923,82142,488977,490052,42310,3224784,38206,342164,226841,169280,140691,127017,0,0,0
40,9272416292419551771,404283,405358,39903,445198,68492,316609,317684,39871,3063120,38130,322076,210101,154242,126728,113253,0,0,0
41,9425662161293817965,453410,454485,42002,500422,76988,377553,378628,42002,3133648,38192,328153,217397,162764,134759,121849,0,0,0
42,3205280276530037954,489948,491023,41589,507962,78148,445988,447063,41589,3171594,38208,330963,219812,163904,135936,123025,0,0,0
43,8247375632809095502,502042,503117,42362,529867,81518,456072,457147,42362,3174445,38200,330850,220469,166115,138819,125949,0,0,0
44,296574145639910115,518849,519924,42507,530790,81660,488708,489783,42507,3219752,38204,332474,221639,166156,139034,126096,0,0,0
45,8902939286485989100,505099,506174,42410,512018,78772,457031,458106,42410,3180269,38194,328025,217984,163340,135899,122790,0,0,0
46,456937915389356564,387525,388600,41239,506038,77852,277818,278893,41239,3054283,38090,321237,213906,160514,134148,122172,0,0,0
47,14068545361310646309,524184,525259,42608,533715,82110,496191,497266,42608,3247736,38208,341697,226668,169592,140672,127454,0,0,0
48,13900954627316334852,174655,175730,34957,315328,48512,97353,98428,33921,2936316,36219,296678,186835,132020,104616,91544,0,0,0
49,2107424263269548503,21254,22329,17193,52312,8048,13279,14353,14084,1208661,8924,112013,63575,39477,27353,21734,0,0,0
50,8168283661969964125,382779,383854,41403,497068,76472,269599,270674,41403,3249698,38184,331541,219144,163003,135004,121790,0,0,0
51,14267482168518956616,513814,514889,42476,531284,81736,479199,480274,42476,3242145,38186,335885,223500,167919,139643,126589,0,0,0
52,6311305015811095954,465212,466287,42007,483509,74386,409852,410927,42007,3108675,38144,318018,211008,157832,131528,118762,0,0,0
53,6453722038223445224,72800,73875,25812,149344,22976,46106,47181,23591,2292130,22817,223224,131768,86368,63002,51469,0,0,0
54,14215514807094581899,453602,454677,42047,499252,76808,378007,379082,42047,3086063,38196,319465,213393,159884,133806,120828,0,0,0
55,3989771169862953169,168464,169533,36896,341991,52614,83243,84312,35465,2914967,37389,295223,187878,134146,107838,95062,0,0,0
56,11916016868319620830,411108,412183,41932,504296,77584,326367,327442,41932,3198813,38178,337309,222420,164930,136650,123395,0,0,0
57,4640130541490228991,450746,451821,41777,509444,78376,387470,388545,41777,3156379,38112,330290,218770,163188,136086,123156,0,0,0
58,1304427793644317805,518368,519443,41587,501332,77128,493926,495001,41587,3127484,38206,325667,216602,161769,134096,121158,0,0,0
59,1112308405835387574,312480,313555,39887,386737,59498,228141,229216,39887,2956742,37608,307292,197664,144085,116679,103773,0,0,0
60,13116184056299994042,509188,510263,42405,527085,81090,473647,474722,42405,3119902,38208,333087,221526,165572,138682,125530,0,0,0
61,5128382913954093173,43851,44926,21103,99255,15270,27686,28761,19055,1796021,15017,169468,98310,62883,45091,36449,0,0,0
62,149536194727853827,371980,373055,40729,480233,73882,295285,296360,40729,3139372,38068,323913,213730,158595,131147,118181,0,0,0
63,12785073334573540145,679121,1198148,42247,529113,81402,679121,1166155,42247,3138629,38208,334120,223156,167328,138780,125842,0,0,0
64,14715283007751744236,206396,207471,33489,271960,41840,107959,109034,30765,2780704,32926,276341,171857,118912,93430,80768,0,0,0
65,11365951123784606704,560856,561931,42807,549718,84572,549020,550095,42807,3154000,38208,336096,225345,169700,142262,129449,0,0,0
66,6167689052082312052,494894,495969,42216,525304,80816,433292,434367,42216,3125383,38208,332159,221257,165842,138506,125693,0,0,0
67,1471876335903736649,388535,389610,41130,469404,72216,288986,290061,41130,3112485,38156,324358,213102,157344,130014,117041,0,0,0
68,16616906695035230134,418989,420064,41138,484718,74572,323648,324723,41138,3179690,38192,328900,216451,160246,132211,118995,0,0,0
69,14774274864356891453,488537,489612,41931,523198,80492,440733,441808,41931,3183286,38194,330580,220473,164611,137276,124510,0,0,0
70,15893644149008283858,373360,374435,40749,470093,72322,247337,248412,40749,3157062,38176,324115,212533,157338,130223,117167,0,0,0
71,7865834665772639287,423633,424708,41376,487682,75028,336698,337773,41376,3120845,38194,321835,213107,158893,131812,119046,0,0,0
72,3982075187632817751,378147,379222,41517,458536,70544,262480,263555,41517,3174844,38132,329941,214963,157869,129818,116309,0,0,0
73,8257608772007586738,347373,348448,41188,466323,71742,226781,227856,41188,3109179,38076,323273,211927,156757,129087,116045,0,0,0
74,14977254156259156003,467225,468300,41650,516776,79504,411919,412994,41650,3109894,38194,335649,221839,164944,137425,124367,0,0,0
75,1589424333137760772,401557,402632,40454,449670,69180,290608,291683,40454,3145392,38200,322086,210345,154773,126764,113612,0,0,0
76,9774658082113931331,313021,314096,39860,440674,67796,205367,206442,39843,3093312,38095,319979,209001,153690,125690,112541,0,0,0
77,2885753135356757878,314027,315102,40111,410345,63130,195063,196138,40094,2954193,37980,315555,203958,148308,120290,106920,0,0,0
78,18228366790075488506,105165,106240,28651,176826,27204,51809,52884,26377,2450445,26386,244033,146031,96516,71423,59157,0,0,0
79,6705742309440081002,487789,488864,42130,512720,78880,444667,445742,42130,3161003,38180,337415,223245,165467,137802,124694,0,0,0
80,4183829670304994346,453819,454894,41534,490763,75502,401574,402649,41534,3269693,38146,332122,218737,161977,133697,120317,0,0,0
81,7971977087052089671,9119,10114,13054,24167,3718,5190,6169,9822,709457,4442,65051,36340,21945,14639,10979,0,0,0
82,14015440443514644708,399032,400107,41224,498225,76650,320928,322003,41224,3120416,37988,331530,218684,162744,134552,121305,0,0,0
83,14813477150930179670,393302,394377,41235,485602,74708,290345,291420,41235,3083151,38170,324002,213371,158542,131741,119547,0,0,0
84,277419965220824983,35152,36226,17072,63648,9792,21336,22410,15167,1404606,10479,134679,76393,47173,32389,25797,0,0,0
85,11433493891647338668,335966,337041,40293,470938,72452,223879,224954,40208,3163274,37658,331250,216004,159020,130877,117630,0,0,0
86,3927747151045147985,438067,439142,41287,499603,76862,353967,355042,41287,3131575,38190,328865,218216,162721,135413,122686,0,0,0
87,2490559828448180269,481866,482941,41985,514345,79130,421082,422157,41985,3202136,38204,331346,220305,164024,136545,123566,0,0,0
88,12310597241526767626,539091,540166,42608,535015,82310,508591,509666,42608,3138754,38208,332924,221874,167138,140057,127187,0,0,0
89,4670254777196922682,517649,518724,42483,524823,80742,489054,490129,42483,3157204,38196,330499,220501,164991,138510,125170,0,0,0
90,15825785085970787932,417736,418811,39608,435136,66944,333590,334665,39539,3121050,37902,319309,207404,152440,124861,111483,0,0,0
91,6764912390002647435,63033,64108,25538,134667,20718,37151,38226,23797,2181107,20674,222769,130018,83360,60094,48312,0,0,0
92,16983826796895888681,402659,403734,41444,472082,72628,303212,304287,41444,3073170,38114,319863,210843,156694,130030,116974,0,0,0
93,8088651020318966618,523440,524515,42531,532441,81914,498159,499234,42531,3211147,38208,339025,224861,168373,139902,126791,0,0,0
94,13415699180734816289,411352,412427,41606,512863,78902,322084,323159,41606,3126253,38154,328308,217910,162672,136013,123286,0,0,0
95,6279338252731032094,319665,320740,39392,465452,71608,189449,190524,39325,3183462,38099,326491,213815,157396,129787,116750,0,0,0
96,6897685065739299843,224786,225861,38566,393016,60464,122347,123422,38304,3046424,37910,312314,201106,145141,117226,104361,0,0,0
97,16233122624032489404,356581,357656,39909,420719,64726,253616,254691,39909,3096783,38160,314976,204524,149311,122226,109118,0,0,0
98,3661284184810650330,424483,425558,41629,496990,76460,339037,340112,41629,3223185,38086,329537,217837,161429,134102,121212,0,0,0
99,7689340520339025854,482243,483318,41862,520312,80048,428023,429098,41862,3257947,38204,340532,225443,167364,138447,125388,0,0,0
100,3960091624786604190,398984,400059,41013,461383,70982,309433,310508,41013,3067287,38080,329823,215026,157645,129708,116197,0,0,0
101,4670656927620931667,308333,309408,39792,436475,67150,190290,191365,39792,3102087,37859,318992,207618,152326,124686,111671,0,0,0
102,9300506978581312426,418080,419155,41678,487279,74966,339650,340725,41678,3076260,38192,324810,214234,159770,132693,119826,0,0,0
103,17640199488338210563,422745,423820,41577,491556,75624,352912,353987,41577,3163473,38138,334932,220026,162852,134611,121396,0,0,0
104,7528972887321522470,426002,427077,41421,519753,79962,333537,334612,41421,3137106,38202,327592,218143,164661,138050,124833,0,0,0
105,3331301268401570949,400412,401487,40373,456365,70210,297257,298332,40373,3133865,38176,327272,213076,156082,128329,115522,0,0,0
106,9634326897132195769,444775,445850,41233,464243,71422,379526,380601,41233,3071828,38190,324991,213137,157480,129961,117246,0,0,0
107,5564694400914521148,473461,474536,41724,508326,78204,404023,405098,41724,3227251,38200,329419,219181,163428,136051,123073,0,0,0
108,7364351477624240731,504249,505324,42273,534326,82204,460709,461784,42273,3258183,38208,336548,224404,167830,139820,127081,0,0,0
109,10816362873225505153,19044,20107,15853,49049,7546,13327,14390,14439,1159491,8410,112317,63303,38653,26248,20520,0,0,0
110,1504602427833427066,480716,481791,41857,486681,74874,423386,424461,41857,3049743,38176,315706,210171,157552,131473,118494,0,0,0
111,14630946136997394707,529260,530335,42576,521027,80158,501694,502769,42576,3202451,38208,331984,220957,165315,137979,124598,0,0,0
112,13716164394356899035,447308,448383,41824,507286,78044,372060,373135,41824,3120663,38154,341144,224218,165998,137172,123832,0,0,0
113,2401420817805416216,298422,299497,40361,445497,68538,196079,197154,40327,3153180,37742,321189,209413,154211,126088,112896,0,0,0
114,17693655737688215379,499614,500689,42080,498836,76744,463437,464512,42080,3189940,38182,333061,219800,162754,134747,121595,0,0,0
115,10293853982205095098,108349,109424,28093,169377,26058,55065,56140,25755,2470923,25401,238106,142380,93789,70158,58214,0,0,0
116,11797299450381563433,195579,196654,37311,337610,51940,99087,100162,36175,2879661,37000,291375,185776,132955,106964,94329,0,0,0
117,3019307246554859894,495929,497004,42240,511472,78688,451931,453006,42240,3138239,38188,333183,220982,164529,136779,124012,0,0,0
118,3945648719323444312,266043,267118,39953,437229,67266,151867,152942,39917,3119549,37594,326132,210956,153836,125358,111941,0,0,0
119,3571740835977137612,236687,237762,39207,404417,62218,140317,141392,38943,3049477,37813,312485,201969,146685,119430,106420,0,0,0
120,15688029600598372724,317574,318649,38215,381459,58686,204930,206005,37596,3143887,37962,317431,202384,145254,116992,103477,0,0,0
121,4809550328998405781,218970,220045,37387,376311,57894,105812,106887,36360,2953414,37734,306786,197165,142477,114805,101943,0,0,0
122,16673457341036131784,389206,390281,41374,492453,75762,299940,301015,41374,3205692,38040,338956,222018,164081,134601,120938,0,0,0
123,4709207850192104690,447726,448801,41192,499655,76870,369909,370984,41192,3183127,38204,334983,221091,164055,135467,122210,0,0,0
124,14987279176759560827,206927,208002,38360,385645,59330,131850,132925,37806,3010014,37544,312763,200400,144270,116477,103534,0,0,0
125,12455518455682061704,392278,393353,41054,493454,75916,310146,311221,41054,3143731,38100,331287,218510,162380,134482,120685,0,0,0
126,16166164817434319113,350598,351673,39343,400166,61564,254253,255328,39229,3022017,37645,307644,198904,145355,118587,105805,0,0,0
127,12283571664785387763,484564,485639,42247,516633,79482,426562,427637,42247,3134667,38208,335058,222150,165757,138044,124826,0,0,0
128,10640180730474882598,276412,277487,38524,383994,59076,165251,166326,38041,3035768,37976,310302,199232,143638,116191,103386,0,0,0
129,3812952749990704472,405278,406353,40442,480311,73894,327208,328283,40442,3076910,38208,324342,213572,158428,131750,118771,0,0,0
130,8985774340266909244,511023,512098,42515,533195,82030,476730,477805,42515,3167283,38206,334988,223416,167877,140164,126905,0,0,0
131,3906820549000075022,167504,168579,37811,309751,47654,101075,102150,37130,2937851,37132,300891,188397,132078,104356,91201,0,0,0
132,6751380587087841664,541480,542555,42649,534690,82260,518015,519090,42649,3178071,38206,336719,224554,168443,140472,127602,0,0,0
133,7488812991156845180,513388,514463,42257,521976,80304,475706,476781,42257,3127924,38204,327834,219049,164468,137943,125177,0,0,0
134,7821847056005621223,27655,28729,19239,78273,12042,17482,18556,17398,1533146,12310,146522,84416,52978,37055,30030,0,0,0
135,12217153512566328451,466850,467925,41508,496002,76308,390365,391440,41508,3139038,38150,326481,215639,160523,133454,120690,0,0,0
136,8806254138228182290,487830,488905,42221,516893,79522,437007,438082,42221,3167423,38202,330005,219059,164819,137971,124860,0,0,0
137,12733111632922560012,494996,496071,42226,522808,80432,449146,450221,42226,3206128,38208,332192,220706,165187,137890,124872,0,0,0
138,2501735311241351195,425629,426704,41206,482118,74172,327759,328834,41206,3129863,38114,324245,214573,159761,131761,118955,0,0,0
139,12960487387062707668,270643,271718,38468,397150,61100,210674,211749,37939,2996265,37540,312736,200971,145357,117527,104419,0,0,0
140,17814072604886395448,426059,427134,41662,498381,76674,337737,338812,41662,3183969,38198,333138,219797,163194,135223,122007,0,0,0
141,11285652319209009385,415917,416992,40618,475202,73108,357833,358908,40601,3102149,38112,319054,210883,156973,130690,117434,0,0,0
142,11014088713147922632,478869,479944,42442,514852,79208,421480,422555,42442,3239463,38192,338347,223421,165735,138055,124536,0,0,0
143,406463308745511163,407214,408289,41533,499811,76894,326546,327621,41515,3204368,38062,334146,220172,162824,134932,121599,0,0,0
144,17534504696866617849,422341,423416,41399,509730,78420,332768,333843,41399,3109281,38180,337102,222516,165144,137143,124234,0,0,0
145,13198556944138723303,424797,425872,41902,506454,77916,329949,331024,41902,3046852,38198,331676,219390,163461,135496,122345,0,0,0
146,5770311749891783580,138516,139591,34449,275665,42410,74514,75589,32798,2746879,34379,284943,176676,122548,95147,82521,0,0,0
147,15785516674910074395,86270,87336,27450,190970,29380,43925,44991,25403,2482577,27487,247477,148888,99607,75379,63283,0,0,0
148,13721158072033547493,488112,489187,41895,506012,77848,431401,432476,41895,3186825,38202,334194,220834,164666,135830,122719,0,0,0
149,17324773251166613531,77853,78917,27033,158067,24318,43970,45034,25495,2331880,23410,227803,134803,89107,65662,54047,0,0,0
150,562156214216318010,538100,539175,42443,531453,81762,518893,519968,42443,3072211,38206,324410,217804,164530,138081,125792,0,0,0
151,9961359178523252267,443390,444465,39725,455767,70118,379424,380499,38917,3121423,37895,328941,214226,156914,128391,115053,0,0,0
152,15648529573482083226,44781,45856,20889,101829,15666,26740,27815,19532,1807465,15619,174603,101355,64609,46409,37456,0,0,0
153,5720364722347541976,441168,442243,41187,506181,77874,355346,356421,41187,3113531,38190,330423,219101,163417,135707,122691,0,0,0
154,1849194904166726695,546144,547219,42782,550615,84710,526120,527195,42782,3272701,38208,339892,226929,171043,143033,130054,0,0,0
155,1710160193251210002,466737,467812,42062,505752,77808,400476,401551,42062,3088063,38176,331829,219209,163528,136496,123120,0,0,0
156,9689031059872497038,359628,360703,40103,452933,69682,254525,255600,40054,3114993,38182,330514,214614,157067,128822,115482,0,0,0
157,16465286939974686827,221593,222668,38483,407979,62766,144212,145287,37884,3046141,38018,307495,199402,145929,119513,106801,0,0,0
158,4411765945603959182,538186,539261,42725,529464,81456,511994,513069,42725,3204174,38204,337904,224191,167342,139586,126328,0,0,0
159,11070633886158185775,454248,455323,41444,507390,78060,377696,378771,41444,3182588,38208,331619,220376,164032,136277,122937,0,0,0
160,5918379027175537722,474417,475492,41639,476619,73326,409718,410793,41639,3144689,37983,328932,215496,158943,131304,118442,0,0,0
161,17073609758125032840,241527,242602,38301,354341,54514,122777,123852,37642,3012547,37237,307183,195495,139591,111659,98427,0,0,0
162,10020226892100438581,476049,477124,42298,511004,78616,421644,422719,42298,3144632,38208,329120,218649,163792,136711,123493,0,0,0
163,9526698960501645321,411961,413036,41238,493597,75938,311293,312368,41238,3112342,38174,334191,219235,162272,134295,120779,0,0,0
164,2533986941498802589,83960,85035,31909,221546,34084,44000,45075,28894,2626638,30452,260845,158836,107899,82240,69615,0,0,0
165,17485614095053154515,533432,534507,42484,533845,82130,509021,510096,42484,3226970,38192,340360,226147,169632,140367,127457,0,0,0
166,11103865399866589307,307704,308779,40157,437671,67334,217696,218771,40121,3041363,38044,317932,207197,152162,124668,111570,0,0,0
167,16623614656953444986,318922,319997,40920,482482,74228,188821,189896,40920,3137734,38111,330346,216735,160148,132510,119004,0,0,0
168,17401659601693164384,555116,556191,42855,547417,84218,539018,540093,42855,3179162,38208,332533,223653,168514,141569,128658,0,0,0
169,11049669878503412000,510669,511744,42535,528281,81274,469370,470445,42535,3213096,38182,335229,223628,167610,139900,127090,0,0,0
170,8244986667504475031,343088,344163,40654,453843,69822,239949,241024,40654,3063116,37570,321886,210619,154801,126905,114060,0,0,0
171,1788616718346399265,162033,163108,31023,241722,37188,84805,85880,27805,2707215,31446,274880,167594,114268,87930,75074,0,0,0
172,12396976212410918861,277507,278582,39136,441974,67996,170074,171149,38999,3074843,38015,317155,206915,151869,124897,112045,0,0,0
173,16873111731406148719,488487,489562,42233,498940,76760,440106,441181,42233,3143175,38200,331069,218447,162361,134607,121629,0,0,0
174,4371287800040429725,487933,489008,41917,515060,79240,447894,448969,41917,3155771,38190,333091,220903,164905,137153,124098,0,0,0
175,8209346093335103303,485498,486573,42139,516503,79462,431915,432990,42139,3227840,38198,341949,225231,167096,138551,125293,0,0,0
176,14255313208860801240,450150,451225,41648,490932,75528,386273,387348,41648,3149201,38184,326385,215276,160177,133055,119944,0,0,0
177,18351372482318773415,357481,358556,40618,474708,73032,267136,268211,40601,3201726,38068,331359,216579,159442,131526,117741,0,0,0
178,5333569916276211838,304199,305274,40709,456053,70162,190399,191474,40692,3093403,38106,319030,209269,154792,127343,114479,0,0,0
179,14839730370691303348,256674,257749,37840,372541,57314,147002,148077,37274,3015975,37566,313129,200288,143913,114794,101783,0,0,0
180,8494664764710398551,6548,7444,14215,18954,2916,3889,4700,11642,598829,3570,54741,30350,18106,11946,8866,0,0,0
181,8810377357959095360,419298,420373,41046,463827,71358,329939,331014,41046,3157405,38135,326342,213640,158024,130277,117126,0,0,0
182,13347861167049037999,217947,219022,36848,353041,54314,121456,122531,35676,3013185,37053,301554,191793,137541,110034,96862,0,0,0
183,3415214943306286275,459142,460217,41612,515190,79260,405345,406420,41612,3140235,38178,335542,221485,165311,137119,124107,0,0,0
184,1542034587360853647,449459,450534,41687,522678,80412,375985,377060,41687,3172203,38200,340909,225217,167694,139380,125748,0,0,0
185,7041236488380273089,327396,328471,40235,460135,70790,195277,196352,40184,3136836,38166,328154,214056,157142,128791,115118,0,0,0
186,6577698462137654446,460423,461498,42172,527644,81176,402784,403859,42172,3181049,38202,330950,220673,166436,138721,125610,0,0,0
187,11309444907707955184,23815,24872,19443,74178,11412,16281,17323,17504,1510254,12062,140775,80970,50918,35933,29026,0,0,0
188,9315095082053299105,302136,303211,39233,425568,65472,196105,197180,38951,3083632,37872,316765,206109,150695,122759,109723,0,0,0
189,10441608174670523033,171857,172932,36213,321152,49408,85127,86202,34961,2839730,34498,288314,181918,128207,102099,89634,0,0,0
190,3211213526803787105,363825,364900,40088,438204,67416,293796,294871,40072,3080710,38144,323140,209674,153909,126195,113182,0,0,0
191,5014579224550413418,511596,512671,42321,512148,78792,480570,481645,42321,3186123,38202,333178,220648,164563,137041,124130,0,0,0
192,6776110149503520123,314771,315846,34226,322010,49540,297294,298369,32218,2815306,33821,288615,182210,128525,101947,89135,0,0,0
193,7437459860575075213,264563,265638,39227,403377,62058,158875,159950,39060,3004166,36717,306417,198614,144849,117836,105319,0,0,0
194,6415209840824992977,406757,407832,40685,488917,75218,329638,330713,40685,3157603,38032,325189,215068,159430,132719,119918,0,0,0
195,13482969421180024189,546367,547442,42676,539409,82986,523804,524879,42676,3221435,38208,342306,227245,170226,141348,128330,0,0,0
196,9537082997228313597,391530,392605,41667,502580,77320,286270,287345,41667,3154854,38036,327073,217221,161849,135392,122490,0,0,0
197,10133171182378550604,464202,465277,42213,514436,79144,377537,378612,42213,3163910,38204,329322,218859,163805,136283,123172,0,0,0
198,4528660790043124283,292726,293801,36862,333008,51232,255776,256851,35162,3020062,36380,300218,189726,134295,106611,93855,0,0,0
199,16361428497044398582,427821,428896,41051,489190,75260,361329,362404,41051,3057060,38128,334701,219420,162375,133852,120056,0,0,0
200,14106406521528181157,514191,515266,41993,511953,78762,485989,487064,41993,3231381,38208,331421,219824,164868,136898,123639,0,0,0
201,8559632108082708792,367891,368966,41890,495729,76266,265741,266816,41890,3110991,38206,323387,214745,160189,133067,119916,0,0,0
202,10235639668083527071,495579,496654,42058,515060,79240,453659,454734,42058,3173836,38198,333703,221042,165122,137188,123670,0,0,0
203,17337525345261072769,533181,534256,42591,505115,77710,508148,509223,42591,3121365,38198,330589,218687,162571,135488,122577,0,0,0
204,12097651746612328543,465904,466979,41502,498355,76670,400172,401247,41502,3141463,38202,323099,213913,160129,133917,121104,0,0,0
205,16676085119046435535,234458,235533,38725,412451,63454,125232,126307,38428,3083889,37887,313978,203259,148057,120425,106957,0,0,0
206,10866156254071543518,259481,260556,37018,352833,54282,159268,160343,35965,2919685,37184,299895,191315,137117,110688,97694,0,0,0
207,2718174764656399564,119786,120861,30323,190944,29376,58392,59467,26265,2521245,27734,248278,149209,100324,75437,62806,0,0,0
208,3631052024434557855,523492,524567,42093,528320,81280,499356,500431,42093,3188744,38206,333113,222082,166624,138656,125718,0,0,0
209,11941522460368476046,265247,266322,40488,446589,68706,156284,157359,40488,3064014,38148,316477,207477,152843,125729,112678,0,0,0
210,6554022297751810779,415666,416741,40248,455156,70024,340242,341317,40231,3145775,38052,324205,211648,155197,127707,114731,0,0,0
211,15494444564763743065,262956,264031,38129,367952,56608,164324,165399,37518,3044653,37549,310707,197768,141608,113421,100567,0,0,0
212,16050511539404471018,532639,533714,42451,524550,80700,507756,508831,42451,3158464,38206,333254,221557,166194,138478,125138,0,0,0
213,11999199269000501034,436988,438063,41377,511654,78716,351433,352508,41377,3106597,38166,324175,215864,162537,135430,122706,0,0,0
214,4650961466378577745,533817,534892,42205,530140,81560,513367,514442,42205,3187396,38208,335607,223747,167248,139589,126437,0,0,0
215,11043087000247889422,144931,146006,33521,262509,40386,74866,75941,31202,2855549,34910,283536,175763,121082,93872,80907,0,0,0
216,2029444969724355239,241306,242381,37084,346541,53314,137694,138769,36142,2922419,37282,296897,190011,135846,109146,96214,0,0,0
217,3225973761914549284,17038,18110,15707,53235,8190,11749,12801,14274,1222424,9057,114861,64979,40261,28062,21993,0,0,0
218,16492979534452021254,142890,143965,32652,251732,38728,76007,77082,30157,2808565,33390,280167,171733,117674,91260,78727,0,0,0
219,1569666368328568087,423443,424518,41280,490386,75444,324421,325496,41280,3073726,38194,327032,216368,160434,132723,119870,0,0,0
220,16398644608846298513,482974,484049,42268,532766,81964,421703,422778,42268,3284925,38200,334413,223243,167597,139943,126833,0,0,0
221,13586422869136880805,313982,315057,38054,412581,63474,254804,255879,37368,3053018,37416,316806,203746,147515,120060,106684,0,0,0
222,15902998009659084682,449434,450509,41814,502138,77252,372872,373947,41814,3151728,38122,330776,218220,163041,135099,122042,0,0,0
223,9666295597485576539,520291,521366,42340,526890,81060,492798,493873,42340,3176198,38206,327480,219334,164892,138000,125090,0,0,0
224,7678739181936081838,279532,280607,39588,401622,61788,198541,199616,39535,3039571,38132,306298,198535,145405,118621,105699,0,0,0
225,9432103679564050389,34682,35757,24183,117598,18092,23688,24761,21892,1897158,17321,184255,107327,69355,50019,40671,0,0,0
226,3446449457893232143,268,268,4543,0,0,268,268,4543,0,0,0,0,0,0,0,0,0,0
227,15691641590656322157,311818,312893,40152,426699,65646,184423,185498,40120,2987301,37702,311592,203221,148898,122052,109144,0,0,0
228,9319254158117973237,262587,263662,39728,439569,67626,164647,165722,39567,2975581,37976,314269,205257,151655,124502,111670,0,0,0
229,16336949934302145361,253994,255069,39490,385138,59252,145113,146188,39305,2946075,37547,306873,197046,142770,116200,103265,0,0,0
230,3281250192952145694,12280,13338,14733,34866,5364,8710,9749,13098,916773,6022,86510,48279,29191,19424,14892,0,0,0
231,8924819577034230883,190975,192050,37649,339144,52176,100723,101798,36764,2928247,37548,297105,188794,134982,108376,95250,0,0,0
232,11915416379263865831,362318,363393,39301,396734,61036,265959,267034,39269,3047413,38072,319582,204743,147240,119015,105763,0,0,0
233,9653649054807012619,115680,116755,25610,139295,21430,70644,71719,23016,2223514,21565,216468,127417,82625,59915,49034,0,0,0
234,3138041299098866087,536101,537176,42801,544206,83724,511070,512145,42801,3159005,38204,336688,224807,169064,141451,128597,0,0,0
235,16753188377842897000,460193,461268,42104,499668,76872,392539,393614,42104,3102463,38144,328930,217696,161841,134260,121248,0,0,0
236,3328286086532902559,264441,265516,35977,307996,47384,143044,144119,34494,2891462,37228,302633,189026,132732,104893,91854,0,0,0
237,9275925105439090895,291,291,5495,0,0,291,291,5495,0,0,0,0,0,0,0,0,0,0
238,8193784623427691163,442381,443456,41580,481845,74130,360685,361760,41580,3125093,38176,329003,216377,160003,131993,118975,0,0,0
239,1768736439080339367,525202,526277,42403,525447,80838,496398,497473,42403,3242338,38206,337149,223694,167215,138971,125713,0,0,0
240,6674779126626003031,7551,8542,12296,21489,3306,4822,5767,9915,661971,3988,61644,34136,20369,13481,9933,0,0,0
241,2122288897910369108,488059,489134,42301,513240,78960,423390,424465,42301,3094266,38208,326629,217708,162987,135758,122992,0,0,0
242,10099787963837597941,23255,24330,17426,65728,10112,16188,17262,15910,1418424,10911,136893,77938,48410,33422,26575,0,0,0
243,8346121696495311219,419543,420618,41008,458731,70574,330487,331562,41008,3102784,37828,322246,211367,155865,128855,115535,0,0,0
244,1084359330546719196,18202,19275,15052,42224,6496,10681,11736,11670,1031141,7277,96986,54648,33418,22787,17750,0,0,0
245,8883599725883024343,330645,331720,39436,420732,64728,239833,240908,39293,3122287,37730,322233,207836,151122,122697,109478,0,0,0
246,4008051880738627984,505686,506761,42463,523913,80602,463625,464700,42463,3093073,38208,337820,223907,167336,139326,125479,0,0,0
247,15728654742979675289,274,274,5179,0,0,274,274,5179,0,0,0,0,0,0,0,0,0,0
248,15816593517690241029,354112,355187,40649,468182,72028,250009,251084,40649,3129936,38142,319890,210362,156427,129370,116401,0,0,0
249,2208128961106589188,312104,313179,39791,442936,68144,192785,193860,39772,3184918,37930,324404,211026,154478,126245,113192,0,0,0
250,4857330096602240005,406282,407357,41143,497939,76606,303459,304534,41143,3119616,38190,332124,219143,163103,134275,121464,0,0,0
251,4665043783636201592,419136,420211,41527,489710,75340,339763,340838,41527,3196547,38200,333868,219082,161941,133654,120676,0,0,0
252,15999134343165671571,445090,446165,41286,483834,74436,375908,376983,41286,3121077,38140,325552,214188,158491,131374,119245,0,0,0
253,7701222915981079604,164742,165817,33441,255580,39320,87991,89066,29648,2859970,34015,282887,173159,118643,91562,78765,0,0,0
254,13464825739442186896,49289,50354,25232,135954,20916,30483,31548,23818,2181290,20652,214178,125209,80878,58698,47937,0,0,0
255,3203300778566748,396550,397625,42179,517998,79692,311864,312939,42179,3196281,38204,333801,221605,165509,137797,125032,0,0,0
256,3770740330407608811,561728,562803,42843,539864,83056,551647,552722,42843,3186763,38206,335090,223447,168220,140842,127931,0,0,0
257,1641173139798643780,107486,108561,30926,247546,38084,56483,57558,28251,2723055,32206,275392,169278,115674,89390,76775,0,0,0
258,811613262287202028,322523,323598,41228,504179,77566,211992,213067,41228,3093317,38086,324837,215736,161529,135123,121883,0,0,0
259,14740668173646600279,239887,240962,40270,437970,67380,128576,129651,40138,3015617,37451,317528,206918,151316,124098,111309,0,0,0
260,17579750161965797524,368416,369491,40859,457418,70372,256514,257589,40859,3081479,38160,321711,210943,155860,128534,115200,0,0,0
261,5236397370953051573,405286,406361,41114,499967,76918,325631,326706,41114,3246948,38148,334171,220454,163584,135006,122202,0,0,0
262,11221765615242657808,467679,468754,41941,503880,77520,424535,425610,41941,3129015,38188,324507,215562,161317,134794,121940,0,0,0
263,12974079008421453896,447537,448612,42039,472277,72658,367558,368633,42039,3019968,38088,324016,213026,157602,130750,117415,0,0,0
264,1071668844152723214,348436,349511,40593,474097,72938,273204,274279,40593,3140613,37956,327920,214747,158578,131349,118525,0,0,0
265,13779499061222273634,340757,341832,39867,444912,68448,221797,222872,39798,3097449,38180,320557,209572,153535,125529,112765,0,0,0
266,15638715964544010036,243644,244719,40195,452504,69616,139307,140382,40096,3006750,37905,314016,206783,153111,126306,113620,0,0,0
267,3057382260254830443,490281,491356,42091,534391,82214,443367,444442,42091,3180559,38208,338033,224765,168351,140243,127091,0,0,0
268,8870918298014257224,425246,426321,41654,479232,73728,354352,355427,41654,3104848,38044,319633,211202,157641,130805,118003,0,0,0
269,18402386574753259472,200947,202022,34568,312065,48010,106234,107309,31890,2863277,35980,285872,180698,127759,101748,88638,0,0,0
270,15343315987897393952,5988,6858,17648,19422,2988,3860,4647,15645,613318,3708,56573,31342,18616,12298,9243,0,0,0
271,5538621780933029553,327049,328124,39914,411307,63278,237397,238472,39897,3088669,38068,323100,208037,150049,121361,108002,0,0,0
272,16521342504569641678,246733,247808,39560,430222,66188,149592,150667,39312,3051778,37995,319032,206686,151263,123860,111005,0,0,0
273,13522933415267144956,360205,361280,40968,457249,70346,259161,260236,40968,3143527,37624,322362,211469,155394,127482,114638,0,0,0
274,12496714450401978767,379240,380315,38736,413361,63594,297188,298263,38246,3097352,38022,317545,204724,148707,121009,108080,0,0,0
275,15262024628088753753,178497,179572,38012,402701,61954,88306,89381,36889,3019532,36873,307126,198879,143993,117094,103917,0,0,0
276,6817758444646984927,224557,225632,36089,313937,48298,133617,134692,34112,2932462,36502,304637,189945,132703,104966,91766,0,0,0
277,13154974048115677183,472154,473229,41998,520988,80152,407036,408111,41998,3105187,38198,335430,222405,166189,138536,125018,0,0,0
278,2603540668350167723,254571,255646,39937,436670,67180,155208,156283,39832,3088407,38130,323385,210141,153676,125100,111847,0,0,0
279,2713645569300799418,85531,86606,30171,193284,29736,49799,50874,26979,2534689,27234,253961,151917,101043,75629,63328,0,0,0
280,1397327276398224185,512803,513878,42383,514475,79150,477475,478550,42383,3192922,38208,330917,220264,164808,137286,124027,0,0,0
281,2766562979623221596,172,172,3209,0,0,172,172,3209,0,0,0,0,0,0,0,0,0,0
282,3740357793740193724,294237,295312,40545,457626,70404,183747,184822,40399,3094664,37413,320654,209855,154849,127181,113827,0,0,0
283,10845892320993320138,452066,453141,41129,477984,73536,406929,408004,41129,3103941,38067,327395,214829,159507,131535,118737,0,0,0
284,7620709682983035298,467317,468392,41755,514280,79120,400725,401800,41755,3072598,38208,324016,216644,162410,136329,123560,0,0,0
285,18420680668191183962,518426,519501,42584,530517,81618,483015,484090,42584,3271987,38158,345581,228651,170300,141392,126911,0,0,0
286,2325670906741872318,324312,325387,39801,458783,70582,197893,198968,39785,3077843,38154,317763,209035,154860,127754,114950,0,0,0
287,5357299776179764107,542437,543512,42759,542139,83406,517381,518456,42759,3191705,38208,331836,222518,167681,141194,128283,0,0,0
288,15309077097523702307,443731,444806,41442,510393,78522,350783,351858,41442,3124338,38198,329403,218616,163465,136368,123389,0,0,0
289,6687752009926031224,506791,507866,42378,537615,82710,468580,469655,42378,3166551,38206,342312,227195,169834,141270,128052,0,0,0
290,16741065566866901963,559691,560766,42706,542048,83392,549610,550685,42706,3172113,38206,334256,223656,168759,141005,128267,0,0,0
291,7248189349028393822,405555,406630,41137,457067,70318,313537,314612,41137,3192916,38178,326654,213203,156875,128839,115165,0,0,0
292,9704385120430894647,509223,510298,42562,525421,80834,473119,474194,42562,3213781,38198,339414,225005,167922,139683,126167,0,0,0
293,3844575062029217760,371562,372637,40733,464893,71522,266513,267588,40733,3056974,38152,318419,210146,155469,128401,115497,0,0,0
294,6776863253534648972,150176,151251,35941,314795,48430,70927,72002,33689,2828930,35861,290865,182648,129229,102478,89768,0,0,0
295,15558819834572950855,306120,307195,39949,426699,65646,201364,202439,39949,3136956,37522,319279,207166,151511,123679,110795,0,0,0
296,14098591494167229446,341123,342198,39340,408915,62910,221921,222996,39220,3101092,38124,315158,203256,147719,120072,107163,0,0,0
297,16684938710822976118,449140,450215,41445,498420,76680,382868,383943,41445,3185921,38186,334741,220143,163153,134646,121535,0,0,0
298,13863884631187765155,530241,531316,42291,531830,81820,504574,505649,42291,3171970,38198,333889,223229,167317,139664,126687,0,0,0
299,1143358531381596915,505316,506391,42363,527111,81094,464316,465391,42363,3144722,38208,329906,220170,165109,138300,125534,0,0,0
300,16983893493988057144,324786,325861,40908,453427,69758,211435,212510,40908,3130485,37844,323495,211315,155452,127841,114732,0,0,0
301,1724518686776498143,473359,474434,41751,522353,80362,404180,405255,41751,3092093,38208,328965,219464,165235,137713,124802,0,0,0
302,8538896548090692507,517168,518243,42140,530439,81606,487874,488949,42140,3056990,38200,342777,226617,169284,140698,127440,0,0,0
303,5414849337552919299,483986,485061,42270,512629,78866,435838,436913,42270,3250370,38208,338674,224005,166679,138420,124210,0,0,0
304,5753652621297339322,448441,449516,41528,509548,78392,363953,365028,41528,2985893,38194,326333,217053,162543,136061,123255,0,0,0
305,13959956551240721426,33061,34136,21660,82914,12756,20918,21993,19362,1631125,13494,159179,91471,56980,40697,32832,0,0,0
306,5951885681511492754,487353,488428,42480,514085,79090,433718,434793,42480,3152071,38190,334916,221595,165130,137795,123949,0,0,0
307,14096157529361104145,436924,437999,40911,480948,73992,395713,396788,40911,3143705,38096,326727,215159,159263,131858,118757,0,0,0
308,10995625614851936462,369172,370247,40854,444457,68378,237222,238297,40854,3112593,38142,315714,206930,152701,126120,113189,0,0,0
309,2482182704636653382,473850,474925,41728,513448,78992,413685,414760,41728,3171917,38204,331606,219631,164323,136844,123865,0,0,0
310,5441177358497796648,331993,333068,40995,489112,75248,218345,219420,40995,3149078,38057,333314,218981,161913,133980,120935,0,0,0
311,10594619803076971035,251708,252783,39865,441649,67946,167513,168588,39795,3082180,37494,328813,212965,154930,126113,112486,0,0,0
312,6087995028302807018,504910,505985,42398,523406,80524,465743,466818,42398,3112821,38202,326806,218087,164164,137318,124550,0,0,0
313,13157498791441590363,409796,410871,40821,441441,67914,328029,329104,40821,3134387,38144,318611,208104,153226,125503,112290,0,0,0
314,4140354337515438600,334937,336012,40144,434798,66892,217941,219016,40144,3043312,38192,316079,205892,151694,124810,111752,0,0,0
315,8790324440253869243,447044,448119,41290,496834,76436,375533,376608,41290,3089040,38170,321439,213662,160195,133200,120430,0,0,0
316,16033494607729759540,266173,267248,40462,446251,68654,159382,160457,40377,3128855,37968,321466,209761,154168,126791,113189,0,0,0
317,8752774043967305422,28714,29788,17641,66092,10168,17601,18674,15665,1382596,11009,134774,77002,47954,33577,26190,0,0,0
318,1617876536608997945,329965,331040,40159,409578,63012,248311,249386,40056,3067490,37858,320124,206468,149606,121674,108396,0,0,0
319,11783616977204820698,557121,558196,42858,543725,83650,546454,547529,42858,3234106,38204,345292,228987,171557,142640,129488,0,0,0
320,6559492945288675383,375715,376790,41228,483548,74392,269788,270863,41228,3196825,38184,329984,217024,160951,133187,119711,0,0,0
321,12305242939273486517,419380,420455,41716,473993,72922,341642,342717,41716,3183373,38174,326730,214918,158916,131168,118232,0,0,0
322,12908446579899175636,379663,380738,41375,503542,77468,260508,261583,41375,3114747,38196,329414,218122,162500,134746,121488,0,0,0
323,16901059007659922422,363699,364774,40674,471302,72508,241186,242261,40658,3096236,37928,328756,215805,159410,131175,118046,0,0,0
324,4922858970751481929,504696,505771,42183,507806,78124,473809,474884,42183,3096833,38208,328184,217474,162326,135475,122564,0,0,0
325,3362611848888048773,488500,489575,42292,516958,79532,429703,430778,42292,3204380,38208,336644,222906,165741,138028,124876,0,0,0
326,7122687477757991286,524159,525234,42550,537758,82732,498375,499450,42550,3177615,38200,335048,223693,168142,140470,127600,0,0,0
327,6923307926486974913,452133,453208,41795,494559,76086,379445,380520,41795,3209816,38202,334082,219423,162765,134175,120957,0,0,0
328,14543759518216842298,435499,436574,41534,495911,76294,343804,344879,41534,3196908,38206,328033,217153,161510,133539,120732,0,0,0
329,3526120906025846912,321764,322839,39309,426127,65558,223808,224883,39171,3146536,37874,323077,209282,152914,124052,111007,0,0,0
330,13105054135411926411,413409,414484,40986,482677,74258,308409,309484,40986,3130549,38192,323661,213685,158862,131826,118680,0,0,0
331,10428491862727895118,251534,252609,39658,424567,65318,151863,152938,39564,3087100,37986,316559,205523,149961,122941,109854,0,0,0
332,13804446188507661559,519559,520634,42563,530335,81590,489474,490549,42563,3053696,38194,323155,217187,164621,138246,125228,0,0,0
333,6396824164812931943,452248,453323,40807,452374,69596,380191,381266,40807,3097178,38142,318917,209543,153932,126819,113562,0,0,0
334,10148263954741301844,312671,313746,39588,440778,67812,201073,202148,39588,3092069,38176,321596,209379,153663,126502,113124,0,0,0
335,3477990544745926582,189076,190151,33867,284544,43776,107102,108177,31675,2818439,34008,283659,176536,123596,96806,84031,0,0,0
336,13231701053928365568,403451,404526,41214,495924,76296,311661,312736,41214,3081254,38204,321073,214135,160301,133178,120324,0,0,0
337,8844698145932292901,408805,409880,41194,485368,74672,301362,302437,41194,3088519,38040,335741,219483,161889,133325,119848,0,0,0
338,7161356552888137975,525637,526712,42368,529854,81516,496917,497992,42368,3136881,38204,335416,222479,167572,139606,126389,0,0,0
339,9014024295874841266,516314,517389,42565,535106,82324,487193,488268,42565,3173903,38208,334001,222506,167107,140023,126764,0,0,0
340,17895031192751868333,168447,169522,32824,250003,38462,98371,99446,30409,2778623,33807,276585,170404,117498,91063,77953,0,0,0
341,2340664882219996466,155984,157059,35356,287365,44210,75546,76621,32418,2816778,35241,280484,175958,122736,97330,84707,0,0,0
342,7116460092147018339,547781,548856,42595,542399,83446,528034,529109,42595,3252484,38208,342480,227736,170459,142171,128790,0,0,0
343,6425910566914326932,379357,380432,41120,474292,72968,271293,272368,41120,3182360,38072,327832,214692,158782,130232,117272,0,0,0
344,11395165012870455550,356425,357500,40764,450411,69294,241956,243031,40764,3112993,37927,319402,209351,154199,126260,113041,0,0,0
345,17247030730836401119,156951,158026,33472,300092,46168,72723,73798,31528,2869623,34742,291705,182106,127154,99840,87090,0,0,0
346,1608737169501613661,245851,246926,38808,333294,51276,127667,128742,38704,3033778,37926,301762,191128,136095,108204,95362,0,0,0
347,8420435434763283906,249042,250117,38984,402389,61906,144651,145726,38590,3007429,37106,309819,200462,145436,117784,104851,0,0,0
348,7751020590824769062,461679,462754,41906,515814,79356,392038,393113,41906,3097799,38127,328019,217852,163675,136960,123712,0,0,0
349,10076714415002727144,471111,472186,41773,510731,78574,416884,417959,41773,3173834,38138,331928,219939,163423,135918,122944,0,0,0
350,2316314060922452570,300983,302058,40217,451620,69480,179388,180463,40217,3135753,38015,318739,208784,153669,126394,113721,0,0,0
351,17346309421587384437,393578,394653,40969,469560,72240,279527,280602,40969,3112155,38188,324907,213458,157629,129922,117054,0,0,0
352,5618283887926634834,499951,501026,41735,508339,78206,454761,455836,41735,3157346,38206,336317,221883,165397,136807,123548,0,0,0
353,1741893628392994921,426003,427078,41071,477022,73388,351786,352861,41071,3202144,38096,325808,214381,158495,131155,118151,0,0,0
354,18413925335902144717,463267,464342,41587,494403,76062,407528,408603,41587,3193498,38134,329942,217532,162099,134348,121332,0,0,0
355,16005990868985157326,148283,149358,34868,312234,48036,76568,77643,32812,2878614,35585,292546,183584,128977,102407,89138,0,0,0
356,6465015771908170466,304534,305609,40719,436618,67172,179706,180781,40703,3053888,38030,317921,207464,152427,125156,111842,0,0,0
357,495767760681170683,679121,1083204,40979,466466,71764,679121,987880,40979,3113424,38162,324231,212736,156681,129307,116158,0,0,0
358,13530568621071155745,128427,129502,32978,245479,37766,61767,62842,30118,2822049,34380,285159,174466,118883,91790,78041,0,0,0
359,15911894628510580952,432278,433353,41088,491140,75560,359912,360987,41088,3179612,38146,332894,218784,162051,133816,120842,0,0,0
360,5936062968502369941,329406,330481,40440,436241,67114,212390,213465,40440,3023993,37870,317616,206904,151875,124761,112112,0,0,0
361,827533562775635043,513385,514460,42483,539097,82938,479908,480983,42483,3268468,38200,337153,224633,168776,141065,127807,0,0,0
362,1690680366174861028,437777,438852,41552,460603,70862,348505,349580,41552,3103335,38164,327014,213745,157759,129264,116160,0,0,0
363,14990777107357529582,406262,407337,41195,500019,76926,308562,309637,41195,3197294,38170,332307,219036,162809,135287,122231,0,0,0
364,10336128685871639787,119075,120150,34683,261833,40282,60251,61326,31180,2759937,33981,283093,174282,119880,92482,79724,0,0,0
365,15386045912607527958,400773,401848,41281,471263,72502,290054,291129,41281,3155038,37992,333411,217879,159973,131449,117623,0,0,0
366,10032110502621901227,184154,185229,39087,390975,60150,96799,97874,38939,3037790,37764,314356,201615,145554,117657,104897,0,0,0
367,10886039042393577701,468166,469241,41618,507754,78116,399912,400987,41618,3185812,38196,330645,218576,162868,135748,122981,0,0,0
368,4111006824975653637,410973,412048,41367,456521,70234,320157,321232,41367,3129961,38168,323914,212048,155847,128284,115071,0,0,0
369,12800907589272181664,40172,41246,24002,120575,18550,23351,24415,22504,1995757,18366,196983,114598,73963,52814,42925,0,0,0
370,1030511573090924673,494162,495237,42060,523679,80566,456047,457122,42060,3147100,38194,335327,222276,166459,139153,125896,0,0,0
371,11665036513581345583,358137,359212,41024,482560,74240,238651,239726,41024,3143010,37884,324479,214184,159021,131441,118354,0,0,0
372,6555245369104209958,472818,473893,42041,496873,76442,414591,415666,42041,3119049,38170,330012,218262,162448,134803,121748,0,0,0
373,9649092195353702410,187382,188457,39196,355342,54668,94670,95745,39039,2987884,36387,303521,193049,137602,110191,97547,0,0,0
374,8615633371099511029,183313,184388,35025,296712,45648,111106,112181,32657,2875293,34932,291340,181225,126454,99548,86503,0,0,0
375,7981025633021996910,314394,315469,35978,327873,50442,249797,250872,34482,2949722,35849,299243,188555,132825,105157,92208,0,0,0
376,9756468082363137711,460750,461825,42231,524810,80740,388263,389338,42231,3229394,38198,342844,226934,168827,139593,126074,0,0,0
377,1033546085767362993,68268,69343,25141,136396,20984,32771,33845,23340,2241833,21239,215172,126521,82525,60104,49220,0,0,0
378,17013198029483872255,493949,495024,41972,517504,79616,441874,442949,41972,3116087,38188,324653,216290,162534,136058,123248,0,0,0
379,7924636822148307953,480295,481370,41783,501566,77164,427114,428189,41783,3125799,38200,330135,218584,163076,135557,122500,0,0,0
380,3429177957817664556,531712,532787,42791,539916,83064,505765,506840,42791,3204039,38206,341542,227422,170590,141673,128904,0,0,0
381,8836541309807211882,679121,1246719,42856,542334,83436,679121,1237797,42856,3273878,38208,337126,224911,169389,141634,128780,0,0,0
382,194329892924134526,338225,339300,40906,498095,76630,245547,246622,40906,3087708,38176,324069,214444,159994,133560,120629,0,0,0
383,15927840561515873385,293349,294424,40624,407914,62756,173765,174840,40624,3085149,37155,316880,204024,147984,120011,107027,0,0,0
384,1714640194027356427,145219,146294,34900,272610,41940,83342,84417,33038,2750015,33390,283893,175219,121524,94818,81902,0,0,0
385,5571179394855000109,450165,451240,42144,523029,80466,378563,379638,42144,3163058,38194,330274,220128,164781,137703,124892,0,0,0
386,18446277066557159431,424661,425736,41384,487149,74946,322795,323870,41384,3143749,38178,330627,217388,161195,133596,119793,0,0,0
387,14676111944367553443,526817,527892,42463,517608,79632,497522,498597,42463,3224667,38204,330878,220390,164975,137220,124068,0,0,0
388,14517266541666166170,345298,346373,39730,434928,66912,229507,230582,39645,3099511,37908,324508,210155,153635,125498,111850,0,0,0
389,6007782047786219109,525651,526726,42538,543153,83562,500076,501151,42538,3188827,38196,335612,224205,168720,141247,127990,0,0,0
390,9858856608974879866,127703,128778,35231,301808,46432,72895,73970,33607,2820445,35156,289049,181090,126876,100023,87271,0,0,0
391,10134772219675911659,457677,458752,41894,514020,79080,381464,382539,41894,3163679,38208,333078,220833,164566,136811,123957,0,0,0
392,11336868354215367152,532119,533194,42312,520988,80152,511479,512554,42312,3192677,38204,337951,223910,167205,138656,125025,0,0,0
393,3410027770555825282,511595,512670,42553,538005,82770,465193,466268,42553,3170561,38208,337437,224597,168726,140758,127647,0,0,0
394,10379314241001012241,285600,286675,38957,423345,65130,150815,151890,38729,3016819,37990,320280,206964,150748,122867,109541,0,0,0
395,1560318013821850022,391987,393062,40604,478582,73628,291626,292701,40604,3203999,37778,326314,214494,158996,131390,118067,0,0,0
396,17344265790979834870,94449,95524,29729,211497,32538,46023,47098,27203,2595057,29718,258141,156248,105588,80570,67943,0,0,0
397,12769934649302990837,249907,250982,38444,345319,53126,152322,153397,38167,2838249,37402,297519,190379,136187,109009,96268,0,0,0
398,6398205110736970597,401245,402320,40943,461136,70944,302985,304060,40943,3076071,38067,317212,209572,155418,128107,115242,0,0,0
399,2137413210345420363,116373,117448,28435,192400,29600,63122,64197,26066,2511333,27026,244832,147842,99101,74687,62501,0,0,0
400,13069900385805486314,517901,518976,42351,525031,80774,486717,487792,42351,3175665,38196,337433,223785,166781,138577,125639,0,0,0
401,7685803444848007117,489805,490880,42416,516867,79518,437505,438580,42416,3123670,38194,320274,214372,161782,135895,123156,0,0,0
402,12354328562408914120,408983,410058,41589,496262,76348,300553,301628,41589,3131471,38170,332392,219359,162660,134912,121654,0,0,0
403,85486659316954491,239250,240325,38812,377351,58054,127731,128806,38421,2991675,37522,306525,196176,142051,115031,101906,0,0,0
404,4939214230347250310,478954,480029,42079,514631,79174,418403,419478,42079,3191515,38182,330830,219630,164412,136893,124024,0,0,0
405,18326939756265711023,417964,419039,40960,510367,78518,351618,352693,40960,3125976,38198,332454,220540,164599,136725,123385,0,0,0
406,14726782303244805428,467013,468088,42069,520572,80088,406302,407377,42069,3152241,38204,334738,222694,166743,138733,125926,0,0,0
407,6633970300822632282,352571,353646,40376,468104,72016,267645,268720,40288,3052914,38024,332167,216428,159257,130746,117537,0,0,0
408,12886322652531324118,561384,562459,42928,541489,83306,547119,548194,42928,3239837,38208,342948,228079,170182,141564,128183,0,0,0
409,8852455229358511103,363126,364201,39225,373763,57502,259725,260800,39055,3001680,38100,309007,198051,142344,114991,101739,0,0,0
410,18218687001777857725,60648,61716,25257,143065,22010,35030,36098,23835,2229389,21787,227802,133386,86240,62676,50709,0,0,0
411,5564210727052958579,350652,351727,41551,489814,75356,230050,231125,41551,3153188,38085,326426,215958,160498,133152,120108,0,0,0
412,9268306062013901773,154787,155862,36050,311142,47868,85677,86743,34567,3018280,35842,296453,185440,130895,103507,90425,0,0,0
413,7914704162904444320,444696,445771,40904,474279,72966,378368,379443,40904,3273601,38202,331483,217424,159465,131456,118304,0,0,0
414,12863108643027427748,430049,431124,41440,467337,71898,339101,340176,41440,3185007,38054,326113,213381,156777,129678,116621,0,0,0
415,12590165484947485333,288535,289610,39612,432445,66530,153447,154522,39286,3017322,38028,315966,206220,151249,124446,111349,0,0,0
416,2354886570752595358,487061,488136,41778,522249,80346,448268,449343,41778,3152703,38204,334910,222854,166464,137917,125219,0,0,0
417,8633022409243365598,387214,388289,41087,476606,73324,272360,273435,41087,3095089,38202,323723,213764,158088,130610,117757,0,0,0
418,6784217945924264218,223858,224933,34319,298558,45932,149610,150685,31992,2885709,35570,289291,180791,126442,99964,87023,0,0,0
419,636490959658542657,143577,144652,37235,296920,45680,63305,64380,36281,2775350,34183,289290,180387,126266,98942,86194,0,0,0
420,17217193322115751102,470312,471387,41052,499408,76832,422028,423103,41003,3096363,38134,330704,218323,162236,135176,122523,0,0,0
421,2100097450899767168,465107,466182,41370,508950,78300,393634,394709,41370,3154162,38196,331779,220158,163347,135970,123164,0,0,0
422,13583728563436965157,496157,497232,42149,519116,79864,453151,454226,42149,3157383,38204,342390,225740,167993,138723,125204,0,0,0
423,17683035363040016650,540331,541406,42749,546117,84018,509790,510865,42749,3250900,38208,339943,226954,170547,141954,128895,0,0,0
424,7102203555229228412,504775,505850,42474,528242,81268,460586,461661,42474,3201277,38204,331880,221541,166725,139415,126608,0,0,0
425,6982770138324009442,515456,516531,42446,533962,82148,476256,477331,42446,3172115,38208,329860,220360,165952,139316,126588,0,0,0
426,7701813474468396498,20564,21637,17623,73658,11332,13352,14423,15035,1440105,11785,137322,78851,49922,35438,28481,0,0,0
427,12934325797014543013,405915,406990,41142,460824,70896,294029,295104,41142,3120373,38126,325443,212711,156532,128306,115254,0,0,0
428,13533348533935223626,473254,474329,41990,506987,77998,420787,421862,41990,3138720,38198,329003,218097,162713,135405,122428,0,0,0
429,9232305410201898069,55796,56871,26040,163020,25080,32830,33905,24807,2348134,24180,232095,137641,90324,67507,55774,0,0,0
430,5927513165180261834,508827,509902,42351,526188,80952,465485,466560,42351,3100743,38204,330524,220459,166073,138591,125825,0,0,0
431,1564002562644355952,501682,502757,41919,507546,78084,466700,467775,41919,3149754,38170,335858,221911,165331,136742,123888,0,0,0
432,16502892708404031661,558236,559311,42619,535353,82362,542667,543742,42619,3138792,38208,330786,221431,167135,140093,127239,0,0,0
433,13755743583511438817,330115,331190,39959,420290,64660,219030,220105,39959,3142148,38080,319559,207046,150466,122216,108972,0,0,0
434,8575881770625394766,392192,393267,40730,449020,69080,322280,323355,40730,3059940,38186,320809,209868,154565,126605,113497,0,0,0
435,12930422413085855894,503089,504164,42231,513097,78938,459362,460437,42231,3155283,38208,332163,221018,164776,137021,124282,0,0,0
436,16527980111456244306,304785,305860,40621,473148,72792,196493,197568,40601,3169888,38026,331041,216454,159422,131166,117919,0,0,0
437,12827618175221192457,301085,302160,39598,428883,65982,211984,213059,39375,2989406,37977,315609,204874,150213,123564,110371,0,0,0
438,1640052262248284527,391348,392423,41015,488618,75172,301147,302222,41015,3107537,38054,328328,215854,160561,132718,119895,0,0,0
439,1842505506550913104,293746,294821,40074,432744,66576,187832,188907,40074,3047089,37065,319418,207394,151306,123833,110776,0,0,0
440,862577383826786802,451260,452335,41938,505336,77744,370420,371495,41938,3065822,38206,338519,222597,165200,136238,123086,0,0,0
441,15704067235076084581,276473,277548,39706,427700,65800,168709,169784,39706,3175910,37685,321263,208259,151471,123891,110619,0,0,0
442,11039836456983717512,422359,423434,41756,496327,76358,330498,331573,41756,3116906,38172,323044,213905,160031,133406,120353,0,0,0
443,8429990098390160991,463987,465062,41834,519571,79934,394752,395827,41834,3115906,38208,326907,218346,164557,138070,124811,0,0,0
444,402001745080597206,142767,143842,34762,277615,42710,77664,78739,33409,2915810,35077,288369,179234,124152,96983,83923,0,0,0
445,6832657854039499684,287714,288789,39683,445029,68466,181980,183055,39522,3091528,37812,313954,205699,152261,125069,112311,0,0,0
446,4264903550742556352,482150,483225,41466,510874,78596,443690,444765,41466,3197268,38184,335832,222089,165411,136826,123916,0,0,0
447,7215959946105249024,444054,445129,41869,514748,79192,368970,370045,41869,3215595,38180,335512,222688,166141,137611,124506,0,0,0
448,10321603544327011239,341674,342749,40641,468884,72136,240527,241602,40641,3133580,38036,325686,213324,157687,130265,117305,0,0,0
449,9205100931856832500,524191,525266,41882,516152,79408,500730,501805,41882,3158803,38208,334181,221408,165762,137804,124285,0,0,0
450,6528348096878753853,519583,520658,42702,528541,81314,493651,494726,42702,3187131,38206,336271,223734,167093,139715,126656,0,0,0
451,4323231653390056700,462207,463282,40794,484744,74576,391107,392182,40794,3025956,38167,318286,211542,157943,130915,118185,0,0,0
452,9508430182063585858,252927,254002,39939,437086,67244,117869,118944,39887,2965762,37507,309939,203322,149066,123342,110484,0,0,0
453,15808358453286145616,469426,470501,42144,513071,78934,410144,411219,42144,3113561,38200,329796,218798,163896,136518,123366,0,0,0
454,2426662229176337751,536452,537527,42689,542893,83522,512186,513261,42689,3201550,38198,338523,225367,169572,141607,128389,0,0,0
455,12145149183643533602,237936,239011,40396,425152,65408,130428,131503,40379,3027997,37995,313895,204977,149734,122919,109613,0,0,0
456,6288330280080448374,233978,235053,39804,432003,66462,130914,131989,39704,2913581,36835,310189,202265,148747,122337,109815,0,0,0
457,13220811111560496290,313079,314154,40775,470691,72414,186604,187679,40775,3063616,37710,322776,212059,156319,129306,116347,0,0,0
458,17070344243938455497,523847,524922,42275,526058,80932,487433,488508,42275,3250242,38206,334831,222606,166260,138866,125807,0,0,0
459,11054334560361028485,369577,370652,38187,413660,63640,323855,324930,37469,3109291,37728,314648,203750,148177,119983,107260,0,0,0
460,9257505739477936285,456198,457273,42027,509210,78340,379345,380420,42027,3164237,38208,334226,220615,164820,137065,123684,0,0,0
461,9357522388781342737,325117,326192,39690,414245,63730,187824,188899,39690,3053383,38174,314471,203491,148880,121513,108136,0,0,0
462,2436701624206805372,505962,507037,42393,532584,81936,473725,474800,42393,3136482,38208,333513,222409,167075,139146,125968,0,0,0
463,10125862693187976394,211711,212786,37261,353925,54450,126969,128044,36459,2981450,37324,301145,192168,137945,110963,97990,0,0,0
464,11147650712621638095,856,856,16165,0,0,856,856,16165,0,0,0,0,0,0,0,0,0,0
465,14690643096254490349,277066,278141,37674,338325,52050,167996,169071,36725,2984295,37716,304042,192413,136503,108950,95710,0,0,0
466,16147600754798846308,25389,26462,16739,54197,8338,14602,15664,14277,1156847,8924,109533,62345,38769,27196,21955,0,0,0
467,6452645926150258700,334736,335811,40887,500058,76932,218568,219643,40887,3178901,38017,330608,218303,162106,135096,122072,0,0,0
468,17295410370606523762,507036,508111,42488,523835,80590,462113,463188,42488,3139109,38208,328361,219525,164314,138233,125467,0,0,0
469,1055117917312492432,429131,430206,40959,484614,74556,343741,344816,40942,3226462,38170,332904,218354,161046,132746,119367,0,0,0
470,10671692971768197741,15057,16129,15515,46358,7132,10614,11679,13349,1150445,8019,106985,60374,37170,25079,19617,0,0,0
471,9336058891440692173,438695,439770,41746,502021,77234,366623,367698,41746,3132736,38198,324303,215596,161054,133934,120876,0,0,0
472,12633703443406934305,423604,424679,41548,510692,78568,332116,333191,41548,3180625,38198,332167,220138,164219,136920,123902,0,0,0
473,6744315282971989660,481470,482545,42062,518219,79726,429652,430727,42062,3065318,38188,324245,217102,164025,136802,124146,0,0,0
474,3245961272664703122,307742,308817,40106,434629,66866,202612,203687,40106,3054400,37752,318913,207366,151583,124620,111285,0,0,0
475,4236320961268233163,292103,293178,40048,434005,66770,179982,181057,40010,3207970,38124,321559,208619,152694,124426,111522,0,0,0
476,9351004130392739992,518344,519419,42417,520052,80008,489498,490573,42417,3161819,38208,331305,220644,165091,137755,124885,0,0,0
477,17028271449931766306,384748,385823,40299,433953,66762,323448,324523,40260,3115017,38084,323381,209914,153243,125028,111931,0,0,0
478,3184308700634912726,469388,470463,41380,458016,70464,405951,407026,41380,3121555,38170,327473,213899,156703,128506,115770,0,0,0
479,18372444470292275173,431251,432326,41324,510419,78526,355087,356162,41324,3151653,38200,331352,219547,163496,136017,122958,0,0,0
480,9250875971031251573,489300,490375,42264,530452,81608,425367,426442,42264,3133460,38204,330757,221036,166663,139540,126481,0,0,0
481,2499737935806342049,373248,374323,41362,480376,73904,248570,249645,41362,3048795,38130,321166,212177,158032,131198,118265,0,0,0
482,8005150474762001738,521616,522691,42380,513162,78948,491035,492110,42380,3250288,38200,340961,224415,166686,137761,124782,0,0,0
483,13862453793831045576,379638,380713,36865,377338,58052,337080,338155,35625,3004521,36943,306557,196620,141405,114427,101728,0,0,0
484,16727794210000097239,342325,343400,39864,467701,71954,243413,244488,39814,3094014,38158,322795,212388,157169,128934,115879,0,0,0
485,8505568299410626855,297105,298180,40012,422903,65062,181254,182329,40012,3035226,38110,313424,203842,149224,122134,108995,0,0,0
486,6706435875522853583,263638,264713,39338,422838,65052,146721,147796,39116,2948396,38102,307927,200540,148118,122287,109566,0,0,0
487,4658475360475669991,53314,54389,23336,126880,19520,27722,28797,21442,2060164,18928,203027,118618,76550,55595,45342,0,0,0
488,8346525333782740961,403750,404825,41108,489775,75350,320082,321157,41108,3206108,38196,335324,220414,162707,134159,121180,0,0,0
489,16538745875297726597,500422,501497,42145,507923,78142,460061,461136,42145,3194474,38196,334393,220861,164627,136383,123473,0,0,0
490,7330059832843171160,276971,278046,39035,404729,62266,156255,157330,38961,3067571,37932,311770,201324,146388,119318,106365,0,0,0
491,5799913425808020461,416330,417405,40716,485121,74634,317186,318261,40716,3098202,38150,323997,213875,159430,132318,119453,0,0,0
492,11576783333258463119,319748,320823,39060,420602,64708,217955,219030,38888,3008252,37884,313836,203834,148843,121878,109144,0,0,0
493,13988369725958645690,134227,135302,31222,223717,34418,78180,79255,28465,2676167,30888,265945,162222,109801,83399,70917,0,0,0
494,5898872008016334193,231294,232369,39191,373984,57536,125023,126098,39106,2990185,37481,310754,198680,142725,114645,101623,0,0,0
495,15822893775796851788,504748,505823,42352,525356,80824,464889,465964,42352,3236032,38208,332841,221445,166367,138612,125701,0,0,0
496,16281339674383222854,511453,512528,41818,524550,80700,479430,480505,41818,3226706,38204,333471,221831,166185,138427,125573,0,0,0
497,7937224572244188468,286437,287512,40339,484198,74492,165887,166962,40322,3112266,38131,322611,213211,158084,131645,118815,0,0,0
498,2472945768402643684,393070,394145,40383,450632,69328,289321,290396,40383,3039653,38186,313665,206368,152402,125767,112958,0,0,0
499,18318652739687993667,148897,149972,34784,287924,44296,71925,73000,32069,2703199,34186,279169,174436,122052,95680,83338,0,0,0
500,3770895321614423100,527478,528553,42466,531284,81736,505062,506137,42466,3201836,38152,337699,223949,167486,139535,126557,0,0,0
501,12278608987047259568,314537,315612,38383,379977,58458,201198,202273,38224,3090772,37690,313968,200238,144121,115970,102682,0,0,0
502,1072940585732709761,144476,145551,34728,291330,44820,81115,82190,32163,2847322,34598,284702,177728,124395,98025,84884,0,0,0
503,18034076125913544045,443929,445004,41897,514904,79216,363775,364850,41897,3208494,38198,340903,224570,166617,137701,124550,0,0,0
504,16033599779080455186,426589,427664,41891,508963,78302,327477,328552,41891,3196046,38188,338277,223125,165384,137143,123626,0,0,0
505,10339549290442410553,162424,163499,35222,296842,45668,88059,89134,33462,2900119,35197,293092,182887,127639,100095,87103,0,0,0
506,15253381621617792018,373372,374447,41659,478023,73542,253254,254329,41659,3077432,38058,319527,211108,157467,130639,117832,0,0,0
507,8437527690273272990,434525,435600,41917,522860,80440,357303,358378,41917,3133798,38198,333279,221285,165617,138285,125307,0,0,0
508,10092416097232429819,458160,459235,41384,498680,76720,400315,401390,41384,3219864,38204,339927,222616,164648,135733,122060,0,0,0
509,15846737518840069779,283415,284490,39937,375180,57720,161490,162565,39900,3001089,37148,306203,195996,141794,114663,101500,0,0,0
510,17534456451358536111,100718,101793,31789,247767,38118,57701,58776,28826,2776744,31948,277060,169624,115772,88942,75906,0,0,0
511,11873213722005862356,531298,532373,42630,530231,81574,504471,505546,42630,3171584,38208,329930,220633,166237,139389,126451,0,0,0
512,14486592820706631026,216554,217629,34635,282802,43508,131629,132704,31449,2851255,35103,284057,176625,123218,97102,84319,0,0,0
513,4025204711630103363,55288,56363,22210,125554,19316,27469,28544,20007,2047900,19199,196659,115601,75135,54404,44510,0,0,0
514,3828652574031787416,191213,192288,37285,365469,56226,95664,96739,36508,2906416,37438,299421,192220,138925,112196,99430,0,0,0
515,11313400724548692022,384497,385572,40311,437567,67318,280712,281787,40311,3097183,38144,322039,209567,153419,125997,113093,0,0,0
516,11638525164681218160,237333,238408,39335,429936,66144,137210,138285,38999,3117237,37269,312390,203703,149345,121939,109200,0,0,0
517,7716935903689708717,428235,429310,40804,484757,74578,334489,335564,40804,3114943,38154,334835,219650,162147,133648,119401,0,0,0
518,4058011865849492032,526933,528008,42482,537602,82708,496044,497119,42482,3158737,38190,329140,220263,166413,139818,127130,0,0,0
519,9066656729121781112,295941,297016,39685,391170,60180,193933,195008,39600,2963139,38058,307814,199147,144126,116900,104004,0,0,0
520,546857205464664645,497272,498347,42023,523224,80496,458105,459180,42023,3250282,38204,337324,223944,167251,139002,125369,0,0,0
521,4034299698145399307,488024,489099,41854,508339,78206,434622,435697,41854,3117545,38158,326072,217115,162807,136371,123033,0,0,0
522,17476387217748300711,127821,128896,33604,283023,43542,65361,66436,31562,2897980,35218,290186,180418,125926,98658,84898,0,0,0
523,10697020065405924224,552388,553463,42803,536835,82590,532273,533348,42803,3190183,38204,333394,222477,166925,140481,127463,0,0,0
524,15931168935008656396,523630,524705,42317,539175,82950,490160,491235,42317,3196875,38196,333662,222480,167834,140355,127378,0,0,0
525,17786954505656660641,434998,436073,41962,513799,79046,362082,363157,41962,3164405,38144,328839,218474,163670,137008,123859,0,0,0
526,12029076610089283439,231491,232566,37847,339482,52228,134278,135353,37152,3009061,37046,306403,193277,137331,109032,96205,0,0,0
527,5819353566424271941,124888,125963,34768,295867,45518,61869,62944,32919,2911926,35271,288306,180279,126570,99528,86849,0,0,0
528,16016040061679728463,523106,524181,42482,530842,81668,499190,500265,42482,3230632,38136,343053,226467,168819,139917,126940,0,0,0
529,8536439472106739349,451721,452796,41354,473122,72788,362667,363742,41354,3011989,37924,312187,207539,154532,128884,116156,0,0,0
530,2176703079267279479,456878,457953,41928,513357,78978,378934,380009,41928,3104017,38164,336469,222108,165180,137184,123809,0,0,0
531,6369700480421593747,363199,364274,39030,423306,65124,252384,253459,38942,3099071,38011,317517,205456,150033,122104,109300,0,0,0
532,2730986519077290424,539478,540553,42665,543036,83544,514673,515748,42665,3216358,38206,338345,225940,169688,141678,128419,0,0,0
533,12849045245733171294,443385,444460,41723,509171,78334,365714,366789,41723,3117372,38198,326942,216913,162333,135528,122764,0,0,0
534,7832465412992783714,45884,46958,23537,106821,16434,24923,25986,21634,1944194,16966,193207,111639,70821,49819,39899,0,0,0
535,7497195367722180584,312424,313499,38752,394290,60660,208071,209146,38434,3081163,38042,317212,203885,147443,118878,105735,0,0,0
536,8227261731462856155,679121,1185618,42208,516165,79410,679121,1148606,42208,3237359,38202,333402,221040,165104,137727,124748,0,0,0
537,17485264431857448076,425976,427051,41797,496093,76322,337238,338313,41797,3170968,38144,334602,220462,163555,135275,121602,0,0,0
538,4825051417355408953,89586,90653,28692,201721,31034,50098,51165,26219,2504078,27939,246156,149115,100880,76522,64360,0,0,0
539,2335761521077289282,220874,221949,38167,405028,62312,135343,136418,37618,3056990,37792,313650,202705,146634,120155,106493,0,0,0
540,5336102852231288255,545492,546567,42436,537693,82722,528735,529810,42436,3273316,38208,337219,225167,169215,141244,128066,0,0,0
541,8879022569292388333,396949,398024,41152,479843,73822,303210,304285,41152,3184567,38088,328964,215930,159536,131908,118577,0,0,0
542,3361348252604213287,456562,457637,41375,472199,72646,397562,398637,41375,3117777,38204,317806,209634,155732,128690,116294,0,0,0
543,10122067216521551917,362107,363182,40759,429793,66122,257553,258628,40743,3153006,37770,322276,208343,152160,124012,111006,0,0,0
544,9493247934603932636,322940,324015,39773,417612,64248,210018,211093,39756,3044305,37832,314298,203767,149031,121616,108725,0,0,0
545,10146694556736176973,447722,448797,41530,504335,77590,375236,376311,41530,3140325,38198,327658,217234,162539,135457,122020,0,0,0
546,8003997507413352174,136603,137678,35831,300677,46258,65935,67010,34232,2919220,36754,291307,181933,128300,101661,88746,0,0,0
547,6603960482610020736,498675,499750,42013,522717,80418,448674,449749,42013,3169895,38196,329566,220127,165781,138301,125283,0,0,0
548,17211681883597533513,463379,464454,41750,516230,79420,385217,386292,41750,3108676,38184,325665,217287,163334,136601,123836,0,0,0
549,17389524673632328608,294844,295919,39906,438971,67534,181758,182833,39906,3010360,38066,317513,206914,152501,125061,112263,0,0,0
550,12080290410387591241,148806,149881,34379,289744,44576,83754,84829,31571,2850176,34969,286201,178417,124556,97538,84985,0,0,0
551,7652851813370030783,538188,539263,42388,528892,81368,520960,522035,42388,3152335,38206,335868,223276,166411,139050,126243,0,0,0
552,14065052034159838740,478880,479955,42066,512616,78864,419996,421071,42066,3103613,38174,323509,216251,162432,135799,122862,0,0,0
553,674705352967029218,396225,397300,41230,469508,72232,299135,300210,41230,3248000,38202,334804,218731,160204,131587,118068,0,0,0
554,7019131355554111573,551635,552710,42696,537290,82660,537197,538272,42696,3199070,38206,336386,223661,168367,140438,127098,0,0,0
555,5872738573094656266,19909,20981,17303,52065,8010,12948,14017,14478,1218947,8954,115473,65529,40087,27290,21754,0,0,0
556,1055675410619155363,396546,397621,40410,449995,69230,293977,295052,40410,3130366,38160,324015,211187,155168,127168,114059,0,0,0
557,12147048754990568428,345802,346877,41189,479141,73714,230211,231286,41189,3034361,38056,325462,214452,159327,131067,117594,0,0,0
558,12436428953288854489,509854,510929,41317,516763,79502,473586,474661,41263,3135754,38155,327044,218031,163535,136695,123844,0,0,0
559,2655781743932671180,196984,198059,38518,402987,61998,111152,112227,38088,2962856,37233,306700,198989,144562,117511,104762,0,0,0
560,11828024577298976742,66526,67601,25835,150995,23230,34962,36037,22392,2276552,22847,227324,134005,87177,63821,51943,0,0,0
561,15502345197839159256,317648,318723,39597,428155,65870,205723,206798,39543,3094907,37918,320683,208146,151560,123593,110377,0,0,0
562,14752344490270890083,52449,53518,25429,147992,22768,31606,32675,22836,2144947,21417,209606,124586,81981,60253,49389,0,0,0
563,14608729376926156580,445916,446991,40938,441142,67868,369221,370296,40938,3114588,38194,329358,213666,155743,126830,113198,0,0,0
564,3354891253350968017,451959,453034,42099,504153,77562,376224,377299,42099,3148438,38144,334659,220580,163847,135893,122375,0,0,0
565,16685265364716975585,427496,428571,41499,496678,76412,343961,345036,41499,3147860,38180,335279,220758,163248,135243,121727,0,0,0
566,14842864649018849840,380689,381764,40700,483886,74444,285964,287039,40700,3110235,38153,329371,216311,160412,132163,119265,0,0,0
567,5928217834996158424,464950,466025,41825,516152,79408,404118,405193,41825,3219286,38206,333432,220967,164571,137194,124283,0,0,0
568,17434504922175953168,322480,323555,40792,468455,72070,215123,216198,40775,3096392,38160,324593,212366,157279,129775,116870,0,0,0
569,7117658762721286890,494799,495874,42044,521924,80296,454429,455504,42044,3124200,38200,328340,219562,164391,137946,124728,0,0,0
570,10203736539240994775,396164,397239,40527,446407,68678,305972,307047,40511,3095064,37968,321123,209993,153880,126545,113296,0,0,0
571,11098166362092074578,437531,438606,41376,478647,73638,383192,384267,41376,3130529,38132,328786,216073,159557,131844,118906,0,0,0
572,1573018371868451774,493091,494166,42178,513227,78958,451954,453029,42178,3103710,38182,334993,221576,165137,137483,123809,0,0,0
573,11132766719071366564,297368,298443,39520,465595,71630,207323,208398,39329,3094540,37994,319387,209851,155048,128463,115568,0,0,0
574,14938748621248242089,454081,455156,41394,502229,77266,398738,399813,41394,3153580,38182,330176,218684,163242,135493,122584,0,0,0
575,15141505710327569973,502417,503492,42505,505921,77834,460135,461210,42505,3176257,38200,334087,220784,164049,135762,122703,0,0,0
576,2522339944516760991,361971,363046,41189,492986,75844,245371,246446,41189,3144152,38158,323260,213960,160265,132937,119826,0,0,0
577,3519511175855033996,340892,341967,39868,422734,65036,218591,219666,39868,3035821,37556,311116,203292,148384,121107,108403,0,0,0
578,11175799046987977717,540761,541836,42316,532350,81900,519445,520520,42316,3219384,38198,333709,222831,167755,139746,126767,0,0,0
579,12691594996910402128,406660,407735,41230,474019,72926,315154,316229,41230,3129452,38066,327244,214141,158175,130194,117224,0,0,0
580,824957630077728200,496338,497413,42396,517101,79554,457728,458803,42396,3230263,38200,330206,219516,164580,137044,123986,0,0,0
581,8963110194823669978,406736,407811,40828,463931,71374,298093,299168,40828,3130706,38186,321878,210876,155766,128504,115792,0,0,0
582,1689853167416151756,212127,213202,38120,388102,59708,113699,114774,37547,3009884,37468,310323,199342,143232,115829,102833,0,0,0
583,12705560270689399401,363672,364747,40814,426439,65606,270671,271746,40797,3120224,37953,322122,208800,152007,123804,110675,0,0,0
584,6679314516838931322,464056,465131,41890,513188,78952,392631,393706,41890,3144150,38208,339700,224326,166234,137946,124794,0,0,0
585,205395166280809722,539425,540500,42763,536081,82474,511798,512873,42763,3168685,38208,335166,223603,168035,140025,126914,0,0,0
586,17711132199357655307,392980,394055,41522,495924,76296,296435,297510,41522,3149126,38164,331993,218883,162170,133939,121129,0,0,0
587,5798949640987736678,85081,86156,29890,197548,30392,38766,39839,26568,2503511,28444,250439,151148,100809,76265,64127,0,0,0
588,3595770880642699403,62767,63841,23573,131898,20292,32151,33216,21618,2064132,20149,200136,118228,77128,56778,46512,0,0,0
589,8980185292352069850,481515,482590,41588,511355,78670,442742,443817,41588,3186336,38208,334487,222065,164875,137395,124014,0,0,0
590,1599472825661372013,472561,473636,41923,511524,78696,411330,412405,41923,3217678,38202,333955,221320,164956,136948,123567,0,0,0
591,861103738198066900,504673,505748,42424,521638,80252,461202,462277,42424,3213673,38202,337153,223563,166925,138956,126088,0,0,0
592,6278244716791771529,19949,21022,15198,49790,7660,12305,13367,13127,1170622,8519,110594,62736,38699,26656,20908,0,0,0
593,11997336858890284665,343968,345043,40330,451698,69492,251384,252459,40330,3099347,38178,318567,208968,154142,126878,113902,0,0,0
594,4205818518984144585,524218,525293,42787,524849,80746,490687,491762,42787,3116164,38168,327497,218274,163655,137670,124737,0,0,0
595,6066573667813954280,69359,70434,29243,199420,30680,36648,37723,26522,2615976,28541,253396,152709,102825,77380,65262,0,0,0
596,14609244935628395091,54799,55871,25087,157911,24294,28466,29538,22918,2257061,23559,218417,130463,86454,64477,53667,0,0,0
597,1903729602926661768,386208,387283,39570,398567,61318,325395,326470,39538,3003851,37820,312907,201431,146283,118991,105803,0,0,0
598,6375076593606782234,115693,116760,34000,286624,44096,57573,58640,32173,2932964,35898,294695,182840,127045,99667,86177,0,0,0
599,14100832679551978938,327734,328809,40252,475228,73112,203638,204713,40219,3090787,38129,342669,222298,162640,133037,118808,0,0,0
600,2124410564241919280,317567,318642,40433,433940,66760,219762,220837,40416,3145830,37954,327290,211354,154317,125076,111826,0,0,0
601,10157325067802047470,485246,486321,42283,515801,79354,437098,438173,42283,3194833,38002,333695,221398,165431,137216,123588,0,0,0
602,1388868243517417457,497123,498198,41898,524667,80718,455777,456852,41898,3158188,38200,330747,220429,165381,138525,125587,0,0,0
603,11455655323498358508,539279,540354,42244,530335,81590,526313,527388,42244,3129699,38204,336305,223671,167747,139832,126026,0,0,0
604,9196076904294381006,82451,83526,26984,179322,27588,41874,42949,24398,2411693,25277,241810,143908,95247,71190,59541,0,0,0
605,11261183002884324459,411595,412670,41363,509574,78396,321618,322693,41363,3062357,38176,328898,218337,162910,136011,123241,0,0,0
606,16935248220436306587,436743,437818,41072,453232,69728,361669,362744,41072,3053572,38030,327453,212534,156483,127945,114427,0,0,0
607,8665111219771671266,436495,437570,41686,500461,76994,341142,342217,41686,3205452,38186,333919,220580,163906,135364,121848,0,0,0
608,12344316843894040173,242147,243222,37466,361998,55692,146435,147510,36602,2983626,37247,303127,193410,138903,112030,99298,0,0,0
609,15442102946810924202,25607,26680,17464,68250,10500,15955,17019,14698,1383679,11153,134838,77037,48325,33494,26846,0,0,0
610,13260056475735686285,484432,485507,42148,495612,76248,431582,432657,42148,3109622,38192,325509,215336,160818,133482,120264,0,0,0
611,339397576250903691,116788,117863,33809,282503,43462,59438,60513,32008,2873232,34783,288750,178746,124995,97606,84419,0,0,0
612,221151923736725493,420015,421090,41402,479856,73824,331780,332855,41402,3098503,38060,325146,214340,158999,131697,118552,0,0,0
613,2441542289270940247,444817,445892,41113,455533,70082,366506,367581,41113,3095512,38158,319643,210180,155359,128287,114909,0,0,0
614,2745968620229765810,464771,465846,41765,485888,74752,400565,401640,41765,3102962,38158,324579,214531,159312,132199,119142,0,0,0
615,4713182381626846574,444525,445600,41864,519662,79948,368978,370053,41864,3186245,38144,342178,225740,167637,138777,125726,0,0,0
616,1993988078026143436,311556,312631,40108,405405,62370,196602,197677,40108,3015320,37662,309609,200881,146482,119215,106262,0,0,0
617,16003950986342310521,502627,503702,41957,527098,81092,468927,470002,41957,3147795,38202,333377,222523,167040,139073,125963,0,0,0
618,1448929979945337566,387783,388858,40979,495001,76154,286086,287161,40979,3144240,38196,332252,218528,161756,134637,121486,0,0,0
619,378026172324453297,424239,425314,41216,459966,70764,326395,327470,41216,3070037,38156,315408,208301,154193,127718,114744,0,0,0
620,11784367204706456919,421955,423030,41137,485901,74754,354062,355137,41137,3191549,38188,331774,217818,161375,132829,119611,0,0,0
621,5371584818921580350,217283,218358,36097,299975,46150,122030,123105,34731,2916829,35409,293132,183279,128232,101292,88211,0,0,0
622,8390587683762868493,430061,431136,41850,488540,75160,349440,350515,41850,3063737,38166,328475,217083,160884,132926,119995,0,0,0
623,5057135895183718154,5265,5979,22079,18746,2884,3409,4046,20162,584844,3587,53478,29688,17724,11812,8733,0,0,0
624,6973639689050442241,16,16,213,0,0,16,16,213,0,0,0,0,0,0,0,0,0,0
625,4575858298193425457,488308,489383,41868,512577,78858,426927,428002,41868,3020213,38208,322600,216077,162642,135788,122890,0,0,0
626,1459799507627575215,506964,508039,42411,539097,82938,464209,465284,42411,3162044,38206,332203,222237,167959,140246,127376,0,0,0
627,5685694842651379564,496878,497953,41954,520260,80040,458568,459643,41954,3090922,38208,335415,222219,165996,138028,124917,0,0,0
628,11801883293739270566,201993,203068,40098,404521,62234,97543,98618,40098,2958778,37551,311126,200961,146375,119258,106003,0,0,0
629,6592724588743389130,420795,421870,41726,494000,76000,333787,334862,41726,3124952,38082,324713,215199,160022,133275,120314,0,0,0
630,8330099591412088470,511269,512344,42324,537589,82706,471813,472888,42324,3186207,38208,337262,224279,168765,141109,128050,0,0,0
631,9266676392503724311,294155,295230,38751,370773,57042,196962,198037,38385,3034237,37972,310247,198153,142340,114963,101950,0,0,0
632,13359154327563834019,385277,386352,40540,477022,73388,302031,303106,40505,3140031,38186,324081,212836,158448,131562,118652,0,0,0
633,16899107902442753537,435497,436572,41546,470418,72372,354015,355090,41546,3117302,38060,322592,212395,156557,129463,116664,0,0,0
634,11618460855047005185,515523,516598,42438,532714,81956,473108,474183,42438,3183726,38198,334706,223055,167223,139256,126386,0,0,0
635,12756044663846706838,42235,43310,26435,140049,21546,26335,27400,23862,2165692,20802,210550,123785,81000,59063,48072,0,0,0
636,12379636975563747041,471205,472280,42083,497510,76540,419530,420605,42083,3118927,38192,332805,219358,162694,135084,121868,0,0,0
637,10127277570326081677,386814,387889,40217,461981,71074,288297,289372,40217,3080247,38202,321891,211592,156223,128887,115507,0,0,0
638,5978535484873843695,94913,95988,29151,195000,30000,47052,48115,26456,2594261,27336,259678,155157,103319,77156,64386,0,0,0
639,15856554720597671723,281086,282161,39695,407524,62696,180979,182054,39589,3048780,37187,313005,201879,147130,119713,106917,0,0,0
640,4076074947052337045,313764,314839,40057,447954,68916,196160,197235,40040,3086963,38038,319787,209063,153171,126366,113612,0,0,0
641,354247999281503521,129708,130783,36784,329238,50652,62346,63421,35367,2958285,36876,298484,188922,134102,106652,93495,0,0,0
642,15633040578676708371,457699,458774,40846,458679,70566,397290,398365,40846,3107602,38168,324671,212145,156742,128462,115403,0,0,0
643,12308432481696372414,433093,434168,41270,496717,76418,351822,352897,41270,3136931,38042,331064,218570,162135,134856,122094,0,0,0
644,17282118379056108663,124717,125792,31237,250510,38540,67688,68763,28778,2726119,31555,270476,166223,114359,88741,76259,0,0,0
645,3939000332160386728,431099,432174,41895,507533,78082,359545,360620,41895,3090761,38180,321942,214845,161330,134894,122086,0,0,0
646,2633944345621710373,481213,482288,41910,508521,78234,430926,432001,41910,3199403,38206,337285,222421,165552,136635,123576,0,0,0
647,6007702649608414427,679121,1109839,41038,500682,77028,679121,1025036,41038,3120485,38196,329836,218421,163168,135417,122359,0,0,0
648,5437565753968029016,450885,451960,41112,480831,73974,385647,386722,41112,3152128,38090,326257,214604,159261,131307,118296,0,0,0
649,16489468718597773885,275105,276180,36168,326963,50302,234028,235103,35176,2868589,36689,297158,187185,132652,105840,92953,0,0,0
650,2139026678767967536,268196,269271,38681,420563,64702,148584,149649,38440,3018210,37888,310727,203065,148649,122079,109052,0,0,0
651,12732998959073337617,547439,548514,41524,523185,80490,533544,534619,41436,3147074,38184,328049,219394,164582,137604,124838,0,0,0
652,12667186128461695927,459353,460428,41337,492206,75724,408463,409538,41337,3153825,38134,323836,214211,159911,133026,120090,0,0,0
653,965648848581406699,465989,467064,41726,508781,78274,409354,410429,41726,3159093,38206,331690,219194,164137,136260,123149,0,0,0
654,14688239453222220631,30421,31495,18664,73892,11368,18510,19584,16814,1497324,11820,142445,81328,51234,36331,28999,0,0,0
655,15499481043304135410,66150,67225,24786,146861,22594,33235,34310,22542,2150679,21701,217050,127957,83950,61441,50130,0,0,0
656,15052719882199892039,340502,341577,40988,477412,73448,238052,239127,40988,3170789,37998,329235,216502,159636,131636,118581,0,0,0
657,6649709512467052771,544954,546029,42811,539422,82988,522146,523221,42811,3243946,38196,334941,224100,167774,140395,127416,0,0,0
658,16517822258454559377,165621,166696,37564,349362,53748,92676,93751,36755,2972904,37291,300670,191591,137165,110345,97315,0,0,0
659,5658466932555957732,385538,386613,40649,455975,70150,281210,282285,40632,3124854,38172,331642,215949,157302,128699,115442,0,0,0
660,4308306325296819504,143858,144933,35574,335153,51562,71952,73026,34659,2929230,36057,303421,191576,135206,107730,93911,0,0,0
661,15876323454465600244,372380,373455,40361,440791,67814,276943,278018,40361,3048166,37956,316580,206587,151849,124495,111594,0,0,0
662,96679807295986386,173239,174314,37051,352157,54178,98140,99215,36103,3001573,37203,302659,192174,137446,110370,97695,0,0,0
663,17239562545443793729,454556,455631,41965,506623,77942,379629,380704,41965,3163503,38170,324935,216584,162207,134698,121936,0,0,0
664,41847363511816512,449981,451056,41867,521365,80210,369014,370089,41867,3101757,38194,329942,220191,165020,137941,125073,0,0,0
665,6599062690871930985,250496,251571,38454,362167,55718,168002,169077,38327,3019932,37384,304910,194857,139515,111771,98833,0,0,0
666,8684161414503418273,417809,418884,41901,509847,78438,330829,331904,41901,3250650,38196,339090,223468,165887,136622,123770,0,0,0
667,18314418404687521985,75476,76551,27085,146289,22506,36724,37799,24684,2255434,21986,217184,128611,84058,61683,50441,0,0,0
668,6866790557753914697,489665,490740,42149,523536,80544,436215,437290,42149,3262379,38182,336362,223192,166995,138714,125862,0,0,0
669,7617772251789999682,491172,492247,42281,515827,79358,435290,436365,42281,3184750,38208,337929,223151,165730,137720,124702,0,0,0
670,17946558795283661761,114349,115424,23120,140933,21682,104617,105692,21026,1910462,18157,187474,111382,73837,54672,45522,0,0,0
671,15513656550250135436,349343,350418,40301,430833,66282,238373,239448,40283,3064913,37962,318874,207050,151315,123356,110457,0,0,0
672,11595001968502660751,416374,417449,41532,519467,79918,325589,326664,41532,3102447,38194,325641,217701,163525,136788,123936,0,0,0
673,8119812360879151612,442075,443150,41399,488878,75212,377115,378190,41399,3194828,38164,333869,218882,162267,133726,120512,0,0,0
674,578583857471299202,550197,551272,42525,535600,82400,535119,536194,42525,3148692,38204,337378,224996,168445,139895,126836,0,0,0
675,2104722919515244370,449523,450598,41710,501176,77104,383839,384914,41710,3175071,38130,331128,219305,162792,134805,121902,0,0,0
676,18066470779128890983,267070,268145,39060,445692,68568,161234,162309,38722,3154940,37666,322556,210299,154271,126125,113082,0,0,0
677,13342392515164786136,319772,320847,40069,438100,67400,198109,199184,39964,3128812,38094,320640,208243,152867,125570,112518,0,0,0
678,9489402996867759569,509821,510896,42556,531661,81794,465871,466946,42556,3187317,38196,335599,223995,167486,139479,126222,0,0,0
679,4507247751149639448,368433,369508,41039,480155,73870,253788,254863,41039,3085666,38114,328161,215699,159528,132441,119118,0,0,0
680,14325695927051278904,281719,282794,40057,413959,63686,174591,175666,39796,3005318,37702,314786,203866,148587,120977,107777,0,0,0
681,4549627462358699105,88806,89880,30529,211731,32574,45119,46181,27803,2732361,29924,268830,161526,108588,81890,69040,0,0,0
682,13773308950712907785,419722,420797,41256,497172,76488,327114,328189,41256,3180460,38190,333628,220090,163044,135114,121814,0,0,0
683,8627805959236296805,72746,73821,28519,194116,29864,43071,44136,25284,2561441,27681,255615,153040,101812,75999,63906,0,0,0
684,14783932466914455596,299744,300819,40383,441896,67984,175856,176931,40383,3122683,38016,326579,211700,154564,125998,112667,0,0,0
685,7063362618360469997,523934,525009,42734,538642,82868,496131,497206,42734,3132502,38196,329813,221272,167265,140603,127733,0,0,0
686,15496269756699131943,295344,296419,40233,398216,61264,196649,197724,40195,3028028,37892,312610,201669,146457,118668,105340,0,0,0
687,17462328991042244135,386604,387679,41286,478114,73556,281777,282852,41269,3086658,38166,325074,214359,159141,131575,118362,0,0,0
688,9088773184934319842,160731,161806,34539,275860,42440,88577,89652,31890,2792366,35176,280194,174178,121344,95641,82712,0,0,0
689,11362115854441008537,445763,446838,40744,477061,73394,387064,388139,40728,3216361,38096,327070,215000,159252,131658,118606,0,0,0
690,4447914125261390177,399695,400770,40676,455143,70022,312646,313721,40676,2973554,38028,312110,204960,152255,126447,113491,0,0,0
691,2208441132032707222,23495,24569,17228,69316,10664,14772,15846,15377,1371559,11166,132279,76070,48048,33832,27395,0,0,0
692,4773286599351137724,558089,559164,42817,538265,82810,542608,543683,42817,3204783,38208,336371,224602,168530,141008,128154,0,0,0
693,18431393787147755480,190694,191769,37075,349492,53768,103109,104184,35759,3002896,36811,304881,193533,137952,110068,97206,0,0,0
694,15712940082949541157,370823,371898,38716,378482,58228,286396,287471,38300,2985928,37828,307048,196865,142508,115046,102182,0,0,0
695,5047057608239110481,541065,542140,42646,547001,84154,514134,515209,42646,3143116,38208,339957,227470,170946,142650,129498,0,0,0
696,3810085516931865123,494082,495157,42048,515944,79376,443132,444207,42048,3194538,38204,336381,222964,166105,138096,124249,0,0,0
697,17197911180461037765,514414,515489,42458,536562,82548,469632,470707,42458,3113632,38206,330934,221887,166643,139965,126986,0,0,0
698,16390120351940928361,274058,275133,39726,451568,69472,186693,187768,39561,3100023,38056,319141,208758,153657,126837,113979,0,0,0
699,414284693792585915,345854,346929,39882,465114,71556,243692,244767,39849,2993883,37930,314076,207630,154996,128443,115660,0,0,0
700,16760288997976466747,140945,142020,29341,209352,32208,62713,63788,25313,2532880,29147,251563,152193,102494,78522,66144,0,0,0
701,2019704859519031519,438517,439592,41020,477074,73396,367717,368792,41020,3128595,38190,322920,212761,157830,131192,118255,0,0,0
702,11139517963610938150,460986,462061,41422,515801,79354,392389,393464,41422,3134342,38204,328060,218577,163338,136558,123790,0,0,0
703,16223597924637594094,52577,53652,23861,117117,18018,27997,29061,21697,1942816,17798,188055,110139,71118,51646,42130,0,0,0
704,11966477985968963134,202055,203130,39444,384397,59138,106286,107361,39214,3004739,37520,313054,200459,144157,116177,103076,0,0,0
705,6896261019369160036,487243,488318,42354,527059,81086,416902,417977,42354,3218467,38208,330941,220636,165152,138029,125118,0,0,0
706,2194147068444674916,452943,454018,41703,510120,78480,378173,379248,41703,3109731,38208,327395,217976,163487,135831,122920,0,0,0
707,4888443503762510802,351204,352279,40787,473772,72888,258597,259672,40769,3204601,38060,333857,218255,160543,131667,118556,0,0,0
708,8052378887538880508,465090,466165,42305,533624,82096,396147,397222,42305,3201173,38156,335456,223430,167615,139698,126484,0,0,0
709,17691340971513970012,482403,483478,41808,487331,74974,437493,438568,41808,3288169,38204,330950,217238,161088,133373,120314,0,0,0
710,17103961784338573818,448297,449372,41731,494923,76142,375498,376573,41731,3074765,38178,322699,214499,160478,133362,120552,0,0,0
711,15202669987084571639,460202,461277,42181,525694,80876,400296,401371,42181,3149236,38206,331980,221253,166004,139156,126218,0,0,0
712,5953990809327483914,400872,401947,40410,425581,65474,308690,309765,40410,3089170,38006,316880,206067,150706,123035,110148,0,0,0
713,17855951411332076899,453284,454359,41905,509639,78406,381961,383036,41905,3193089,38180,330373,219211,163656,136364,123255,0,0,0
714,9184047310697356165,497673,498748,42509,537732,82728,446793,447868,42509,3179583,38190,335298,224123,168238,140524,127587,0,0,0
715,13544892148617025026,548324,549399,42741,532961,81994,528782,529857,42741,3247158,38206,337293,224183,168219,139928,126869,0,0,0
716,12779733721289212576,179565,180640,35413,332748,51192,85049,86124,33764,2956804,36534,303230,190704,134654,107173,94043,0,0,0
717,14633293032831433389,491594,492669,41556,517010,79540,447666,448741,41556,3080995,38204,331308,219959,164647,136679,123568,0,0,0
718,9229854299135121587,468431,469506,41765,511420,78680,410345,411420,41765,3184501,38202,330432,218757,163148,136025,123114,0,0,0
719,11736205866905026319,200082,201157,37299,345930,53220,114326,115401,35949,2950119,36673,298993,190048,135643,108750,95912,0,0,0
720,7749556930614768223,516955,518030,42340,527579,81166,484750,485825,42340,3174031,38204,339494,225490,167793,140139,126506,0,0,0
721,1322249714398968656,679121,1202358,42493,532740,81960,679121,1172205,42493,3245234,38196,340950,226668,169289,140700,127790,0,0,0
722,11338016266857222091,484212,485287,42135,520598,80092,436298,437373,42135,3255849,38196,337036,223206,166646,138403,125424,0,0,0
723,13354510800715437407,8986,10022,13592,27430,4220,6108,7128,11096,769835,5031,70376,39336,23798,15977,12112,0,0,0
724,10641301294737041240,43658,44725,24292,115401,17754,24902,25969,22508,1979899,17553,184160,107987,69693,50320,40872,0,0,0
725,3402503405738243120,426724,427799,41342,482729,74266,349971,351046,41342,3177430,38120,327647,215477,160214,131954,119054,0,0,0
726,12681844524473137276,375579,376654,41601,494247,76038,259549,260624,41601,3144125,38164,326263,215695,160404,133370,120434,0,0,0
727,16874051204606451211,397564,398639,40709,477100,73400,300390,301465,40709,3176529,38202,325551,214438,158973,131611,118271,0,0,0
728,59797061696096951,501898,502973,42101,516646,79484,462695,463770,42101,3168236,38192,328862,218992,164311,136305,123500,0,0,0
729,4994989261052180492,437247,438322,41826,509392,78368,368839,369914,41826,3148927,38176,334109,220555,164418,136986,124176,0,0,0
730,8674437369330605328,389317,390392,41483,505271,77734,304202,305277,41483,3087469,38108,320443,213212,160018,133601,121665,0,0,0
731,10323825452136550544,404345,405420,41335,482560,74240,327533,328608,41335,3129419,38132,326248,214851,159694,131754,119039,0,0,0
732,17795717853289239040,357160,358235,40736,468598,72092,258504,259579,40736,3123713,37877,320294,211341,156302,129257,116200,0,0,0
733,1483468292785639481,372857,373932,41069,481910,74140,263258,264333,41069,3099677,38186,322505,213389,158716,131666,118557,0,0,0
734,9801838805084428213,432569,433644,40584,448461,68994,366557,367632,40584,3161907,38122,323451,210911,154550,126599,113348,0,0,0
735,15581019411513005347,520291,521366,42401,517478,79612,492011,493086,42401,3183564,38204,336592,223303,166036,138118,124485,0,0,0
736,10654387894964854132,520497,521572,42528,527241,81114,476194,477269,42528,3162500,38206,340478,225389,168003,139715,126456,0,0,0
737,8771142779764509883,476730,477805,41538,508508,78232,419162,420237,41538,3152932,38204,334109,220168,163694,135727,122668,0,0,0
738,12788830630933417344,207,207,4157,0,0,207,207,4157,0,0,0,0,0,0,0,0,0,0
739,10822491647574253858,470013,471088,42012,526760,81040,410988,412063,42012,3176444,38206,330206,220387,165852,138894,125915,0,0,0
740,12071451757757128827,503749,504824,42472,531414,81756,452332,453407,42472,3204442,38202,336657,223761,167317,139698,126627,0,0,0
741,3234914246405969382,363323,364398,39776,413244,63576,258920,259995,39744,3037897,38140,312254,203032,148226,121162,108364,0,0,0
742,17353871685385011834,424213,425288,41206,479869,73826,345006,346081,41206,3149127,38158,326173,214776,158837,131712,118653,0,0,0
743,10284001469478647888,498550,499625,41989,516269,79426,453503,454578,41989,3211005,38208,334941,221816,165372,137362,124303,0,0,0
744,3584243757236677370,353552,354627,40105,428389,65906,260841,261916,40071,3155051,37936,324993,209788,153356,124457,110944,0,0,0
745,1683543872317802967,396124,397199,41507,488371,75134,297190,298265,41507,3150346,38190,336318,220318,162416,133836,120458,0,0,0
746,8119391169943428274,387489,388564,39152,450684,69336,306801,307876,38981,3169307,38058,323384,210775,154213,126834,113860,0,0,0
747,4699563315582228049,445601,446676,42152,497809,76586,372208,373283,42152,3164248,38206,333227,218958,162315,134741,121928,0,0,0
748,2650793684075026015,565044,566119,42898,531947,81838,554401,555476,42898,3202590,38208,335116,223845,167993,140334,127182,0,0,0
749,15078780034518663149,543019,544094,42410,526292,80968,526355,527430,42410,3126998,38208,333826,222247,167015,138467,125408,0,0,0
750,9516802369170204719,271061,272136,39937,397540,61160,162505,163580,39887,3009063,36582,316295,203063,146641,118236,105278,0,0,0
751,9857849601728017366,130969,132044,35621,293540,45160,68422,69497,33825,2796869,35706,295043,183939,128811,100166,87353,0,0,0
752,3655718873919174225,75798,76873,25203,152373,23442,38413,39488,23845,2385827,23208,233068,137183,89373,65694,53728,0,0,0
753,3498152470363394420,206359,207434,36999,333918,51372,108919,109994,35681,2956262,37236,304987,191835,136280,108749,95690,0,0,0
754,4142373120935482839,310883,311958,39269,476697,73338,194283,195358,39217,3120893,38120,326924,215196,159139,131142,117628,0,0,0
755,11386361933896381372,502898,503973,42331,535574,82396,464149,465224,42331,3199703,38196,338158,225322,168660,140073,127261,0,0,0
756,8443758103164304602,116917,117992,31172,196742,30268,59610,60685,27417,2587036,28480,260804,156284,103601,77159,64444,0,0,0
757,8219537104832655677,408951,410026,40179,439699,67646,314813,315888,40179,3108073,38182,317698,207439,152156,125037,112060,0,0,0
758,11837429995650670492,477587,478662,42274,531960,81840,416676,417751,42274,3209115,38198,338366,224819,168230,139943,127174,0,0,0
759,12962131736601260561,102260,103335,30514,232921,35834,51328,52401,26905,2739010,31480,270579,164614,111576,85315,72633,0,0,0
760,3566009117996637487,513043,514118,42233,517413,79602,481150,482225,42233,3061795,38198,329421,219787,164950,137280,124469,0,0,0
761,11429285199178719925,447589,448664,41605,493987,75998,382584,383659,41605,3154456,38202,327222,216261,161145,133490,120432,0,0,0
762,1774941666361266870,155105,156180,34832,298818,45972,77614,78689,32629,2833847,35998,291387,182257,128220,101195,88443,0,0,0
763,17896800419444015272,433602,434677,41567,498303,76662,345412,346487,41567,3154697,38176,327762,216967,161169,134287,121070,0,0,0
764,14838459320748198494,452999,454074,41980,516620,79480,389332,390407,41980,3211814,38204,340035,224754,167094,138586,124820,0,0,0
765,7241118836352957487,4956,5726,20631,12272,1888,3118,3761,18752,420124,2342,37992,20953,12361,8047,5943,0,0,0
766,3180776867860607969,459003,460078,42141,515164,79256,377654,378729,42141,3182747,38208,334697,221569,165617,137659,124600,0,0,0
767,16459822930520107018,372318,373393,41486,492258,75732,277196,278271,41454,3055341,38130,323283,214561,160272,132898,120046,0,0,0
768,368413103938873723,570192,571267,42862,538135,82790,556489,557564,42862,3073941,38208,333414,222938,167849,140578,127667,0,0,0
769,7387674628622485179,467717,468792,41937,522080,80320,400503,401578,41937,3214114,38170,332789,221009,165207,138372,125158,0,0,0
770,4552233550283288364,506320,507395,42276,528554,81316,468980,470055,42276,3170471,38208,331310,221566,166132,138610,125756,0,0,0
771,10230036322838366769,264921,265996,38137,390598,60092,145883,146958,37586,3042252,37489,312505,200487,145175,117246,103923,0,0,0
772,17568047770432397041,425521,426596,41179,476398,73292,358099,359174,41179,3173052,38180,326456,215288,158940,131290,118141,0,0,0
773,8487381258365441485,471072,472147,41615,464373,71442,417446,418521,41615,3086794,38174,319178,209503,155453,128612,116285,0,0,0
774,12002854015431648748,305936,307011,38546,357877,55058,188360,189435,38392,2962668,38001,301635,193041,138763,112582,99654,0,0,0
775,17677776718261518007,469140,470215,41737,486902,74908,409687,410762,41737,3181020,38086,332232,218020,161104,132865,120129,0,0,0
776,18386159295333708937,154610,155685,34808,278915,42910,71728,72803,31421,2792845,35215,287153,178309,124092,96678,83988,0,0,0
777,4341141527874333841,274244,275319,40471,436371,67134,158634,159709,40455,2999010,37295,314670,205438,151258,123333,110632,0,0,0
778,12041586216734902521,503010,504085,42140,516477,79458,464472,465547,42140,3116071,38200,339051,224689,166236,137648,124794,0,0,0
779,12091280701665719598,345385,346460,39838,429117,66018,243941,245016,39750,3032599,37892,316239,205135,150234,123036,110078,0,0,0
780,5747063561846634627,317787,318862,40883,452361,69594,208292,209367,40867,3062122,37502,318822,208449,153304,125683,112898,0,0,0
781,13659019480788384581,404546,405621,41935,492271,75734,314597,315672,41935,3153837,38016,335790,220159,162222,133745,120886,0,0,0
782,17341197987695479059,9586,10637,11931,31590,4860,7432,8480,10741,846982,5711,78944,44120,26929,17974,13886,0,0,0
783,1971492685913915853,30478,31536,18359,79183,12182,17800,18858,15802,1465025,12428,141121,81530,52001,36798,29673,0,0,0
784,12990264759546356782,6570,7483,14556,18460,2840,4859,5702,13011,571452,3380,52706,29150,17365,11558,8556,0,0,0
785,1407034803039058523,182662,183737,32851,264836,40744,104990,106065,30450,2871441,33827,284331,174952,120003,93579,80319,0,0,0
786,17901577062350509317,496858,497933,42153,524550,80700,451898,452973,42153,3219231,38208,335557,223193,167243,138958,125577,0,0,0
787,14908308133424987909,463330,464405,41705,488579,75166,403541,404616,41705,3199849,38188,335620,220205,162288,133705,120490,0,0,0
788,11366450769460786544,547878,548953,42629,534586,82244,531358,532433,42629,3262689,38202,340209,225624,168574,140819,128080,0,0,0
789,11971815552029434115,434115,435190,40911,467181,71874,358952,360027,40911,3104665,38184,323087,211666,157047,129662,116727,0,0,0
790,4383325361708959176,388777,389852,41535,503867,77518,297919,298994,41535,3118618,38178,331588,219095,163325,135571,122832,0,0,0
791,18363733528407095931,118546,119621,33578,242372,37288,67829,68904,30816,2760429,33352,276179,169174,115556,88774,76085,0,0,0
792,10002861733785003672,172912,173987,36514,302692,46568,88013,89088,34988,2947304,37252,292579,183386,128514,101791,89142,0,0,0
793,403711196683579954,12644,13696,14757,38545,5930,8981,10033,12935,988870,6772,91027,51102,31515,21267,16660,0,0,0
794,1222773764376697482,491249,492324,42136,517374,79596,449672,450747,42136,3201563,38202,331129,219882,164644,137524,124467,0,0,0
795,14894244315246357671,114996,116071,31740,254280,39120,62612,63687,29151,2835216,32073,274747,169301,116157,89585,76896,0,0,0
796,9551010347952717070,451898,452973,41996,523250,80500,378597,379672,41996,3128936,38184,334048,221753,165739,137781,124915,0,0,0
797,11518686151825928075,506481,507556,42241,525668,80872,470735,471810,42241,3223293,38202,337799,223789,167061,138854,125743,0,0,0
798,18169216822466057707,184907,185982,33992,260975,40150,92196,93271,30875,2750421,32921,275922,170437,118059,91918,79544,0,0,0
799,17509253598807826051,477322,478397,42207,501800,77200,406320,407395,42207,3128948,38182,325412,216069,161455,134420,121206,0,0,0
800,207223875412327326,481344,482419,42218,526097,80938,440157,441232,42218,3246035,38194,341559,226327,168236,139648,126268,0,0,0
801,10411526384303269376,11981,13034,14567,33202,5108,8391,9436,12452,902503,5837,84879,47274,28544,19236,14509,0,0,0
802,5301745987430737095,509256,510331,41852,505258,77732,472395,473470,41852,3180818,38208,329625,218411,163138,135422,122609,0,0,0
803,5978770521789078293,391440,392515,41150,459940,70760,289881,290956,41150,3060800,38074,317842,209023,155254,127812,115065,0,0,0
804,9728400486518285695,370951,372026,40117,436228,67112,262368,263443,40082,3061384,38126,321571,209161,153197,124668,111867,0,0,0
805,12917981941722151755,533784,534859,42624,543621,83634,511971,513046,42624,3264901,38206,339701,226397,170066,142028,128509,0,0,0
806,16932523169649586864,413012,414087,41101,476983,73382,336683,337758,41101,3172295,38138,327577,216004,159519,131239,118189,0,0,0
807,15706837575289627978,138636,139711,32754,231933,35682,66133,67208,28893,2715452,32646,261943,160910,110725,85458,72906,0,0,0
808,15298385790794028158,178045,179120,35127,311714,47956,98333,99408,33889,2894300,36171,295614,185348,130193,103151,90320,0,0,0
809,10769344395154416677,465635,466710,42398,524602,80708,389784,390859,42398,3176951,38158,327512,218521,164426,137554,124690,0,0,0
810,10489087642773762585,107203,108278,29418,179842,27668,57001,58076,26212,2505721,26553,247485,147387,97157,72385,60121,0,0,0
811,17446287876639459340,538395,539470,42448,520949,80146,514841,515916,42448,3174956,38196,338992,223959,166721,139108,125478,0,0,0
812,6024001205846443217,22462,23537,15533,48737,7498,13731,14793,13023,1132578,8250,107421,60956,37755,25673,20087,0,0,0
813,11303469930602444238,460166,461241,41482,491452,75608,406929,408004,41482,3130305,38208,326832,216107,160436,132723,120048,0,0,0
814,7128518023723225507,233365,234440,37064,342745,52730,127921,128996,36399,2975688,37317,311352,196458,139255,110570,97448,0,0,0
815,16983929887599104962,424394,425469,42053,516646,79484,343152,344227,42053,3090052,38194,332644,220960,165430,137722,124814,0,0,0
816,2966305349566322695,541902,542977,42611,535769,82426,521748,522823,42611,3106293,38198,327718,219597,165875,139625,126856,0,0,0
817,17315387029656839232,361214,362289,40443,481364,74056,267253,268328,40407,3183275,37953,326967,215259,158832,131193,118186,0,0,0
818,6063104702392433395,122430,123497,35049,312195,48030,63780,64847,32785,2913469,36290,293360,184301,130032,102678,89957,0,0,0
819,2168894197117544045,388376,389451,41180,499044,76776,303118,304193,41180,3104651,38166,330872,218367,162588,134986,121611,0,0,0
820,13166810294868532217,492705,493780,42256,512707,78878,452653,453728,42256,3263646,38204,337160,222578,165315,137599,124218,0,0,0
821,7154515070292256585,478328,479403,41931,486707,74878,427616,428691,41931,3184259,38208,328417,216627,160320,132837,119318,0,0,0
822,12951147799802289705,232444,233519,40563,423150,65100,126520,127595,40563,3065639,37716,321261,207780,151550,123481,110444,0,0,0
823,3015744000105577195,493230,494305,42283,536081,82474,442348,443423,42283,3098489,38204,323813,217661,164883,138590,126502,0,0,0
824,3200219573612197833,459247,460322,41914,527020,81080,393671,394746,41914,3210917,38208,338944,224929,167641,139683,126424,0,0,0
825,13591824910804554527,364157,365232,40228,473447,72838,278398,279473,40210,3164356,38074,326804,214435,158827,131116,118018,0,0,0
826,3339416729962887014,479467,480542,40545,460330,70820,452847,453922,40474,3098474,37728,325423,212271,155975,128115,115170,0,0,0
827,12164848042940949902,450430,451505,41774,502658,77332,387876,388951,41774,3130112,38196,328427,217439,162338,135533,122664,0,0,0
828,335404788479088392,467589,468664,41869,515515,79310,413787,414862,41869,3144841,38206,327862,218707,163144,136618,123748,0,0,0
829,13603472540772416096,305130,306205,38791,414973,63842,186374,187449,38532,3086462,37874,318551,205303,149192,121296,107843,0,0,0
830,17071705075626909005,407082,408157,41343,481520,74080,318945,320020,41343,3178173,38073,326783,214894,159429,131798,118821,0,0,0
831,18341829242763824071,523404,524479,42532,524420,80680,490691,491766,42532,3187250,38208,332190,221123,165794,138272,125120,0,0,0
832,11863214575400528271,385764,386839,40372,468117,72018,281883,282958,40372,3125501,38044,327327,214670,158689,130708,117694,0,0,0
833,14506332774470416811,559506,560581,42769,535340,82360,543191,544266,42769,3183580,38204,337006,224369,167861,140177,126796,0,0,0
834,16341460276570440754,415935,417010,41761,512993,78922,324673,325748,41761,3119626,38190,326977,217643,163190,136153,123344,0,0,0
835,11891630108198771782,272142,273217,39138,394810,60740,172353,173428,38874,3037015,37872,315551,202945,147111,118900,106073,0,0,0
836,3237365898895304903,21053,22125,18770,65897,10138,13423,14487,16162,1375897,10647,133245,76141,47026,32763,26347,0,0,0
837,8086558773091539912,435505,436580,41467,485875,74750,358621,359696,41467,3157435,38180,322317,213499,158826,132026,119161,0,0,0
838,10431314773469200888,388479,389554,41282,493675,75950,282639,283714,41265,3156941,38156,334579,219694,162976,134067,121214,0,0,0
839,5461541220844599963,47695,48770,23818,115544,17776,29481,30556,22187,2005276,17541,189708,110436,71313,51692,41859,0,0,0
840,4539211007863776794,243355,244430,39207,403234,62036,143502,144577,38920,3095173,37798,317423,203969,148294,119819,106719,0,0,0
841,15703221057569399048,461012,462087,41648,513266,78964,387581,388656,41648,3141463,38194,329714,218843,163944,136328,123390,0,0,0
842,12772105613499943886,162384,163459,37947,362505,55770,86270,87345,37241,2853882,36125,293977,188679,136088,110223,97452,0,0,0
843,7478921013899394029,410841,411916,41603,500981,77074,325444,326519,41603,3183731,38174,335425,221114,163800,135254,122384,0,0,0
844,1387853742344384276,299880,300955,39178,443911,68294,183719,184794,38922,3138791,38102,322706,210875,154346,126124,112873,0,0,0
845,17176422432421311470,384767,385842,41239,476944,73376,284742,285817,41239,3163717,38170,324493,213818,158493,131653,118681,0,0,0
846,1093245606580494778,354657,355732,40415,459719,70726,256346,257421,40415,3103329,38178,330947,215657,158711,129842,116040,0,0,0
847,9546628066256525176,434880,435955,41256,492011,75694,356423,357498,41256,3102926,38188,327757,216184,161031,133278,120551,0,0,0
848,2742271570923014706,285866,286941,38571,392535,60390,181810,182885,37942,3089682,37739,313817,201479,145680,117764,104521,0,0,0
849,1911302707690250453,472681,473756,41503,476580,73320,420119,421194,41503,3095892,38188,329845,216076,159151,130864,118177,0,0,0
850,9254027201414479952,137710,138785,35881,315887,48598,71660,72735,34862,2857892,36679,293924,185451,131227,104342,91629,0,0,0
851,1974917052749627494,458492,459567,41813,494845,76130,374982,376057,41813,3121055,38152,329718,218109,162217,133663,120514,0,0,0
852,14086352277056493489,514813,515888,42368,535015,82310,475849,476924,42368,3210906,38208,338532,224886,168629,140806,127654,0,0,0
853,15646807419831327753,318626,319701,39448,421395,64830,219137,220212,39216,3039712,38140,309404,201709,148487,121052,108222,0,0,0
854,8081510305507105706,439431,440506,41748,512811,78894,360388,361463,41748,3209933,38124,340801,224797,167263,138448,124652,0,0,0
855,12048132759722743492,416511,417586,41791,492206,75724,323347,324422,41791,3137940,38138,324643,215252,160338,133502,120530,0,0,0
856,4956973257292986760,436070,437145,41509,508768,78272,357721,358796,41509,3189629,38190,333049,220279,164114,136107,123131,0,0,0
857,13997882618806339352,247645,248720,37982,352404,54216,140679,141754,37318,2964593,36307,310277,195940,139074,110667,97726,0,0,0
858,12143416357550260545,377007,378082,41466,465751,71654,286837,287912,41466,3045865,38204,318309,209311,155187,128488,115682,0,0,0
859,10810594063590991913,171602,172677,38767,384891,59214,87591,88666,38370,3027531,36777,310605,198936,143242,115679,102819,0,0,0
860,7091249316525756153,406394,407469,41284,504972,77688,313781,314856,41284,3173807,38128,327512,217664,162760,135022,122046,0,0,0
861,7050516824112570274,305018,306093,39967,431769,66426,206417,207492,39823,3173416,37658,321464,208297,152081,123972,111036,0,0,0
862,12870458458020793496,392742,393817,41169,463840,71360,278220,279295,41169,3135078,37706,318786,209903,155178,128124,115296,0,0,0
863,6681618435262431050,85269,86344,31941,221026,34004,42978,44053,27980,2679288,30243,269756,163336,109681,82898,70282,0,0,0
864,16292954604577266035,139985,141060,31555,254670,39180,78143,79218,29847,2782038,32259,275091,169234,116538,90726,78181,0,0,0
865,11225149710891549225,165984,167059,30907,207506,31924,89875,90940,27891,2609666,29725,261279,158238,106115,80182,67444,0,0,0
866,12909982695472119933,413703,414778,41523,498979,76766,333122,334197,41523,3129821,38082,326555,216046,161320,134047,121079,0,0,0
867,1824355995950365656,488516,489591,42101,506571,77934,439436,440511,42101,3124311,38196,334567,221683,164833,136245,123266,0,0,0
868,12722417601184379589,421440,422515,41160,465465,71610,321482,322557,41160,3139327,38146,328067,214680,157903,129943,116425,0,0,0
869,9173444546945668529,185752,186827,38022,361374,55596,103656,104731,37167,3003984,36876,301713,192883,138546,111161,98388,0,0,0
870,13147126539181644396,393278,394353,40881,448916,69064,311996,313071,40865,3091807,38035,327650,212931,155639,127075,114218,0,0,0
871,6117914263822206833,486917,487992,42098,526175,80950,431431,432506,42098,3081055,38204,326192,218449,164318,137832,124978,0,0,0
872,5119415470528343509,529149,530224,42360,527540,81160,495254,496329,42360,3140291,38206,331506,221486,165632,138364,125598,0,0,0
873,6035857067372384593,392429,393504,41091,479791,73814,290291,291366,41091,3166131,37980,326502,214827,159160,131591,118462,0,0,0
874,6025453860780451334,389893,390968,41678,489489,75306,304473,305548,41678,3178180,38146,329931,217459,161367,133730,120586,0,0,0
875,9235695028395943617,289403,290478,38228,374244,57576,189347,190422,37251,3023053,37778,313552,199855,143347,114841,102083,0,0,0
876,17458936654132995888,6198,7230,9155,23023,3542,3460,4449,6428,652265,4206,61613,34214,20586,13642,10298,0,0,0
877,3067939793805786422,474492,475567,41812,486824,74896,423051,424126,41812,3091931,38134,327179,215849,159929,132810,119699,0,0,0
878,1570647650545510525,285299,286374,39932,425581,65474,180407,181482,39881,3098219,37904,319393,207039,151718,123214,109994,0,0,0
879,8351938633430905331,449217,450292,42074,484523,74542,362307,363382,42074,3172072,38172,324420,213670,159362,132284,118945,0,0,0
880,586660345816922471,80174,81249,28575,205309,31586,41574,42639,25500,2484232,28064,253747,153453,102734,77576,65509,0,0,0
881,15982597674653340074,25833,26898,20168,87698,13492,17664,18728,18348,1676695,13861,158980,91417,57340,40754,32893,0,0,0
882,12406543860709392316,395357,396432,41323,503581,77474,294285,295360,41323,3125449,38114,325995,216065,161366,134719,121820,0,0,0
883,9548870204237849579,139889,140964,36070,289159,44486,72518,73593,33405,2943869,36412,296537,184345,127863,99856,86697,0,0,0
884,819186526971142001,807,807,16085,0,0,807,807,16085,0,0,0,0,0,0,0,0,0,0
885,11078591901260383531,205678,206753,38920,356824,54896,103225,104299,38400,3020439,36459,305559,194283,138763,110739,97993,0,0,0
886,16133609442430276820,514378,515453,41899,529061,81394,480639,481714,41899,3180465,38206,326811,218170,164653,138028,125832,0,0,0
887,15720111131539876179,432554,433629,41562,488579,75166,361040,362115,41546,3191457,38204,330621,217214,160972,133360,120021,0,0,0
888,16961465110013467693,487863,488938,42254,519480,79920,437177,438252,42254,3137100,38202,331954,221080,165382,137413,124354,0,0,0
889,2860029795416429160,324353,325428,39410,447772,68888,211916,212991,39249,3184704,38076,325804,211917,155545,127628,113964,0,0,0
890,3121048271294528752,431225,432300,41570,497692,76568,347389,348464,41570,3201852,38142,332284,219553,163184,134888,121377,0,0,0
891,13139612100910725474,478129,479204,42177,524849,80746,421029,422104,42177,3161261,38208,331126,220904,165827,138297,125186,0,0,0
892,6304220401174970694,431052,432127,41786,501579,77166,329791,330866,41786,3109097,38152,320387,212902,159385,133122,120409,0,0,0
893,13780322671589011639,430447,431522,41797,484757,74578,360319,361394,41797,3007008,38148,319881,211762,158460,131354,118550,0,0,0
894,2160693224176388824,419285,420360,40884,472589,72706,349118,350193,40884,3153761,38108,331028,216169,158936,131302,118443,0,0,0
895,17428518194213363879,515534,516609,42261,527527,81158,477214,478289,42261,3148061,38208,334313,222154,166738,139654,126502,0,0,0
896,12642635681560105603,489383,490458,41978,508430,78220,448753,449828,41978,3209132,38206,339740,223515,165965,137409,123562,0,0,0
897,3025665335478921102,498593,499668,42341,521807,80278,449273,450348,42341,3208244,38204,341588,225092,167686,139402,125151,0,0,0
898,7804365686505568311,426740,427815,41211,479765,73810,352135,353210,41211,3139767,38200,326872,215247,160223,131937,118679,0,0,0
899,14239639194400288927,438137,439212,41815,502203,77262,365240,366315,41815,3215481,38194,332748,219575,163119,135506,122125,0,0,0
900,17827534990866421231,429410,430485,41627,520065,80010,355428,356503,41627,3127712,38184,327709,219365,164437,137363,124426,0,0,0
901,4644923400655773523,134257,135332,33491,262951,40454,69309,70384,30966,2825371,34542,282199,174028,120234,93404,81080,0,0,0
902,12032382174141264649,260410,261485,39569,433407,66678,149170,150245,39447,3118715,37616,322111,208457,151866,124486,111294,0,0,0
903,12343466859260640425,406375,407450,41400,483483,74382,320610,321685,41400,3094075,38106,323060,213037,159199,131917,119156,0,0,0
904,14987389636046831489,436426,437501,41242,483899,74446,366050,367125,41242,3071118,37858,325394,215018,159985,132542,119439,0,0,0
905,15223012439598241706,468552,469627,42229,514423,79142,400561,401636,42229,3196403,38204,335366,222418,166049,137499,124482,0,0,0
906,14415805825542023475,374669,375744,38899,410917,63218,289507,290582,38829,3058425,37832,322591,207373,149910,121452,108143,0,0,0
907,11443867116056665369,552339,553414,42861,538629,82866,534137,535212,42861,3217302,38204,340305,226562,169606,141641,128704,0,0,0
908,17632327704928312704,501276,502351,42095,531323,81742,455173,456248,42095,3215870,38192,338887,225000,168728,140181,127070,0,0,0
909,8534924094455459347,427313,428388,41817,513994,79076,349422,350497,41817,3094701,38166,332990,220667,164791,137084,123909,0,0,0
910,9410816317972795642,86398,87472,26762,167336,25744,44603,45677,24432,2379510,24800,231666,137910,91443,68365,56928,0,0,0
911,16217274283627841721,282977,284052,38601,334490,51460,187638,188713,38261,2956159,37030,302743,191174,135975,107924,94954,0,0,0
912,15858927551925648135,149166,150241,35357,301353,46362,65866,66941,33505,2810488,35739,289035,180648,127456,100365,87819,0,0,0
913,14804295822318633698,469386,470461,42140,516386,79444,412694,413769,42140,3202722,38198,335348,221849,166166,138158,124778,0,0,0
914,3638468336400747654,474649,475724,42117,521326,80204,425326,426401,42117,3176209,38188,335528,222666,166755,138751,126025,0,0,0
915,33007219534549742,413911,414986,41312,499096,76784,312898,313973,41312,3144338,38158,330467,218208,162447,135137,122078,0,0,0
916,13393328812367195973,482211,483286,41990,511641,78714,417045,418120,41990,3091048,38184,323578,216046,162011,135529,122722,0,0,0
917,15444983754434254459,412064,413139,41508,509730,78420,316953,318028,41508,3106092,38204,322312,214893,162011,135793,122855,0,0,0
918,13359788713770306758,69379,70454,21773,115882,17828,34064,35139,19531,1938337,17285,186176,108912,70369,50347,41194,0,0,0
919,14574030825485194892,679121,1132397,41412,512148,78792,679121,1070413,41412,3145489,38188,328252,219055,163023,135909,123212,0,0,0
920,15050860306121759515,422804,423879,41205,483808,74432,330080,331155,41205,3061238,38114,322123,212859,158369,131507,118778,0,0,0
921,12464161397891326828,465460,466535,41585,510172,78488,403530,404605,41585,3178833,38186,331321,219576,163504,136724,123343,0,0,0
922,12221204699151809059,417147,418222,41024,471198,72492,321782,322857,41024,3092061,38162,326001,213777,158223,130473,117322,0,0,0
923,10318225610935314844,427961,429036,41402,494793,76122,346237,347312,41402,3168162,38190,326724,215800,160772,133653,120544,0,0,0
924,4428639800189357673,5194,6108,14901,14521,2234,3602,4399,13415,481735,2752,43393,24010,14274,9311,6981,0,0,0
925,5144111373624317237,432125,433200,41705,479180,73720,359855,360930,41705,3153133,38170,329480,216055,160041,132034,118559,0,0,0
926,881696984102133287,107179,108254,30835,228254,35116,59673,60748,28753,2809781,30973,274479,166319,112494,85832,72804,0,0,0
927,8769047683655770169,409104,410179,41447,485771,74734,321435,322510,41447,3160828,38090,327385,215919,159859,132543,119493,0,0,0
928,9280014168641761311,500693,501768,42195,525408,80832,452994,454069,42195,3242337,38174,339048,224730,168131,139550,126640,0,0,0
929,2817908750561472262,499389,500464,42425,528034,81236,454672,455747,42425,3137780,38158,336612,223366,167320,138777,125626,0,0,0
930,12692203770258257794,425948,427023,41018,507481,78074,337405,338480,41018,3147784,38180,327975,217382,161927,134890,122078,0,0,0
931,7843896489648206411,446779,447854,41363,509873,78442,372594,373669,41363,3103348,38160,326235,216976,163141,135147,122046,0,0,0
932,7190741869109978945,465416,466491,42278,530465,81610,394200,395275,42278,3142148,38200,332335,221904,166535,139308,126479,0,0,0
933,14027941549683130688,343629,344704,40963,471926,72604,225327,226402,40946,3103614,38194,323264,212489,157285,129809,117004,0,0,0
934,12386947397245285736,424305,425380,41254,487097,74938,334831,335906,41254,3132696,38192,335507,220163,162181,133898,120266,0,0,0
935,16512276486263820550,73726,74801,25172,139958,21532,42679,43754,23170,2157417,21412,214293,125913,82004,60093,49083,0,0,0
936,16066128716840610998,508831,509906,42221,533988,82152,474120,475195,42221,3175938,38208,334555,223331,167623,139967,127029,0,0,0
937,9186987379838798154,121051,122126,31431,208910,32140,62910,63985,29025,2686430,30719,266887,160945,108434,82456,69563,0,0,0
938,6382233114602488547,215122,216197,37058,375557,57778,126008,127083,36545,2953378,37404,310935,198728,142870,114551,101677,0,0,0
939,9376674436621102298,319518,320593,40297,425607,65478,191221,192296,40297,3133729,38008,316442,205220,149907,122842,109716,0,0,0
940,8639357954905343044,442611,443686,41192,485875,74750,362288,363363,41192,3079596,38178,322039,212958,158560,131965,119160,0,0,0
941,5758889414429521247,494091,495166,42194,491946,75684,436624,437699,42194,3110208,38190,329557,217028,160964,133256,120106,0,0,0
942,5761491387304518049,478276,479351,42120,520741,80114,413059,414134,42120,3146634,38192,330116,219608,164931,137595,124538,0,0,0
943,12948889631491074265,482684,483759,42181,518128,79712,428492,429567,42181,3195952,38180,329903,219755,164378,137341,124124,0,0,0
944,4147725322242491356,227758,228833,39936,472537,72698,120071,121146,39865,3064734,37932,328178,214824,158349,130178,117185,0,0,0
945,11312094387133577916,16355,17419,14348,50934,7836,10677,11731,11959,1144132,8627,108350,61351,37909,26342,21037,0,0,0
946,7992844475174703416,307070,308145,37647,371761,57194,237978,239053,36747,2990187,37475,307127,196625,141230,114277,101508,0,0,0
947,17895427854414492333,542226,543301,42357,528931,81374,523182,524257,42357,3181135,38206,339319,225205,168038,140325,127214,0,0,0
948,1449200003393710283,155948,157023,32906,239707,36878,76215,77290,29585,2760071,31799,274897,167705,114400,87804,75154,0,0,0
949,13725015926379416298,94507,95582,29037,200512,30848,53065,54131,26553,2592352,28905,260566,156981,104353,78332,66274,0,0,0
950,1469654067727455859,395126,396201,41447,493714,75956,293333,294408,41447,3151469,38040,329080,217096,161064,133111,120223,0,0,0
951,3929949434806635363,505219,506294,42431,534079,82166,461432,462507,42431,3141193,38208,332559,222173,167567,139812,127043,0,0,0
952,14397157316328165825,349756,350831,39769,433888,66752,219461,220536,39721,3110383,37793,324282,210065,153241,124482,111626,0,0,0
953,3510142027029283663,475237,476312,41933,520832,80128,423190,424265,41933,3163679,38202,338021,223790,166879,138673,124999,0,0,0
954,4649797841629447428,679121,1135863,41638,513552,79008,679121,1076609,41638,3186485,38196,334906,222259,165636,137090,123873,0,0,0
955,17748634015715082273,429276,430351,41634,493727,75958,358857,359932,41634,3126994,38124,327096,215899,161426,134090,120751,0,0,0
956,14639121185478754043,190189,191264,39165,386360,59440,105807,106882,38935,3156207,37666,313554,200514,144363,116568,103623,0,0,0
957,15919382364227160330,11104,12148,14947,36452,5608,7749,8772,12438,916624,6454,87152,48874,29791,20213,15639,0,0,0
958,18181668828228349576,20919,21992,18577,63375,9750,13885,14949,15944,1297901,10195,123996,71085,44285,30700,24738,0,0,0
959,14377401343422520076,517587,518662,42166,528762,81348,490002,491077,42166,3098004,38208,328304,219253,164848,138767,125788,0,0,0
960,14155872532346277413,12333,13402,13766,35230,5420,8638,9702,11962,942101,6204,88073,49301,29607,19799,15243,0,0,0
961,5959461604616140130,453980,455055,41757,507169,78026,380894,381969,41757,3070158,38146,336659,222739,165220,136675,123806,0,0,0
962,2046047193573558870,473319,474394,41772,492765,75810,411246,412321,41772,3191692,38180,330373,218002,162094,134142,121126,0,0,0
963,5931276483383760584,454757,455832,41704,519480,79920,379779,380854,41704,3208769,38182,330388,219213,165202,137828,124771,0,0,0
964,8124394227018223474,269844,270919,40332,452023,69542,159256,160331,40332,3044628,37824,320433,209744,153944,126773,114025,0,0,0
965,10666632955134362418,497772,498847,42490,534612,82248,455733,456808,42490,3227463,38206,335736,223606,168214,140501,127590,0,0,0
966,17105290614096238044,409687,410762,40241,452673,69642,328790,329865,40225,3112105,38138,325983,212340,155670,128017,114906,0,0,0
967,14359358007913784651,149830,150905,36486,285311,43894,84359,85434,35611,2855073,36183,290327,181059,125656,98519,85549,0,0,0
968,441301935205744375,204306,205381,37442,366015,56310,110142,111217,36902,2991441,37880,307373,196783,141297,114255,101050,0,0,0
969,16395604576354944453,302756,303831,35908,319696,49184,220920,221995,34227,3010617,36668,296712,186506,131864,104497,91607,0,0,0
970,14751086347287325816,386384,387459,40568,458679,70566,279981,281056,40568,3134853,37989,330645,215641,157877,129386,116185,0,0,0
971,380213440481842357,511852,512927,42334,540384,83136,469112,470187,42334,3223453,38208,334728,223239,167930,140594,127576,0,0,0
972,16763790251554587023,233707,234782,37478,375180,57720,137628,138703,36537,2977755,37273,303825,194166,140765,113652,100744,0,0,0
973,190634481015849819,50854,51929,22769,111605,17170,28308,29383,20731,1930626,17442,190091,110633,70353,50873,41331,0,0,0
974,17966808084223078927,452,452,9023,0,0,452,452,9023,0,0,0,0,0,0,0,0,0,0
975,15236498132611252281,322290,323365,40312,433108,66632,185802,186877,40213,3050324,37901,321228,208138,152099,124123,111081,0,0,0
976,15978370130556415390,374785,375860,40995,479531,73774,272095,273170,40979,3096120,37854,328406,215458,159672,131369,118268,0,0,0
977,1355510552624619471,206653,207728,34727,286286,44044,127718,128793,31956,2902460,35692,293294,182324,126559,98925,86049,0,0,0
978,17895014322726953311,435329,436404,41178,503321,77434,353849,354924,41178,3138628,38186,334546,220495,164096,135547,122289,0,0,0
979,17032771049320406914,406884,407959,41048,507468,78072,314547,315622,41048,3107330,38200,327589,217693,162832,135710,122941,0,0,0
980,8150701463541434313,238166,239241,38612,392782,60428,132384,133459,38208,3048275,37586,312195,199901,144439,117119,104307,0,0,0
981,781407323928228224,103809,104884,29379,165854,25516,50435,51510,25880,2304867,24514,230296,136773,89894,66836,55040,0,0,0
982,16892142449481979063,52294,53369,24025,131456,20224,26633,27708,22325,2107178,20008,207181,121203,78593,57157,46701,0,0,0
983,14909073759368398021,244977,246052,37329,394043,60622,149341,150416,36981,3028998,37232,311091,199909,144796,118011,104268,0,0,0
984,9639223067711183996,117,117,2205,0,0,117,117,2205,0,0,0,0,0,0,0,0,0,0
985,6778408469340756413,432921,433996,41648,483769,74426,354126,355201,41648,3129967,38036,326638,215108,159999,132066,119131,0,0,0
986,17347653453998991702,54353,55428,24563,136669,21026,32574,33648,22932,2244859,21638,219313,128723,83418,60070,48955,0,0,0
987,1380873368553787281,528754,529829,42287,525603,80862,499300,500375,42287,3221529,38208,335703,223263,166654,138998,125739,0,0,0
988,15964393514131018579,302762,303837,39636,440674,67796,201469,202544,39440,3061711,37896,316898,206852,151881,124613,111705,0,0,0
989,12868068291020798798,344918,345993,40165,445107,68478,244569,245644,40130,3030719,38186,316585,206897,152969,125593,112076,0,0,0
990,3145700376134957334,351863,352938,40460,464685,71490,257108,258183,40460,3083677,38065,315866,208499,154454,128180,115376,0,0,0
991,2168339023784907740,294695,295770,40478,459095,70630,183855,184930,40442,3100657,37598,324957,212364,155475,127604,114398,0,0,0
992,11345039990800078233,544633,545708,42717,532688,81952,526437,527512,42717,3260745,38204,337834,224527,167876,140303,126825,0,0,0
993,7549447224519894117,463962,465037,42012,512356,78824,384495,385570,42012,3105732,38200,326199,217348,163312,136234,123256,0,0,0
994,11959955526821834570,506967,508042,42164,531505,81770,466915,467990,42164,3117802,38206,327751,219964,165796,138274,125420,0,0,0
995,11646948064231910344,518112,519187,42367,527384,81136,491355,492430,42367,3247539,38192,335655,223264,167237,139482,126464,0,0,0
996,17164489135809728848,130111,131186,34078,287534,44236,65952,67027,32021,2801653,33824,283545,177131,123660,97067,84624,0,0,0
997,9481981546529627380,128993,130068,34820,346320,53280,75218,76292,33724,2996557,36352,306424,194226,137694,109674,95881,0,0,0
998,4391963086530865516,250499,251574,35900,325975,50150,183796,184871,34319,2765934,35731,285515,180630,128904,103642,90921,0,0,0
999,5989209742549240050,486025,487100,39283,466349,71746,449286,450361,38660,3119151,37671,326128,213743,157526,129336,116330,0,0,0
