yowasp-yosys: fetched 0% (0 / 53963000)
yowasp-yosys: fetched 20% (10618880 / 53963000)
yowasp-yosys: fetched 100% (53926307 / 53963000)
yowasp-yosys: fetched 100% (53960988 / 53963000)
yowasp-yosys: fetched 100% (53962370 / 53963000)
yowasp-yosys: fetched 100% (53963000 / 53963000)

 /----------------------------------------------------------------------------\
 |  yosys -- Yosys Open SYnthesis Suite                                       |
 |  Copyright (C) 2012 - 2026  Claire Xenia Wolf <claire@yosyshq.com>         |
 |  Distributed under an ISC-like license, type "license" to see terms        |
 \----------------------------------------------------------------------------/
 Yosys 0.64 (git sha1 ca8886890, ccache clang++  -O3 -fwasm-exceptions -mllvm) [yowasp/yosys at release]

-- Running command `read_verilog -sv cap_pdb_dual_port_compact_engine.sv; chparam -set K 64 -set ORDER 4 -set GROUPS 13 -set STATE_BITS 5 -set COST_W 16 -set ACC_W 24 -set SPLIT 48 cap_pdb_dual_port_compact_allocation_engine; hierarchy -top cap_pdb_dual_port_compact_allocation_engine; check -assert; synth_xilinx -family xc7 -top cap_pdb_dual_port_compact_allocation_engine; check -assert; stat' --

1. Executing Verilog-2005 frontend: cap_pdb_dual_port_compact_engine.sv
Parsing SystemVerilog input from `cap_pdb_dual_port_compact_engine.sv' to AST representation.
Generating RTLIL representation for module `\cap_pdb_dual_read_bank'.
Generating RTLIL representation for module `\cap_pdb_dual_port_compact_allocation_engine'.
Warning: Replacing memory \group_minimum with list of registers. See cap_pdb_dual_port_compact_engine.sv:195
Warning: Replacing memory \remaining with list of registers. See cap_pdb_dual_port_compact_engine.sv:194
Successfully finished Verilog frontend.
Parameter \K = 64
Parameter \ORDER = 4
Parameter \GROUPS = 13
Parameter \STATE_BITS = 5
Parameter \COST_W = 16
Parameter \ACC_W = 24
Parameter \SPLIT = 48

2. Executing AST frontend in derive mode using pre-parsed AST for module `\cap_pdb_dual_port_compact_allocation_engine'.
Parameter \K = 64
Parameter \ORDER = 4
Parameter \GROUPS = 13
Parameter \STATE_BITS = 5
Parameter \COST_W = 16
Parameter \ACC_W = 24
Parameter \SPLIT = 48
Generating RTLIL representation for module `$paramod$4ff354533a98bdc5ab423fb94a97b574554ab3cd\cap_pdb_dual_port_compact_allocation_engine'.
Warning: Replacing memory \group_minimum with list of registers. See cap_pdb_dual_port_compact_engine.sv:195
Warning: Replacing memory \remaining with list of registers. See cap_pdb_dual_port_compact_engine.sv:194

3. Executing HIERARCHY pass (managing design hierarchy).

3.1. Analyzing design hierarchy..
Top module:  \cap_pdb_dual_port_compact_allocation_engine
Used module:     \cap_pdb_dual_read_bank
Parameter \DEPTH = 10400
Parameter \ADDR_W = 14
Parameter \COST_W = 16

3.2. Executing AST frontend in derive mode using pre-parsed AST for module `\cap_pdb_dual_read_bank'.
Parameter \DEPTH = 10400
Parameter \ADDR_W = 14
Parameter \COST_W = 16
Generating RTLIL representation for module `$paramod$3c933f59fd04475806c89d43d681470cb4a1a28b\cap_pdb_dual_read_bank'.
Parameter \DEPTH = 10400
Parameter \ADDR_W = 14
Parameter \COST_W = 16
Found cached RTLIL representation for module `$paramod$3c933f59fd04475806c89d43d681470cb4a1a28b\cap_pdb_dual_read_bank'.
Parameter \DEPTH = 10400
Parameter \ADDR_W = 14
Parameter \COST_W = 16
Found cached RTLIL representation for module `$paramod$3c933f59fd04475806c89d43d681470cb4a1a28b\cap_pdb_dual_read_bank'.
Parameter \DEPTH = 10400
Parameter \ADDR_W = 14
Parameter \COST_W = 16
Found cached RTLIL representation for module `$paramod$3c933f59fd04475806c89d43d681470cb4a1a28b\cap_pdb_dual_read_bank'.
Parameter \DEPTH = 10400
Parameter \ADDR_W = 14
Parameter \COST_W = 16
Found cached RTLIL representation for module `$paramod$3c933f59fd04475806c89d43d681470cb4a1a28b\cap_pdb_dual_read_bank'.
Parameter \DEPTH = 10400
Parameter \ADDR_W = 14
Parameter \COST_W = 16
Found cached RTLIL representation for module `$paramod$3c933f59fd04475806c89d43d681470cb4a1a28b\cap_pdb_dual_read_bank'.
Parameter \DEPTH = 10400
Parameter \ADDR_W = 14
Parameter \COST_W = 16
Found cached RTLIL representation for module `$paramod$3c933f59fd04475806c89d43d681470cb4a1a28b\cap_pdb_dual_read_bank'.
Parameter \DEPTH = 10400
Parameter \ADDR_W = 14
Parameter \COST_W = 16
Found cached RTLIL representation for module `$paramod$3c933f59fd04475806c89d43d681470cb4a1a28b\cap_pdb_dual_read_bank'.
Parameter \DEPTH = 10400
Parameter \ADDR_W = 14
Parameter \COST_W = 16
Found cached RTLIL representation for module `$paramod$3c933f59fd04475806c89d43d681470cb4a1a28b\cap_pdb_dual_read_bank'.
Parameter \DEPTH = 10400
Parameter \ADDR_W = 14
Parameter \COST_W = 16
Found cached RTLIL representation for module `$paramod$3c933f59fd04475806c89d43d681470cb4a1a28b\cap_pdb_dual_read_bank'.
Parameter \DEPTH = 10400
Parameter \ADDR_W = 14
Parameter \COST_W = 16
Found cached RTLIL representation for module `$paramod$3c933f59fd04475806c89d43d681470cb4a1a28b\cap_pdb_dual_read_bank'.
Parameter \DEPTH = 10400
Parameter \ADDR_W = 14
Parameter \COST_W = 16
Found cached RTLIL representation for module `$paramod$3c933f59fd04475806c89d43d681470cb4a1a28b\cap_pdb_dual_read_bank'.
Parameter \DEPTH = 10400
Parameter \ADDR_W = 14
Parameter \COST_W = 16
Found cached RTLIL representation for module `$paramod$3c933f59fd04475806c89d43d681470cb4a1a28b\cap_pdb_dual_read_bank'.

3.3. Analyzing design hierarchy..
Top module:  \cap_pdb_dual_port_compact_allocation_engine
Used module:     $paramod$3c933f59fd04475806c89d43d681470cb4a1a28b\cap_pdb_dual_read_bank

3.4. Analyzing design hierarchy..
Top module:  \cap_pdb_dual_port_compact_allocation_engine
Used module:     $paramod$3c933f59fd04475806c89d43d681470cb4a1a28b\cap_pdb_dual_read_bank
Removing unused module `\cap_pdb_dual_read_bank'.
Removed 1 unused modules.

4. Executing CHECK pass (checking for obvious problems).
Checking module cap_pdb_dual_port_compact_allocation_engine...
Checking module $paramod$3c933f59fd04475806c89d43d681470cb4a1a28b\cap_pdb_dual_read_bank...
Found and reported 0 problems.

5. Executing SYNTH_XILINX pass.

5.1. Executing Verilog-2005 frontend: /share/xilinx/cells_sim.v
Parsing Verilog input from `/share/xilinx/cells_sim.v' to AST representation.
Generating RTLIL representation for module `\VCC'.
Generating RTLIL representation for module `\GND'.
Generating RTLIL representation for module `\IBUF'.
Generating RTLIL representation for module `\IBUFG'.
Generating RTLIL representation for module `\OBUF'.
Generating RTLIL representation for module `\IOBUF'.
Generating RTLIL representation for module `\OBUFT'.
Generating RTLIL representation for module `\BUFG'.
Generating RTLIL representation for module `\BUFGCTRL'.
Generating RTLIL representation for module `\BUFHCE'.
Generating RTLIL representation for module `\INV'.
Generating RTLIL representation for module `\LUT1'.
Generating RTLIL representation for module `\LUT2'.
Generating RTLIL representation for module `\LUT3'.
Generating RTLIL representation for module `\LUT4'.
Generating RTLIL representation for module `\LUT5'.
Generating RTLIL representation for module `\LUT6'.
Generating RTLIL representation for module `\LUT6_2'.
Generating RTLIL representation for module `\$__ABC9_LUT7'.
Generating RTLIL representation for module `\$__ABC9_LUT8'.
Generating RTLIL representation for module `\MUXCY'.
Generating RTLIL representation for module `\MUXF5'.
Generating RTLIL representation for module `\MUXF6'.
Generating RTLIL representation for module `\MUXF7'.
Generating RTLIL representation for module `\MUXF8'.
Generating RTLIL representation for module `\MUXF9'.
Generating RTLIL representation for module `\XORCY'.
Generating RTLIL representation for module `\CARRY4'.
Generating RTLIL representation for module `\CARRY8'.
Generating RTLIL representation for module `\ORCY'.
Generating RTLIL representation for module `\MULT_AND'.
Generating RTLIL representation for module `\FDRE'.
Generating RTLIL representation for module `\FDRE_1'.
Generating RTLIL representation for module `\FDSE'.
Generating RTLIL representation for module `\FDSE_1'.
Generating RTLIL representation for module `\FDRSE'.
Generating RTLIL representation for module `\FDRSE_1'.
Generating RTLIL representation for module `\FDCE'.
Generating RTLIL representation for module `\FDCE_1'.
Generating RTLIL representation for module `\FDPE'.
Generating RTLIL representation for module `\FDPE_1'.
Generating RTLIL representation for module `\FDCPE'.
Generating RTLIL representation for module `\FDCPE_1'.
Generating RTLIL representation for module `\LDCE'.
Generating RTLIL representation for module `\LDPE'.
Generating RTLIL representation for module `\LDCPE'.
Generating RTLIL representation for module `\AND2B1L'.
Generating RTLIL representation for module `\OR2L'.
Generating RTLIL representation for module `\RAM16X1S'.
Generating RTLIL representation for module `\RAM16X1S_1'.
Generating RTLIL representation for module `\RAM32X1S'.
Generating RTLIL representation for module `\RAM32X1S_1'.
Generating RTLIL representation for module `\RAM64X1S'.
Generating RTLIL representation for module `\RAM64X1S_1'.
Generating RTLIL representation for module `\RAM128X1S'.
Generating RTLIL representation for module `\RAM128X1S_1'.
Generating RTLIL representation for module `\RAM256X1S'.
Generating RTLIL representation for module `\RAM512X1S'.
Generating RTLIL representation for module `\RAM16X2S'.
Generating RTLIL representation for module `\RAM32X2S'.
Generating RTLIL representation for module `\RAM64X2S'.
Generating RTLIL representation for module `\RAM16X4S'.
Generating RTLIL representation for module `\RAM32X4S'.
Generating RTLIL representation for module `\RAM16X8S'.
Generating RTLIL representation for module `\RAM32X8S'.
Generating RTLIL representation for module `\RAM16X1D'.
Generating RTLIL representation for module `\RAM16X1D_1'.
Generating RTLIL representation for module `\RAM32X1D'.
Generating RTLIL representation for module `\RAM32X1D_1'.
Generating RTLIL representation for module `\RAM64X1D'.
Generating RTLIL representation for module `\RAM64X1D_1'.
Generating RTLIL representation for module `\RAM128X1D'.
Generating RTLIL representation for module `\RAM256X1D'.
Generating RTLIL representation for module `\RAM32M'.
Generating RTLIL representation for module `\RAM32M16'.
Generating RTLIL representation for module `\RAM64M'.
Generating RTLIL representation for module `\RAM64M8'.
Generating RTLIL representation for module `\RAM32X16DR8'.
Generating RTLIL representation for module `\RAM64X8SW'.
Generating RTLIL representation for module `\ROM16X1'.
Generating RTLIL representation for module `\ROM32X1'.
Generating RTLIL representation for module `\ROM64X1'.
Generating RTLIL representation for module `\ROM128X1'.
Generating RTLIL representation for module `\ROM256X1'.
Generating RTLIL representation for module `\SRL16'.
Generating RTLIL representation for module `\SRL16E'.
Generating RTLIL representation for module `\SRLC16'.
Generating RTLIL representation for module `\SRLC16E'.
Generating RTLIL representation for module `\SRLC32E'.
Generating RTLIL representation for module `\CFGLUT5'.
Generating RTLIL representation for module `\MULT18X18'.
Generating RTLIL representation for module `\MULT18X18S'.
Generating RTLIL representation for module `\MULT18X18SIO'.
Generating RTLIL representation for module `\DSP48A'.
Generating RTLIL representation for module `\DSP48A1'.
Generating RTLIL representation for module `\DSP48'.
Generating RTLIL representation for module `\DSP48E1'.
Generating RTLIL representation for module `\RAMB18E1'.
Generating RTLIL representation for module `\RAMB36E1'.
Successfully finished Verilog frontend.

5.2. Executing Verilog-2005 frontend: /share/xilinx/cells_xtra.v
Parsing Verilog input from `/share/xilinx/cells_xtra.v' to AST representation.
Generating RTLIL representation for module `\RAMB4_S1'.
Generating RTLIL representation for module `\RAMB4_S2'.
Generating RTLIL representation for module `\RAMB4_S4'.
Generating RTLIL representation for module `\RAMB4_S8'.
Generating RTLIL representation for module `\RAMB4_S16'.
Generating RTLIL representation for module `\RAMB4_S1_S1'.
Generating RTLIL representation for module `\RAMB4_S1_S2'.
Generating RTLIL representation for module `\RAMB4_S1_S4'.
Generating RTLIL representation for module `\RAMB4_S1_S8'.
Generating RTLIL representation for module `\RAMB4_S1_S16'.
Generating RTLIL representation for module `\RAMB4_S2_S2'.
Generating RTLIL representation for module `\RAMB4_S2_S4'.
Generating RTLIL representation for module `\RAMB4_S2_S8'.
Generating RTLIL representation for module `\RAMB4_S2_S16'.
Generating RTLIL representation for module `\RAMB4_S4_S4'.
Generating RTLIL representation for module `\RAMB4_S4_S8'.
Generating RTLIL representation for module `\RAMB4_S4_S16'.
Generating RTLIL representation for module `\RAMB4_S8_S8'.
Generating RTLIL representation for module `\RAMB4_S8_S16'.
Generating RTLIL representation for module `\RAMB4_S16_S16'.
Generating RTLIL representation for module `\RAMB16_S1'.
Generating RTLIL representation for module `\RAMB16_S2'.
Generating RTLIL representation for module `\RAMB16_S4'.
Generating RTLIL representation for module `\RAMB16_S9'.
Generating RTLIL representation for module `\RAMB16_S18'.
Generating RTLIL representation for module `\RAMB16_S36'.
Generating RTLIL representation for module `\RAMB16_S1_S1'.
Generating RTLIL representation for module `\RAMB16_S1_S2'.
Generating RTLIL representation for module `\RAMB16_S1_S4'.
Generating RTLIL representation for module `\RAMB16_S1_S9'.
Generating RTLIL representation for module `\RAMB16_S1_S18'.
Generating RTLIL representation for module `\RAMB16_S1_S36'.
Generating RTLIL representation for module `\RAMB16_S2_S2'.
Generating RTLIL representation for module `\RAMB16_S2_S4'.
Generating RTLIL representation for module `\RAMB16_S2_S9'.
Generating RTLIL representation for module `\RAMB16_S2_S18'.
Generating RTLIL representation for module `\RAMB16_S2_S36'.
Generating RTLIL representation for module `\RAMB16_S4_S4'.
Generating RTLIL representation for module `\RAMB16_S4_S9'.
Generating RTLIL representation for module `\RAMB16_S4_S18'.
Generating RTLIL representation for module `\RAMB16_S4_S36'.
Generating RTLIL representation for module `\RAMB16_S9_S9'.
Generating RTLIL representation for module `\RAMB16_S9_S18'.
Generating RTLIL representation for module `\RAMB16_S9_S36'.
Generating RTLIL representation for module `\RAMB16_S18_S18'.
Generating RTLIL representation for module `\RAMB16_S18_S36'.
Generating RTLIL representation for module `\RAMB16_S36_S36'.
Generating RTLIL representation for module `\RAMB16BWE_S18'.
Generating RTLIL representation for module `\RAMB16BWE_S36'.
Generating RTLIL representation for module `\RAMB16BWE_S18_S9'.
Generating RTLIL representation for module `\RAMB16BWE_S18_S18'.
Generating RTLIL representation for module `\RAMB16BWE_S36_S9'.
Generating RTLIL representation for module `\RAMB16BWE_S36_S18'.
Generating RTLIL representation for module `\RAMB16BWE_S36_S36'.
Generating RTLIL representation for module `\RAMB16BWER'.
Generating RTLIL representation for module `\RAMB8BWER'.
Generating RTLIL representation for module `\FIFO16'.
Generating RTLIL representation for module `\RAMB16'.
Generating RTLIL representation for module `\RAMB32_S64_ECC'.
Generating RTLIL representation for module `\FIFO18'.
Generating RTLIL representation for module `\FIFO18_36'.
Generating RTLIL representation for module `\FIFO36'.
Generating RTLIL representation for module `\FIFO36_72'.
Generating RTLIL representation for module `\RAMB18'.
Generating RTLIL representation for module `\RAMB36'.
Generating RTLIL representation for module `\RAMB18SDP'.
Generating RTLIL representation for module `\RAMB36SDP'.
Generating RTLIL representation for module `\FIFO18E1'.
Generating RTLIL representation for module `\FIFO36E1'.
Generating RTLIL representation for module `\FIFO18E2'.
Generating RTLIL representation for module `\FIFO36E2'.
Generating RTLIL representation for module `\RAMB18E2'.
Generating RTLIL representation for module `\RAMB36E2'.
Generating RTLIL representation for module `\URAM288'.
Generating RTLIL representation for module `\URAM288_BASE'.
Generating RTLIL representation for module `\DSP48E'.
Generating RTLIL representation for module `\DSP48E2'.
Generating RTLIL representation for module `\FDDRCPE'.
Generating RTLIL representation for module `\FDDRRSE'.
Generating RTLIL representation for module `\IFDDRCPE'.
Generating RTLIL representation for module `\IFDDRRSE'.
Generating RTLIL representation for module `\OFDDRCPE'.
Generating RTLIL representation for module `\OFDDRRSE'.
Generating RTLIL representation for module `\OFDDRTCPE'.
Generating RTLIL representation for module `\OFDDRTRSE'.
Generating RTLIL representation for module `\IDDR2'.
Generating RTLIL representation for module `\ODDR2'.
Generating RTLIL representation for module `\IDDR'.
Generating RTLIL representation for module `\IDDR_2CLK'.
Generating RTLIL representation for module `\ODDR'.
Generating RTLIL representation for module `\IDELAYCTRL'.
Generating RTLIL representation for module `\IDELAY'.
Generating RTLIL representation for module `\ISERDES'.
Generating RTLIL representation for module `\OSERDES'.
Generating RTLIL representation for module `\IODELAY'.
Generating RTLIL representation for module `\ISERDES_NODELAY'.
Generating RTLIL representation for module `\IODELAYE1'.
Generating RTLIL representation for module `\ISERDESE1'.
Generating RTLIL representation for module `\OSERDESE1'.
Generating RTLIL representation for module `\IDELAYE2'.
Generating RTLIL representation for module `\ODELAYE2'.
Generating RTLIL representation for module `\ISERDESE2'.
Generating RTLIL representation for module `\OSERDESE2'.
Generating RTLIL representation for module `\PHASER_IN'.
Generating RTLIL representation for module `\PHASER_IN_PHY'.
Generating RTLIL representation for module `\PHASER_OUT'.
Generating RTLIL representation for module `\PHASER_OUT_PHY'.
Generating RTLIL representation for module `\PHASER_REF'.
Generating RTLIL representation for module `\PHY_CONTROL'.
Generating RTLIL representation for module `\IDDRE1'.
Generating RTLIL representation for module `\ODDRE1'.
Generating RTLIL representation for module `\IDELAYE3'.
Generating RTLIL representation for module `\ODELAYE3'.
Generating RTLIL representation for module `\ISERDESE3'.
Generating RTLIL representation for module `\OSERDESE3'.
Generating RTLIL representation for module `\BITSLICE_CONTROL'.
Generating RTLIL representation for module `\RIU_OR'.
Generating RTLIL representation for module `\RX_BITSLICE'.
Generating RTLIL representation for module `\RXTX_BITSLICE'.
Generating RTLIL representation for module `\TX_BITSLICE'.
Generating RTLIL representation for module `\TX_BITSLICE_TRI'.
Generating RTLIL representation for module `\IODELAY2'.
Generating RTLIL representation for module `\IODRP2'.
Generating RTLIL representation for module `\IODRP2_MCB'.
Generating RTLIL representation for module `\ISERDES2'.
Generating RTLIL representation for module `\OSERDES2'.
Generating RTLIL representation for module `\IBUF_DLY_ADJ'.
Generating RTLIL representation for module `\IBUF_IBUFDISABLE'.
Generating RTLIL representation for module `\IBUF_INTERMDISABLE'.
Generating RTLIL representation for module `\IBUF_ANALOG'.
Generating RTLIL representation for module `\IBUFE3'.
Generating RTLIL representation for module `\IBUFDS'.
Generating RTLIL representation for module `\IBUFDS_DLY_ADJ'.
Generating RTLIL representation for module `\IBUFDS_IBUFDISABLE'.
Generating RTLIL representation for module `\IBUFDS_INTERMDISABLE'.
Generating RTLIL representation for module `\IBUFDS_DIFF_OUT'.
Generating RTLIL representation for module `\IBUFDS_DIFF_OUT_IBUFDISABLE'.
Generating RTLIL representation for module `\IBUFDS_DIFF_OUT_INTERMDISABLE'.
Generating RTLIL representation for module `\IBUFDSE3'.
Generating RTLIL representation for module `\IBUFDS_DPHY'.
Generating RTLIL representation for module `\IBUFGDS'.
Generating RTLIL representation for module `\IBUFGDS_DIFF_OUT'.
Generating RTLIL representation for module `\IOBUF_DCIEN'.
Generating RTLIL representation for module `\IOBUF_INTERMDISABLE'.
Generating RTLIL representation for module `\IOBUFE3'.
Generating RTLIL representation for module `\IOBUFDS'.
Generating RTLIL representation for module `\IOBUFDS_DCIEN'.
Generating RTLIL representation for module `\IOBUFDS_INTERMDISABLE'.
Generating RTLIL representation for module `\IOBUFDS_DIFF_OUT'.
Generating RTLIL representation for module `\IOBUFDS_DIFF_OUT_DCIEN'.
Generating RTLIL representation for module `\IOBUFDS_DIFF_OUT_INTERMDISABLE'.
Generating RTLIL representation for module `\IOBUFDSE3'.
Generating RTLIL representation for module `\OBUFDS'.
Generating RTLIL representation for module `\OBUFDS_DPHY'.
Generating RTLIL representation for module `\OBUFTDS'.
Generating RTLIL representation for module `\KEEPER'.
Generating RTLIL representation for module `\PULLDOWN'.
Generating RTLIL representation for module `\PULLUP'.
Generating RTLIL representation for module `\DCIRESET'.
Generating RTLIL representation for module `\HPIO_VREF'.
Generating RTLIL representation for module `\BUFGCE'.
Generating RTLIL representation for module `\BUFGCE_1'.
Generating RTLIL representation for module `\BUFGMUX'.
Generating RTLIL representation for module `\BUFGMUX_1'.
Generating RTLIL representation for module `\BUFGMUX_CTRL'.
Generating RTLIL representation for module `\BUFGMUX_VIRTEX4'.
Generating RTLIL representation for module `\BUFG_GT'.
Generating RTLIL representation for module `\BUFG_GT_SYNC'.
Generating RTLIL representation for module `\BUFG_PS'.
Generating RTLIL representation for module `\BUFGCE_DIV'.
Generating RTLIL representation for module `\BUFH'.
Generating RTLIL representation for module `\BUFIO2'.
Generating RTLIL representation for module `\BUFIO2_2CLK'.
Generating RTLIL representation for module `\BUFIO2FB'.
Generating RTLIL representation for module `\BUFPLL'.
Generating RTLIL representation for module `\BUFPLL_MCB'.
Generating RTLIL representation for module `\BUFIO'.
Generating RTLIL representation for module `\BUFIODQS'.
Generating RTLIL representation for module `\BUFR'.
Generating RTLIL representation for module `\BUFMR'.
Generating RTLIL representation for module `\BUFMRCE'.
Generating RTLIL representation for module `\DCM'.
Generating RTLIL representation for module `\DCM_SP'.
Generating RTLIL representation for module `\DCM_CLKGEN'.
Generating RTLIL representation for module `\DCM_ADV'.
Generating RTLIL representation for module `\DCM_BASE'.
Generating RTLIL representation for module `\DCM_PS'.
Generating RTLIL representation for module `\PMCD'.
Generating RTLIL representation for module `\PLL_ADV'.
Generating RTLIL representation for module `\PLL_BASE'.
Generating RTLIL representation for module `\MMCM_ADV'.
Generating RTLIL representation for module `\MMCM_BASE'.
Generating RTLIL representation for module `\MMCME2_ADV'.
Generating RTLIL representation for module `\MMCME2_BASE'.
Generating RTLIL representation for module `\PLLE2_ADV'.
Generating RTLIL representation for module `\PLLE2_BASE'.
Generating RTLIL representation for module `\MMCME3_ADV'.
Generating RTLIL representation for module `\MMCME3_BASE'.
Generating RTLIL representation for module `\PLLE3_ADV'.
Generating RTLIL representation for module `\PLLE3_BASE'.
Generating RTLIL representation for module `\MMCME4_ADV'.
Generating RTLIL representation for module `\MMCME4_BASE'.
Generating RTLIL representation for module `\PLLE4_ADV'.
Generating RTLIL representation for module `\PLLE4_BASE'.
Generating RTLIL representation for module `\BUFT'.
Generating RTLIL representation for module `\IN_FIFO'.
Generating RTLIL representation for module `\OUT_FIFO'.
Generating RTLIL representation for module `\HARD_SYNC'.
Generating RTLIL representation for module `\STARTUP_SPARTAN3'.
Generating RTLIL representation for module `\STARTUP_SPARTAN3E'.
Generating RTLIL representation for module `\STARTUP_SPARTAN3A'.
Generating RTLIL representation for module `\STARTUP_SPARTAN6'.
Generating RTLIL representation for module `\STARTUP_VIRTEX4'.
Generating RTLIL representation for module `\STARTUP_VIRTEX5'.
Generating RTLIL representation for module `\STARTUP_VIRTEX6'.
Generating RTLIL representation for module `\STARTUPE2'.
Generating RTLIL representation for module `\STARTUPE3'.
Generating RTLIL representation for module `\CAPTURE_SPARTAN3'.
Generating RTLIL representation for module `\CAPTURE_SPARTAN3A'.
Generating RTLIL representation for module `\CAPTURE_VIRTEX4'.
Generating RTLIL representation for module `\CAPTURE_VIRTEX5'.
Generating RTLIL representation for module `\CAPTURE_VIRTEX6'.
Generating RTLIL representation for module `\CAPTUREE2'.
Generating RTLIL representation for module `\ICAP_SPARTAN3A'.
Generating RTLIL representation for module `\ICAP_SPARTAN6'.
Generating RTLIL representation for module `\ICAP_VIRTEX4'.
Generating RTLIL representation for module `\ICAP_VIRTEX5'.
Generating RTLIL representation for module `\ICAP_VIRTEX6'.
Generating RTLIL representation for module `\ICAPE2'.
Generating RTLIL representation for module `\ICAPE3'.
Generating RTLIL representation for module `\BSCAN_SPARTAN3'.
Generating RTLIL representation for module `\BSCAN_SPARTAN3A'.
Generating RTLIL representation for module `\BSCAN_SPARTAN6'.
Generating RTLIL representation for module `\BSCAN_VIRTEX4'.
Generating RTLIL representation for module `\BSCAN_VIRTEX5'.
Generating RTLIL representation for module `\BSCAN_VIRTEX6'.
Generating RTLIL representation for module `\BSCANE2'.
Generating RTLIL representation for module `\DNA_PORT'.
Generating RTLIL representation for module `\DNA_PORTE2'.
Generating RTLIL representation for module `\FRAME_ECC_VIRTEX4'.
Generating RTLIL representation for module `\FRAME_ECC_VIRTEX5'.
Generating RTLIL representation for module `\FRAME_ECC_VIRTEX6'.
Generating RTLIL representation for module `\FRAME_ECCE2'.
Generating RTLIL representation for module `\FRAME_ECCE3'.
Generating RTLIL representation for module `\FRAME_ECCE4'.
Generating RTLIL representation for module `\USR_ACCESS_VIRTEX4'.
Generating RTLIL representation for module `\USR_ACCESS_VIRTEX5'.
Generating RTLIL representation for module `\USR_ACCESS_VIRTEX6'.
Generating RTLIL representation for module `\USR_ACCESSE2'.
Generating RTLIL representation for module `\POST_CRC_INTERNAL'.
Generating RTLIL representation for module `\SUSPEND_SYNC'.
Generating RTLIL representation for module `\KEY_CLEAR'.
Generating RTLIL representation for module `\MASTER_JTAG'.
Generating RTLIL representation for module `\SPI_ACCESS'.
Generating RTLIL representation for module `\EFUSE_USR'.
Generating RTLIL representation for module `\SYSMON'.
Generating RTLIL representation for module `\XADC'.
Generating RTLIL representation for module `\SYSMONE1'.
Generating RTLIL representation for module `\SYSMONE4'.
Generating RTLIL representation for module `\GTPA1_DUAL'.
Generating RTLIL representation for module `\GT11_CUSTOM'.
Generating RTLIL representation for module `\GT11_DUAL'.
Generating RTLIL representation for module `\GT11CLK'.
Generating RTLIL representation for module `\GT11CLK_MGT'.
Generating RTLIL representation for module `\GTP_DUAL'.
Generating RTLIL representation for module `\GTX_DUAL'.
Generating RTLIL representation for module `\CRC32'.
Generating RTLIL representation for module `\CRC64'.
Generating RTLIL representation for module `\GTHE1_QUAD'.
Generating RTLIL representation for module `\GTXE1'.
Generating RTLIL representation for module `\IBUFDS_GTXE1'.
Generating RTLIL representation for module `\IBUFDS_GTHE1'.
Generating RTLIL representation for module `\GTHE2_CHANNEL'.
Generating RTLIL representation for module `\GTHE2_COMMON'.
Generating RTLIL representation for module `\GTPE2_CHANNEL'.
Generating RTLIL representation for module `\GTPE2_COMMON'.
Generating RTLIL representation for module `\GTXE2_CHANNEL'.
Generating RTLIL representation for module `\GTXE2_COMMON'.
Generating RTLIL representation for module `\IBUFDS_GTE2'.
Generating RTLIL representation for module `\GTHE3_CHANNEL'.
Generating RTLIL representation for module `\GTHE3_COMMON'.
Generating RTLIL representation for module `\GTYE3_CHANNEL'.
Generating RTLIL representation for module `\GTYE3_COMMON'.
Generating RTLIL representation for module `\IBUFDS_GTE3'.
Generating RTLIL representation for module `\OBUFDS_GTE3'.
Generating RTLIL representation for module `\OBUFDS_GTE3_ADV'.
Generating RTLIL representation for module `\GTHE4_CHANNEL'.
Generating RTLIL representation for module `\GTHE4_COMMON'.
Generating RTLIL representation for module `\GTYE4_CHANNEL'.
Generating RTLIL representation for module `\GTYE4_COMMON'.
Generating RTLIL representation for module `\IBUFDS_GTE4'.
Generating RTLIL representation for module `\OBUFDS_GTE4'.
Generating RTLIL representation for module `\OBUFDS_GTE4_ADV'.
Generating RTLIL representation for module `\GTM_DUAL'.
Generating RTLIL representation for module `\IBUFDS_GTM'.
Generating RTLIL representation for module `\OBUFDS_GTM'.
Generating RTLIL representation for module `\OBUFDS_GTM_ADV'.
Generating RTLIL representation for module `\HSDAC'.
Generating RTLIL representation for module `\HSADC'.
Generating RTLIL representation for module `\RFDAC'.
Generating RTLIL representation for module `\RFADC'.
Generating RTLIL representation for module `\PCIE_A1'.
Generating RTLIL representation for module `\PCIE_EP'.
Generating RTLIL representation for module `\PCIE_2_0'.
Generating RTLIL representation for module `\PCIE_2_1'.
Generating RTLIL representation for module `\PCIE_3_0'.
Generating RTLIL representation for module `\PCIE_3_1'.
Generating RTLIL representation for module `\PCIE40E4'.
Generating RTLIL representation for module `\PCIE4CE4'.
Generating RTLIL representation for module `\EMAC'.
Generating RTLIL representation for module `\TEMAC'.
Generating RTLIL representation for module `\TEMAC_SINGLE'.
Generating RTLIL representation for module `\CMAC'.
Generating RTLIL representation for module `\CMACE4'.
Generating RTLIL representation for module `\MCB'.
Generating RTLIL representation for module `\HBM_REF_CLK'.
Generating RTLIL representation for module `\HBM_SNGLBLI_INTF_APB'.
Generating RTLIL representation for module `\HBM_SNGLBLI_INTF_AXI'.
Generating RTLIL representation for module `\HBM_ONE_STACK_INTF'.
Generating RTLIL representation for module `\HBM_TWO_STACK_INTF'.
Generating RTLIL representation for module `\PPC405_ADV'.
Generating RTLIL representation for module `\PPC440'.
Generating RTLIL representation for module `\PS7'.
Generating RTLIL representation for module `\PS8'.
Generating RTLIL representation for module `\ILKN'.
Generating RTLIL representation for module `\ILKNE4'.
Generating RTLIL representation for module `\VCU'.
Generating RTLIL representation for module `\FE'.
Successfully finished Verilog frontend.

5.3. Executing HIERARCHY pass (managing design hierarchy).

5.3.1. Analyzing design hierarchy..
Top module:  \cap_pdb_dual_port_compact_allocation_engine
Used module:     $paramod$3c933f59fd04475806c89d43d681470cb4a1a28b\cap_pdb_dual_read_bank

5.3.2. Analyzing design hierarchy..
Top module:  \cap_pdb_dual_port_compact_allocation_engine
Used module:     $paramod$3c933f59fd04475806c89d43d681470cb4a1a28b\cap_pdb_dual_read_bank
Removed 0 unused modules.

5.4. Executing PROC pass (convert processes to netlists).

5.4.1. Executing PROC_CLEAN pass (remove empty switches from decision trees).
Cleaned up 0 empty switches.

5.4.2. Executing PROC_RMDEAD pass (remove dead branches from decision trees).
Marked 26 switch rules as full_case in process $proc$cap_pdb_dual_port_compact_engine.sv:164$4118 in module cap_pdb_dual_port_compact_allocation_engine.
Marked 3 switch rules as full_case in process $proc$cap_pdb_dual_port_compact_engine.sv:182$4158 in module cap_pdb_dual_port_compact_allocation_engine.
Marked 32 switch rules as full_case in process $proc$cap_pdb_dual_port_compact_engine.sv:124$4203 in module cap_pdb_dual_port_compact_allocation_engine.
Marked 32 switch rules as full_case in process $proc$cap_pdb_dual_port_compact_engine.sv:126$4337 in module cap_pdb_dual_port_compact_allocation_engine.
Marked 3 switch rules as full_case in process $proc$cap_pdb_dual_port_compact_engine.sv:136$4475 in module cap_pdb_dual_port_compact_allocation_engine.
Marked 32 switch rules as full_case in process $proc$cap_pdb_dual_port_compact_engine.sv:124$4500 in module cap_pdb_dual_port_compact_allocation_engine.
Marked 32 switch rules as full_case in process $proc$cap_pdb_dual_port_compact_engine.sv:126$4634 in module cap_pdb_dual_port_compact_allocation_engine.
Marked 3 switch rules as full_case in process $proc$cap_pdb_dual_port_compact_engine.sv:136$4772 in module cap_pdb_dual_port_compact_allocation_engine.
Marked 32 switch rules as full_case in process $proc$cap_pdb_dual_port_compact_engine.sv:124$4797 in module cap_pdb_dual_port_compact_allocation_engine.
Marked 32 switch rules as full_case in process $proc$cap_pdb_dual_port_compact_engine.sv:126$4931 in module cap_pdb_dual_port_compact_allocation_engine.
Marked 3 switch rules as full_case in process $proc$cap_pdb_dual_port_compact_engine.sv:136$5069 in module cap_pdb_dual_port_compact_allocation_engine.
Marked 32 switch rules as full_case in process $proc$cap_pdb_dual_port_compact_engine.sv:124$5094 in module cap_pdb_dual_port_compact_allocation_engine.
Marked 32 switch rules as full_case in process $proc$cap_pdb_dual_port_compact_engine.sv:126$5228 in module cap_pdb_dual_port_compact_allocation_engine.
Marked 3 switch rules as full_case in process $proc$cap_pdb_dual_port_compact_engine.sv:136$5366 in module cap_pdb_dual_port_compact_allocation_engine.
Marked 32 switch rules as full_case in process $proc$cap_pdb_dual_port_compact_engine.sv:124$5391 in module cap_pdb_dual_port_compact_allocation_engine.
Marked 32 switch rules as full_case in process $proc$cap_pdb_dual_port_compact_engine.sv:126$5525 in module cap_pdb_dual_port_compact_allocation_engine.
Marked 3 switch rules as full_case in process $proc$cap_pdb_dual_port_compact_engine.sv:136$5663 in module cap_pdb_dual_port_compact_allocation_engine.
Marked 32 switch rules as full_case in process $proc$cap_pdb_dual_port_compact_engine.sv:124$5688 in module cap_pdb_dual_port_compact_allocation_engine.
Marked 32 switch rules as full_case in process $proc$cap_pdb_dual_port_compact_engine.sv:126$5822 in module cap_pdb_dual_port_compact_allocation_engine.
Marked 3 switch rules as full_case in process $proc$cap_pdb_dual_port_compact_engine.sv:136$5960 in module cap_pdb_dual_port_compact_allocation_engine.
Marked 32 switch rules as full_case in process $proc$cap_pdb_dual_port_compact_engine.sv:124$5985 in module cap_pdb_dual_port_compact_allocation_engine.
Marked 32 switch rules as full_case in process $proc$cap_pdb_dual_port_compact_engine.sv:126$6119 in module cap_pdb_dual_port_compact_allocation_engine.
Marked 3 switch rules as full_case in process $proc$cap_pdb_dual_port_compact_engine.sv:136$6257 in module cap_pdb_dual_port_compact_allocation_engine.
Marked 32 switch rules as full_case in process $proc$cap_pdb_dual_port_compact_engine.sv:124$6282 in module cap_pdb_dual_port_compact_allocation_engine.
Marked 32 switch rules as full_case in process $proc$cap_pdb_dual_port_compact_engine.sv:126$6416 in module cap_pdb_dual_port_compact_allocation_engine.
Marked 3 switch rules as full_case in process $proc$cap_pdb_dual_port_compact_engine.sv:136$6554 in module cap_pdb_dual_port_compact_allocation_engine.
Marked 32 switch rules as full_case in process $proc$cap_pdb_dual_port_compact_engine.sv:124$6579 in module cap_pdb_dual_port_compact_allocation_engine.
Marked 32 switch rules as full_case in process $proc$cap_pdb_dual_port_compact_engine.sv:126$6713 in module cap_pdb_dual_port_compact_allocation_engine.
Marked 3 switch rules as full_case in process $proc$cap_pdb_dual_port_compact_engine.sv:136$6851 in module cap_pdb_dual_port_compact_allocation_engine.
Marked 32 switch rules as full_case in process $proc$cap_pdb_dual_port_compact_engine.sv:124$6876 in module cap_pdb_dual_port_compact_allocation_engine.
Marked 32 switch rules as full_case in process $proc$cap_pdb_dual_port_compact_engine.sv:126$7010 in module cap_pdb_dual_port_compact_allocation_engine.
Marked 3 switch rules as full_case in process $proc$cap_pdb_dual_port_compact_engine.sv:136$7148 in module cap_pdb_dual_port_compact_allocation_engine.
Marked 32 switch rules as full_case in process $proc$cap_pdb_dual_port_compact_engine.sv:124$7173 in module cap_pdb_dual_port_compact_allocation_engine.
Marked 32 switch rules as full_case in process $proc$cap_pdb_dual_port_compact_engine.sv:126$7307 in module cap_pdb_dual_port_compact_allocation_engine.
Marked 3 switch rules as full_case in process $proc$cap_pdb_dual_port_compact_engine.sv:136$7445 in module cap_pdb_dual_port_compact_allocation_engine.
Marked 32 switch rules as full_case in process $proc$cap_pdb_dual_port_compact_engine.sv:124$7470 in module cap_pdb_dual_port_compact_allocation_engine.
Marked 32 switch rules as full_case in process $proc$cap_pdb_dual_port_compact_engine.sv:126$7604 in module cap_pdb_dual_port_compact_allocation_engine.
Marked 3 switch rules as full_case in process $proc$cap_pdb_dual_port_compact_engine.sv:136$7742 in module cap_pdb_dual_port_compact_allocation_engine.
Marked 32 switch rules as full_case in process $proc$cap_pdb_dual_port_compact_engine.sv:124$7767 in module cap_pdb_dual_port_compact_allocation_engine.
Marked 32 switch rules as full_case in process $proc$cap_pdb_dual_port_compact_engine.sv:126$7901 in module cap_pdb_dual_port_compact_allocation_engine.
Marked 3 switch rules as full_case in process $proc$cap_pdb_dual_port_compact_engine.sv:136$8039 in module cap_pdb_dual_port_compact_allocation_engine.
Marked 1 switch rules as full_case in process $proc$cap_pdb_dual_port_compact_engine.sv:25$8061 in module $paramod$3c933f59fd04475806c89d43d681470cb4a1a28b\cap_pdb_dual_read_bank.
Removed a total of 0 dead cases.

5.4.3. Executing PROC_PRUNE pass (remove redundant assignments in processes).
Removed 1 redundant assignment.
Promoted 216 assignments to connections.

5.4.4. Executing PROC_INIT pass (extract init attributes).

5.4.5. Executing PROC_ARST pass (detect async resets in processes).

5.4.6. Executing PROC_ROM pass (convert switches to ROMs).
Converted 0 switches.
<suppressed ~944 debug messages>

5.4.7. Executing PROC_MUX pass (convert decision trees to multiplexers).
Creating decoders for process `\cap_pdb_dual_port_compact_allocation_engine.$proc$cap_pdb_dual_port_compact_engine.sv:164$4118'.
     1/26: $13\selected_minimum[15:0]
     2/26: $13\all_after_empty[0:0]
     3/26: $12\selected_minimum[15:0]
     4/26: $12\all_after_empty[0:0]
     5/26: $11\selected_minimum[15:0]
     6/26: $11\all_after_empty[0:0]
     7/26: $10\selected_minimum[15:0]
     8/26: $10\all_after_empty[0:0]
     9/26: $9\selected_minimum[15:0]
    10/26: $9\all_after_empty[0:0]
    11/26: $8\selected_minimum[15:0]
    12/26: $8\all_after_empty[0:0]
    13/26: $7\selected_minimum[15:0]
    14/26: $7\all_after_empty[0:0]
    15/26: $6\selected_minimum[15:0]
    16/26: $6\all_after_empty[0:0]
    17/26: $5\selected_minimum[15:0]
    18/26: $5\all_after_empty[0:0]
    19/26: $4\selected_minimum[15:0]
    20/26: $4\all_after_empty[0:0]
    21/26: $3\selected_minimum[15:0]
    22/26: $3\all_after_empty[0:0]
    23/26: $2\selected_minimum[15:0]
    24/26: $2\all_after_empty[0:0]
    25/26: $1\selected_minimum[15:0]
    26/26: $1\all_after_empty[0:0]
Creating decoders for process `\cap_pdb_dual_port_compact_allocation_engine.$proc$cap_pdb_dual_port_compact_engine.sv:182$4158'.
     1/38: $4\index[31:0]
     2/38: $3\index[31:0]
     3/38: $2\index[31:0]
     4/38: $0\done[0:0]
     5/38: $0\group_minimum[12][15:0]
     6/38: $0\group_minimum[11][15:0]
     7/38: $0\group_minimum[10][15:0]
     8/38: $0\group_minimum[9][15:0]
     9/38: $0\group_minimum[8][15:0]
    10/38: $0\group_minimum[7][15:0]
    11/38: $0\group_minimum[6][15:0]
    12/38: $0\group_minimum[5][15:0]
    13/38: $0\group_minimum[4][15:0]
    14/38: $0\group_minimum[3][15:0]
    15/38: $0\group_minimum[2][15:0]
    16/38: $0\group_minimum[1][15:0]
    17/38: $0\group_minimum[0][15:0]
    18/38: $0\remaining[12][31:0]
    19/38: $0\remaining[11][31:0]
    20/38: $0\remaining[10][31:0]
    21/38: $0\remaining[9][31:0]
    22/38: $0\remaining[8][31:0]
    23/38: $0\remaining[7][31:0]
    24/38: $0\remaining[6][31:0]
    25/38: $0\remaining[5][31:0]
    26/38: $0\remaining[4][31:0]
    27/38: $0\remaining[3][31:0]
    28/38: $0\remaining[2][31:0]
    29/38: $0\remaining[1][31:0]
    30/38: $0\remaining[0][31:0]
    31/38: $0\issued1[12:0]
    32/38: $0\issued0[12:0]
    33/38: $0\pipeline_valid[0:0]
    34/38: $0\phase[1:0]
    35/38: $0\cycles[15:0]
    36/38: $0\group_cost_sum[23:0]
    37/38: $0\valid[0:0]
    38/38: $0\busy[0:0]
Creating decoders for process `\cap_pdb_dual_port_compact_allocation_engine.$proc$cap_pdb_dual_port_compact_engine.sv:124$4203'.
     1/64: $32\first_effect$func$cap_pdb_dual_port_compact_engine.sv:124$4077.found[0:0]$4336
     2/64: $32\first_effect$func$cap_pdb_dual_port_compact_engine.sv:124$4077.$result[4:0]$4335
     3/64: $31\first_effect$func$cap_pdb_dual_port_compact_engine.sv:124$4077.found[0:0]$4332
     4/64: $31\first_effect$func$cap_pdb_dual_port_compact_engine.sv:124$4077.$result[4:0]$4331
     5/64: $30\first_effect$func$cap_pdb_dual_port_compact_engine.sv:124$4077.found[0:0]$4328
     6/64: $30\first_effect$func$cap_pdb_dual_port_compact_engine.sv:124$4077.$result[4:0]$4327
     7/64: $29\first_effect$func$cap_pdb_dual_port_compact_engine.sv:124$4077.found[0:0]$4324
     8/64: $29\first_effect$func$cap_pdb_dual_port_compact_engine.sv:124$4077.$result[4:0]$4323
     9/64: $28\first_effect$func$cap_pdb_dual_port_compact_engine.sv:124$4077.found[0:0]$4320
    10/64: $28\first_effect$func$cap_pdb_dual_port_compact_engine.sv:124$4077.$result[4:0]$4319
    11/64: $27\first_effect$func$cap_pdb_dual_port_compact_engine.sv:124$4077.found[0:0]$4316
    12/64: $27\first_effect$func$cap_pdb_dual_port_compact_engine.sv:124$4077.$result[4:0]$4315
    13/64: $26\first_effect$func$cap_pdb_dual_port_compact_engine.sv:124$4077.found[0:0]$4312
    14/64: $26\first_effect$func$cap_pdb_dual_port_compact_engine.sv:124$4077.$result[4:0]$4311
    15/64: $25\first_effect$func$cap_pdb_dual_port_compact_engine.sv:124$4077.found[0:0]$4308
    16/64: $25\first_effect$func$cap_pdb_dual_port_compact_engine.sv:124$4077.$result[4:0]$4307
    17/64: $24\first_effect$func$cap_pdb_dual_port_compact_engine.sv:124$4077.found[0:0]$4304
    18/64: $24\first_effect$func$cap_pdb_dual_port_compact_engine.sv:124$4077.$result[4:0]$4303
    19/64: $23\first_effect$func$cap_pdb_dual_port_compact_engine.sv:124$4077.found[0:0]$4300
    20/64: $23\first_effect$func$cap_pdb_dual_port_compact_engine.sv:124$4077.$result[4:0]$4299
    21/64: $22\first_effect$func$cap_pdb_dual_port_compact_engine.sv:124$4077.found[0:0]$4296
    22/64: $22\first_effect$func$cap_pdb_dual_port_compact_engine.sv:124$4077.$result[4:0]$4295
    23/64: $21\first_effect$func$cap_pdb_dual_port_compact_engine.sv:124$4077.found[0:0]$4292
    24/64: $21\first_effect$func$cap_pdb_dual_port_compact_engine.sv:124$4077.$result[4:0]$4291
    25/64: $20\first_effect$func$cap_pdb_dual_port_compact_engine.sv:124$4077.found[0:0]$4288
    26/64: $20\first_effect$func$cap_pdb_dual_port_compact_engine.sv:124$4077.$result[4:0]$4287
    27/64: $19\first_effect$func$cap_pdb_dual_port_compact_engine.sv:124$4077.found[0:0]$4284
    28/64: $19\first_effect$func$cap_pdb_dual_port_compact_engine.sv:124$4077.$result[4:0]$4283
    29/64: $18\first_effect$func$cap_pdb_dual_port_compact_engine.sv:124$4077.found[0:0]$4280
    30/64: $18\first_effect$func$cap_pdb_dual_port_compact_engine.sv:124$4077.$result[4:0]$4279
    31/64: $17\first_effect$func$cap_pdb_dual_port_compact_engine.sv:124$4077.found[0:0]$4276
    32/64: $17\first_effect$func$cap_pdb_dual_port_compact_engine.sv:124$4077.$result[4:0]$4275
    33/64: $16\first_effect$func$cap_pdb_dual_port_compact_engine.sv:124$4077.found[0:0]$4272
    34/64: $16\first_effect$func$cap_pdb_dual_port_compact_engine.sv:124$4077.$result[4:0]$4271
    35/64: $15\first_effect$func$cap_pdb_dual_port_compact_engine.sv:124$4077.found[0:0]$4268
    36/64: $15\first_effect$func$cap_pdb_dual_port_compact_engine.sv:124$4077.$result[4:0]$4267
    37/64: $14\first_effect$func$cap_pdb_dual_port_compact_engine.sv:124$4077.found[0:0]$4264
    38/64: $14\first_effect$func$cap_pdb_dual_port_compact_engine.sv:124$4077.$result[4:0]$4263
    39/64: $13\first_effect$func$cap_pdb_dual_port_compact_engine.sv:124$4077.found[0:0]$4260
    40/64: $13\first_effect$func$cap_pdb_dual_port_compact_engine.sv:124$4077.$result[4:0]$4259
    41/64: $12\first_effect$func$cap_pdb_dual_port_compact_engine.sv:124$4077.found[0:0]$4256
    42/64: $12\first_effect$func$cap_pdb_dual_port_compact_engine.sv:124$4077.$result[4:0]$4255
    43/64: $11\first_effect$func$cap_pdb_dual_port_compact_engine.sv:124$4077.found[0:0]$4252
    44/64: $11\first_effect$func$cap_pdb_dual_port_compact_engine.sv:124$4077.$result[4:0]$4251
    45/64: $10\first_effect$func$cap_pdb_dual_port_compact_engine.sv:124$4077.found[0:0]$4248
    46/64: $10\first_effect$func$cap_pdb_dual_port_compact_engine.sv:124$4077.$result[4:0]$4247
    47/64: $9\first_effect$func$cap_pdb_dual_port_compact_engine.sv:124$4077.found[0:0]$4244
    48/64: $9\first_effect$func$cap_pdb_dual_port_compact_engine.sv:124$4077.$result[4:0]$4243
    49/64: $8\first_effect$func$cap_pdb_dual_port_compact_engine.sv:124$4077.found[0:0]$4240
    50/64: $8\first_effect$func$cap_pdb_dual_port_compact_engine.sv:124$4077.$result[4:0]$4239
    51/64: $7\first_effect$func$cap_pdb_dual_port_compact_engine.sv:124$4077.found[0:0]$4236
    52/64: $7\first_effect$func$cap_pdb_dual_port_compact_engine.sv:124$4077.$result[4:0]$4235
    53/64: $6\first_effect$func$cap_pdb_dual_port_compact_engine.sv:124$4077.found[0:0]$4232
    54/64: $6\first_effect$func$cap_pdb_dual_port_compact_engine.sv:124$4077.$result[4:0]$4231
    55/64: $5\first_effect$func$cap_pdb_dual_port_compact_engine.sv:124$4077.found[0:0]$4228
    56/64: $5\first_effect$func$cap_pdb_dual_port_compact_engine.sv:124$4077.$result[4:0]$4227
    57/64: $4\first_effect$func$cap_pdb_dual_port_compact_engine.sv:124$4077.found[0:0]$4224
    58/64: $4\first_effect$func$cap_pdb_dual_port_compact_engine.sv:124$4077.$result[4:0]$4223
    59/64: $3\first_effect$func$cap_pdb_dual_port_compact_engine.sv:124$4077.found[0:0]$4220
    60/64: $3\first_effect$func$cap_pdb_dual_port_compact_engine.sv:124$4077.$result[4:0]$4219
    61/64: $2\first_effect$func$cap_pdb_dual_port_compact_engine.sv:124$4077.found[0:0]$4216
    62/64: $2\first_effect$func$cap_pdb_dual_port_compact_engine.sv:124$4077.$result[4:0]$4215
    63/64: $1\first_effect$func$cap_pdb_dual_port_compact_engine.sv:124$4077.found[0:0]$4212
    64/64: $1\first_effect$func$cap_pdb_dual_port_compact_engine.sv:124$4077.$result[4:0]$4211
Creating decoders for process `\cap_pdb_dual_port_compact_allocation_engine.$proc$cap_pdb_dual_port_compact_engine.sv:126$4337'.
     1/64: $32\first_effect$func$cap_pdb_dual_port_compact_engine.sv:126$4078.found[0:0]$4470
     2/64: $32\first_effect$func$cap_pdb_dual_port_compact_engine.sv:126$4078.$result[4:0]$4469
     3/64: $31\first_effect$func$cap_pdb_dual_port_compact_engine.sv:126$4078.found[0:0]$4466
     4/64: $31\first_effect$func$cap_pdb_dual_port_compact_engine.sv:126$4078.$result[4:0]$4465
     5/64: $30\first_effect$func$cap_pdb_dual_port_compact_engine.sv:126$4078.found[0:0]$4462
     6/64: $30\first_effect$func$cap_pdb_dual_port_compact_engine.sv:126$4078.$result[4:0]$4461
     7/64: $29\first_effect$func$cap_pdb_dual_port_compact_engine.sv:126$4078.found[0:0]$4458
     8/64: $29\first_effect$func$cap_pdb_dual_port_compact_engine.sv:126$4078.$result[4:0]$4457
     9/64: $28\first_effect$func$cap_pdb_dual_port_compact_engine.sv:126$4078.found[0:0]$4454
    10/64: $28\first_effect$func$cap_pdb_dual_port_compact_engine.sv:126$4078.$result[4:0]$4453
    11/64: $27\first_effect$func$cap_pdb_dual_port_compact_engine.sv:126$4078.found[0:0]$4450
    12/64: $27\first_effect$func$cap_pdb_dual_port_compact_engine.sv:126$4078.$result[4:0]$4449
    13/64: $26\first_effect$func$cap_pdb_dual_port_compact_engine.sv:126$4078.found[0:0]$4446
    14/64: $26\first_effect$func$cap_pdb_dual_port_compact_engine.sv:126$4078.$result[4:0]$4445
    15/64: $25\first_effect$func$cap_pdb_dual_port_compact_engine.sv:126$4078.found[0:0]$4442
    16/64: $25\first_effect$func$cap_pdb_dual_port_compact_engine.sv:126$4078.$result[4:0]$4441
    17/64: $24\first_effect$func$cap_pdb_dual_port_compact_engine.sv:126$4078.found[0:0]$4438
    18/64: $24\first_effect$func$cap_pdb_dual_port_compact_engine.sv:126$4078.$result[4:0]$4437
    19/64: $23\first_effect$func$cap_pdb_dual_port_compact_engine.sv:126$4078.found[0:0]$4434
    20/64: $23\first_effect$func$cap_pdb_dual_port_compact_engine.sv:126$4078.$result[4:0]$4433
    21/64: $22\first_effect$func$cap_pdb_dual_port_compact_engine.sv:126$4078.found[0:0]$4430
    22/64: $22\first_effect$func$cap_pdb_dual_port_compact_engine.sv:126$4078.$result[4:0]$4429
    23/64: $21\first_effect$func$cap_pdb_dual_port_compact_engine.sv:126$4078.found[0:0]$4426
    24/64: $21\first_effect$func$cap_pdb_dual_port_compact_engine.sv:126$4078.$result[4:0]$4425
    25/64: $20\first_effect$func$cap_pdb_dual_port_compact_engine.sv:126$4078.found[0:0]$4422
    26/64: $20\first_effect$func$cap_pdb_dual_port_compact_engine.sv:126$4078.$result[4:0]$4421
    27/64: $19\first_effect$func$cap_pdb_dual_port_compact_engine.sv:126$4078.found[0:0]$4418
    28/64: $19\first_effect$func$cap_pdb_dual_port_compact_engine.sv:126$4078.$result[4:0]$4417
    29/64: $18\first_effect$func$cap_pdb_dual_port_compact_engine.sv:126$4078.found[0:0]$4414
    30/64: $18\first_effect$func$cap_pdb_dual_port_compact_engine.sv:126$4078.$result[4:0]$4413
    31/64: $17\first_effect$func$cap_pdb_dual_port_compact_engine.sv:126$4078.found[0:0]$4410
    32/64: $17\first_effect$func$cap_pdb_dual_port_compact_engine.sv:126$4078.$result[4:0]$4409
    33/64: $16\first_effect$func$cap_pdb_dual_port_compact_engine.sv:126$4078.found[0:0]$4406
    34/64: $16\first_effect$func$cap_pdb_dual_port_compact_engine.sv:126$4078.$result[4:0]$4405
    35/64: $15\first_effect$func$cap_pdb_dual_port_compact_engine.sv:126$4078.found[0:0]$4402
    36/64: $15\first_effect$func$cap_pdb_dual_port_compact_engine.sv:126$4078.$result[4:0]$4401
    37/64: $14\first_effect$func$cap_pdb_dual_port_compact_engine.sv:126$4078.found[0:0]$4398
    38/64: $14\first_effect$func$cap_pdb_dual_port_compact_engine.sv:126$4078.$result[4:0]$4397
    39/64: $13\first_effect$func$cap_pdb_dual_port_compact_engine.sv:126$4078.found[0:0]$4394
    40/64: $13\first_effect$func$cap_pdb_dual_port_compact_engine.sv:126$4078.$result[4:0]$4393
    41/64: $12\first_effect$func$cap_pdb_dual_port_compact_engine.sv:126$4078.found[0:0]$4390
    42/64: $12\first_effect$func$cap_pdb_dual_port_compact_engine.sv:126$4078.$result[4:0]$4389
    43/64: $11\first_effect$func$cap_pdb_dual_port_compact_engine.sv:126$4078.found[0:0]$4386
    44/64: $11\first_effect$func$cap_pdb_dual_port_compact_engine.sv:126$4078.$result[4:0]$4385
    45/64: $10\first_effect$func$cap_pdb_dual_port_compact_engine.sv:126$4078.found[0:0]$4382
    46/64: $10\first_effect$func$cap_pdb_dual_port_compact_engine.sv:126$4078.$result[4:0]$4381
    47/64: $9\first_effect$func$cap_pdb_dual_port_compact_engine.sv:126$4078.found[0:0]$4378
    48/64: $9\first_effect$func$cap_pdb_dual_port_compact_engine.sv:126$4078.$result[4:0]$4377
    49/64: $8\first_effect$func$cap_pdb_dual_port_compact_engine.sv:126$4078.found[0:0]$4374
    50/64: $8\first_effect$func$cap_pdb_dual_port_compact_engine.sv:126$4078.$result[4:0]$4373
    51/64: $7\first_effect$func$cap_pdb_dual_port_compact_engine.sv:126$4078.found[0:0]$4370
    52/64: $7\first_effect$func$cap_pdb_dual_port_compact_engine.sv:126$4078.$result[4:0]$4369
    53/64: $6\first_effect$func$cap_pdb_dual_port_compact_engine.sv:126$4078.found[0:0]$4366
    54/64: $6\first_effect$func$cap_pdb_dual_port_compact_engine.sv:126$4078.$result[4:0]$4365
    55/64: $5\first_effect$func$cap_pdb_dual_port_compact_engine.sv:126$4078.found[0:0]$4362
    56/64: $5\first_effect$func$cap_pdb_dual_port_compact_engine.sv:126$4078.$result[4:0]$4361
    57/64: $4\first_effect$func$cap_pdb_dual_port_compact_engine.sv:126$4078.found[0:0]$4358
    58/64: $4\first_effect$func$cap_pdb_dual_port_compact_engine.sv:126$4078.$result[4:0]$4357
    59/64: $3\first_effect$func$cap_pdb_dual_port_compact_engine.sv:126$4078.found[0:0]$4354
    60/64: $3\first_effect$func$cap_pdb_dual_port_compact_engine.sv:126$4078.$result[4:0]$4353
    61/64: $2\first_effect$func$cap_pdb_dual_port_compact_engine.sv:126$4078.found[0:0]$4350
    62/64: $2\first_effect$func$cap_pdb_dual_port_compact_engine.sv:126$4078.$result[4:0]$4349
    63/64: $1\first_effect$func$cap_pdb_dual_port_compact_engine.sv:126$4078.found[0:0]$4346
    64/64: $1\first_effect$func$cap_pdb_dual_port_compact_engine.sv:126$4078.$result[4:0]$4345
Creating decoders for process `\cap_pdb_dual_port_compact_allocation_engine.$proc$cap_pdb_dual_port_compact_engine.sv:136$4475'.
     1/3: $3\batch_minimum$func$cap_pdb_dual_port_compact_engine.sv:136$4079.$result[15:0]$4487
     2/3: $2\batch_minimum$func$cap_pdb_dual_port_compact_engine.sv:136$4079.$result[15:0]$4486
     3/3: $1\batch_minimum$func$cap_pdb_dual_port_compact_engine.sv:136$4079.$result[15:0]$4483
Creating decoders for process `\cap_pdb_dual_port_compact_allocation_engine.$proc$cap_pdb_dual_port_compact_engine.sv:124$4500'.
     1/64: $32\first_effect$func$cap_pdb_dual_port_compact_engine.sv:124$4080.found[0:0]$4633
     2/64: $32\first_effect$func$cap_pdb_dual_port_compact_engine.sv:124$4080.$result[4:0]$4632
     3/64: $31\first_effect$func$cap_pdb_dual_port_compact_engine.sv:124$4080.found[0:0]$4629
     4/64: $31\first_effect$func$cap_pdb_dual_port_compact_engine.sv:124$4080.$result[4:0]$4628
     5/64: $30\first_effect$func$cap_pdb_dual_port_compact_engine.sv:124$4080.found[0:0]$4625
     6/64: $30\first_effect$func$cap_pdb_dual_port_compact_engine.sv:124$4080.$result[4:0]$4624
     7/64: $29\first_effect$func$cap_pdb_dual_port_compact_engine.sv:124$4080.found[0:0]$4621
     8/64: $29\first_effect$func$cap_pdb_dual_port_compact_engine.sv:124$4080.$result[4:0]$4620
     9/64: $28\first_effect$func$cap_pdb_dual_port_compact_engine.sv:124$4080.found[0:0]$4617
    10/64: $28\first_effect$func$cap_pdb_dual_port_compact_engine.sv:124$4080.$result[4:0]$4616
    11/64: $27\first_effect$func$cap_pdb_dual_port_compact_engine.sv:124$4080.found[0:0]$4613
    12/64: $27\first_effect$func$cap_pdb_dual_port_compact_engine.sv:124$4080.$result[4:0]$4612
    13/64: $26\first_effect$func$cap_pdb_dual_port_compact_engine.sv:124$4080.found[0:0]$4609
    14/64: $26\first_effect$func$cap_pdb_dual_port_compact_engine.sv:124$4080.$result[4:0]$4608
    15/64: $25\first_effect$func$cap_pdb_dual_port_compact_engine.sv:124$4080.found[0:0]$4605
    16/64: $25\first_effect$func$cap_pdb_dual_port_compact_engine.sv:124$4080.$result[4:0]$4604
    17/64: $24\first_effect$func$cap_pdb_dual_port_compact_engine.sv:124$4080.found[0:0]$4601
    18/64: $24\first_effect$func$cap_pdb_dual_port_compact_engine.sv:124$4080.$result[4:0]$4600
    19/64: $23\first_effect$func$cap_pdb_dual_port_compact_engine.sv:124$4080.found[0:0]$4597
    20/64: $23\first_effect$func$cap_pdb_dual_port_compact_engine.sv:124$4080.$result[4:0]$4596
    21/64: $22\first_effect$func$cap_pdb_dual_port_compact_engine.sv:124$4080.found[0:0]$4593
    22/64: $22\first_effect$func$cap_pdb_dual_port_compact_engine.sv:124$4080.$result[4:0]$4592
    23/64: $21\first_effect$func$cap_pdb_dual_port_compact_engine.sv:124$4080.found[0:0]$4589
    24/64: $21\first_effect$func$cap_pdb_dual_port_compact_engine.sv:124$4080.$result[4:0]$4588
    25/64: $20\first_effect$func$cap_pdb_dual_port_compact_engine.sv:124$4080.found[0:0]$4585
    26/64: $20\first_effect$func$cap_pdb_dual_port_compact_engine.sv:124$4080.$result[4:0]$4584
    27/64: $19\first_effect$func$cap_pdb_dual_port_compact_engine.sv:124$4080.found[0:0]$4581
    28/64: $19\first_effect$func$cap_pdb_dual_port_compact_engine.sv:124$4080.$result[4:0]$4580
    29/64: $18\first_effect$func$cap_pdb_dual_port_compact_engine.sv:124$4080.found[0:0]$4577
    30/64: $18\first_effect$func$cap_pdb_dual_port_compact_engine.sv:124$4080.$result[4:0]$4576
    31/64: $17\first_effect$func$cap_pdb_dual_port_compact_engine.sv:124$4080.found[0:0]$4573
    32/64: $17\first_effect$func$cap_pdb_dual_port_compact_engine.sv:124$4080.$result[4:0]$4572
    33/64: $16\first_effect$func$cap_pdb_dual_port_compact_engine.sv:124$4080.found[0:0]$4569
    34/64: $16\first_effect$func$cap_pdb_dual_port_compact_engine.sv:124$4080.$result[4:0]$4568
    35/64: $15\first_effect$func$cap_pdb_dual_port_compact_engine.sv:124$4080.found[0:0]$4565
    36/64: $15\first_effect$func$cap_pdb_dual_port_compact_engine.sv:124$4080.$result[4:0]$4564
    37/64: $14\first_effect$func$cap_pdb_dual_port_compact_engine.sv:124$4080.found[0:0]$4561
    38/64: $14\first_effect$func$cap_pdb_dual_port_compact_engine.sv:124$4080.$result[4:0]$4560
    39/64: $13\first_effect$func$cap_pdb_dual_port_compact_engine.sv:124$4080.found[0:0]$4557
    40/64: $13\first_effect$func$cap_pdb_dual_port_compact_engine.sv:124$4080.$result[4:0]$4556
    41/64: $12\first_effect$func$cap_pdb_dual_port_compact_engine.sv:124$4080.found[0:0]$4553
    42/64: $12\first_effect$func$cap_pdb_dual_port_compact_engine.sv:124$4080.$result[4:0]$4552
    43/64: $11\first_effect$func$cap_pdb_dual_port_compact_engine.sv:124$4080.found[0:0]$4549
    44/64: $11\first_effect$func$cap_pdb_dual_port_compact_engine.sv:124$4080.$result[4:0]$4548
    45/64: $10\first_effect$func$cap_pdb_dual_port_compact_engine.sv:124$4080.found[0:0]$4545
    46/64: $10\first_effect$func$cap_pdb_dual_port_compact_engine.sv:124$4080.$result[4:0]$4544
    47/64: $9\first_effect$func$cap_pdb_dual_port_compact_engine.sv:124$4080.found[0:0]$4541
    48/64: $9\first_effect$func$cap_pdb_dual_port_compact_engine.sv:124$4080.$result[4:0]$4540
    49/64: $8\first_effect$func$cap_pdb_dual_port_compact_engine.sv:124$4080.found[0:0]$4537
    50/64: $8\first_effect$func$cap_pdb_dual_port_compact_engine.sv:124$4080.$result[4:0]$4536
    51/64: $7\first_effect$func$cap_pdb_dual_port_compact_engine.sv:124$4080.found[0:0]$4533
    52/64: $7\first_effect$func$cap_pdb_dual_port_compact_engine.sv:124$4080.$result[4:0]$4532
    53/64: $6\first_effect$func$cap_pdb_dual_port_compact_engine.sv:124$4080.found[0:0]$4529
    54/64: $6\first_effect$func$cap_pdb_dual_port_compact_engine.sv:124$4080.$result[4:0]$4528
    55/64: $5\first_effect$func$cap_pdb_dual_port_compact_engine.sv:124$4080.found[0:0]$4525
    56/64: $5\first_effect$func$cap_pdb_dual_port_compact_engine.sv:124$4080.$result[4:0]$4524
    57/64: $4\first_effect$func$cap_pdb_dual_port_compact_engine.sv:124$4080.found[0:0]$4521
    58/64: $4\first_effect$func$cap_pdb_dual_port_compact_engine.sv:124$4080.$result[4:0]$4520
    59/64: $3\first_effect$func$cap_pdb_dual_port_compact_engine.sv:124$4080.found[0:0]$4517
    60/64: $3\first_effect$func$cap_pdb_dual_port_compact_engine.sv:124$4080.$result[4:0]$4516
    61/64: $2\first_effect$func$cap_pdb_dual_port_compact_engine.sv:124$4080.found[0:0]$4513
    62/64: $2\first_effect$func$cap_pdb_dual_port_compact_engine.sv:124$4080.$result[4:0]$4512
    63/64: $1\first_effect$func$cap_pdb_dual_port_compact_engine.sv:124$4080.found[0:0]$4509
    64/64: $1\first_effect$func$cap_pdb_dual_port_compact_engine.sv:124$4080.$result[4:0]$4508
Creating decoders for process `\cap_pdb_dual_port_compact_allocation_engine.$proc$cap_pdb_dual_port_compact_engine.sv:126$4634'.
     1/64: $32\first_effect$func$cap_pdb_dual_port_compact_engine.sv:126$4081.found[0:0]$4767
     2/64: $32\first_effect$func$cap_pdb_dual_port_compact_engine.sv:126$4081.$result[4:0]$4766
     3/64: $31\first_effect$func$cap_pdb_dual_port_compact_engine.sv:126$4081.found[0:0]$4763
     4/64: $31\first_effect$func$cap_pdb_dual_port_compact_engine.sv:126$4081.$result[4:0]$4762
     5/64: $30\first_effect$func$cap_pdb_dual_port_compact_engine.sv:126$4081.found[0:0]$4759
     6/64: $30\first_effect$func$cap_pdb_dual_port_compact_engine.sv:126$4081.$result[4:0]$4758
     7/64: $29\first_effect$func$cap_pdb_dual_port_compact_engine.sv:126$4081.found[0:0]$4755
     8/64: $29\first_effect$func$cap_pdb_dual_port_compact_engine.sv:126$4081.$result[4:0]$4754
     9/64: $28\first_effect$func$cap_pdb_dual_port_compact_engine.sv:126$4081.found[0:0]$4751
    10/64: $28\first_effect$func$cap_pdb_dual_port_compact_engine.sv:126$4081.$result[4:0]$4750
    11/64: $27\first_effect$func$cap_pdb_dual_port_compact_engine.sv:126$4081.found[0:0]$4747
    12/64: $27\first_effect$func$cap_pdb_dual_port_compact_engine.sv:126$4081.$result[4:0]$4746
    13/64: $26\first_effect$func$cap_pdb_dual_port_compact_engine.sv:126$4081.found[0:0]$4743
    14/64: $26\first_effect$func$cap_pdb_dual_port_compact_engine.sv:126$4081.$result[4:0]$4742
    15/64: $25\first_effect$func$cap_pdb_dual_port_compact_engine.sv:126$4081.found[0:0]$4739
    16/64: $25\first_effect$func$cap_pdb_dual_port_compact_engine.sv:126$4081.$result[4:0]$4738
    17/64: $24\first_effect$func$cap_pdb_dual_port_compact_engine.sv:126$4081.found[0:0]$4735
    18/64: $24\first_effect$func$cap_pdb_dual_port_compact_engine.sv:126$4081.$result[4:0]$4734
    19/64: $23\first_effect$func$cap_pdb_dual_port_compact_engine.sv:126$4081.found[0:0]$4731
    20/64: $23\first_effect$func$cap_pdb_dual_port_compact_engine.sv:126$4081.$result[4:0]$4730
    21/64: $22\first_effect$func$cap_pdb_dual_port_compact_engine.sv:126$4081.found[0:0]$4727
    22/64: $22\first_effect$func$cap_pdb_dual_port_compact_engine.sv:126$4081.$result[4:0]$4726
    23/64: $21\first_effect$func$cap_pdb_dual_port_compact_engine.sv:126$4081.found[0:0]$4723
    24/64: $21\first_effect$func$cap_pdb_dual_port_compact_engine.sv:126$4081.$result[4:0]$4722
    25/64: $20\first_effect$func$cap_pdb_dual_port_compact_engine.sv:126$4081.found[0:0]$4719
    26/64: $20\first_effect$func$cap_pdb_dual_port_compact_engine.sv:126$4081.$result[4:0]$4718
    27/64: $19\first_effect$func$cap_pdb_dual_port_compact_engine.sv:126$4081.found[0:0]$4715
    28/64: $19\first_effect$func$cap_pdb_dual_port_compact_engine.sv:126$4081.$result[4:0]$4714
    29/64: $18\first_effect$func$cap_pdb_dual_port_compact_engine.sv:126$4081.found[0:0]$4711
    30/64: $18\first_effect$func$cap_pdb_dual_port_compact_engine.sv:126$4081.$result[4:0]$4710
    31/64: $17\first_effect$func$cap_pdb_dual_port_compact_engine.sv:126$4081.found[0:0]$4707
    32/64: $17\first_effect$func$cap_pdb_dual_port_compact_engine.sv:126$4081.$result[4:0]$4706
    33/64: $16\first_effect$func$cap_pdb_dual_port_compact_engine.sv:126$4081.found[0:0]$4703
    34/64: $16\first_effect$func$cap_pdb_dual_port_compact_engine.sv:126$4081.$result[4:0]$4702
    35/64: $15\first_effect$func$cap_pdb_dual_port_compact_engine.sv:126$4081.found[0:0]$4699
    36/64: $15\first_effect$func$cap_pdb_dual_port_compact_engine.sv:126$4081.$result[4:0]$4698
    37/64: $14\first_effect$func$cap_pdb_dual_port_compact_engine.sv:126$4081.found[0:0]$4695
    38/64: $14\first_effect$func$cap_pdb_dual_port_compact_engine.sv:126$4081.$result[4:0]$4694
    39/64: $13\first_effect$func$cap_pdb_dual_port_compact_engine.sv:126$4081.found[0:0]$4691
    40/64: $13\first_effect$func$cap_pdb_dual_port_compact_engine.sv:126$4081.$result[4:0]$4690
    41/64: $12\first_effect$func$cap_pdb_dual_port_compact_engine.sv:126$4081.found[0:0]$4687
    42/64: $12\first_effect$func$cap_pdb_dual_port_compact_engine.sv:126$4081.$result[4:0]$4686
    43/64: $11\first_effect$func$cap_pdb_dual_port_compact_engine.sv:126$4081.found[0:0]$4683
    44/64: $11\first_effect$func$cap_pdb_dual_port_compact_engine.sv:126$4081.$result[4:0]$4682
    45/64: $10\first_effect$func$cap_pdb_dual_port_compact_engine.sv:126$4081.found[0:0]$4679
    46/64: $10\first_effect$func$cap_pdb_dual_port_compact_engine.sv:126$4081.$result[4:0]$4678
    47/64: $9\first_effect$func$cap_pdb_dual_port_compact_engine.sv:126$4081.found[0:0]$4675
    48/64: $9\first_effect$func$cap_pdb_dual_port_compact_engine.sv:126$4081.$result[4:0]$4674
    49/64: $8\first_effect$func$cap_pdb_dual_port_compact_engine.sv:126$4081.found[0:0]$4671
    50/64: $8\first_effect$func$cap_pdb_dual_port_compact_engine.sv:126$4081.$result[4:0]$4670
    51/64: $7\first_effect$func$cap_pdb_dual_port_compact_engine.sv:126$4081.found[0:0]$4667
    52/64: $7\first_effect$func$cap_pdb_dual_port_compact_engine.sv:126$4081.$result[4:0]$4666
    53/64: $6\first_effect$func$cap_pdb_dual_port_compact_engine.sv:126$4081.found[0:0]$4663
    54/64: $6\first_effect$func$cap_pdb_dual_port_compact_engine.sv:126$4081.$result[4:0]$4662
    55/64: $5\first_effect$func$cap_pdb_dual_port_compact_engine.sv:126$4081.found[0:0]$4659
    56/64: $5\first_effect$func$cap_pdb_dual_port_compact_engine.sv:126$4081.$result[4:0]$4658
    57/64: $4\first_effect$func$cap_pdb_dual_port_compact_engine.sv:126$4081.found[0:0]$4655
    58/64: $4\first_effect$func$cap_pdb_dual_port_compact_engine.sv:126$4081.$result[4:0]$4654
    59/64: $3\first_effect$func$cap_pdb_dual_port_compact_engine.sv:126$4081.found[0:0]$4651
    60/64: $3\first_effect$func$cap_pdb_dual_port_compact_engine.sv:126$4081.$result[4:0]$4650
    61/64: $2\first_effect$func$cap_pdb_dual_port_compact_engine.sv:126$4081.found[0:0]$4647
    62/64: $2\first_effect$func$cap_pdb_dual_port_compact_engine.sv:126$4081.$result[4:0]$4646
    63/64: $1\first_effect$func$cap_pdb_dual_port_compact_engine.sv:126$4081.found[0:0]$4643
    64/64: $1\first_effect$func$cap_pdb_dual_port_compact_engine.sv:126$4081.$result[4:0]$4642
Creating decoders for process `\cap_pdb_dual_port_compact_allocation_engine.$proc$cap_pdb_dual_port_compact_engine.sv:136$4772'.
     1/3: $3\batch_minimum$func$cap_pdb_dual_port_compact_engine.sv:136$4082.$result[15:0]$4784
     2/3: $2\batch_minimum$func$cap_pdb_dual_port_compact_engine.sv:136$4082.$result[15:0]$4783
     3/3: $1\batch_minimum$func$cap_pdb_dual_port_compact_engine.sv:136$4082.$result[15:0]$4780
Creating decoders for process `\cap_pdb_dual_port_compact_allocation_engine.$proc$cap_pdb_dual_port_compact_engine.sv:124$4797'.
     1/64: $32\first_effect$func$cap_pdb_dual_port_compact_engine.sv:124$4083.found[0:0]$4930
     2/64: $32\first_effect$func$cap_pdb_dual_port_compact_engine.sv:124$4083.$result[4:0]$4929
     3/64: $31\first_effect$func$cap_pdb_dual_port_compact_engine.sv:124$4083.found[0:0]$4926
     4/64: $31\first_effect$func$cap_pdb_dual_port_compact_engine.sv:124$4083.$result[4:0]$4925
     5/64: $30\first_effect$func$cap_pdb_dual_port_compact_engine.sv:124$4083.found[0:0]$4922
     6/64: $30\first_effect$func$cap_pdb_dual_port_compact_engine.sv:124$4083.$result[4:0]$4921
     7/64: $29\first_effect$func$cap_pdb_dual_port_compact_engine.sv:124$4083.found[0:0]$4918
     8/64: $29\first_effect$func$cap_pdb_dual_port_compact_engine.sv:124$4083.$result[4:0]$4917
     9/64: $28\first_effect$func$cap_pdb_dual_port_compact_engine.sv:124$4083.found[0:0]$4914
    10/64: $28\first_effect$func$cap_pdb_dual_port_compact_engine.sv:124$4083.$result[4:0]$4913
    11/64: $27\first_effect$func$cap_pdb_dual_port_compact_engine.sv:124$4083.found[0:0]$4910
    12/64: $27\first_effect$func$cap_pdb_dual_port_compact_engine.sv:124$4083.$result[4:0]$4909
    13/64: $26\first_effect$func$cap_pdb_dual_port_compact_engine.sv:124$4083.found[0:0]$4906
    14/64: $26\first_effect$func$cap_pdb_dual_port_compact_engine.sv:124$4083.$result[4:0]$4905
    15/64: $25\first_effect$func$cap_pdb_dual_port_compact_engine.sv:124$4083.found[0:0]$4902
    16/64: $25\first_effect$func$cap_pdb_dual_port_compact_engine.sv:124$4083.$result[4:0]$4901
    17/64: $24\first_effect$func$cap_pdb_dual_port_compact_engine.sv:124$4083.found[0:0]$4898
    18/64: $24\first_effect$func$cap_pdb_dual_port_compact_engine.sv:124$4083.$result[4:0]$4897
    19/64: $23\first_effect$func$cap_pdb_dual_port_compact_engine.sv:124$4083.found[0:0]$4894
    20/64: $23\first_effect$func$cap_pdb_dual_port_compact_engine.sv:124$4083.$result[4:0]$4893
    21/64: $22\first_effect$func$cap_pdb_dual_port_compact_engine.sv:124$4083.found[0:0]$4890
    22/64: $22\first_effect$func$cap_pdb_dual_port_compact_engine.sv:124$4083.$result[4:0]$4889
    23/64: $21\first_effect$func$cap_pdb_dual_port_compact_engine.sv:124$4083.found[0:0]$4886
    24/64: $21\first_effect$func$cap_pdb_dual_port_compact_engine.sv:124$4083.$result[4:0]$4885
    25/64: $20\first_effect$func$cap_pdb_dual_port_compact_engine.sv:124$4083.found[0:0]$4882
    26/64: $20\first_effect$func$cap_pdb_dual_port_compact_engine.sv:124$4083.$result[4:0]$4881
    27/64: $19\first_effect$func$cap_pdb_dual_port_compact_engine.sv:124$4083.found[0:0]$4878
    28/64: $19\first_effect$func$cap_pdb_dual_port_compact_engine.sv:124$4083.$result[4:0]$4877
    29/64: $18\first_effect$func$cap_pdb_dual_port_compact_engine.sv:124$4083.found[0:0]$4874
    30/64: $18\first_effect$func$cap_pdb_dual_port_compact_engine.sv:124$4083.$result[4:0]$4873
    31/64: $17\first_effect$func$cap_pdb_dual_port_compact_engine.sv:124$4083.found[0:0]$4870
    32/64: $17\first_effect$func$cap_pdb_dual_port_compact_engine.sv:124$4083.$result[4:0]$4869
    33/64: $16\first_effect$func$cap_pdb_dual_port_compact_engine.sv:124$4083.found[0:0]$4866
    34/64: $16\first_effect$func$cap_pdb_dual_port_compact_engine.sv:124$4083.$result[4:0]$4865
    35/64: $15\first_effect$func$cap_pdb_dual_port_compact_engine.sv:124$4083.found[0:0]$4862
    36/64: $15\first_effect$func$cap_pdb_dual_port_compact_engine.sv:124$4083.$result[4:0]$4861
    37/64: $14\first_effect$func$cap_pdb_dual_port_compact_engine.sv:124$4083.found[0:0]$4858
    38/64: $14\first_effect$func$cap_pdb_dual_port_compact_engine.sv:124$4083.$result[4:0]$4857
    39/64: $13\first_effect$func$cap_pdb_dual_port_compact_engine.sv:124$4083.found[0:0]$4854
    40/64: $13\first_effect$func$cap_pdb_dual_port_compact_engine.sv:124$4083.$result[4:0]$4853
    41/64: $12\first_effect$func$cap_pdb_dual_port_compact_engine.sv:124$4083.found[0:0]$4850
    42/64: $12\first_effect$func$cap_pdb_dual_port_compact_engine.sv:124$4083.$result[4:0]$4849
    43/64: $11\first_effect$func$cap_pdb_dual_port_compact_engine.sv:124$4083.found[0:0]$4846
    44/64: $11\first_effect$func$cap_pdb_dual_port_compact_engine.sv:124$4083.$result[4:0]$4845
    45/64: $10\first_effect$func$cap_pdb_dual_port_compact_engine.sv:124$4083.found[0:0]$4842
    46/64: $10\first_effect$func$cap_pdb_dual_port_compact_engine.sv:124$4083.$result[4:0]$4841
    47/64: $9\first_effect$func$cap_pdb_dual_port_compact_engine.sv:124$4083.found[0:0]$4838
    48/64: $9\first_effect$func$cap_pdb_dual_port_compact_engine.sv:124$4083.$result[4:0]$4837
    49/64: $8\first_effect$func$cap_pdb_dual_port_compact_engine.sv:124$4083.found[0:0]$4834
    50/64: $8\first_effect$func$cap_pdb_dual_port_compact_engine.sv:124$4083.$result[4:0]$4833
    51/64: $7\first_effect$func$cap_pdb_dual_port_compact_engine.sv:124$4083.found[0:0]$4830
    52/64: $7\first_effect$func$cap_pdb_dual_port_compact_engine.sv:124$4083.$result[4:0]$4829
    53/64: $6\first_effect$func$cap_pdb_dual_port_compact_engine.sv:124$4083.found[0:0]$4826
    54/64: $6\first_effect$func$cap_pdb_dual_port_compact_engine.sv:124$4083.$result[4:0]$4825
    55/64: $5\first_effect$func$cap_pdb_dual_port_compact_engine.sv:124$4083.found[0:0]$4822
    56/64: $5\first_effect$func$cap_pdb_dual_port_compact_engine.sv:124$4083.$result[4:0]$4821
    57/64: $4\first_effect$func$cap_pdb_dual_port_compact_engine.sv:124$4083.found[0:0]$4818
    58/64: $4\first_effect$func$cap_pdb_dual_port_compact_engine.sv:124$4083.$result[4:0]$4817
    59/64: $3\first_effect$func$cap_pdb_dual_port_compact_engine.sv:124$4083.found[0:0]$4814
    60/64: $3\first_effect$func$cap_pdb_dual_port_compact_engine.sv:124$4083.$result[4:0]$4813
    61/64: $2\first_effect$func$cap_pdb_dual_port_compact_engine.sv:124$4083.found[0:0]$4810
    62/64: $2\first_effect$func$cap_pdb_dual_port_compact_engine.sv:124$4083.$result[4:0]$4809
    63/64: $1\first_effect$func$cap_pdb_dual_port_compact_engine.sv:124$4083.found[0:0]$4806
    64/64: $1\first_effect$func$cap_pdb_dual_port_compact_engine.sv:124$4083.$result[4:0]$4805
Creating decoders for process `\cap_pdb_dual_port_compact_allocation_engine.$proc$cap_pdb_dual_port_compact_engine.sv:126$4931'.
     1/64: $32\first_effect$func$cap_pdb_dual_port_compact_engine.sv:126$4084.found[0:0]$5064
     2/64: $32\first_effect$func$cap_pdb_dual_port_compact_engine.sv:126$4084.$result[4:0]$5063
     3/64: $31\first_effect$func$cap_pdb_dual_port_compact_engine.sv:126$4084.found[0:0]$5060
     4/64: $31\first_effect$func$cap_pdb_dual_port_compact_engine.sv:126$4084.$result[4:0]$5059
     5/64: $30\first_effect$func$cap_pdb_dual_port_compact_engine.sv:126$4084.found[0:0]$5056
     6/64: $30\first_effect$func$cap_pdb_dual_port_compact_engine.sv:126$4084.$result[4:0]$5055
     7/64: $29\first_effect$func$cap_pdb_dual_port_compact_engine.sv:126$4084.found[0:0]$5052
     8/64: $29\first_effect$func$cap_pdb_dual_port_compact_engine.sv:126$4084.$result[4:0]$5051
     9/64: $28\first_effect$func$cap_pdb_dual_port_compact_engine.sv:126$4084.found[0:0]$5048
    10/64: $28\first_effect$func$cap_pdb_dual_port_compact_engine.sv:126$4084.$result[4:0]$5047
    11/64: $27\first_effect$func$cap_pdb_dual_port_compact_engine.sv:126$4084.found[0:0]$5044
    12/64: $27\first_effect$func$cap_pdb_dual_port_compact_engine.sv:126$4084.$result[4:0]$5043
    13/64: $26\first_effect$func$cap_pdb_dual_port_compact_engine.sv:126$4084.found[0:0]$5040
    14/64: $26\first_effect$func$cap_pdb_dual_port_compact_engine.sv:126$4084.$result[4:0]$5039
    15/64: $25\first_effect$func$cap_pdb_dual_port_compact_engine.sv:126$4084.found[0:0]$5036
    16/64: $25\first_effect$func$cap_pdb_dual_port_compact_engine.sv:126$4084.$result[4:0]$5035
    17/64: $24\first_effect$func$cap_pdb_dual_port_compact_engine.sv:126$4084.found[0:0]$5032
    18/64: $24\first_effect$func$cap_pdb_dual_port_compact_engine.sv:126$4084.$result[4:0]$5031
    19/64: $23\first_effect$func$cap_pdb_dual_port_compact_engine.sv:126$4084.found[0:0]$5028
    20/64: $23\first_effect$func$cap_pdb_dual_port_compact_engine.sv:126$4084.$result[4:0]$5027
    21/64: $22\first_effect$func$cap_pdb_dual_port_compact_engine.sv:126$4084.found[0:0]$5024
    22/64: $22\first_effect$func$cap_pdb_dual_port_compact_engine.sv:126$4084.$result[4:0]$5023
    23/64: $21\first_effect$func$cap_pdb_dual_port_compact_engine.sv:126$4084.found[0:0]$5020
    24/64: $21\first_effect$func$cap_pdb_dual_port_compact_engine.sv:126$4084.$result[4:0]$5019
    25/64: $20\first_effect$func$cap_pdb_dual_port_compact_engine.sv:126$4084.found[0:0]$5016
    26/64: $20\first_effect$func$cap_pdb_dual_port_compact_engine.sv:126$4084.$result[4:0]$5015
    27/64: $19\first_effect$func$cap_pdb_dual_port_compact_engine.sv:126$4084.found[0:0]$5012
    28/64: $19\first_effect$func$cap_pdb_dual_port_compact_engine.sv:126$4084.$result[4:0]$5011
    29/64: $18\first_effect$func$cap_pdb_dual_port_compact_engine.sv:126$4084.found[0:0]$5008
    30/64: $18\first_effect$func$cap_pdb_dual_port_compact_engine.sv:126$4084.$result[4:0]$5007
    31/64: $17\first_effect$func$cap_pdb_dual_port_compact_engine.sv:126$4084.found[0:0]$5004
    32/64: $17\first_effect$func$cap_pdb_dual_port_compact_engine.sv:126$4084.$result[4:0]$5003
    33/64: $16\first_effect$func$cap_pdb_dual_port_compact_engine.sv:126$4084.found[0:0]$5000
    34/64: $16\first_effect$func$cap_pdb_dual_port_compact_engine.sv:126$4084.$result[4:0]$4999
    35/64: $15\first_effect$func$cap_pdb_dual_port_compact_engine.sv:126$4084.found[0:0]$4996
    36/64: $15\first_effect$func$cap_pdb_dual_port_compact_engine.sv:126$4084.$result[4:0]$4995
    37/64: $14\first_effect$func$cap_pdb_dual_port_compact_engine.sv:126$4084.found[0:0]$4992
    38/64: $14\first_effect$func$cap_pdb_dual_port_compact_engine.sv:126$4084.$result[4:0]$4991
    39/64: $13\first_effect$func$cap_pdb_dual_port_compact_engine.sv:126$4084.found[0:0]$4988
    40/64: $13\first_effect$func$cap_pdb_dual_port_compact_engine.sv:126$4084.$result[4:0]$4987
    41/64: $12\first_effect$func$cap_pdb_dual_port_compact_engine.sv:126$4084.found[0:0]$4984
    42/64: $12\first_effect$func$cap_pdb_dual_port_compact_engine.sv:126$4084.$result[4:0]$4983
    43/64: $11\first_effect$func$cap_pdb_dual_port_compact_engine.sv:126$4084.found[0:0]$4980
    44/64: $11\first_effect$func$cap_pdb_dual_port_compact_engine.sv:126$4084.$result[4:0]$4979
    45/64: $10\first_effect$func$cap_pdb_dual_port_compact_engine.sv:126$4084.found[0:0]$4976
    46/64: $10\first_effect$func$cap_pdb_dual_port_compact_engine.sv:126$4084.$result[4:0]$4975
    47/64: $9\first_effect$func$cap_pdb_dual_port_compact_engine.sv:126$4084.found[0:0]$4972
    48/64: $9\first_effect$func$cap_pdb_dual_port_compact_engine.sv:126$4084.$result[4:0]$4971
    49/64: $8\first_effect$func$cap_pdb_dual_port_compact_engine.sv:126$4084.found[0:0]$4968
    50/64: $8\first_effect$func$cap_pdb_dual_port_compact_engine.sv:126$4084.$result[4:0]$4967
    51/64: $7\first_effect$func$cap_pdb_dual_port_compact_engine.sv:126$4084.found[0:0]$4964
    52/64: $7\first_effect$func$cap_pdb_dual_port_compact_engine.sv:126$4084.$result[4:0]$4963
    53/64: $6\first_effect$func$cap_pdb_dual_port_compact_engine.sv:126$4084.found[0:0]$4960
    54/64: $6\first_effect$func$cap_pdb_dual_port_compact_engine.sv:126$4084.$result[4:0]$4959
    55/64: $5\first_effect$func$cap_pdb_dual_port_compact_engine.sv:126$4084.found[0:0]$4956
    56/64: $5\first_effect$func$cap_pdb_dual_port_compact_engine.sv:126$4084.$result[4:0]$4955
    57/64: $4\first_effect$func$cap_pdb_dual_port_compact_engine.sv:126$4084.found[0:0]$4952
    58/64: $4\first_effect$func$cap_pdb_dual_port_compact_engine.sv:126$4084.$result[4:0]$4951
    59/64: $3\first_effect$func$cap_pdb_dual_port_compact_engine.sv:126$4084.found[0:0]$4948
    60/64: $3\first_effect$func$cap_pdb_dual_port_compact_engine.sv:126$4084.$result[4:0]$4947
    61/64: $2\first_effect$func$cap_pdb_dual_port_compact_engine.sv:126$4084.found[0:0]$4944
    62/64: $2\first_effect$func$cap_pdb_dual_port_compact_engine.sv:126$4084.$result[4:0]$4943
    63/64: $1\first_effect$func$cap_pdb_dual_port_compact_engine.sv:126$4084.found[0:0]$4940
    64/64: $1\first_effect$func$cap_pdb_dual_port_compact_engine.sv:126$4084.$result[4:0]$4939
Creating decoders for process `\cap_pdb_dual_port_compact_allocation_engine.$proc$cap_pdb_dual_port_compact_engine.sv:136$5069'.
     1/3: $3\batch_minimum$func$cap_pdb_dual_port_compact_engine.sv:136$4085.$result[15:0]$5081
     2/3: $2\batch_minimum$func$cap_pdb_dual_port_compact_engine.sv:136$4085.$result[15:0]$5080
     3/3: $1\batch_minimum$func$cap_pdb_dual_port_compact_engine.sv:136$4085.$result[15:0]$5077
Creating decoders for process `\cap_pdb_dual_port_compact_allocation_engine.$proc$cap_pdb_dual_port_compact_engine.sv:124$5094'.
     1/64: $32\first_effect$func$cap_pdb_dual_port_compact_engine.sv:124$4086.found[0:0]$5227
     2/64: $32\first_effect$func$cap_pdb_dual_port_compact_engine.sv:124$4086.$result[4:0]$5226
     3/64: $31\first_effect$func$cap_pdb_dual_port_compact_engine.sv:124$4086.found[0:0]$5223
     4/64: $31\first_effect$func$cap_pdb_dual_port_compact_engine.sv:124$4086.$result[4:0]$5222
     5/64: $30\first_effect$func$cap_pdb_dual_port_compact_engine.sv:124$4086.found[0:0]$5219
     6/64: $30\first_effect$func$cap_pdb_dual_port_compact_engine.sv:124$4086.$result[4:0]$5218
     7/64: $29\first_effect$func$cap_pdb_dual_port_compact_engine.sv:124$4086.found[0:0]$5215
     8/64: $29\first_effect$func$cap_pdb_dual_port_compact_engine.sv:124$4086.$result[4:0]$5214
     9/64: $28\first_effect$func$cap_pdb_dual_port_compact_engine.sv:124$4086.found[0:0]$5211
    10/64: $28\first_effect$func$cap_pdb_dual_port_compact_engine.sv:124$4086.$result[4:0]$5210
    11/64: $27\first_effect$func$cap_pdb_dual_port_compact_engine.sv:124$4086.found[0:0]$5207
    12/64: $27\first_effect$func$cap_pdb_dual_port_compact_engine.sv:124$4086.$result[4:0]$5206
    13/64: $26\first_effect$func$cap_pdb_dual_port_compact_engine.sv:124$4086.found[0:0]$5203
    14/64: $26\first_effect$func$cap_pdb_dual_port_compact_engine.sv:124$4086.$result[4:0]$5202
    15/64: $25\first_effect$func$cap_pdb_dual_port_compact_engine.sv:124$4086.found[0:0]$5199
    16/64: $25\first_effect$func$cap_pdb_dual_port_compact_engine.sv:124$4086.$result[4:0]$5198
    17/64: $24\first_effect$func$cap_pdb_dual_port_compact_engine.sv:124$4086.found[0:0]$5195
    18/64: $24\first_effect$func$cap_pdb_dual_port_compact_engine.sv:124$4086.$result[4:0]$5194
    19/64: $23\first_effect$func$cap_pdb_dual_port_compact_engine.sv:124$4086.found[0:0]$5191
    20/64: $23\first_effect$func$cap_pdb_dual_port_compact_engine.sv:124$4086.$result[4:0]$5190
    21/64: $22\first_effect$func$cap_pdb_dual_port_compact_engine.sv:124$4086.found[0:0]$5187
    22/64: $22\first_effect$func$cap_pdb_dual_port_compact_engine.sv:124$4086.$result[4:0]$5186
    23/64: $21\first_effect$func$cap_pdb_dual_port_compact_engine.sv:124$4086.found[0:0]$5183
    24/64: $21\first_effect$func$cap_pdb_dual_port_compact_engine.sv:124$4086.$result[4:0]$5182
    25/64: $20\first_effect$func$cap_pdb_dual_port_compact_engine.sv:124$4086.found[0:0]$5179
    26/64: $20\first_effect$func$cap_pdb_dual_port_compact_engine.sv:124$4086.$result[4:0]$5178
    27/64: $19\first_effect$func$cap_pdb_dual_port_compact_engine.sv:124$4086.found[0:0]$5175
    28/64: $19\first_effect$func$cap_pdb_dual_port_compact_engine.sv:124$4086.$result[4:0]$5174
    29/64: $18\first_effect$func$cap_pdb_dual_port_compact_engine.sv:124$4086.found[0:0]$5171
    30/64: $18\first_effect$func$cap_pdb_dual_port_compact_engine.sv:124$4086.$result[4:0]$5170
    31/64: $17\first_effect$func$cap_pdb_dual_port_compact_engine.sv:124$4086.found[0:0]$5167
    32/64: $17\first_effect$func$cap_pdb_dual_port_compact_engine.sv:124$4086.$result[4:0]$5166
    33/64: $16\first_effect$func$cap_pdb_dual_port_compact_engine.sv:124$4086.found[0:0]$5163
    34/64: $16\first_effect$func$cap_pdb_dual_port_compact_engine.sv:124$4086.$result[4:0]$5162
    35/64: $15\first_effect$func$cap_pdb_dual_port_compact_engine.sv:124$4086.found[0:0]$5159
    36/64: $15\first_effect$func$cap_pdb_dual_port_compact_engine.sv:124$4086.$result[4:0]$5158
    37/64: $14\first_effect$func$cap_pdb_dual_port_compact_engine.sv:124$4086.found[0:0]$5155
    38/64: $14\first_effect$func$cap_pdb_dual_port_compact_engine.sv:124$4086.$result[4:0]$5154
    39/64: $13\first_effect$func$cap_pdb_dual_port_compact_engine.sv:124$4086.found[0:0]$5151
    40/64: $13\first_effect$func$cap_pdb_dual_port_compact_engine.sv:124$4086.$result[4:0]$5150
    41/64: $12\first_effect$func$cap_pdb_dual_port_compact_engine.sv:124$4086.found[0:0]$5147
    42/64: $12\first_effect$func$cap_pdb_dual_port_compact_engine.sv:124$4086.$result[4:0]$5146
    43/64: $11\first_effect$func$cap_pdb_dual_port_compact_engine.sv:124$4086.found[0:0]$5143
    44/64: $11\first_effect$func$cap_pdb_dual_port_compact_engine.sv:124$4086.$result[4:0]$5142
    45/64: $10\first_effect$func$cap_pdb_dual_port_compact_engine.sv:124$4086.found[0:0]$5139
    46/64: $10\first_effect$func$cap_pdb_dual_port_compact_engine.sv:124$4086.$result[4:0]$5138
    47/64: $9\first_effect$func$cap_pdb_dual_port_compact_engine.sv:124$4086.found[0:0]$5135
    48/64: $9\first_effect$func$cap_pdb_dual_port_compact_engine.sv:124$4086.$result[4:0]$5134
    49/64: $8\first_effect$func$cap_pdb_dual_port_compact_engine.sv:124$4086.found[0:0]$5131
    50/64: $8\first_effect$func$cap_pdb_dual_port_compact_engine.sv:124$4086.$result[4:0]$5130
    51/64: $7\first_effect$func$cap_pdb_dual_port_compact_engine.sv:124$4086.found[0:0]$5127
    52/64: $7\first_effect$func$cap_pdb_dual_port_compact_engine.sv:124$4086.$result[4:0]$5126
    53/64: $6\first_effect$func$cap_pdb_dual_port_compact_engine.sv:124$4086.found[0:0]$5123
    54/64: $6\first_effect$func$cap_pdb_dual_port_compact_engine.sv:124$4086.$result[4:0]$5122
    55/64: $5\first_effect$func$cap_pdb_dual_port_compact_engine.sv:124$4086.found[0:0]$5119
    56/64: $5\first_effect$func$cap_pdb_dual_port_compact_engine.sv:124$4086.$result[4:0]$5118
    57/64: $4\first_effect$func$cap_pdb_dual_port_compact_engine.sv:124$4086.found[0:0]$5115
    58/64: $4\first_effect$func$cap_pdb_dual_port_compact_engine.sv:124$4086.$result[4:0]$5114
    59/64: $3\first_effect$func$cap_pdb_dual_port_compact_engine.sv:124$4086.found[0:0]$5111
    60/64: $3\first_effect$func$cap_pdb_dual_port_compact_engine.sv:124$4086.$result[4:0]$5110
    61/64: $2\first_effect$func$cap_pdb_dual_port_compact_engine.sv:124$4086.found[0:0]$5107
    62/64: $2\first_effect$func$cap_pdb_dual_port_compact_engine.sv:124$4086.$result[4:0]$5106
    63/64: $1\first_effect$func$cap_pdb_dual_port_compact_engine.sv:124$4086.found[0:0]$5103
    64/64: $1\first_effect$func$cap_pdb_dual_port_compact_engine.sv:124$4086.$result[4:0]$5102
Creating decoders for process `\cap_pdb_dual_port_compact_allocation_engine.$proc$cap_pdb_dual_port_compact_engine.sv:126$5228'.
     1/64: $32\first_effect$func$cap_pdb_dual_port_compact_engine.sv:126$4087.found[0:0]$5361
     2/64: $32\first_effect$func$cap_pdb_dual_port_compact_engine.sv:126$4087.$result[4:0]$5360
     3/64: $31\first_effect$func$cap_pdb_dual_port_compact_engine.sv:126$4087.found[0:0]$5357
     4/64: $31\first_effect$func$cap_pdb_dual_port_compact_engine.sv:126$4087.$result[4:0]$5356
     5/64: $30\first_effect$func$cap_pdb_dual_port_compact_engine.sv:126$4087.found[0:0]$5353
     6/64: $30\first_effect$func$cap_pdb_dual_port_compact_engine.sv:126$4087.$result[4:0]$5352
     7/64: $29\first_effect$func$cap_pdb_dual_port_compact_engine.sv:126$4087.found[0:0]$5349
     8/64: $29\first_effect$func$cap_pdb_dual_port_compact_engine.sv:126$4087.$result[4:0]$5348
     9/64: $28\first_effect$func$cap_pdb_dual_port_compact_engine.sv:126$4087.found[0:0]$5345
    10/64: $28\first_effect$func$cap_pdb_dual_port_compact_engine.sv:126$4087.$result[4:0]$5344
    11/64: $27\first_effect$func$cap_pdb_dual_port_compact_engine.sv:126$4087.found[0:0]$5341
    12/64: $27\first_effect$func$cap_pdb_dual_port_compact_engine.sv:126$4087.$result[4:0]$5340
    13/64: $26\first_effect$func$cap_pdb_dual_port_compact_engine.sv:126$4087.found[0:0]$5337
    14/64: $26\first_effect$func$cap_pdb_dual_port_compact_engine.sv:126$4087.$result[4:0]$5336
    15/64: $25\first_effect$func$cap_pdb_dual_port_compact_engine.sv:126$4087.found[0:0]$5333
    16/64: $25\first_effect$func$cap_pdb_dual_port_compact_engine.sv:126$4087.$result[4:0]$5332
    17/64: $24\first_effect$func$cap_pdb_dual_port_compact_engine.sv:126$4087.found[0:0]$5329
    18/64: $24\first_effect$func$cap_pdb_dual_port_compact_engine.sv:126$4087.$result[4:0]$5328
    19/64: $23\first_effect$func$cap_pdb_dual_port_compact_engine.sv:126$4087.found[0:0]$5325
    20/64: $23\first_effect$func$cap_pdb_dual_port_compact_engine.sv:126$4087.$result[4:0]$5324
    21/64: $22\first_effect$func$cap_pdb_dual_port_compact_engine.sv:126$4087.found[0:0]$5321
    22/64: $22\first_effect$func$cap_pdb_dual_port_compact_engine.sv:126$4087.$result[4:0]$5320
    23/64: $21\first_effect$func$cap_pdb_dual_port_compact_engine.sv:126$4087.found[0:0]$5317
    24/64: $21\first_effect$func$cap_pdb_dual_port_compact_engine.sv:126$4087.$result[4:0]$5316
    25/64: $20\first_effect$func$cap_pdb_dual_port_compact_engine.sv:126$4087.found[0:0]$5313
    26/64: $20\first_effect$func$cap_pdb_dual_port_compact_engine.sv:126$4087.$result[4:0]$5312
    27/64: $19\first_effect$func$cap_pdb_dual_port_compact_engine.sv:126$4087.found[0:0]$5309
    28/64: $19\first_effect$func$cap_pdb_dual_port_compact_engine.sv:126$4087.$result[4:0]$5308
    29/64: $18\first_effect$func$cap_pdb_dual_port_compact_engine.sv:126$4087.found[0:0]$5305
    30/64: $18\first_effect$func$cap_pdb_dual_port_compact_engine.sv:126$4087.$result[4:0]$5304
    31/64: $17\first_effect$func$cap_pdb_dual_port_compact_engine.sv:126$4087.found[0:0]$5301
    32/64: $17\first_effect$func$cap_pdb_dual_port_compact_engine.sv:126$4087.$result[4:0]$5300
    33/64: $16\first_effect$func$cap_pdb_dual_port_compact_engine.sv:126$4087.found[0:0]$5297
    34/64: $16\first_effect$func$cap_pdb_dual_port_compact_engine.sv:126$4087.$result[4:0]$5296
    35/64: $15\first_effect$func$cap_pdb_dual_port_compact_engine.sv:126$4087.found[0:0]$5293
    36/64: $15\first_effect$func$cap_pdb_dual_port_compact_engine.sv:126$4087.$result[4:0]$5292
    37/64: $14\first_effect$func$cap_pdb_dual_port_compact_engine.sv:126$4087.found[0:0]$5289
    38/64: $14\first_effect$func$cap_pdb_dual_port_compact_engine.sv:126$4087.$result[4:0]$5288
    39/64: $13\first_effect$func$cap_pdb_dual_port_compact_engine.sv:126$4087.found[0:0]$5285
    40/64: $13\first_effect$func$cap_pdb_dual_port_compact_engine.sv:126$4087.$result[4:0]$5284
    41/64: $12\first_effect$func$cap_pdb_dual_port_compact_engine.sv:126$4087.found[0:0]$5281
    42/64: $12\first_effect$func$cap_pdb_dual_port_compact_engine.sv:126$4087.$result[4:0]$5280
    43/64: $11\first_effect$func$cap_pdb_dual_port_compact_engine.sv:126$4087.found[0:0]$5277
    44/64: $11\first_effect$func$cap_pdb_dual_port_compact_engine.sv:126$4087.$result[4:0]$5276
    45/64: $10\first_effect$func$cap_pdb_dual_port_compact_engine.sv:126$4087.found[0:0]$5273
    46/64: $10\first_effect$func$cap_pdb_dual_port_compact_engine.sv:126$4087.$result[4:0]$5272
    47/64: $9\first_effect$func$cap_pdb_dual_port_compact_engine.sv:126$4087.found[0:0]$5269
    48/64: $9\first_effect$func$cap_pdb_dual_port_compact_engine.sv:126$4087.$result[4:0]$5268
    49/64: $8\first_effect$func$cap_pdb_dual_port_compact_engine.sv:126$4087.found[0:0]$5265
    50/64: $8\first_effect$func$cap_pdb_dual_port_compact_engine.sv:126$4087.$result[4:0]$5264
    51/64: $7\first_effect$func$cap_pdb_dual_port_compact_engine.sv:126$4087.found[0:0]$5261
    52/64: $7\first_effect$func$cap_pdb_dual_port_compact_engine.sv:126$4087.$result[4:0]$5260
    53/64: $6\first_effect$func$cap_pdb_dual_port_compact_engine.sv:126$4087.found[0:0]$5257
    54/64: $6\first_effect$func$cap_pdb_dual_port_compact_engine.sv:126$4087.$result[4:0]$5256
    55/64: $5\first_effect$func$cap_pdb_dual_port_compact_engine.sv:126$4087.found[0:0]$5253
    56/64: $5\first_effect$func$cap_pdb_dual_port_compact_engine.sv:126$4087.$result[4:0]$5252
    57/64: $4\first_effect$func$cap_pdb_dual_port_compact_engine.sv:126$4087.found[0:0]$5249
    58/64: $4\first_effect$func$cap_pdb_dual_port_compact_engine.sv:126$4087.$result[4:0]$5248
    59/64: $3\first_effect$func$cap_pdb_dual_port_compact_engine.sv:126$4087.found[0:0]$5245
    60/64: $3\first_effect$func$cap_pdb_dual_port_compact_engine.sv:126$4087.$result[4:0]$5244
    61/64: $2\first_effect$func$cap_pdb_dual_port_compact_engine.sv:126$4087.found[0:0]$5241
    62/64: $2\first_effect$func$cap_pdb_dual_port_compact_engine.sv:126$4087.$result[4:0]$5240
    63/64: $1\first_effect$func$cap_pdb_dual_port_compact_engine.sv:126$4087.found[0:0]$5237
    64/64: $1\first_effect$func$cap_pdb_dual_port_compact_engine.sv:126$4087.$result[4:0]$5236
Creating decoders for process `\cap_pdb_dual_port_compact_allocation_engine.$proc$cap_pdb_dual_port_compact_engine.sv:136$5366'.
     1/3: $3\batch_minimum$func$cap_pdb_dual_port_compact_engine.sv:136$4088.$result[15:0]$5378
     2/3: $2\batch_minimum$func$cap_pdb_dual_port_compact_engine.sv:136$4088.$result[15:0]$5377
     3/3: $1\batch_minimum$func$cap_pdb_dual_port_compact_engine.sv:136$4088.$result[15:0]$5374
Creating decoders for process `\cap_pdb_dual_port_compact_allocation_engine.$proc$cap_pdb_dual_port_compact_engine.sv:124$5391'.
     1/64: $32\first_effect$func$cap_pdb_dual_port_compact_engine.sv:124$4089.found[0:0]$5524
     2/64: $32\first_effect$func$cap_pdb_dual_port_compact_engine.sv:124$4089.$result[4:0]$5523
     3/64: $31\first_effect$func$cap_pdb_dual_port_compact_engine.sv:124$4089.found[0:0]$5520
     4/64: $31\first_effect$func$cap_pdb_dual_port_compact_engine.sv:124$4089.$result[4:0]$5519
     5/64: $30\first_effect$func$cap_pdb_dual_port_compact_engine.sv:124$4089.found[0:0]$5516
     6/64: $30\first_effect$func$cap_pdb_dual_port_compact_engine.sv:124$4089.$result[4:0]$5515
     7/64: $29\first_effect$func$cap_pdb_dual_port_compact_engine.sv:124$4089.found[0:0]$5512
     8/64: $29\first_effect$func$cap_pdb_dual_port_compact_engine.sv:124$4089.$result[4:0]$5511
     9/64: $28\first_effect$func$cap_pdb_dual_port_compact_engine.sv:124$4089.found[0:0]$5508
    10/64: $28\first_effect$func$cap_pdb_dual_port_compact_engine.sv:124$4089.$result[4:0]$5507
    11/64: $27\first_effect$func$cap_pdb_dual_port_compact_engine.sv:124$4089.found[0:0]$5504
    12/64: $27\first_effect$func$cap_pdb_dual_port_compact_engine.sv:124$4089.$result[4:0]$5503
    13/64: $26\first_effect$func$cap_pdb_dual_port_compact_engine.sv:124$4089.found[0:0]$5500
    14/64: $26\first_effect$func$cap_pdb_dual_port_compact_engine.sv:124$4089.$result[4:0]$5499
    15/64: $25\first_effect$func$cap_pdb_dual_port_compact_engine.sv:124$4089.found[0:0]$5496
    16/64: $25\first_effect$func$cap_pdb_dual_port_compact_engine.sv:124$4089.$result[4:0]$5495
    17/64: $24\first_effect$func$cap_pdb_dual_port_compact_engine.sv:124$4089.found[0:0]$5492
    18/64: $24\first_effect$func$cap_pdb_dual_port_compact_engine.sv:124$4089.$result[4:0]$5491
    19/64: $23\first_effect$func$cap_pdb_dual_port_compact_engine.sv:124$4089.found[0:0]$5488
    20/64: $23\first_effect$func$cap_pdb_dual_port_compact_engine.sv:124$4089.$result[4:0]$5487
    21/64: $22\first_effect$func$cap_pdb_dual_port_compact_engine.sv:124$4089.found[0:0]$5484
    22/64: $22\first_effect$func$cap_pdb_dual_port_compact_engine.sv:124$4089.$result[4:0]$5483
    23/64: $21\first_effect$func$cap_pdb_dual_port_compact_engine.sv:124$4089.found[0:0]$5480
    24/64: $21\first_effect$func$cap_pdb_dual_port_compact_engine.sv:124$4089.$result[4:0]$5479
    25/64: $20\first_effect$func$cap_pdb_dual_port_compact_engine.sv:124$4089.found[0:0]$5476
    26/64: $20\first_effect$func$cap_pdb_dual_port_compact_engine.sv:124$4089.$result[4:0]$5475
    27/64: $19\first_effect$func$cap_pdb_dual_port_compact_engine.sv:124$4089.found[0:0]$5472
    28/64: $19\first_effect$func$cap_pdb_dual_port_compact_engine.sv:124$4089.$result[4:0]$5471
    29/64: $18\first_effect$func$cap_pdb_dual_port_compact_engine.sv:124$4089.found[0:0]$5468
    30/64: $18\first_effect$func$cap_pdb_dual_port_compact_engine.sv:124$4089.$result[4:0]$5467
    31/64: $17\first_effect$func$cap_pdb_dual_port_compact_engine.sv:124$4089.found[0:0]$5464
    32/64: $17\first_effect$func$cap_pdb_dual_port_compact_engine.sv:124$4089.$result[4:0]$5463
    33/64: $16\first_effect$func$cap_pdb_dual_port_compact_engine.sv:124$4089.found[0:0]$5460
    34/64: $16\first_effect$func$cap_pdb_dual_port_compact_engine.sv:124$4089.$result[4:0]$5459
    35/64: $15\first_effect$func$cap_pdb_dual_port_compact_engine.sv:124$4089.found[0:0]$5456
    36/64: $15\first_effect$func$cap_pdb_dual_port_compact_engine.sv:124$4089.$result[4:0]$5455
    37/64: $14\first_effect$func$cap_pdb_dual_port_compact_engine.sv:124$4089.found[0:0]$5452
    38/64: $14\first_effect$func$cap_pdb_dual_port_compact_engine.sv:124$4089.$result[4:0]$5451
    39/64: $13\first_effect$func$cap_pdb_dual_port_compact_engine.sv:124$4089.found[0:0]$5448
    40/64: $13\first_effect$func$cap_pdb_dual_port_compact_engine.sv:124$4089.$result[4:0]$5447
    41/64: $12\first_effect$func$cap_pdb_dual_port_compact_engine.sv:124$4089.found[0:0]$5444
    42/64: $12\first_effect$func$cap_pdb_dual_port_compact_engine.sv:124$4089.$result[4:0]$5443
    43/64: $11\first_effect$func$cap_pdb_dual_port_compact_engine.sv:124$4089.found[0:0]$5440
    44/64: $11\first_effect$func$cap_pdb_dual_port_compact_engine.sv:124$4089.$result[4:0]$5439
    45/64: $10\first_effect$func$cap_pdb_dual_port_compact_engine.sv:124$4089.found[0:0]$5436
    46/64: $10\first_effect$func$cap_pdb_dual_port_compact_engine.sv:124$4089.$result[4:0]$5435
    47/64: $9\first_effect$func$cap_pdb_dual_port_compact_engine.sv:124$4089.found[0:0]$5432
    48/64: $9\first_effect$func$cap_pdb_dual_port_compact_engine.sv:124$4089.$result[4:0]$5431
    49/64: $8\first_effect$func$cap_pdb_dual_port_compact_engine.sv:124$4089.found[0:0]$5428
    50/64: $8\first_effect$func$cap_pdb_dual_port_compact_engine.sv:124$4089.$result[4:0]$5427
    51/64: $7\first_effect$func$cap_pdb_dual_port_compact_engine.sv:124$4089.found[0:0]$5424
    52/64: $7\first_effect$func$cap_pdb_dual_port_compact_engine.sv:124$4089.$result[4:0]$5423
    53/64: $6\first_effect$func$cap_pdb_dual_port_compact_engine.sv:124$4089.found[0:0]$5420
    54/64: $6\first_effect$func$cap_pdb_dual_port_compact_engine.sv:124$4089.$result[4:0]$5419
    55/64: $5\first_effect$func$cap_pdb_dual_port_compact_engine.sv:124$4089.found[0:0]$5416
    56/64: $5\first_effect$func$cap_pdb_dual_port_compact_engine.sv:124$4089.$result[4:0]$5415
    57/64: $4\first_effect$func$cap_pdb_dual_port_compact_engine.sv:124$4089.found[0:0]$5412
    58/64: $4\first_effect$func$cap_pdb_dual_port_compact_engine.sv:124$4089.$result[4:0]$5411
    59/64: $3\first_effect$func$cap_pdb_dual_port_compact_engine.sv:124$4089.found[0:0]$5408
    60/64: $3\first_effect$func$cap_pdb_dual_port_compact_engine.sv:124$4089.$result[4:0]$5407
    61/64: $2\first_effect$func$cap_pdb_dual_port_compact_engine.sv:124$4089.found[0:0]$5404
    62/64: $2\first_effect$func$cap_pdb_dual_port_compact_engine.sv:124$4089.$result[4:0]$5403
    63/64: $1\first_effect$func$cap_pdb_dual_port_compact_engine.sv:124$4089.found[0:0]$5400
    64/64: $1\first_effect$func$cap_pdb_dual_port_compact_engine.sv:124$4089.$result[4:0]$5399
Creating decoders for process `\cap_pdb_dual_port_compact_allocation_engine.$proc$cap_pdb_dual_port_compact_engine.sv:126$5525'.
     1/64: $32\first_effect$func$cap_pdb_dual_port_compact_engine.sv:126$4090.found[0:0]$5658
     2/64: $32\first_effect$func$cap_pdb_dual_port_compact_engine.sv:126$4090.$result[4:0]$5657
     3/64: $31\first_effect$func$cap_pdb_dual_port_compact_engine.sv:126$4090.found[0:0]$5654
     4/64: $31\first_effect$func$cap_pdb_dual_port_compact_engine.sv:126$4090.$result[4:0]$5653
     5/64: $30\first_effect$func$cap_pdb_dual_port_compact_engine.sv:126$4090.found[0:0]$5650
     6/64: $30\first_effect$func$cap_pdb_dual_port_compact_engine.sv:126$4090.$result[4:0]$5649
     7/64: $29\first_effect$func$cap_pdb_dual_port_compact_engine.sv:126$4090.found[0:0]$5646
     8/64: $29\first_effect$func$cap_pdb_dual_port_compact_engine.sv:126$4090.$result[4:0]$5645
     9/64: $28\first_effect$func$cap_pdb_dual_port_compact_engine.sv:126$4090.found[0:0]$5642
    10/64: $28\first_effect$func$cap_pdb_dual_port_compact_engine.sv:126$4090.$result[4:0]$5641
    11/64: $27\first_effect$func$cap_pdb_dual_port_compact_engine.sv:126$4090.found[0:0]$5638
    12/64: $27\first_effect$func$cap_pdb_dual_port_compact_engine.sv:126$4090.$result[4:0]$5637
    13/64: $26\first_effect$func$cap_pdb_dual_port_compact_engine.sv:126$4090.found[0:0]$5634
    14/64: $26\first_effect$func$cap_pdb_dual_port_compact_engine.sv:126$4090.$result[4:0]$5633
    15/64: $25\first_effect$func$cap_pdb_dual_port_compact_engine.sv:126$4090.found[0:0]$5630
    16/64: $25\first_effect$func$cap_pdb_dual_port_compact_engine.sv:126$4090.$result[4:0]$5629
    17/64: $24\first_effect$func$cap_pdb_dual_port_compact_engine.sv:126$4090.found[0:0]$5626
    18/64: $24\first_effect$func$cap_pdb_dual_port_compact_engine.sv:126$4090.$result[4:0]$5625
    19/64: $23\first_effect$func$cap_pdb_dual_port_compact_engine.sv:126$4090.found[0:0]$5622
    20/64: $23\first_effect$func$cap_pdb_dual_port_compact_engine.sv:126$4090.$result[4:0]$5621
    21/64: $22\first_effect$func$cap_pdb_dual_port_compact_engine.sv:126$4090.found[0:0]$5618
    22/64: $22\first_effect$func$cap_pdb_dual_port_compact_engine.sv:126$4090.$result[4:0]$5617
    23/64: $21\first_effect$func$cap_pdb_dual_port_compact_engine.sv:126$4090.found[0:0]$5614
    24/64: $21\first_effect$func$cap_pdb_dual_port_compact_engine.sv:126$4090.$result[4:0]$5613
    25/64: $20\first_effect$func$cap_pdb_dual_port_compact_engine.sv:126$4090.found[0:0]$5610
    26/64: $20\first_effect$func$cap_pdb_dual_port_compact_engine.sv:126$4090.$result[4:0]$5609
    27/64: $19\first_effect$func$cap_pdb_dual_port_compact_engine.sv:126$4090.found[0:0]$5606
    28/64: $19\first_effect$func$cap_pdb_dual_port_compact_engine.sv:126$4090.$result[4:0]$5605
    29/64: $18\first_effect$func$cap_pdb_dual_port_compact_engine.sv:126$4090.found[0:0]$5602
    30/64: $18\first_effect$func$cap_pdb_dual_port_compact_engine.sv:126$4090.$result[4:0]$5601
    31/64: $17\first_effect$func$cap_pdb_dual_port_compact_engine.sv:126$4090.found[0:0]$5598
    32/64: $17\first_effect$func$cap_pdb_dual_port_compact_engine.sv:126$4090.$result[4:0]$5597
    33/64: $16\first_effect$func$cap_pdb_dual_port_compact_engine.sv:126$4090.found[0:0]$5594
    34/64: $16\first_effect$func$cap_pdb_dual_port_compact_engine.sv:126$4090.$result[4:0]$5593
    35/64: $15\first_effect$func$cap_pdb_dual_port_compact_engine.sv:126$4090.found[0:0]$5590
    36/64: $15\first_effect$func$cap_pdb_dual_port_compact_engine.sv:126$4090.$result[4:0]$5589
    37/64: $14\first_effect$func$cap_pdb_dual_port_compact_engine.sv:126$4090.found[0:0]$5586
    38/64: $14\first_effect$func$cap_pdb_dual_port_compact_engine.sv:126$4090.$result[4:0]$5585
    39/64: $13\first_effect$func$cap_pdb_dual_port_compact_engine.sv:126$4090.found[0:0]$5582
    40/64: $13\first_effect$func$cap_pdb_dual_port_compact_engine.sv:126$4090.$result[4:0]$5581
    41/64: $12\first_effect$func$cap_pdb_dual_port_compact_engine.sv:126$4090.found[0:0]$5578
    42/64: $12\first_effect$func$cap_pdb_dual_port_compact_engine.sv:126$4090.$result[4:0]$5577
    43/64: $11\first_effect$func$cap_pdb_dual_port_compact_engine.sv:126$4090.found[0:0]$5574
    44/64: $11\first_effect$func$cap_pdb_dual_port_compact_engine.sv:126$4090.$result[4:0]$5573
    45/64: $10\first_effect$func$cap_pdb_dual_port_compact_engine.sv:126$4090.found[0:0]$5570
    46/64: $10\first_effect$func$cap_pdb_dual_port_compact_engine.sv:126$4090.$result[4:0]$5569
    47/64: $9\first_effect$func$cap_pdb_dual_port_compact_engine.sv:126$4090.found[0:0]$5566
    48/64: $9\first_effect$func$cap_pdb_dual_port_compact_engine.sv:126$4090.$result[4:0]$5565
    49/64: $8\first_effect$func$cap_pdb_dual_port_compact_engine.sv:126$4090.found[0:0]$5562
    50/64: $8\first_effect$func$cap_pdb_dual_port_compact_engine.sv:126$4090.$result[4:0]$5561
    51/64: $7\first_effect$func$cap_pdb_dual_port_compact_engine.sv:126$4090.found[0:0]$5558
    52/64: $7\first_effect$func$cap_pdb_dual_port_compact_engine.sv:126$4090.$result[4:0]$5557
    53/64: $6\first_effect$func$cap_pdb_dual_port_compact_engine.sv:126$4090.found[0:0]$5554
    54/64: $6\first_effect$func$cap_pdb_dual_port_compact_engine.sv:126$4090.$result[4:0]$5553
    55/64: $5\first_effect$func$cap_pdb_dual_port_compact_engine.sv:126$4090.found[0:0]$5550
    56/64: $5\first_effect$func$cap_pdb_dual_port_compact_engine.sv:126$4090.$result[4:0]$5549
    57/64: $4\first_effect$func$cap_pdb_dual_port_compact_engine.sv:126$4090.found[0:0]$5546
    58/64: $4\first_effect$func$cap_pdb_dual_port_compact_engine.sv:126$4090.$result[4:0]$5545
    59/64: $3\first_effect$func$cap_pdb_dual_port_compact_engine.sv:126$4090.found[0:0]$5542
    60/64: $3\first_effect$func$cap_pdb_dual_port_compact_engine.sv:126$4090.$result[4:0]$5541
    61/64: $2\first_effect$func$cap_pdb_dual_port_compact_engine.sv:126$4090.found[0:0]$5538
    62/64: $2\first_effect$func$cap_pdb_dual_port_compact_engine.sv:126$4090.$result[4:0]$5537
    63/64: $1\first_effect$func$cap_pdb_dual_port_compact_engine.sv:126$4090.found[0:0]$5534
    64/64: $1\first_effect$func$cap_pdb_dual_port_compact_engine.sv:126$4090.$result[4:0]$5533
Creating decoders for process `\cap_pdb_dual_port_compact_allocation_engine.$proc$cap_pdb_dual_port_compact_engine.sv:136$5663'.
     1/3: $3\batch_minimum$func$cap_pdb_dual_port_compact_engine.sv:136$4091.$result[15:0]$5675
     2/3: $2\batch_minimum$func$cap_pdb_dual_port_compact_engine.sv:136$4091.$result[15:0]$5674
     3/3: $1\batch_minimum$func$cap_pdb_dual_port_compact_engine.sv:136$4091.$result[15:0]$5671
Creating decoders for process `\cap_pdb_dual_port_compact_allocation_engine.$proc$cap_pdb_dual_port_compact_engine.sv:124$5688'.
     1/64: $32\first_effect$func$cap_pdb_dual_port_compact_engine.sv:124$4092.found[0:0]$5821
     2/64: $32\first_effect$func$cap_pdb_dual_port_compact_engine.sv:124$4092.$result[4:0]$5820
     3/64: $31\first_effect$func$cap_pdb_dual_port_compact_engine.sv:124$4092.found[0:0]$5817
     4/64: $31\first_effect$func$cap_pdb_dual_port_compact_engine.sv:124$4092.$result[4:0]$5816
     5/64: $30\first_effect$func$cap_pdb_dual_port_compact_engine.sv:124$4092.found[0:0]$5813
     6/64: $30\first_effect$func$cap_pdb_dual_port_compact_engine.sv:124$4092.$result[4:0]$5812
     7/64: $29\first_effect$func$cap_pdb_dual_port_compact_engine.sv:124$4092.found[0:0]$5809
     8/64: $29\first_effect$func$cap_pdb_dual_port_compact_engine.sv:124$4092.$result[4:0]$5808
     9/64: $28\first_effect$func$cap_pdb_dual_port_compact_engine.sv:124$4092.found[0:0]$5805
    10/64: $28\first_effect$func$cap_pdb_dual_port_compact_engine.sv:124$4092.$result[4:0]$5804
    11/64: $27\first_effect$func$cap_pdb_dual_port_compact_engine.sv:124$4092.found[0:0]$5801
    12/64: $27\first_effect$func$cap_pdb_dual_port_compact_engine.sv:124$4092.$result[4:0]$5800
    13/64: $26\first_effect$func$cap_pdb_dual_port_compact_engine.sv:124$4092.found[0:0]$5797
    14/64: $26\first_effect$func$cap_pdb_dual_port_compact_engine.sv:124$4092.$result[4:0]$5796
    15/64: $25\first_effect$func$cap_pdb_dual_port_compact_engine.sv:124$4092.found[0:0]$5793
    16/64: $25\first_effect$func$cap_pdb_dual_port_compact_engine.sv:124$4092.$result[4:0]$5792
    17/64: $24\first_effect$func$cap_pdb_dual_port_compact_engine.sv:124$4092.found[0:0]$5789
    18/64: $24\first_effect$func$cap_pdb_dual_port_compact_engine.sv:124$4092.$result[4:0]$5788
    19/64: $23\first_effect$func$cap_pdb_dual_port_compact_engine.sv:124$4092.found[0:0]$5785
    20/64: $23\first_effect$func$cap_pdb_dual_port_compact_engine.sv:124$4092.$result[4:0]$5784
    21/64: $22\first_effect$func$cap_pdb_dual_port_compact_engine.sv:124$4092.found[0:0]$5781
    22/64: $22\first_effect$func$cap_pdb_dual_port_compact_engine.sv:124$4092.$result[4:0]$5780
    23/64: $21\first_effect$func$cap_pdb_dual_port_compact_engine.sv:124$4092.found[0:0]$5777
    24/64: $21\first_effect$func$cap_pdb_dual_port_compact_engine.sv:124$4092.$result[4:0]$5776
    25/64: $20\first_effect$func$cap_pdb_dual_port_compact_engine.sv:124$4092.found[0:0]$5773
    26/64: $20\first_effect$func$cap_pdb_dual_port_compact_engine.sv:124$4092.$result[4:0]$5772
    27/64: $19\first_effect$func$cap_pdb_dual_port_compact_engine.sv:124$4092.found[0:0]$5769
    28/64: $19\first_effect$func$cap_pdb_dual_port_compact_engine.sv:124$4092.$result[4:0]$5768
    29/64: $18\first_effect$func$cap_pdb_dual_port_compact_engine.sv:124$4092.found[0:0]$5765
    30/64: $18\first_effect$func$cap_pdb_dual_port_compact_engine.sv:124$4092.$result[4:0]$5764
    31/64: $17\first_effect$func$cap_pdb_dual_port_compact_engine.sv:124$4092.found[0:0]$5761
    32/64: $17\first_effect$func$cap_pdb_dual_port_compact_engine.sv:124$4092.$result[4:0]$5760
    33/64: $16\first_effect$func$cap_pdb_dual_port_compact_engine.sv:124$4092.found[0:0]$5757
    34/64: $16\first_effect$func$cap_pdb_dual_port_compact_engine.sv:124$4092.$result[4:0]$5756
    35/64: $15\first_effect$func$cap_pdb_dual_port_compact_engine.sv:124$4092.found[0:0]$5753
    36/64: $15\first_effect$func$cap_pdb_dual_port_compact_engine.sv:124$4092.$result[4:0]$5752
    37/64: $14\first_effect$func$cap_pdb_dual_port_compact_engine.sv:124$4092.found[0:0]$5749
    38/64: $14\first_effect$func$cap_pdb_dual_port_compact_engine.sv:124$4092.$result[4:0]$5748
    39/64: $13\first_effect$func$cap_pdb_dual_port_compact_engine.sv:124$4092.found[0:0]$5745
    40/64: $13\first_effect$func$cap_pdb_dual_port_compact_engine.sv:124$4092.$result[4:0]$5744
    41/64: $12\first_effect$func$cap_pdb_dual_port_compact_engine.sv:124$4092.found[0:0]$5741
    42/64: $12\first_effect$func$cap_pdb_dual_port_compact_engine.sv:124$4092.$result[4:0]$5740
    43/64: $11\first_effect$func$cap_pdb_dual_port_compact_engine.sv:124$4092.found[0:0]$5737
    44/64: $11\first_effect$func$cap_pdb_dual_port_compact_engine.sv:124$4092.$result[4:0]$5736
    45/64: $10\first_effect$func$cap_pdb_dual_port_compact_engine.sv:124$4092.found[0:0]$5733
    46/64: $10\first_effect$func$cap_pdb_dual_port_compact_engine.sv:124$4092.$result[4:0]$5732
    47/64: $9\first_effect$func$cap_pdb_dual_port_compact_engine.sv:124$4092.found[0:0]$5729
    48/64: $9\first_effect$func$cap_pdb_dual_port_compact_engine.sv:124$4092.$result[4:0]$5728
    49/64: $8\first_effect$func$cap_pdb_dual_port_compact_engine.sv:124$4092.found[0:0]$5725
    50/64: $8\first_effect$func$cap_pdb_dual_port_compact_engine.sv:124$4092.$result[4:0]$5724
    51/64: $7\first_effect$func$cap_pdb_dual_port_compact_engine.sv:124$4092.found[0:0]$5721
    52/64: $7\first_effect$func$cap_pdb_dual_port_compact_engine.sv:124$4092.$result[4:0]$5720
    53/64: $6\first_effect$func$cap_pdb_dual_port_compact_engine.sv:124$4092.found[0:0]$5717
    54/64: $6\first_effect$func$cap_pdb_dual_port_compact_engine.sv:124$4092.$result[4:0]$5716
    55/64: $5\first_effect$func$cap_pdb_dual_port_compact_engine.sv:124$4092.found[0:0]$5713
    56/64: $5\first_effect$func$cap_pdb_dual_port_compact_engine.sv:124$4092.$result[4:0]$5712
    57/64: $4\first_effect$func$cap_pdb_dual_port_compact_engine.sv:124$4092.found[0:0]$5709
    58/64: $4\first_effect$func$cap_pdb_dual_port_compact_engine.sv:124$4092.$result[4:0]$5708
    59/64: $3\first_effect$func$cap_pdb_dual_port_compact_engine.sv:124$4092.found[0:0]$5705
    60/64: $3\first_effect$func$cap_pdb_dual_port_compact_engine.sv:124$4092.$result[4:0]$5704
    61/64: $2\first_effect$func$cap_pdb_dual_port_compact_engine.sv:124$4092.found[0:0]$5701
    62/64: $2\first_effect$func$cap_pdb_dual_port_compact_engine.sv:124$4092.$result[4:0]$5700
    63/64: $1\first_effect$func$cap_pdb_dual_port_compact_engine.sv:124$4092.found[0:0]$5697
    64/64: $1\first_effect$func$cap_pdb_dual_port_compact_engine.sv:124$4092.$result[4:0]$5696
Creating decoders for process `\cap_pdb_dual_port_compact_allocation_engine.$proc$cap_pdb_dual_port_compact_engine.sv:126$5822'.
     1/64: $32\first_effect$func$cap_pdb_dual_port_compact_engine.sv:126$4093.found[0:0]$5955
     2/64: $32\first_effect$func$cap_pdb_dual_port_compact_engine.sv:126$4093.$result[4:0]$5954
     3/64: $31\first_effect$func$cap_pdb_dual_port_compact_engine.sv:126$4093.found[0:0]$5951
     4/64: $31\first_effect$func$cap_pdb_dual_port_compact_engine.sv:126$4093.$result[4:0]$5950
     5/64: $30\first_effect$func$cap_pdb_dual_port_compact_engine.sv:126$4093.found[0:0]$5947
     6/64: $30\first_effect$func$cap_pdb_dual_port_compact_engine.sv:126$4093.$result[4:0]$5946
     7/64: $29\first_effect$func$cap_pdb_dual_port_compact_engine.sv:126$4093.found[0:0]$5943
     8/64: $29\first_effect$func$cap_pdb_dual_port_compact_engine.sv:126$4093.$result[4:0]$5942
     9/64: $28\first_effect$func$cap_pdb_dual_port_compact_engine.sv:126$4093.found[0:0]$5939
    10/64: $28\first_effect$func$cap_pdb_dual_port_compact_engine.sv:126$4093.$result[4:0]$5938
    11/64: $27\first_effect$func$cap_pdb_dual_port_compact_engine.sv:126$4093.found[0:0]$5935
    12/64: $27\first_effect$func$cap_pdb_dual_port_compact_engine.sv:126$4093.$result[4:0]$5934
    13/64: $26\first_effect$func$cap_pdb_dual_port_compact_engine.sv:126$4093.found[0:0]$5931
    14/64: $26\first_effect$func$cap_pdb_dual_port_compact_engine.sv:126$4093.$result[4:0]$5930
    15/64: $25\first_effect$func$cap_pdb_dual_port_compact_engine.sv:126$4093.found[0:0]$5927
    16/64: $25\first_effect$func$cap_pdb_dual_port_compact_engine.sv:126$4093.$result[4:0]$5926
    17/64: $24\first_effect$func$cap_pdb_dual_port_compact_engine.sv:126$4093.found[0:0]$5923
    18/64: $24\first_effect$func$cap_pdb_dual_port_compact_engine.sv:126$4093.$result[4:0]$5922
    19/64: $23\first_effect$func$cap_pdb_dual_port_compact_engine.sv:126$4093.found[0:0]$5919
    20/64: $23\first_effect$func$cap_pdb_dual_port_compact_engine.sv:126$4093.$result[4:0]$5918
    21/64: $22\first_effect$func$cap_pdb_dual_port_compact_engine.sv:126$4093.found[0:0]$5915
    22/64: $22\first_effect$func$cap_pdb_dual_port_compact_engine.sv:126$4093.$result[4:0]$5914
    23/64: $21\first_effect$func$cap_pdb_dual_port_compact_engine.sv:126$4093.found[0:0]$5911
    24/64: $21\first_effect$func$cap_pdb_dual_port_compact_engine.sv:126$4093.$result[4:0]$5910
    25/64: $20\first_effect$func$cap_pdb_dual_port_compact_engine.sv:126$4093.found[0:0]$5907
    26/64: $20\first_effect$func$cap_pdb_dual_port_compact_engine.sv:126$4093.$result[4:0]$5906
    27/64: $19\first_effect$func$cap_pdb_dual_port_compact_engine.sv:126$4093.found[0:0]$5903
    28/64: $19\first_effect$func$cap_pdb_dual_port_compact_engine.sv:126$4093.$result[4:0]$5902
    29/64: $18\first_effect$func$cap_pdb_dual_port_compact_engine.sv:126$4093.found[0:0]$5899
    30/64: $18\first_effect$func$cap_pdb_dual_port_compact_engine.sv:126$4093.$result[4:0]$5898
    31/64: $17\first_effect$func$cap_pdb_dual_port_compact_engine.sv:126$4093.found[0:0]$5895
    32/64: $17\first_effect$func$cap_pdb_dual_port_compact_engine.sv:126$4093.$result[4:0]$5894
    33/64: $16\first_effect$func$cap_pdb_dual_port_compact_engine.sv:126$4093.found[0:0]$5891
    34/64: $16\first_effect$func$cap_pdb_dual_port_compact_engine.sv:126$4093.$result[4:0]$5890
    35/64: $15\first_effect$func$cap_pdb_dual_port_compact_engine.sv:126$4093.found[0:0]$5887
    36/64: $15\first_effect$func$cap_pdb_dual_port_compact_engine.sv:126$4093.$result[4:0]$5886
    37/64: $14\first_effect$func$cap_pdb_dual_port_compact_engine.sv:126$4093.found[0:0]$5883
    38/64: $14\first_effect$func$cap_pdb_dual_port_compact_engine.sv:126$4093.$result[4:0]$5882
    39/64: $13\first_effect$func$cap_pdb_dual_port_compact_engine.sv:126$4093.found[0:0]$5879
    40/64: $13\first_effect$func$cap_pdb_dual_port_compact_engine.sv:126$4093.$result[4:0]$5878
    41/64: $12\first_effect$func$cap_pdb_dual_port_compact_engine.sv:126$4093.found[0:0]$5875
    42/64: $12\first_effect$func$cap_pdb_dual_port_compact_engine.sv:126$4093.$result[4:0]$5874
    43/64: $11\first_effect$func$cap_pdb_dual_port_compact_engine.sv:126$4093.found[0:0]$5871
    44/64: $11\first_effect$func$cap_pdb_dual_port_compact_engine.sv:126$4093.$result[4:0]$5870
    45/64: $10\first_effect$func$cap_pdb_dual_port_compact_engine.sv:126$4093.found[0:0]$5867
    46/64: $10\first_effect$func$cap_pdb_dual_port_compact_engine.sv:126$4093.$result[4:0]$5866
    47/64: $9\first_effect$func$cap_pdb_dual_port_compact_engine.sv:126$4093.found[0:0]$5863
    48/64: $9\first_effect$func$cap_pdb_dual_port_compact_engine.sv:126$4093.$result[4:0]$5862
    49/64: $8\first_effect$func$cap_pdb_dual_port_compact_engine.sv:126$4093.found[0:0]$5859
    50/64: $8\first_effect$func$cap_pdb_dual_port_compact_engine.sv:126$4093.$result[4:0]$5858
    51/64: $7\first_effect$func$cap_pdb_dual_port_compact_engine.sv:126$4093.found[0:0]$5855
    52/64: $7\first_effect$func$cap_pdb_dual_port_compact_engine.sv:126$4093.$result[4:0]$5854
    53/64: $6\first_effect$func$cap_pdb_dual_port_compact_engine.sv:126$4093.found[0:0]$5851
    54/64: $6\first_effect$func$cap_pdb_dual_port_compact_engine.sv:126$4093.$result[4:0]$5850
    55/64: $5\first_effect$func$cap_pdb_dual_port_compact_engine.sv:126$4093.found[0:0]$5847
    56/64: $5\first_effect$func$cap_pdb_dual_port_compact_engine.sv:126$4093.$result[4:0]$5846
    57/64: $4\first_effect$func$cap_pdb_dual_port_compact_engine.sv:126$4093.found[0:0]$5843
    58/64: $4\first_effect$func$cap_pdb_dual_port_compact_engine.sv:126$4093.$result[4:0]$5842
    59/64: $3\first_effect$func$cap_pdb_dual_port_compact_engine.sv:126$4093.found[0:0]$5839
    60/64: $3\first_effect$func$cap_pdb_dual_port_compact_engine.sv:126$4093.$result[4:0]$5838
    61/64: $2\first_effect$func$cap_pdb_dual_port_compact_engine.sv:126$4093.found[0:0]$5835
    62/64: $2\first_effect$func$cap_pdb_dual_port_compact_engine.sv:126$4093.$result[4:0]$5834
    63/64: $1\first_effect$func$cap_pdb_dual_port_compact_engine.sv:126$4093.found[0:0]$5831
    64/64: $1\first_effect$func$cap_pdb_dual_port_compact_engine.sv:126$4093.$result[4:0]$5830
Creating decoders for process `\cap_pdb_dual_port_compact_allocation_engine.$proc$cap_pdb_dual_port_compact_engine.sv:136$5960'.
     1/3: $3\batch_minimum$func$cap_pdb_dual_port_compact_engine.sv:136$4094.$result[15:0]$5972
     2/3: $2\batch_minimum$func$cap_pdb_dual_port_compact_engine.sv:136$4094.$result[15:0]$5971
     3/3: $1\batch_minimum$func$cap_pdb_dual_port_compact_engine.sv:136$4094.$result[15:0]$5968
Creating decoders for process `\cap_pdb_dual_port_compact_allocation_engine.$proc$cap_pdb_dual_port_compact_engine.sv:124$5985'.
     1/64: $32\first_effect$func$cap_pdb_dual_port_compact_engine.sv:124$4095.found[0:0]$6118
     2/64: $32\first_effect$func$cap_pdb_dual_port_compact_engine.sv:124$4095.$result[4:0]$6117
     3/64: $31\first_effect$func$cap_pdb_dual_port_compact_engine.sv:124$4095.found[0:0]$6114
     4/64: $31\first_effect$func$cap_pdb_dual_port_compact_engine.sv:124$4095.$result[4:0]$6113
     5/64: $30\first_effect$func$cap_pdb_dual_port_compact_engine.sv:124$4095.found[0:0]$6110
     6/64: $30\first_effect$func$cap_pdb_dual_port_compact_engine.sv:124$4095.$result[4:0]$6109
     7/64: $29\first_effect$func$cap_pdb_dual_port_compact_engine.sv:124$4095.found[0:0]$6106
     8/64: $29\first_effect$func$cap_pdb_dual_port_compact_engine.sv:124$4095.$result[4:0]$6105
     9/64: $28\first_effect$func$cap_pdb_dual_port_compact_engine.sv:124$4095.found[0:0]$6102
    10/64: $28\first_effect$func$cap_pdb_dual_port_compact_engine.sv:124$4095.$result[4:0]$6101
    11/64: $27\first_effect$func$cap_pdb_dual_port_compact_engine.sv:124$4095.found[0:0]$6098
    12/64: $27\first_effect$func$cap_pdb_dual_port_compact_engine.sv:124$4095.$result[4:0]$6097
    13/64: $26\first_effect$func$cap_pdb_dual_port_compact_engine.sv:124$4095.found[0:0]$6094
    14/64: $26\first_effect$func$cap_pdb_dual_port_compact_engine.sv:124$4095.$result[4:0]$6093
    15/64: $25\first_effect$func$cap_pdb_dual_port_compact_engine.sv:124$4095.found[0:0]$6090
    16/64: $25\first_effect$func$cap_pdb_dual_port_compact_engine.sv:124$4095.$result[4:0]$6089
    17/64: $24\first_effect$func$cap_pdb_dual_port_compact_engine.sv:124$4095.found[0:0]$6086
    18/64: $24\first_effect$func$cap_pdb_dual_port_compact_engine.sv:124$4095.$result[4:0]$6085
    19/64: $23\first_effect$func$cap_pdb_dual_port_compact_engine.sv:124$4095.found[0:0]$6082
    20/64: $23\first_effect$func$cap_pdb_dual_port_compact_engine.sv:124$4095.$result[4:0]$6081
    21/64: $22\first_effect$func$cap_pdb_dual_port_compact_engine.sv:124$4095.found[0:0]$6078
    22/64: $22\first_effect$func$cap_pdb_dual_port_compact_engine.sv:124$4095.$result[4:0]$6077
    23/64: $21\first_effect$func$cap_pdb_dual_port_compact_engine.sv:124$4095.found[0:0]$6074
    24/64: $21\first_effect$func$cap_pdb_dual_port_compact_engine.sv:124$4095.$result[4:0]$6073
    25/64: $20\first_effect$func$cap_pdb_dual_port_compact_engine.sv:124$4095.found[0:0]$6070
    26/64: $20\first_effect$func$cap_pdb_dual_port_compact_engine.sv:124$4095.$result[4:0]$6069
    27/64: $19\first_effect$func$cap_pdb_dual_port_compact_engine.sv:124$4095.found[0:0]$6066
    28/64: $19\first_effect$func$cap_pdb_dual_port_compact_engine.sv:124$4095.$result[4:0]$6065
    29/64: $18\first_effect$func$cap_pdb_dual_port_compact_engine.sv:124$4095.found[0:0]$6062
    30/64: $18\first_effect$func$cap_pdb_dual_port_compact_engine.sv:124$4095.$result[4:0]$6061
    31/64: $17\first_effect$func$cap_pdb_dual_port_compact_engine.sv:124$4095.found[0:0]$6058
    32/64: $17\first_effect$func$cap_pdb_dual_port_compact_engine.sv:124$4095.$result[4:0]$6057
    33/64: $16\first_effect$func$cap_pdb_dual_port_compact_engine.sv:124$4095.found[0:0]$6054
    34/64: $16\first_effect$func$cap_pdb_dual_port_compact_engine.sv:124$4095.$result[4:0]$6053
    35/64: $15\first_effect$func$cap_pdb_dual_port_compact_engine.sv:124$4095.found[0:0]$6050
    36/64: $15\first_effect$func$cap_pdb_dual_port_compact_engine.sv:124$4095.$result[4:0]$6049
    37/64: $14\first_effect$func$cap_pdb_dual_port_compact_engine.sv:124$4095.found[0:0]$6046
    38/64: $14\first_effect$func$cap_pdb_dual_port_compact_engine.sv:124$4095.$result[4:0]$6045
    39/64: $13\first_effect$func$cap_pdb_dual_port_compact_engine.sv:124$4095.found[0:0]$6042
    40/64: $13\first_effect$func$cap_pdb_dual_port_compact_engine.sv:124$4095.$result[4:0]$6041
    41/64: $12\first_effect$func$cap_pdb_dual_port_compact_engine.sv:124$4095.found[0:0]$6038
    42/64: $12\first_effect$func$cap_pdb_dual_port_compact_engine.sv:124$4095.$result[4:0]$6037
    43/64: $11\first_effect$func$cap_pdb_dual_port_compact_engine.sv:124$4095.found[0:0]$6034
    44/64: $11\first_effect$func$cap_pdb_dual_port_compact_engine.sv:124$4095.$result[4:0]$6033
    45/64: $10\first_effect$func$cap_pdb_dual_port_compact_engine.sv:124$4095.found[0:0]$6030
    46/64: $10\first_effect$func$cap_pdb_dual_port_compact_engine.sv:124$4095.$result[4:0]$6029
    47/64: $9\first_effect$func$cap_pdb_dual_port_compact_engine.sv:124$4095.found[0:0]$6026
    48/64: $9\first_effect$func$cap_pdb_dual_port_compact_engine.sv:124$4095.$result[4:0]$6025
    49/64: $8\first_effect$func$cap_pdb_dual_port_compact_engine.sv:124$4095.found[0:0]$6022
    50/64: $8\first_effect$func$cap_pdb_dual_port_compact_engine.sv:124$4095.$result[4:0]$6021
    51/64: $7\first_effect$func$cap_pdb_dual_port_compact_engine.sv:124$4095.found[0:0]$6018
    52/64: $7\first_effect$func$cap_pdb_dual_port_compact_engine.sv:124$4095.$result[4:0]$6017
    53/64: $6\first_effect$func$cap_pdb_dual_port_compact_engine.sv:124$4095.found[0:0]$6014
    54/64: $6\first_effect$func$cap_pdb_dual_port_compact_engine.sv:124$4095.$result[4:0]$6013
    55/64: $5\first_effect$func$cap_pdb_dual_port_compact_engine.sv:124$4095.found[0:0]$6010
    56/64: $5\first_effect$func$cap_pdb_dual_port_compact_engine.sv:124$4095.$result[4:0]$6009
    57/64: $4\first_effect$func$cap_pdb_dual_port_compact_engine.sv:124$4095.found[0:0]$6006
    58/64: $4\first_effect$func$cap_pdb_dual_port_compact_engine.sv:124$4095.$result[4:0]$6005
    59/64: $3\first_effect$func$cap_pdb_dual_port_compact_engine.sv:124$4095.found[0:0]$6002
    60/64: $3\first_effect$func$cap_pdb_dual_port_compact_engine.sv:124$4095.$result[4:0]$6001
    61/64: $2\first_effect$func$cap_pdb_dual_port_compact_engine.sv:124$4095.found[0:0]$5998
    62/64: $2\first_effect$func$cap_pdb_dual_port_compact_engine.sv:124$4095.$result[4:0]$5997
    63/64: $1\first_effect$func$cap_pdb_dual_port_compact_engine.sv:124$4095.found[0:0]$5994
    64/64: $1\first_effect$func$cap_pdb_dual_port_compact_engine.sv:124$4095.$result[4:0]$5993
Creating decoders for process `\cap_pdb_dual_port_compact_allocation_engine.$proc$cap_pdb_dual_port_compact_engine.sv:126$6119'.
     1/64: $32\first_effect$func$cap_pdb_dual_port_compact_engine.sv:126$4096.found[0:0]$6252
     2/64: $32\first_effect$func$cap_pdb_dual_port_compact_engine.sv:126$4096.$result[4:0]$6251
     3/64: $31\first_effect$func$cap_pdb_dual_port_compact_engine.sv:126$4096.found[0:0]$6248
     4/64: $31\first_effect$func$cap_pdb_dual_port_compact_engine.sv:126$4096.$result[4:0]$6247
     5/64: $30\first_effect$func$cap_pdb_dual_port_compact_engine.sv:126$4096.found[0:0]$6244
     6/64: $30\first_effect$func$cap_pdb_dual_port_compact_engine.sv:126$4096.$result[4:0]$6243
     7/64: $29\first_effect$func$cap_pdb_dual_port_compact_engine.sv:126$4096.found[0:0]$6240
     8/64: $29\first_effect$func$cap_pdb_dual_port_compact_engine.sv:126$4096.$result[4:0]$6239
     9/64: $28\first_effect$func$cap_pdb_dual_port_compact_engine.sv:126$4096.found[0:0]$6236
    10/64: $28\first_effect$func$cap_pdb_dual_port_compact_engine.sv:126$4096.$result[4:0]$6235
    11/64: $27\first_effect$func$cap_pdb_dual_port_compact_engine.sv:126$4096.found[0:0]$6232
    12/64: $27\first_effect$func$cap_pdb_dual_port_compact_engine.sv:126$4096.$result[4:0]$6231
    13/64: $26\first_effect$func$cap_pdb_dual_port_compact_engine.sv:126$4096.found[0:0]$6228
    14/64: $26\first_effect$func$cap_pdb_dual_port_compact_engine.sv:126$4096.$result[4:0]$6227
    15/64: $25\first_effect$func$cap_pdb_dual_port_compact_engine.sv:126$4096.found[0:0]$6224
    16/64: $25\first_effect$func$cap_pdb_dual_port_compact_engine.sv:126$4096.$result[4:0]$6223
    17/64: $24\first_effect$func$cap_pdb_dual_port_compact_engine.sv:126$4096.found[0:0]$6220
    18/64: $24\first_effect$func$cap_pdb_dual_port_compact_engine.sv:126$4096.$result[4:0]$6219
    19/64: $23\first_effect$func$cap_pdb_dual_port_compact_engine.sv:126$4096.found[0:0]$6216
    20/64: $23\first_effect$func$cap_pdb_dual_port_compact_engine.sv:126$4096.$result[4:0]$6215
    21/64: $22\first_effect$func$cap_pdb_dual_port_compact_engine.sv:126$4096.found[0:0]$6212
    22/64: $22\first_effect$func$cap_pdb_dual_port_compact_engine.sv:126$4096.$result[4:0]$6211
    23/64: $21\first_effect$func$cap_pdb_dual_port_compact_engine.sv:126$4096.found[0:0]$6208
    24/64: $21\first_effect$func$cap_pdb_dual_port_compact_engine.sv:126$4096.$result[4:0]$6207
    25/64: $20\first_effect$func$cap_pdb_dual_port_compact_engine.sv:126$4096.found[0:0]$6204
    26/64: $20\first_effect$func$cap_pdb_dual_port_compact_engine.sv:126$4096.$result[4:0]$6203
    27/64: $19\first_effect$func$cap_pdb_dual_port_compact_engine.sv:126$4096.found[0:0]$6200
    28/64: $19\first_effect$func$cap_pdb_dual_port_compact_engine.sv:126$4096.$result[4:0]$6199
    29/64: $18\first_effect$func$cap_pdb_dual_port_compact_engine.sv:126$4096.found[0:0]$6196
    30/64: $18\first_effect$func$cap_pdb_dual_port_compact_engine.sv:126$4096.$result[4:0]$6195
    31/64: $17\first_effect$func$cap_pdb_dual_port_compact_engine.sv:126$4096.found[0:0]$6192
    32/64: $17\first_effect$func$cap_pdb_dual_port_compact_engine.sv:126$4096.$result[4:0]$6191
    33/64: $16\first_effect$func$cap_pdb_dual_port_compact_engine.sv:126$4096.found[0:0]$6188
    34/64: $16\first_effect$func$cap_pdb_dual_port_compact_engine.sv:126$4096.$result[4:0]$6187
    35/64: $15\first_effect$func$cap_pdb_dual_port_compact_engine.sv:126$4096.found[0:0]$6184
    36/64: $15\first_effect$func$cap_pdb_dual_port_compact_engine.sv:126$4096.$result[4:0]$6183
    37/64: $14\first_effect$func$cap_pdb_dual_port_compact_engine.sv:126$4096.found[0:0]$6180
    38/64: $14\first_effect$func$cap_pdb_dual_port_compact_engine.sv:126$4096.$result[4:0]$6179
    39/64: $13\first_effect$func$cap_pdb_dual_port_compact_engine.sv:126$4096.found[0:0]$6176
    40/64: $13\first_effect$func$cap_pdb_dual_port_compact_engine.sv:126$4096.$result[4:0]$6175
    41/64: $12\first_effect$func$cap_pdb_dual_port_compact_engine.sv:126$4096.found[0:0]$6172
    42/64: $12\first_effect$func$cap_pdb_dual_port_compact_engine.sv:126$4096.$result[4:0]$6171
    43/64: $11\first_effect$func$cap_pdb_dual_port_compact_engine.sv:126$4096.found[0:0]$6168
    44/64: $11\first_effect$func$cap_pdb_dual_port_compact_engine.sv:126$4096.$result[4:0]$6167
    45/64: $10\first_effect$func$cap_pdb_dual_port_compact_engine.sv:126$4096.found[0:0]$6164
    46/64: $10\first_effect$func$cap_pdb_dual_port_compact_engine.sv:126$4096.$result[4:0]$6163
    47/64: $9\first_effect$func$cap_pdb_dual_port_compact_engine.sv:126$4096.found[0:0]$6160
    48/64: $9\first_effect$func$cap_pdb_dual_port_compact_engine.sv:126$4096.$result[4:0]$6159
    49/64: $8\first_effect$func$cap_pdb_dual_port_compact_engine.sv:126$4096.found[0:0]$6156
    50/64: $8\first_effect$func$cap_pdb_dual_port_compact_engine.sv:126$4096.$result[4:0]$6155
    51/64: $7\first_effect$func$cap_pdb_dual_port_compact_engine.sv:126$4096.found[0:0]$6152
    52/64: $7\first_effect$func$cap_pdb_dual_port_compact_engine.sv:126$4096.$result[4:0]$6151
    53/64: $6\first_effect$func$cap_pdb_dual_port_compact_engine.sv:126$4096.found[0:0]$6148
    54/64: $6\first_effect$func$cap_pdb_dual_port_compact_engine.sv:126$4096.$result[4:0]$6147
    55/64: $5\first_effect$func$cap_pdb_dual_port_compact_engine.sv:126$4096.found[0:0]$6144
    56/64: $5\first_effect$func$cap_pdb_dual_port_compact_engine.sv:126$4096.$result[4:0]$6143
    57/64: $4\first_effect$func$cap_pdb_dual_port_compact_engine.sv:126$4096.found[0:0]$6140
    58/64: $4\first_effect$func$cap_pdb_dual_port_compact_engine.sv:126$4096.$result[4:0]$6139
    59/64: $3\first_effect$func$cap_pdb_dual_port_compact_engine.sv:126$4096.found[0:0]$6136
    60/64: $3\first_effect$func$cap_pdb_dual_port_compact_engine.sv:126$4096.$result[4:0]$6135
    61/64: $2\first_effect$func$cap_pdb_dual_port_compact_engine.sv:126$4096.found[0:0]$6132
    62/64: $2\first_effect$func$cap_pdb_dual_port_compact_engine.sv:126$4096.$result[4:0]$6131
    63/64: $1\first_effect$func$cap_pdb_dual_port_compact_engine.sv:126$4096.found[0:0]$6128
    64/64: $1\first_effect$func$cap_pdb_dual_port_compact_engine.sv:126$4096.$result[4:0]$6127
Creating decoders for process `\cap_pdb_dual_port_compact_allocation_engine.$proc$cap_pdb_dual_port_compact_engine.sv:136$6257'.
     1/3: $3\batch_minimum$func$cap_pdb_dual_port_compact_engine.sv:136$4097.$result[15:0]$6269
     2/3: $2\batch_minimum$func$cap_pdb_dual_port_compact_engine.sv:136$4097.$result[15:0]$6268
     3/3: $1\batch_minimum$func$cap_pdb_dual_port_compact_engine.sv:136$4097.$result[15:0]$6265
Creating decoders for process `\cap_pdb_dual_port_compact_allocation_engine.$proc$cap_pdb_dual_port_compact_engine.sv:124$6282'.
     1/64: $32\first_effect$func$cap_pdb_dual_port_compact_engine.sv:124$4098.found[0:0]$6415
     2/64: $32\first_effect$func$cap_pdb_dual_port_compact_engine.sv:124$4098.$result[4:0]$6414
     3/64: $31\first_effect$func$cap_pdb_dual_port_compact_engine.sv:124$4098.found[0:0]$6411
     4/64: $31\first_effect$func$cap_pdb_dual_port_compact_engine.sv:124$4098.$result[4:0]$6410
     5/64: $30\first_effect$func$cap_pdb_dual_port_compact_engine.sv:124$4098.found[0:0]$6407
     6/64: $30\first_effect$func$cap_pdb_dual_port_compact_engine.sv:124$4098.$result[4:0]$6406
     7/64: $29\first_effect$func$cap_pdb_dual_port_compact_engine.sv:124$4098.found[0:0]$6403
     8/64: $29\first_effect$func$cap_pdb_dual_port_compact_engine.sv:124$4098.$result[4:0]$6402
     9/64: $28\first_effect$func$cap_pdb_dual_port_compact_engine.sv:124$4098.found[0:0]$6399
    10/64: $28\first_effect$func$cap_pdb_dual_port_compact_engine.sv:124$4098.$result[4:0]$6398
    11/64: $27\first_effect$func$cap_pdb_dual_port_compact_engine.sv:124$4098.found[0:0]$6395
    12/64: $27\first_effect$func$cap_pdb_dual_port_compact_engine.sv:124$4098.$result[4:0]$6394
    13/64: $26\first_effect$func$cap_pdb_dual_port_compact_engine.sv:124$4098.found[0:0]$6391
    14/64: $26\first_effect$func$cap_pdb_dual_port_compact_engine.sv:124$4098.$result[4:0]$6390
    15/64: $25\first_effect$func$cap_pdb_dual_port_compact_engine.sv:124$4098.found[0:0]$6387
    16/64: $25\first_effect$func$cap_pdb_dual_port_compact_engine.sv:124$4098.$result[4:0]$6386
    17/64: $24\first_effect$func$cap_pdb_dual_port_compact_engine.sv:124$4098.found[0:0]$6383
    18/64: $24\first_effect$func$cap_pdb_dual_port_compact_engine.sv:124$4098.$result[4:0]$6382
    19/64: $23\first_effect$func$cap_pdb_dual_port_compact_engine.sv:124$4098.found[0:0]$6379
    20/64: $23\first_effect$func$cap_pdb_dual_port_compact_engine.sv:124$4098.$result[4:0]$6378
    21/64: $22\first_effect$func$cap_pdb_dual_port_compact_engine.sv:124$4098.found[0:0]$6375
    22/64: $22\first_effect$func$cap_pdb_dual_port_compact_engine.sv:124$4098.$result[4:0]$6374
    23/64: $21\first_effect$func$cap_pdb_dual_port_compact_engine.sv:124$4098.found[0:0]$6371
    24/64: $21\first_effect$func$cap_pdb_dual_port_compact_engine.sv:124$4098.$result[4:0]$6370
    25/64: $20\first_effect$func$cap_pdb_dual_port_compact_engine.sv:124$4098.found[0:0]$6367
    26/64: $20\first_effect$func$cap_pdb_dual_port_compact_engine.sv:124$4098.$result[4:0]$6366
    27/64: $19\first_effect$func$cap_pdb_dual_port_compact_engine.sv:124$4098.found[0:0]$6363
    28/64: $19\first_effect$func$cap_pdb_dual_port_compact_engine.sv:124$4098.$result[4:0]$6362
    29/64: $18\first_effect$func$cap_pdb_dual_port_compact_engine.sv:124$4098.found[0:0]$6359
    30/64: $18\first_effect$func$cap_pdb_dual_port_compact_engine.sv:124$4098.$result[4:0]$6358
    31/64: $17\first_effect$func$cap_pdb_dual_port_compact_engine.sv:124$4098.found[0:0]$6355
    32/64: $17\first_effect$func$cap_pdb_dual_port_compact_engine.sv:124$4098.$result[4:0]$6354
    33/64: $16\first_effect$func$cap_pdb_dual_port_compact_engine.sv:124$4098.found[0:0]$6351
    34/64: $16\first_effect$func$cap_pdb_dual_port_compact_engine.sv:124$4098.$result[4:0]$6350
    35/64: $15\first_effect$func$cap_pdb_dual_port_compact_engine.sv:124$4098.found[0:0]$6347
    36/64: $15\first_effect$func$cap_pdb_dual_port_compact_engine.sv:124$4098.$result[4:0]$6346
    37/64: $14\first_effect$func$cap_pdb_dual_port_compact_engine.sv:124$4098.found[0:0]$6343
    38/64: $14\first_effect$func$cap_pdb_dual_port_compact_engine.sv:124$4098.$result[4:0]$6342
    39/64: $13\first_effect$func$cap_pdb_dual_port_compact_engine.sv:124$4098.found[0:0]$6339
    40/64: $13\first_effect$func$cap_pdb_dual_port_compact_engine.sv:124$4098.$result[4:0]$6338
    41/64: $12\first_effect$func$cap_pdb_dual_port_compact_engine.sv:124$4098.found[0:0]$6335
    42/64: $12\first_effect$func$cap_pdb_dual_port_compact_engine.sv:124$4098.$result[4:0]$6334
    43/64: $11\first_effect$func$cap_pdb_dual_port_compact_engine.sv:124$4098.found[0:0]$6331
    44/64: $11\first_effect$func$cap_pdb_dual_port_compact_engine.sv:124$4098.$result[4:0]$6330
    45/64: $10\first_effect$func$cap_pdb_dual_port_compact_engine.sv:124$4098.found[0:0]$6327
    46/64: $10\first_effect$func$cap_pdb_dual_port_compact_engine.sv:124$4098.$result[4:0]$6326
    47/64: $9\first_effect$func$cap_pdb_dual_port_compact_engine.sv:124$4098.found[0:0]$6323
    48/64: $9\first_effect$func$cap_pdb_dual_port_compact_engine.sv:124$4098.$result[4:0]$6322
    49/64: $8\first_effect$func$cap_pdb_dual_port_compact_engine.sv:124$4098.found[0:0]$6319
    50/64: $8\first_effect$func$cap_pdb_dual_port_compact_engine.sv:124$4098.$result[4:0]$6318
    51/64: $7\first_effect$func$cap_pdb_dual_port_compact_engine.sv:124$4098.found[0:0]$6315
    52/64: $7\first_effect$func$cap_pdb_dual_port_compact_engine.sv:124$4098.$result[4:0]$6314
    53/64: $6\first_effect$func$cap_pdb_dual_port_compact_engine.sv:124$4098.found[0:0]$6311
    54/64: $6\first_effect$func$cap_pdb_dual_port_compact_engine.sv:124$4098.$result[4:0]$6310
    55/64: $5\first_effect$func$cap_pdb_dual_port_compact_engine.sv:124$4098.found[0:0]$6307
    56/64: $5\first_effect$func$cap_pdb_dual_port_compact_engine.sv:124$4098.$result[4:0]$6306
    57/64: $4\first_effect$func$cap_pdb_dual_port_compact_engine.sv:124$4098.found[0:0]$6303
    58/64: $4\first_effect$func$cap_pdb_dual_port_compact_engine.sv:124$4098.$result[4:0]$6302
    59/64: $3\first_effect$func$cap_pdb_dual_port_compact_engine.sv:124$4098.found[0:0]$6299
    60/64: $3\first_effect$func$cap_pdb_dual_port_compact_engine.sv:124$4098.$result[4:0]$6298
    61/64: $2\first_effect$func$cap_pdb_dual_port_compact_engine.sv:124$4098.found[0:0]$6295
    62/64: $2\first_effect$func$cap_pdb_dual_port_compact_engine.sv:124$4098.$result[4:0]$6294
    63/64: $1\first_effect$func$cap_pdb_dual_port_compact_engine.sv:124$4098.found[0:0]$6291
    64/64: $1\first_effect$func$cap_pdb_dual_port_compact_engine.sv:124$4098.$result[4:0]$6290
Creating decoders for process `\cap_pdb_dual_port_compact_allocation_engine.$proc$cap_pdb_dual_port_compact_engine.sv:126$6416'.
     1/64: $32\first_effect$func$cap_pdb_dual_port_compact_engine.sv:126$4099.found[0:0]$6549
     2/64: $32\first_effect$func$cap_pdb_dual_port_compact_engine.sv:126$4099.$result[4:0]$6548
     3/64: $31\first_effect$func$cap_pdb_dual_port_compact_engine.sv:126$4099.found[0:0]$6545
     4/64: $31\first_effect$func$cap_pdb_dual_port_compact_engine.sv:126$4099.$result[4:0]$6544
     5/64: $30\first_effect$func$cap_pdb_dual_port_compact_engine.sv:126$4099.found[0:0]$6541
     6/64: $30\first_effect$func$cap_pdb_dual_port_compact_engine.sv:126$4099.$result[4:0]$6540
     7/64: $29\first_effect$func$cap_pdb_dual_port_compact_engine.sv:126$4099.found[0:0]$6537
     8/64: $29\first_effect$func$cap_pdb_dual_port_compact_engine.sv:126$4099.$result[4:0]$6536
     9/64: $28\first_effect$func$cap_pdb_dual_port_compact_engine.sv:126$4099.found[0:0]$6533
    10/64: $28\first_effect$func$cap_pdb_dual_port_compact_engine.sv:126$4099.$result[4:0]$6532
    11/64: $27\first_effect$func$cap_pdb_dual_port_compact_engine.sv:126$4099.found[0:0]$6529
    12/64: $27\first_effect$func$cap_pdb_dual_port_compact_engine.sv:126$4099.$result[4:0]$6528
    13/64: $26\first_effect$func$cap_pdb_dual_port_compact_engine.sv:126$4099.found[0:0]$6525
    14/64: $26\first_effect$func$cap_pdb_dual_port_compact_engine.sv:126$4099.$result[4:0]$6524
    15/64: $25\first_effect$func$cap_pdb_dual_port_compact_engine.sv:126$4099.found[0:0]$6521
    16/64: $25\first_effect$func$cap_pdb_dual_port_compact_engine.sv:126$4099.$result[4:0]$6520
    17/64: $24\first_effect$func$cap_pdb_dual_port_compact_engine.sv:126$4099.found[0:0]$6517
    18/64: $24\first_effect$func$cap_pdb_dual_port_compact_engine.sv:126$4099.$result[4:0]$6516
    19/64: $23\first_effect$func$cap_pdb_dual_port_compact_engine.sv:126$4099.found[0:0]$6513
    20/64: $23\first_effect$func$cap_pdb_dual_port_compact_engine.sv:126$4099.$result[4:0]$6512
    21/64: $22\first_effect$func$cap_pdb_dual_port_compact_engine.sv:126$4099.found[0:0]$6509
    22/64: $22\first_effect$func$cap_pdb_dual_port_compact_engine.sv:126$4099.$result[4:0]$6508
    23/64: $21\first_effect$func$cap_pdb_dual_port_compact_engine.sv:126$4099.found[0:0]$6505
    24/64: $21\first_effect$func$cap_pdb_dual_port_compact_engine.sv:126$4099.$result[4:0]$6504
    25/64: $20\first_effect$func$cap_pdb_dual_port_compact_engine.sv:126$4099.found[0:0]$6501
    26/64: $20\first_effect$func$cap_pdb_dual_port_compact_engine.sv:126$4099.$result[4:0]$6500
    27/64: $19\first_effect$func$cap_pdb_dual_port_compact_engine.sv:126$4099.found[0:0]$6497
    28/64: $19\first_effect$func$cap_pdb_dual_port_compact_engine.sv:126$4099.$result[4:0]$6496
    29/64: $18\first_effect$func$cap_pdb_dual_port_compact_engine.sv:126$4099.found[0:0]$6493
    30/64: $18\first_effect$func$cap_pdb_dual_port_compact_engine.sv:126$4099.$result[4:0]$6492
    31/64: $17\first_effect$func$cap_pdb_dual_port_compact_engine.sv:126$4099.found[0:0]$6489
    32/64: $17\first_effect$func$cap_pdb_dual_port_compact_engine.sv:126$4099.$result[4:0]$6488
    33/64: $16\first_effect$func$cap_pdb_dual_port_compact_engine.sv:126$4099.found[0:0]$6485
    34/64: $16\first_effect$func$cap_pdb_dual_port_compact_engine.sv:126$4099.$result[4:0]$6484
    35/64: $15\first_effect$func$cap_pdb_dual_port_compact_engine.sv:126$4099.found[0:0]$6481
    36/64: $15\first_effect$func$cap_pdb_dual_port_compact_engine.sv:126$4099.$result[4:0]$6480
    37/64: $14\first_effect$func$cap_pdb_dual_port_compact_engine.sv:126$4099.found[0:0]$6477
    38/64: $14\first_effect$func$cap_pdb_dual_port_compact_engine.sv:126$4099.$result[4:0]$6476
    39/64: $13\first_effect$func$cap_pdb_dual_port_compact_engine.sv:126$4099.found[0:0]$6473
    40/64: $13\first_effect$func$cap_pdb_dual_port_compact_engine.sv:126$4099.$result[4:0]$6472
    41/64: $12\first_effect$func$cap_pdb_dual_port_compact_engine.sv:126$4099.found[0:0]$6469
    42/64: $12\first_effect$func$cap_pdb_dual_port_compact_engine.sv:126$4099.$result[4:0]$6468
    43/64: $11\first_effect$func$cap_pdb_dual_port_compact_engine.sv:126$4099.found[0:0]$6465
    44/64: $11\first_effect$func$cap_pdb_dual_port_compact_engine.sv:126$4099.$result[4:0]$6464
    45/64: $10\first_effect$func$cap_pdb_dual_port_compact_engine.sv:126$4099.found[0:0]$6461
    46/64: $10\first_effect$func$cap_pdb_dual_port_compact_engine.sv:126$4099.$result[4:0]$6460
    47/64: $9\first_effect$func$cap_pdb_dual_port_compact_engine.sv:126$4099.found[0:0]$6457
    48/64: $9\first_effect$func$cap_pdb_dual_port_compact_engine.sv:126$4099.$result[4:0]$6456
    49/64: $8\first_effect$func$cap_pdb_dual_port_compact_engine.sv:126$4099.found[0:0]$6453
    50/64: $8\first_effect$func$cap_pdb_dual_port_compact_engine.sv:126$4099.$result[4:0]$6452
    51/64: $7\first_effect$func$cap_pdb_dual_port_compact_engine.sv:126$4099.found[0:0]$6449
    52/64: $7\first_effect$func$cap_pdb_dual_port_compact_engine.sv:126$4099.$result[4:0]$6448
    53/64: $6\first_effect$func$cap_pdb_dual_port_compact_engine.sv:126$4099.found[0:0]$6445
    54/64: $6\first_effect$func$cap_pdb_dual_port_compact_engine.sv:126$4099.$result[4:0]$6444
    55/64: $5\first_effect$func$cap_pdb_dual_port_compact_engine.sv:126$4099.found[0:0]$6441
    56/64: $5\first_effect$func$cap_pdb_dual_port_compact_engine.sv:126$4099.$result[4:0]$6440
    57/64: $4\first_effect$func$cap_pdb_dual_port_compact_engine.sv:126$4099.found[0:0]$6437
    58/64: $4\first_effect$func$cap_pdb_dual_port_compact_engine.sv:126$4099.$result[4:0]$6436
    59/64: $3\first_effect$func$cap_pdb_dual_port_compact_engine.sv:126$4099.found[0:0]$6433
    60/64: $3\first_effect$func$cap_pdb_dual_port_compact_engine.sv:126$4099.$result[4:0]$6432
    61/64: $2\first_effect$func$cap_pdb_dual_port_compact_engine.sv:126$4099.found[0:0]$6429
    62/64: $2\first_effect$func$cap_pdb_dual_port_compact_engine.sv:126$4099.$result[4:0]$6428
    63/64: $1\first_effect$func$cap_pdb_dual_port_compact_engine.sv:126$4099.found[0:0]$6425
    64/64: $1\first_effect$func$cap_pdb_dual_port_compact_engine.sv:126$4099.$result[4:0]$6424
Creating decoders for process `\cap_pdb_dual_port_compact_allocation_engine.$proc$cap_pdb_dual_port_compact_engine.sv:136$6554'.
     1/3: $3\batch_minimum$func$cap_pdb_dual_port_compact_engine.sv:136$4100.$result[15:0]$6566
     2/3: $2\batch_minimum$func$cap_pdb_dual_port_compact_engine.sv:136$4100.$result[15:0]$6565
     3/3: $1\batch_minimum$func$cap_pdb_dual_port_compact_engine.sv:136$4100.$result[15:0]$6562
Creating decoders for process `\cap_pdb_dual_port_compact_allocation_engine.$proc$cap_pdb_dual_port_compact_engine.sv:124$6579'.
     1/64: $32\first_effect$func$cap_pdb_dual_port_compact_engine.sv:124$4101.found[0:0]$6712
     2/64: $32\first_effect$func$cap_pdb_dual_port_compact_engine.sv:124$4101.$result[4:0]$6711
     3/64: $31\first_effect$func$cap_pdb_dual_port_compact_engine.sv:124$4101.found[0:0]$6708
     4/64: $31\first_effect$func$cap_pdb_dual_port_compact_engine.sv:124$4101.$result[4:0]$6707
     5/64: $30\first_effect$func$cap_pdb_dual_port_compact_engine.sv:124$4101.found[0:0]$6704
     6/64: $30\first_effect$func$cap_pdb_dual_port_compact_engine.sv:124$4101.$result[4:0]$6703
     7/64: $29\first_effect$func$cap_pdb_dual_port_compact_engine.sv:124$4101.found[0:0]$6700
     8/64: $29\first_effect$func$cap_pdb_dual_port_compact_engine.sv:124$4101.$result[4:0]$6699
     9/64: $28\first_effect$func$cap_pdb_dual_port_compact_engine.sv:124$4101.found[0:0]$6696
    10/64: $28\first_effect$func$cap_pdb_dual_port_compact_engine.sv:124$4101.$result[4:0]$6695
    11/64: $27\first_effect$func$cap_pdb_dual_port_compact_engine.sv:124$4101.found[0:0]$6692
    12/64: $27\first_effect$func$cap_pdb_dual_port_compact_engine.sv:124$4101.$result[4:0]$6691
    13/64: $26\first_effect$func$cap_pdb_dual_port_compact_engine.sv:124$4101.found[0:0]$6688
    14/64: $26\first_effect$func$cap_pdb_dual_port_compact_engine.sv:124$4101.$result[4:0]$6687
    15/64: $25\first_effect$func$cap_pdb_dual_port_compact_engine.sv:124$4101.found[0:0]$6684
    16/64: $25\first_effect$func$cap_pdb_dual_port_compact_engine.sv:124$4101.$result[4:0]$6683
    17/64: $24\first_effect$func$cap_pdb_dual_port_compact_engine.sv:124$4101.found[0:0]$6680
    18/64: $24\first_effect$func$cap_pdb_dual_port_compact_engine.sv:124$4101.$result[4:0]$6679
    19/64: $23\first_effect$func$cap_pdb_dual_port_compact_engine.sv:124$4101.found[0:0]$6676
    20/64: $23\first_effect$func$cap_pdb_dual_port_compact_engine.sv:124$4101.$result[4:0]$6675
    21/64: $22\first_effect$func$cap_pdb_dual_port_compact_engine.sv:124$4101.found[0:0]$6672
    22/64: $22\first_effect$func$cap_pdb_dual_port_compact_engine.sv:124$4101.$result[4:0]$6671
    23/64: $21\first_effect$func$cap_pdb_dual_port_compact_engine.sv:124$4101.found[0:0]$6668
    24/64: $21\first_effect$func$cap_pdb_dual_port_compact_engine.sv:124$4101.$result[4:0]$6667
    25/64: $20\first_effect$func$cap_pdb_dual_port_compact_engine.sv:124$4101.found[0:0]$6664
    26/64: $20\first_effect$func$cap_pdb_dual_port_compact_engine.sv:124$4101.$result[4:0]$6663
    27/64: $19\first_effect$func$cap_pdb_dual_port_compact_engine.sv:124$4101.found[0:0]$6660
    28/64: $19\first_effect$func$cap_pdb_dual_port_compact_engine.sv:124$4101.$result[4:0]$6659
    29/64: $18\first_effect$func$cap_pdb_dual_port_compact_engine.sv:124$4101.found[0:0]$6656
    30/64: $18\first_effect$func$cap_pdb_dual_port_compact_engine.sv:124$4101.$result[4:0]$6655
    31/64: $17\first_effect$func$cap_pdb_dual_port_compact_engine.sv:124$4101.found[0:0]$6652
    32/64: $17\first_effect$func$cap_pdb_dual_port_compact_engine.sv:124$4101.$result[4:0]$6651
    33/64: $16\first_effect$func$cap_pdb_dual_port_compact_engine.sv:124$4101.found[0:0]$6648
    34/64: $16\first_effect$func$cap_pdb_dual_port_compact_engine.sv:124$4101.$result[4:0]$6647
    35/64: $15\first_effect$func$cap_pdb_dual_port_compact_engine.sv:124$4101.found[0:0]$6644
    36/64: $15\first_effect$func$cap_pdb_dual_port_compact_engine.sv:124$4101.$result[4:0]$6643
    37/64: $14\first_effect$func$cap_pdb_dual_port_compact_engine.sv:124$4101.found[0:0]$6640
    38/64: $14\first_effect$func$cap_pdb_dual_port_compact_engine.sv:124$4101.$result[4:0]$6639
    39/64: $13\first_effect$func$cap_pdb_dual_port_compact_engine.sv:124$4101.found[0:0]$6636
    40/64: $13\first_effect$func$cap_pdb_dual_port_compact_engine.sv:124$4101.$result[4:0]$6635
    41/64: $12\first_effect$func$cap_pdb_dual_port_compact_engine.sv:124$4101.found[0:0]$6632
    42/64: $12\first_effect$func$cap_pdb_dual_port_compact_engine.sv:124$4101.$result[4:0]$6631
    43/64: $11\first_effect$func$cap_pdb_dual_port_compact_engine.sv:124$4101.found[0:0]$6628
    44/64: $11\first_effect$func$cap_pdb_dual_port_compact_engine.sv:124$4101.$result[4:0]$6627
    45/64: $10\first_effect$func$cap_pdb_dual_port_compact_engine.sv:124$4101.found[0:0]$6624
    46/64: $10\first_effect$func$cap_pdb_dual_port_compact_engine.sv:124$4101.$result[4:0]$6623
    47/64: $9\first_effect$func$cap_pdb_dual_port_compact_engine.sv:124$4101.found[0:0]$6620
    48/64: $9\first_effect$func$cap_pdb_dual_port_compact_engine.sv:124$4101.$result[4:0]$6619
    49/64: $8\first_effect$func$cap_pdb_dual_port_compact_engine.sv:124$4101.found[0:0]$6616
    50/64: $8\first_effect$func$cap_pdb_dual_port_compact_engine.sv:124$4101.$result[4:0]$6615
    51/64: $7\first_effect$func$cap_pdb_dual_port_compact_engine.sv:124$4101.found[0:0]$6612
    52/64: $7\first_effect$func$cap_pdb_dual_port_compact_engine.sv:124$4101.$result[4:0]$6611
    53/64: $6\first_effect$func$cap_pdb_dual_port_compact_engine.sv:124$4101.found[0:0]$6608
    54/64: $6\first_effect$func$cap_pdb_dual_port_compact_engine.sv:124$4101.$result[4:0]$6607
    55/64: $5\first_effect$func$cap_pdb_dual_port_compact_engine.sv:124$4101.found[0:0]$6604
    56/64: $5\first_effect$func$cap_pdb_dual_port_compact_engine.sv:124$4101.$result[4:0]$6603
    57/64: $4\first_effect$func$cap_pdb_dual_port_compact_engine.sv:124$4101.found[0:0]$6600
    58/64: $4\first_effect$func$cap_pdb_dual_port_compact_engine.sv:124$4101.$result[4:0]$6599
    59/64: $3\first_effect$func$cap_pdb_dual_port_compact_engine.sv:124$4101.found[0:0]$6596
    60/64: $3\first_effect$func$cap_pdb_dual_port_compact_engine.sv:124$4101.$result[4:0]$6595
    61/64: $2\first_effect$func$cap_pdb_dual_port_compact_engine.sv:124$4101.found[0:0]$6592
    62/64: $2\first_effect$func$cap_pdb_dual_port_compact_engine.sv:124$4101.$result[4:0]$6591
    63/64: $1\first_effect$func$cap_pdb_dual_port_compact_engine.sv:124$4101.found[0:0]$6588
    64/64: $1\first_effect$func$cap_pdb_dual_port_compact_engine.sv:124$4101.$result[4:0]$6587
Creating decoders for process `\cap_pdb_dual_port_compact_allocation_engine.$proc$cap_pdb_dual_port_compact_engine.sv:126$6713'.
     1/64: $32\first_effect$func$cap_pdb_dual_port_compact_engine.sv:126$4102.found[0:0]$6846
     2/64: $32\first_effect$func$cap_pdb_dual_port_compact_engine.sv:126$4102.$result[4:0]$6845
     3/64: $31\first_effect$func$cap_pdb_dual_port_compact_engine.sv:126$4102.found[0:0]$6842
     4/64: $31\first_effect$func$cap_pdb_dual_port_compact_engine.sv:126$4102.$result[4:0]$6841
     5/64: $30\first_effect$func$cap_pdb_dual_port_compact_engine.sv:126$4102.found[0:0]$6838
     6/64: $30\first_effect$func$cap_pdb_dual_port_compact_engine.sv:126$4102.$result[4:0]$6837
     7/64: $29\first_effect$func$cap_pdb_dual_port_compact_engine.sv:126$4102.found[0:0]$6834
     8/64: $29\first_effect$func$cap_pdb_dual_port_compact_engine.sv:126$4102.$result[4:0]$6833
     9/64: $28\first_effect$func$cap_pdb_dual_port_compact_engine.sv:126$4102.found[0:0]$6830
    10/64: $28\first_effect$func$cap_pdb_dual_port_compact_engine.sv:126$4102.$result[4:0]$6829
    11/64: $27\first_effect$func$cap_pdb_dual_port_compact_engine.sv:126$4102.found[0:0]$6826
    12/64: $27\first_effect$func$cap_pdb_dual_port_compact_engine.sv:126$4102.$result[4:0]$6825
    13/64: $26\first_effect$func$cap_pdb_dual_port_compact_engine.sv:126$4102.found[0:0]$6822
    14/64: $26\first_effect$func$cap_pdb_dual_port_compact_engine.sv:126$4102.$result[4:0]$6821
    15/64: $25\first_effect$func$cap_pdb_dual_port_compact_engine.sv:126$4102.found[0:0]$6818
    16/64: $25\first_effect$func$cap_pdb_dual_port_compact_engine.sv:126$4102.$result[4:0]$6817
    17/64: $24\first_effect$func$cap_pdb_dual_port_compact_engine.sv:126$4102.found[0:0]$6814
    18/64: $24\first_effect$func$cap_pdb_dual_port_compact_engine.sv:126$4102.$result[4:0]$6813
    19/64: $23\first_effect$func$cap_pdb_dual_port_compact_engine.sv:126$4102.found[0:0]$6810
    20/64: $23\first_effect$func$cap_pdb_dual_port_compact_engine.sv:126$4102.$result[4:0]$6809
    21/64: $22\first_effect$func$cap_pdb_dual_port_compact_engine.sv:126$4102.found[0:0]$6806
    22/64: $22\first_effect$func$cap_pdb_dual_port_compact_engine.sv:126$4102.$result[4:0]$6805
    23/64: $21\first_effect$func$cap_pdb_dual_port_compact_engine.sv:126$4102.found[0:0]$6802
    24/64: $21\first_effect$func$cap_pdb_dual_port_compact_engine.sv:126$4102.$result[4:0]$6801
    25/64: $20\first_effect$func$cap_pdb_dual_port_compact_engine.sv:126$4102.found[0:0]$6798
    26/64: $20\first_effect$func$cap_pdb_dual_port_compact_engine.sv:126$4102.$result[4:0]$6797
    27/64: $19\first_effect$func$cap_pdb_dual_port_compact_engine.sv:126$4102.found[0:0]$6794
    28/64: $19\first_effect$func$cap_pdb_dual_port_compact_engine.sv:126$4102.$result[4:0]$6793
    29/64: $18\first_effect$func$cap_pdb_dual_port_compact_engine.sv:126$4102.found[0:0]$6790
    30/64: $18\first_effect$func$cap_pdb_dual_port_compact_engine.sv:126$4102.$result[4:0]$6789
    31/64: $17\first_effect$func$cap_pdb_dual_port_compact_engine.sv:126$4102.found[0:0]$6786
    32/64: $17\first_effect$func$cap_pdb_dual_port_compact_engine.sv:126$4102.$result[4:0]$6785
    33/64: $16\first_effect$func$cap_pdb_dual_port_compact_engine.sv:126$4102.found[0:0]$6782
    34/64: $16\first_effect$func$cap_pdb_dual_port_compact_engine.sv:126$4102.$result[4:0]$6781
    35/64: $15\first_effect$func$cap_pdb_dual_port_compact_engine.sv:126$4102.found[0:0]$6778
    36/64: $15\first_effect$func$cap_pdb_dual_port_compact_engine.sv:126$4102.$result[4:0]$6777
    37/64: $14\first_effect$func$cap_pdb_dual_port_compact_engine.sv:126$4102.found[0:0]$6774
    38/64: $14\first_effect$func$cap_pdb_dual_port_compact_engine.sv:126$4102.$result[4:0]$6773
    39/64: $13\first_effect$func$cap_pdb_dual_port_compact_engine.sv:126$4102.found[0:0]$6770
    40/64: $13\first_effect$func$cap_pdb_dual_port_compact_engine.sv:126$4102.$result[4:0]$6769
    41/64: $12\first_effect$func$cap_pdb_dual_port_compact_engine.sv:126$4102.found[0:0]$6766
    42/64: $12\first_effect$func$cap_pdb_dual_port_compact_engine.sv:126$4102.$result[4:0]$6765
    43/64: $11\first_effect$func$cap_pdb_dual_port_compact_engine.sv:126$4102.found[0:0]$6762
    44/64: $11\first_effect$func$cap_pdb_dual_port_compact_engine.sv:126$4102.$result[4:0]$6761
    45/64: $10\first_effect$func$cap_pdb_dual_port_compact_engine.sv:126$4102.found[0:0]$6758
    46/64: $10\first_effect$func$cap_pdb_dual_port_compact_engine.sv:126$4102.$result[4:0]$6757
    47/64: $9\first_effect$func$cap_pdb_dual_port_compact_engine.sv:126$4102.found[0:0]$6754
    48/64: $9\first_effect$func$cap_pdb_dual_port_compact_engine.sv:126$4102.$result[4:0]$6753
    49/64: $8\first_effect$func$cap_pdb_dual_port_compact_engine.sv:126$4102.found[0:0]$6750
    50/64: $8\first_effect$func$cap_pdb_dual_port_compact_engine.sv:126$4102.$result[4:0]$6749
    51/64: $7\first_effect$func$cap_pdb_dual_port_compact_engine.sv:126$4102.found[0:0]$6746
    52/64: $7\first_effect$func$cap_pdb_dual_port_compact_engine.sv:126$4102.$result[4:0]$6745
    53/64: $6\first_effect$func$cap_pdb_dual_port_compact_engine.sv:126$4102.found[0:0]$6742
    54/64: $6\first_effect$func$cap_pdb_dual_port_compact_engine.sv:126$4102.$result[4:0]$6741
    55/64: $5\first_effect$func$cap_pdb_dual_port_compact_engine.sv:126$4102.found[0:0]$6738
    56/64: $5\first_effect$func$cap_pdb_dual_port_compact_engine.sv:126$4102.$result[4:0]$6737
    57/64: $4\first_effect$func$cap_pdb_dual_port_compact_engine.sv:126$4102.found[0:0]$6734
    58/64: $4\first_effect$func$cap_pdb_dual_port_compact_engine.sv:126$4102.$result[4:0]$6733
    59/64: $3\first_effect$func$cap_pdb_dual_port_compact_engine.sv:126$4102.found[0:0]$6730
    60/64: $3\first_effect$func$cap_pdb_dual_port_compact_engine.sv:126$4102.$result[4:0]$6729
    61/64: $2\first_effect$func$cap_pdb_dual_port_compact_engine.sv:126$4102.found[0:0]$6726
    62/64: $2\first_effect$func$cap_pdb_dual_port_compact_engine.sv:126$4102.$result[4:0]$6725
    63/64: $1\first_effect$func$cap_pdb_dual_port_compact_engine.sv:126$4102.found[0:0]$6722
    64/64: $1\first_effect$func$cap_pdb_dual_port_compact_engine.sv:126$4102.$result[4:0]$6721
Creating decoders for process `\cap_pdb_dual_port_compact_allocation_engine.$proc$cap_pdb_dual_port_compact_engine.sv:136$6851'.
     1/3: $3\batch_minimum$func$cap_pdb_dual_port_compact_engine.sv:136$4103.$result[15:0]$6863
     2/3: $2\batch_minimum$func$cap_pdb_dual_port_compact_engine.sv:136$4103.$result[15:0]$6862
     3/3: $1\batch_minimum$func$cap_pdb_dual_port_compact_engine.sv:136$4103.$result[15:0]$6859
Creating decoders for process `\cap_pdb_dual_port_compact_allocation_engine.$proc$cap_pdb_dual_port_compact_engine.sv:124$6876'.
     1/64: $32\first_effect$func$cap_pdb_dual_port_compact_engine.sv:124$4104.found[0:0]$7009
     2/64: $32\first_effect$func$cap_pdb_dual_port_compact_engine.sv:124$4104.$result[4:0]$7008
     3/64: $31\first_effect$func$cap_pdb_dual_port_compact_engine.sv:124$4104.found[0:0]$7005
     4/64: $31\first_effect$func$cap_pdb_dual_port_compact_engine.sv:124$4104.$result[4:0]$7004
     5/64: $30\first_effect$func$cap_pdb_dual_port_compact_engine.sv:124$4104.found[0:0]$7001
     6/64: $30\first_effect$func$cap_pdb_dual_port_compact_engine.sv:124$4104.$result[4:0]$7000
     7/64: $29\first_effect$func$cap_pdb_dual_port_compact_engine.sv:124$4104.found[0:0]$6997
     8/64: $29\first_effect$func$cap_pdb_dual_port_compact_engine.sv:124$4104.$result[4:0]$6996
     9/64: $28\first_effect$func$cap_pdb_dual_port_compact_engine.sv:124$4104.found[0:0]$6993
    10/64: $28\first_effect$func$cap_pdb_dual_port_compact_engine.sv:124$4104.$result[4:0]$6992
    11/64: $27\first_effect$func$cap_pdb_dual_port_compact_engine.sv:124$4104.found[0:0]$6989
    12/64: $27\first_effect$func$cap_pdb_dual_port_compact_engine.sv:124$4104.$result[4:0]$6988
    13/64: $26\first_effect$func$cap_pdb_dual_port_compact_engine.sv:124$4104.found[0:0]$6985
    14/64: $26\first_effect$func$cap_pdb_dual_port_compact_engine.sv:124$4104.$result[4:0]$6984
    15/64: $25\first_effect$func$cap_pdb_dual_port_compact_engine.sv:124$4104.found[0:0]$6981
    16/64: $25\first_effect$func$cap_pdb_dual_port_compact_engine.sv:124$4104.$result[4:0]$6980
    17/64: $24\first_effect$func$cap_pdb_dual_port_compact_engine.sv:124$4104.found[0:0]$6977
    18/64: $24\first_effect$func$cap_pdb_dual_port_compact_engine.sv:124$4104.$result[4:0]$6976
    19/64: $23\first_effect$func$cap_pdb_dual_port_compact_engine.sv:124$4104.found[0:0]$6973
    20/64: $23\first_effect$func$cap_pdb_dual_port_compact_engine.sv:124$4104.$result[4:0]$6972
    21/64: $22\first_effect$func$cap_pdb_dual_port_compact_engine.sv:124$4104.found[0:0]$6969
    22/64: $22\first_effect$func$cap_pdb_dual_port_compact_engine.sv:124$4104.$result[4:0]$6968
    23/64: $21\first_effect$func$cap_pdb_dual_port_compact_engine.sv:124$4104.found[0:0]$6965
    24/64: $21\first_effect$func$cap_pdb_dual_port_compact_engine.sv:124$4104.$result[4:0]$6964
    25/64: $20\first_effect$func$cap_pdb_dual_port_compact_engine.sv:124$4104.found[0:0]$6961
    26/64: $20\first_effect$func$cap_pdb_dual_port_compact_engine.sv:124$4104.$result[4:0]$6960
    27/64: $19\first_effect$func$cap_pdb_dual_port_compact_engine.sv:124$4104.found[0:0]$6957
    28/64: $19\first_effect$func$cap_pdb_dual_port_compact_engine.sv:124$4104.$result[4:0]$6956
    29/64: $18\first_effect$func$cap_pdb_dual_port_compact_engine.sv:124$4104.found[0:0]$6953
    30/64: $18\first_effect$func$cap_pdb_dual_port_compact_engine.sv:124$4104.$result[4:0]$6952
    31/64: $17\first_effect$func$cap_pdb_dual_port_compact_engine.sv:124$4104.found[0:0]$6949
    32/64: $17\first_effect$func$cap_pdb_dual_port_compact_engine.sv:124$4104.$result[4:0]$6948
    33/64: $16\first_effect$func$cap_pdb_dual_port_compact_engine.sv:124$4104.found[0:0]$6945
    34/64: $16\first_effect$func$cap_pdb_dual_port_compact_engine.sv:124$4104.$result[4:0]$6944
    35/64: $15\first_effect$func$cap_pdb_dual_port_compact_engine.sv:124$4104.found[0:0]$6941
    36/64: $15\first_effect$func$cap_pdb_dual_port_compact_engine.sv:124$4104.$result[4:0]$6940
    37/64: $14\first_effect$func$cap_pdb_dual_port_compact_engine.sv:124$4104.found[0:0]$6937
    38/64: $14\first_effect$func$cap_pdb_dual_port_compact_engine.sv:124$4104.$result[4:0]$6936
    39/64: $13\first_effect$func$cap_pdb_dual_port_compact_engine.sv:124$4104.found[0:0]$6933
    40/64: $13\first_effect$func$cap_pdb_dual_port_compact_engine.sv:124$4104.$result[4:0]$6932
    41/64: $12\first_effect$func$cap_pdb_dual_port_compact_engine.sv:124$4104.found[0:0]$6929
    42/64: $12\first_effect$func$cap_pdb_dual_port_compact_engine.sv:124$4104.$result[4:0]$6928
    43/64: $11\first_effect$func$cap_pdb_dual_port_compact_engine.sv:124$4104.found[0:0]$6925
    44/64: $11\first_effect$func$cap_pdb_dual_port_compact_engine.sv:124$4104.$result[4:0]$6924
    45/64: $10\first_effect$func$cap_pdb_dual_port_compact_engine.sv:124$4104.found[0:0]$6921
    46/64: $10\first_effect$func$cap_pdb_dual_port_compact_engine.sv:124$4104.$result[4:0]$6920
    47/64: $9\first_effect$func$cap_pdb_dual_port_compact_engine.sv:124$4104.found[0:0]$6917
    48/64: $9\first_effect$func$cap_pdb_dual_port_compact_engine.sv:124$4104.$result[4:0]$6916
    49/64: $8\first_effect$func$cap_pdb_dual_port_compact_engine.sv:124$4104.found[0:0]$6913
    50/64: $8\first_effect$func$cap_pdb_dual_port_compact_engine.sv:124$4104.$result[4:0]$6912
    51/64: $7\first_effect$func$cap_pdb_dual_port_compact_engine.sv:124$4104.found[0:0]$6909
    52/64: $7\first_effect$func$cap_pdb_dual_port_compact_engine.sv:124$4104.$result[4:0]$6908
    53/64: $6\first_effect$func$cap_pdb_dual_port_compact_engine.sv:124$4104.found[0:0]$6905
    54/64: $6\first_effect$func$cap_pdb_dual_port_compact_engine.sv:124$4104.$result[4:0]$6904
    55/64: $5\first_effect$func$cap_pdb_dual_port_compact_engine.sv:124$4104.found[0:0]$6901
    56/64: $5\first_effect$func$cap_pdb_dual_port_compact_engine.sv:124$4104.$result[4:0]$6900
    57/64: $4\first_effect$func$cap_pdb_dual_port_compact_engine.sv:124$4104.found[0:0]$6897
    58/64: $4\first_effect$func$cap_pdb_dual_port_compact_engine.sv:124$4104.$result[4:0]$6896
    59/64: $3\first_effect$func$cap_pdb_dual_port_compact_engine.sv:124$4104.found[0:0]$6893
    60/64: $3\first_effect$func$cap_pdb_dual_port_compact_engine.sv:124$4104.$result[4:0]$6892
    61/64: $2\first_effect$func$cap_pdb_dual_port_compact_engine.sv:124$4104.found[0:0]$6889
    62/64: $2\first_effect$func$cap_pdb_dual_port_compact_engine.sv:124$4104.$result[4:0]$6888
    63/64: $1\first_effect$func$cap_pdb_dual_port_compact_engine.sv:124$4104.found[0:0]$6885
    64/64: $1\first_effect$func$cap_pdb_dual_port_compact_engine.sv:124$4104.$result[4:0]$6884
Creating decoders for process `\cap_pdb_dual_port_compact_allocation_engine.$proc$cap_pdb_dual_port_compact_engine.sv:126$7010'.
     1/64: $32\first_effect$func$cap_pdb_dual_port_compact_engine.sv:126$4105.found[0:0]$7143
     2/64: $32\first_effect$func$cap_pdb_dual_port_compact_engine.sv:126$4105.$result[4:0]$7142
     3/64: $31\first_effect$func$cap_pdb_dual_port_compact_engine.sv:126$4105.found[0:0]$7139
     4/64: $31\first_effect$func$cap_pdb_dual_port_compact_engine.sv:126$4105.$result[4:0]$7138
     5/64: $30\first_effect$func$cap_pdb_dual_port_compact_engine.sv:126$4105.found[0:0]$7135
     6/64: $30\first_effect$func$cap_pdb_dual_port_compact_engine.sv:126$4105.$result[4:0]$7134
     7/64: $29\first_effect$func$cap_pdb_dual_port_compact_engine.sv:126$4105.found[0:0]$7131
     8/64: $29\first_effect$func$cap_pdb_dual_port_compact_engine.sv:126$4105.$result[4:0]$7130
     9/64: $28\first_effect$func$cap_pdb_dual_port_compact_engine.sv:126$4105.found[0:0]$7127
    10/64: $28\first_effect$func$cap_pdb_dual_port_compact_engine.sv:126$4105.$result[4:0]$7126
    11/64: $27\first_effect$func$cap_pdb_dual_port_compact_engine.sv:126$4105.found[0:0]$7123
    12/64: $27\first_effect$func$cap_pdb_dual_port_compact_engine.sv:126$4105.$result[4:0]$7122
    13/64: $26\first_effect$func$cap_pdb_dual_port_compact_engine.sv:126$4105.found[0:0]$7119
    14/64: $26\first_effect$func$cap_pdb_dual_port_compact_engine.sv:126$4105.$result[4:0]$7118
    15/64: $25\first_effect$func$cap_pdb_dual_port_compact_engine.sv:126$4105.found[0:0]$7115
    16/64: $25\first_effect$func$cap_pdb_dual_port_compact_engine.sv:126$4105.$result[4:0]$7114
    17/64: $24\first_effect$func$cap_pdb_dual_port_compact_engine.sv:126$4105.found[0:0]$7111
    18/64: $24\first_effect$func$cap_pdb_dual_port_compact_engine.sv:126$4105.$result[4:0]$7110
    19/64: $23\first_effect$func$cap_pdb_dual_port_compact_engine.sv:126$4105.found[0:0]$7107
    20/64: $23\first_effect$func$cap_pdb_dual_port_compact_engine.sv:126$4105.$result[4:0]$7106
    21/64: $22\first_effect$func$cap_pdb_dual_port_compact_engine.sv:126$4105.found[0:0]$7103
    22/64: $22\first_effect$func$cap_pdb_dual_port_compact_engine.sv:126$4105.$result[4:0]$7102
    23/64: $21\first_effect$func$cap_pdb_dual_port_compact_engine.sv:126$4105.found[0:0]$7099
    24/64: $21\first_effect$func$cap_pdb_dual_port_compact_engine.sv:126$4105.$result[4:0]$7098
    25/64: $20\first_effect$func$cap_pdb_dual_port_compact_engine.sv:126$4105.found[0:0]$7095
    26/64: $20\first_effect$func$cap_pdb_dual_port_compact_engine.sv:126$4105.$result[4:0]$7094
    27/64: $19\first_effect$func$cap_pdb_dual_port_compact_engine.sv:126$4105.found[0:0]$7091
    28/64: $19\first_effect$func$cap_pdb_dual_port_compact_engine.sv:126$4105.$result[4:0]$7090
    29/64: $18\first_effect$func$cap_pdb_dual_port_compact_engine.sv:126$4105.found[0:0]$7087
    30/64: $18\first_effect$func$cap_pdb_dual_port_compact_engine.sv:126$4105.$result[4:0]$7086
    31/64: $17\first_effect$func$cap_pdb_dual_port_compact_engine.sv:126$4105.found[0:0]$7083
    32/64: $17\first_effect$func$cap_pdb_dual_port_compact_engine.sv:126$4105.$result[4:0]$7082
    33/64: $16\first_effect$func$cap_pdb_dual_port_compact_engine.sv:126$4105.found[0:0]$7079
    34/64: $16\first_effect$func$cap_pdb_dual_port_compact_engine.sv:126$4105.$result[4:0]$7078
    35/64: $15\first_effect$func$cap_pdb_dual_port_compact_engine.sv:126$4105.found[0:0]$7075
    36/64: $15\first_effect$func$cap_pdb_dual_port_compact_engine.sv:126$4105.$result[4:0]$7074
    37/64: $14\first_effect$func$cap_pdb_dual_port_compact_engine.sv:126$4105.found[0:0]$7071
    38/64: $14\first_effect$func$cap_pdb_dual_port_compact_engine.sv:126$4105.$result[4:0]$7070
    39/64: $13\first_effect$func$cap_pdb_dual_port_compact_engine.sv:126$4105.found[0:0]$7067
    40/64: $13\first_effect$func$cap_pdb_dual_port_compact_engine.sv:126$4105.$result[4:0]$7066
    41/64: $12\first_effect$func$cap_pdb_dual_port_compact_engine.sv:126$4105.found[0:0]$7063
    42/64: $12\first_effect$func$cap_pdb_dual_port_compact_engine.sv:126$4105.$result[4:0]$7062
    43/64: $11\first_effect$func$cap_pdb_dual_port_compact_engine.sv:126$4105.found[0:0]$7059
    44/64: $11\first_effect$func$cap_pdb_dual_port_compact_engine.sv:126$4105.$result[4:0]$7058
    45/64: $10\first_effect$func$cap_pdb_dual_port_compact_engine.sv:126$4105.found[0:0]$7055
    46/64: $10\first_effect$func$cap_pdb_dual_port_compact_engine.sv:126$4105.$result[4:0]$7054
    47/64: $9\first_effect$func$cap_pdb_dual_port_compact_engine.sv:126$4105.found[0:0]$7051
    48/64: $9\first_effect$func$cap_pdb_dual_port_compact_engine.sv:126$4105.$result[4:0]$7050
    49/64: $8\first_effect$func$cap_pdb_dual_port_compact_engine.sv:126$4105.found[0:0]$7047
    50/64: $8\first_effect$func$cap_pdb_dual_port_compact_engine.sv:126$4105.$result[4:0]$7046
    51/64: $7\first_effect$func$cap_pdb_dual_port_compact_engine.sv:126$4105.found[0:0]$7043
    52/64: $7\first_effect$func$cap_pdb_dual_port_compact_engine.sv:126$4105.$result[4:0]$7042
    53/64: $6\first_effect$func$cap_pdb_dual_port_compact_engine.sv:126$4105.found[0:0]$7039
    54/64: $6\first_effect$func$cap_pdb_dual_port_compact_engine.sv:126$4105.$result[4:0]$7038
    55/64: $5\first_effect$func$cap_pdb_dual_port_compact_engine.sv:126$4105.found[0:0]$7035
    56/64: $5\first_effect$func$cap_pdb_dual_port_compact_engine.sv:126$4105.$result[4:0]$7034
    57/64: $4\first_effect$func$cap_pdb_dual_port_compact_engine.sv:126$4105.found[0:0]$7031
    58/64: $4\first_effect$func$cap_pdb_dual_port_compact_engine.sv:126$4105.$result[4:0]$7030
    59/64: $3\first_effect$func$cap_pdb_dual_port_compact_engine.sv:126$4105.found[0:0]$7027
    60/64: $3\first_effect$func$cap_pdb_dual_port_compact_engine.sv:126$4105.$result[4:0]$7026
    61/64: $2\first_effect$func$cap_pdb_dual_port_compact_engine.sv:126$4105.found[0:0]$7023
    62/64: $2\first_effect$func$cap_pdb_dual_port_compact_engine.sv:126$4105.$result[4:0]$7022
    63/64: $1\first_effect$func$cap_pdb_dual_port_compact_engine.sv:126$4105.found[0:0]$7019
    64/64: $1\first_effect$func$cap_pdb_dual_port_compact_engine.sv:126$4105.$result[4:0]$7018
Creating decoders for process `\cap_pdb_dual_port_compact_allocation_engine.$proc$cap_pdb_dual_port_compact_engine.sv:136$7148'.
     1/3: $3\batch_minimum$func$cap_pdb_dual_port_compact_engine.sv:136$4106.$result[15:0]$7160
     2/3: $2\batch_minimum$func$cap_pdb_dual_port_compact_engine.sv:136$4106.$result[15:0]$7159
     3/3: $1\batch_minimum$func$cap_pdb_dual_port_compact_engine.sv:136$4106.$result[15:0]$7156
Creating decoders for process `\cap_pdb_dual_port_compact_allocation_engine.$proc$cap_pdb_dual_port_compact_engine.sv:124$7173'.
     1/64: $32\first_effect$func$cap_pdb_dual_port_compact_engine.sv:124$4107.found[0:0]$7306
     2/64: $32\first_effect$func$cap_pdb_dual_port_compact_engine.sv:124$4107.$result[4:0]$7305
     3/64: $31\first_effect$func$cap_pdb_dual_port_compact_engine.sv:124$4107.found[0:0]$7302
     4/64: $31\first_effect$func$cap_pdb_dual_port_compact_engine.sv:124$4107.$result[4:0]$7301
     5/64: $30\first_effect$func$cap_pdb_dual_port_compact_engine.sv:124$4107.found[0:0]$7298
     6/64: $30\first_effect$func$cap_pdb_dual_port_compact_engine.sv:124$4107.$result[4:0]$7297
     7/64: $29\first_effect$func$cap_pdb_dual_port_compact_engine.sv:124$4107.found[0:0]$7294
     8/64: $29\first_effect$func$cap_pdb_dual_port_compact_engine.sv:124$4107.$result[4:0]$7293
     9/64: $28\first_effect$func$cap_pdb_dual_port_compact_engine.sv:124$4107.found[0:0]$7290
    10/64: $28\first_effect$func$cap_pdb_dual_port_compact_engine.sv:124$4107.$result[4:0]$7289
    11/64: $27\first_effect$func$cap_pdb_dual_port_compact_engine.sv:124$4107.found[0:0]$7286
    12/64: $27\first_effect$func$cap_pdb_dual_port_compact_engine.sv:124$4107.$result[4:0]$7285
    13/64: $26\first_effect$func$cap_pdb_dual_port_compact_engine.sv:124$4107.found[0:0]$7282
    14/64: $26\first_effect$func$cap_pdb_dual_port_compact_engine.sv:124$4107.$result[4:0]$7281
    15/64: $25\first_effect$func$cap_pdb_dual_port_compact_engine.sv:124$4107.found[0:0]$7278
    16/64: $25\first_effect$func$cap_pdb_dual_port_compact_engine.sv:124$4107.$result[4:0]$7277
    17/64: $24\first_effect$func$cap_pdb_dual_port_compact_engine.sv:124$4107.found[0:0]$7274
    18/64: $24\first_effect$func$cap_pdb_dual_port_compact_engine.sv:124$4107.$result[4:0]$7273
    19/64: $23\first_effect$func$cap_pdb_dual_port_compact_engine.sv:124$4107.found[0:0]$7270
    20/64: $23\first_effect$func$cap_pdb_dual_port_compact_engine.sv:124$4107.$result[4:0]$7269
    21/64: $22\first_effect$func$cap_pdb_dual_port_compact_engine.sv:124$4107.found[0:0]$7266
    22/64: $22\first_effect$func$cap_pdb_dual_port_compact_engine.sv:124$4107.$result[4:0]$7265
    23/64: $21\first_effect$func$cap_pdb_dual_port_compact_engine.sv:124$4107.found[0:0]$7262
    24/64: $21\first_effect$func$cap_pdb_dual_port_compact_engine.sv:124$4107.$result[4:0]$7261
    25/64: $20\first_effect$func$cap_pdb_dual_port_compact_engine.sv:124$4107.found[0:0]$7258
    26/64: $20\first_effect$func$cap_pdb_dual_port_compact_engine.sv:124$4107.$result[4:0]$7257
    27/64: $19\first_effect$func$cap_pdb_dual_port_compact_engine.sv:124$4107.found[0:0]$7254
    28/64: $19\first_effect$func$cap_pdb_dual_port_compact_engine.sv:124$4107.$result[4:0]$7253
    29/64: $18\first_effect$func$cap_pdb_dual_port_compact_engine.sv:124$4107.found[0:0]$7250
    30/64: $18\first_effect$func$cap_pdb_dual_port_compact_engine.sv:124$4107.$result[4:0]$7249
    31/64: $17\first_effect$func$cap_pdb_dual_port_compact_engine.sv:124$4107.found[0:0]$7246
    32/64: $17\first_effect$func$cap_pdb_dual_port_compact_engine.sv:124$4107.$result[4:0]$7245
    33/64: $16\first_effect$func$cap_pdb_dual_port_compact_engine.sv:124$4107.found[0:0]$7242
    34/64: $16\first_effect$func$cap_pdb_dual_port_compact_engine.sv:124$4107.$result[4:0]$7241
    35/64: $15\first_effect$func$cap_pdb_dual_port_compact_engine.sv:124$4107.found[0:0]$7238
    36/64: $15\first_effect$func$cap_pdb_dual_port_compact_engine.sv:124$4107.$result[4:0]$7237
    37/64: $14\first_effect$func$cap_pdb_dual_port_compact_engine.sv:124$4107.found[0:0]$7234
    38/64: $14\first_effect$func$cap_pdb_dual_port_compact_engine.sv:124$4107.$result[4:0]$7233
    39/64: $13\first_effect$func$cap_pdb_dual_port_compact_engine.sv:124$4107.found[0:0]$7230
    40/64: $13\first_effect$func$cap_pdb_dual_port_compact_engine.sv:124$4107.$result[4:0]$7229
    41/64: $12\first_effect$func$cap_pdb_dual_port_compact_engine.sv:124$4107.found[0:0]$7226
    42/64: $12\first_effect$func$cap_pdb_dual_port_compact_engine.sv:124$4107.$result[4:0]$7225
    43/64: $11\first_effect$func$cap_pdb_dual_port_compact_engine.sv:124$4107.found[0:0]$7222
    44/64: $11\first_effect$func$cap_pdb_dual_port_compact_engine.sv:124$4107.$result[4:0]$7221
    45/64: $10\first_effect$func$cap_pdb_dual_port_compact_engine.sv:124$4107.found[0:0]$7218
    46/64: $10\first_effect$func$cap_pdb_dual_port_compact_engine.sv:124$4107.$result[4:0]$7217
    47/64: $9\first_effect$func$cap_pdb_dual_port_compact_engine.sv:124$4107.found[0:0]$7214
    48/64: $9\first_effect$func$cap_pdb_dual_port_compact_engine.sv:124$4107.$result[4:0]$7213
    49/64: $8\first_effect$func$cap_pdb_dual_port_compact_engine.sv:124$4107.found[0:0]$7210
    50/64: $8\first_effect$func$cap_pdb_dual_port_compact_engine.sv:124$4107.$result[4:0]$7209
    51/64: $7\first_effect$func$cap_pdb_dual_port_compact_engine.sv:124$4107.found[0:0]$7206
    52/64: $7\first_effect$func$cap_pdb_dual_port_compact_engine.sv:124$4107.$result[4:0]$7205
    53/64: $6\first_effect$func$cap_pdb_dual_port_compact_engine.sv:124$4107.found[0:0]$7202
    54/64: $6\first_effect$func$cap_pdb_dual_port_compact_engine.sv:124$4107.$result[4:0]$7201
    55/64: $5\first_effect$func$cap_pdb_dual_port_compact_engine.sv:124$4107.found[0:0]$7198
    56/64: $5\first_effect$func$cap_pdb_dual_port_compact_engine.sv:124$4107.$result[4:0]$7197
    57/64: $4\first_effect$func$cap_pdb_dual_port_compact_engine.sv:124$4107.found[0:0]$7194
    58/64: $4\first_effect$func$cap_pdb_dual_port_compact_engine.sv:124$4107.$result[4:0]$7193
    59/64: $3\first_effect$func$cap_pdb_dual_port_compact_engine.sv:124$4107.found[0:0]$7190
    60/64: $3\first_effect$func$cap_pdb_dual_port_compact_engine.sv:124$4107.$result[4:0]$7189
    61/64: $2\first_effect$func$cap_pdb_dual_port_compact_engine.sv:124$4107.found[0:0]$7186
    62/64: $2\first_effect$func$cap_pdb_dual_port_compact_engine.sv:124$4107.$result[4:0]$7185
    63/64: $1\first_effect$func$cap_pdb_dual_port_compact_engine.sv:124$4107.found[0:0]$7182
    64/64: $1\first_effect$func$cap_pdb_dual_port_compact_engine.sv:124$4107.$result[4:0]$7181
Creating decoders for process `\cap_pdb_dual_port_compact_allocation_engine.$proc$cap_pdb_dual_port_compact_engine.sv:126$7307'.
     1/64: $32\first_effect$func$cap_pdb_dual_port_compact_engine.sv:126$4108.found[0:0]$7440
     2/64: $32\first_effect$func$cap_pdb_dual_port_compact_engine.sv:126$4108.$result[4:0]$7439
     3/64: $31\first_effect$func$cap_pdb_dual_port_compact_engine.sv:126$4108.found[0:0]$7436
     4/64: $31\first_effect$func$cap_pdb_dual_port_compact_engine.sv:126$4108.$result[4:0]$7435
     5/64: $30\first_effect$func$cap_pdb_dual_port_compact_engine.sv:126$4108.found[0:0]$7432
     6/64: $30\first_effect$func$cap_pdb_dual_port_compact_engine.sv:126$4108.$result[4:0]$7431
     7/64: $29\first_effect$func$cap_pdb_dual_port_compact_engine.sv:126$4108.found[0:0]$7428
     8/64: $29\first_effect$func$cap_pdb_dual_port_compact_engine.sv:126$4108.$result[4:0]$7427
     9/64: $28\first_effect$func$cap_pdb_dual_port_compact_engine.sv:126$4108.found[0:0]$7424
    10/64: $28\first_effect$func$cap_pdb_dual_port_compact_engine.sv:126$4108.$result[4:0]$7423
    11/64: $27\first_effect$func$cap_pdb_dual_port_compact_engine.sv:126$4108.found[0:0]$7420
    12/64: $27\first_effect$func$cap_pdb_dual_port_compact_engine.sv:126$4108.$result[4:0]$7419
    13/64: $26\first_effect$func$cap_pdb_dual_port_compact_engine.sv:126$4108.found[0:0]$7416
    14/64: $26\first_effect$func$cap_pdb_dual_port_compact_engine.sv:126$4108.$result[4:0]$7415
    15/64: $25\first_effect$func$cap_pdb_dual_port_compact_engine.sv:126$4108.found[0:0]$7412
    16/64: $25\first_effect$func$cap_pdb_dual_port_compact_engine.sv:126$4108.$result[4:0]$7411
    17/64: $24\first_effect$func$cap_pdb_dual_port_compact_engine.sv:126$4108.found[0:0]$7408
    18/64: $24\first_effect$func$cap_pdb_dual_port_compact_engine.sv:126$4108.$result[4:0]$7407
    19/64: $23\first_effect$func$cap_pdb_dual_port_compact_engine.sv:126$4108.found[0:0]$7404
    20/64: $23\first_effect$func$cap_pdb_dual_port_compact_engine.sv:126$4108.$result[4:0]$7403
    21/64: $22\first_effect$func$cap_pdb_dual_port_compact_engine.sv:126$4108.found[0:0]$7400
    22/64: $22\first_effect$func$cap_pdb_dual_port_compact_engine.sv:126$4108.$result[4:0]$7399
    23/64: $21\first_effect$func$cap_pdb_dual_port_compact_engine.sv:126$4108.found[0:0]$7396
    24/64: $21\first_effect$func$cap_pdb_dual_port_compact_engine.sv:126$4108.$result[4:0]$7395
    25/64: $20\first_effect$func$cap_pdb_dual_port_compact_engine.sv:126$4108.found[0:0]$7392
    26/64: $20\first_effect$func$cap_pdb_dual_port_compact_engine.sv:126$4108.$result[4:0]$7391
    27/64: $19\first_effect$func$cap_pdb_dual_port_compact_engine.sv:126$4108.found[0:0]$7388
    28/64: $19\first_effect$func$cap_pdb_dual_port_compact_engine.sv:126$4108.$result[4:0]$7387
    29/64: $18\first_effect$func$cap_pdb_dual_port_compact_engine.sv:126$4108.found[0:0]$7384
    30/64: $18\first_effect$func$cap_pdb_dual_port_compact_engine.sv:126$4108.$result[4:0]$7383
    31/64: $17\first_effect$func$cap_pdb_dual_port_compact_engine.sv:126$4108.found[0:0]$7380
    32/64: $17\first_effect$func$cap_pdb_dual_port_compact_engine.sv:126$4108.$result[4:0]$7379
    33/64: $16\first_effect$func$cap_pdb_dual_port_compact_engine.sv:126$4108.found[0:0]$7376
    34/64: $16\first_effect$func$cap_pdb_dual_port_compact_engine.sv:126$4108.$result[4:0]$7375
    35/64: $15\first_effect$func$cap_pdb_dual_port_compact_engine.sv:126$4108.found[0:0]$7372
    36/64: $15\first_effect$func$cap_pdb_dual_port_compact_engine.sv:126$4108.$result[4:0]$7371
    37/64: $14\first_effect$func$cap_pdb_dual_port_compact_engine.sv:126$4108.found[0:0]$7368
    38/64: $14\first_effect$func$cap_pdb_dual_port_compact_engine.sv:126$4108.$result[4:0]$7367
    39/64: $13\first_effect$func$cap_pdb_dual_port_compact_engine.sv:126$4108.found[0:0]$7364
    40/64: $13\first_effect$func$cap_pdb_dual_port_compact_engine.sv:126$4108.$result[4:0]$7363
    41/64: $12\first_effect$func$cap_pdb_dual_port_compact_engine.sv:126$4108.found[0:0]$7360
    42/64: $12\first_effect$func$cap_pdb_dual_port_compact_engine.sv:126$4108.$result[4:0]$7359
    43/64: $11\first_effect$func$cap_pdb_dual_port_compact_engine.sv:126$4108.found[0:0]$7356
    44/64: $11\first_effect$func$cap_pdb_dual_port_compact_engine.sv:126$4108.$result[4:0]$7355
    45/64: $10\first_effect$func$cap_pdb_dual_port_compact_engine.sv:126$4108.found[0:0]$7352
    46/64: $10\first_effect$func$cap_pdb_dual_port_compact_engine.sv:126$4108.$result[4:0]$7351
    47/64: $9\first_effect$func$cap_pdb_dual_port_compact_engine.sv:126$4108.found[0:0]$7348
    48/64: $9\first_effect$func$cap_pdb_dual_port_compact_engine.sv:126$4108.$result[4:0]$7347
    49/64: $8\first_effect$func$cap_pdb_dual_port_compact_engine.sv:126$4108.found[0:0]$7344
    50/64: $8\first_effect$func$cap_pdb_dual_port_compact_engine.sv:126$4108.$result[4:0]$7343
    51/64: $7\first_effect$func$cap_pdb_dual_port_compact_engine.sv:126$4108.found[0:0]$7340
    52/64: $7\first_effect$func$cap_pdb_dual_port_compact_engine.sv:126$4108.$result[4:0]$7339
    53/64: $6\first_effect$func$cap_pdb_dual_port_compact_engine.sv:126$4108.found[0:0]$7336
    54/64: $6\first_effect$func$cap_pdb_dual_port_compact_engine.sv:126$4108.$result[4:0]$7335
    55/64: $5\first_effect$func$cap_pdb_dual_port_compact_engine.sv:126$4108.found[0:0]$7332
    56/64: $5\first_effect$func$cap_pdb_dual_port_compact_engine.sv:126$4108.$result[4:0]$7331
    57/64: $4\first_effect$func$cap_pdb_dual_port_compact_engine.sv:126$4108.found[0:0]$7328
    58/64: $4\first_effect$func$cap_pdb_dual_port_compact_engine.sv:126$4108.$result[4:0]$7327
    59/64: $3\first_effect$func$cap_pdb_dual_port_compact_engine.sv:126$4108.found[0:0]$7324
    60/64: $3\first_effect$func$cap_pdb_dual_port_compact_engine.sv:126$4108.$result[4:0]$7323
    61/64: $2\first_effect$func$cap_pdb_dual_port_compact_engine.sv:126$4108.found[0:0]$7320
    62/64: $2\first_effect$func$cap_pdb_dual_port_compact_engine.sv:126$4108.$result[4:0]$7319
    63/64: $1\first_effect$func$cap_pdb_dual_port_compact_engine.sv:126$4108.found[0:0]$7316
    64/64: $1\first_effect$func$cap_pdb_dual_port_compact_engine.sv:126$4108.$result[4:0]$7315
Creating decoders for process `\cap_pdb_dual_port_compact_allocation_engine.$proc$cap_pdb_dual_port_compact_engine.sv:136$7445'.
     1/3: $3\batch_minimum$func$cap_pdb_dual_port_compact_engine.sv:136$4109.$result[15:0]$7457
     2/3: $2\batch_minimum$func$cap_pdb_dual_port_compact_engine.sv:136$4109.$result[15:0]$7456
     3/3: $1\batch_minimum$func$cap_pdb_dual_port_compact_engine.sv:136$4109.$result[15:0]$7453
Creating decoders for process `\cap_pdb_dual_port_compact_allocation_engine.$proc$cap_pdb_dual_port_compact_engine.sv:124$7470'.
     1/64: $32\first_effect$func$cap_pdb_dual_port_compact_engine.sv:124$4110.found[0:0]$7603
     2/64: $32\first_effect$func$cap_pdb_dual_port_compact_engine.sv:124$4110.$result[4:0]$7602
     3/64: $31\first_effect$func$cap_pdb_dual_port_compact_engine.sv:124$4110.found[0:0]$7599
     4/64: $31\first_effect$func$cap_pdb_dual_port_compact_engine.sv:124$4110.$result[4:0]$7598
     5/64: $30\first_effect$func$cap_pdb_dual_port_compact_engine.sv:124$4110.found[0:0]$7595
     6/64: $30\first_effect$func$cap_pdb_dual_port_compact_engine.sv:124$4110.$result[4:0]$7594
     7/64: $29\first_effect$func$cap_pdb_dual_port_compact_engine.sv:124$4110.found[0:0]$7591
     8/64: $29\first_effect$func$cap_pdb_dual_port_compact_engine.sv:124$4110.$result[4:0]$7590
     9/64: $28\first_effect$func$cap_pdb_dual_port_compact_engine.sv:124$4110.found[0:0]$7587
    10/64: $28\first_effect$func$cap_pdb_dual_port_compact_engine.sv:124$4110.$result[4:0]$7586
    11/64: $27\first_effect$func$cap_pdb_dual_port_compact_engine.sv:124$4110.found[0:0]$7583
    12/64: $27\first_effect$func$cap_pdb_dual_port_compact_engine.sv:124$4110.$result[4:0]$7582
    13/64: $26\first_effect$func$cap_pdb_dual_port_compact_engine.sv:124$4110.found[0:0]$7579
    14/64: $26\first_effect$func$cap_pdb_dual_port_compact_engine.sv:124$4110.$result[4:0]$7578
    15/64: $25\first_effect$func$cap_pdb_dual_port_compact_engine.sv:124$4110.found[0:0]$7575
    16/64: $25\first_effect$func$cap_pdb_dual_port_compact_engine.sv:124$4110.$result[4:0]$7574
    17/64: $24\first_effect$func$cap_pdb_dual_port_compact_engine.sv:124$4110.found[0:0]$7571
    18/64: $24\first_effect$func$cap_pdb_dual_port_compact_engine.sv:124$4110.$result[4:0]$7570
    19/64: $23\first_effect$func$cap_pdb_dual_port_compact_engine.sv:124$4110.found[0:0]$7567
    20/64: $23\first_effect$func$cap_pdb_dual_port_compact_engine.sv:124$4110.$result[4:0]$7566
    21/64: $22\first_effect$func$cap_pdb_dual_port_compact_engine.sv:124$4110.found[0:0]$7563
    22/64: $22\first_effect$func$cap_pdb_dual_port_compact_engine.sv:124$4110.$result[4:0]$7562
    23/64: $21\first_effect$func$cap_pdb_dual_port_compact_engine.sv:124$4110.found[0:0]$7559
    24/64: $21\first_effect$func$cap_pdb_dual_port_compact_engine.sv:124$4110.$result[4:0]$7558
    25/64: $20\first_effect$func$cap_pdb_dual_port_compact_engine.sv:124$4110.found[0:0]$7555
    26/64: $20\first_effect$func$cap_pdb_dual_port_compact_engine.sv:124$4110.$result[4:0]$7554
    27/64: $19\first_effect$func$cap_pdb_dual_port_compact_engine.sv:124$4110.found[0:0]$7551
    28/64: $19\first_effect$func$cap_pdb_dual_port_compact_engine.sv:124$4110.$result[4:0]$7550
    29/64: $18\first_effect$func$cap_pdb_dual_port_compact_engine.sv:124$4110.found[0:0]$7547
    30/64: $18\first_effect$func$cap_pdb_dual_port_compact_engine.sv:124$4110.$result[4:0]$7546
    31/64: $17\first_effect$func$cap_pdb_dual_port_compact_engine.sv:124$4110.found[0:0]$7543
    32/64: $17\first_effect$func$cap_pdb_dual_port_compact_engine.sv:124$4110.$result[4:0]$7542
    33/64: $16\first_effect$func$cap_pdb_dual_port_compact_engine.sv:124$4110.found[0:0]$7539
    34/64: $16\first_effect$func$cap_pdb_dual_port_compact_engine.sv:124$4110.$result[4:0]$7538
    35/64: $15\first_effect$func$cap_pdb_dual_port_compact_engine.sv:124$4110.found[0:0]$7535
    36/64: $15\first_effect$func$cap_pdb_dual_port_compact_engine.sv:124$4110.$result[4:0]$7534
    37/64: $14\first_effect$func$cap_pdb_dual_port_compact_engine.sv:124$4110.found[0:0]$7531
    38/64: $14\first_effect$func$cap_pdb_dual_port_compact_engine.sv:124$4110.$result[4:0]$7530
    39/64: $13\first_effect$func$cap_pdb_dual_port_compact_engine.sv:124$4110.found[0:0]$7527
    40/64: $13\first_effect$func$cap_pdb_dual_port_compact_engine.sv:124$4110.$result[4:0]$7526
    41/64: $12\first_effect$func$cap_pdb_dual_port_compact_engine.sv:124$4110.found[0:0]$7523
    42/64: $12\first_effect$func$cap_pdb_dual_port_compact_engine.sv:124$4110.$result[4:0]$7522
    43/64: $11\first_effect$func$cap_pdb_dual_port_compact_engine.sv:124$4110.found[0:0]$7519
    44/64: $11\first_effect$func$cap_pdb_dual_port_compact_engine.sv:124$4110.$result[4:0]$7518
    45/64: $10\first_effect$func$cap_pdb_dual_port_compact_engine.sv:124$4110.found[0:0]$7515
    46/64: $10\first_effect$func$cap_pdb_dual_port_compact_engine.sv:124$4110.$result[4:0]$7514
    47/64: $9\first_effect$func$cap_pdb_dual_port_compact_engine.sv:124$4110.found[0:0]$7511
    48/64: $9\first_effect$func$cap_pdb_dual_port_compact_engine.sv:124$4110.$result[4:0]$7510
    49/64: $8\first_effect$func$cap_pdb_dual_port_compact_engine.sv:124$4110.found[0:0]$7507
    50/64: $8\first_effect$func$cap_pdb_dual_port_compact_engine.sv:124$4110.$result[4:0]$7506
    51/64: $7\first_effect$func$cap_pdb_dual_port_compact_engine.sv:124$4110.found[0:0]$7503
    52/64: $7\first_effect$func$cap_pdb_dual_port_compact_engine.sv:124$4110.$result[4:0]$7502
    53/64: $6\first_effect$func$cap_pdb_dual_port_compact_engine.sv:124$4110.found[0:0]$7499
    54/64: $6\first_effect$func$cap_pdb_dual_port_compact_engine.sv:124$4110.$result[4:0]$7498
    55/64: $5\first_effect$func$cap_pdb_dual_port_compact_engine.sv:124$4110.found[0:0]$7495
    56/64: $5\first_effect$func$cap_pdb_dual_port_compact_engine.sv:124$4110.$result[4:0]$7494
    57/64: $4\first_effect$func$cap_pdb_dual_port_compact_engine.sv:124$4110.found[0:0]$7491
    58/64: $4\first_effect$func$cap_pdb_dual_port_compact_engine.sv:124$4110.$result[4:0]$7490
    59/64: $3\first_effect$func$cap_pdb_dual_port_compact_engine.sv:124$4110.found[0:0]$7487
    60/64: $3\first_effect$func$cap_pdb_dual_port_compact_engine.sv:124$4110.$result[4:0]$7486
    61/64: $2\first_effect$func$cap_pdb_dual_port_compact_engine.sv:124$4110.found[0:0]$7483
    62/64: $2\first_effect$func$cap_pdb_dual_port_compact_engine.sv:124$4110.$result[4:0]$7482
    63/64: $1\first_effect$func$cap_pdb_dual_port_compact_engine.sv:124$4110.found[0:0]$7479
    64/64: $1\first_effect$func$cap_pdb_dual_port_compact_engine.sv:124$4110.$result[4:0]$7478
Creating decoders for process `\cap_pdb_dual_port_compact_allocation_engine.$proc$cap_pdb_dual_port_compact_engine.sv:126$7604'.
     1/64: $32\first_effect$func$cap_pdb_dual_port_compact_engine.sv:126$4111.found[0:0]$7737
     2/64: $32\first_effect$func$cap_pdb_dual_port_compact_engine.sv:126$4111.$result[4:0]$7736
     3/64: $31\first_effect$func$cap_pdb_dual_port_compact_engine.sv:126$4111.found[0:0]$7733
     4/64: $31\first_effect$func$cap_pdb_dual_port_compact_engine.sv:126$4111.$result[4:0]$7732
     5/64: $30\first_effect$func$cap_pdb_dual_port_compact_engine.sv:126$4111.found[0:0]$7729
     6/64: $30\first_effect$func$cap_pdb_dual_port_compact_engine.sv:126$4111.$result[4:0]$7728
     7/64: $29\first_effect$func$cap_pdb_dual_port_compact_engine.sv:126$4111.found[0:0]$7725
     8/64: $29\first_effect$func$cap_pdb_dual_port_compact_engine.sv:126$4111.$result[4:0]$7724
     9/64: $28\first_effect$func$cap_pdb_dual_port_compact_engine.sv:126$4111.found[0:0]$7721
    10/64: $28\first_effect$func$cap_pdb_dual_port_compact_engine.sv:126$4111.$result[4:0]$7720
    11/64: $27\first_effect$func$cap_pdb_dual_port_compact_engine.sv:126$4111.found[0:0]$7717
    12/64: $27\first_effect$func$cap_pdb_dual_port_compact_engine.sv:126$4111.$result[4:0]$7716
    13/64: $26\first_effect$func$cap_pdb_dual_port_compact_engine.sv:126$4111.found[0:0]$7713
    14/64: $26\first_effect$func$cap_pdb_dual_port_compact_engine.sv:126$4111.$result[4:0]$7712
    15/64: $25\first_effect$func$cap_pdb_dual_port_compact_engine.sv:126$4111.found[0:0]$7709
    16/64: $25\first_effect$func$cap_pdb_dual_port_compact_engine.sv:126$4111.$result[4:0]$7708
    17/64: $24\first_effect$func$cap_pdb_dual_port_compact_engine.sv:126$4111.found[0:0]$7705
    18/64: $24\first_effect$func$cap_pdb_dual_port_compact_engine.sv:126$4111.$result[4:0]$7704
    19/64: $23\first_effect$func$cap_pdb_dual_port_compact_engine.sv:126$4111.found[0:0]$7701
    20/64: $23\first_effect$func$cap_pdb_dual_port_compact_engine.sv:126$4111.$result[4:0]$7700
    21/64: $22\first_effect$func$cap_pdb_dual_port_compact_engine.sv:126$4111.found[0:0]$7697
    22/64: $22\first_effect$func$cap_pdb_dual_port_compact_engine.sv:126$4111.$result[4:0]$7696
    23/64: $21\first_effect$func$cap_pdb_dual_port_compact_engine.sv:126$4111.found[0:0]$7693
    24/64: $21\first_effect$func$cap_pdb_dual_port_compact_engine.sv:126$4111.$result[4:0]$7692
    25/64: $20\first_effect$func$cap_pdb_dual_port_compact_engine.sv:126$4111.found[0:0]$7689
    26/64: $20\first_effect$func$cap_pdb_dual_port_compact_engine.sv:126$4111.$result[4:0]$7688
    27/64: $19\first_effect$func$cap_pdb_dual_port_compact_engine.sv:126$4111.found[0:0]$7685
    28/64: $19\first_effect$func$cap_pdb_dual_port_compact_engine.sv:126$4111.$result[4:0]$7684
    29/64: $18\first_effect$func$cap_pdb_dual_port_compact_engine.sv:126$4111.found[0:0]$7681
    30/64: $18\first_effect$func$cap_pdb_dual_port_compact_engine.sv:126$4111.$result[4:0]$7680
    31/64: $17\first_effect$func$cap_pdb_dual_port_compact_engine.sv:126$4111.found[0:0]$7677
    32/64: $17\first_effect$func$cap_pdb_dual_port_compact_engine.sv:126$4111.$result[4:0]$7676
    33/64: $16\first_effect$func$cap_pdb_dual_port_compact_engine.sv:126$4111.found[0:0]$7673
    34/64: $16\first_effect$func$cap_pdb_dual_port_compact_engine.sv:126$4111.$result[4:0]$7672
    35/64: $15\first_effect$func$cap_pdb_dual_port_compact_engine.sv:126$4111.found[0:0]$7669
    36/64: $15\first_effect$func$cap_pdb_dual_port_compact_engine.sv:126$4111.$result[4:0]$7668
    37/64: $14\first_effect$func$cap_pdb_dual_port_compact_engine.sv:126$4111.found[0:0]$7665
    38/64: $14\first_effect$func$cap_pdb_dual_port_compact_engine.sv:126$4111.$result[4:0]$7664
    39/64: $13\first_effect$func$cap_pdb_dual_port_compact_engine.sv:126$4111.found[0:0]$7661
    40/64: $13\first_effect$func$cap_pdb_dual_port_compact_engine.sv:126$4111.$result[4:0]$7660
    41/64: $12\first_effect$func$cap_pdb_dual_port_compact_engine.sv:126$4111.found[0:0]$7657
    42/64: $12\first_effect$func$cap_pdb_dual_port_compact_engine.sv:126$4111.$result[4:0]$7656
    43/64: $11\first_effect$func$cap_pdb_dual_port_compact_engine.sv:126$4111.found[0:0]$7653
    44/64: $11\first_effect$func$cap_pdb_dual_port_compact_engine.sv:126$4111.$result[4:0]$7652
    45/64: $10\first_effect$func$cap_pdb_dual_port_compact_engine.sv:126$4111.found[0:0]$7649
    46/64: $10\first_effect$func$cap_pdb_dual_port_compact_engine.sv:126$4111.$result[4:0]$7648
    47/64: $9\first_effect$func$cap_pdb_dual_port_compact_engine.sv:126$4111.found[0:0]$7645
    48/64: $9\first_effect$func$cap_pdb_dual_port_compact_engine.sv:126$4111.$result[4:0]$7644
    49/64: $8\first_effect$func$cap_pdb_dual_port_compact_engine.sv:126$4111.found[0:0]$7641
    50/64: $8\first_effect$func$cap_pdb_dual_port_compact_engine.sv:126$4111.$result[4:0]$7640
    51/64: $7\first_effect$func$cap_pdb_dual_port_compact_engine.sv:126$4111.found[0:0]$7637
    52/64: $7\first_effect$func$cap_pdb_dual_port_compact_engine.sv:126$4111.$result[4:0]$7636
    53/64: $6\first_effect$func$cap_pdb_dual_port_compact_engine.sv:126$4111.found[0:0]$7633
    54/64: $6\first_effect$func$cap_pdb_dual_port_compact_engine.sv:126$4111.$result[4:0]$7632
    55/64: $5\first_effect$func$cap_pdb_dual_port_compact_engine.sv:126$4111.found[0:0]$7629
    56/64: $5\first_effect$func$cap_pdb_dual_port_compact_engine.sv:126$4111.$result[4:0]$7628
    57/64: $4\first_effect$func$cap_pdb_dual_port_compact_engine.sv:126$4111.found[0:0]$7625
    58/64: $4\first_effect$func$cap_pdb_dual_port_compact_engine.sv:126$4111.$result[4:0]$7624
    59/64: $3\first_effect$func$cap_pdb_dual_port_compact_engine.sv:126$4111.found[0:0]$7621
    60/64: $3\first_effect$func$cap_pdb_dual_port_compact_engine.sv:126$4111.$result[4:0]$7620
    61/64: $2\first_effect$func$cap_pdb_dual_port_compact_engine.sv:126$4111.found[0:0]$7617
    62/64: $2\first_effect$func$cap_pdb_dual_port_compact_engine.sv:126$4111.$result[4:0]$7616
    63/64: $1\first_effect$func$cap_pdb_dual_port_compact_engine.sv:126$4111.found[0:0]$7613
    64/64: $1\first_effect$func$cap_pdb_dual_port_compact_engine.sv:126$4111.$result[4:0]$7612
Creating decoders for process `\cap_pdb_dual_port_compact_allocation_engine.$proc$cap_pdb_dual_port_compact_engine.sv:136$7742'.
     1/3: $3\batch_minimum$func$cap_pdb_dual_port_compact_engine.sv:136$4112.$result[15:0]$7754
     2/3: $2\batch_minimum$func$cap_pdb_dual_port_compact_engine.sv:136$4112.$result[15:0]$7753
     3/3: $1\batch_minimum$func$cap_pdb_dual_port_compact_engine.sv:136$4112.$result[15:0]$7750
Creating decoders for process `\cap_pdb_dual_port_compact_allocation_engine.$proc$cap_pdb_dual_port_compact_engine.sv:124$7767'.
     1/64: $32\first_effect$func$cap_pdb_dual_port_compact_engine.sv:124$4113.found[0:0]$7900
     2/64: $32\first_effect$func$cap_pdb_dual_port_compact_engine.sv:124$4113.$result[4:0]$7899
     3/64: $31\first_effect$func$cap_pdb_dual_port_compact_engine.sv:124$4113.found[0:0]$7896
     4/64: $31\first_effect$func$cap_pdb_dual_port_compact_engine.sv:124$4113.$result[4:0]$7895
     5/64: $30\first_effect$func$cap_pdb_dual_port_compact_engine.sv:124$4113.found[0:0]$7892
     6/64: $30\first_effect$func$cap_pdb_dual_port_compact_engine.sv:124$4113.$result[4:0]$7891
     7/64: $29\first_effect$func$cap_pdb_dual_port_compact_engine.sv:124$4113.found[0:0]$7888
     8/64: $29\first_effect$func$cap_pdb_dual_port_compact_engine.sv:124$4113.$result[4:0]$7887
     9/64: $28\first_effect$func$cap_pdb_dual_port_compact_engine.sv:124$4113.found[0:0]$7884
    10/64: $28\first_effect$func$cap_pdb_dual_port_compact_engine.sv:124$4113.$result[4:0]$7883
    11/64: $27\first_effect$func$cap_pdb_dual_port_compact_engine.sv:124$4113.found[0:0]$7880
    12/64: $27\first_effect$func$cap_pdb_dual_port_compact_engine.sv:124$4113.$result[4:0]$7879
    13/64: $26\first_effect$func$cap_pdb_dual_port_compact_engine.sv:124$4113.found[0:0]$7876
    14/64: $26\first_effect$func$cap_pdb_dual_port_compact_engine.sv:124$4113.$result[4:0]$7875
    15/64: $25\first_effect$func$cap_pdb_dual_port_compact_engine.sv:124$4113.found[0:0]$7872
    16/64: $25\first_effect$func$cap_pdb_dual_port_compact_engine.sv:124$4113.$result[4:0]$7871
    17/64: $24\first_effect$func$cap_pdb_dual_port_compact_engine.sv:124$4113.found[0:0]$7868
    18/64: $24\first_effect$func$cap_pdb_dual_port_compact_engine.sv:124$4113.$result[4:0]$7867
    19/64: $23\first_effect$func$cap_pdb_dual_port_compact_engine.sv:124$4113.found[0:0]$7864
    20/64: $23\first_effect$func$cap_pdb_dual_port_compact_engine.sv:124$4113.$result[4:0]$7863
    21/64: $22\first_effect$func$cap_pdb_dual_port_compact_engine.sv:124$4113.found[0:0]$7860
    22/64: $22\first_effect$func$cap_pdb_dual_port_compact_engine.sv:124$4113.$result[4:0]$7859
    23/64: $21\first_effect$func$cap_pdb_dual_port_compact_engine.sv:124$4113.found[0:0]$7856
    24/64: $21\first_effect$func$cap_pdb_dual_port_compact_engine.sv:124$4113.$result[4:0]$7855
    25/64: $20\first_effect$func$cap_pdb_dual_port_compact_engine.sv:124$4113.found[0:0]$7852
    26/64: $20\first_effect$func$cap_pdb_dual_port_compact_engine.sv:124$4113.$result[4:0]$7851
    27/64: $19\first_effect$func$cap_pdb_dual_port_compact_engine.sv:124$4113.found[0:0]$7848
    28/64: $19\first_effect$func$cap_pdb_dual_port_compact_engine.sv:124$4113.$result[4:0]$7847
    29/64: $18\first_effect$func$cap_pdb_dual_port_compact_engine.sv:124$4113.found[0:0]$7844
    30/64: $18\first_effect$func$cap_pdb_dual_port_compact_engine.sv:124$4113.$result[4:0]$7843
    31/64: $17\first_effect$func$cap_pdb_dual_port_compact_engine.sv:124$4113.found[0:0]$7840
    32/64: $17\first_effect$func$cap_pdb_dual_port_compact_engine.sv:124$4113.$result[4:0]$7839
    33/64: $16\first_effect$func$cap_pdb_dual_port_compact_engine.sv:124$4113.found[0:0]$7836
    34/64: $16\first_effect$func$cap_pdb_dual_port_compact_engine.sv:124$4113.$result[4:0]$7835
    35/64: $15\first_effect$func$cap_pdb_dual_port_compact_engine.sv:124$4113.found[0:0]$7832
    36/64: $15\first_effect$func$cap_pdb_dual_port_compact_engine.sv:124$4113.$result[4:0]$7831
    37/64: $14\first_effect$func$cap_pdb_dual_port_compact_engine.sv:124$4113.found[0:0]$7828
    38/64: $14\first_effect$func$cap_pdb_dual_port_compact_engine.sv:124$4113.$result[4:0]$7827
    39/64: $13\first_effect$func$cap_pdb_dual_port_compact_engine.sv:124$4113.found[0:0]$7824
    40/64: $13\first_effect$func$cap_pdb_dual_port_compact_engine.sv:124$4113.$result[4:0]$7823
    41/64: $12\first_effect$func$cap_pdb_dual_port_compact_engine.sv:124$4113.found[0:0]$7820
    42/64: $12\first_effect$func$cap_pdb_dual_port_compact_engine.sv:124$4113.$result[4:0]$7819
    43/64: $11\first_effect$func$cap_pdb_dual_port_compact_engine.sv:124$4113.found[0:0]$7816
    44/64: $11\first_effect$func$cap_pdb_dual_port_compact_engine.sv:124$4113.$result[4:0]$7815
    45/64: $10\first_effect$func$cap_pdb_dual_port_compact_engine.sv:124$4113.found[0:0]$7812
    46/64: $10\first_effect$func$cap_pdb_dual_port_compact_engine.sv:124$4113.$result[4:0]$7811
    47/64: $9\first_effect$func$cap_pdb_dual_port_compact_engine.sv:124$4113.found[0:0]$7808
    48/64: $9\first_effect$func$cap_pdb_dual_port_compact_engine.sv:124$4113.$result[4:0]$7807
    49/64: $8\first_effect$func$cap_pdb_dual_port_compact_engine.sv:124$4113.found[0:0]$7804
    50/64: $8\first_effect$func$cap_pdb_dual_port_compact_engine.sv:124$4113.$result[4:0]$7803
    51/64: $7\first_effect$func$cap_pdb_dual_port_compact_engine.sv:124$4113.found[0:0]$7800
    52/64: $7\first_effect$func$cap_pdb_dual_port_compact_engine.sv:124$4113.$result[4:0]$7799
    53/64: $6\first_effect$func$cap_pdb_dual_port_compact_engine.sv:124$4113.found[0:0]$7796
    54/64: $6\first_effect$func$cap_pdb_dual_port_compact_engine.sv:124$4113.$result[4:0]$7795
    55/64: $5\first_effect$func$cap_pdb_dual_port_compact_engine.sv:124$4113.found[0:0]$7792
    56/64: $5\first_effect$func$cap_pdb_dual_port_compact_engine.sv:124$4113.$result[4:0]$7791
    57/64: $4\first_effect$func$cap_pdb_dual_port_compact_engine.sv:124$4113.found[0:0]$7788
    58/64: $4\first_effect$func$cap_pdb_dual_port_compact_engine.sv:124$4113.$result[4:0]$7787
    59/64: $3\first_effect$func$cap_pdb_dual_port_compact_engine.sv:124$4113.found[0:0]$7784
    60/64: $3\first_effect$func$cap_pdb_dual_port_compact_engine.sv:124$4113.$result[4:0]$7783
    61/64: $2\first_effect$func$cap_pdb_dual_port_compact_engine.sv:124$4113.found[0:0]$7780
    62/64: $2\first_effect$func$cap_pdb_dual_port_compact_engine.sv:124$4113.$result[4:0]$7779
    63/64: $1\first_effect$func$cap_pdb_dual_port_compact_engine.sv:124$4113.found[0:0]$7776
    64/64: $1\first_effect$func$cap_pdb_dual_port_compact_engine.sv:124$4113.$result[4:0]$7775
Creating decoders for process `\cap_pdb_dual_port_compact_allocation_engine.$proc$cap_pdb_dual_port_compact_engine.sv:126$7901'.
     1/64: $32\first_effect$func$cap_pdb_dual_port_compact_engine.sv:126$4114.found[0:0]$8034
     2/64: $32\first_effect$func$cap_pdb_dual_port_compact_engine.sv:126$4114.$result[4:0]$8033
     3/64: $31\first_effect$func$cap_pdb_dual_port_compact_engine.sv:126$4114.found[0:0]$8030
     4/64: $31\first_effect$func$cap_pdb_dual_port_compact_engine.sv:126$4114.$result[4:0]$8029
     5/64: $30\first_effect$func$cap_pdb_dual_port_compact_engine.sv:126$4114.found[0:0]$8026
     6/64: $30\first_effect$func$cap_pdb_dual_port_compact_engine.sv:126$4114.$result[4:0]$8025
     7/64: $29\first_effect$func$cap_pdb_dual_port_compact_engine.sv:126$4114.found[0:0]$8022
     8/64: $29\first_effect$func$cap_pdb_dual_port_compact_engine.sv:126$4114.$result[4:0]$8021
     9/64: $28\first_effect$func$cap_pdb_dual_port_compact_engine.sv:126$4114.found[0:0]$8018
    10/64: $28\first_effect$func$cap_pdb_dual_port_compact_engine.sv:126$4114.$result[4:0]$8017
    11/64: $27\first_effect$func$cap_pdb_dual_port_compact_engine.sv:126$4114.found[0:0]$8014
    12/64: $27\first_effect$func$cap_pdb_dual_port_compact_engine.sv:126$4114.$result[4:0]$8013
    13/64: $26\first_effect$func$cap_pdb_dual_port_compact_engine.sv:126$4114.found[0:0]$8010
    14/64: $26\first_effect$func$cap_pdb_dual_port_compact_engine.sv:126$4114.$result[4:0]$8009
    15/64: $25\first_effect$func$cap_pdb_dual_port_compact_engine.sv:126$4114.found[0:0]$8006
    16/64: $25\first_effect$func$cap_pdb_dual_port_compact_engine.sv:126$4114.$result[4:0]$8005
    17/64: $24\first_effect$func$cap_pdb_dual_port_compact_engine.sv:126$4114.found[0:0]$8002
    18/64: $24\first_effect$func$cap_pdb_dual_port_compact_engine.sv:126$4114.$result[4:0]$8001
    19/64: $23\first_effect$func$cap_pdb_dual_port_compact_engine.sv:126$4114.found[0:0]$7998
    20/64: $23\first_effect$func$cap_pdb_dual_port_compact_engine.sv:126$4114.$result[4:0]$7997
    21/64: $22\first_effect$func$cap_pdb_dual_port_compact_engine.sv:126$4114.found[0:0]$7994
    22/64: $22\first_effect$func$cap_pdb_dual_port_compact_engine.sv:126$4114.$result[4:0]$7993
    23/64: $21\first_effect$func$cap_pdb_dual_port_compact_engine.sv:126$4114.found[0:0]$7990
    24/64: $21\first_effect$func$cap_pdb_dual_port_compact_engine.sv:126$4114.$result[4:0]$7989
    25/64: $20\first_effect$func$cap_pdb_dual_port_compact_engine.sv:126$4114.found[0:0]$7986
    26/64: $20\first_effect$func$cap_pdb_dual_port_compact_engine.sv:126$4114.$result[4:0]$7985
    27/64: $19\first_effect$func$cap_pdb_dual_port_compact_engine.sv:126$4114.found[0:0]$7982
    28/64: $19\first_effect$func$cap_pdb_dual_port_compact_engine.sv:126$4114.$result[4:0]$7981
    29/64: $18\first_effect$func$cap_pdb_dual_port_compact_engine.sv:126$4114.found[0:0]$7978
    30/64: $18\first_effect$func$cap_pdb_dual_port_compact_engine.sv:126$4114.$result[4:0]$7977
    31/64: $17\first_effect$func$cap_pdb_dual_port_compact_engine.sv:126$4114.found[0:0]$7974
    32/64: $17\first_effect$func$cap_pdb_dual_port_compact_engine.sv:126$4114.$result[4:0]$7973
    33/64: $16\first_effect$func$cap_pdb_dual_port_compact_engine.sv:126$4114.found[0:0]$7970
    34/64: $16\first_effect$func$cap_pdb_dual_port_compact_engine.sv:126$4114.$result[4:0]$7969
    35/64: $15\first_effect$func$cap_pdb_dual_port_compact_engine.sv:126$4114.found[0:0]$7966
    36/64: $15\first_effect$func$cap_pdb_dual_port_compact_engine.sv:126$4114.$result[4:0]$7965
    37/64: $14\first_effect$func$cap_pdb_dual_port_compact_engine.sv:126$4114.found[0:0]$7962
    38/64: $14\first_effect$func$cap_pdb_dual_port_compact_engine.sv:126$4114.$result[4:0]$7961
    39/64: $13\first_effect$func$cap_pdb_dual_port_compact_engine.sv:126$4114.found[0:0]$7958
    40/64: $13\first_effect$func$cap_pdb_dual_port_compact_engine.sv:126$4114.$result[4:0]$7957
    41/64: $12\first_effect$func$cap_pdb_dual_port_compact_engine.sv:126$4114.found[0:0]$7954
    42/64: $12\first_effect$func$cap_pdb_dual_port_compact_engine.sv:126$4114.$result[4:0]$7953
    43/64: $11\first_effect$func$cap_pdb_dual_port_compact_engine.sv:126$4114.found[0:0]$7950
    44/64: $11\first_effect$func$cap_pdb_dual_port_compact_engine.sv:126$4114.$result[4:0]$7949
    45/64: $10\first_effect$func$cap_pdb_dual_port_compact_engine.sv:126$4114.found[0:0]$7946
    46/64: $10\first_effect$func$cap_pdb_dual_port_compact_engine.sv:126$4114.$result[4:0]$7945
    47/64: $9\first_effect$func$cap_pdb_dual_port_compact_engine.sv:126$4114.found[0:0]$7942
    48/64: $9\first_effect$func$cap_pdb_dual_port_compact_engine.sv:126$4114.$result[4:0]$7941
    49/64: $8\first_effect$func$cap_pdb_dual_port_compact_engine.sv:126$4114.found[0:0]$7938
    50/64: $8\first_effect$func$cap_pdb_dual_port_compact_engine.sv:126$4114.$result[4:0]$7937
    51/64: $7\first_effect$func$cap_pdb_dual_port_compact_engine.sv:126$4114.found[0:0]$7934
    52/64: $7\first_effect$func$cap_pdb_dual_port_compact_engine.sv:126$4114.$result[4:0]$7933
    53/64: $6\first_effect$func$cap_pdb_dual_port_compact_engine.sv:126$4114.found[0:0]$7930
    54/64: $6\first_effect$func$cap_pdb_dual_port_compact_engine.sv:126$4114.$result[4:0]$7929
    55/64: $5\first_effect$func$cap_pdb_dual_port_compact_engine.sv:126$4114.found[0:0]$7926
    56/64: $5\first_effect$func$cap_pdb_dual_port_compact_engine.sv:126$4114.$result[4:0]$7925
    57/64: $4\first_effect$func$cap_pdb_dual_port_compact_engine.sv:126$4114.found[0:0]$7922
    58/64: $4\first_effect$func$cap_pdb_dual_port_compact_engine.sv:126$4114.$result[4:0]$7921
    59/64: $3\first_effect$func$cap_pdb_dual_port_compact_engine.sv:126$4114.found[0:0]$7918
    60/64: $3\first_effect$func$cap_pdb_dual_port_compact_engine.sv:126$4114.$result[4:0]$7917
    61/64: $2\first_effect$func$cap_pdb_dual_port_compact_engine.sv:126$4114.found[0:0]$7914
    62/64: $2\first_effect$func$cap_pdb_dual_port_compact_engine.sv:126$4114.$result[4:0]$7913
    63/64: $1\first_effect$func$cap_pdb_dual_port_compact_engine.sv:126$4114.found[0:0]$7910
    64/64: $1\first_effect$func$cap_pdb_dual_port_compact_engine.sv:126$4114.$result[4:0]$7909
Creating decoders for process `\cap_pdb_dual_port_compact_allocation_engine.$proc$cap_pdb_dual_port_compact_engine.sv:136$8039'.
     1/3: $3\batch_minimum$func$cap_pdb_dual_port_compact_engine.sv:136$4115.$result[15:0]$8051
     2/3: $2\batch_minimum$func$cap_pdb_dual_port_compact_engine.sv:136$4115.$result[15:0]$8050
     3/3: $1\batch_minimum$func$cap_pdb_dual_port_compact_engine.sv:136$4115.$result[15:0]$8047
Creating decoders for process `$paramod$3c933f59fd04475806c89d43d681470cb4a1a28b\cap_pdb_dual_read_bank.$proc$cap_pdb_dual_port_compact_engine.sv:25$8061'.
     1/5: $1$memwr$\memory$cap_pdb_dual_port_compact_engine.sv:27$8060_EN[15:0]$8067
     2/5: $1$memwr$\memory$cap_pdb_dual_port_compact_engine.sv:27$8060_DATA[15:0]$8066
     3/5: $1$memwr$\memory$cap_pdb_dual_port_compact_engine.sv:27$8060_ADDR[13:0]$8065
     4/5: $0\rdata1[15:0]
     5/5: $0\rdata0[15:0]

5.4.8. Executing PROC_DLATCH pass (convert process syncs to latches).
No latch inferred for signal `\cap_pdb_dual_port_compact_allocation_engine.\index' from process `\cap_pdb_dual_port_compact_allocation_engine.$proc$cap_pdb_dual_port_compact_engine.sv:164$4118'.
No latch inferred for signal `\cap_pdb_dual_port_compact_allocation_engine.\all_after_empty' from process `\cap_pdb_dual_port_compact_allocation_engine.$proc$cap_pdb_dual_port_compact_engine.sv:164$4118'.
No latch inferred for signal `\cap_pdb_dual_port_compact_allocation_engine.\final_sum' from process `\cap_pdb_dual_port_compact_allocation_engine.$proc$cap_pdb_dual_port_compact_engine.sv:164$4118'.
No latch inferred for signal `\cap_pdb_dual_port_compact_allocation_engine.\selected_minimum' from process `\cap_pdb_dual_port_compact_allocation_engine.$proc$cap_pdb_dual_port_compact_engine.sv:164$4118'.
No latch inferred for signal `\cap_pdb_dual_port_compact_allocation_engine.\first_effect$func$cap_pdb_dual_port_compact_engine.sv:124$4038.$result' from process `\cap_pdb_dual_port_compact_allocation_engine.$proc$cap_pdb_dual_port_compact_engine.sv:124$4203'.
No latch inferred for signal `\cap_pdb_dual_port_compact_allocation_engine.\first_effect$func$cap_pdb_dual_port_compact_engine.sv:124$4077.$result' from process `\cap_pdb_dual_port_compact_allocation_engine.$proc$cap_pdb_dual_port_compact_engine.sv:124$4203'.
No latch inferred for signal `\cap_pdb_dual_port_compact_allocation_engine.\first_effect$func$cap_pdb_dual_port_compact_engine.sv:124$4077.mask' from process `\cap_pdb_dual_port_compact_allocation_engine.$proc$cap_pdb_dual_port_compact_engine.sv:124$4203'.
No latch inferred for signal `\cap_pdb_dual_port_compact_allocation_engine.\first_effect$func$cap_pdb_dual_port_compact_engine.sv:124$4077.bit_index' from process `\cap_pdb_dual_port_compact_allocation_engine.$proc$cap_pdb_dual_port_compact_engine.sv:124$4203'.
No latch inferred for signal `\cap_pdb_dual_port_compact_allocation_engine.\first_effect$func$cap_pdb_dual_port_compact_engine.sv:124$4077.found' from process `\cap_pdb_dual_port_compact_allocation_engine.$proc$cap_pdb_dual_port_compact_engine.sv:124$4203'.
No latch inferred for signal `\cap_pdb_dual_port_compact_allocation_engine.\first_effect$func$cap_pdb_dual_port_compact_engine.sv:126$4039.$result' from process `\cap_pdb_dual_port_compact_allocation_engine.$proc$cap_pdb_dual_port_compact_engine.sv:126$4337'.
No latch inferred for signal `\cap_pdb_dual_port_compact_allocation_engine.\first_effect$func$cap_pdb_dual_port_compact_engine.sv:126$4078.$result' from process `\cap_pdb_dual_port_compact_allocation_engine.$proc$cap_pdb_dual_port_compact_engine.sv:126$4337'.
No latch inferred for signal `\cap_pdb_dual_port_compact_allocation_engine.\first_effect$func$cap_pdb_dual_port_compact_engine.sv:126$4078.mask' from process `\cap_pdb_dual_port_compact_allocation_engine.$proc$cap_pdb_dual_port_compact_engine.sv:126$4337'.
No latch inferred for signal `\cap_pdb_dual_port_compact_allocation_engine.\first_effect$func$cap_pdb_dual_port_compact_engine.sv:126$4078.bit_index' from process `\cap_pdb_dual_port_compact_allocation_engine.$proc$cap_pdb_dual_port_compact_engine.sv:126$4337'.
No latch inferred for signal `\cap_pdb_dual_port_compact_allocation_engine.\first_effect$func$cap_pdb_dual_port_compact_engine.sv:126$4078.found' from process `\cap_pdb_dual_port_compact_allocation_engine.$proc$cap_pdb_dual_port_compact_engine.sv:126$4337'.
No latch inferred for signal `\cap_pdb_dual_port_compact_allocation_engine.\batch_minimum$func$cap_pdb_dual_port_compact_engine.sv:136$4040.$result' from process `\cap_pdb_dual_port_compact_allocation_engine.$proc$cap_pdb_dual_port_compact_engine.sv:136$4475'.
No latch inferred for signal `\cap_pdb_dual_port_compact_allocation_engine.\batch_minimum$func$cap_pdb_dual_port_compact_engine.sv:136$4079.$result' from process `\cap_pdb_dual_port_compact_allocation_engine.$proc$cap_pdb_dual_port_compact_engine.sv:136$4475'.
No latch inferred for signal `\cap_pdb_dual_port_compact_allocation_engine.\batch_minimum$func$cap_pdb_dual_port_compact_engine.sv:136$4079.value0' from process `\cap_pdb_dual_port_compact_allocation_engine.$proc$cap_pdb_dual_port_compact_engine.sv:136$4475'.
No latch inferred for signal `\cap_pdb_dual_port_compact_allocation_engine.\batch_minimum$func$cap_pdb_dual_port_compact_engine.sv:136$4079.value1' from process `\cap_pdb_dual_port_compact_allocation_engine.$proc$cap_pdb_dual_port_compact_engine.sv:136$4475'.
No latch inferred for signal `\cap_pdb_dual_port_compact_allocation_engine.\batch_minimum$func$cap_pdb_dual_port_compact_engine.sv:136$4079.valid0' from process `\cap_pdb_dual_port_compact_allocation_engine.$proc$cap_pdb_dual_port_compact_engine.sv:136$4475'.
No latch inferred for signal `\cap_pdb_dual_port_compact_allocation_engine.\batch_minimum$func$cap_pdb_dual_port_compact_engine.sv:136$4079.valid1' from process `\cap_pdb_dual_port_compact_allocation_engine.$proc$cap_pdb_dual_port_compact_engine.sv:136$4475'.
No latch inferred for signal `\cap_pdb_dual_port_compact_allocation_engine.\first_effect$func$cap_pdb_dual_port_compact_engine.sv:124$4041.$result' from process `\cap_pdb_dual_port_compact_allocation_engine.$proc$cap_pdb_dual_port_compact_engine.sv:124$4500'.
No latch inferred for signal `\cap_pdb_dual_port_compact_allocation_engine.\first_effect$func$cap_pdb_dual_port_compact_engine.sv:124$4080.$result' from process `\cap_pdb_dual_port_compact_allocation_engine.$proc$cap_pdb_dual_port_compact_engine.sv:124$4500'.
No latch inferred for signal `\cap_pdb_dual_port_compact_allocation_engine.\first_effect$func$cap_pdb_dual_port_compact_engine.sv:124$4080.mask' from process `\cap_pdb_dual_port_compact_allocation_engine.$proc$cap_pdb_dual_port_compact_engine.sv:124$4500'.
No latch inferred for signal `\cap_pdb_dual_port_compact_allocation_engine.\first_effect$func$cap_pdb_dual_port_compact_engine.sv:124$4080.bit_index' from process `\cap_pdb_dual_port_compact_allocation_engine.$proc$cap_pdb_dual_port_compact_engine.sv:124$4500'.
No latch inferred for signal `\cap_pdb_dual_port_compact_allocation_engine.\first_effect$func$cap_pdb_dual_port_compact_engine.sv:124$4080.found' from process `\cap_pdb_dual_port_compact_allocation_engine.$proc$cap_pdb_dual_port_compact_engine.sv:124$4500'.
No latch inferred for signal `\cap_pdb_dual_port_compact_allocation_engine.\first_effect$func$cap_pdb_dual_port_compact_engine.sv:126$4042.$result' from process `\cap_pdb_dual_port_compact_allocation_engine.$proc$cap_pdb_dual_port_compact_engine.sv:126$4634'.
No latch inferred for signal `\cap_pdb_dual_port_compact_allocation_engine.\first_effect$func$cap_pdb_dual_port_compact_engine.sv:126$4081.$result' from process `\cap_pdb_dual_port_compact_allocation_engine.$proc$cap_pdb_dual_port_compact_engine.sv:126$4634'.
No latch inferred for signal `\cap_pdb_dual_port_compact_allocation_engine.\first_effect$func$cap_pdb_dual_port_compact_engine.sv:126$4081.mask' from process `\cap_pdb_dual_port_compact_allocation_engine.$proc$cap_pdb_dual_port_compact_engine.sv:126$4634'.
No latch inferred for signal `\cap_pdb_dual_port_compact_allocation_engine.\first_effect$func$cap_pdb_dual_port_compact_engine.sv:126$4081.bit_index' from process `\cap_pdb_dual_port_compact_allocation_engine.$proc$cap_pdb_dual_port_compact_engine.sv:126$4634'.
No latch inferred for signal `\cap_pdb_dual_port_compact_allocation_engine.\first_effect$func$cap_pdb_dual_port_compact_engine.sv:126$4081.found' from process `\cap_pdb_dual_port_compact_allocation_engine.$proc$cap_pdb_dual_port_compact_engine.sv:126$4634'.
No latch inferred for signal `\cap_pdb_dual_port_compact_allocation_engine.\batch_minimum$func$cap_pdb_dual_port_compact_engine.sv:136$4043.$result' from process `\cap_pdb_dual_port_compact_allocation_engine.$proc$cap_pdb_dual_port_compact_engine.sv:136$4772'.
No latch inferred for signal `\cap_pdb_dual_port_compact_allocation_engine.\batch_minimum$func$cap_pdb_dual_port_compact_engine.sv:136$4082.$result' from process `\cap_pdb_dual_port_compact_allocation_engine.$proc$cap_pdb_dual_port_compact_engine.sv:136$4772'.
No latch inferred for signal `\cap_pdb_dual_port_compact_allocation_engine.\batch_minimum$func$cap_pdb_dual_port_compact_engine.sv:136$4082.value0' from process `\cap_pdb_dual_port_compact_allocation_engine.$proc$cap_pdb_dual_port_compact_engine.sv:136$4772'.
No latch inferred for signal `\cap_pdb_dual_port_compact_allocation_engine.\batch_minimum$func$cap_pdb_dual_port_compact_engine.sv:136$4082.value1' from process `\cap_pdb_dual_port_compact_allocation_engine.$proc$cap_pdb_dual_port_compact_engine.sv:136$4772'.
No latch inferred for signal `\cap_pdb_dual_port_compact_allocation_engine.\batch_minimum$func$cap_pdb_dual_port_compact_engine.sv:136$4082.valid0' from process `\cap_pdb_dual_port_compact_allocation_engine.$proc$cap_pdb_dual_port_compact_engine.sv:136$4772'.
No latch inferred for signal `\cap_pdb_dual_port_compact_allocation_engine.\batch_minimum$func$cap_pdb_dual_port_compact_engine.sv:136$4082.valid1' from process `\cap_pdb_dual_port_compact_allocation_engine.$proc$cap_pdb_dual_port_compact_engine.sv:136$4772'.
No latch inferred for signal `\cap_pdb_dual_port_compact_allocation_engine.\first_effect$func$cap_pdb_dual_port_compact_engine.sv:124$4044.$result' from process `\cap_pdb_dual_port_compact_allocation_engine.$proc$cap_pdb_dual_port_compact_engine.sv:124$4797'.
No latch inferred for signal `\cap_pdb_dual_port_compact_allocation_engine.\first_effect$func$cap_pdb_dual_port_compact_engine.sv:124$4083.$result' from process `\cap_pdb_dual_port_compact_allocation_engine.$proc$cap_pdb_dual_port_compact_engine.sv:124$4797'.
No latch inferred for signal `\cap_pdb_dual_port_compact_allocation_engine.\first_effect$func$cap_pdb_dual_port_compact_engine.sv:124$4083.mask' from process `\cap_pdb_dual_port_compact_allocation_engine.$proc$cap_pdb_dual_port_compact_engine.sv:124$4797'.
No latch inferred for signal `\cap_pdb_dual_port_compact_allocation_engine.\first_effect$func$cap_pdb_dual_port_compact_engine.sv:124$4083.bit_index' from process `\cap_pdb_dual_port_compact_allocation_engine.$proc$cap_pdb_dual_port_compact_engine.sv:124$4797'.
No latch inferred for signal `\cap_pdb_dual_port_compact_allocation_engine.\first_effect$func$cap_pdb_dual_port_compact_engine.sv:124$4083.found' from process `\cap_pdb_dual_port_compact_allocation_engine.$proc$cap_pdb_dual_port_compact_engine.sv:124$4797'.
No latch inferred for signal `\cap_pdb_dual_port_compact_allocation_engine.\first_effect$func$cap_pdb_dual_port_compact_engine.sv:126$4045.$result' from process `\cap_pdb_dual_port_compact_allocation_engine.$proc$cap_pdb_dual_port_compact_engine.sv:126$4931'.
No latch inferred for signal `\cap_pdb_dual_port_compact_allocation_engine.\first_effect$func$cap_pdb_dual_port_compact_engine.sv:126$4084.$result' from process `\cap_pdb_dual_port_compact_allocation_engine.$proc$cap_pdb_dual_port_compact_engine.sv:126$4931'.
No latch inferred for signal `\cap_pdb_dual_port_compact_allocation_engine.\first_effect$func$cap_pdb_dual_port_compact_engine.sv:126$4084.mask' from process `\cap_pdb_dual_port_compact_allocation_engine.$proc$cap_pdb_dual_port_compact_engine.sv:126$4931'.
No latch inferred for signal `\cap_pdb_dual_port_compact_allocation_engine.\first_effect$func$cap_pdb_dual_port_compact_engine.sv:126$4084.bit_index' from process `\cap_pdb_dual_port_compact_allocation_engine.$proc$cap_pdb_dual_port_compact_engine.sv:126$4931'.
No latch inferred for signal `\cap_pdb_dual_port_compact_allocation_engine.\first_effect$func$cap_pdb_dual_port_compact_engine.sv:126$4084.found' from process `\cap_pdb_dual_port_compact_allocation_engine.$proc$cap_pdb_dual_port_compact_engine.sv:126$4931'.
No latch inferred for signal `\cap_pdb_dual_port_compact_allocation_engine.\batch_minimum$func$cap_pdb_dual_port_compact_engine.sv:136$4046.$result' from process `\cap_pdb_dual_port_compact_allocation_engine.$proc$cap_pdb_dual_port_compact_engine.sv:136$5069'.
No latch inferred for signal `\cap_pdb_dual_port_compact_allocation_engine.\batch_minimum$func$cap_pdb_dual_port_compact_engine.sv:136$4085.$result' from process `\cap_pdb_dual_port_compact_allocation_engine.$proc$cap_pdb_dual_port_compact_engine.sv:136$5069'.
No latch inferred for signal `\cap_pdb_dual_port_compact_allocation_engine.\batch_minimum$func$cap_pdb_dual_port_compact_engine.sv:136$4085.value0' from process `\cap_pdb_dual_port_compact_allocation_engine.$proc$cap_pdb_dual_port_compact_engine.sv:136$5069'.
No latch inferred for signal `\cap_pdb_dual_port_compact_allocation_engine.\batch_minimum$func$cap_pdb_dual_port_compact_engine.sv:136$4085.value1' from process `\cap_pdb_dual_port_compact_allocation_engine.$proc$cap_pdb_dual_port_compact_engine.sv:136$5069'.
No latch inferred for signal `\cap_pdb_dual_port_compact_allocation_engine.\batch_minimum$func$cap_pdb_dual_port_compact_engine.sv:136$4085.valid0' from process `\cap_pdb_dual_port_compact_allocation_engine.$proc$cap_pdb_dual_port_compact_engine.sv:136$5069'.
No latch inferred for signal `\cap_pdb_dual_port_compact_allocation_engine.\batch_minimum$func$cap_pdb_dual_port_compact_engine.sv:136$4085.valid1' from process `\cap_pdb_dual_port_compact_allocation_engine.$proc$cap_pdb_dual_port_compact_engine.sv:136$5069'.
No latch inferred for signal `\cap_pdb_dual_port_compact_allocation_engine.\first_effect$func$cap_pdb_dual_port_compact_engine.sv:124$4047.$result' from process `\cap_pdb_dual_port_compact_allocation_engine.$proc$cap_pdb_dual_port_compact_engine.sv:124$5094'.
No latch inferred for signal `\cap_pdb_dual_port_compact_allocation_engine.\first_effect$func$cap_pdb_dual_port_compact_engine.sv:124$4086.$result' from process `\cap_pdb_dual_port_compact_allocation_engine.$proc$cap_pdb_dual_port_compact_engine.sv:124$5094'.
No latch inferred for signal `\cap_pdb_dual_port_compact_allocation_engine.\first_effect$func$cap_pdb_dual_port_compact_engine.sv:124$4086.mask' from process `\cap_pdb_dual_port_compact_allocation_engine.$proc$cap_pdb_dual_port_compact_engine.sv:124$5094'.
No latch inferred for signal `\cap_pdb_dual_port_compact_allocation_engine.\first_effect$func$cap_pdb_dual_port_compact_engine.sv:124$4086.bit_index' from process `\cap_pdb_dual_port_compact_allocation_engine.$proc$cap_pdb_dual_port_compact_engine.sv:124$5094'.
No latch inferred for signal `\cap_pdb_dual_port_compact_allocation_engine.\first_effect$func$cap_pdb_dual_port_compact_engine.sv:124$4086.found' from process `\cap_pdb_dual_port_compact_allocation_engine.$proc$cap_pdb_dual_port_compact_engine.sv:124$5094'.
No latch inferred for signal `\cap_pdb_dual_port_compact_allocation_engine.\first_effect$func$cap_pdb_dual_port_compact_engine.sv:126$4048.$result' from process `\cap_pdb_dual_port_compact_allocation_engine.$proc$cap_pdb_dual_port_compact_engine.sv:126$5228'.
No latch inferred for signal `\cap_pdb_dual_port_compact_allocation_engine.\first_effect$func$cap_pdb_dual_port_compact_engine.sv:126$4087.$result' from process `\cap_pdb_dual_port_compact_allocation_engine.$proc$cap_pdb_dual_port_compact_engine.sv:126$5228'.
No latch inferred for signal `\cap_pdb_dual_port_compact_allocation_engine.\first_effect$func$cap_pdb_dual_port_compact_engine.sv:126$4087.mask' from process `\cap_pdb_dual_port_compact_allocation_engine.$proc$cap_pdb_dual_port_compact_engine.sv:126$5228'.
No latch inferred for signal `\cap_pdb_dual_port_compact_allocation_engine.\first_effect$func$cap_pdb_dual_port_compact_engine.sv:126$4087.bit_index' from process `\cap_pdb_dual_port_compact_allocation_engine.$proc$cap_pdb_dual_port_compact_engine.sv:126$5228'.
No latch inferred for signal `\cap_pdb_dual_port_compact_allocation_engine.\first_effect$func$cap_pdb_dual_port_compact_engine.sv:126$4087.found' from process `\cap_pdb_dual_port_compact_allocation_engine.$proc$cap_pdb_dual_port_compact_engine.sv:126$5228'.
No latch inferred for signal `\cap_pdb_dual_port_compact_allocation_engine.\batch_minimum$func$cap_pdb_dual_port_compact_engine.sv:136$4049.$result' from process `\cap_pdb_dual_port_compact_allocation_engine.$proc$cap_pdb_dual_port_compact_engine.sv:136$5366'.
No latch inferred for signal `\cap_pdb_dual_port_compact_allocation_engine.\batch_minimum$func$cap_pdb_dual_port_compact_engine.sv:136$4088.$result' from process `\cap_pdb_dual_port_compact_allocation_engine.$proc$cap_pdb_dual_port_compact_engine.sv:136$5366'.
No latch inferred for signal `\cap_pdb_dual_port_compact_allocation_engine.\batch_minimum$func$cap_pdb_dual_port_compact_engine.sv:136$4088.value0' from process `\cap_pdb_dual_port_compact_allocation_engine.$proc$cap_pdb_dual_port_compact_engine.sv:136$5366'.
No latch inferred for signal `\cap_pdb_dual_port_compact_allocation_engine.\batch_minimum$func$cap_pdb_dual_port_compact_engine.sv:136$4088.value1' from process `\cap_pdb_dual_port_compact_allocation_engine.$proc$cap_pdb_dual_port_compact_engine.sv:136$5366'.
No latch inferred for signal `\cap_pdb_dual_port_compact_allocation_engine.\batch_minimum$func$cap_pdb_dual_port_compact_engine.sv:136$4088.valid0' from process `\cap_pdb_dual_port_compact_allocation_engine.$proc$cap_pdb_dual_port_compact_engine.sv:136$5366'.
No latch inferred for signal `\cap_pdb_dual_port_compact_allocation_engine.\batch_minimum$func$cap_pdb_dual_port_compact_engine.sv:136$4088.valid1' from process `\cap_pdb_dual_port_compact_allocation_engine.$proc$cap_pdb_dual_port_compact_engine.sv:136$5366'.
No latch inferred for signal `\cap_pdb_dual_port_compact_allocation_engine.\first_effect$func$cap_pdb_dual_port_compact_engine.sv:124$4050.$result' from process `\cap_pdb_dual_port_compact_allocation_engine.$proc$cap_pdb_dual_port_compact_engine.sv:124$5391'.
No latch inferred for signal `\cap_pdb_dual_port_compact_allocation_engine.\first_effect$func$cap_pdb_dual_port_compact_engine.sv:124$4089.$result' from process `\cap_pdb_dual_port_compact_allocation_engine.$proc$cap_pdb_dual_port_compact_engine.sv:124$5391'.
No latch inferred for signal `\cap_pdb_dual_port_compact_allocation_engine.\first_effect$func$cap_pdb_dual_port_compact_engine.sv:124$4089.mask' from process `\cap_pdb_dual_port_compact_allocation_engine.$proc$cap_pdb_dual_port_compact_engine.sv:124$5391'.
No latch inferred for signal `\cap_pdb_dual_port_compact_allocation_engine.\first_effect$func$cap_pdb_dual_port_compact_engine.sv:124$4089.bit_index' from process `\cap_pdb_dual_port_compact_allocation_engine.$proc$cap_pdb_dual_port_compact_engine.sv:124$5391'.
No latch inferred for signal `\cap_pdb_dual_port_compact_allocation_engine.\first_effect$func$cap_pdb_dual_port_compact_engine.sv:124$4089.found' from process `\cap_pdb_dual_port_compact_allocation_engine.$proc$cap_pdb_dual_port_compact_engine.sv:124$5391'.
No latch inferred for signal `\cap_pdb_dual_port_compact_allocation_engine.\first_effect$func$cap_pdb_dual_port_compact_engine.sv:126$4051.$result' from process `\cap_pdb_dual_port_compact_allocation_engine.$proc$cap_pdb_dual_port_compact_engine.sv:126$5525'.
No latch inferred for signal `\cap_pdb_dual_port_compact_allocation_engine.\first_effect$func$cap_pdb_dual_port_compact_engine.sv:126$4090.$result' from process `\cap_pdb_dual_port_compact_allocation_engine.$proc$cap_pdb_dual_port_compact_engine.sv:126$5525'.
No latch inferred for signal `\cap_pdb_dual_port_compact_allocation_engine.\first_effect$func$cap_pdb_dual_port_compact_engine.sv:126$4090.mask' from process `\cap_pdb_dual_port_compact_allocation_engine.$proc$cap_pdb_dual_port_compact_engine.sv:126$5525'.
No latch inferred for signal `\cap_pdb_dual_port_compact_allocation_engine.\first_effect$func$cap_pdb_dual_port_compact_engine.sv:126$4090.bit_index' from process `\cap_pdb_dual_port_compact_allocation_engine.$proc$cap_pdb_dual_port_compact_engine.sv:126$5525'.
No latch inferred for signal `\cap_pdb_dual_port_compact_allocation_engine.\first_effect$func$cap_pdb_dual_port_compact_engine.sv:126$4090.found' from process `\cap_pdb_dual_port_compact_allocation_engine.$proc$cap_pdb_dual_port_compact_engine.sv:126$5525'.
No latch inferred for signal `\cap_pdb_dual_port_compact_allocation_engine.\batch_minimum$func$cap_pdb_dual_port_compact_engine.sv:136$4052.$result' from process `\cap_pdb_dual_port_compact_allocation_engine.$proc$cap_pdb_dual_port_compact_engine.sv:136$5663'.
No latch inferred for signal `\cap_pdb_dual_port_compact_allocation_engine.\batch_minimum$func$cap_pdb_dual_port_compact_engine.sv:136$4091.$result' from process `\cap_pdb_dual_port_compact_allocation_engine.$proc$cap_pdb_dual_port_compact_engine.sv:136$5663'.
No latch inferred for signal `\cap_pdb_dual_port_compact_allocation_engine.\batch_minimum$func$cap_pdb_dual_port_compact_engine.sv:136$4091.value0' from process `\cap_pdb_dual_port_compact_allocation_engine.$proc$cap_pdb_dual_port_compact_engine.sv:136$5663'.
No latch inferred for signal `\cap_pdb_dual_port_compact_allocation_engine.\batch_minimum$func$cap_pdb_dual_port_compact_engine.sv:136$4091.value1' from process `\cap_pdb_dual_port_compact_allocation_engine.$proc$cap_pdb_dual_port_compact_engine.sv:136$5663'.
No latch inferred for signal `\cap_pdb_dual_port_compact_allocation_engine.\batch_minimum$func$cap_pdb_dual_port_compact_engine.sv:136$4091.valid0' from process `\cap_pdb_dual_port_compact_allocation_engine.$proc$cap_pdb_dual_port_compact_engine.sv:136$5663'.
No latch inferred for signal `\cap_pdb_dual_port_compact_allocation_engine.\batch_minimum$func$cap_pdb_dual_port_compact_engine.sv:136$4091.valid1' from process `\cap_pdb_dual_port_compact_allocation_engine.$proc$cap_pdb_dual_port_compact_engine.sv:136$5663'.
No latch inferred for signal `\cap_pdb_dual_port_compact_allocation_engine.\first_effect$func$cap_pdb_dual_port_compact_engine.sv:124$4053.$result' from process `\cap_pdb_dual_port_compact_allocation_engine.$proc$cap_pdb_dual_port_compact_engine.sv:124$5688'.
No latch inferred for signal `\cap_pdb_dual_port_compact_allocation_engine.\first_effect$func$cap_pdb_dual_port_compact_engine.sv:124$4092.$result' from process `\cap_pdb_dual_port_compact_allocation_engine.$proc$cap_pdb_dual_port_compact_engine.sv:124$5688'.
No latch inferred for signal `\cap_pdb_dual_port_compact_allocation_engine.\first_effect$func$cap_pdb_dual_port_compact_engine.sv:124$4092.mask' from process `\cap_pdb_dual_port_compact_allocation_engine.$proc$cap_pdb_dual_port_compact_engine.sv:124$5688'.
No latch inferred for signal `\cap_pdb_dual_port_compact_allocation_engine.\first_effect$func$cap_pdb_dual_port_compact_engine.sv:124$4092.bit_index' from process `\cap_pdb_dual_port_compact_allocation_engine.$proc$cap_pdb_dual_port_compact_engine.sv:124$5688'.
No latch inferred for signal `\cap_pdb_dual_port_compact_allocation_engine.\first_effect$func$cap_pdb_dual_port_compact_engine.sv:124$4092.found' from process `\cap_pdb_dual_port_compact_allocation_engine.$proc$cap_pdb_dual_port_compact_engine.sv:124$5688'.
No latch inferred for signal `\cap_pdb_dual_port_compact_allocation_engine.\first_effect$func$cap_pdb_dual_port_compact_engine.sv:126$4054.$result' from process `\cap_pdb_dual_port_compact_allocation_engine.$proc$cap_pdb_dual_port_compact_engine.sv:126$5822'.
No latch inferred for signal `\cap_pdb_dual_port_compact_allocation_engine.\first_effect$func$cap_pdb_dual_port_compact_engine.sv:126$4093.$result' from process `\cap_pdb_dual_port_compact_allocation_engine.$proc$cap_pdb_dual_port_compact_engine.sv:126$5822'.
No latch inferred for signal `\cap_pdb_dual_port_compact_allocation_engine.\first_effect$func$cap_pdb_dual_port_compact_engine.sv:126$4093.mask' from process `\cap_pdb_dual_port_compact_allocation_engine.$proc$cap_pdb_dual_port_compact_engine.sv:126$5822'.
No latch inferred for signal `\cap_pdb_dual_port_compact_allocation_engine.\first_effect$func$cap_pdb_dual_port_compact_engine.sv:126$4093.bit_index' from process `\cap_pdb_dual_port_compact_allocation_engine.$proc$cap_pdb_dual_port_compact_engine.sv:126$5822'.
No latch inferred for signal `\cap_pdb_dual_port_compact_allocation_engine.\first_effect$func$cap_pdb_dual_port_compact_engine.sv:126$4093.found' from process `\cap_pdb_dual_port_compact_allocation_engine.$proc$cap_pdb_dual_port_compact_engine.sv:126$5822'.
No latch inferred for signal `\cap_pdb_dual_port_compact_allocation_engine.\batch_minimum$func$cap_pdb_dual_port_compact_engine.sv:136$4055.$result' from process `\cap_pdb_dual_port_compact_allocation_engine.$proc$cap_pdb_dual_port_compact_engine.sv:136$5960'.
No latch inferred for signal `\cap_pdb_dual_port_compact_allocation_engine.\batch_minimum$func$cap_pdb_dual_port_compact_engine.sv:136$4094.$result' from process `\cap_pdb_dual_port_compact_allocation_engine.$proc$cap_pdb_dual_port_compact_engine.sv:136$5960'.
No latch inferred for signal `\cap_pdb_dual_port_compact_allocation_engine.\batch_minimum$func$cap_pdb_dual_port_compact_engine.sv:136$4094.value0' from process `\cap_pdb_dual_port_compact_allocation_engine.$proc$cap_pdb_dual_port_compact_engine.sv:136$5960'.
No latch inferred for signal `\cap_pdb_dual_port_compact_allocation_engine.\batch_minimum$func$cap_pdb_dual_port_compact_engine.sv:136$4094.value1' from process `\cap_pdb_dual_port_compact_allocation_engine.$proc$cap_pdb_dual_port_compact_engine.sv:136$5960'.
No latch inferred for signal `\cap_pdb_dual_port_compact_allocation_engine.\batch_minimum$func$cap_pdb_dual_port_compact_engine.sv:136$4094.valid0' from process `\cap_pdb_dual_port_compact_allocation_engine.$proc$cap_pdb_dual_port_compact_engine.sv:136$5960'.
No latch inferred for signal `\cap_pdb_dual_port_compact_allocation_engine.\batch_minimum$func$cap_pdb_dual_port_compact_engine.sv:136$4094.valid1' from process `\cap_pdb_dual_port_compact_allocation_engine.$proc$cap_pdb_dual_port_compact_engine.sv:136$5960'.
No latch inferred for signal `\cap_pdb_dual_port_compact_allocation_engine.\first_effect$func$cap_pdb_dual_port_compact_engine.sv:124$4056.$result' from process `\cap_pdb_dual_port_compact_allocation_engine.$proc$cap_pdb_dual_port_compact_engine.sv:124$5985'.
No latch inferred for signal `\cap_pdb_dual_port_compact_allocation_engine.\first_effect$func$cap_pdb_dual_port_compact_engine.sv:124$4095.$result' from process `\cap_pdb_dual_port_compact_allocation_engine.$proc$cap_pdb_dual_port_compact_engine.sv:124$5985'.
No latch inferred for signal `\cap_pdb_dual_port_compact_allocation_engine.\first_effect$func$cap_pdb_dual_port_compact_engine.sv:124$4095.mask' from process `\cap_pdb_dual_port_compact_allocation_engine.$proc$cap_pdb_dual_port_compact_engine.sv:124$5985'.
No latch inferred for signal `\cap_pdb_dual_port_compact_allocation_engine.\first_effect$func$cap_pdb_dual_port_compact_engine.sv:124$4095.bit_index' from process `\cap_pdb_dual_port_compact_allocation_engine.$proc$cap_pdb_dual_port_compact_engine.sv:124$5985'.
No latch inferred for signal `\cap_pdb_dual_port_compact_allocation_engine.\first_effect$func$cap_pdb_dual_port_compact_engine.sv:124$4095.found' from process `\cap_pdb_dual_port_compact_allocation_engine.$proc$cap_pdb_dual_port_compact_engine.sv:124$5985'.
No latch inferred for signal `\cap_pdb_dual_port_compact_allocation_engine.\first_effect$func$cap_pdb_dual_port_compact_engine.sv:126$4057.$result' from process `\cap_pdb_dual_port_compact_allocation_engine.$proc$cap_pdb_dual_port_compact_engine.sv:126$6119'.
No latch inferred for signal `\cap_pdb_dual_port_compact_allocation_engine.\first_effect$func$cap_pdb_dual_port_compact_engine.sv:126$4096.$result' from process `\cap_pdb_dual_port_compact_allocation_engine.$proc$cap_pdb_dual_port_compact_engine.sv:126$6119'.
No latch inferred for signal `\cap_pdb_dual_port_compact_allocation_engine.\first_effect$func$cap_pdb_dual_port_compact_engine.sv:126$4096.mask' from process `\cap_pdb_dual_port_compact_allocation_engine.$proc$cap_pdb_dual_port_compact_engine.sv:126$6119'.
No latch inferred for signal `\cap_pdb_dual_port_compact_allocation_engine.\first_effect$func$cap_pdb_dual_port_compact_engine.sv:126$4096.bit_index' from process `\cap_pdb_dual_port_compact_allocation_engine.$proc$cap_pdb_dual_port_compact_engine.sv:126$6119'.
No latch inferred for signal `\cap_pdb_dual_port_compact_allocation_engine.\first_effect$func$cap_pdb_dual_port_compact_engine.sv:126$4096.found' from process `\cap_pdb_dual_port_compact_allocation_engine.$proc$cap_pdb_dual_port_compact_engine.sv:126$6119'.
No latch inferred for signal `\cap_pdb_dual_port_compact_allocation_engine.\batch_minimum$func$cap_pdb_dual_port_compact_engine.sv:136$4058.$result' from process `\cap_pdb_dual_port_compact_allocation_engine.$proc$cap_pdb_dual_port_compact_engine.sv:136$6257'.
No latch inferred for signal `\cap_pdb_dual_port_compact_allocation_engine.\batch_minimum$func$cap_pdb_dual_port_compact_engine.sv:136$4097.$result' from process `\cap_pdb_dual_port_compact_allocation_engine.$proc$cap_pdb_dual_port_compact_engine.sv:136$6257'.
No latch inferred for signal `\cap_pdb_dual_port_compact_allocation_engine.\batch_minimum$func$cap_pdb_dual_port_compact_engine.sv:136$4097.value0' from process `\cap_pdb_dual_port_compact_allocation_engine.$proc$cap_pdb_dual_port_compact_engine.sv:136$6257'.
No latch inferred for signal `\cap_pdb_dual_port_compact_allocation_engine.\batch_minimum$func$cap_pdb_dual_port_compact_engine.sv:136$4097.value1' from process `\cap_pdb_dual_port_compact_allocation_engine.$proc$cap_pdb_dual_port_compact_engine.sv:136$6257'.
No latch inferred for signal `\cap_pdb_dual_port_compact_allocation_engine.\batch_minimum$func$cap_pdb_dual_port_compact_engine.sv:136$4097.valid0' from process `\cap_pdb_dual_port_compact_allocation_engine.$proc$cap_pdb_dual_port_compact_engine.sv:136$6257'.
No latch inferred for signal `\cap_pdb_dual_port_compact_allocation_engine.\batch_minimum$func$cap_pdb_dual_port_compact_engine.sv:136$4097.valid1' from process `\cap_pdb_dual_port_compact_allocation_engine.$proc$cap_pdb_dual_port_compact_engine.sv:136$6257'.
No latch inferred for signal `\cap_pdb_dual_port_compact_allocation_engine.\first_effect$func$cap_pdb_dual_port_compact_engine.sv:124$4059.$result' from process `\cap_pdb_dual_port_compact_allocation_engine.$proc$cap_pdb_dual_port_compact_engine.sv:124$6282'.
No latch inferred for signal `\cap_pdb_dual_port_compact_allocation_engine.\first_effect$func$cap_pdb_dual_port_compact_engine.sv:124$4098.$result' from process `\cap_pdb_dual_port_compact_allocation_engine.$proc$cap_pdb_dual_port_compact_engine.sv:124$6282'.
No latch inferred for signal `\cap_pdb_dual_port_compact_allocation_engine.\first_effect$func$cap_pdb_dual_port_compact_engine.sv:124$4098.mask' from process `\cap_pdb_dual_port_compact_allocation_engine.$proc$cap_pdb_dual_port_compact_engine.sv:124$6282'.
No latch inferred for signal `\cap_pdb_dual_port_compact_allocation_engine.\first_effect$func$cap_pdb_dual_port_compact_engine.sv:124$4098.bit_index' from process `\cap_pdb_dual_port_compact_allocation_engine.$proc$cap_pdb_dual_port_compact_engine.sv:124$6282'.
No latch inferred for signal `\cap_pdb_dual_port_compact_allocation_engine.\first_effect$func$cap_pdb_dual_port_compact_engine.sv:124$4098.found' from process `\cap_pdb_dual_port_compact_allocation_engine.$proc$cap_pdb_dual_port_compact_engine.sv:124$6282'.
No latch inferred for signal `\cap_pdb_dual_port_compact_allocation_engine.\first_effect$func$cap_pdb_dual_port_compact_engine.sv:126$4060.$result' from process `\cap_pdb_dual_port_compact_allocation_engine.$proc$cap_pdb_dual_port_compact_engine.sv:126$6416'.
No latch inferred for signal `\cap_pdb_dual_port_compact_allocation_engine.\first_effect$func$cap_pdb_dual_port_compact_engine.sv:126$4099.$result' from process `\cap_pdb_dual_port_compact_allocation_engine.$proc$cap_pdb_dual_port_compact_engine.sv:126$6416'.
No latch inferred for signal `\cap_pdb_dual_port_compact_allocation_engine.\first_effect$func$cap_pdb_dual_port_compact_engine.sv:126$4099.mask' from process `\cap_pdb_dual_port_compact_allocation_engine.$proc$cap_pdb_dual_port_compact_engine.sv:126$6416'.
No latch inferred for signal `\cap_pdb_dual_port_compact_allocation_engine.\first_effect$func$cap_pdb_dual_port_compact_engine.sv:126$4099.bit_index' from process `\cap_pdb_dual_port_compact_allocation_engine.$proc$cap_pdb_dual_port_compact_engine.sv:126$6416'.
No latch inferred for signal `\cap_pdb_dual_port_compact_allocation_engine.\first_effect$func$cap_pdb_dual_port_compact_engine.sv:126$4099.found' from process `\cap_pdb_dual_port_compact_allocation_engine.$proc$cap_pdb_dual_port_compact_engine.sv:126$6416'.
No latch inferred for signal `\cap_pdb_dual_port_compact_allocation_engine.\batch_minimum$func$cap_pdb_dual_port_compact_engine.sv:136$4061.$result' from process `\cap_pdb_dual_port_compact_allocation_engine.$proc$cap_pdb_dual_port_compact_engine.sv:136$6554'.
No latch inferred for signal `\cap_pdb_dual_port_compact_allocation_engine.\batch_minimum$func$cap_pdb_dual_port_compact_engine.sv:136$4100.$result' from process `\cap_pdb_dual_port_compact_allocation_engine.$proc$cap_pdb_dual_port_compact_engine.sv:136$6554'.
No latch inferred for signal `\cap_pdb_dual_port_compact_allocation_engine.\batch_minimum$func$cap_pdb_dual_port_compact_engine.sv:136$4100.value0' from process `\cap_pdb_dual_port_compact_allocation_engine.$proc$cap_pdb_dual_port_compact_engine.sv:136$6554'.
No latch inferred for signal `\cap_pdb_dual_port_compact_allocation_engine.\batch_minimum$func$cap_pdb_dual_port_compact_engine.sv:136$4100.value1' from process `\cap_pdb_dual_port_compact_allocation_engine.$proc$cap_pdb_dual_port_compact_engine.sv:136$6554'.
No latch inferred for signal `\cap_pdb_dual_port_compact_allocation_engine.\batch_minimum$func$cap_pdb_dual_port_compact_engine.sv:136$4100.valid0' from process `\cap_pdb_dual_port_compact_allocation_engine.$proc$cap_pdb_dual_port_compact_engine.sv:136$6554'.
No latch inferred for signal `\cap_pdb_dual_port_compact_allocation_engine.\batch_minimum$func$cap_pdb_dual_port_compact_engine.sv:136$4100.valid1' from process `\cap_pdb_dual_port_compact_allocation_engine.$proc$cap_pdb_dual_port_compact_engine.sv:136$6554'.
No latch inferred for signal `\cap_pdb_dual_port_compact_allocation_engine.\first_effect$func$cap_pdb_dual_port_compact_engine.sv:124$4062.$result' from process `\cap_pdb_dual_port_compact_allocation_engine.$proc$cap_pdb_dual_port_compact_engine.sv:124$6579'.
No latch inferred for signal `\cap_pdb_dual_port_compact_allocation_engine.\first_effect$func$cap_pdb_dual_port_compact_engine.sv:124$4101.$result' from process `\cap_pdb_dual_port_compact_allocation_engine.$proc$cap_pdb_dual_port_compact_engine.sv:124$6579'.
No latch inferred for signal `\cap_pdb_dual_port_compact_allocation_engine.\first_effect$func$cap_pdb_dual_port_compact_engine.sv:124$4101.mask' from process `\cap_pdb_dual_port_compact_allocation_engine.$proc$cap_pdb_dual_port_compact_engine.sv:124$6579'.
No latch inferred for signal `\cap_pdb_dual_port_compact_allocation_engine.\first_effect$func$cap_pdb_dual_port_compact_engine.sv:124$4101.bit_index' from process `\cap_pdb_dual_port_compact_allocation_engine.$proc$cap_pdb_dual_port_compact_engine.sv:124$6579'.
No latch inferred for signal `\cap_pdb_dual_port_compact_allocation_engine.\first_effect$func$cap_pdb_dual_port_compact_engine.sv:124$4101.found' from process `\cap_pdb_dual_port_compact_allocation_engine.$proc$cap_pdb_dual_port_compact_engine.sv:124$6579'.
No latch inferred for signal `\cap_pdb_dual_port_compact_allocation_engine.\first_effect$func$cap_pdb_dual_port_compact_engine.sv:126$4063.$result' from process `\cap_pdb_dual_port_compact_allocation_engine.$proc$cap_pdb_dual_port_compact_engine.sv:126$6713'.
No latch inferred for signal `\cap_pdb_dual_port_compact_allocation_engine.\first_effect$func$cap_pdb_dual_port_compact_engine.sv:126$4102.$result' from process `\cap_pdb_dual_port_compact_allocation_engine.$proc$cap_pdb_dual_port_compact_engine.sv:126$6713'.
No latch inferred for signal `\cap_pdb_dual_port_compact_allocation_engine.\first_effect$func$cap_pdb_dual_port_compact_engine.sv:126$4102.mask' from process `\cap_pdb_dual_port_compact_allocation_engine.$proc$cap_pdb_dual_port_compact_engine.sv:126$6713'.
No latch inferred for signal `\cap_pdb_dual_port_compact_allocation_engine.\first_effect$func$cap_pdb_dual_port_compact_engine.sv:126$4102.bit_index' from process `\cap_pdb_dual_port_compact_allocation_engine.$proc$cap_pdb_dual_port_compact_engine.sv:126$6713'.
No latch inferred for signal `\cap_pdb_dual_port_compact_allocation_engine.\first_effect$func$cap_pdb_dual_port_compact_engine.sv:126$4102.found' from process `\cap_pdb_dual_port_compact_allocation_engine.$proc$cap_pdb_dual_port_compact_engine.sv:126$6713'.
No latch inferred for signal `\cap_pdb_dual_port_compact_allocation_engine.\batch_minimum$func$cap_pdb_dual_port_compact_engine.sv:136$4064.$result' from process `\cap_pdb_dual_port_compact_allocation_engine.$proc$cap_pdb_dual_port_compact_engine.sv:136$6851'.
No latch inferred for signal `\cap_pdb_dual_port_compact_allocation_engine.\batch_minimum$func$cap_pdb_dual_port_compact_engine.sv:136$4103.$result' from process `\cap_pdb_dual_port_compact_allocation_engine.$proc$cap_pdb_dual_port_compact_engine.sv:136$6851'.
No latch inferred for signal `\cap_pdb_dual_port_compact_allocation_engine.\batch_minimum$func$cap_pdb_dual_port_compact_engine.sv:136$4103.value0' from process `\cap_pdb_dual_port_compact_allocation_engine.$proc$cap_pdb_dual_port_compact_engine.sv:136$6851'.
No latch inferred for signal `\cap_pdb_dual_port_compact_allocation_engine.\batch_minimum$func$cap_pdb_dual_port_compact_engine.sv:136$4103.value1' from process `\cap_pdb_dual_port_compact_allocation_engine.$proc$cap_pdb_dual_port_compact_engine.sv:136$6851'.
No latch inferred for signal `\cap_pdb_dual_port_compact_allocation_engine.\batch_minimum$func$cap_pdb_dual_port_compact_engine.sv:136$4103.valid0' from process `\cap_pdb_dual_port_compact_allocation_engine.$proc$cap_pdb_dual_port_compact_engine.sv:136$6851'.
No latch inferred for signal `\cap_pdb_dual_port_compact_allocation_engine.\batch_minimum$func$cap_pdb_dual_port_compact_engine.sv:136$4103.valid1' from process `\cap_pdb_dual_port_compact_allocation_engine.$proc$cap_pdb_dual_port_compact_engine.sv:136$6851'.
No latch inferred for signal `\cap_pdb_dual_port_compact_allocation_engine.\first_effect$func$cap_pdb_dual_port_compact_engine.sv:124$4065.$result' from process `\cap_pdb_dual_port_compact_allocation_engine.$proc$cap_pdb_dual_port_compact_engine.sv:124$6876'.
No latch inferred for signal `\cap_pdb_dual_port_compact_allocation_engine.\first_effect$func$cap_pdb_dual_port_compact_engine.sv:124$4104.$result' from process `\cap_pdb_dual_port_compact_allocation_engine.$proc$cap_pdb_dual_port_compact_engine.sv:124$6876'.
No latch inferred for signal `\cap_pdb_dual_port_compact_allocation_engine.\first_effect$func$cap_pdb_dual_port_compact_engine.sv:124$4104.mask' from process `\cap_pdb_dual_port_compact_allocation_engine.$proc$cap_pdb_dual_port_compact_engine.sv:124$6876'.
No latch inferred for signal `\cap_pdb_dual_port_compact_allocation_engine.\first_effect$func$cap_pdb_dual_port_compact_engine.sv:124$4104.bit_index' from process `\cap_pdb_dual_port_compact_allocation_engine.$proc$cap_pdb_dual_port_compact_engine.sv:124$6876'.
No latch inferred for signal `\cap_pdb_dual_port_compact_allocation_engine.\first_effect$func$cap_pdb_dual_port_compact_engine.sv:124$4104.found' from process `\cap_pdb_dual_port_compact_allocation_engine.$proc$cap_pdb_dual_port_compact_engine.sv:124$6876'.
No latch inferred for signal `\cap_pdb_dual_port_compact_allocation_engine.\first_effect$func$cap_pdb_dual_port_compact_engine.sv:126$4066.$result' from process `\cap_pdb_dual_port_compact_allocation_engine.$proc$cap_pdb_dual_port_compact_engine.sv:126$7010'.
No latch inferred for signal `\cap_pdb_dual_port_compact_allocation_engine.\first_effect$func$cap_pdb_dual_port_compact_engine.sv:126$4105.$result' from process `\cap_pdb_dual_port_compact_allocation_engine.$proc$cap_pdb_dual_port_compact_engine.sv:126$7010'.
No latch inferred for signal `\cap_pdb_dual_port_compact_allocation_engine.\first_effect$func$cap_pdb_dual_port_compact_engine.sv:126$4105.mask' from process `\cap_pdb_dual_port_compact_allocation_engine.$proc$cap_pdb_dual_port_compact_engine.sv:126$7010'.
No latch inferred for signal `\cap_pdb_dual_port_compact_allocation_engine.\first_effect$func$cap_pdb_dual_port_compact_engine.sv:126$4105.bit_index' from process `\cap_pdb_dual_port_compact_allocation_engine.$proc$cap_pdb_dual_port_compact_engine.sv:126$7010'.
No latch inferred for signal `\cap_pdb_dual_port_compact_allocation_engine.\first_effect$func$cap_pdb_dual_port_compact_engine.sv:126$4105.found' from process `\cap_pdb_dual_port_compact_allocation_engine.$proc$cap_pdb_dual_port_compact_engine.sv:126$7010'.
No latch inferred for signal `\cap_pdb_dual_port_compact_allocation_engine.\batch_minimum$func$cap_pdb_dual_port_compact_engine.sv:136$4067.$result' from process `\cap_pdb_dual_port_compact_allocation_engine.$proc$cap_pdb_dual_port_compact_engine.sv:136$7148'.
No latch inferred for signal `\cap_pdb_dual_port_compact_allocation_engine.\batch_minimum$func$cap_pdb_dual_port_compact_engine.sv:136$4106.$result' from process `\cap_pdb_dual_port_compact_allocation_engine.$proc$cap_pdb_dual_port_compact_engine.sv:136$7148'.
No latch inferred for signal `\cap_pdb_dual_port_compact_allocation_engine.\batch_minimum$func$cap_pdb_dual_port_compact_engine.sv:136$4106.value0' from process `\cap_pdb_dual_port_compact_allocation_engine.$proc$cap_pdb_dual_port_compact_engine.sv:136$7148'.
No latch inferred for signal `\cap_pdb_dual_port_compact_allocation_engine.\batch_minimum$func$cap_pdb_dual_port_compact_engine.sv:136$4106.value1' from process `\cap_pdb_dual_port_compact_allocation_engine.$proc$cap_pdb_dual_port_compact_engine.sv:136$7148'.
No latch inferred for signal `\cap_pdb_dual_port_compact_allocation_engine.\batch_minimum$func$cap_pdb_dual_port_compact_engine.sv:136$4106.valid0' from process `\cap_pdb_dual_port_compact_allocation_engine.$proc$cap_pdb_dual_port_compact_engine.sv:136$7148'.
No latch inferred for signal `\cap_pdb_dual_port_compact_allocation_engine.\batch_minimum$func$cap_pdb_dual_port_compact_engine.sv:136$4106.valid1' from process `\cap_pdb_dual_port_compact_allocation_engine.$proc$cap_pdb_dual_port_compact_engine.sv:136$7148'.
No latch inferred for signal `\cap_pdb_dual_port_compact_allocation_engine.\first_effect$func$cap_pdb_dual_port_compact_engine.sv:124$4068.$result' from process `\cap_pdb_dual_port_compact_allocation_engine.$proc$cap_pdb_dual_port_compact_engine.sv:124$7173'.
No latch inferred for signal `\cap_pdb_dual_port_compact_allocation_engine.\first_effect$func$cap_pdb_dual_port_compact_engine.sv:124$4107.$result' from process `\cap_pdb_dual_port_compact_allocation_engine.$proc$cap_pdb_dual_port_compact_engine.sv:124$7173'.
No latch inferred for signal `\cap_pdb_dual_port_compact_allocation_engine.\first_effect$func$cap_pdb_dual_port_compact_engine.sv:124$4107.mask' from process `\cap_pdb_dual_port_compact_allocation_engine.$proc$cap_pdb_dual_port_compact_engine.sv:124$7173'.
No latch inferred for signal `\cap_pdb_dual_port_compact_allocation_engine.\first_effect$func$cap_pdb_dual_port_compact_engine.sv:124$4107.bit_index' from process `\cap_pdb_dual_port_compact_allocation_engine.$proc$cap_pdb_dual_port_compact_engine.sv:124$7173'.
No latch inferred for signal `\cap_pdb_dual_port_compact_allocation_engine.\first_effect$func$cap_pdb_dual_port_compact_engine.sv:124$4107.found' from process `\cap_pdb_dual_port_compact_allocation_engine.$proc$cap_pdb_dual_port_compact_engine.sv:124$7173'.
No latch inferred for signal `\cap_pdb_dual_port_compact_allocation_engine.\first_effect$func$cap_pdb_dual_port_compact_engine.sv:126$4069.$result' from process `\cap_pdb_dual_port_compact_allocation_engine.$proc$cap_pdb_dual_port_compact_engine.sv:126$7307'.
No latch inferred for signal `\cap_pdb_dual_port_compact_allocation_engine.\first_effect$func$cap_pdb_dual_port_compact_engine.sv:126$4108.$result' from process `\cap_pdb_dual_port_compact_allocation_engine.$proc$cap_pdb_dual_port_compact_engine.sv:126$7307'.
No latch inferred for signal `\cap_pdb_dual_port_compact_allocation_engine.\first_effect$func$cap_pdb_dual_port_compact_engine.sv:126$4108.mask' from process `\cap_pdb_dual_port_compact_allocation_engine.$proc$cap_pdb_dual_port_compact_engine.sv:126$7307'.
No latch inferred for signal `\cap_pdb_dual_port_compact_allocation_engine.\first_effect$func$cap_pdb_dual_port_compact_engine.sv:126$4108.bit_index' from process `\cap_pdb_dual_port_compact_allocation_engine.$proc$cap_pdb_dual_port_compact_engine.sv:126$7307'.
No latch inferred for signal `\cap_pdb_dual_port_compact_allocation_engine.\first_effect$func$cap_pdb_dual_port_compact_engine.sv:126$4108.found' from process `\cap_pdb_dual_port_compact_allocation_engine.$proc$cap_pdb_dual_port_compact_engine.sv:126$7307'.
No latch inferred for signal `\cap_pdb_dual_port_compact_allocation_engine.\batch_minimum$func$cap_pdb_dual_port_compact_engine.sv:136$4070.$result' from process `\cap_pdb_dual_port_compact_allocation_engine.$proc$cap_pdb_dual_port_compact_engine.sv:136$7445'.
No latch inferred for signal `\cap_pdb_dual_port_compact_allocation_engine.\batch_minimum$func$cap_pdb_dual_port_compact_engine.sv:136$4109.$result' from process `\cap_pdb_dual_port_compact_allocation_engine.$proc$cap_pdb_dual_port_compact_engine.sv:136$7445'.
No latch inferred for signal `\cap_pdb_dual_port_compact_allocation_engine.\batch_minimum$func$cap_pdb_dual_port_compact_engine.sv:136$4109.value0' from process `\cap_pdb_dual_port_compact_allocation_engine.$proc$cap_pdb_dual_port_compact_engine.sv:136$7445'.
No latch inferred for signal `\cap_pdb_dual_port_compact_allocation_engine.\batch_minimum$func$cap_pdb_dual_port_compact_engine.sv:136$4109.value1' from process `\cap_pdb_dual_port_compact_allocation_engine.$proc$cap_pdb_dual_port_compact_engine.sv:136$7445'.
No latch inferred for signal `\cap_pdb_dual_port_compact_allocation_engine.\batch_minimum$func$cap_pdb_dual_port_compact_engine.sv:136$4109.valid0' from process `\cap_pdb_dual_port_compact_allocation_engine.$proc$cap_pdb_dual_port_compact_engine.sv:136$7445'.
No latch inferred for signal `\cap_pdb_dual_port_compact_allocation_engine.\batch_minimum$func$cap_pdb_dual_port_compact_engine.sv:136$4109.valid1' from process `\cap_pdb_dual_port_compact_allocation_engine.$proc$cap_pdb_dual_port_compact_engine.sv:136$7445'.
No latch inferred for signal `\cap_pdb_dual_port_compact_allocation_engine.\first_effect$func$cap_pdb_dual_port_compact_engine.sv:124$4071.$result' from process `\cap_pdb_dual_port_compact_allocation_engine.$proc$cap_pdb_dual_port_compact_engine.sv:124$7470'.
No latch inferred for signal `\cap_pdb_dual_port_compact_allocation_engine.\first_effect$func$cap_pdb_dual_port_compact_engine.sv:124$4110.$result' from process `\cap_pdb_dual_port_compact_allocation_engine.$proc$cap_pdb_dual_port_compact_engine.sv:124$7470'.
No latch inferred for signal `\cap_pdb_dual_port_compact_allocation_engine.\first_effect$func$cap_pdb_dual_port_compact_engine.sv:124$4110.mask' from process `\cap_pdb_dual_port_compact_allocation_engine.$proc$cap_pdb_dual_port_compact_engine.sv:124$7470'.
No latch inferred for signal `\cap_pdb_dual_port_compact_allocation_engine.\first_effect$func$cap_pdb_dual_port_compact_engine.sv:124$4110.bit_index' from process `\cap_pdb_dual_port_compact_allocation_engine.$proc$cap_pdb_dual_port_compact_engine.sv:124$7470'.
No latch inferred for signal `\cap_pdb_dual_port_compact_allocation_engine.\first_effect$func$cap_pdb_dual_port_compact_engine.sv:124$4110.found' from process `\cap_pdb_dual_port_compact_allocation_engine.$proc$cap_pdb_dual_port_compact_engine.sv:124$7470'.
No latch inferred for signal `\cap_pdb_dual_port_compact_allocation_engine.\first_effect$func$cap_pdb_dual_port_compact_engine.sv:126$4072.$result' from process `\cap_pdb_dual_port_compact_allocation_engine.$proc$cap_pdb_dual_port_compact_engine.sv:126$7604'.
No latch inferred for signal `\cap_pdb_dual_port_compact_allocation_engine.\first_effect$func$cap_pdb_dual_port_compact_engine.sv:126$4111.$result' from process `\cap_pdb_dual_port_compact_allocation_engine.$proc$cap_pdb_dual_port_compact_engine.sv:126$7604'.
No latch inferred for signal `\cap_pdb_dual_port_compact_allocation_engine.\first_effect$func$cap_pdb_dual_port_compact_engine.sv:126$4111.mask' from process `\cap_pdb_dual_port_compact_allocation_engine.$proc$cap_pdb_dual_port_compact_engine.sv:126$7604'.
No latch inferred for signal `\cap_pdb_dual_port_compact_allocation_engine.\first_effect$func$cap_pdb_dual_port_compact_engine.sv:126$4111.bit_index' from process `\cap_pdb_dual_port_compact_allocation_engine.$proc$cap_pdb_dual_port_compact_engine.sv:126$7604'.
No latch inferred for signal `\cap_pdb_dual_port_compact_allocation_engine.\first_effect$func$cap_pdb_dual_port_compact_engine.sv:126$4111.found' from process `\cap_pdb_dual_port_compact_allocation_engine.$proc$cap_pdb_dual_port_compact_engine.sv:126$7604'.
No latch inferred for signal `\cap_pdb_dual_port_compact_allocation_engine.\batch_minimum$func$cap_pdb_dual_port_compact_engine.sv:136$4073.$result' from process `\cap_pdb_dual_port_compact_allocation_engine.$proc$cap_pdb_dual_port_compact_engine.sv:136$7742'.
No latch inferred for signal `\cap_pdb_dual_port_compact_allocation_engine.\batch_minimum$func$cap_pdb_dual_port_compact_engine.sv:136$4112.$result' from process `\cap_pdb_dual_port_compact_allocation_engine.$proc$cap_pdb_dual_port_compact_engine.sv:136$7742'.
No latch inferred for signal `\cap_pdb_dual_port_compact_allocation_engine.\batch_minimum$func$cap_pdb_dual_port_compact_engine.sv:136$4112.value0' from process `\cap_pdb_dual_port_compact_allocation_engine.$proc$cap_pdb_dual_port_compact_engine.sv:136$7742'.
No latch inferred for signal `\cap_pdb_dual_port_compact_allocation_engine.\batch_minimum$func$cap_pdb_dual_port_compact_engine.sv:136$4112.value1' from process `\cap_pdb_dual_port_compact_allocation_engine.$proc$cap_pdb_dual_port_compact_engine.sv:136$7742'.
No latch inferred for signal `\cap_pdb_dual_port_compact_allocation_engine.\batch_minimum$func$cap_pdb_dual_port_compact_engine.sv:136$4112.valid0' from process `\cap_pdb_dual_port_compact_allocation_engine.$proc$cap_pdb_dual_port_compact_engine.sv:136$7742'.
No latch inferred for signal `\cap_pdb_dual_port_compact_allocation_engine.\batch_minimum$func$cap_pdb_dual_port_compact_engine.sv:136$4112.valid1' from process `\cap_pdb_dual_port_compact_allocation_engine.$proc$cap_pdb_dual_port_compact_engine.sv:136$7742'.
No latch inferred for signal `\cap_pdb_dual_port_compact_allocation_engine.\first_effect$func$cap_pdb_dual_port_compact_engine.sv:124$4074.$result' from process `\cap_pdb_dual_port_compact_allocation_engine.$proc$cap_pdb_dual_port_compact_engine.sv:124$7767'.
No latch inferred for signal `\cap_pdb_dual_port_compact_allocation_engine.\first_effect$func$cap_pdb_dual_port_compact_engine.sv:124$4113.$result' from process `\cap_pdb_dual_port_compact_allocation_engine.$proc$cap_pdb_dual_port_compact_engine.sv:124$7767'.
No latch inferred for signal `\cap_pdb_dual_port_compact_allocation_engine.\first_effect$func$cap_pdb_dual_port_compact_engine.sv:124$4113.mask' from process `\cap_pdb_dual_port_compact_allocation_engine.$proc$cap_pdb_dual_port_compact_engine.sv:124$7767'.
No latch inferred for signal `\cap_pdb_dual_port_compact_allocation_engine.\first_effect$func$cap_pdb_dual_port_compact_engine.sv:124$4113.bit_index' from process `\cap_pdb_dual_port_compact_allocation_engine.$proc$cap_pdb_dual_port_compact_engine.sv:124$7767'.
No latch inferred for signal `\cap_pdb_dual_port_compact_allocation_engine.\first_effect$func$cap_pdb_dual_port_compact_engine.sv:124$4113.found' from process `\cap_pdb_dual_port_compact_allocation_engine.$proc$cap_pdb_dual_port_compact_engine.sv:124$7767'.
No latch inferred for signal `\cap_pdb_dual_port_compact_allocation_engine.\first_effect$func$cap_pdb_dual_port_compact_engine.sv:126$4075.$result' from process `\cap_pdb_dual_port_compact_allocation_engine.$proc$cap_pdb_dual_port_compact_engine.sv:126$7901'.
No latch inferred for signal `\cap_pdb_dual_port_compact_allocation_engine.\first_effect$func$cap_pdb_dual_port_compact_engine.sv:126$4114.$result' from process `\cap_pdb_dual_port_compact_allocation_engine.$proc$cap_pdb_dual_port_compact_engine.sv:126$7901'.
No latch inferred for signal `\cap_pdb_dual_port_compact_allocation_engine.\first_effect$func$cap_pdb_dual_port_compact_engine.sv:126$4114.mask' from process `\cap_pdb_dual_port_compact_allocation_engine.$proc$cap_pdb_dual_port_compact_engine.sv:126$7901'.
No latch inferred for signal `\cap_pdb_dual_port_compact_allocation_engine.\first_effect$func$cap_pdb_dual_port_compact_engine.sv:126$4114.bit_index' from process `\cap_pdb_dual_port_compact_allocation_engine.$proc$cap_pdb_dual_port_compact_engine.sv:126$7901'.
No latch inferred for signal `\cap_pdb_dual_port_compact_allocation_engine.\first_effect$func$cap_pdb_dual_port_compact_engine.sv:126$4114.found' from process `\cap_pdb_dual_port_compact_allocation_engine.$proc$cap_pdb_dual_port_compact_engine.sv:126$7901'.
No latch inferred for signal `\cap_pdb_dual_port_compact_allocation_engine.\batch_minimum$func$cap_pdb_dual_port_compact_engine.sv:136$4076.$result' from process `\cap_pdb_dual_port_compact_allocation_engine.$proc$cap_pdb_dual_port_compact_engine.sv:136$8039'.
No latch inferred for signal `\cap_pdb_dual_port_compact_allocation_engine.\batch_minimum$func$cap_pdb_dual_port_compact_engine.sv:136$4115.$result' from process `\cap_pdb_dual_port_compact_allocation_engine.$proc$cap_pdb_dual_port_compact_engine.sv:136$8039'.
No latch inferred for signal `\cap_pdb_dual_port_compact_allocation_engine.\batch_minimum$func$cap_pdb_dual_port_compact_engine.sv:136$4115.value0' from process `\cap_pdb_dual_port_compact_allocation_engine.$proc$cap_pdb_dual_port_compact_engine.sv:136$8039'.
No latch inferred for signal `\cap_pdb_dual_port_compact_allocation_engine.\batch_minimum$func$cap_pdb_dual_port_compact_engine.sv:136$4115.value1' from process `\cap_pdb_dual_port_compact_allocation_engine.$proc$cap_pdb_dual_port_compact_engine.sv:136$8039'.
No latch inferred for signal `\cap_pdb_dual_port_compact_allocation_engine.\batch_minimum$func$cap_pdb_dual_port_compact_engine.sv:136$4115.valid0' from process `\cap_pdb_dual_port_compact_allocation_engine.$proc$cap_pdb_dual_port_compact_engine.sv:136$8039'.
No latch inferred for signal `\cap_pdb_dual_port_compact_allocation_engine.\batch_minimum$func$cap_pdb_dual_port_compact_engine.sv:136$4115.valid1' from process `\cap_pdb_dual_port_compact_allocation_engine.$proc$cap_pdb_dual_port_compact_engine.sv:136$8039'.

5.4.9. Executing PROC_DFF pass (convert process syncs to FFs).
Creating register for signal `\cap_pdb_dual_port_compact_allocation_engine.\busy' using process `\cap_pdb_dual_port_compact_allocation_engine.$proc$cap_pdb_dual_port_compact_engine.sv:182$4158'.
  created $dff cell `$procdff$14930' with positive edge clock.
Creating register for signal `\cap_pdb_dual_port_compact_allocation_engine.\done' using process `\cap_pdb_dual_port_compact_allocation_engine.$proc$cap_pdb_dual_port_compact_engine.sv:182$4158'.
  created $dff cell `$procdff$14931' with positive edge clock.
Creating register for signal `\cap_pdb_dual_port_compact_allocation_engine.\valid' using process `\cap_pdb_dual_port_compact_allocation_engine.$proc$cap_pdb_dual_port_compact_engine.sv:182$4158'.
  created $dff cell `$procdff$14932' with positive edge clock.
Creating register for signal `\cap_pdb_dual_port_compact_allocation_engine.\group_cost_sum' using process `\cap_pdb_dual_port_compact_allocation_engine.$proc$cap_pdb_dual_port_compact_engine.sv:182$4158'.
  created $dff cell `$procdff$14933' with positive edge clock.
Creating register for signal `\cap_pdb_dual_port_compact_allocation_engine.\cycles' using process `\cap_pdb_dual_port_compact_allocation_engine.$proc$cap_pdb_dual_port_compact_engine.sv:182$4158'.
  created $dff cell `$procdff$14934' with positive edge clock.
Creating register for signal `\cap_pdb_dual_port_compact_allocation_engine.\phase' using process `\cap_pdb_dual_port_compact_allocation_engine.$proc$cap_pdb_dual_port_compact_engine.sv:182$4158'.
  created $dff cell `$procdff$14935' with positive edge clock.
Creating register for signal `\cap_pdb_dual_port_compact_allocation_engine.\pipeline_valid' using process `\cap_pdb_dual_port_compact_allocation_engine.$proc$cap_pdb_dual_port_compact_engine.sv:182$4158'.
  created $dff cell `$procdff$14936' with positive edge clock.
Creating register for signal `\cap_pdb_dual_port_compact_allocation_engine.\issued0' using process `\cap_pdb_dual_port_compact_allocation_engine.$proc$cap_pdb_dual_port_compact_engine.sv:182$4158'.
  created $dff cell `$procdff$14937' with positive edge clock.
Creating register for signal `\cap_pdb_dual_port_compact_allocation_engine.\issued1' using process `\cap_pdb_dual_port_compact_allocation_engine.$proc$cap_pdb_dual_port_compact_engine.sv:182$4158'.
  created $dff cell `$procdff$14938' with positive edge clock.
Creating register for signal `\cap_pdb_dual_port_compact_allocation_engine.\index' using process `\cap_pdb_dual_port_compact_allocation_engine.$proc$cap_pdb_dual_port_compact_engine.sv:182$4158'.
  created $dff cell `$procdff$14939' with positive edge clock.
Creating register for signal `\cap_pdb_dual_port_compact_allocation_engine.\remaining[0]' using process `\cap_pdb_dual_port_compact_allocation_engine.$proc$cap_pdb_dual_port_compact_engine.sv:182$4158'.
  created $dff cell `$procdff$14940' with positive edge clock.
Creating register for signal `\cap_pdb_dual_port_compact_allocation_engine.\remaining[1]' using process `\cap_pdb_dual_port_compact_allocation_engine.$proc$cap_pdb_dual_port_compact_engine.sv:182$4158'.
  created $dff cell `$procdff$14941' with positive edge clock.
Creating register for signal `\cap_pdb_dual_port_compact_allocation_engine.\remaining[2]' using process `\cap_pdb_dual_port_compact_allocation_engine.$proc$cap_pdb_dual_port_compact_engine.sv:182$4158'.
  created $dff cell `$procdff$14942' with positive edge clock.
Creating register for signal `\cap_pdb_dual_port_compact_allocation_engine.\remaining[3]' using process `\cap_pdb_dual_port_compact_allocation_engine.$proc$cap_pdb_dual_port_compact_engine.sv:182$4158'.
  created $dff cell `$procdff$14943' with positive edge clock.
Creating register for signal `\cap_pdb_dual_port_compact_allocation_engine.\remaining[4]' using process `\cap_pdb_dual_port_compact_allocation_engine.$proc$cap_pdb_dual_port_compact_engine.sv:182$4158'.
  created $dff cell `$procdff$14944' with positive edge clock.
Creating register for signal `\cap_pdb_dual_port_compact_allocation_engine.\remaining[5]' using process `\cap_pdb_dual_port_compact_allocation_engine.$proc$cap_pdb_dual_port_compact_engine.sv:182$4158'.
  created $dff cell `$procdff$14945' with positive edge clock.
Creating register for signal `\cap_pdb_dual_port_compact_allocation_engine.\remaining[6]' using process `\cap_pdb_dual_port_compact_allocation_engine.$proc$cap_pdb_dual_port_compact_engine.sv:182$4158'.
  created $dff cell `$procdff$14946' with positive edge clock.
Creating register for signal `\cap_pdb_dual_port_compact_allocation_engine.\remaining[7]' using process `\cap_pdb_dual_port_compact_allocation_engine.$proc$cap_pdb_dual_port_compact_engine.sv:182$4158'.
  created $dff cell `$procdff$14947' with positive edge clock.
Creating register for signal `\cap_pdb_dual_port_compact_allocation_engine.\remaining[8]' using process `\cap_pdb_dual_port_compact_allocation_engine.$proc$cap_pdb_dual_port_compact_engine.sv:182$4158'.
  created $dff cell `$procdff$14948' with positive edge clock.
Creating register for signal `\cap_pdb_dual_port_compact_allocation_engine.\remaining[9]' using process `\cap_pdb_dual_port_compact_allocation_engine.$proc$cap_pdb_dual_port_compact_engine.sv:182$4158'.
  created $dff cell `$procdff$14949' with positive edge clock.
Creating register for signal `\cap_pdb_dual_port_compact_allocation_engine.\remaining[10]' using process `\cap_pdb_dual_port_compact_allocation_engine.$proc$cap_pdb_dual_port_compact_engine.sv:182$4158'.
  created $dff cell `$procdff$14950' with positive edge clock.
Creating register for signal `\cap_pdb_dual_port_compact_allocation_engine.\remaining[11]' using process `\cap_pdb_dual_port_compact_allocation_engine.$proc$cap_pdb_dual_port_compact_engine.sv:182$4158'.
  created $dff cell `$procdff$14951' with positive edge clock.
Creating register for signal `\cap_pdb_dual_port_compact_allocation_engine.\remaining[12]' using process `\cap_pdb_dual_port_compact_allocation_engine.$proc$cap_pdb_dual_port_compact_engine.sv:182$4158'.
  created $dff cell `$procdff$14952' with positive edge clock.
Creating register for signal `\cap_pdb_dual_port_compact_allocation_engine.\group_minimum[0]' using process `\cap_pdb_dual_port_compact_allocation_engine.$proc$cap_pdb_dual_port_compact_engine.sv:182$4158'.
  created $dff cell `$procdff$14953' with positive edge clock.
Creating register for signal `\cap_pdb_dual_port_compact_allocation_engine.\group_minimum[1]' using process `\cap_pdb_dual_port_compact_allocation_engine.$proc$cap_pdb_dual_port_compact_engine.sv:182$4158'.
  created $dff cell `$procdff$14954' with positive edge clock.
Creating register for signal `\cap_pdb_dual_port_compact_allocation_engine.\group_minimum[2]' using process `\cap_pdb_dual_port_compact_allocation_engine.$proc$cap_pdb_dual_port_compact_engine.sv:182$4158'.
  created $dff cell `$procdff$14955' with positive edge clock.
Creating register for signal `\cap_pdb_dual_port_compact_allocation_engine.\group_minimum[3]' using process `\cap_pdb_dual_port_compact_allocation_engine.$proc$cap_pdb_dual_port_compact_engine.sv:182$4158'.
  created $dff cell `$procdff$14956' with positive edge clock.
Creating register for signal `\cap_pdb_dual_port_compact_allocation_engine.\group_minimum[4]' using process `\cap_pdb_dual_port_compact_allocation_engine.$proc$cap_pdb_dual_port_compact_engine.sv:182$4158'.
  created $dff cell `$procdff$14957' with positive edge clock.
Creating register for signal `\cap_pdb_dual_port_compact_allocation_engine.\group_minimum[5]' using process `\cap_pdb_dual_port_compact_allocation_engine.$proc$cap_pdb_dual_port_compact_engine.sv:182$4158'.
  created $dff cell `$procdff$14958' with positive edge clock.
Creating register for signal `\cap_pdb_dual_port_compact_allocation_engine.\group_minimum[6]' using process `\cap_pdb_dual_port_compact_allocation_engine.$proc$cap_pdb_dual_port_compact_engine.sv:182$4158'.
  created $dff cell `$procdff$14959' with positive edge clock.
Creating register for signal `\cap_pdb_dual_port_compact_allocation_engine.\group_minimum[7]' using process `\cap_pdb_dual_port_compact_allocation_engine.$proc$cap_pdb_dual_port_compact_engine.sv:182$4158'.
  created $dff cell `$procdff$14960' with positive edge clock.
Creating register for signal `\cap_pdb_dual_port_compact_allocation_engine.\group_minimum[8]' using process `\cap_pdb_dual_port_compact_allocation_engine.$proc$cap_pdb_dual_port_compact_engine.sv:182$4158'.
  created $dff cell `$procdff$14961' with positive edge clock.
Creating register for signal `\cap_pdb_dual_port_compact_allocation_engine.\group_minimum[9]' using process `\cap_pdb_dual_port_compact_allocation_engine.$proc$cap_pdb_dual_port_compact_engine.sv:182$4158'.
  created $dff cell `$procdff$14962' with positive edge clock.
Creating register for signal `\cap_pdb_dual_port_compact_allocation_engine.\group_minimum[10]' using process `\cap_pdb_dual_port_compact_allocation_engine.$proc$cap_pdb_dual_port_compact_engine.sv:182$4158'.
  created $dff cell `$procdff$14963' with positive edge clock.
Creating register for signal `\cap_pdb_dual_port_compact_allocation_engine.\group_minimum[11]' using process `\cap_pdb_dual_port_compact_allocation_engine.$proc$cap_pdb_dual_port_compact_engine.sv:182$4158'.
  created $dff cell `$procdff$14964' with positive edge clock.
Creating register for signal `\cap_pdb_dual_port_compact_allocation_engine.\group_minimum[12]' using process `\cap_pdb_dual_port_compact_allocation_engine.$proc$cap_pdb_dual_port_compact_engine.sv:182$4158'.
  created $dff cell `$procdff$14965' with positive edge clock.
Creating register for signal `$paramod$3c933f59fd04475806c89d43d681470cb4a1a28b\cap_pdb_dual_read_bank.\rdata0' using process `$paramod$3c933f59fd04475806c89d43d681470cb4a1a28b\cap_pdb_dual_read_bank.$proc$cap_pdb_dual_port_compact_engine.sv:25$8061'.
  created $dff cell `$procdff$14966' with positive edge clock.
Creating register for signal `$paramod$3c933f59fd04475806c89d43d681470cb4a1a28b\cap_pdb_dual_read_bank.\rdata1' using process `$paramod$3c933f59fd04475806c89d43d681470cb4a1a28b\cap_pdb_dual_read_bank.$proc$cap_pdb_dual_port_compact_engine.sv:25$8061'.
  created $dff cell `$procdff$14967' with positive edge clock.
Creating register for signal `$paramod$3c933f59fd04475806c89d43d681470cb4a1a28b\cap_pdb_dual_read_bank.$memwr$\memory$cap_pdb_dual_port_compact_engine.sv:27$8060_ADDR' using process `$paramod$3c933f59fd04475806c89d43d681470cb4a1a28b\cap_pdb_dual_read_bank.$proc$cap_pdb_dual_port_compact_engine.sv:25$8061'.
  created $dff cell `$procdff$14968' with positive edge clock.
Creating register for signal `$paramod$3c933f59fd04475806c89d43d681470cb4a1a28b\cap_pdb_dual_read_bank.$memwr$\memory$cap_pdb_dual_port_compact_engine.sv:27$8060_DATA' using process `$paramod$3c933f59fd04475806c89d43d681470cb4a1a28b\cap_pdb_dual_read_bank.$proc$cap_pdb_dual_port_compact_engine.sv:25$8061'.
  created $dff cell `$procdff$14969' with positive edge clock.
Creating register for signal `$paramod$3c933f59fd04475806c89d43d681470cb4a1a28b\cap_pdb_dual_read_bank.$memwr$\memory$cap_pdb_dual_port_compact_engine.sv:27$8060_EN' using process `$paramod$3c933f59fd04475806c89d43d681470cb4a1a28b\cap_pdb_dual_read_bank.$proc$cap_pdb_dual_port_compact_engine.sv:25$8061'.
  created $dff cell `$procdff$14970' with positive edge clock.

5.4.10. Executing PROC_MEMWR pass (convert process memory writes to cells).

5.4.11. Executing PROC_CLEAN pass (remove empty switches from decision trees).
Found and cleaned up 26 empty switches in `\cap_pdb_dual_port_compact_allocation_engine.$proc$cap_pdb_dual_port_compact_engine.sv:164$4118'.
Removing empty process `cap_pdb_dual_port_compact_allocation_engine.$proc$cap_pdb_dual_port_compact_engine.sv:164$4118'.
Found and cleaned up 44 empty switches in `\cap_pdb_dual_port_compact_allocation_engine.$proc$cap_pdb_dual_port_compact_engine.sv:182$4158'.
Removing empty process `cap_pdb_dual_port_compact_allocation_engine.$proc$cap_pdb_dual_port_compact_engine.sv:182$4158'.
Found and cleaned up 32 empty switches in `\cap_pdb_dual_port_compact_allocation_engine.$proc$cap_pdb_dual_port_compact_engine.sv:124$4203'.
Removing empty process `cap_pdb_dual_port_compact_allocation_engine.$proc$cap_pdb_dual_port_compact_engine.sv:124$4203'.
Found and cleaned up 32 empty switches in `\cap_pdb_dual_port_compact_allocation_engine.$proc$cap_pdb_dual_port_compact_engine.sv:126$4337'.
Removing empty process `cap_pdb_dual_port_compact_allocation_engine.$proc$cap_pdb_dual_port_compact_engine.sv:126$4337'.
Found and cleaned up 3 empty switches in `\cap_pdb_dual_port_compact_allocation_engine.$proc$cap_pdb_dual_port_compact_engine.sv:136$4475'.
Removing empty process `cap_pdb_dual_port_compact_allocation_engine.$proc$cap_pdb_dual_port_compact_engine.sv:136$4475'.
Found and cleaned up 32 empty switches in `\cap_pdb_dual_port_compact_allocation_engine.$proc$cap_pdb_dual_port_compact_engine.sv:124$4500'.
Removing empty process `cap_pdb_dual_port_compact_allocation_engine.$proc$cap_pdb_dual_port_compact_engine.sv:124$4500'.
Found and cleaned up 32 empty switches in `\cap_pdb_dual_port_compact_allocation_engine.$proc$cap_pdb_dual_port_compact_engine.sv:126$4634'.
Removing empty process `cap_pdb_dual_port_compact_allocation_engine.$proc$cap_pdb_dual_port_compact_engine.sv:126$4634'.
Found and cleaned up 3 empty switches in `\cap_pdb_dual_port_compact_allocation_engine.$proc$cap_pdb_dual_port_compact_engine.sv:136$4772'.
Removing empty process `cap_pdb_dual_port_compact_allocation_engine.$proc$cap_pdb_dual_port_compact_engine.sv:136$4772'.
Found and cleaned up 32 empty switches in `\cap_pdb_dual_port_compact_allocation_engine.$proc$cap_pdb_dual_port_compact_engine.sv:124$4797'.
Removing empty process `cap_pdb_dual_port_compact_allocation_engine.$proc$cap_pdb_dual_port_compact_engine.sv:124$4797'.
Found and cleaned up 32 empty switches in `\cap_pdb_dual_port_compact_allocation_engine.$proc$cap_pdb_dual_port_compact_engine.sv:126$4931'.
Removing empty process `cap_pdb_dual_port_compact_allocation_engine.$proc$cap_pdb_dual_port_compact_engine.sv:126$4931'.
Found and cleaned up 3 empty switches in `\cap_pdb_dual_port_compact_allocation_engine.$proc$cap_pdb_dual_port_compact_engine.sv:136$5069'.
Removing empty process `cap_pdb_dual_port_compact_allocation_engine.$proc$cap_pdb_dual_port_compact_engine.sv:136$5069'.
Found and cleaned up 32 empty switches in `\cap_pdb_dual_port_compact_allocation_engine.$proc$cap_pdb_dual_port_compact_engine.sv:124$5094'.
Removing empty process `cap_pdb_dual_port_compact_allocation_engine.$proc$cap_pdb_dual_port_compact_engine.sv:124$5094'.
Found and cleaned up 32 empty switches in `\cap_pdb_dual_port_compact_allocation_engine.$proc$cap_pdb_dual_port_compact_engine.sv:126$5228'.
Removing empty process `cap_pdb_dual_port_compact_allocation_engine.$proc$cap_pdb_dual_port_compact_engine.sv:126$5228'.
Found and cleaned up 3 empty switches in `\cap_pdb_dual_port_compact_allocation_engine.$proc$cap_pdb_dual_port_compact_engine.sv:136$5366'.
Removing empty process `cap_pdb_dual_port_compact_allocation_engine.$proc$cap_pdb_dual_port_compact_engine.sv:136$5366'.
Found and cleaned up 32 empty switches in `\cap_pdb_dual_port_compact_allocation_engine.$proc$cap_pdb_dual_port_compact_engine.sv:124$5391'.
Removing empty process `cap_pdb_dual_port_compact_allocation_engine.$proc$cap_pdb_dual_port_compact_engine.sv:124$5391'.
Found and cleaned up 32 empty switches in `\cap_pdb_dual_port_compact_allocation_engine.$proc$cap_pdb_dual_port_compact_engine.sv:126$5525'.
Removing empty process `cap_pdb_dual_port_compact_allocation_engine.$proc$cap_pdb_dual_port_compact_engine.sv:126$5525'.
Found and cleaned up 3 empty switches in `\cap_pdb_dual_port_compact_allocation_engine.$proc$cap_pdb_dual_port_compact_engine.sv:136$5663'.
Removing empty process `cap_pdb_dual_port_compact_allocation_engine.$proc$cap_pdb_dual_port_compact_engine.sv:136$5663'.
Found and cleaned up 32 empty switches in `\cap_pdb_dual_port_compact_allocation_engine.$proc$cap_pdb_dual_port_compact_engine.sv:124$5688'.
Removing empty process `cap_pdb_dual_port_compact_allocation_engine.$proc$cap_pdb_dual_port_compact_engine.sv:124$5688'.
Found and cleaned up 32 empty switches in `\cap_pdb_dual_port_compact_allocation_engine.$proc$cap_pdb_dual_port_compact_engine.sv:126$5822'.
Removing empty process `cap_pdb_dual_port_compact_allocation_engine.$proc$cap_pdb_dual_port_compact_engine.sv:126$5822'.
Found and cleaned up 3 empty switches in `\cap_pdb_dual_port_compact_allocation_engine.$proc$cap_pdb_dual_port_compact_engine.sv:136$5960'.
Removing empty process `cap_pdb_dual_port_compact_allocation_engine.$proc$cap_pdb_dual_port_compact_engine.sv:136$5960'.
Found and cleaned up 32 empty switches in `\cap_pdb_dual_port_compact_allocation_engine.$proc$cap_pdb_dual_port_compact_engine.sv:124$5985'.
Removing empty process `cap_pdb_dual_port_compact_allocation_engine.$proc$cap_pdb_dual_port_compact_engine.sv:124$5985'.
Found and cleaned up 32 empty switches in `\cap_pdb_dual_port_compact_allocation_engine.$proc$cap_pdb_dual_port_compact_engine.sv:126$6119'.
Removing empty process `cap_pdb_dual_port_compact_allocation_engine.$proc$cap_pdb_dual_port_compact_engine.sv:126$6119'.
Found and cleaned up 3 empty switches in `\cap_pdb_dual_port_compact_allocation_engine.$proc$cap_pdb_dual_port_compact_engine.sv:136$6257'.
Removing empty process `cap_pdb_dual_port_compact_allocation_engine.$proc$cap_pdb_dual_port_compact_engine.sv:136$6257'.
Found and cleaned up 32 empty switches in `\cap_pdb_dual_port_compact_allocation_engine.$proc$cap_pdb_dual_port_compact_engine.sv:124$6282'.
Removing empty process `cap_pdb_dual_port_compact_allocation_engine.$proc$cap_pdb_dual_port_compact_engine.sv:124$6282'.
Found and cleaned up 32 empty switches in `\cap_pdb_dual_port_compact_allocation_engine.$proc$cap_pdb_dual_port_compact_engine.sv:126$6416'.
Removing empty process `cap_pdb_dual_port_compact_allocation_engine.$proc$cap_pdb_dual_port_compact_engine.sv:126$6416'.
Found and cleaned up 3 empty switches in `\cap_pdb_dual_port_compact_allocation_engine.$proc$cap_pdb_dual_port_compact_engine.sv:136$6554'.
Removing empty process `cap_pdb_dual_port_compact_allocation_engine.$proc$cap_pdb_dual_port_compact_engine.sv:136$6554'.
Found and cleaned up 32 empty switches in `\cap_pdb_dual_port_compact_allocation_engine.$proc$cap_pdb_dual_port_compact_engine.sv:124$6579'.
Removing empty process `cap_pdb_dual_port_compact_allocation_engine.$proc$cap_pdb_dual_port_compact_engine.sv:124$6579'.
Found and cleaned up 32 empty switches in `\cap_pdb_dual_port_compact_allocation_engine.$proc$cap_pdb_dual_port_compact_engine.sv:126$6713'.
Removing empty process `cap_pdb_dual_port_compact_allocation_engine.$proc$cap_pdb_dual_port_compact_engine.sv:126$6713'.
Found and cleaned up 3 empty switches in `\cap_pdb_dual_port_compact_allocation_engine.$proc$cap_pdb_dual_port_compact_engine.sv:136$6851'.
Removing empty process `cap_pdb_dual_port_compact_allocation_engine.$proc$cap_pdb_dual_port_compact_engine.sv:136$6851'.
Found and cleaned up 32 empty switches in `\cap_pdb_dual_port_compact_allocation_engine.$proc$cap_pdb_dual_port_compact_engine.sv:124$6876'.
Removing empty process `cap_pdb_dual_port_compact_allocation_engine.$proc$cap_pdb_dual_port_compact_engine.sv:124$6876'.
Found and cleaned up 32 empty switches in `\cap_pdb_dual_port_compact_allocation_engine.$proc$cap_pdb_dual_port_compact_engine.sv:126$7010'.
Removing empty process `cap_pdb_dual_port_compact_allocation_engine.$proc$cap_pdb_dual_port_compact_engine.sv:126$7010'.
Found and cleaned up 3 empty switches in `\cap_pdb_dual_port_compact_allocation_engine.$proc$cap_pdb_dual_port_compact_engine.sv:136$7148'.
Removing empty process `cap_pdb_dual_port_compact_allocation_engine.$proc$cap_pdb_dual_port_compact_engine.sv:136$7148'.
Found and cleaned up 32 empty switches in `\cap_pdb_dual_port_compact_allocation_engine.$proc$cap_pdb_dual_port_compact_engine.sv:124$7173'.
Removing empty process `cap_pdb_dual_port_compact_allocation_engine.$proc$cap_pdb_dual_port_compact_engine.sv:124$7173'.
Found and cleaned up 32 empty switches in `\cap_pdb_dual_port_compact_allocation_engine.$proc$cap_pdb_dual_port_compact_engine.sv:126$7307'.
Removing empty process `cap_pdb_dual_port_compact_allocation_engine.$proc$cap_pdb_dual_port_compact_engine.sv:126$7307'.
Found and cleaned up 3 empty switches in `\cap_pdb_dual_port_compact_allocation_engine.$proc$cap_pdb_dual_port_compact_engine.sv:136$7445'.
Removing empty process `cap_pdb_dual_port_compact_allocation_engine.$proc$cap_pdb_dual_port_compact_engine.sv:136$7445'.
Found and cleaned up 32 empty switches in `\cap_pdb_dual_port_compact_allocation_engine.$proc$cap_pdb_dual_port_compact_engine.sv:124$7470'.
Removing empty process `cap_pdb_dual_port_compact_allocation_engine.$proc$cap_pdb_dual_port_compact_engine.sv:124$7470'.
Found and cleaned up 32 empty switches in `\cap_pdb_dual_port_compact_allocation_engine.$proc$cap_pdb_dual_port_compact_engine.sv:126$7604'.
Removing empty process `cap_pdb_dual_port_compact_allocation_engine.$proc$cap_pdb_dual_port_compact_engine.sv:126$7604'.
Found and cleaned up 3 empty switches in `\cap_pdb_dual_port_compact_allocation_engine.$proc$cap_pdb_dual_port_compact_engine.sv:136$7742'.
Removing empty process `cap_pdb_dual_port_compact_allocation_engine.$proc$cap_pdb_dual_port_compact_engine.sv:136$7742'.
Found and cleaned up 32 empty switches in `\cap_pdb_dual_port_compact_allocation_engine.$proc$cap_pdb_dual_port_compact_engine.sv:124$7767'.
Removing empty process `cap_pdb_dual_port_compact_allocation_engine.$proc$cap_pdb_dual_port_compact_engine.sv:124$7767'.
Found and cleaned up 32 empty switches in `\cap_pdb_dual_port_compact_allocation_engine.$proc$cap_pdb_dual_port_compact_engine.sv:126$7901'.
Removing empty process `cap_pdb_dual_port_compact_allocation_engine.$proc$cap_pdb_dual_port_compact_engine.sv:126$7901'.
Found and cleaned up 3 empty switches in `\cap_pdb_dual_port_compact_allocation_engine.$proc$cap_pdb_dual_port_compact_engine.sv:136$8039'.
Removing empty process `cap_pdb_dual_port_compact_allocation_engine.$proc$cap_pdb_dual_port_compact_engine.sv:136$8039'.
Found and cleaned up 3 empty switches in `$paramod$3c933f59fd04475806c89d43d681470cb4a1a28b\cap_pdb_dual_read_bank.$proc$cap_pdb_dual_port_compact_engine.sv:25$8061'.
Removing empty process `$paramod$3c933f59fd04475806c89d43d681470cb4a1a28b\cap_pdb_dual_read_bank.$proc$cap_pdb_dual_port_compact_engine.sv:25$8061'.
Cleaned up 944 empty switches.

5.4.12. Executing OPT_EXPR pass (perform const folding).
Optimizing module cap_pdb_dual_port_compact_allocation_engine.
<suppressed ~100 debug messages>
Optimizing module $paramod$3c933f59fd04475806c89d43d681470cb4a1a28b\cap_pdb_dual_read_bank.

5.5. Executing TRIBUF pass.

5.6. Executing DEMINOUT pass (demote inout ports to input or output).

5.7. Executing OPT_EXPR pass (perform const folding).
Optimizing module cap_pdb_dual_port_compact_allocation_engine.
<suppressed ~3 debug messages>
Optimizing module $paramod$3c933f59fd04475806c89d43d681470cb4a1a28b\cap_pdb_dual_read_bank.

5.8. Executing OPT_CLEAN pass (remove unused cells and wires).
Finding unused cells or wires in module \cap_pdb_dual_port_compact_allocation_engine..
Finding unused cells or wires in module $paramod$3c933f59fd04475806c89d43d681470cb4a1a28b\cap_pdb_dual_read_bank..
Removed 51 unused cells and 4137 unused wires.
<suppressed ~54 debug messages>

5.9. Executing CHECK pass (checking for obvious problems).
Checking module cap_pdb_dual_port_compact_allocation_engine...
Checking module $paramod$3c933f59fd04475806c89d43d681470cb4a1a28b\cap_pdb_dual_read_bank...
Found and reported 0 problems.

5.10. Executing OPT pass (performing simple optimizations).

5.10.1. Executing OPT_EXPR pass (perform const folding).
Optimizing module cap_pdb_dual_port_compact_allocation_engine.
Optimizing module $paramod$3c933f59fd04475806c89d43d681470cb4a1a28b\cap_pdb_dual_read_bank.

5.10.2. Executing OPT_MERGE pass (detect identical cells).
Finding identical cells in module `\cap_pdb_dual_port_compact_allocation_engine'.
Computing hashes of 3895 cells of `\cap_pdb_dual_port_compact_allocation_engine'.
Finding duplicate cells in `\cap_pdb_dual_port_compact_allocation_engine'.
Computing hashes of 3795 cells of `\cap_pdb_dual_port_compact_allocation_engine'.
Finding duplicate cells in `\cap_pdb_dual_port_compact_allocation_engine'.
<suppressed ~300 debug messages>
Finding identical cells in module `$paramod$3c933f59fd04475806c89d43d681470cb4a1a28b\cap_pdb_dual_read_bank'.
Computing hashes of 11 cells of `$paramod$3c933f59fd04475806c89d43d681470cb4a1a28b\cap_pdb_dual_read_bank'.
Finding duplicate cells in `$paramod$3c933f59fd04475806c89d43d681470cb4a1a28b\cap_pdb_dual_read_bank'.
Removed a total of 100 cells.

5.10.3. Executing OPT_MUXTREE pass (detect dead branches in mux trees).
Running muxtree optimizer on module \cap_pdb_dual_port_compact_allocation_engine..
  Creating internal representation of mux trees.
  Evaluating internal representation of mux trees.
  Analyzing evaluation results.
    dead port 1/2 on $mux $procmux$14109.
    dead port 1/2 on $mux $procmux$14103.
    dead port 1/2 on $mux $procmux$14100.
    dead port 1/2 on $mux $procmux$13709.
    dead port 1/2 on $mux $procmux$13703.
    dead port 1/2 on $mux $procmux$13700.
    dead port 1/2 on $mux $procmux$13309.
    dead port 1/2 on $mux $procmux$13303.
    dead port 1/2 on $mux $procmux$13300.
    dead port 1/2 on $mux $procmux$12909.
    dead port 1/2 on $mux $procmux$12903.
    dead port 1/2 on $mux $procmux$12900.
    dead port 1/2 on $mux $procmux$12509.
    dead port 1/2 on $mux $procmux$12503.
    dead port 1/2 on $mux $procmux$12500.
    dead port 1/2 on $mux $procmux$12109.
    dead port 1/2 on $mux $procmux$12103.
    dead port 1/2 on $mux $procmux$12100.
    dead port 1/2 on $mux $procmux$11709.
    dead port 1/2 on $mux $procmux$11703.
    dead port 1/2 on $mux $procmux$11700.
    dead port 1/2 on $mux $procmux$11309.
    dead port 1/2 on $mux $procmux$11303.
    dead port 1/2 on $mux $procmux$11300.
    dead port 1/2 on $mux $procmux$10909.
    dead port 1/2 on $mux $procmux$10903.
    dead port 1/2 on $mux $procmux$10900.
    dead port 1/2 on $mux $procmux$10509.
    dead port 1/2 on $mux $procmux$10503.
    dead port 1/2 on $mux $procmux$10500.
    dead port 1/2 on $mux $procmux$10109.
    dead port 1/2 on $mux $procmux$10103.
    dead port 1/2 on $mux $procmux$10100.
    dead port 1/2 on $mux $procmux$14509.
    dead port 1/2 on $mux $procmux$14503.
    dead port 1/2 on $mux $procmux$14500.
    dead port 1/2 on $mux $procmux$14909.
    dead port 1/2 on $mux $procmux$14903.
    dead port 1/2 on $mux $procmux$14900.
Running muxtree optimizer on module $paramod$3c933f59fd04475806c89d43d681470cb4a1a28b\cap_pdb_dual_read_bank..
  Creating internal representation of mux trees.
  Evaluating internal representation of mux trees.
  Analyzing evaluation results.
Removed 39 multiplexer ports.
<suppressed ~2779 debug messages>

5.10.4. Executing OPT_REDUCE pass (consolidate $*mux and $reduce_* inputs).
  Optimizing cells in module \cap_pdb_dual_port_compact_allocation_engine.
  Optimizing cells in module $paramod$3c933f59fd04475806c89d43d681470cb4a1a28b\cap_pdb_dual_read_bank.
    Consolidated identical input bits for $mux cell $procmux$14915:
      Old ports: A=16'0000000000000000, B=16'1111111111111111, Y=$0$memwr$\memory$cap_pdb_dual_port_compact_engine.sv:27$8060_EN[15:0]$8064
      New ports: A=1'0, B=1'1, Y=$0$memwr$\memory$cap_pdb_dual_port_compact_engine.sv:27$8060_EN[15:0]$8064 [0]
      New connections: $0$memwr$\memory$cap_pdb_dual_port_compact_engine.sv:27$8060_EN[15:0]$8064 [15:1] = { $0$memwr$\memory$cap_pdb_dual_port_compact_engine.sv:27$8060_EN[15:0]$8064 [0] $0$memwr$\memory$cap_pdb_dual_port_compact_engine.sv:27$8060_EN[15:0]$8064 [0] $0$memwr$\memory$cap_pdb_dual_port_compact_engine.sv:27$8060_EN[15:0]$8064 [0] $0$memwr$\memory$cap_pdb_dual_port_compact_engine.sv:27$8060_EN[15:0]$8064 [0] $0$memwr$\memory$cap_pdb_dual_port_compact_engine.sv:27$8060_EN[15:0]$8064 [0] $0$memwr$\memory$cap_pdb_dual_port_compact_engine.sv:27$8060_EN[15:0]$8064 [0] $0$memwr$\memory$cap_pdb_dual_port_compact_engine.sv:27$8060_EN[15:0]$8064 [0] $0$memwr$\memory$cap_pdb_dual_port_compact_engine.sv:27$8060_EN[15:0]$8064 [0] $0$memwr$\memory$cap_pdb_dual_port_compact_engine.sv:27$8060_EN[15:0]$8064 [0] $0$memwr$\memory$cap_pdb_dual_port_compact_engine.sv:27$8060_EN[15:0]$8064 [0] $0$memwr$\memory$cap_pdb_dual_port_compact_engine.sv:27$8060_EN[15:0]$8064 [0] $0$memwr$\memory$cap_pdb_dual_port_compact_engine.sv:27$8060_EN[15:0]$8064 [0] $0$memwr$\memory$cap_pdb_dual_port_compact_engine.sv:27$8060_EN[15:0]$8064 [0] $0$memwr$\memory$cap_pdb_dual_port_compact_engine.sv:27$8060_EN[15:0]$8064 [0] $0$memwr$\memory$cap_pdb_dual_port_compact_engine.sv:27$8060_EN[15:0]$8064 [0] }
  Optimizing cells in module $paramod$3c933f59fd04475806c89d43d681470cb4a1a28b\cap_pdb_dual_read_bank.
Performed a total of 1 changes.

5.10.5. Executing OPT_MERGE pass (detect identical cells).
Finding identical cells in module `\cap_pdb_dual_port_compact_allocation_engine'.
Computing hashes of 3756 cells of `\cap_pdb_dual_port_compact_allocation_engine'.
Finding duplicate cells in `\cap_pdb_dual_port_compact_allocation_engine'.
Computing hashes of 3743 cells of `\cap_pdb_dual_port_compact_allocation_engine'.
Finding duplicate cells in `\cap_pdb_dual_port_compact_allocation_engine'.
<suppressed ~39 debug messages>
Finding identical cells in module `$paramod$3c933f59fd04475806c89d43d681470cb4a1a28b\cap_pdb_dual_read_bank'.
Computing hashes of 11 cells of `$paramod$3c933f59fd04475806c89d43d681470cb4a1a28b\cap_pdb_dual_read_bank'.
Finding duplicate cells in `$paramod$3c933f59fd04475806c89d43d681470cb4a1a28b\cap_pdb_dual_read_bank'.
Removed a total of 13 cells.

5.10.6. Executing OPT_DFF pass (perform DFF optimizations).

5.10.7. Executing OPT_CLEAN pass (remove unused cells and wires).
Finding unused cells or wires in module \cap_pdb_dual_port_compact_allocation_engine..
Finding unused cells or wires in module $paramod$3c933f59fd04475806c89d43d681470cb4a1a28b\cap_pdb_dual_read_bank..
Removed 0 unused cells and 152 unused wires.
<suppressed ~1 debug messages>

5.10.8. Executing OPT_EXPR pass (perform const folding).
Optimizing module cap_pdb_dual_port_compact_allocation_engine.
Optimizing module $paramod$3c933f59fd04475806c89d43d681470cb4a1a28b\cap_pdb_dual_read_bank.

5.10.9. Rerunning OPT passes. (Maybe there is more to do..)

5.10.10. Executing OPT_MUXTREE pass (detect dead branches in mux trees).
Running muxtree optimizer on module \cap_pdb_dual_port_compact_allocation_engine..
  Creating internal representation of mux trees.
  Evaluating internal representation of mux trees.
  Analyzing evaluation results.
Running muxtree optimizer on module $paramod$3c933f59fd04475806c89d43d681470cb4a1a28b\cap_pdb_dual_read_bank..
  Creating internal representation of mux trees.
  Evaluating internal representation of mux trees.
  Analyzing evaluation results.
Removed 0 multiplexer ports.
<suppressed ~2727 debug messages>

5.10.11. Executing OPT_REDUCE pass (consolidate $*mux and $reduce_* inputs).
  Optimizing cells in module \cap_pdb_dual_port_compact_allocation_engine.
  Optimizing cells in module $paramod$3c933f59fd04475806c89d43d681470cb4a1a28b\cap_pdb_dual_read_bank.
Performed a total of 0 changes.

5.10.12. Executing OPT_MERGE pass (detect identical cells).
Finding identical cells in module `\cap_pdb_dual_port_compact_allocation_engine'.
Computing hashes of 3743 cells of `\cap_pdb_dual_port_compact_allocation_engine'.
Finding duplicate cells in `\cap_pdb_dual_port_compact_allocation_engine'.
Finding identical cells in module `$paramod$3c933f59fd04475806c89d43d681470cb4a1a28b\cap_pdb_dual_read_bank'.
Computing hashes of 11 cells of `$paramod$3c933f59fd04475806c89d43d681470cb4a1a28b\cap_pdb_dual_read_bank'.
Finding duplicate cells in `$paramod$3c933f59fd04475806c89d43d681470cb4a1a28b\cap_pdb_dual_read_bank'.
Removed a total of 0 cells.

5.10.13. Executing OPT_DFF pass (perform DFF optimizations).

5.10.14. Executing OPT_CLEAN pass (remove unused cells and wires).
Finding unused cells or wires in module \cap_pdb_dual_port_compact_allocation_engine..
Finding unused cells or wires in module $paramod$3c933f59fd04475806c89d43d681470cb4a1a28b\cap_pdb_dual_read_bank..

5.10.15. Executing OPT_EXPR pass (perform const folding).
Optimizing module cap_pdb_dual_port_compact_allocation_engine.
Optimizing module $paramod$3c933f59fd04475806c89d43d681470cb4a1a28b\cap_pdb_dual_read_bank.

5.10.16. Finished fast OPT passes. (There is nothing left to do.)

5.11. Executing FSM pass (extract and optimize FSM).

5.11.1. Executing FSM_DETECT pass (finding FSMs in design).
Found FSM state register cap_pdb_dual_port_compact_allocation_engine.phase.

5.11.2. Executing FSM_EXTRACT pass (extracting FSM from design).
Extracting FSM `\phase' from module `\cap_pdb_dual_port_compact_allocation_engine'.
  found $dff cell for state register: $procdff$14935
  root of input selection tree: $0\phase[1:0]
  found reset state: 2'00 (guessed from mux tree)
  found ctrl input: \rst
  found ctrl input: $eq$cap_pdb_dual_port_compact_engine.sv:150$4490_Y
  found ctrl input: $procmux$9283_CMP
  found state code: 2'00
  found ctrl input: \all_after_empty
  found state code: 2'10
  found ctrl input: \start
  found state code: 2'01
  found ctrl output: $eq$cap_pdb_dual_port_compact_engine.sv:150$4490_Y
  found ctrl output: $procmux$9268_CMP
  found ctrl output: $procmux$9283_CMP
  ctrl inputs: { \all_after_empty \start \rst }
  ctrl outputs: { $procmux$9283_CMP $procmux$9268_CMP $eq$cap_pdb_dual_port_compact_engine.sv:150$4490_Y $0\phase[1:0] }
  transition:       2'00 3'-00 ->       2'00 5'10000
  transition:       2'00 3'-10 ->       2'01 5'10001
  transition:       2'00 3'--1 ->       2'00 5'10000
  transition:       2'10 3'--0 ->       2'00 5'01000
  transition:       2'10 3'--1 ->       2'00 5'01000
  transition:       2'01 3'0-0 ->       2'01 5'00101
  transition:       2'01 3'1-0 ->       2'10 5'00110
  transition:       2'01 3'--1 ->       2'00 5'00100

5.11.3. Executing FSM_OPT pass (simple optimizations of FSMs).
Optimizing FSM `$fsm$\phase$14972' from module `\cap_pdb_dual_port_compact_allocation_engine'.
  Merging pattern 3'--0 and 3'--1 from group (1 0 5'01000).
  Merging pattern 3'--1 and 3'--0 from group (1 0 5'01000).

5.11.4. Executing OPT_CLEAN pass (remove unused cells and wires).
Finding unused cells or wires in module \cap_pdb_dual_port_compact_allocation_engine..
Finding unused cells or wires in module $paramod$3c933f59fd04475806c89d43d681470cb4a1a28b\cap_pdb_dual_read_bank..
Removed 8 unused cells and 8 unused wires.
<suppressed ~9 debug messages>

5.11.5. Executing FSM_OPT pass (simple optimizations of FSMs).
Optimizing FSM `$fsm$\phase$14972' from module `\cap_pdb_dual_port_compact_allocation_engine'.
  Removing unused output signal $0\phase[1:0] [0].
  Removing unused output signal $0\phase[1:0] [1].

5.11.6. Executing FSM_RECODE pass (re-assigning FSM state encoding).
Recoding FSM `$fsm$\phase$14972' from module `\cap_pdb_dual_port_compact_allocation_engine' using `auto' encoding:
  mapping auto encoding to `one-hot` for this FSM.
  00 -> --1
  10 -> -1-
  01 -> 1--

5.11.7. Executing FSM_INFO pass (dumping all available information on FSM cells).

FSM `$fsm$\phase$14972' from module `cap_pdb_dual_port_compact_allocation_engine':
-------------------------------------

  Information on FSM $fsm$\phase$14972 (\phase):

  Number of input signals:    3
  Number of output signals:   3
  Number of state bits:       3

  Input signals:
    0: \rst
    1: \start
    2: \all_after_empty

  Output signals:
    0: $eq$cap_pdb_dual_port_compact_engine.sv:150$4490_Y
    1: $procmux$9268_CMP
    2: $procmux$9283_CMP

  State encoding:
    0:      3'--1  <RESET STATE>
    1:      3'-1-
    2:      3'1--

  Transition Table (state_in, ctrl_in, state_out, ctrl_out):
      0:     0 3'-00   ->     0 3'100
      1:     0 3'--1   ->     0 3'100
      2:     0 3'-10   ->     2 3'100
      3:     1 3'---   ->     0 3'010
      4:     2 3'--1   ->     0 3'001
      5:     2 3'1-0   ->     1 3'001
      6:     2 3'0-0   ->     2 3'001

-------------------------------------

5.11.8. Executing FSM_MAP pass (mapping FSMs to basic logic).
Mapping FSM `$fsm$\phase$14972' from module `\cap_pdb_dual_port_compact_allocation_engine'.

5.12. Executing OPT pass (performing simple optimizations).

5.12.1. Executing OPT_EXPR pass (perform const folding).
Optimizing module cap_pdb_dual_port_compact_allocation_engine.
<suppressed ~3 debug messages>
Optimizing module $paramod$3c933f59fd04475806c89d43d681470cb4a1a28b\cap_pdb_dual_read_bank.

5.12.2. Executing OPT_MERGE pass (detect identical cells).
Finding identical cells in module `\cap_pdb_dual_port_compact_allocation_engine'.
Computing hashes of 3746 cells of `\cap_pdb_dual_port_compact_allocation_engine'.
Finding duplicate cells in `\cap_pdb_dual_port_compact_allocation_engine'.
Finding identical cells in module `$paramod$3c933f59fd04475806c89d43d681470cb4a1a28b\cap_pdb_dual_read_bank'.
Computing hashes of 11 cells of `$paramod$3c933f59fd04475806c89d43d681470cb4a1a28b\cap_pdb_dual_read_bank'.
Finding duplicate cells in `$paramod$3c933f59fd04475806c89d43d681470cb4a1a28b\cap_pdb_dual_read_bank'.
Removed a total of 0 cells.

5.12.3. Executing OPT_MUXTREE pass (detect dead branches in mux trees).
Running muxtree optimizer on module \cap_pdb_dual_port_compact_allocation_engine..
  Creating internal representation of mux trees.
  Evaluating internal representation of mux trees.
  Analyzing evaluation results.
Running muxtree optimizer on module $paramod$3c933f59fd04475806c89d43d681470cb4a1a28b\cap_pdb_dual_read_bank..
  Creating internal representation of mux trees.
  Evaluating internal representation of mux trees.
  Analyzing evaluation results.
Removed 0 multiplexer ports.
<suppressed ~2722 debug messages>

5.12.4. Executing OPT_REDUCE pass (consolidate $*mux and $reduce_* inputs).
  Optimizing cells in module \cap_pdb_dual_port_compact_allocation_engine.
  Optimizing cells in module $paramod$3c933f59fd04475806c89d43d681470cb4a1a28b\cap_pdb_dual_read_bank.
Performed a total of 0 changes.

5.12.5. Executing OPT_MERGE pass (detect identical cells).
Finding identical cells in module `\cap_pdb_dual_port_compact_allocation_engine'.
Computing hashes of 3746 cells of `\cap_pdb_dual_port_compact_allocation_engine'.
Finding duplicate cells in `\cap_pdb_dual_port_compact_allocation_engine'.
Finding identical cells in module `$paramod$3c933f59fd04475806c89d43d681470cb4a1a28b\cap_pdb_dual_read_bank'.
Computing hashes of 11 cells of `$paramod$3c933f59fd04475806c89d43d681470cb4a1a28b\cap_pdb_dual_read_bank'.
Finding duplicate cells in `$paramod$3c933f59fd04475806c89d43d681470cb4a1a28b\cap_pdb_dual_read_bank'.
Removed a total of 0 cells.

5.12.6. Executing OPT_DFF pass (perform DFF optimizations).
Adding SRST signal on $procdff$14930 ($dff) from module cap_pdb_dual_port_compact_allocation_engine (D = $procmux$9705_Y, Q = \busy, rval = 1'0).
Adding EN signal on $auto$ff.cc:337:slice$15001 ($sdff) from module cap_pdb_dual_port_compact_allocation_engine (D = $procmux$9705_Y, Q = \busy).
Adding SRST signal on $procdff$14931 ($dff) from module cap_pdb_dual_port_compact_allocation_engine (D = $procmux$9267_Y, Q = \done, rval = 1'0).
Adding SRST signal on $procdff$14932 ($dff) from module cap_pdb_dual_port_compact_allocation_engine (D = $procmux$9699_Y, Q = \valid, rval = 1'0).
Adding EN signal on $auto$ff.cc:337:slice$15010 ($sdff) from module cap_pdb_dual_port_compact_allocation_engine (D = $procmux$9695_Y, Q = \valid).
Adding SRST signal on $procdff$14933 ($dff) from module cap_pdb_dual_port_compact_allocation_engine (D = $procmux$9662_Y, Q = \group_cost_sum, rval = 24'000000000000000000000000).
Adding EN signal on $auto$ff.cc:337:slice$15014 ($sdff) from module cap_pdb_dual_port_compact_allocation_engine (D = \final_sum, Q = \group_cost_sum).
Adding SRST signal on $procdff$14934 ($dff) from module cap_pdb_dual_port_compact_allocation_engine (D = $procmux$9656_Y, Q = \cycles, rval = 16'0000000000000000).
Adding SRST signal on $procdff$14936 ($dff) from module cap_pdb_dual_port_compact_allocation_engine (D = $procmux$9626_Y, Q = \pipeline_valid, rval = 1'0).
Adding EN signal on $auto$ff.cc:337:slice$15017 ($sdff) from module cap_pdb_dual_port_compact_allocation_engine (D = $procmux$9626_Y, Q = \pipeline_valid).
Adding SRST signal on $procdff$14937 ($dff) from module cap_pdb_dual_port_compact_allocation_engine (D = $procmux$9619_Y, Q = \issued0, rval = 13'0000000000000).
Adding EN signal on $auto$ff.cc:337:slice$15025 ($sdff) from module cap_pdb_dual_port_compact_allocation_engine (D = \current_valid0, Q = \issued0).
Adding SRST signal on $procdff$14938 ($dff) from module cap_pdb_dual_port_compact_allocation_engine (D = $procmux$9612_Y, Q = \issued1, rval = 13'0000000000000).
Adding EN signal on $auto$ff.cc:337:slice$15027 ($sdff) from module cap_pdb_dual_port_compact_allocation_engine (D = \current_valid1, Q = \issued1).
Adding SRST signal on $procdff$14940 ($dff) from module cap_pdb_dual_port_compact_allocation_engine (D = $procmux$9601_Y, Q = \remaining[0], rval = 0).
Adding EN signal on $auto$ff.cc:337:slice$15029 ($sdff) from module cap_pdb_dual_port_compact_allocation_engine (D = $procmux$9601_Y, Q = \remaining[0]).
Adding SRST signal on $procdff$14941 ($dff) from module cap_pdb_dual_port_compact_allocation_engine (D = $procmux$9590_Y, Q = \remaining[1], rval = 0).
Adding EN signal on $auto$ff.cc:337:slice$15037 ($sdff) from module cap_pdb_dual_port_compact_allocation_engine (D = $procmux$9590_Y, Q = \remaining[1]).
Adding SRST signal on $procdff$14942 ($dff) from module cap_pdb_dual_port_compact_allocation_engine (D = $procmux$9579_Y, Q = \remaining[2], rval = 0).
Adding EN signal on $auto$ff.cc:337:slice$15045 ($sdff) from module cap_pdb_dual_port_compact_allocation_engine (D = $procmux$9579_Y, Q = \remaining[2]).
Adding SRST signal on $procdff$14943 ($dff) from module cap_pdb_dual_port_compact_allocation_engine (D = $procmux$9568_Y, Q = \remaining[3], rval = 0).
Adding EN signal on $auto$ff.cc:337:slice$15053 ($sdff) from module cap_pdb_dual_port_compact_allocation_engine (D = $procmux$9568_Y, Q = \remaining[3]).
Adding SRST signal on $procdff$14944 ($dff) from module cap_pdb_dual_port_compact_allocation_engine (D = $procmux$9557_Y, Q = \remaining[4], rval = 0).
Adding EN signal on $auto$ff.cc:337:slice$15061 ($sdff) from module cap_pdb_dual_port_compact_allocation_engine (D = $procmux$9557_Y, Q = \remaining[4]).
Adding SRST signal on $procdff$14945 ($dff) from module cap_pdb_dual_port_compact_allocation_engine (D = $procmux$9546_Y, Q = \remaining[5], rval = 0).
Adding EN signal on $auto$ff.cc:337:slice$15069 ($sdff) from module cap_pdb_dual_port_compact_allocation_engine (D = $procmux$9546_Y, Q = \remaining[5]).
Adding SRST signal on $procdff$14946 ($dff) from module cap_pdb_dual_port_compact_allocation_engine (D = $procmux$9535_Y, Q = \remaining[6], rval = 0).
Adding EN signal on $auto$ff.cc:337:slice$15077 ($sdff) from module cap_pdb_dual_port_compact_allocation_engine (D = $procmux$9535_Y, Q = \remaining[6]).
Adding SRST signal on $procdff$14947 ($dff) from module cap_pdb_dual_port_compact_allocation_engine (D = $procmux$9524_Y, Q = \remaining[7], rval = 0).
Adding EN signal on $auto$ff.cc:337:slice$15085 ($sdff) from module cap_pdb_dual_port_compact_allocation_engine (D = $procmux$9524_Y, Q = \remaining[7]).
Adding SRST signal on $procdff$14948 ($dff) from module cap_pdb_dual_port_compact_allocation_engine (D = $procmux$9513_Y, Q = \remaining[8], rval = 0).
Adding EN signal on $auto$ff.cc:337:slice$15093 ($sdff) from module cap_pdb_dual_port_compact_allocation_engine (D = $procmux$9513_Y, Q = \remaining[8]).
Adding SRST signal on $procdff$14949 ($dff) from module cap_pdb_dual_port_compact_allocation_engine (D = $procmux$9502_Y, Q = \remaining[9], rval = 0).
Adding EN signal on $auto$ff.cc:337:slice$15101 ($sdff) from module cap_pdb_dual_port_compact_allocation_engine (D = $procmux$9502_Y, Q = \remaining[9]).
Adding SRST signal on $procdff$14950 ($dff) from module cap_pdb_dual_port_compact_allocation_engine (D = $procmux$9491_Y, Q = \remaining[10], rval = 0).
Adding EN signal on $auto$ff.cc:337:slice$15109 ($sdff) from module cap_pdb_dual_port_compact_allocation_engine (D = $procmux$9491_Y, Q = \remaining[10]).
Adding SRST signal on $procdff$14951 ($dff) from module cap_pdb_dual_port_compact_allocation_engine (D = $procmux$9480_Y, Q = \remaining[11], rval = 0).
Adding EN signal on $auto$ff.cc:337:slice$15117 ($sdff) from module cap_pdb_dual_port_compact_allocation_engine (D = $procmux$9480_Y, Q = \remaining[11]).
Adding SRST signal on $procdff$14952 ($dff) from module cap_pdb_dual_port_compact_allocation_engine (D = $procmux$9469_Y, Q = \remaining[12], rval = 0).
Adding EN signal on $auto$ff.cc:337:slice$15125 ($sdff) from module cap_pdb_dual_port_compact_allocation_engine (D = $procmux$9469_Y, Q = \remaining[12]).
Adding SRST signal on $procdff$14953 ($dff) from module cap_pdb_dual_port_compact_allocation_engine (D = $procmux$9458_Y, Q = \group_minimum[0], rval = 16'1111111111111111).
Adding EN signal on $auto$ff.cc:337:slice$15133 ($sdff) from module cap_pdb_dual_port_compact_allocation_engine (D = $procmux$9458_Y, Q = \group_minimum[0]).
Adding SRST signal on $procdff$14954 ($dff) from module cap_pdb_dual_port_compact_allocation_engine (D = $procmux$9443_Y, Q = \group_minimum[1], rval = 16'1111111111111111).
Adding EN signal on $auto$ff.cc:337:slice$15143 ($sdff) from module cap_pdb_dual_port_compact_allocation_engine (D = $procmux$9443_Y, Q = \group_minimum[1]).
Adding SRST signal on $procdff$14955 ($dff) from module cap_pdb_dual_port_compact_allocation_engine (D = $procmux$9428_Y, Q = \group_minimum[2], rval = 16'1111111111111111).
Adding EN signal on $auto$ff.cc:337:slice$15153 ($sdff) from module cap_pdb_dual_port_compact_allocation_engine (D = $procmux$9428_Y, Q = \group_minimum[2]).
Adding SRST signal on $procdff$14956 ($dff) from module cap_pdb_dual_port_compact_allocation_engine (D = $procmux$9413_Y, Q = \group_minimum[3], rval = 16'1111111111111111).
Adding EN signal on $auto$ff.cc:337:slice$15163 ($sdff) from module cap_pdb_dual_port_compact_allocation_engine (D = $procmux$9413_Y, Q = \group_minimum[3]).
Adding SRST signal on $procdff$14957 ($dff) from module cap_pdb_dual_port_compact_allocation_engine (D = $procmux$9398_Y, Q = \group_minimum[4], rval = 16'1111111111111111).
Adding EN signal on $auto$ff.cc:337:slice$15173 ($sdff) from module cap_pdb_dual_port_compact_allocation_engine (D = $procmux$9398_Y, Q = \group_minimum[4]).
Adding SRST signal on $procdff$14958 ($dff) from module cap_pdb_dual_port_compact_allocation_engine (D = $procmux$9383_Y, Q = \group_minimum[5], rval = 16'1111111111111111).
Adding EN signal on $auto$ff.cc:337:slice$15183 ($sdff) from module cap_pdb_dual_port_compact_allocation_engine (D = $procmux$9383_Y, Q = \group_minimum[5]).
Adding SRST signal on $procdff$14959 ($dff) from module cap_pdb_dual_port_compact_allocation_engine (D = $procmux$9368_Y, Q = \group_minimum[6], rval = 16'1111111111111111).
Adding EN signal on $auto$ff.cc:337:slice$15193 ($sdff) from module cap_pdb_dual_port_compact_allocation_engine (D = $procmux$9368_Y, Q = \group_minimum[6]).
Adding SRST signal on $procdff$14960 ($dff) from module cap_pdb_dual_port_compact_allocation_engine (D = $procmux$9353_Y, Q = \group_minimum[7], rval = 16'1111111111111111).
Adding EN signal on $auto$ff.cc:337:slice$15203 ($sdff) from module cap_pdb_dual_port_compact_allocation_engine (D = $procmux$9353_Y, Q = \group_minimum[7]).
Adding SRST signal on $procdff$14961 ($dff) from module cap_pdb_dual_port_compact_allocation_engine (D = $procmux$9338_Y, Q = \group_minimum[8], rval = 16'1111111111111111).
Adding EN signal on $auto$ff.cc:337:slice$15213 ($sdff) from module cap_pdb_dual_port_compact_allocation_engine (D = $procmux$9338_Y, Q = \group_minimum[8]).
Adding SRST signal on $procdff$14962 ($dff) from module cap_pdb_dual_port_compact_allocation_engine (D = $procmux$9323_Y, Q = \group_minimum[9], rval = 16'1111111111111111).
Adding EN signal on $auto$ff.cc:337:slice$15223 ($sdff) from module cap_pdb_dual_port_compact_allocation_engine (D = $procmux$9323_Y, Q = \group_minimum[9]).
Adding SRST signal on $procdff$14963 ($dff) from module cap_pdb_dual_port_compact_allocation_engine (D = $procmux$9308_Y, Q = \group_minimum[10], rval = 16'1111111111111111).
Adding EN signal on $auto$ff.cc:337:slice$15233 ($sdff) from module cap_pdb_dual_port_compact_allocation_engine (D = $procmux$9308_Y, Q = \group_minimum[10]).
Adding SRST signal on $procdff$14964 ($dff) from module cap_pdb_dual_port_compact_allocation_engine (D = $procmux$9293_Y, Q = \group_minimum[11], rval = 16'1111111111111111).
Adding EN signal on $auto$ff.cc:337:slice$15243 ($sdff) from module cap_pdb_dual_port_compact_allocation_engine (D = $procmux$9293_Y, Q = \group_minimum[11]).
Adding SRST signal on $procdff$14965 ($dff) from module cap_pdb_dual_port_compact_allocation_engine (D = $procmux$9278_Y, Q = \group_minimum[12], rval = 16'1111111111111111).
Adding EN signal on $auto$ff.cc:337:slice$15253 ($sdff) from module cap_pdb_dual_port_compact_allocation_engine (D = $procmux$9278_Y, Q = \group_minimum[12]).
Adding EN signal on $procdff$14966 ($dff) from module $paramod$3c933f59fd04475806c89d43d681470cb4a1a28b\cap_pdb_dual_read_bank (D = $memrd$\memory$cap_pdb_dual_port_compact_engine.sv:29$8068_DATA, Q = \rdata0).
Adding EN signal on $procdff$14967 ($dff) from module $paramod$3c933f59fd04475806c89d43d681470cb4a1a28b\cap_pdb_dual_read_bank (D = $memrd$\memory$cap_pdb_dual_port_compact_engine.sv:31$8069_DATA, Q = \rdata1).

5.12.7. Executing OPT_CLEAN pass (remove unused cells and wires).
Finding unused cells or wires in module \cap_pdb_dual_port_compact_allocation_engine..
Finding unused cells or wires in module $paramod$3c933f59fd04475806c89d43d681470cb4a1a28b\cap_pdb_dual_read_bank..
Removed 42 unused cells and 49 unused wires.
<suppressed ~44 debug messages>

5.12.8. Executing OPT_EXPR pass (perform const folding).
Optimizing module cap_pdb_dual_port_compact_allocation_engine.
<suppressed ~28 debug messages>
Optimizing module $paramod$3c933f59fd04475806c89d43d681470cb4a1a28b\cap_pdb_dual_read_bank.

5.12.9. Rerunning OPT passes. (Maybe there is more to do..)

5.12.10. Executing OPT_MUXTREE pass (detect dead branches in mux trees).
Running muxtree optimizer on module \cap_pdb_dual_port_compact_allocation_engine..
  Creating internal representation of mux trees.
  Evaluating internal representation of mux trees.
  Analyzing evaluation results.
Running muxtree optimizer on module $paramod$3c933f59fd04475806c89d43d681470cb4a1a28b\cap_pdb_dual_read_bank..
  Creating internal representation of mux trees.
  Evaluating internal representation of mux trees.
  Analyzing evaluation results.
Removed 0 multiplexer ports.
<suppressed ~2675 debug messages>

5.12.11. Executing OPT_REDUCE pass (consolidate $*mux and $reduce_* inputs).
  Optimizing cells in module \cap_pdb_dual_port_compact_allocation_engine.
  Optimizing cells in module $paramod$3c933f59fd04475806c89d43d681470cb4a1a28b\cap_pdb_dual_read_bank.
Performed a total of 0 changes.

5.12.12. Executing OPT_MERGE pass (detect identical cells).
Finding identical cells in module `\cap_pdb_dual_port_compact_allocation_engine'.
Computing hashes of 3805 cells of `\cap_pdb_dual_port_compact_allocation_engine'.
Finding duplicate cells in `\cap_pdb_dual_port_compact_allocation_engine'.
Computing hashes of 3728 cells of `\cap_pdb_dual_port_compact_allocation_engine'.
Finding duplicate cells in `\cap_pdb_dual_port_compact_allocation_engine'.
Computing hashes of 3703 cells of `\cap_pdb_dual_port_compact_allocation_engine'.
Finding duplicate cells in `\cap_pdb_dual_port_compact_allocation_engine'.
<suppressed ~306 debug messages>
Finding identical cells in module `$paramod$3c933f59fd04475806c89d43d681470cb4a1a28b\cap_pdb_dual_read_bank'.
Computing hashes of 10 cells of `$paramod$3c933f59fd04475806c89d43d681470cb4a1a28b\cap_pdb_dual_read_bank'.
Finding duplicate cells in `$paramod$3c933f59fd04475806c89d43d681470cb4a1a28b\cap_pdb_dual_read_bank'.
Removed a total of 102 cells.

5.12.13. Executing OPT_DFF pass (perform DFF optimizations).

5.12.14. Executing OPT_CLEAN pass (remove unused cells and wires).
Finding unused cells or wires in module \cap_pdb_dual_port_compact_allocation_engine..
Finding unused cells or wires in module $paramod$3c933f59fd04475806c89d43d681470cb4a1a28b\cap_pdb_dual_read_bank..
Removed 0 unused cells and 102 unused wires.
<suppressed ~1 debug messages>

5.12.15. Executing OPT_EXPR pass (perform const folding).
Optimizing module cap_pdb_dual_port_compact_allocation_engine.
Optimizing module $paramod$3c933f59fd04475806c89d43d681470cb4a1a28b\cap_pdb_dual_read_bank.

5.12.16. Rerunning OPT passes. (Maybe there is more to do..)

5.12.17. Executing OPT_MUXTREE pass (detect dead branches in mux trees).
Running muxtree optimizer on module \cap_pdb_dual_port_compact_allocation_engine..
  Creating internal representation of mux trees.
  Evaluating internal representation of mux trees.
  Analyzing evaluation results.
Running muxtree optimizer on module $paramod$3c933f59fd04475806c89d43d681470cb4a1a28b\cap_pdb_dual_read_bank..
  Creating internal representation of mux trees.
  Evaluating internal representation of mux trees.
  Analyzing evaluation results.
Removed 0 multiplexer ports.
<suppressed ~2677 debug messages>

5.12.18. Executing OPT_REDUCE pass (consolidate $*mux and $reduce_* inputs).
  Optimizing cells in module \cap_pdb_dual_port_compact_allocation_engine.
  Optimizing cells in module $paramod$3c933f59fd04475806c89d43d681470cb4a1a28b\cap_pdb_dual_read_bank.
Performed a total of 0 changes.

5.12.19. Executing OPT_MERGE pass (detect identical cells).
Finding identical cells in module `\cap_pdb_dual_port_compact_allocation_engine'.
Computing hashes of 3703 cells of `\cap_pdb_dual_port_compact_allocation_engine'.
Finding duplicate cells in `\cap_pdb_dual_port_compact_allocation_engine'.
Finding identical cells in module `$paramod$3c933f59fd04475806c89d43d681470cb4a1a28b\cap_pdb_dual_read_bank'.
Computing hashes of 10 cells of `$paramod$3c933f59fd04475806c89d43d681470cb4a1a28b\cap_pdb_dual_read_bank'.
Finding duplicate cells in `$paramod$3c933f59fd04475806c89d43d681470cb4a1a28b\cap_pdb_dual_read_bank'.
Removed a total of 0 cells.

5.12.20. Executing OPT_DFF pass (perform DFF optimizations).

5.12.21. Executing OPT_CLEAN pass (remove unused cells and wires).
Finding unused cells or wires in module \cap_pdb_dual_port_compact_allocation_engine..
Finding unused cells or wires in module $paramod$3c933f59fd04475806c89d43d681470cb4a1a28b\cap_pdb_dual_read_bank..

5.12.22. Executing OPT_EXPR pass (perform const folding).
Optimizing module cap_pdb_dual_port_compact_allocation_engine.
Optimizing module $paramod$3c933f59fd04475806c89d43d681470cb4a1a28b\cap_pdb_dual_read_bank.

5.12.23. Finished fast OPT passes. (There is nothing left to do.)

5.13. Executing WREDUCE pass (reducing word size of cells).
Removed top 1 bits (of 2) from port B of cell cap_pdb_dual_port_compact_allocation_engine.$auto$opt_dff.cc:235:make_patterns_logic$15160 ($ne).
Removed top 24 bits (of 32) from port A of cell cap_pdb_dual_port_compact_allocation_engine.$add$cap_pdb_dual_port_compact_engine.sv:110$4116 ($add).
Removed top 23 bits (of 32) from port Y of cell cap_pdb_dual_port_compact_allocation_engine.$add$cap_pdb_dual_port_compact_engine.sv:110$4116 ($add).
Removed top 8 bits (of 24) from port A of cell cap_pdb_dual_port_compact_allocation_engine.$add$cap_pdb_dual_port_compact_engine.sv:178$4124 ($add).
Removed top 7 bits (of 24) from port Y of cell cap_pdb_dual_port_compact_allocation_engine.$add$cap_pdb_dual_port_compact_engine.sv:178$4124 ($add).
Removed top 7 bits (of 24) from port A of cell cap_pdb_dual_port_compact_allocation_engine.$add$cap_pdb_dual_port_compact_engine.sv:178$4127 ($add).
Removed top 6 bits (of 24) from port Y of cell cap_pdb_dual_port_compact_allocation_engine.$add$cap_pdb_dual_port_compact_engine.sv:178$4127 ($add).
Removed top 6 bits (of 24) from port A of cell cap_pdb_dual_port_compact_allocation_engine.$add$cap_pdb_dual_port_compact_engine.sv:178$4130 ($add).
Removed top 5 bits (of 24) from port Y of cell cap_pdb_dual_port_compact_allocation_engine.$add$cap_pdb_dual_port_compact_engine.sv:178$4130 ($add).
Removed top 5 bits (of 24) from port A of cell cap_pdb_dual_port_compact_allocation_engine.$add$cap_pdb_dual_port_compact_engine.sv:178$4133 ($add).
Removed top 4 bits (of 24) from port Y of cell cap_pdb_dual_port_compact_allocation_engine.$add$cap_pdb_dual_port_compact_engine.sv:178$4133 ($add).
Removed top 4 bits (of 24) from port A of cell cap_pdb_dual_port_compact_allocation_engine.$add$cap_pdb_dual_port_compact_engine.sv:178$4136 ($add).
Removed top 3 bits (of 24) from port Y of cell cap_pdb_dual_port_compact_allocation_engine.$add$cap_pdb_dual_port_compact_engine.sv:178$4136 ($add).
Removed top 3 bits (of 24) from port A of cell cap_pdb_dual_port_compact_allocation_engine.$add$cap_pdb_dual_port_compact_engine.sv:178$4139 ($add).
Removed top 2 bits (of 24) from port Y of cell cap_pdb_dual_port_compact_allocation_engine.$add$cap_pdb_dual_port_compact_engine.sv:178$4139 ($add).
Removed top 2 bits (of 24) from port A of cell cap_pdb_dual_port_compact_allocation_engine.$add$cap_pdb_dual_port_compact_engine.sv:178$4142 ($add).
Removed top 1 bits (of 24) from port Y of cell cap_pdb_dual_port_compact_allocation_engine.$add$cap_pdb_dual_port_compact_engine.sv:178$4142 ($add).
Removed top 1 bits (of 24) from port A of cell cap_pdb_dual_port_compact_allocation_engine.$add$cap_pdb_dual_port_compact_engine.sv:178$4145 ($add).
Removed top 3 bits (of 4) from port B of cell cap_pdb_dual_port_compact_allocation_engine.$eq$cap_pdb_dual_port_compact_engine.sv:148$4785 ($eq).
Removed top 2 bits (of 4) from port B of cell cap_pdb_dual_port_compact_allocation_engine.$eq$cap_pdb_dual_port_compact_engine.sv:148$5082 ($eq).
Removed top 2 bits (of 4) from port B of cell cap_pdb_dual_port_compact_allocation_engine.$eq$cap_pdb_dual_port_compact_engine.sv:148$5379 ($eq).
Removed top 1 bits (of 4) from port B of cell cap_pdb_dual_port_compact_allocation_engine.$eq$cap_pdb_dual_port_compact_engine.sv:148$5676 ($eq).
Removed top 1 bits (of 4) from port B of cell cap_pdb_dual_port_compact_allocation_engine.$eq$cap_pdb_dual_port_compact_engine.sv:148$5973 ($eq).
Removed top 1 bits (of 4) from port B of cell cap_pdb_dual_port_compact_allocation_engine.$eq$cap_pdb_dual_port_compact_engine.sv:148$6270 ($eq).
Removed top 1 bits (of 4) from port B of cell cap_pdb_dual_port_compact_allocation_engine.$eq$cap_pdb_dual_port_compact_engine.sv:148$6567 ($eq).
Removed top 4 bits (of 5) from mux cell cap_pdb_dual_port_compact_allocation_engine.$procmux$9898 ($mux).
Removed top 4 bits (of 5) from mux cell cap_pdb_dual_port_compact_allocation_engine.$procmux$10089 ($mux).
Removed top 4 bits (of 5) from mux cell cap_pdb_dual_port_compact_allocation_engine.$procmux$10298 ($mux).
Removed top 4 bits (of 5) from mux cell cap_pdb_dual_port_compact_allocation_engine.$procmux$10489 ($mux).
Removed top 4 bits (of 5) from mux cell cap_pdb_dual_port_compact_allocation_engine.$procmux$10698 ($mux).
Removed top 4 bits (of 5) from mux cell cap_pdb_dual_port_compact_allocation_engine.$procmux$10889 ($mux).
Removed top 4 bits (of 5) from mux cell cap_pdb_dual_port_compact_allocation_engine.$procmux$11098 ($mux).
Removed top 4 bits (of 5) from mux cell cap_pdb_dual_port_compact_allocation_engine.$procmux$11289 ($mux).
Removed top 4 bits (of 5) from mux cell cap_pdb_dual_port_compact_allocation_engine.$procmux$11498 ($mux).
Removed top 4 bits (of 5) from mux cell cap_pdb_dual_port_compact_allocation_engine.$procmux$11689 ($mux).
Removed top 4 bits (of 5) from mux cell cap_pdb_dual_port_compact_allocation_engine.$procmux$11898 ($mux).
Removed top 4 bits (of 5) from mux cell cap_pdb_dual_port_compact_allocation_engine.$procmux$12089 ($mux).
Removed top 4 bits (of 5) from mux cell cap_pdb_dual_port_compact_allocation_engine.$procmux$12298 ($mux).
Removed top 4 bits (of 5) from mux cell cap_pdb_dual_port_compact_allocation_engine.$procmux$12489 ($mux).
Removed top 4 bits (of 5) from mux cell cap_pdb_dual_port_compact_allocation_engine.$procmux$12698 ($mux).
Removed top 4 bits (of 5) from mux cell cap_pdb_dual_port_compact_allocation_engine.$procmux$12889 ($mux).
Removed top 4 bits (of 5) from mux cell cap_pdb_dual_port_compact_allocation_engine.$procmux$13098 ($mux).
Removed top 4 bits (of 5) from mux cell cap_pdb_dual_port_compact_allocation_engine.$procmux$13289 ($mux).
Removed top 4 bits (of 5) from mux cell cap_pdb_dual_port_compact_allocation_engine.$procmux$13498 ($mux).
Removed top 4 bits (of 5) from mux cell cap_pdb_dual_port_compact_allocation_engine.$procmux$13689 ($mux).
Removed top 4 bits (of 5) from mux cell cap_pdb_dual_port_compact_allocation_engine.$procmux$13898 ($mux).
Removed top 4 bits (of 5) from mux cell cap_pdb_dual_port_compact_allocation_engine.$procmux$14089 ($mux).
Removed top 4 bits (of 5) from mux cell cap_pdb_dual_port_compact_allocation_engine.$procmux$14298 ($mux).
Removed top 4 bits (of 5) from mux cell cap_pdb_dual_port_compact_allocation_engine.$procmux$14489 ($mux).
Removed top 4 bits (of 5) from mux cell cap_pdb_dual_port_compact_allocation_engine.$procmux$14698 ($mux).
Removed top 4 bits (of 5) from mux cell cap_pdb_dual_port_compact_allocation_engine.$procmux$14889 ($mux).
Removed top 4 bits (of 5) from wire cap_pdb_dual_port_compact_allocation_engine.$2\first_effect$func$cap_pdb_dual_port_compact_engine.sv:124$4077.$result[4:0]$4215.
Removed top 4 bits (of 5) from wire cap_pdb_dual_port_compact_allocation_engine.$2\first_effect$func$cap_pdb_dual_port_compact_engine.sv:126$4078.$result[4:0]$4349.
Removed top 4 bits (of 5) from wire cap_pdb_dual_port_compact_allocation_engine.$2\first_effect$func$cap_pdb_dual_port_compact_engine.sv:124$4080.$result[4:0]$4512.
Removed top 4 bits (of 5) from wire cap_pdb_dual_port_compact_allocation_engine.$2\first_effect$func$cap_pdb_dual_port_compact_engine.sv:126$4081.$result[4:0]$4646.
Removed top 4 bits (of 5) from wire cap_pdb_dual_port_compact_allocation_engine.$2\first_effect$func$cap_pdb_dual_port_compact_engine.sv:124$4083.$result[4:0]$4809.
Removed top 1 bits (of 24) from wire cap_pdb_dual_port_compact_allocation_engine.$add$cap_pdb_dual_port_compact_engine.sv:178$4142_Y.
Removed top 4 bits (of 5) from wire cap_pdb_dual_port_compact_allocation_engine.$2\first_effect$func$cap_pdb_dual_port_compact_engine.sv:126$4084.$result[4:0]$4943.
Removed top 2 bits (of 24) from wire cap_pdb_dual_port_compact_allocation_engine.$add$cap_pdb_dual_port_compact_engine.sv:178$4139_Y.
Removed top 3 bits (of 24) from wire cap_pdb_dual_port_compact_allocation_engine.$add$cap_pdb_dual_port_compact_engine.sv:178$4136_Y.
Removed top 4 bits (of 5) from wire cap_pdb_dual_port_compact_allocation_engine.$2\first_effect$func$cap_pdb_dual_port_compact_engine.sv:124$4086.$result[4:0]$5106.
Removed top 4 bits (of 24) from wire cap_pdb_dual_port_compact_allocation_engine.$add$cap_pdb_dual_port_compact_engine.sv:178$4133_Y.
Removed top 4 bits (of 5) from wire cap_pdb_dual_port_compact_allocation_engine.$2\first_effect$func$cap_pdb_dual_port_compact_engine.sv:126$4087.$result[4:0]$5240.
Removed top 4 bits (of 5) from wire cap_pdb_dual_port_compact_allocation_engine.$2\first_effect$func$cap_pdb_dual_port_compact_engine.sv:124$4089.$result[4:0]$5403.
Removed top 4 bits (of 5) from wire cap_pdb_dual_port_compact_allocation_engine.$2\first_effect$func$cap_pdb_dual_port_compact_engine.sv:126$4090.$result[4:0]$5537.
Removed top 5 bits (of 24) from wire cap_pdb_dual_port_compact_allocation_engine.$add$cap_pdb_dual_port_compact_engine.sv:178$4130_Y.
Removed top 6 bits (of 24) from wire cap_pdb_dual_port_compact_allocation_engine.$add$cap_pdb_dual_port_compact_engine.sv:178$4127_Y.
Removed top 4 bits (of 5) from wire cap_pdb_dual_port_compact_allocation_engine.$2\first_effect$func$cap_pdb_dual_port_compact_engine.sv:124$4092.$result[4:0]$5700.
Removed top 4 bits (of 5) from wire cap_pdb_dual_port_compact_allocation_engine.$2\first_effect$func$cap_pdb_dual_port_compact_engine.sv:126$4093.$result[4:0]$5834.
Removed top 7 bits (of 24) from wire cap_pdb_dual_port_compact_allocation_engine.$add$cap_pdb_dual_port_compact_engine.sv:178$4124_Y.
Removed top 4 bits (of 5) from wire cap_pdb_dual_port_compact_allocation_engine.$2\first_effect$func$cap_pdb_dual_port_compact_engine.sv:124$4095.$result[4:0]$5997.
Removed top 4 bits (of 5) from wire cap_pdb_dual_port_compact_allocation_engine.$2\first_effect$func$cap_pdb_dual_port_compact_engine.sv:126$4096.$result[4:0]$6131.
Removed top 4 bits (of 5) from wire cap_pdb_dual_port_compact_allocation_engine.$2\first_effect$func$cap_pdb_dual_port_compact_engine.sv:124$4098.$result[4:0]$6294.
Removed top 4 bits (of 5) from wire cap_pdb_dual_port_compact_allocation_engine.$2\first_effect$func$cap_pdb_dual_port_compact_engine.sv:126$4099.$result[4:0]$6428.
Removed top 23 bits (of 32) from wire cap_pdb_dual_port_compact_allocation_engine.$add$cap_pdb_dual_port_compact_engine.sv:110$4116_Y.
Removed top 4 bits (of 5) from wire cap_pdb_dual_port_compact_allocation_engine.$2\first_effect$func$cap_pdb_dual_port_compact_engine.sv:124$4101.$result[4:0]$6591.
Removed top 4 bits (of 5) from wire cap_pdb_dual_port_compact_allocation_engine.$2\first_effect$func$cap_pdb_dual_port_compact_engine.sv:126$4102.$result[4:0]$6725.
Removed top 4 bits (of 5) from wire cap_pdb_dual_port_compact_allocation_engine.$2\first_effect$func$cap_pdb_dual_port_compact_engine.sv:124$4104.$result[4:0]$6888.
Removed top 4 bits (of 5) from wire cap_pdb_dual_port_compact_allocation_engine.$2\first_effect$func$cap_pdb_dual_port_compact_engine.sv:126$4105.$result[4:0]$7022.
Removed top 4 bits (of 5) from wire cap_pdb_dual_port_compact_allocation_engine.$2\first_effect$func$cap_pdb_dual_port_compact_engine.sv:124$4107.$result[4:0]$7185.
Removed top 4 bits (of 5) from wire cap_pdb_dual_port_compact_allocation_engine.$2\first_effect$func$cap_pdb_dual_port_compact_engine.sv:126$4108.$result[4:0]$7319.
Removed top 4 bits (of 5) from wire cap_pdb_dual_port_compact_allocation_engine.$2\first_effect$func$cap_pdb_dual_port_compact_engine.sv:124$4110.$result[4:0]$7482.
Removed top 4 bits (of 5) from wire cap_pdb_dual_port_compact_allocation_engine.$2\first_effect$func$cap_pdb_dual_port_compact_engine.sv:126$4111.$result[4:0]$7616.
Removed top 4 bits (of 5) from wire cap_pdb_dual_port_compact_allocation_engine.$2\first_effect$func$cap_pdb_dual_port_compact_engine.sv:124$4113.$result[4:0]$7779.
Removed top 4 bits (of 5) from wire cap_pdb_dual_port_compact_allocation_engine.$2\first_effect$func$cap_pdb_dual_port_compact_engine.sv:126$4114.$result[4:0]$7913.

5.14. Executing PEEPOPT pass (run peephole optimizers).

5.15. Executing OPT_CLEAN pass (remove unused cells and wires).
Finding unused cells or wires in module \cap_pdb_dual_port_compact_allocation_engine..
Finding unused cells or wires in module $paramod$3c933f59fd04475806c89d43d681470cb4a1a28b\cap_pdb_dual_read_bank..
Removed 0 unused cells and 35 unused wires.
<suppressed ~1 debug messages>

5.16. Executing PMUX2SHIFTX pass.

5.17. Executing SORT pass.

5.18. Executing MEMORY_DFF pass (merging $dff cells to $memrd).
Checking read port `\memory'[0] in module `$paramod$3c933f59fd04475806c89d43d681470cb4a1a28b\cap_pdb_dual_read_bank': merging output FF to cell.
    Write port 0: non-transparent.
Checking read port `\memory'[1] in module `$paramod$3c933f59fd04475806c89d43d681470cb4a1a28b\cap_pdb_dual_read_bank': merging output FF to cell.
    Write port 0: don't care on collision.

5.19. Executing TECHMAP pass (map to technology primitives).

5.19.1. Executing Verilog-2005 frontend: /share/mul2dsp.v
Parsing Verilog input from `/share/mul2dsp.v' to AST representation.
Generating RTLIL representation for module `\_80_mul'.
Generating RTLIL representation for module `\_90_soft_mul'.
Successfully finished Verilog frontend.

5.19.2. Executing Verilog-2005 frontend: /share/xilinx/xc7_dsp_map.v
Parsing Verilog input from `/share/xilinx/xc7_dsp_map.v' to AST representation.
Generating RTLIL representation for module `$__MUL25X18'.
Successfully finished Verilog frontend.

5.19.3. Continuing TECHMAP pass.
No more expansions possible.
<suppressed ~5 debug messages>

5.20. Executing OPT_EXPR pass (perform const folding).

5.21. Executing WREDUCE pass (reducing word size of cells).

5.22. Executing XILINX_DSP pass (pack resources into DSPs).

5.23. Executing TECHMAP pass (map to technology primitives).

5.23.1. Executing Verilog-2005 frontend: /share/cmp2lut.v
Parsing Verilog input from `/share/cmp2lut.v' to AST representation.
Generating RTLIL representation for module `\_90_lut_cmp_'.
Successfully finished Verilog frontend.

5.23.2. Executing Verilog-2005 frontend: /share/cmp2lcu.v
Parsing Verilog input from `/share/cmp2lcu.v' to AST representation.
Generating RTLIL representation for module `\_80_lcu_cmp_'.
Generating RTLIL representation for module `$__CMP2LCU'.
Successfully finished Verilog frontend.

5.23.3. Continuing TECHMAP pass.
Using template $paramod$259894106d2ad198d0d04618b21dd2497b1cfb96\_80_lcu_cmp_ for cells of type $lt.
Using template $paramod$7471c16ccde3ba74bc45d1b0191ea15669d59841\_80_lcu_cmp_ for cells of type $gt.
Using template $paramod$7ba114902243d21bd55ce01b611b70b410e2e654$__CMP2LCU for cells of type $__CMP2LCU.
Using template $paramod$31b1a571242f9f4829f81336a5502c11fcf7a47e$__CMP2LCU for cells of type $__CMP2LCU.
Using template $paramod$7122c373bb4ab1d7b945a769762d7fa3026e99fd$__CMP2LCU for cells of type $__CMP2LCU.
Using template $paramod$68e7ca95ca1d435d5aa6b2e401153157bceeb4a1$__CMP2LCU for cells of type $__CMP2LCU.
Using template $paramod$1ce9fe9e230307a292c219ac14dd22cc37330d2f$__CMP2LCU for cells of type $__CMP2LCU.
Using template $paramod$0de3d8274f0197fb77c79bd31785e7ea6542f21b$__CMP2LCU for cells of type $__CMP2LCU.
Using template $paramod$84911796413521a630725231ea17edc1fc0dcf02$__CMP2LCU for cells of type $__CMP2LCU.
Using template $paramod$5eb4a0dbaf2222b6ef39dcca85e4741982855102$__CMP2LCU for cells of type $__CMP2LCU.
Using template $paramod$7c1994b5db40c652af589ec588d8f67a62bd9380$__CMP2LCU for cells of type $__CMP2LCU.
Using template $paramod$a60672850351e0dbeb479fc7362697b4565fb452$__CMP2LCU for cells of type $__CMP2LCU.
Using template $paramod$9c853ba77d3a615418bb2553d15b3c214f8d2525$__CMP2LCU for cells of type $__CMP2LCU.
Using template $paramod$cec77f66a4d8897a287b98157b2c8a8e9c5f9dd0$__CMP2LCU for cells of type $__CMP2LCU.
Using template $paramod$8157e526e0cb4739ae7b3fdd730271b7acde68f0$__CMP2LCU for cells of type $__CMP2LCU.
Using template $paramod$58cbbacf63264ad79714b909f7dcafd3ccbc957c$__CMP2LCU for cells of type $__CMP2LCU.
Using template $paramod$3163fe788e80b2c48455a5eff67ff379a8db8576$__CMP2LCU for cells of type $__CMP2LCU.
Using template $paramod$eb3e785e88f4d5608f1252b704619f0d061620e9$__CMP2LCU for cells of type $__CMP2LCU.
Using template $paramod$f91eb00affa8600780b6c3973d8a69ce06d163df$__CMP2LCU for cells of type $__CMP2LCU.
Using template $paramod$c3f23b5bb0a3ce78bf2fdfe159e34ea69a3cb907$__CMP2LCU for cells of type $__CMP2LCU.
Using template $paramod$5b6ae47d72852e5de4f8381bc51b0a64939f86a0$__CMP2LCU for cells of type $__CMP2LCU.
Using template $paramod$8260b90de545e2d4ced5fd3634cc52b27f0c4454$__CMP2LCU for cells of type $__CMP2LCU.
Using template $paramod$62fadfd2b95ee4a1ee0b935e9b4ba08c94989766$__CMP2LCU for cells of type $__CMP2LCU.
Using template $paramod$958978196da32f112a582668a1d7787b67706636$__CMP2LCU for cells of type $__CMP2LCU.
No more expansions possible.
<suppressed ~1223 debug messages>

5.24. Executing ALUMACC pass (create $alu and $macc cells).
Extracting $alu and $macc cells in module $paramod$3c933f59fd04475806c89d43d681470cb4a1a28b\cap_pdb_dual_read_bank:
  created 0 $alu and 0 $macc cells.
Extracting $alu and $macc cells in module cap_pdb_dual_port_compact_allocation_engine:
  creating $macc model for $add$cap_pdb_dual_port_compact_engine.sv:151$4492 ($add).
  creating $macc model for $add$cap_pdb_dual_port_compact_engine.sv:151$4789 ($add).
  creating $macc model for $add$cap_pdb_dual_port_compact_engine.sv:151$5086 ($add).
  creating $macc model for $add$cap_pdb_dual_port_compact_engine.sv:151$5383 ($add).
  creating $macc model for $add$cap_pdb_dual_port_compact_engine.sv:151$5680 ($add).
  creating $macc model for $add$cap_pdb_dual_port_compact_engine.sv:151$5977 ($add).
  creating $macc model for $add$cap_pdb_dual_port_compact_engine.sv:151$6274 ($add).
  creating $macc model for $add$cap_pdb_dual_port_compact_engine.sv:151$6571 ($add).
  creating $macc model for $add$cap_pdb_dual_port_compact_engine.sv:151$6868 ($add).
  creating $macc model for $add$cap_pdb_dual_port_compact_engine.sv:151$7165 ($add).
  creating $macc model for $add$cap_pdb_dual_port_compact_engine.sv:151$7462 ($add).
  creating $macc model for $add$cap_pdb_dual_port_compact_engine.sv:151$7759 ($add).
  creating $macc model for $add$cap_pdb_dual_port_compact_engine.sv:151$8056 ($add).
  creating $macc model for $add$cap_pdb_dual_port_compact_engine.sv:154$4495 ($add).
  creating $macc model for $add$cap_pdb_dual_port_compact_engine.sv:154$4792 ($add).
  creating $macc model for $add$cap_pdb_dual_port_compact_engine.sv:154$5089 ($add).
  creating $macc model for $add$cap_pdb_dual_port_compact_engine.sv:154$5386 ($add).
  creating $macc model for $add$cap_pdb_dual_port_compact_engine.sv:154$5683 ($add).
  creating $macc model for $add$cap_pdb_dual_port_compact_engine.sv:154$5980 ($add).
  creating $macc model for $add$cap_pdb_dual_port_compact_engine.sv:154$6277 ($add).
  creating $macc model for $add$cap_pdb_dual_port_compact_engine.sv:154$6574 ($add).
  creating $macc model for $add$cap_pdb_dual_port_compact_engine.sv:154$6871 ($add).
  creating $macc model for $add$cap_pdb_dual_port_compact_engine.sv:154$7168 ($add).
  creating $macc model for $add$cap_pdb_dual_port_compact_engine.sv:154$7465 ($add).
  creating $macc model for $add$cap_pdb_dual_port_compact_engine.sv:154$7762 ($add).
  creating $macc model for $add$cap_pdb_dual_port_compact_engine.sv:154$8059 ($add).
  creating $macc model for $add$cap_pdb_dual_port_compact_engine.sv:178$4124 ($add).
  creating $macc model for $add$cap_pdb_dual_port_compact_engine.sv:178$4127 ($add).
  creating $macc model for $add$cap_pdb_dual_port_compact_engine.sv:178$4130 ($add).
  creating $macc model for $add$cap_pdb_dual_port_compact_engine.sv:178$4133 ($add).
  creating $macc model for $add$cap_pdb_dual_port_compact_engine.sv:178$4136 ($add).
  creating $macc model for $add$cap_pdb_dual_port_compact_engine.sv:178$4139 ($add).
  creating $macc model for $add$cap_pdb_dual_port_compact_engine.sv:178$4142 ($add).
  creating $macc model for $add$cap_pdb_dual_port_compact_engine.sv:178$4145 ($add).
  creating $macc model for $add$cap_pdb_dual_port_compact_engine.sv:178$4148 ($add).
  creating $macc model for $add$cap_pdb_dual_port_compact_engine.sv:178$4151 ($add).
  creating $macc model for $add$cap_pdb_dual_port_compact_engine.sv:178$4154 ($add).
  creating $macc model for $add$cap_pdb_dual_port_compact_engine.sv:178$4157 ($add).
  creating $macc model for $add$cap_pdb_dual_port_compact_engine.sv:200$4159 ($add).
  creating $macc model for $add$cap_pdb_dual_port_compact_engine.sv:110$4116 ($add).
  creating $macc model for $sub$cap_pdb_dual_port_compact_engine.sv:120$4199 ($sub).
  creating $macc model for $sub$cap_pdb_dual_port_compact_engine.sv:120$4496 ($sub).
  creating $macc model for $sub$cap_pdb_dual_port_compact_engine.sv:120$4793 ($sub).
  creating $macc model for $sub$cap_pdb_dual_port_compact_engine.sv:120$5090 ($sub).
  creating $macc model for $sub$cap_pdb_dual_port_compact_engine.sv:120$5387 ($sub).
  creating $macc model for $sub$cap_pdb_dual_port_compact_engine.sv:120$5684 ($sub).
  creating $macc model for $sub$cap_pdb_dual_port_compact_engine.sv:120$5981 ($sub).
  creating $macc model for $sub$cap_pdb_dual_port_compact_engine.sv:120$6278 ($sub).
  creating $macc model for $sub$cap_pdb_dual_port_compact_engine.sv:120$6575 ($sub).
  creating $macc model for $sub$cap_pdb_dual_port_compact_engine.sv:120$6872 ($sub).
  creating $macc model for $sub$cap_pdb_dual_port_compact_engine.sv:120$7169 ($sub).
  creating $macc model for $sub$cap_pdb_dual_port_compact_engine.sv:120$7466 ($sub).
  creating $macc model for $sub$cap_pdb_dual_port_compact_engine.sv:120$7763 ($sub).
  creating $macc model for $sub$cap_pdb_dual_port_compact_engine.sv:122$4201 ($sub).
  creating $macc model for $sub$cap_pdb_dual_port_compact_engine.sv:122$4498 ($sub).
  creating $macc model for $sub$cap_pdb_dual_port_compact_engine.sv:122$4795 ($sub).
  creating $macc model for $sub$cap_pdb_dual_port_compact_engine.sv:122$5092 ($sub).
  creating $macc model for $sub$cap_pdb_dual_port_compact_engine.sv:122$5389 ($sub).
  creating $macc model for $sub$cap_pdb_dual_port_compact_engine.sv:122$5686 ($sub).
  creating $macc model for $sub$cap_pdb_dual_port_compact_engine.sv:122$5983 ($sub).
  creating $macc model for $sub$cap_pdb_dual_port_compact_engine.sv:122$6280 ($sub).
  creating $macc model for $sub$cap_pdb_dual_port_compact_engine.sv:122$6577 ($sub).
  creating $macc model for $sub$cap_pdb_dual_port_compact_engine.sv:122$6874 ($sub).
  creating $macc model for $sub$cap_pdb_dual_port_compact_engine.sv:122$7171 ($sub).
  creating $macc model for $sub$cap_pdb_dual_port_compact_engine.sv:122$7468 ($sub).
  creating $macc model for $sub$cap_pdb_dual_port_compact_engine.sv:122$7765 ($sub).
  merging $macc model for $add$cap_pdb_dual_port_compact_engine.sv:178$4154 into $add$cap_pdb_dual_port_compact_engine.sv:178$4157.
  merging $macc model for $add$cap_pdb_dual_port_compact_engine.sv:178$4151 into $add$cap_pdb_dual_port_compact_engine.sv:178$4157.
  merging $macc model for $add$cap_pdb_dual_port_compact_engine.sv:178$4148 into $add$cap_pdb_dual_port_compact_engine.sv:178$4157.
  merging $macc model for $add$cap_pdb_dual_port_compact_engine.sv:178$4145 into $add$cap_pdb_dual_port_compact_engine.sv:178$4157.
  merging $macc model for $add$cap_pdb_dual_port_compact_engine.sv:178$4142 into $add$cap_pdb_dual_port_compact_engine.sv:178$4157.
  merging $macc model for $add$cap_pdb_dual_port_compact_engine.sv:178$4139 into $add$cap_pdb_dual_port_compact_engine.sv:178$4157.
  merging $macc model for $add$cap_pdb_dual_port_compact_engine.sv:178$4136 into $add$cap_pdb_dual_port_compact_engine.sv:178$4157.
  merging $macc model for $add$cap_pdb_dual_port_compact_engine.sv:178$4133 into $add$cap_pdb_dual_port_compact_engine.sv:178$4157.
  merging $macc model for $add$cap_pdb_dual_port_compact_engine.sv:178$4130 into $add$cap_pdb_dual_port_compact_engine.sv:178$4157.
  merging $macc model for $add$cap_pdb_dual_port_compact_engine.sv:178$4127 into $add$cap_pdb_dual_port_compact_engine.sv:178$4157.
  merging $macc model for $add$cap_pdb_dual_port_compact_engine.sv:178$4124 into $add$cap_pdb_dual_port_compact_engine.sv:178$4157.
  creating $alu model for $macc $sub$cap_pdb_dual_port_compact_engine.sv:122$4498.
  creating $alu model for $macc $sub$cap_pdb_dual_port_compact_engine.sv:122$4201.
  creating $alu model for $macc $sub$cap_pdb_dual_port_compact_engine.sv:120$7763.
  creating $alu model for $macc $sub$cap_pdb_dual_port_compact_engine.sv:120$7466.
  creating $alu model for $macc $sub$cap_pdb_dual_port_compact_engine.sv:120$7169.
  creating $alu model for $macc $sub$cap_pdb_dual_port_compact_engine.sv:120$6872.
  creating $alu model for $macc $sub$cap_pdb_dual_port_compact_engine.sv:120$6575.
  creating $alu model for $macc $sub$cap_pdb_dual_port_compact_engine.sv:120$6278.
  creating $alu model for $macc $sub$cap_pdb_dual_port_compact_engine.sv:120$5981.
  creating $alu model for $macc $sub$cap_pdb_dual_port_compact_engine.sv:120$5684.
  creating $alu model for $macc $sub$cap_pdb_dual_port_compact_engine.sv:120$5387.
  creating $alu model for $macc $sub$cap_pdb_dual_port_compact_engine.sv:120$5090.
  creating $alu model for $macc $sub$cap_pdb_dual_port_compact_engine.sv:120$4793.
  creating $alu model for $macc $sub$cap_pdb_dual_port_compact_engine.sv:120$4496.
  creating $alu model for $macc $sub$cap_pdb_dual_port_compact_engine.sv:120$4199.
  creating $alu model for $macc $add$cap_pdb_dual_port_compact_engine.sv:110$4116.
  creating $alu model for $macc $add$cap_pdb_dual_port_compact_engine.sv:200$4159.
  creating $alu model for $macc $sub$cap_pdb_dual_port_compact_engine.sv:122$4795.
  creating $alu model for $macc $sub$cap_pdb_dual_port_compact_engine.sv:122$5092.
  creating $alu model for $macc $sub$cap_pdb_dual_port_compact_engine.sv:122$5389.
  creating $alu model for $macc $sub$cap_pdb_dual_port_compact_engine.sv:122$5686.
  creating $alu model for $macc $sub$cap_pdb_dual_port_compact_engine.sv:122$5983.
  creating $alu model for $macc $sub$cap_pdb_dual_port_compact_engine.sv:122$6280.
  creating $alu model for $macc $sub$cap_pdb_dual_port_compact_engine.sv:122$6577.
  creating $alu model for $macc $sub$cap_pdb_dual_port_compact_engine.sv:122$6874.
  creating $alu model for $macc $sub$cap_pdb_dual_port_compact_engine.sv:122$7171.
  creating $alu model for $macc $sub$cap_pdb_dual_port_compact_engine.sv:122$7468.
  creating $alu model for $macc $sub$cap_pdb_dual_port_compact_engine.sv:122$7765.
  creating $alu model for $macc $add$cap_pdb_dual_port_compact_engine.sv:154$8059.
  creating $alu model for $macc $add$cap_pdb_dual_port_compact_engine.sv:154$7762.
  creating $alu model for $macc $add$cap_pdb_dual_port_compact_engine.sv:154$7465.
  creating $alu model for $macc $add$cap_pdb_dual_port_compact_engine.sv:154$7168.
  creating $alu model for $macc $add$cap_pdb_dual_port_compact_engine.sv:154$6871.
  creating $alu model for $macc $add$cap_pdb_dual_port_compact_engine.sv:154$6574.
  creating $alu model for $macc $add$cap_pdb_dual_port_compact_engine.sv:154$6277.
  creating $alu model for $macc $add$cap_pdb_dual_port_compact_engine.sv:154$5980.
  creating $alu model for $macc $add$cap_pdb_dual_port_compact_engine.sv:154$5683.
  creating $alu model for $macc $add$cap_pdb_dual_port_compact_engine.sv:154$5386.
  creating $alu model for $macc $add$cap_pdb_dual_port_compact_engine.sv:154$5089.
  creating $alu model for $macc $add$cap_pdb_dual_port_compact_engine.sv:154$4792.
  creating $alu model for $macc $add$cap_pdb_dual_port_compact_engine.sv:154$4495.
  creating $alu model for $macc $add$cap_pdb_dual_port_compact_engine.sv:151$8056.
  creating $alu model for $macc $add$cap_pdb_dual_port_compact_engine.sv:151$7759.
  creating $alu model for $macc $add$cap_pdb_dual_port_compact_engine.sv:151$7462.
  creating $alu model for $macc $add$cap_pdb_dual_port_compact_engine.sv:151$7165.
  creating $alu model for $macc $add$cap_pdb_dual_port_compact_engine.sv:151$6868.
  creating $alu model for $macc $add$cap_pdb_dual_port_compact_engine.sv:151$6571.
  creating $alu model for $macc $add$cap_pdb_dual_port_compact_engine.sv:151$6274.
  creating $alu model for $macc $add$cap_pdb_dual_port_compact_engine.sv:151$5977.
  creating $alu model for $macc $add$cap_pdb_dual_port_compact_engine.sv:151$5680.
  creating $alu model for $macc $add$cap_pdb_dual_port_compact_engine.sv:151$5383.
  creating $alu model for $macc $add$cap_pdb_dual_port_compact_engine.sv:151$5086.
  creating $alu model for $macc $add$cap_pdb_dual_port_compact_engine.sv:151$4789.
  creating $alu model for $macc $add$cap_pdb_dual_port_compact_engine.sv:151$4492.
  creating $macc cell for $add$cap_pdb_dual_port_compact_engine.sv:178$4157: $auto$alumacc.cc:382:replace_macc$16058
  creating $alu cell for $add$cap_pdb_dual_port_compact_engine.sv:151$4492: $auto$alumacc.cc:512:replace_alu$16059
  creating $alu cell for $add$cap_pdb_dual_port_compact_engine.sv:151$4789: $auto$alumacc.cc:512:replace_alu$16062
  creating $alu cell for $add$cap_pdb_dual_port_compact_engine.sv:151$5086: $auto$alumacc.cc:512:replace_alu$16065
  creating $alu cell for $add$cap_pdb_dual_port_compact_engine.sv:151$5383: $auto$alumacc.cc:512:replace_alu$16068
  creating $alu cell for $add$cap_pdb_dual_port_compact_engine.sv:151$5680: $auto$alumacc.cc:512:replace_alu$16071
  creating $alu cell for $add$cap_pdb_dual_port_compact_engine.sv:151$5977: $auto$alumacc.cc:512:replace_alu$16074
  creating $alu cell for $add$cap_pdb_dual_port_compact_engine.sv:151$6274: $auto$alumacc.cc:512:replace_alu$16077
  creating $alu cell for $add$cap_pdb_dual_port_compact_engine.sv:151$6571: $auto$alumacc.cc:512:replace_alu$16080
  creating $alu cell for $add$cap_pdb_dual_port_compact_engine.sv:151$6868: $auto$alumacc.cc:512:replace_alu$16083
  creating $alu cell for $add$cap_pdb_dual_port_compact_engine.sv:151$7165: $auto$alumacc.cc:512:replace_alu$16086
  creating $alu cell for $add$cap_pdb_dual_port_compact_engine.sv:151$7462: $auto$alumacc.cc:512:replace_alu$16089
  creating $alu cell for $add$cap_pdb_dual_port_compact_engine.sv:151$7759: $auto$alumacc.cc:512:replace_alu$16092
  creating $alu cell for $add$cap_pdb_dual_port_compact_engine.sv:151$8056: $auto$alumacc.cc:512:replace_alu$16095
  creating $alu cell for $add$cap_pdb_dual_port_compact_engine.sv:154$4495: $auto$alumacc.cc:512:replace_alu$16098
  creating $alu cell for $add$cap_pdb_dual_port_compact_engine.sv:154$4792: $auto$alumacc.cc:512:replace_alu$16101
  creating $alu cell for $add$cap_pdb_dual_port_compact_engine.sv:154$5089: $auto$alumacc.cc:512:replace_alu$16104
  creating $alu cell for $add$cap_pdb_dual_port_compact_engine.sv:154$5386: $auto$alumacc.cc:512:replace_alu$16107
  creating $alu cell for $add$cap_pdb_dual_port_compact_engine.sv:154$5683: $auto$alumacc.cc:512:replace_alu$16110
  creating $alu cell for $add$cap_pdb_dual_port_compact_engine.sv:154$5980: $auto$alumacc.cc:512:replace_alu$16113
  creating $alu cell for $add$cap_pdb_dual_port_compact_engine.sv:154$6277: $auto$alumacc.cc:512:replace_alu$16116
  creating $alu cell for $add$cap_pdb_dual_port_compact_engine.sv:154$6574: $auto$alumacc.cc:512:replace_alu$16119
  creating $alu cell for $add$cap_pdb_dual_port_compact_engine.sv:154$6871: $auto$alumacc.cc:512:replace_alu$16122
  creating $alu cell for $add$cap_pdb_dual_port_compact_engine.sv:154$7168: $auto$alumacc.cc:512:replace_alu$16125
  creating $alu cell for $add$cap_pdb_dual_port_compact_engine.sv:154$7465: $auto$alumacc.cc:512:replace_alu$16128
  creating $alu cell for $add$cap_pdb_dual_port_compact_engine.sv:154$7762: $auto$alumacc.cc:512:replace_alu$16131
  creating $alu cell for $add$cap_pdb_dual_port_compact_engine.sv:154$8059: $auto$alumacc.cc:512:replace_alu$16134
  creating $alu cell for $sub$cap_pdb_dual_port_compact_engine.sv:122$7765: $auto$alumacc.cc:512:replace_alu$16137
  creating $alu cell for $sub$cap_pdb_dual_port_compact_engine.sv:122$7468: $auto$alumacc.cc:512:replace_alu$16140
  creating $alu cell for $sub$cap_pdb_dual_port_compact_engine.sv:122$7171: $auto$alumacc.cc:512:replace_alu$16143
  creating $alu cell for $sub$cap_pdb_dual_port_compact_engine.sv:122$6874: $auto$alumacc.cc:512:replace_alu$16146
  creating $alu cell for $sub$cap_pdb_dual_port_compact_engine.sv:122$6577: $auto$alumacc.cc:512:replace_alu$16149
  creating $alu cell for $sub$cap_pdb_dual_port_compact_engine.sv:122$6280: $auto$alumacc.cc:512:replace_alu$16152
  creating $alu cell for $sub$cap_pdb_dual_port_compact_engine.sv:122$5983: $auto$alumacc.cc:512:replace_alu$16155
  creating $alu cell for $sub$cap_pdb_dual_port_compact_engine.sv:122$5686: $auto$alumacc.cc:512:replace_alu$16158
  creating $alu cell for $sub$cap_pdb_dual_port_compact_engine.sv:122$5389: $auto$alumacc.cc:512:replace_alu$16161
  creating $alu cell for $sub$cap_pdb_dual_port_compact_engine.sv:122$5092: $auto$alumacc.cc:512:replace_alu$16164
  creating $alu cell for $sub$cap_pdb_dual_port_compact_engine.sv:122$4795: $auto$alumacc.cc:512:replace_alu$16167
  creating $alu cell for $add$cap_pdb_dual_port_compact_engine.sv:200$4159: $auto$alumacc.cc:512:replace_alu$16170
  creating $alu cell for $add$cap_pdb_dual_port_compact_engine.sv:110$4116: $auto$alumacc.cc:512:replace_alu$16173
  creating $alu cell for $sub$cap_pdb_dual_port_compact_engine.sv:120$4199: $auto$alumacc.cc:512:replace_alu$16176
  creating $alu cell for $sub$cap_pdb_dual_port_compact_engine.sv:120$4496: $auto$alumacc.cc:512:replace_alu$16179
  creating $alu cell for $sub$cap_pdb_dual_port_compact_engine.sv:120$4793: $auto$alumacc.cc:512:replace_alu$16182
  creating $alu cell for $sub$cap_pdb_dual_port_compact_engine.sv:120$5090: $auto$alumacc.cc:512:replace_alu$16185
  creating $alu cell for $sub$cap_pdb_dual_port_compact_engine.sv:120$5387: $auto$alumacc.cc:512:replace_alu$16188
  creating $alu cell for $sub$cap_pdb_dual_port_compact_engine.sv:120$5684: $auto$alumacc.cc:512:replace_alu$16191
  creating $alu cell for $sub$cap_pdb_dual_port_compact_engine.sv:120$5981: $auto$alumacc.cc:512:replace_alu$16194
  creating $alu cell for $sub$cap_pdb_dual_port_compact_engine.sv:120$6278: $auto$alumacc.cc:512:replace_alu$16197
  creating $alu cell for $sub$cap_pdb_dual_port_compact_engine.sv:120$6575: $auto$alumacc.cc:512:replace_alu$16200
  creating $alu cell for $sub$cap_pdb_dual_port_compact_engine.sv:120$6872: $auto$alumacc.cc:512:replace_alu$16203
  creating $alu cell for $sub$cap_pdb_dual_port_compact_engine.sv:120$7169: $auto$alumacc.cc:512:replace_alu$16206
  creating $alu cell for $sub$cap_pdb_dual_port_compact_engine.sv:120$7466: $auto$alumacc.cc:512:replace_alu$16209
  creating $alu cell for $sub$cap_pdb_dual_port_compact_engine.sv:120$7763: $auto$alumacc.cc:512:replace_alu$16212
  creating $alu cell for $sub$cap_pdb_dual_port_compact_engine.sv:122$4201: $auto$alumacc.cc:512:replace_alu$16215
  creating $alu cell for $sub$cap_pdb_dual_port_compact_engine.sv:122$4498: $auto$alumacc.cc:512:replace_alu$16218
  created 54 $alu and 1 $macc cells.

5.25. Executing SHARE pass (SAT-based resource sharing).

5.26. Executing OPT pass (performing simple optimizations).

5.26.1. Executing OPT_EXPR pass (perform const folding).
Optimizing module $paramod$3c933f59fd04475806c89d43d681470cb4a1a28b\cap_pdb_dual_read_bank.
Optimizing module cap_pdb_dual_port_compact_allocation_engine.
<suppressed ~442 debug messages>

5.26.2. Executing OPT_MERGE pass (detect identical cells).
Finding identical cells in module `$paramod$3c933f59fd04475806c89d43d681470cb4a1a28b\cap_pdb_dual_read_bank'.
Computing hashes of 10 cells of `$paramod$3c933f59fd04475806c89d43d681470cb4a1a28b\cap_pdb_dual_read_bank'.
Finding duplicate cells in `$paramod$3c933f59fd04475806c89d43d681470cb4a1a28b\cap_pdb_dual_read_bank'.
Finding identical cells in module `\cap_pdb_dual_port_compact_allocation_engine'.
Computing hashes of 5731 cells of `\cap_pdb_dual_port_compact_allocation_engine'.
Finding duplicate cells in `\cap_pdb_dual_port_compact_allocation_engine'.
Removed a total of 0 cells.

5.26.3. Executing OPT_MUXTREE pass (detect dead branches in mux trees).
Running muxtree optimizer on module $paramod$3c933f59fd04475806c89d43d681470cb4a1a28b\cap_pdb_dual_read_bank..
  Creating internal representation of mux trees.
  Evaluating internal representation of mux trees.
  Analyzing evaluation results.
Running muxtree optimizer on module \cap_pdb_dual_port_compact_allocation_engine..
  Creating internal representation of mux trees.
  Evaluating internal representation of mux trees.
  Analyzing evaluation results.
Removed 0 multiplexer ports.
<suppressed ~2677 debug messages>

5.26.4. Executing OPT_REDUCE pass (consolidate $*mux and $reduce_* inputs).
  Optimizing cells in module $paramod$3c933f59fd04475806c89d43d681470cb4a1a28b\cap_pdb_dual_read_bank.
  Optimizing cells in module \cap_pdb_dual_port_compact_allocation_engine.
Performed a total of 0 changes.

5.26.5. Executing OPT_MERGE pass (detect identical cells).
Finding identical cells in module `$paramod$3c933f59fd04475806c89d43d681470cb4a1a28b\cap_pdb_dual_read_bank'.
Computing hashes of 10 cells of `$paramod$3c933f59fd04475806c89d43d681470cb4a1a28b\cap_pdb_dual_read_bank'.
Finding duplicate cells in `$paramod$3c933f59fd04475806c89d43d681470cb4a1a28b\cap_pdb_dual_read_bank'.
Finding identical cells in module `\cap_pdb_dual_port_compact_allocation_engine'.
Computing hashes of 5731 cells of `\cap_pdb_dual_port_compact_allocation_engine'.
Finding duplicate cells in `\cap_pdb_dual_port_compact_allocation_engine'.
Removed a total of 0 cells.

5.26.6. Executing OPT_DFF pass (perform DFF optimizations).

5.26.7. Executing OPT_CLEAN pass (remove unused cells and wires).
Finding unused cells or wires in module $paramod$3c933f59fd04475806c89d43d681470cb4a1a28b\cap_pdb_dual_read_bank..
Finding unused cells or wires in module \cap_pdb_dual_port_compact_allocation_engine..
Removed 13 unused cells and 5219 unused wires.
<suppressed ~15 debug messages>

5.26.8. Executing OPT_EXPR pass (perform const folding).
Optimizing module $paramod$3c933f59fd04475806c89d43d681470cb4a1a28b\cap_pdb_dual_read_bank.
Optimizing module cap_pdb_dual_port_compact_allocation_engine.

5.26.9. Rerunning OPT passes. (Maybe there is more to do..)

5.26.10. Executing OPT_MUXTREE pass (detect dead branches in mux trees).
Running muxtree optimizer on module $paramod$3c933f59fd04475806c89d43d681470cb4a1a28b\cap_pdb_dual_read_bank..
  Creating internal representation of mux trees.
  Evaluating internal representation of mux trees.
  Analyzing evaluation results.
Running muxtree optimizer on module \cap_pdb_dual_port_compact_allocation_engine..
  Creating internal representation of mux trees.
  Evaluating internal representation of mux trees.
  Analyzing evaluation results.
Removed 0 multiplexer ports.
<suppressed ~2677 debug messages>

5.26.11. Executing OPT_REDUCE pass (consolidate $*mux and $reduce_* inputs).
  Optimizing cells in module $paramod$3c933f59fd04475806c89d43d681470cb4a1a28b\cap_pdb_dual_read_bank.
  Optimizing cells in module \cap_pdb_dual_port_compact_allocation_engine.
Performed a total of 0 changes.

5.26.12. Executing OPT_MERGE pass (detect identical cells).
Finding identical cells in module `$paramod$3c933f59fd04475806c89d43d681470cb4a1a28b\cap_pdb_dual_read_bank'.
Computing hashes of 8 cells of `$paramod$3c933f59fd04475806c89d43d681470cb4a1a28b\cap_pdb_dual_read_bank'.
Finding duplicate cells in `$paramod$3c933f59fd04475806c89d43d681470cb4a1a28b\cap_pdb_dual_read_bank'.
Finding identical cells in module `\cap_pdb_dual_port_compact_allocation_engine'.
Computing hashes of 5720 cells of `\cap_pdb_dual_port_compact_allocation_engine'.
Finding duplicate cells in `\cap_pdb_dual_port_compact_allocation_engine'.
Removed a total of 0 cells.

5.26.13. Executing OPT_DFF pass (perform DFF optimizations).

5.26.14. Executing OPT_CLEAN pass (remove unused cells and wires).
Finding unused cells or wires in module $paramod$3c933f59fd04475806c89d43d681470cb4a1a28b\cap_pdb_dual_read_bank..
Finding unused cells or wires in module \cap_pdb_dual_port_compact_allocation_engine..

5.26.15. Executing OPT_EXPR pass (perform const folding).
Optimizing module $paramod$3c933f59fd04475806c89d43d681470cb4a1a28b\cap_pdb_dual_read_bank.
Optimizing module cap_pdb_dual_port_compact_allocation_engine.

5.26.16. Finished fast OPT passes. (There is nothing left to do.)

5.27. Executing MEMORY pass.

5.27.1. Executing OPT_MEM pass (optimize memories).
Performed a total of 0 transformations.

5.27.2. Executing OPT_MEM_PRIORITY pass (removing unnecessary memory write priority relations).
Performed a total of 0 transformations.

5.27.3. Executing OPT_MEM_FEEDBACK pass (finding memory read-to-write feedback paths).

5.27.4. Executing MEMORY_BMUX2ROM pass (converting muxes to ROMs).

5.27.5. Executing MEMORY_DFF pass (merging $dff cells to $memrd).

5.27.6. Executing OPT_CLEAN pass (remove unused cells and wires).
Finding unused cells or wires in module $paramod$3c933f59fd04475806c89d43d681470cb4a1a28b\cap_pdb_dual_read_bank..
Finding unused cells or wires in module \cap_pdb_dual_port_compact_allocation_engine..

5.27.7. Executing MEMORY_SHARE pass (consolidating $memrd/$memwr cells).
Consolidating read ports of memory $paramod$3c933f59fd04475806c89d43d681470cb4a1a28b\cap_pdb_dual_read_bank.memory by address:

5.27.8. Executing OPT_MEM_WIDEN pass (optimize memories where all ports are wide).
Performed a total of 0 transformations.

5.27.9. Executing OPT_CLEAN pass (remove unused cells and wires).
Finding unused cells or wires in module $paramod$3c933f59fd04475806c89d43d681470cb4a1a28b\cap_pdb_dual_read_bank..
Finding unused cells or wires in module \cap_pdb_dual_port_compact_allocation_engine..

5.27.10. Executing MEMORY_COLLECT pass (generating $mem cells).

5.28. Executing OPT_CLEAN pass (remove unused cells and wires).
Finding unused cells or wires in module $paramod$3c933f59fd04475806c89d43d681470cb4a1a28b\cap_pdb_dual_read_bank..
Finding unused cells or wires in module \cap_pdb_dual_port_compact_allocation_engine..

5.29. Executing MEMORY_LIBMAP pass (mapping memories to cells).
found attribute 'ram_style = block' on memory $paramod$3c933f59fd04475806c89d43d681470cb4a1a28b\cap_pdb_dual_read_bank.memory, forced mapping to block RAM
mapping memory $paramod$3c933f59fd04475806c89d43d681470cb4a1a28b\cap_pdb_dual_read_bank.memory via $__XILINX_BLOCKRAM_TDP_
<suppressed ~4959 debug messages>

5.30. Executing TECHMAP pass (map to technology primitives).

5.30.1. Executing Verilog-2005 frontend: /share/xilinx/lutrams_xc5v_map.v
Parsing Verilog input from `/share/xilinx/lutrams_xc5v_map.v' to AST representation.
Generating RTLIL representation for module `$__XILINX_LUTRAM_SP_'.
Generating RTLIL representation for module `$__XILINX_LUTRAM_DP_'.
Generating RTLIL representation for module `$__XILINX_LUTRAM_QP_'.
Generating RTLIL representation for module `$__XILINX_LUTRAM_OP_'.
Generating RTLIL representation for module `$__XILINX_LUTRAM_SDP_'.
Generating RTLIL representation for module `$__XILINX_LUTRAM_64X8SW_'.
Generating RTLIL representation for module `$__XILINX_LUTRAM_32X16DR8_'.
Successfully finished Verilog frontend.

5.30.2. Continuing TECHMAP pass.
No more expansions possible.
<suppressed ~9 debug messages>

5.31. Executing TECHMAP pass (map to technology primitives).

5.31.1. Executing Verilog-2005 frontend: /share/xilinx/brams_xc6v_map.v
Parsing Verilog input from `/share/xilinx/brams_xc6v_map.v' to AST representation.
Generating RTLIL representation for module `$__XILINX_BLOCKRAM_TDP_'.
Generating RTLIL representation for module `$__XILINX_BLOCKRAM_SDP_'.
Successfully finished Verilog frontend.

5.31.2. Continuing TECHMAP pass.
Using template $paramod$424caac0e00deaa06c05bbc4a8b749f34d8b7c30$__XILINX_BLOCKRAM_TDP_ for cells of type $__XILINX_BLOCKRAM_TDP_.
No more expansions possible.
<suppressed ~73 debug messages>

5.32. Executing OPT pass (performing simple optimizations).

5.32.1. Executing OPT_EXPR pass (perform const folding).
Optimizing module $paramod$3c933f59fd04475806c89d43d681470cb4a1a28b\cap_pdb_dual_read_bank.
<suppressed ~3 debug messages>
Optimizing module cap_pdb_dual_port_compact_allocation_engine.
<suppressed ~1149 debug messages>

5.32.2. Executing OPT_MERGE pass (detect identical cells).
Finding identical cells in module `$paramod$3c933f59fd04475806c89d43d681470cb4a1a28b\cap_pdb_dual_read_bank'.
Computing hashes of 30 cells of `$paramod$3c933f59fd04475806c89d43d681470cb4a1a28b\cap_pdb_dual_read_bank'.
Finding duplicate cells in `$paramod$3c933f59fd04475806c89d43d681470cb4a1a28b\cap_pdb_dual_read_bank'.
Computing hashes of 29 cells of `$paramod$3c933f59fd04475806c89d43d681470cb4a1a28b\cap_pdb_dual_read_bank'.
Finding duplicate cells in `$paramod$3c933f59fd04475806c89d43d681470cb4a1a28b\cap_pdb_dual_read_bank'.
<suppressed ~3 debug messages>
Finding identical cells in module `\cap_pdb_dual_port_compact_allocation_engine'.
Computing hashes of 5609 cells of `\cap_pdb_dual_port_compact_allocation_engine'.
Finding duplicate cells in `\cap_pdb_dual_port_compact_allocation_engine'.
Removed a total of 1 cells.

5.32.3. Executing OPT_DFF pass (perform DFF optimizations).

5.32.4. Executing OPT_CLEAN pass (remove unused cells and wires).
Finding unused cells or wires in module $paramod$3c933f59fd04475806c89d43d681470cb4a1a28b\cap_pdb_dual_read_bank..
Finding unused cells or wires in module \cap_pdb_dual_port_compact_allocation_engine..
Removed 0 unused cells and 684 unused wires.
<suppressed ~2 debug messages>

5.32.5. Finished fast OPT passes.

5.33. Executing MEMORY_MAP pass (converting memories to logic and flip-flops).

5.34. Executing OPT pass (performing simple optimizations).

5.34.1. Executing OPT_EXPR pass (perform const folding).
Optimizing module $paramod$3c933f59fd04475806c89d43d681470cb4a1a28b\cap_pdb_dual_read_bank.
Optimizing module cap_pdb_dual_port_compact_allocation_engine.
<suppressed ~1 debug messages>

5.34.2. Executing OPT_MERGE pass (detect identical cells).
Finding identical cells in module `$paramod$3c933f59fd04475806c89d43d681470cb4a1a28b\cap_pdb_dual_read_bank'.
Computing hashes of 29 cells of `$paramod$3c933f59fd04475806c89d43d681470cb4a1a28b\cap_pdb_dual_read_bank'.
Finding duplicate cells in `$paramod$3c933f59fd04475806c89d43d681470cb4a1a28b\cap_pdb_dual_read_bank'.
Finding identical cells in module `\cap_pdb_dual_port_compact_allocation_engine'.
Computing hashes of 5609 cells of `\cap_pdb_dual_port_compact_allocation_engine'.
Finding duplicate cells in `\cap_pdb_dual_port_compact_allocation_engine'.
Removed a total of 0 cells.

5.34.3. Executing OPT_MUXTREE pass (detect dead branches in mux trees).
Running muxtree optimizer on module $paramod$3c933f59fd04475806c89d43d681470cb4a1a28b\cap_pdb_dual_read_bank..
  Creating internal representation of mux trees.
  No muxes found in this module.
Running muxtree optimizer on module \cap_pdb_dual_port_compact_allocation_engine..
  Creating internal representation of mux trees.
  Evaluating internal representation of mux trees.
  Analyzing evaluation results.
Removed 0 multiplexer ports.
<suppressed ~969 debug messages>

5.34.4. Executing OPT_REDUCE pass (consolidate $*mux and $reduce_* inputs).
  Optimizing cells in module $paramod$3c933f59fd04475806c89d43d681470cb4a1a28b\cap_pdb_dual_read_bank.
  Optimizing cells in module \cap_pdb_dual_port_compact_allocation_engine.
    Consolidated identical input bits for $mux cell $procmux$10083:
      Old ports: A={ 4'0000 $2\first_effect$func$cap_pdb_dual_port_compact_engine.sv:126$4078.$result[4:0]$4349 }, B=5'00010, Y=$3\first_effect$func$cap_pdb_dual_port_compact_engine.sv:126$4078.$result[4:0]$4353
      New ports: A={ 1'0 $2\first_effect$func$cap_pdb_dual_port_compact_engine.sv:126$4078.$result[4:0]$4349 }, B=2'10, Y=$3\first_effect$func$cap_pdb_dual_port_compact_engine.sv:126$4078.$result[4:0]$4353 [1:0]
      New connections: $3\first_effect$func$cap_pdb_dual_port_compact_engine.sv:126$4078.$result[4:0]$4353 [4:2] = 3'000
    Consolidated identical input bits for $mux cell $procmux$10292:
      Old ports: A={ 4'0000 $2\first_effect$func$cap_pdb_dual_port_compact_engine.sv:124$4080.$result[4:0]$4512 }, B=5'00010, Y=$3\first_effect$func$cap_pdb_dual_port_compact_engine.sv:124$4080.$result[4:0]$4516
      New ports: A={ 1'0 $2\first_effect$func$cap_pdb_dual_port_compact_engine.sv:124$4080.$result[4:0]$4512 }, B=2'10, Y=$3\first_effect$func$cap_pdb_dual_port_compact_engine.sv:124$4080.$result[4:0]$4516 [1:0]
      New connections: $3\first_effect$func$cap_pdb_dual_port_compact_engine.sv:124$4080.$result[4:0]$4516 [4:2] = 3'000
    Consolidated identical input bits for $mux cell $procmux$10483:
      Old ports: A={ 4'0000 $2\first_effect$func$cap_pdb_dual_port_compact_engine.sv:126$4081.$result[4:0]$4646 }, B=5'00010, Y=$3\first_effect$func$cap_pdb_dual_port_compact_engine.sv:126$4081.$result[4:0]$4650
      New ports: A={ 1'0 $2\first_effect$func$cap_pdb_dual_port_compact_engine.sv:126$4081.$result[4:0]$4646 }, B=2'10, Y=$3\first_effect$func$cap_pdb_dual_port_compact_engine.sv:126$4081.$result[4:0]$4650 [1:0]
      New connections: $3\first_effect$func$cap_pdb_dual_port_compact_engine.sv:126$4081.$result[4:0]$4650 [4:2] = 3'000
    Consolidated identical input bits for $mux cell $procmux$10692:
      Old ports: A={ 4'0000 $2\first_effect$func$cap_pdb_dual_port_compact_engine.sv:124$4083.$result[4:0]$4809 }, B=5'00010, Y=$3\first_effect$func$cap_pdb_dual_port_compact_engine.sv:124$4083.$result[4:0]$4813
      New ports: A={ 1'0 $2\first_effect$func$cap_pdb_dual_port_compact_engine.sv:124$4083.$result[4:0]$4809 }, B=2'10, Y=$3\first_effect$func$cap_pdb_dual_port_compact_engine.sv:124$4083.$result[4:0]$4813 [1:0]
      New connections: $3\first_effect$func$cap_pdb_dual_port_compact_engine.sv:124$4083.$result[4:0]$4813 [4:2] = 3'000
    Consolidated identical input bits for $mux cell $procmux$10883:
      Old ports: A={ 4'0000 $2\first_effect$func$cap_pdb_dual_port_compact_engine.sv:126$4084.$result[4:0]$4943 }, B=5'00010, Y=$3\first_effect$func$cap_pdb_dual_port_compact_engine.sv:126$4084.$result[4:0]$4947
      New ports: A={ 1'0 $2\first_effect$func$cap_pdb_dual_port_compact_engine.sv:126$4084.$result[4:0]$4943 }, B=2'10, Y=$3\first_effect$func$cap_pdb_dual_port_compact_engine.sv:126$4084.$result[4:0]$4947 [1:0]
      New connections: $3\first_effect$func$cap_pdb_dual_port_compact_engine.sv:126$4084.$result[4:0]$4947 [4:2] = 3'000
    Consolidated identical input bits for $mux cell $procmux$11092:
      Old ports: A={ 4'0000 $2\first_effect$func$cap_pdb_dual_port_compact_engine.sv:124$4086.$result[4:0]$5106 }, B=5'00010, Y=$3\first_effect$func$cap_pdb_dual_port_compact_engine.sv:124$4086.$result[4:0]$5110
      New ports: A={ 1'0 $2\first_effect$func$cap_pdb_dual_port_compact_engine.sv:124$4086.$result[4:0]$5106 }, B=2'10, Y=$3\first_effect$func$cap_pdb_dual_port_compact_engine.sv:124$4086.$result[4:0]$5110 [1:0]
      New connections: $3\first_effect$func$cap_pdb_dual_port_compact_engine.sv:124$4086.$result[4:0]$5110 [4:2] = 3'000
    Consolidated identical input bits for $mux cell $procmux$11283:
      Old ports: A={ 4'0000 $2\first_effect$func$cap_pdb_dual_port_compact_engine.sv:126$4087.$result[4:0]$5240 }, B=5'00010, Y=$3\first_effect$func$cap_pdb_dual_port_compact_engine.sv:126$4087.$result[4:0]$5244
      New ports: A={ 1'0 $2\first_effect$func$cap_pdb_dual_port_compact_engine.sv:126$4087.$result[4:0]$5240 }, B=2'10, Y=$3\first_effect$func$cap_pdb_dual_port_compact_engine.sv:126$4087.$result[4:0]$5244 [1:0]
      New connections: $3\first_effect$func$cap_pdb_dual_port_compact_engine.sv:126$4087.$result[4:0]$5244 [4:2] = 3'000
    Consolidated identical input bits for $mux cell $procmux$11492:
      Old ports: A={ 4'0000 $2\first_effect$func$cap_pdb_dual_port_compact_engine.sv:124$4089.$result[4:0]$5403 }, B=5'00010, Y=$3\first_effect$func$cap_pdb_dual_port_compact_engine.sv:124$4089.$result[4:0]$5407
      New ports: A={ 1'0 $2\first_effect$func$cap_pdb_dual_port_compact_engine.sv:124$4089.$result[4:0]$5403 }, B=2'10, Y=$3\first_effect$func$cap_pdb_dual_port_compact_engine.sv:124$4089.$result[4:0]$5407 [1:0]
      New connections: $3\first_effect$func$cap_pdb_dual_port_compact_engine.sv:124$4089.$result[4:0]$5407 [4:2] = 3'000
    Consolidated identical input bits for $mux cell $procmux$11683:
      Old ports: A={ 4'0000 $2\first_effect$func$cap_pdb_dual_port_compact_engine.sv:126$4090.$result[4:0]$5537 }, B=5'00010, Y=$3\first_effect$func$cap_pdb_dual_port_compact_engine.sv:126$4090.$result[4:0]$5541
      New ports: A={ 1'0 $2\first_effect$func$cap_pdb_dual_port_compact_engine.sv:126$4090.$result[4:0]$5537 }, B=2'10, Y=$3\first_effect$func$cap_pdb_dual_port_compact_engine.sv:126$4090.$result[4:0]$5541 [1:0]
      New connections: $3\first_effect$func$cap_pdb_dual_port_compact_engine.sv:126$4090.$result[4:0]$5541 [4:2] = 3'000
    Consolidated identical input bits for $mux cell $procmux$11892:
      Old ports: A={ 4'0000 $2\first_effect$func$cap_pdb_dual_port_compact_engine.sv:124$4092.$result[4:0]$5700 }, B=5'00010, Y=$3\first_effect$func$cap_pdb_dual_port_compact_engine.sv:124$4092.$result[4:0]$5704
      New ports: A={ 1'0 $2\first_effect$func$cap_pdb_dual_port_compact_engine.sv:124$4092.$result[4:0]$5700 }, B=2'10, Y=$3\first_effect$func$cap_pdb_dual_port_compact_engine.sv:124$4092.$result[4:0]$5704 [1:0]
      New connections: $3\first_effect$func$cap_pdb_dual_port_compact_engine.sv:124$4092.$result[4:0]$5704 [4:2] = 3'000
    Consolidated identical input bits for $mux cell $procmux$12083:
      Old ports: A={ 4'0000 $2\first_effect$func$cap_pdb_dual_port_compact_engine.sv:126$4093.$result[4:0]$5834 }, B=5'00010, Y=$3\first_effect$func$cap_pdb_dual_port_compact_engine.sv:126$4093.$result[4:0]$5838
      New ports: A={ 1'0 $2\first_effect$func$cap_pdb_dual_port_compact_engine.sv:126$4093.$result[4:0]$5834 }, B=2'10, Y=$3\first_effect$func$cap_pdb_dual_port_compact_engine.sv:126$4093.$result[4:0]$5838 [1:0]
      New connections: $3\first_effect$func$cap_pdb_dual_port_compact_engine.sv:126$4093.$result[4:0]$5838 [4:2] = 3'000
    Consolidated identical input bits for $mux cell $procmux$12292:
      Old ports: A={ 4'0000 $2\first_effect$func$cap_pdb_dual_port_compact_engine.sv:124$4095.$result[4:0]$5997 }, B=5'00010, Y=$3\first_effect$func$cap_pdb_dual_port_compact_engine.sv:124$4095.$result[4:0]$6001
      New ports: A={ 1'0 $2\first_effect$func$cap_pdb_dual_port_compact_engine.sv:124$4095.$result[4:0]$5997 }, B=2'10, Y=$3\first_effect$func$cap_pdb_dual_port_compact_engine.sv:124$4095.$result[4:0]$6001 [1:0]
      New connections: $3\first_effect$func$cap_pdb_dual_port_compact_engine.sv:124$4095.$result[4:0]$6001 [4:2] = 3'000
    Consolidated identical input bits for $mux cell $procmux$12483:
      Old ports: A={ 4'0000 $2\first_effect$func$cap_pdb_dual_port_compact_engine.sv:126$4096.$result[4:0]$6131 }, B=5'00010, Y=$3\first_effect$func$cap_pdb_dual_port_compact_engine.sv:126$4096.$result[4:0]$6135
      New ports: A={ 1'0 $2\first_effect$func$cap_pdb_dual_port_compact_engine.sv:126$4096.$result[4:0]$6131 }, B=2'10, Y=$3\first_effect$func$cap_pdb_dual_port_compact_engine.sv:126$4096.$result[4:0]$6135 [1:0]
      New connections: $3\first_effect$func$cap_pdb_dual_port_compact_engine.sv:126$4096.$result[4:0]$6135 [4:2] = 3'000
    Consolidated identical input bits for $mux cell $procmux$12692:
      Old ports: A={ 4'0000 $2\first_effect$func$cap_pdb_dual_port_compact_engine.sv:124$4098.$result[4:0]$6294 }, B=5'00010, Y=$3\first_effect$func$cap_pdb_dual_port_compact_engine.sv:124$4098.$result[4:0]$6298
      New ports: A={ 1'0 $2\first_effect$func$cap_pdb_dual_port_compact_engine.sv:124$4098.$result[4:0]$6294 }, B=2'10, Y=$3\first_effect$func$cap_pdb_dual_port_compact_engine.sv:124$4098.$result[4:0]$6298 [1:0]
      New connections: $3\first_effect$func$cap_pdb_dual_port_compact_engine.sv:124$4098.$result[4:0]$6298 [4:2] = 3'000
    Consolidated identical input bits for $mux cell $procmux$12883:
      Old ports: A={ 4'0000 $2\first_effect$func$cap_pdb_dual_port_compact_engine.sv:126$4099.$result[4:0]$6428 }, B=5'00010, Y=$3\first_effect$func$cap_pdb_dual_port_compact_engine.sv:126$4099.$result[4:0]$6432
      New ports: A={ 1'0 $2\first_effect$func$cap_pdb_dual_port_compact_engine.sv:126$4099.$result[4:0]$6428 }, B=2'10, Y=$3\first_effect$func$cap_pdb_dual_port_compact_engine.sv:126$4099.$result[4:0]$6432 [1:0]
      New connections: $3\first_effect$func$cap_pdb_dual_port_compact_engine.sv:126$4099.$result[4:0]$6432 [4:2] = 3'000
    Consolidated identical input bits for $mux cell $procmux$13092:
      Old ports: A={ 4'0000 $2\first_effect$func$cap_pdb_dual_port_compact_engine.sv:124$4101.$result[4:0]$6591 }, B=5'00010, Y=$3\first_effect$func$cap_pdb_dual_port_compact_engine.sv:124$4101.$result[4:0]$6595
      New ports: A={ 1'0 $2\first_effect$func$cap_pdb_dual_port_compact_engine.sv:124$4101.$result[4:0]$6591 }, B=2'10, Y=$3\first_effect$func$cap_pdb_dual_port_compact_engine.sv:124$4101.$result[4:0]$6595 [1:0]
      New connections: $3\first_effect$func$cap_pdb_dual_port_compact_engine.sv:124$4101.$result[4:0]$6595 [4:2] = 3'000
    Consolidated identical input bits for $mux cell $procmux$13283:
      Old ports: A={ 4'0000 $2\first_effect$func$cap_pdb_dual_port_compact_engine.sv:126$4102.$result[4:0]$6725 }, B=5'00010, Y=$3\first_effect$func$cap_pdb_dual_port_compact_engine.sv:126$4102.$result[4:0]$6729
      New ports: A={ 1'0 $2\first_effect$func$cap_pdb_dual_port_compact_engine.sv:126$4102.$result[4:0]$6725 }, B=2'10, Y=$3\first_effect$func$cap_pdb_dual_port_compact_engine.sv:126$4102.$result[4:0]$6729 [1:0]
      New connections: $3\first_effect$func$cap_pdb_dual_port_compact_engine.sv:126$4102.$result[4:0]$6729 [4:2] = 3'000
    Consolidated identical input bits for $mux cell $procmux$13492:
      Old ports: A={ 4'0000 $2\first_effect$func$cap_pdb_dual_port_compact_engine.sv:124$4104.$result[4:0]$6888 }, B=5'00010, Y=$3\first_effect$func$cap_pdb_dual_port_compact_engine.sv:124$4104.$result[4:0]$6892
      New ports: A={ 1'0 $2\first_effect$func$cap_pdb_dual_port_compact_engine.sv:124$4104.$result[4:0]$6888 }, B=2'10, Y=$3\first_effect$func$cap_pdb_dual_port_compact_engine.sv:124$4104.$result[4:0]$6892 [1:0]
      New connections: $3\first_effect$func$cap_pdb_dual_port_compact_engine.sv:124$4104.$result[4:0]$6892 [4:2] = 3'000
    Consolidated identical input bits for $mux cell $procmux$13683:
      Old ports: A={ 4'0000 $2\first_effect$func$cap_pdb_dual_port_compact_engine.sv:126$4105.$result[4:0]$7022 }, B=5'00010, Y=$3\first_effect$func$cap_pdb_dual_port_compact_engine.sv:126$4105.$result[4:0]$7026
      New ports: A={ 1'0 $2\first_effect$func$cap_pdb_dual_port_compact_engine.sv:126$4105.$result[4:0]$7022 }, B=2'10, Y=$3\first_effect$func$cap_pdb_dual_port_compact_engine.sv:126$4105.$result[4:0]$7026 [1:0]
      New connections: $3\first_effect$func$cap_pdb_dual_port_compact_engine.sv:126$4105.$result[4:0]$7026 [4:2] = 3'000
    Consolidated identical input bits for $mux cell $procmux$13892:
      Old ports: A={ 4'0000 $2\first_effect$func$cap_pdb_dual_port_compact_engine.sv:124$4107.$result[4:0]$7185 }, B=5'00010, Y=$3\first_effect$func$cap_pdb_dual_port_compact_engine.sv:124$4107.$result[4:0]$7189
      New ports: A={ 1'0 $2\first_effect$func$cap_pdb_dual_port_compact_engine.sv:124$4107.$result[4:0]$7185 }, B=2'10, Y=$3\first_effect$func$cap_pdb_dual_port_compact_engine.sv:124$4107.$result[4:0]$7189 [1:0]
      New connections: $3\first_effect$func$cap_pdb_dual_port_compact_engine.sv:124$4107.$result[4:0]$7189 [4:2] = 3'000
    Consolidated identical input bits for $mux cell $procmux$14083:
      Old ports: A={ 4'0000 $2\first_effect$func$cap_pdb_dual_port_compact_engine.sv:126$4108.$result[4:0]$7319 }, B=5'00010, Y=$3\first_effect$func$cap_pdb_dual_port_compact_engine.sv:126$4108.$result[4:0]$7323
      New ports: A={ 1'0 $2\first_effect$func$cap_pdb_dual_port_compact_engine.sv:126$4108.$result[4:0]$7319 }, B=2'10, Y=$3\first_effect$func$cap_pdb_dual_port_compact_engine.sv:126$4108.$result[4:0]$7323 [1:0]
      New connections: $3\first_effect$func$cap_pdb_dual_port_compact_engine.sv:126$4108.$result[4:0]$7323 [4:2] = 3'000
    Consolidated identical input bits for $mux cell $procmux$14292:
      Old ports: A={ 4'0000 $2\first_effect$func$cap_pdb_dual_port_compact_engine.sv:124$4110.$result[4:0]$7482 }, B=5'00010, Y=$3\first_effect$func$cap_pdb_dual_port_compact_engine.sv:124$4110.$result[4:0]$7486
      New ports: A={ 1'0 $2\first_effect$func$cap_pdb_dual_port_compact_engine.sv:124$4110.$result[4:0]$7482 }, B=2'10, Y=$3\first_effect$func$cap_pdb_dual_port_compact_engine.sv:124$4110.$result[4:0]$7486 [1:0]
      New connections: $3\first_effect$func$cap_pdb_dual_port_compact_engine.sv:124$4110.$result[4:0]$7486 [4:2] = 3'000
    Consolidated identical input bits for $mux cell $procmux$14483:
      Old ports: A={ 4'0000 $2\first_effect$func$cap_pdb_dual_port_compact_engine.sv:126$4111.$result[4:0]$7616 }, B=5'00010, Y=$3\first_effect$func$cap_pdb_dual_port_compact_engine.sv:126$4111.$result[4:0]$7620
      New ports: A={ 1'0 $2\first_effect$func$cap_pdb_dual_port_compact_engine.sv:126$4111.$result[4:0]$7616 }, B=2'10, Y=$3\first_effect$func$cap_pdb_dual_port_compact_engine.sv:126$4111.$result[4:0]$7620 [1:0]
      New connections: $3\first_effect$func$cap_pdb_dual_port_compact_engine.sv:126$4111.$result[4:0]$7620 [4:2] = 3'000
    Consolidated identical input bits for $mux cell $procmux$14692:
      Old ports: A={ 4'0000 $2\first_effect$func$cap_pdb_dual_port_compact_engine.sv:124$4113.$result[4:0]$7779 }, B=5'00010, Y=$3\first_effect$func$cap_pdb_dual_port_compact_engine.sv:124$4113.$result[4:0]$7783
      New ports: A={ 1'0 $2\first_effect$func$cap_pdb_dual_port_compact_engine.sv:124$4113.$result[4:0]$7779 }, B=2'10, Y=$3\first_effect$func$cap_pdb_dual_port_compact_engine.sv:124$4113.$result[4:0]$7783 [1:0]
      New connections: $3\first_effect$func$cap_pdb_dual_port_compact_engine.sv:124$4113.$result[4:0]$7783 [4:2] = 3'000
    Consolidated identical input bits for $mux cell $procmux$14883:
      Old ports: A={ 4'0000 $2\first_effect$func$cap_pdb_dual_port_compact_engine.sv:126$4114.$result[4:0]$7913 }, B=5'00010, Y=$3\first_effect$func$cap_pdb_dual_port_compact_engine.sv:126$4114.$result[4:0]$7917
      New ports: A={ 1'0 $2\first_effect$func$cap_pdb_dual_port_compact_engine.sv:126$4114.$result[4:0]$7913 }, B=2'10, Y=$3\first_effect$func$cap_pdb_dual_port_compact_engine.sv:126$4114.$result[4:0]$7917 [1:0]
      New connections: $3\first_effect$func$cap_pdb_dual_port_compact_engine.sv:126$4114.$result[4:0]$7917 [4:2] = 3'000
    Consolidated identical input bits for $mux cell $procmux$9892:
      Old ports: A={ 4'0000 $2\first_effect$func$cap_pdb_dual_port_compact_engine.sv:124$4077.$result[4:0]$4215 }, B=5'00010, Y=$3\first_effect$func$cap_pdb_dual_port_compact_engine.sv:124$4077.$result[4:0]$4219
      New ports: A={ 1'0 $2\first_effect$func$cap_pdb_dual_port_compact_engine.sv:124$4077.$result[4:0]$4215 }, B=2'10, Y=$3\first_effect$func$cap_pdb_dual_port_compact_engine.sv:124$4077.$result[4:0]$4219 [1:0]
      New connections: $3\first_effect$func$cap_pdb_dual_port_compact_engine.sv:124$4077.$result[4:0]$4219 [4:2] = 3'000
  Optimizing cells in module \cap_pdb_dual_port_compact_allocation_engine.
    Consolidated identical input bits for $mux cell $procmux$10077:
      Old ports: A=$3\first_effect$func$cap_pdb_dual_port_compact_engine.sv:126$4078.$result[4:0]$4353, B=5'00011, Y=$4\first_effect$func$cap_pdb_dual_port_compact_engine.sv:126$4078.$result[4:0]$4357
      New ports: A=$3\first_effect$func$cap_pdb_dual_port_compact_engine.sv:126$4078.$result[4:0]$4353 [1:0], B=2'11, Y=$4\first_effect$func$cap_pdb_dual_port_compact_engine.sv:126$4078.$result[4:0]$4357 [1:0]
      New connections: $4\first_effect$func$cap_pdb_dual_port_compact_engine.sv:126$4078.$result[4:0]$4357 [4:2] = 3'000
    Consolidated identical input bits for $mux cell $procmux$10286:
      Old ports: A=$3\first_effect$func$cap_pdb_dual_port_compact_engine.sv:124$4080.$result[4:0]$4516, B=5'00011, Y=$4\first_effect$func$cap_pdb_dual_port_compact_engine.sv:124$4080.$result[4:0]$4520
      New ports: A=$3\first_effect$func$cap_pdb_dual_port_compact_engine.sv:124$4080.$result[4:0]$4516 [1:0], B=2'11, Y=$4\first_effect$func$cap_pdb_dual_port_compact_engine.sv:124$4080.$result[4:0]$4520 [1:0]
      New connections: $4\first_effect$func$cap_pdb_dual_port_compact_engine.sv:124$4080.$result[4:0]$4520 [4:2] = 3'000
    Consolidated identical input bits for $mux cell $procmux$10477:
      Old ports: A=$3\first_effect$func$cap_pdb_dual_port_compact_engine.sv:126$4081.$result[4:0]$4650, B=5'00011, Y=$4\first_effect$func$cap_pdb_dual_port_compact_engine.sv:126$4081.$result[4:0]$4654
      New ports: A=$3\first_effect$func$cap_pdb_dual_port_compact_engine.sv:126$4081.$result[4:0]$4650 [1:0], B=2'11, Y=$4\first_effect$func$cap_pdb_dual_port_compact_engine.sv:126$4081.$result[4:0]$4654 [1:0]
      New connections: $4\first_effect$func$cap_pdb_dual_port_compact_engine.sv:126$4081.$result[4:0]$4654 [4:2] = 3'000
    Consolidated identical input bits for $mux cell $procmux$10686:
      Old ports: A=$3\first_effect$func$cap_pdb_dual_port_compact_engine.sv:124$4083.$result[4:0]$4813, B=5'00011, Y=$4\first_effect$func$cap_pdb_dual_port_compact_engine.sv:124$4083.$result[4:0]$4817
      New ports: A=$3\first_effect$func$cap_pdb_dual_port_compact_engine.sv:124$4083.$result[4:0]$4813 [1:0], B=2'11, Y=$4\first_effect$func$cap_pdb_dual_port_compact_engine.sv:124$4083.$result[4:0]$4817 [1:0]
      New connections: $4\first_effect$func$cap_pdb_dual_port_compact_engine.sv:124$4083.$result[4:0]$4817 [4:2] = 3'000
    Consolidated identical input bits for $mux cell $procmux$10877:
      Old ports: A=$3\first_effect$func$cap_pdb_dual_port_compact_engine.sv:126$4084.$result[4:0]$4947, B=5'00011, Y=$4\first_effect$func$cap_pdb_dual_port_compact_engine.sv:126$4084.$result[4:0]$4951
      New ports: A=$3\first_effect$func$cap_pdb_dual_port_compact_engine.sv:126$4084.$result[4:0]$4947 [1:0], B=2'11, Y=$4\first_effect$func$cap_pdb_dual_port_compact_engine.sv:126$4084.$result[4:0]$4951 [1:0]
      New connections: $4\first_effect$func$cap_pdb_dual_port_compact_engine.sv:126$4084.$result[4:0]$4951 [4:2] = 3'000
    Consolidated identical input bits for $mux cell $procmux$11086:
      Old ports: A=$3\first_effect$func$cap_pdb_dual_port_compact_engine.sv:124$4086.$result[4:0]$5110, B=5'00011, Y=$4\first_effect$func$cap_pdb_dual_port_compact_engine.sv:124$4086.$result[4:0]$5114
      New ports: A=$3\first_effect$func$cap_pdb_dual_port_compact_engine.sv:124$4086.$result[4:0]$5110 [1:0], B=2'11, Y=$4\first_effect$func$cap_pdb_dual_port_compact_engine.sv:124$4086.$result[4:0]$5114 [1:0]
      New connections: $4\first_effect$func$cap_pdb_dual_port_compact_engine.sv:124$4086.$result[4:0]$5114 [4:2] = 3'000
    Consolidated identical input bits for $mux cell $procmux$11277:
      Old ports: A=$3\first_effect$func$cap_pdb_dual_port_compact_engine.sv:126$4087.$result[4:0]$5244, B=5'00011, Y=$4\first_effect$func$cap_pdb_dual_port_compact_engine.sv:126$4087.$result[4:0]$5248
      New ports: A=$3\first_effect$func$cap_pdb_dual_port_compact_engine.sv:126$4087.$result[4:0]$5244 [1:0], B=2'11, Y=$4\first_effect$func$cap_pdb_dual_port_compact_engine.sv:126$4087.$result[4:0]$5248 [1:0]
      New connections: $4\first_effect$func$cap_pdb_dual_port_compact_engine.sv:126$4087.$result[4:0]$5248 [4:2] = 3'000
    Consolidated identical input bits for $mux cell $procmux$11486:
      Old ports: A=$3\first_effect$func$cap_pdb_dual_port_compact_engine.sv:124$4089.$result[4:0]$5407, B=5'00011, Y=$4\first_effect$func$cap_pdb_dual_port_compact_engine.sv:124$4089.$result[4:0]$5411
      New ports: A=$3\first_effect$func$cap_pdb_dual_port_compact_engine.sv:124$4089.$result[4:0]$5407 [1:0], B=2'11, Y=$4\first_effect$func$cap_pdb_dual_port_compact_engine.sv:124$4089.$result[4:0]$5411 [1:0]
      New connections: $4\first_effect$func$cap_pdb_dual_port_compact_engine.sv:124$4089.$result[4:0]$5411 [4:2] = 3'000
    Consolidated identical input bits for $mux cell $procmux$11677:
      Old ports: A=$3\first_effect$func$cap_pdb_dual_port_compact_engine.sv:126$4090.$result[4:0]$5541, B=5'00011, Y=$4\first_effect$func$cap_pdb_dual_port_compact_engine.sv:126$4090.$result[4:0]$5545
      New ports: A=$3\first_effect$func$cap_pdb_dual_port_compact_engine.sv:126$4090.$result[4:0]$5541 [1:0], B=2'11, Y=$4\first_effect$func$cap_pdb_dual_port_compact_engine.sv:126$4090.$result[4:0]$5545 [1:0]
      New connections: $4\first_effect$func$cap_pdb_dual_port_compact_engine.sv:126$4090.$result[4:0]$5545 [4:2] = 3'000
    Consolidated identical input bits for $mux cell $procmux$11886:
      Old ports: A=$3\first_effect$func$cap_pdb_dual_port_compact_engine.sv:124$4092.$result[4:0]$5704, B=5'00011, Y=$4\first_effect$func$cap_pdb_dual_port_compact_engine.sv:124$4092.$result[4:0]$5708
      New ports: A=$3\first_effect$func$cap_pdb_dual_port_compact_engine.sv:124$4092.$result[4:0]$5704 [1:0], B=2'11, Y=$4\first_effect$func$cap_pdb_dual_port_compact_engine.sv:124$4092.$result[4:0]$5708 [1:0]
      New connections: $4\first_effect$func$cap_pdb_dual_port_compact_engine.sv:124$4092.$result[4:0]$5708 [4:2] = 3'000
    Consolidated identical input bits for $mux cell $procmux$12077:
      Old ports: A=$3\first_effect$func$cap_pdb_dual_port_compact_engine.sv:126$4093.$result[4:0]$5838, B=5'00011, Y=$4\first_effect$func$cap_pdb_dual_port_compact_engine.sv:126$4093.$result[4:0]$5842
      New ports: A=$3\first_effect$func$cap_pdb_dual_port_compact_engine.sv:126$4093.$result[4:0]$5838 [1:0], B=2'11, Y=$4\first_effect$func$cap_pdb_dual_port_compact_engine.sv:126$4093.$result[4:0]$5842 [1:0]
      New connections: $4\first_effect$func$cap_pdb_dual_port_compact_engine.sv:126$4093.$result[4:0]$5842 [4:2] = 3'000
    Consolidated identical input bits for $mux cell $procmux$12286:
      Old ports: A=$3\first_effect$func$cap_pdb_dual_port_compact_engine.sv:124$4095.$result[4:0]$6001, B=5'00011, Y=$4\first_effect$func$cap_pdb_dual_port_compact_engine.sv:124$4095.$result[4:0]$6005
      New ports: A=$3\first_effect$func$cap_pdb_dual_port_compact_engine.sv:124$4095.$result[4:0]$6001 [1:0], B=2'11, Y=$4\first_effect$func$cap_pdb_dual_port_compact_engine.sv:124$4095.$result[4:0]$6005 [1:0]
      New connections: $4\first_effect$func$cap_pdb_dual_port_compact_engine.sv:124$4095.$result[4:0]$6005 [4:2] = 3'000
    Consolidated identical input bits for $mux cell $procmux$12477:
      Old ports: A=$3\first_effect$func$cap_pdb_dual_port_compact_engine.sv:126$4096.$result[4:0]$6135, B=5'00011, Y=$4\first_effect$func$cap_pdb_dual_port_compact_engine.sv:126$4096.$result[4:0]$6139
      New ports: A=$3\first_effect$func$cap_pdb_dual_port_compact_engine.sv:126$4096.$result[4:0]$6135 [1:0], B=2'11, Y=$4\first_effect$func$cap_pdb_dual_port_compact_engine.sv:126$4096.$result[4:0]$6139 [1:0]
      New connections: $4\first_effect$func$cap_pdb_dual_port_compact_engine.sv:126$4096.$result[4:0]$6139 [4:2] = 3'000
    Consolidated identical input bits for $mux cell $procmux$12686:
      Old ports: A=$3\first_effect$func$cap_pdb_dual_port_compact_engine.sv:124$4098.$result[4:0]$6298, B=5'00011, Y=$4\first_effect$func$cap_pdb_dual_port_compact_engine.sv:124$4098.$result[4:0]$6302
      New ports: A=$3\first_effect$func$cap_pdb_dual_port_compact_engine.sv:124$4098.$result[4:0]$6298 [1:0], B=2'11, Y=$4\first_effect$func$cap_pdb_dual_port_compact_engine.sv:124$4098.$result[4:0]$6302 [1:0]
      New connections: $4\first_effect$func$cap_pdb_dual_port_compact_engine.sv:124$4098.$result[4:0]$6302 [4:2] = 3'000
    Consolidated identical input bits for $mux cell $procmux$12877:
      Old ports: A=$3\first_effect$func$cap_pdb_dual_port_compact_engine.sv:126$4099.$result[4:0]$6432, B=5'00011, Y=$4\first_effect$func$cap_pdb_dual_port_compact_engine.sv:126$4099.$result[4:0]$6436
      New ports: A=$3\first_effect$func$cap_pdb_dual_port_compact_engine.sv:126$4099.$result[4:0]$6432 [1:0], B=2'11, Y=$4\first_effect$func$cap_pdb_dual_port_compact_engine.sv:126$4099.$result[4:0]$6436 [1:0]
      New connections: $4\first_effect$func$cap_pdb_dual_port_compact_engine.sv:126$4099.$result[4:0]$6436 [4:2] = 3'000
    Consolidated identical input bits for $mux cell $procmux$13086:
      Old ports: A=$3\first_effect$func$cap_pdb_dual_port_compact_engine.sv:124$4101.$result[4:0]$6595, B=5'00011, Y=$4\first_effect$func$cap_pdb_dual_port_compact_engine.sv:124$4101.$result[4:0]$6599
      New ports: A=$3\first_effect$func$cap_pdb_dual_port_compact_engine.sv:124$4101.$result[4:0]$6595 [1:0], B=2'11, Y=$4\first_effect$func$cap_pdb_dual_port_compact_engine.sv:124$4101.$result[4:0]$6599 [1:0]
      New connections: $4\first_effect$func$cap_pdb_dual_port_compact_engine.sv:124$4101.$result[4:0]$6599 [4:2] = 3'000
    Consolidated identical input bits for $mux cell $procmux$13277:
      Old ports: A=$3\first_effect$func$cap_pdb_dual_port_compact_engine.sv:126$4102.$result[4:0]$6729, B=5'00011, Y=$4\first_effect$func$cap_pdb_dual_port_compact_engine.sv:126$4102.$result[4:0]$6733
      New ports: A=$3\first_effect$func$cap_pdb_dual_port_compact_engine.sv:126$4102.$result[4:0]$6729 [1:0], B=2'11, Y=$4\first_effect$func$cap_pdb_dual_port_compact_engine.sv:126$4102.$result[4:0]$6733 [1:0]
      New connections: $4\first_effect$func$cap_pdb_dual_port_compact_engine.sv:126$4102.$result[4:0]$6733 [4:2] = 3'000
    Consolidated identical input bits for $mux cell $procmux$13486:
      Old ports: A=$3\first_effect$func$cap_pdb_dual_port_compact_engine.sv:124$4104.$result[4:0]$6892, B=5'00011, Y=$4\first_effect$func$cap_pdb_dual_port_compact_engine.sv:124$4104.$result[4:0]$6896
      New ports: A=$3\first_effect$func$cap_pdb_dual_port_compact_engine.sv:124$4104.$result[4:0]$6892 [1:0], B=2'11, Y=$4\first_effect$func$cap_pdb_dual_port_compact_engine.sv:124$4104.$result[4:0]$6896 [1:0]
      New connections: $4\first_effect$func$cap_pdb_dual_port_compact_engine.sv:124$4104.$result[4:0]$6896 [4:2] = 3'000
    Consolidated identical input bits for $mux cell $procmux$13677:
      Old ports: A=$3\first_effect$func$cap_pdb_dual_port_compact_engine.sv:126$4105.$result[4:0]$7026, B=5'00011, Y=$4\first_effect$func$cap_pdb_dual_port_compact_engine.sv:126$4105.$result[4:0]$7030
      New ports: A=$3\first_effect$func$cap_pdb_dual_port_compact_engine.sv:126$4105.$result[4:0]$7026 [1:0], B=2'11, Y=$4\first_effect$func$cap_pdb_dual_port_compact_engine.sv:126$4105.$result[4:0]$7030 [1:0]
      New connections: $4\first_effect$func$cap_pdb_dual_port_compact_engine.sv:126$4105.$result[4:0]$7030 [4:2] = 3'000
    Consolidated identical input bits for $mux cell $procmux$13886:
      Old ports: A=$3\first_effect$func$cap_pdb_dual_port_compact_engine.sv:124$4107.$result[4:0]$7189, B=5'00011, Y=$4\first_effect$func$cap_pdb_dual_port_compact_engine.sv:124$4107.$result[4:0]$7193
      New ports: A=$3\first_effect$func$cap_pdb_dual_port_compact_engine.sv:124$4107.$result[4:0]$7189 [1:0], B=2'11, Y=$4\first_effect$func$cap_pdb_dual_port_compact_engine.sv:124$4107.$result[4:0]$7193 [1:0]
      New connections: $4\first_effect$func$cap_pdb_dual_port_compact_engine.sv:124$4107.$result[4:0]$7193 [4:2] = 3'000
    Consolidated identical input bits for $mux cell $procmux$14077:
      Old ports: A=$3\first_effect$func$cap_pdb_dual_port_compact_engine.sv:126$4108.$result[4:0]$7323, B=5'00011, Y=$4\first_effect$func$cap_pdb_dual_port_compact_engine.sv:126$4108.$result[4:0]$7327
      New ports: A=$3\first_effect$func$cap_pdb_dual_port_compact_engine.sv:126$4108.$result[4:0]$7323 [1:0], B=2'11, Y=$4\first_effect$func$cap_pdb_dual_port_compact_engine.sv:126$4108.$result[4:0]$7327 [1:0]
      New connections: $4\first_effect$func$cap_pdb_dual_port_compact_engine.sv:126$4108.$result[4:0]$7327 [4:2] = 3'000
    Consolidated identical input bits for $mux cell $procmux$14286:
      Old ports: A=$3\first_effect$func$cap_pdb_dual_port_compact_engine.sv:124$4110.$result[4:0]$7486, B=5'00011, Y=$4\first_effect$func$cap_pdb_dual_port_compact_engine.sv:124$4110.$result[4:0]$7490
      New ports: A=$3\first_effect$func$cap_pdb_dual_port_compact_engine.sv:124$4110.$result[4:0]$7486 [1:0], B=2'11, Y=$4\first_effect$func$cap_pdb_dual_port_compact_engine.sv:124$4110.$result[4:0]$7490 [1:0]
      New connections: $4\first_effect$func$cap_pdb_dual_port_compact_engine.sv:124$4110.$result[4:0]$7490 [4:2] = 3'000
    Consolidated identical input bits for $mux cell $procmux$14477:
      Old ports: A=$3\first_effect$func$cap_pdb_dual_port_compact_engine.sv:126$4111.$result[4:0]$7620, B=5'00011, Y=$4\first_effect$func$cap_pdb_dual_port_compact_engine.sv:126$4111.$result[4:0]$7624
      New ports: A=$3\first_effect$func$cap_pdb_dual_port_compact_engine.sv:126$4111.$result[4:0]$7620 [1:0], B=2'11, Y=$4\first_effect$func$cap_pdb_dual_port_compact_engine.sv:126$4111.$result[4:0]$7624 [1:0]
      New connections: $4\first_effect$func$cap_pdb_dual_port_compact_engine.sv:126$4111.$result[4:0]$7624 [4:2] = 3'000
    Consolidated identical input bits for $mux cell $procmux$14686:
      Old ports: A=$3\first_effect$func$cap_pdb_dual_port_compact_engine.sv:124$4113.$result[4:0]$7783, B=5'00011, Y=$4\first_effect$func$cap_pdb_dual_port_compact_engine.sv:124$4113.$result[4:0]$7787
      New ports: A=$3\first_effect$func$cap_pdb_dual_port_compact_engine.sv:124$4113.$result[4:0]$7783 [1:0], B=2'11, Y=$4\first_effect$func$cap_pdb_dual_port_compact_engine.sv:124$4113.$result[4:0]$7787 [1:0]
      New connections: $4\first_effect$func$cap_pdb_dual_port_compact_engine.sv:124$4113.$result[4:0]$7787 [4:2] = 3'000
    Consolidated identical input bits for $mux cell $procmux$14877:
      Old ports: A=$3\first_effect$func$cap_pdb_dual_port_compact_engine.sv:126$4114.$result[4:0]$7917, B=5'00011, Y=$4\first_effect$func$cap_pdb_dual_port_compact_engine.sv:126$4114.$result[4:0]$7921
      New ports: A=$3\first_effect$func$cap_pdb_dual_port_compact_engine.sv:126$4114.$result[4:0]$7917 [1:0], B=2'11, Y=$4\first_effect$func$cap_pdb_dual_port_compact_engine.sv:126$4114.$result[4:0]$7921 [1:0]
      New connections: $4\first_effect$func$cap_pdb_dual_port_compact_engine.sv:126$4114.$result[4:0]$7921 [4:2] = 3'000
    Consolidated identical input bits for $mux cell $procmux$9886:
      Old ports: A=$3\first_effect$func$cap_pdb_dual_port_compact_engine.sv:124$4077.$result[4:0]$4219, B=5'00011, Y=$4\first_effect$func$cap_pdb_dual_port_compact_engine.sv:124$4077.$result[4:0]$4223
      New ports: A=$3\first_effect$func$cap_pdb_dual_port_compact_engine.sv:124$4077.$result[4:0]$4219 [1:0], B=2'11, Y=$4\first_effect$func$cap_pdb_dual_port_compact_engine.sv:124$4077.$result[4:0]$4223 [1:0]
      New connections: $4\first_effect$func$cap_pdb_dual_port_compact_engine.sv:124$4077.$result[4:0]$4223 [4:2] = 3'000
  Optimizing cells in module \cap_pdb_dual_port_compact_allocation_engine.
    Consolidated identical input bits for $mux cell $procmux$10071:
      Old ports: A=$4\first_effect$func$cap_pdb_dual_port_compact_engine.sv:126$4078.$result[4:0]$4357, B=5'00100, Y=$5\first_effect$func$cap_pdb_dual_port_compact_engine.sv:126$4078.$result[4:0]$4361
      New ports: A={ 1'0 $4\first_effect$func$cap_pdb_dual_port_compact_engine.sv:126$4078.$result[4:0]$4357 [1:0] }, B=3'100, Y=$5\first_effect$func$cap_pdb_dual_port_compact_engine.sv:126$4078.$result[4:0]$4361 [2:0]
      New connections: $5\first_effect$func$cap_pdb_dual_port_compact_engine.sv:126$4078.$result[4:0]$4361 [4:3] = 2'00
    Consolidated identical input bits for $mux cell $procmux$10280:
      Old ports: A=$4\first_effect$func$cap_pdb_dual_port_compact_engine.sv:124$4080.$result[4:0]$4520, B=5'00100, Y=$5\first_effect$func$cap_pdb_dual_port_compact_engine.sv:124$4080.$result[4:0]$4524
      New ports: A={ 1'0 $4\first_effect$func$cap_pdb_dual_port_compact_engine.sv:124$4080.$result[4:0]$4520 [1:0] }, B=3'100, Y=$5\first_effect$func$cap_pdb_dual_port_compact_engine.sv:124$4080.$result[4:0]$4524 [2:0]
      New connections: $5\first_effect$func$cap_pdb_dual_port_compact_engine.sv:124$4080.$result[4:0]$4524 [4:3] = 2'00
    Consolidated identical input bits for $mux cell $procmux$10471:
      Old ports: A=$4\first_effect$func$cap_pdb_dual_port_compact_engine.sv:126$4081.$result[4:0]$4654, B=5'00100, Y=$5\first_effect$func$cap_pdb_dual_port_compact_engine.sv:126$4081.$result[4:0]$4658
      New ports: A={ 1'0 $4\first_effect$func$cap_pdb_dual_port_compact_engine.sv:126$4081.$result[4:0]$4654 [1:0] }, B=3'100, Y=$5\first_effect$func$cap_pdb_dual_port_compact_engine.sv:126$4081.$result[4:0]$4658 [2:0]
      New connections: $5\first_effect$func$cap_pdb_dual_port_compact_engine.sv:126$4081.$result[4:0]$4658 [4:3] = 2'00
    Consolidated identical input bits for $mux cell $procmux$10680:
      Old ports: A=$4\first_effect$func$cap_pdb_dual_port_compact_engine.sv:124$4083.$result[4:0]$4817, B=5'00100, Y=$5\first_effect$func$cap_pdb_dual_port_compact_engine.sv:124$4083.$result[4:0]$4821
      New ports: A={ 1'0 $4\first_effect$func$cap_pdb_dual_port_compact_engine.sv:124$4083.$result[4:0]$4817 [1:0] }, B=3'100, Y=$5\first_effect$func$cap_pdb_dual_port_compact_engine.sv:124$4083.$result[4:0]$4821 [2:0]
      New connections: $5\first_effect$func$cap_pdb_dual_port_compact_engine.sv:124$4083.$result[4:0]$4821 [4:3] = 2'00
    Consolidated identical input bits for $mux cell $procmux$10871:
      Old ports: A=$4\first_effect$func$cap_pdb_dual_port_compact_engine.sv:126$4084.$result[4:0]$4951, B=5'00100, Y=$5\first_effect$func$cap_pdb_dual_port_compact_engine.sv:126$4084.$result[4:0]$4955
      New ports: A={ 1'0 $4\first_effect$func$cap_pdb_dual_port_compact_engine.sv:126$4084.$result[4:0]$4951 [1:0] }, B=3'100, Y=$5\first_effect$func$cap_pdb_dual_port_compact_engine.sv:126$4084.$result[4:0]$4955 [2:0]
      New connections: $5\first_effect$func$cap_pdb_dual_port_compact_engine.sv:126$4084.$result[4:0]$4955 [4:3] = 2'00
    Consolidated identical input bits for $mux cell $procmux$11080:
      Old ports: A=$4\first_effect$func$cap_pdb_dual_port_compact_engine.sv:124$4086.$result[4:0]$5114, B=5'00100, Y=$5\first_effect$func$cap_pdb_dual_port_compact_engine.sv:124$4086.$result[4:0]$5118
      New ports: A={ 1'0 $4\first_effect$func$cap_pdb_dual_port_compact_engine.sv:124$4086.$result[4:0]$5114 [1:0] }, B=3'100, Y=$5\first_effect$func$cap_pdb_dual_port_compact_engine.sv:124$4086.$result[4:0]$5118 [2:0]
      New connections: $5\first_effect$func$cap_pdb_dual_port_compact_engine.sv:124$4086.$result[4:0]$5118 [4:3] = 2'00
    Consolidated identical input bits for $mux cell $procmux$11271:
      Old ports: A=$4\first_effect$func$cap_pdb_dual_port_compact_engine.sv:126$4087.$result[4:0]$5248, B=5'00100, Y=$5\first_effect$func$cap_pdb_dual_port_compact_engine.sv:126$4087.$result[4:0]$5252
      New ports: A={ 1'0 $4\first_effect$func$cap_pdb_dual_port_compact_engine.sv:126$4087.$result[4:0]$5248 [1:0] }, B=3'100, Y=$5\first_effect$func$cap_pdb_dual_port_compact_engine.sv:126$4087.$result[4:0]$5252 [2:0]
      New connections: $5\first_effect$func$cap_pdb_dual_port_compact_engine.sv:126$4087.$result[4:0]$5252 [4:3] = 2'00
    Consolidated identical input bits for $mux cell $procmux$11480:
      Old ports: A=$4\first_effect$func$cap_pdb_dual_port_compact_engine.sv:124$4089.$result[4:0]$5411, B=5'00100, Y=$5\first_effect$func$cap_pdb_dual_port_compact_engine.sv:124$4089.$result[4:0]$5415
      New ports: A={ 1'0 $4\first_effect$func$cap_pdb_dual_port_compact_engine.sv:124$4089.$result[4:0]$5411 [1:0] }, B=3'100, Y=$5\first_effect$func$cap_pdb_dual_port_compact_engine.sv:124$4089.$result[4:0]$5415 [2:0]
      New connections: $5\first_effect$func$cap_pdb_dual_port_compact_engine.sv:124$4089.$result[4:0]$5415 [4:3] = 2'00
    Consolidated identical input bits for $mux cell $procmux$11671:
      Old ports: A=$4\first_effect$func$cap_pdb_dual_port_compact_engine.sv:126$4090.$result[4:0]$5545, B=5'00100, Y=$5\first_effect$func$cap_pdb_dual_port_compact_engine.sv:126$4090.$result[4:0]$5549
      New ports: A={ 1'0 $4\first_effect$func$cap_pdb_dual_port_compact_engine.sv:126$4090.$result[4:0]$5545 [1:0] }, B=3'100, Y=$5\first_effect$func$cap_pdb_dual_port_compact_engine.sv:126$4090.$result[4:0]$5549 [2:0]
      New connections: $5\first_effect$func$cap_pdb_dual_port_compact_engine.sv:126$4090.$result[4:0]$5549 [4:3] = 2'00
    Consolidated identical input bits for $mux cell $procmux$11880:
      Old ports: A=$4\first_effect$func$cap_pdb_dual_port_compact_engine.sv:124$4092.$result[4:0]$5708, B=5'00100, Y=$5\first_effect$func$cap_pdb_dual_port_compact_engine.sv:124$4092.$result[4:0]$5712
      New ports: A={ 1'0 $4\first_effect$func$cap_pdb_dual_port_compact_engine.sv:124$4092.$result[4:0]$5708 [1:0] }, B=3'100, Y=$5\first_effect$func$cap_pdb_dual_port_compact_engine.sv:124$4092.$result[4:0]$5712 [2:0]
      New connections: $5\first_effect$func$cap_pdb_dual_port_compact_engine.sv:124$4092.$result[4:0]$5712 [4:3] = 2'00
    Consolidated identical input bits for $mux cell $procmux$12071:
      Old ports: A=$4\first_effect$func$cap_pdb_dual_port_compact_engine.sv:126$4093.$result[4:0]$5842, B=5'00100, Y=$5\first_effect$func$cap_pdb_dual_port_compact_engine.sv:126$4093.$result[4:0]$5846
      New ports: A={ 1'0 $4\first_effect$func$cap_pdb_dual_port_compact_engine.sv:126$4093.$result[4:0]$5842 [1:0] }, B=3'100, Y=$5\first_effect$func$cap_pdb_dual_port_compact_engine.sv:126$4093.$result[4:0]$5846 [2:0]
      New connections: $5\first_effect$func$cap_pdb_dual_port_compact_engine.sv:126$4093.$result[4:0]$5846 [4:3] = 2'00
    Consolidated identical input bits for $mux cell $procmux$12280:
      Old ports: A=$4\first_effect$func$cap_pdb_dual_port_compact_engine.sv:124$4095.$result[4:0]$6005, B=5'00100, Y=$5\first_effect$func$cap_pdb_dual_port_compact_engine.sv:124$4095.$result[4:0]$6009
      New ports: A={ 1'0 $4\first_effect$func$cap_pdb_dual_port_compact_engine.sv:124$4095.$result[4:0]$6005 [1:0] }, B=3'100, Y=$5\first_effect$func$cap_pdb_dual_port_compact_engine.sv:124$4095.$result[4:0]$6009 [2:0]
      New connections: $5\first_effect$func$cap_pdb_dual_port_compact_engine.sv:124$4095.$result[4:0]$6009 [4:3] = 2'00
    Consolidated identical input bits for $mux cell $procmux$12471:
      Old ports: A=$4\first_effect$func$cap_pdb_dual_port_compact_engine.sv:126$4096.$result[4:0]$6139, B=5'00100, Y=$5\first_effect$func$cap_pdb_dual_port_compact_engine.sv:126$4096.$result[4:0]$6143
      New ports: A={ 1'0 $4\first_effect$func$cap_pdb_dual_port_compact_engine.sv:126$4096.$result[4:0]$6139 [1:0] }, B=3'100, Y=$5\first_effect$func$cap_pdb_dual_port_compact_engine.sv:126$4096.$result[4:0]$6143 [2:0]
      New connections: $5\first_effect$func$cap_pdb_dual_port_compact_engine.sv:126$4096.$result[4:0]$6143 [4:3] = 2'00
    Consolidated identical input bits for $mux cell $procmux$12680:
      Old ports: A=$4\first_effect$func$cap_pdb_dual_port_compact_engine.sv:124$4098.$result[4:0]$6302, B=5'00100, Y=$5\first_effect$func$cap_pdb_dual_port_compact_engine.sv:124$4098.$result[4:0]$6306
      New ports: A={ 1'0 $4\first_effect$func$cap_pdb_dual_port_compact_engine.sv:124$4098.$result[4:0]$6302 [1:0] }, B=3'100, Y=$5\first_effect$func$cap_pdb_dual_port_compact_engine.sv:124$4098.$result[4:0]$6306 [2:0]
      New connections: $5\first_effect$func$cap_pdb_dual_port_compact_engine.sv:124$4098.$result[4:0]$6306 [4:3] = 2'00
    Consolidated identical input bits for $mux cell $procmux$12871:
      Old ports: A=$4\first_effect$func$cap_pdb_dual_port_compact_engine.sv:126$4099.$result[4:0]$6436, B=5'00100, Y=$5\first_effect$func$cap_pdb_dual_port_compact_engine.sv:126$4099.$result[4:0]$6440
      New ports: A={ 1'0 $4\first_effect$func$cap_pdb_dual_port_compact_engine.sv:126$4099.$result[4:0]$6436 [1:0] }, B=3'100, Y=$5\first_effect$func$cap_pdb_dual_port_compact_engine.sv:126$4099.$result[4:0]$6440 [2:0]
      New connections: $5\first_effect$func$cap_pdb_dual_port_compact_engine.sv:126$4099.$result[4:0]$6440 [4:3] = 2'00
    Consolidated identical input bits for $mux cell $procmux$13080:
      Old ports: A=$4\first_effect$func$cap_pdb_dual_port_compact_engine.sv:124$4101.$result[4:0]$6599, B=5'00100, Y=$5\first_effect$func$cap_pdb_dual_port_compact_engine.sv:124$4101.$result[4:0]$6603
      New ports: A={ 1'0 $4\first_effect$func$cap_pdb_dual_port_compact_engine.sv:124$4101.$result[4:0]$6599 [1:0] }, B=3'100, Y=$5\first_effect$func$cap_pdb_dual_port_compact_engine.sv:124$4101.$result[4:0]$6603 [2:0]
      New connections: $5\first_effect$func$cap_pdb_dual_port_compact_engine.sv:124$4101.$result[4:0]$6603 [4:3] = 2'00
    Consolidated identical input bits for $mux cell $procmux$13271:
      Old ports: A=$4\first_effect$func$cap_pdb_dual_port_compact_engine.sv:126$4102.$result[4:0]$6733, B=5'00100, Y=$5\first_effect$func$cap_pdb_dual_port_compact_engine.sv:126$4102.$result[4:0]$6737
      New ports: A={ 1'0 $4\first_effect$func$cap_pdb_dual_port_compact_engine.sv:126$4102.$result[4:0]$6733 [1:0] }, B=3'100, Y=$5\first_effect$func$cap_pdb_dual_port_compact_engine.sv:126$4102.$result[4:0]$6737 [2:0]
      New connections: $5\first_effect$func$cap_pdb_dual_port_compact_engine.sv:126$4102.$result[4:0]$6737 [4:3] = 2'00
    Consolidated identical input bits for $mux cell $procmux$13480:
      Old ports: A=$4\first_effect$func$cap_pdb_dual_port_compact_engine.sv:124$4104.$result[4:0]$6896, B=5'00100, Y=$5\first_effect$func$cap_pdb_dual_port_compact_engine.sv:124$4104.$result[4:0]$6900
      New ports: A={ 1'0 $4\first_effect$func$cap_pdb_dual_port_compact_engine.sv:124$4104.$result[4:0]$6896 [1:0] }, B=3'100, Y=$5\first_effect$func$cap_pdb_dual_port_compact_engine.sv:124$4104.$result[4:0]$6900 [2:0]
      New connections: $5\first_effect$func$cap_pdb_dual_port_compact_engine.sv:124$4104.$result[4:0]$6900 [4:3] = 2'00
    Consolidated identical input bits for $mux cell $procmux$13671:
      Old ports: A=$4\first_effect$func$cap_pdb_dual_port_compact_engine.sv:126$4105.$result[4:0]$7030, B=5'00100, Y=$5\first_effect$func$cap_pdb_dual_port_compact_engine.sv:126$4105.$result[4:0]$7034
      New ports: A={ 1'0 $4\first_effect$func$cap_pdb_dual_port_compact_engine.sv:126$4105.$result[4:0]$7030 [1:0] }, B=3'100, Y=$5\first_effect$func$cap_pdb_dual_port_compact_engine.sv:126$4105.$result[4:0]$7034 [2:0]
      New connections: $5\first_effect$func$cap_pdb_dual_port_compact_engine.sv:126$4105.$result[4:0]$7034 [4:3] = 2'00
    Consolidated identical input bits for $mux cell $procmux$13880:
      Old ports: A=$4\first_effect$func$cap_pdb_dual_port_compact_engine.sv:124$4107.$result[4:0]$7193, B=5'00100, Y=$5\first_effect$func$cap_pdb_dual_port_compact_engine.sv:124$4107.$result[4:0]$7197
      New ports: A={ 1'0 $4\first_effect$func$cap_pdb_dual_port_compact_engine.sv:124$4107.$result[4:0]$7193 [1:0] }, B=3'100, Y=$5\first_effect$func$cap_pdb_dual_port_compact_engine.sv:124$4107.$result[4:0]$7197 [2:0]
      New connections: $5\first_effect$func$cap_pdb_dual_port_compact_engine.sv:124$4107.$result[4:0]$7197 [4:3] = 2'00
    Consolidated identical input bits for $mux cell $procmux$14071:
      Old ports: A=$4\first_effect$func$cap_pdb_dual_port_compact_engine.sv:126$4108.$result[4:0]$7327, B=5'00100, Y=$5\first_effect$func$cap_pdb_dual_port_compact_engine.sv:126$4108.$result[4:0]$7331
      New ports: A={ 1'0 $4\first_effect$func$cap_pdb_dual_port_compact_engine.sv:126$4108.$result[4:0]$7327 [1:0] }, B=3'100, Y=$5\first_effect$func$cap_pdb_dual_port_compact_engine.sv:126$4108.$result[4:0]$7331 [2:0]
      New connections: $5\first_effect$func$cap_pdb_dual_port_compact_engine.sv:126$4108.$result[4:0]$7331 [4:3] = 2'00
    Consolidated identical input bits for $mux cell $procmux$14280:
      Old ports: A=$4\first_effect$func$cap_pdb_dual_port_compact_engine.sv:124$4110.$result[4:0]$7490, B=5'00100, Y=$5\first_effect$func$cap_pdb_dual_port_compact_engine.sv:124$4110.$result[4:0]$7494
      New ports: A={ 1'0 $4\first_effect$func$cap_pdb_dual_port_compact_engine.sv:124$4110.$result[4:0]$7490 [1:0] }, B=3'100, Y=$5\first_effect$func$cap_pdb_dual_port_compact_engine.sv:124$4110.$result[4:0]$7494 [2:0]
      New connections: $5\first_effect$func$cap_pdb_dual_port_compact_engine.sv:124$4110.$result[4:0]$7494 [4:3] = 2'00
    Consolidated identical input bits for $mux cell $procmux$14471:
      Old ports: A=$4\first_effect$func$cap_pdb_dual_port_compact_engine.sv:126$4111.$result[4:0]$7624, B=5'00100, Y=$5\first_effect$func$cap_pdb_dual_port_compact_engine.sv:126$4111.$result[4:0]$7628
      New ports: A={ 1'0 $4\first_effect$func$cap_pdb_dual_port_compact_engine.sv:126$4111.$result[4:0]$7624 [1:0] }, B=3'100, Y=$5\first_effect$func$cap_pdb_dual_port_compact_engine.sv:126$4111.$result[4:0]$7628 [2:0]
      New connections: $5\first_effect$func$cap_pdb_dual_port_compact_engine.sv:126$4111.$result[4:0]$7628 [4:3] = 2'00
    Consolidated identical input bits for $mux cell $procmux$14680:
      Old ports: A=$4\first_effect$func$cap_pdb_dual_port_compact_engine.sv:124$4113.$result[4:0]$7787, B=5'00100, Y=$5\first_effect$func$cap_pdb_dual_port_compact_engine.sv:124$4113.$result[4:0]$7791
      New ports: A={ 1'0 $4\first_effect$func$cap_pdb_dual_port_compact_engine.sv:124$4113.$result[4:0]$7787 [1:0] }, B=3'100, Y=$5\first_effect$func$cap_pdb_dual_port_compact_engine.sv:124$4113.$result[4:0]$7791 [2:0]
      New connections: $5\first_effect$func$cap_pdb_dual_port_compact_engine.sv:124$4113.$result[4:0]$7791 [4:3] = 2'00
    Consolidated identical input bits for $mux cell $procmux$14871:
      Old ports: A=$4\first_effect$func$cap_pdb_dual_port_compact_engine.sv:126$4114.$result[4:0]$7921, B=5'00100, Y=$5\first_effect$func$cap_pdb_dual_port_compact_engine.sv:126$4114.$result[4:0]$7925
      New ports: A={ 1'0 $4\first_effect$func$cap_pdb_dual_port_compact_engine.sv:126$4114.$result[4:0]$7921 [1:0] }, B=3'100, Y=$5\first_effect$func$cap_pdb_dual_port_compact_engine.sv:126$4114.$result[4:0]$7925 [2:0]
      New connections: $5\first_effect$func$cap_pdb_dual_port_compact_engine.sv:126$4114.$result[4:0]$7925 [4:3] = 2'00
    Consolidated identical input bits for $mux cell $procmux$9880:
      Old ports: A=$4\first_effect$func$cap_pdb_dual_port_compact_engine.sv:124$4077.$result[4:0]$4223, B=5'00100, Y=$5\first_effect$func$cap_pdb_dual_port_compact_engine.sv:124$4077.$result[4:0]$4227
      New ports: A={ 1'0 $4\first_effect$func$cap_pdb_dual_port_compact_engine.sv:124$4077.$result[4:0]$4223 [1:0] }, B=3'100, Y=$5\first_effect$func$cap_pdb_dual_port_compact_engine.sv:124$4077.$result[4:0]$4227 [2:0]
      New connections: $5\first_effect$func$cap_pdb_dual_port_compact_engine.sv:124$4077.$result[4:0]$4227 [4:3] = 2'00
  Optimizing cells in module \cap_pdb_dual_port_compact_allocation_engine.
    Consolidated identical input bits for $mux cell $procmux$10065:
      Old ports: A=$5\first_effect$func$cap_pdb_dual_port_compact_engine.sv:126$4078.$result[4:0]$4361, B=5'00101, Y=$6\first_effect$func$cap_pdb_dual_port_compact_engine.sv:126$4078.$result[4:0]$4365
      New ports: A=$5\first_effect$func$cap_pdb_dual_port_compact_engine.sv:126$4078.$result[4:0]$4361 [2:0], B=3'101, Y=$6\first_effect$func$cap_pdb_dual_port_compact_engine.sv:126$4078.$result[4:0]$4365 [2:0]
      New connections: $6\first_effect$func$cap_pdb_dual_port_compact_engine.sv:126$4078.$result[4:0]$4365 [4:3] = 2'00
    Consolidated identical input bits for $mux cell $procmux$10274:
      Old ports: A=$5\first_effect$func$cap_pdb_dual_port_compact_engine.sv:124$4080.$result[4:0]$4524, B=5'00101, Y=$6\first_effect$func$cap_pdb_dual_port_compact_engine.sv:124$4080.$result[4:0]$4528
      New ports: A=$5\first_effect$func$cap_pdb_dual_port_compact_engine.sv:124$4080.$result[4:0]$4524 [2:0], B=3'101, Y=$6\first_effect$func$cap_pdb_dual_port_compact_engine.sv:124$4080.$result[4:0]$4528 [2:0]
      New connections: $6\first_effect$func$cap_pdb_dual_port_compact_engine.sv:124$4080.$result[4:0]$4528 [4:3] = 2'00
    Consolidated identical input bits for $mux cell $procmux$10465:
      Old ports: A=$5\first_effect$func$cap_pdb_dual_port_compact_engine.sv:126$4081.$result[4:0]$4658, B=5'00101, Y=$6\first_effect$func$cap_pdb_dual_port_compact_engine.sv:126$4081.$result[4:0]$4662
      New ports: A=$5\first_effect$func$cap_pdb_dual_port_compact_engine.sv:126$4081.$result[4:0]$4658 [2:0], B=3'101, Y=$6\first_effect$func$cap_pdb_dual_port_compact_engine.sv:126$4081.$result[4:0]$4662 [2:0]
      New connections: $6\first_effect$func$cap_pdb_dual_port_compact_engine.sv:126$4081.$result[4:0]$4662 [4:3] = 2'00
    Consolidated identical input bits for $mux cell $procmux$10674:
      Old ports: A=$5\first_effect$func$cap_pdb_dual_port_compact_engine.sv:124$4083.$result[4:0]$4821, B=5'00101, Y=$6\first_effect$func$cap_pdb_dual_port_compact_engine.sv:124$4083.$result[4:0]$4825
      New ports: A=$5\first_effect$func$cap_pdb_dual_port_compact_engine.sv:124$4083.$result[4:0]$4821 [2:0], B=3'101, Y=$6\first_effect$func$cap_pdb_dual_port_compact_engine.sv:124$4083.$result[4:0]$4825 [2:0]
      New connections: $6\first_effect$func$cap_pdb_dual_port_compact_engine.sv:124$4083.$result[4:0]$4825 [4:3] = 2'00
    Consolidated identical input bits for $mux cell $procmux$10865:
      Old ports: A=$5\first_effect$func$cap_pdb_dual_port_compact_engine.sv:126$4084.$result[4:0]$4955, B=5'00101, Y=$6\first_effect$func$cap_pdb_dual_port_compact_engine.sv:126$4084.$result[4:0]$4959
      New ports: A=$5\first_effect$func$cap_pdb_dual_port_compact_engine.sv:126$4084.$result[4:0]$4955 [2:0], B=3'101, Y=$6\first_effect$func$cap_pdb_dual_port_compact_engine.sv:126$4084.$result[4:0]$4959 [2:0]
      New connections: $6\first_effect$func$cap_pdb_dual_port_compact_engine.sv:126$4084.$result[4:0]$4959 [4:3] = 2'00
    Consolidated identical input bits for $mux cell $procmux$11074:
      Old ports: A=$5\first_effect$func$cap_pdb_dual_port_compact_engine.sv:124$4086.$result[4:0]$5118, B=5'00101, Y=$6\first_effect$func$cap_pdb_dual_port_compact_engine.sv:124$4086.$result[4:0]$5122
      New ports: A=$5\first_effect$func$cap_pdb_dual_port_compact_engine.sv:124$4086.$result[4:0]$5118 [2:0], B=3'101, Y=$6\first_effect$func$cap_pdb_dual_port_compact_engine.sv:124$4086.$result[4:0]$5122 [2:0]
      New connections: $6\first_effect$func$cap_pdb_dual_port_compact_engine.sv:124$4086.$result[4:0]$5122 [4:3] = 2'00
    Consolidated identical input bits for $mux cell $procmux$11265:
      Old ports: A=$5\first_effect$func$cap_pdb_dual_port_compact_engine.sv:126$4087.$result[4:0]$5252, B=5'00101, Y=$6\first_effect$func$cap_pdb_dual_port_compact_engine.sv:126$4087.$result[4:0]$5256
      New ports: A=$5\first_effect$func$cap_pdb_dual_port_compact_engine.sv:126$4087.$result[4:0]$5252 [2:0], B=3'101, Y=$6\first_effect$func$cap_pdb_dual_port_compact_engine.sv:126$4087.$result[4:0]$5256 [2:0]
      New connections: $6\first_effect$func$cap_pdb_dual_port_compact_engine.sv:126$4087.$result[4:0]$5256 [4:3] = 2'00
    Consolidated identical input bits for $mux cell $procmux$11474:
      Old ports: A=$5\first_effect$func$cap_pdb_dual_port_compact_engine.sv:124$4089.$result[4:0]$5415, B=5'00101, Y=$6\first_effect$func$cap_pdb_dual_port_compact_engine.sv:124$4089.$result[4:0]$5419
      New ports: A=$5\first_effect$func$cap_pdb_dual_port_compact_engine.sv:124$4089.$result[4:0]$5415 [2:0], B=3'101, Y=$6\first_effect$func$cap_pdb_dual_port_compact_engine.sv:124$4089.$result[4:0]$5419 [2:0]
      New connections: $6\first_effect$func$cap_pdb_dual_port_compact_engine.sv:124$4089.$result[4:0]$5419 [4:3] = 2'00
    Consolidated identical input bits for $mux cell $procmux$11665:
      Old ports: A=$5\first_effect$func$cap_pdb_dual_port_compact_engine.sv:126$4090.$result[4:0]$5549, B=5'00101, Y=$6\first_effect$func$cap_pdb_dual_port_compact_engine.sv:126$4090.$result[4:0]$5553
      New ports: A=$5\first_effect$func$cap_pdb_dual_port_compact_engine.sv:126$4090.$result[4:0]$5549 [2:0], B=3'101, Y=$6\first_effect$func$cap_pdb_dual_port_compact_engine.sv:126$4090.$result[4:0]$5553 [2:0]
      New connections: $6\first_effect$func$cap_pdb_dual_port_compact_engine.sv:126$4090.$result[4:0]$5553 [4:3] = 2'00
    Consolidated identical input bits for $mux cell $procmux$11874:
      Old ports: A=$5\first_effect$func$cap_pdb_dual_port_compact_engine.sv:124$4092.$result[4:0]$5712, B=5'00101, Y=$6\first_effect$func$cap_pdb_dual_port_compact_engine.sv:124$4092.$result[4:0]$5716
      New ports: A=$5\first_effect$func$cap_pdb_dual_port_compact_engine.sv:124$4092.$result[4:0]$5712 [2:0], B=3'101, Y=$6\first_effect$func$cap_pdb_dual_port_compact_engine.sv:124$4092.$result[4:0]$5716 [2:0]
      New connections: $6\first_effect$func$cap_pdb_dual_port_compact_engine.sv:124$4092.$result[4:0]$5716 [4:3] = 2'00
    Consolidated identical input bits for $mux cell $procmux$12065:
      Old ports: A=$5\first_effect$func$cap_pdb_dual_port_compact_engine.sv:126$4093.$result[4:0]$5846, B=5'00101, Y=$6\first_effect$func$cap_pdb_dual_port_compact_engine.sv:126$4093.$result[4:0]$5850
      New ports: A=$5\first_effect$func$cap_pdb_dual_port_compact_engine.sv:126$4093.$result[4:0]$5846 [2:0], B=3'101, Y=$6\first_effect$func$cap_pdb_dual_port_compact_engine.sv:126$4093.$result[4:0]$5850 [2:0]
      New connections: $6\first_effect$func$cap_pdb_dual_port_compact_engine.sv:126$4093.$result[4:0]$5850 [4:3] = 2'00
    Consolidated identical input bits for $mux cell $procmux$12274:
      Old ports: A=$5\first_effect$func$cap_pdb_dual_port_compact_engine.sv:124$4095.$result[4:0]$6009, B=5'00101, Y=$6\first_effect$func$cap_pdb_dual_port_compact_engine.sv:124$4095.$result[4:0]$6013
      New ports: A=$5\first_effect$func$cap_pdb_dual_port_compact_engine.sv:124$4095.$result[4:0]$6009 [2:0], B=3'101, Y=$6\first_effect$func$cap_pdb_dual_port_compact_engine.sv:124$4095.$result[4:0]$6013 [2:0]
      New connections: $6\first_effect$func$cap_pdb_dual_port_compact_engine.sv:124$4095.$result[4:0]$6013 [4:3] = 2'00
    Consolidated identical input bits for $mux cell $procmux$12465:
      Old ports: A=$5\first_effect$func$cap_pdb_dual_port_compact_engine.sv:126$4096.$result[4:0]$6143, B=5'00101, Y=$6\first_effect$func$cap_pdb_dual_port_compact_engine.sv:126$4096.$result[4:0]$6147
      New ports: A=$5\first_effect$func$cap_pdb_dual_port_compact_engine.sv:126$4096.$result[4:0]$6143 [2:0], B=3'101, Y=$6\first_effect$func$cap_pdb_dual_port_compact_engine.sv:126$4096.$result[4:0]$6147 [2:0]
      New connections: $6\first_effect$func$cap_pdb_dual_port_compact_engine.sv:126$4096.$result[4:0]$6147 [4:3] = 2'00
    Consolidated identical input bits for $mux cell $procmux$12674:
      Old ports: A=$5\first_effect$func$cap_pdb_dual_port_compact_engine.sv:124$4098.$result[4:0]$6306, B=5'00101, Y=$6\first_effect$func$cap_pdb_dual_port_compact_engine.sv:124$4098.$result[4:0]$6310
      New ports: A=$5\first_effect$func$cap_pdb_dual_port_compact_engine.sv:124$4098.$result[4:0]$6306 [2:0], B=3'101, Y=$6\first_effect$func$cap_pdb_dual_port_compact_engine.sv:124$4098.$result[4:0]$6310 [2:0]
      New connections: $6\first_effect$func$cap_pdb_dual_port_compact_engine.sv:124$4098.$result[4:0]$6310 [4:3] = 2'00
    Consolidated identical input bits for $mux cell $procmux$12865:
      Old ports: A=$5\first_effect$func$cap_pdb_dual_port_compact_engine.sv:126$4099.$result[4:0]$6440, B=5'00101, Y=$6\first_effect$func$cap_pdb_dual_port_compact_engine.sv:126$4099.$result[4:0]$6444
      New ports: A=$5\first_effect$func$cap_pdb_dual_port_compact_engine.sv:126$4099.$result[4:0]$6440 [2:0], B=3'101, Y=$6\first_effect$func$cap_pdb_dual_port_compact_engine.sv:126$4099.$result[4:0]$6444 [2:0]
      New connections: $6\first_effect$func$cap_pdb_dual_port_compact_engine.sv:126$4099.$result[4:0]$6444 [4:3] = 2'00
    Consolidated identical input bits for $mux cell $procmux$13074:
      Old ports: A=$5\first_effect$func$cap_pdb_dual_port_compact_engine.sv:124$4101.$result[4:0]$6603, B=5'00101, Y=$6\first_effect$func$cap_pdb_dual_port_compact_engine.sv:124$4101.$result[4:0]$6607
      New ports: A=$5\first_effect$func$cap_pdb_dual_port_compact_engine.sv:124$4101.$result[4:0]$6603 [2:0], B=3'101, Y=$6\first_effect$func$cap_pdb_dual_port_compact_engine.sv:124$4101.$result[4:0]$6607 [2:0]
      New connections: $6\first_effect$func$cap_pdb_dual_port_compact_engine.sv:124$4101.$result[4:0]$6607 [4:3] = 2'00
    Consolidated identical input bits for $mux cell $procmux$13265:
      Old ports: A=$5\first_effect$func$cap_pdb_dual_port_compact_engine.sv:126$4102.$result[4:0]$6737, B=5'00101, Y=$6\first_effect$func$cap_pdb_dual_port_compact_engine.sv:126$4102.$result[4:0]$6741
      New ports: A=$5\first_effect$func$cap_pdb_dual_port_compact_engine.sv:126$4102.$result[4:0]$6737 [2:0], B=3'101, Y=$6\first_effect$func$cap_pdb_dual_port_compact_engine.sv:126$4102.$result[4:0]$6741 [2:0]
      New connections: $6\first_effect$func$cap_pdb_dual_port_compact_engine.sv:126$4102.$result[4:0]$6741 [4:3] = 2'00
    Consolidated identical input bits for $mux cell $procmux$13474:
      Old ports: A=$5\first_effect$func$cap_pdb_dual_port_compact_engine.sv:124$4104.$result[4:0]$6900, B=5'00101, Y=$6\first_effect$func$cap_pdb_dual_port_compact_engine.sv:124$4104.$result[4:0]$6904
      New ports: A=$5\first_effect$func$cap_pdb_dual_port_compact_engine.sv:124$4104.$result[4:0]$6900 [2:0], B=3'101, Y=$6\first_effect$func$cap_pdb_dual_port_compact_engine.sv:124$4104.$result[4:0]$6904 [2:0]
      New connections: $6\first_effect$func$cap_pdb_dual_port_compact_engine.sv:124$4104.$result[4:0]$6904 [4:3] = 2'00
    Consolidated identical input bits for $mux cell $procmux$13665:
      Old ports: A=$5\first_effect$func$cap_pdb_dual_port_compact_engine.sv:126$4105.$result[4:0]$7034, B=5'00101, Y=$6\first_effect$func$cap_pdb_dual_port_compact_engine.sv:126$4105.$result[4:0]$7038
      New ports: A=$5\first_effect$func$cap_pdb_dual_port_compact_engine.sv:126$4105.$result[4:0]$7034 [2:0], B=3'101, Y=$6\first_effect$func$cap_pdb_dual_port_compact_engine.sv:126$4105.$result[4:0]$7038 [2:0]
      New connections: $6\first_effect$func$cap_pdb_dual_port_compact_engine.sv:126$4105.$result[4:0]$7038 [4:3] = 2'00
    Consolidated identical input bits for $mux cell $procmux$13874:
      Old ports: A=$5\first_effect$func$cap_pdb_dual_port_compact_engine.sv:124$4107.$result[4:0]$7197, B=5'00101, Y=$6\first_effect$func$cap_pdb_dual_port_compact_engine.sv:124$4107.$result[4:0]$7201
      New ports: A=$5\first_effect$func$cap_pdb_dual_port_compact_engine.sv:124$4107.$result[4:0]$7197 [2:0], B=3'101, Y=$6\first_effect$func$cap_pdb_dual_port_compact_engine.sv:124$4107.$result[4:0]$7201 [2:0]
      New connections: $6\first_effect$func$cap_pdb_dual_port_compact_engine.sv:124$4107.$result[4:0]$7201 [4:3] = 2'00
    Consolidated identical input bits for $mux cell $procmux$14065:
      Old ports: A=$5\first_effect$func$cap_pdb_dual_port_compact_engine.sv:126$4108.$result[4:0]$7331, B=5'00101, Y=$6\first_effect$func$cap_pdb_dual_port_compact_engine.sv:126$4108.$result[4:0]$7335
      New ports: A=$5\first_effect$func$cap_pdb_dual_port_compact_engine.sv:126$4108.$result[4:0]$7331 [2:0], B=3'101, Y=$6\first_effect$func$cap_pdb_dual_port_compact_engine.sv:126$4108.$result[4:0]$7335 [2:0]
      New connections: $6\first_effect$func$cap_pdb_dual_port_compact_engine.sv:126$4108.$result[4:0]$7335 [4:3] = 2'00
    Consolidated identical input bits for $mux cell $procmux$14274:
      Old ports: A=$5\first_effect$func$cap_pdb_dual_port_compact_engine.sv:124$4110.$result[4:0]$7494, B=5'00101, Y=$6\first_effect$func$cap_pdb_dual_port_compact_engine.sv:124$4110.$result[4:0]$7498
      New ports: A=$5\first_effect$func$cap_pdb_dual_port_compact_engine.sv:124$4110.$result[4:0]$7494 [2:0], B=3'101, Y=$6\first_effect$func$cap_pdb_dual_port_compact_engine.sv:124$4110.$result[4:0]$7498 [2:0]
      New connections: $6\first_effect$func$cap_pdb_dual_port_compact_engine.sv:124$4110.$result[4:0]$7498 [4:3] = 2'00
    Consolidated identical input bits for $mux cell $procmux$14465:
      Old ports: A=$5\first_effect$func$cap_pdb_dual_port_compact_engine.sv:126$4111.$result[4:0]$7628, B=5'00101, Y=$6\first_effect$func$cap_pdb_dual_port_compact_engine.sv:126$4111.$result[4:0]$7632
      New ports: A=$5\first_effect$func$cap_pdb_dual_port_compact_engine.sv:126$4111.$result[4:0]$7628 [2:0], B=3'101, Y=$6\first_effect$func$cap_pdb_dual_port_compact_engine.sv:126$4111.$result[4:0]$7632 [2:0]
      New connections: $6\first_effect$func$cap_pdb_dual_port_compact_engine.sv:126$4111.$result[4:0]$7632 [4:3] = 2'00
    Consolidated identical input bits for $mux cell $procmux$14674:
      Old ports: A=$5\first_effect$func$cap_pdb_dual_port_compact_engine.sv:124$4113.$result[4:0]$7791, B=5'00101, Y=$6\first_effect$func$cap_pdb_dual_port_compact_engine.sv:124$4113.$result[4:0]$7795
      New ports: A=$5\first_effect$func$cap_pdb_dual_port_compact_engine.sv:124$4113.$result[4:0]$7791 [2:0], B=3'101, Y=$6\first_effect$func$cap_pdb_dual_port_compact_engine.sv:124$4113.$result[4:0]$7795 [2:0]
      New connections: $6\first_effect$func$cap_pdb_dual_port_compact_engine.sv:124$4113.$result[4:0]$7795 [4:3] = 2'00
    Consolidated identical input bits for $mux cell $procmux$14865:
      Old ports: A=$5\first_effect$func$cap_pdb_dual_port_compact_engine.sv:126$4114.$result[4:0]$7925, B=5'00101, Y=$6\first_effect$func$cap_pdb_dual_port_compact_engine.sv:126$4114.$result[4:0]$7929
      New ports: A=$5\first_effect$func$cap_pdb_dual_port_compact_engine.sv:126$4114.$result[4:0]$7925 [2:0], B=3'101, Y=$6\first_effect$func$cap_pdb_dual_port_compact_engine.sv:126$4114.$result[4:0]$7929 [2:0]
      New connections: $6\first_effect$func$cap_pdb_dual_port_compact_engine.sv:126$4114.$result[4:0]$7929 [4:3] = 2'00
    Consolidated identical input bits for $mux cell $procmux$9874:
      Old ports: A=$5\first_effect$func$cap_pdb_dual_port_compact_engine.sv:124$4077.$result[4:0]$4227, B=5'00101, Y=$6\first_effect$func$cap_pdb_dual_port_compact_engine.sv:124$4077.$result[4:0]$4231
      New ports: A=$5\first_effect$func$cap_pdb_dual_port_compact_engine.sv:124$4077.$result[4:0]$4227 [2:0], B=3'101, Y=$6\first_effect$func$cap_pdb_dual_port_compact_engine.sv:124$4077.$result[4:0]$4231 [2:0]
      New connections: $6\first_effect$func$cap_pdb_dual_port_compact_engine.sv:124$4077.$result[4:0]$4231 [4:3] = 2'00
  Optimizing cells in module \cap_pdb_dual_port_compact_allocation_engine.
    Consolidated identical input bits for $mux cell $procmux$10059:
      Old ports: A=$6\first_effect$func$cap_pdb_dual_port_compact_engine.sv:126$4078.$result[4:0]$4365, B=5'00110, Y=$7\first_effect$func$cap_pdb_dual_port_compact_engine.sv:126$4078.$result[4:0]$4369
      New ports: A=$6\first_effect$func$cap_pdb_dual_port_compact_engine.sv:126$4078.$result[4:0]$4365 [2:0], B=3'110, Y=$7\first_effect$func$cap_pdb_dual_port_compact_engine.sv:126$4078.$result[4:0]$4369 [2:0]
      New connections: $7\first_effect$func$cap_pdb_dual_port_compact_engine.sv:126$4078.$result[4:0]$4369 [4:3] = 2'00
    Consolidated identical input bits for $mux cell $procmux$10268:
      Old ports: A=$6\first_effect$func$cap_pdb_dual_port_compact_engine.sv:124$4080.$result[4:0]$4528, B=5'00110, Y=$7\first_effect$func$cap_pdb_dual_port_compact_engine.sv:124$4080.$result[4:0]$4532
      New ports: A=$6\first_effect$func$cap_pdb_dual_port_compact_engine.sv:124$4080.$result[4:0]$4528 [2:0], B=3'110, Y=$7\first_effect$func$cap_pdb_dual_port_compact_engine.sv:124$4080.$result[4:0]$4532 [2:0]
      New connections: $7\first_effect$func$cap_pdb_dual_port_compact_engine.sv:124$4080.$result[4:0]$4532 [4:3] = 2'00
    Consolidated identical input bits for $mux cell $procmux$10459:
      Old ports: A=$6\first_effect$func$cap_pdb_dual_port_compact_engine.sv:126$4081.$result[4:0]$4662, B=5'00110, Y=$7\first_effect$func$cap_pdb_dual_port_compact_engine.sv:126$4081.$result[4:0]$4666
      New ports: A=$6\first_effect$func$cap_pdb_dual_port_compact_engine.sv:126$4081.$result[4:0]$4662 [2:0], B=3'110, Y=$7\first_effect$func$cap_pdb_dual_port_compact_engine.sv:126$4081.$result[4:0]$4666 [2:0]
      New connections: $7\first_effect$func$cap_pdb_dual_port_compact_engine.sv:126$4081.$result[4:0]$4666 [4:3] = 2'00
    Consolidated identical input bits for $mux cell $procmux$10668:
      Old ports: A=$6\first_effect$func$cap_pdb_dual_port_compact_engine.sv:124$4083.$result[4:0]$4825, B=5'00110, Y=$7\first_effect$func$cap_pdb_dual_port_compact_engine.sv:124$4083.$result[4:0]$4829
      New ports: A=$6\first_effect$func$cap_pdb_dual_port_compact_engine.sv:124$4083.$result[4:0]$4825 [2:0], B=3'110, Y=$7\first_effect$func$cap_pdb_dual_port_compact_engine.sv:124$4083.$result[4:0]$4829 [2:0]
      New connections: $7\first_effect$func$cap_pdb_dual_port_compact_engine.sv:124$4083.$result[4:0]$4829 [4:3] = 2'00
    Consolidated identical input bits for $mux cell $procmux$10859:
      Old ports: A=$6\first_effect$func$cap_pdb_dual_port_compact_engine.sv:126$4084.$result[4:0]$4959, B=5'00110, Y=$7\first_effect$func$cap_pdb_dual_port_compact_engine.sv:126$4084.$result[4:0]$4963
      New ports: A=$6\first_effect$func$cap_pdb_dual_port_compact_engine.sv:126$4084.$result[4:0]$4959 [2:0], B=3'110, Y=$7\first_effect$func$cap_pdb_dual_port_compact_engine.sv:126$4084.$result[4:0]$4963 [2:0]
      New connections: $7\first_effect$func$cap_pdb_dual_port_compact_engine.sv:126$4084.$result[4:0]$4963 [4:3] = 2'00
    Consolidated identical input bits for $mux cell $procmux$11068:
      Old ports: A=$6\first_effect$func$cap_pdb_dual_port_compact_engine.sv:124$4086.$result[4:0]$5122, B=5'00110, Y=$7\first_effect$func$cap_pdb_dual_port_compact_engine.sv:124$4086.$result[4:0]$5126
      New ports: A=$6\first_effect$func$cap_pdb_dual_port_compact_engine.sv:124$4086.$result[4:0]$5122 [2:0], B=3'110, Y=$7\first_effect$func$cap_pdb_dual_port_compact_engine.sv:124$4086.$result[4:0]$5126 [2:0]
      New connections: $7\first_effect$func$cap_pdb_dual_port_compact_engine.sv:124$4086.$result[4:0]$5126 [4:3] = 2'00
    Consolidated identical input bits for $mux cell $procmux$11259:
      Old ports: A=$6\first_effect$func$cap_pdb_dual_port_compact_engine.sv:126$4087.$result[4:0]$5256, B=5'00110, Y=$7\first_effect$func$cap_pdb_dual_port_compact_engine.sv:126$4087.$result[4:0]$5260
      New ports: A=$6\first_effect$func$cap_pdb_dual_port_compact_engine.sv:126$4087.$result[4:0]$5256 [2:0], B=3'110, Y=$7\first_effect$func$cap_pdb_dual_port_compact_engine.sv:126$4087.$result[4:0]$5260 [2:0]
      New connections: $7\first_effect$func$cap_pdb_dual_port_compact_engine.sv:126$4087.$result[4:0]$5260 [4:3] = 2'00
    Consolidated identical input bits for $mux cell $procmux$11468:
      Old ports: A=$6\first_effect$func$cap_pdb_dual_port_compact_engine.sv:124$4089.$result[4:0]$5419, B=5'00110, Y=$7\first_effect$func$cap_pdb_dual_port_compact_engine.sv:124$4089.$result[4:0]$5423
      New ports: A=$6\first_effect$func$cap_pdb_dual_port_compact_engine.sv:124$4089.$result[4:0]$5419 [2:0], B=3'110, Y=$7\first_effect$func$cap_pdb_dual_port_compact_engine.sv:124$4089.$result[4:0]$5423 [2:0]
      New connections: $7\first_effect$func$cap_pdb_dual_port_compact_engine.sv:124$4089.$result[4:0]$5423 [4:3] = 2'00
    Consolidated identical input bits for $mux cell $procmux$11659:
      Old ports: A=$6\first_effect$func$cap_pdb_dual_port_compact_engine.sv:126$4090.$result[4:0]$5553, B=5'00110, Y=$7\first_effect$func$cap_pdb_dual_port_compact_engine.sv:126$4090.$result[4:0]$5557
      New ports: A=$6\first_effect$func$cap_pdb_dual_port_compact_engine.sv:126$4090.$result[4:0]$5553 [2:0], B=3'110, Y=$7\first_effect$func$cap_pdb_dual_port_compact_engine.sv:126$4090.$result[4:0]$5557 [2:0]
      New connections: $7\first_effect$func$cap_pdb_dual_port_compact_engine.sv:126$4090.$result[4:0]$5557 [4:3] = 2'00
    Consolidated identical input bits for $mux cell $procmux$11868:
      Old ports: A=$6\first_effect$func$cap_pdb_dual_port_compact_engine.sv:124$4092.$result[4:0]$5716, B=5'00110, Y=$7\first_effect$func$cap_pdb_dual_port_compact_engine.sv:124$4092.$result[4:0]$5720
      New ports: A=$6\first_effect$func$cap_pdb_dual_port_compact_engine.sv:124$4092.$result[4:0]$5716 [2:0], B=3'110, Y=$7\first_effect$func$cap_pdb_dual_port_compact_engine.sv:124$4092.$result[4:0]$5720 [2:0]
      New connections: $7\first_effect$func$cap_pdb_dual_port_compact_engine.sv:124$4092.$result[4:0]$5720 [4:3] = 2'00
    Consolidated identical input bits for $mux cell $procmux$12059:
      Old ports: A=$6\first_effect$func$cap_pdb_dual_port_compact_engine.sv:126$4093.$result[4:0]$5850, B=5'00110, Y=$7\first_effect$func$cap_pdb_dual_port_compact_engine.sv:126$4093.$result[4:0]$5854
      New ports: A=$6\first_effect$func$cap_pdb_dual_port_compact_engine.sv:126$4093.$result[4:0]$5850 [2:0], B=3'110, Y=$7\first_effect$func$cap_pdb_dual_port_compact_engine.sv:126$4093.$result[4:0]$5854 [2:0]
      New connections: $7\first_effect$func$cap_pdb_dual_port_compact_engine.sv:126$4093.$result[4:0]$5854 [4:3] = 2'00
    Consolidated identical input bits for $mux cell $procmux$12268:
      Old ports: A=$6\first_effect$func$cap_pdb_dual_port_compact_engine.sv:124$4095.$result[4:0]$6013, B=5'00110, Y=$7\first_effect$func$cap_pdb_dual_port_compact_engine.sv:124$4095.$result[4:0]$6017
      New ports: A=$6\first_effect$func$cap_pdb_dual_port_compact_engine.sv:124$4095.$result[4:0]$6013 [2:0], B=3'110, Y=$7\first_effect$func$cap_pdb_dual_port_compact_engine.sv:124$4095.$result[4:0]$6017 [2:0]
      New connections: $7\first_effect$func$cap_pdb_dual_port_compact_engine.sv:124$4095.$result[4:0]$6017 [4:3] = 2'00
    Consolidated identical input bits for $mux cell $procmux$12459:
      Old ports: A=$6\first_effect$func$cap_pdb_dual_port_compact_engine.sv:126$4096.$result[4:0]$6147, B=5'00110, Y=$7\first_effect$func$cap_pdb_dual_port_compact_engine.sv:126$4096.$result[4:0]$6151
      New ports: A=$6\first_effect$func$cap_pdb_dual_port_compact_engine.sv:126$4096.$result[4:0]$6147 [2:0], B=3'110, Y=$7\first_effect$func$cap_pdb_dual_port_compact_engine.sv:126$4096.$result[4:0]$6151 [2:0]
      New connections: $7\first_effect$func$cap_pdb_dual_port_compact_engine.sv:126$4096.$result[4:0]$6151 [4:3] = 2'00
    Consolidated identical input bits for $mux cell $procmux$12668:
      Old ports: A=$6\first_effect$func$cap_pdb_dual_port_compact_engine.sv:124$4098.$result[4:0]$6310, B=5'00110, Y=$7\first_effect$func$cap_pdb_dual_port_compact_engine.sv:124$4098.$result[4:0]$6314
      New ports: A=$6\first_effect$func$cap_pdb_dual_port_compact_engine.sv:124$4098.$result[4:0]$6310 [2:0], B=3'110, Y=$7\first_effect$func$cap_pdb_dual_port_compact_engine.sv:124$4098.$result[4:0]$6314 [2:0]
      New connections: $7\first_effect$func$cap_pdb_dual_port_compact_engine.sv:124$4098.$result[4:0]$6314 [4:3] = 2'00
    Consolidated identical input bits for $mux cell $procmux$12859:
      Old ports: A=$6\first_effect$func$cap_pdb_dual_port_compact_engine.sv:126$4099.$result[4:0]$6444, B=5'00110, Y=$7\first_effect$func$cap_pdb_dual_port_compact_engine.sv:126$4099.$result[4:0]$6448
      New ports: A=$6\first_effect$func$cap_pdb_dual_port_compact_engine.sv:126$4099.$result[4:0]$6444 [2:0], B=3'110, Y=$7\first_effect$func$cap_pdb_dual_port_compact_engine.sv:126$4099.$result[4:0]$6448 [2:0]
      New connections: $7\first_effect$func$cap_pdb_dual_port_compact_engine.sv:126$4099.$result[4:0]$6448 [4:3] = 2'00
    Consolidated identical input bits for $mux cell $procmux$13068:
      Old ports: A=$6\first_effect$func$cap_pdb_dual_port_compact_engine.sv:124$4101.$result[4:0]$6607, B=5'00110, Y=$7\first_effect$func$cap_pdb_dual_port_compact_engine.sv:124$4101.$result[4:0]$6611
      New ports: A=$6\first_effect$func$cap_pdb_dual_port_compact_engine.sv:124$4101.$result[4:0]$6607 [2:0], B=3'110, Y=$7\first_effect$func$cap_pdb_dual_port_compact_engine.sv:124$4101.$result[4:0]$6611 [2:0]
      New connections: $7\first_effect$func$cap_pdb_dual_port_compact_engine.sv:124$4101.$result[4:0]$6611 [4:3] = 2'00
    Consolidated identical input bits for $mux cell $procmux$13259:
      Old ports: A=$6\first_effect$func$cap_pdb_dual_port_compact_engine.sv:126$4102.$result[4:0]$6741, B=5'00110, Y=$7\first_effect$func$cap_pdb_dual_port_compact_engine.sv:126$4102.$result[4:0]$6745
      New ports: A=$6\first_effect$func$cap_pdb_dual_port_compact_engine.sv:126$4102.$result[4:0]$6741 [2:0], B=3'110, Y=$7\first_effect$func$cap_pdb_dual_port_compact_engine.sv:126$4102.$result[4:0]$6745 [2:0]
      New connections: $7\first_effect$func$cap_pdb_dual_port_compact_engine.sv:126$4102.$result[4:0]$6745 [4:3] = 2'00
    Consolidated identical input bits for $mux cell $procmux$13468:
      Old ports: A=$6\first_effect$func$cap_pdb_dual_port_compact_engine.sv:124$4104.$result[4:0]$6904, B=5'00110, Y=$7\first_effect$func$cap_pdb_dual_port_compact_engine.sv:124$4104.$result[4:0]$6908
      New ports: A=$6\first_effect$func$cap_pdb_dual_port_compact_engine.sv:124$4104.$result[4:0]$6904 [2:0], B=3'110, Y=$7\first_effect$func$cap_pdb_dual_port_compact_engine.sv:124$4104.$result[4:0]$6908 [2:0]
      New connections: $7\first_effect$func$cap_pdb_dual_port_compact_engine.sv:124$4104.$result[4:0]$6908 [4:3] = 2'00
    Consolidated identical input bits for $mux cell $procmux$13659:
      Old ports: A=$6\first_effect$func$cap_pdb_dual_port_compact_engine.sv:126$4105.$result[4:0]$7038, B=5'00110, Y=$7\first_effect$func$cap_pdb_dual_port_compact_engine.sv:126$4105.$result[4:0]$7042
      New ports: A=$6\first_effect$func$cap_pdb_dual_port_compact_engine.sv:126$4105.$result[4:0]$7038 [2:0], B=3'110, Y=$7\first_effect$func$cap_pdb_dual_port_compact_engine.sv:126$4105.$result[4:0]$7042 [2:0]
      New connections: $7\first_effect$func$cap_pdb_dual_port_compact_engine.sv:126$4105.$result[4:0]$7042 [4:3] = 2'00
    Consolidated identical input bits for $mux cell $procmux$13868:
      Old ports: A=$6\first_effect$func$cap_pdb_dual_port_compact_engine.sv:124$4107.$result[4:0]$7201, B=5'00110, Y=$7\first_effect$func$cap_pdb_dual_port_compact_engine.sv:124$4107.$result[4:0]$7205
      New ports: A=$6\first_effect$func$cap_pdb_dual_port_compact_engine.sv:124$4107.$result[4:0]$7201 [2:0], B=3'110, Y=$7\first_effect$func$cap_pdb_dual_port_compact_engine.sv:124$4107.$result[4:0]$7205 [2:0]
      New connections: $7\first_effect$func$cap_pdb_dual_port_compact_engine.sv:124$4107.$result[4:0]$7205 [4:3] = 2'00
    Consolidated identical input bits for $mux cell $procmux$14059:
      Old ports: A=$6\first_effect$func$cap_pdb_dual_port_compact_engine.sv:126$4108.$result[4:0]$7335, B=5'00110, Y=$7\first_effect$func$cap_pdb_dual_port_compact_engine.sv:126$4108.$result[4:0]$7339
      New ports: A=$6\first_effect$func$cap_pdb_dual_port_compact_engine.sv:126$4108.$result[4:0]$7335 [2:0], B=3'110, Y=$7\first_effect$func$cap_pdb_dual_port_compact_engine.sv:126$4108.$result[4:0]$7339 [2:0]
      New connections: $7\first_effect$func$cap_pdb_dual_port_compact_engine.sv:126$4108.$result[4:0]$7339 [4:3] = 2'00
    Consolidated identical input bits for $mux cell $procmux$14268:
      Old ports: A=$6\first_effect$func$cap_pdb_dual_port_compact_engine.sv:124$4110.$result[4:0]$7498, B=5'00110, Y=$7\first_effect$func$cap_pdb_dual_port_compact_engine.sv:124$4110.$result[4:0]$7502
      New ports: A=$6\first_effect$func$cap_pdb_dual_port_compact_engine.sv:124$4110.$result[4:0]$7498 [2:0], B=3'110, Y=$7\first_effect$func$cap_pdb_dual_port_compact_engine.sv:124$4110.$result[4:0]$7502 [2:0]
      New connections: $7\first_effect$func$cap_pdb_dual_port_compact_engine.sv:124$4110.$result[4:0]$7502 [4:3] = 2'00
    Consolidated identical input bits for $mux cell $procmux$14459:
      Old ports: A=$6\first_effect$func$cap_pdb_dual_port_compact_engine.sv:126$4111.$result[4:0]$7632, B=5'00110, Y=$7\first_effect$func$cap_pdb_dual_port_compact_engine.sv:126$4111.$result[4:0]$7636
      New ports: A=$6\first_effect$func$cap_pdb_dual_port_compact_engine.sv:126$4111.$result[4:0]$7632 [2:0], B=3'110, Y=$7\first_effect$func$cap_pdb_dual_port_compact_engine.sv:126$4111.$result[4:0]$7636 [2:0]
      New connections: $7\first_effect$func$cap_pdb_dual_port_compact_engine.sv:126$4111.$result[4:0]$7636 [4:3] = 2'00
    Consolidated identical input bits for $mux cell $procmux$14668:
      Old ports: A=$6\first_effect$func$cap_pdb_dual_port_compact_engine.sv:124$4113.$result[4:0]$7795, B=5'00110, Y=$7\first_effect$func$cap_pdb_dual_port_compact_engine.sv:124$4113.$result[4:0]$7799
      New ports: A=$6\first_effect$func$cap_pdb_dual_port_compact_engine.sv:124$4113.$result[4:0]$7795 [2:0], B=3'110, Y=$7\first_effect$func$cap_pdb_dual_port_compact_engine.sv:124$4113.$result[4:0]$7799 [2:0]
      New connections: $7\first_effect$func$cap_pdb_dual_port_compact_engine.sv:124$4113.$result[4:0]$7799 [4:3] = 2'00
    Consolidated identical input bits for $mux cell $procmux$14859:
      Old ports: A=$6\first_effect$func$cap_pdb_dual_port_compact_engine.sv:126$4114.$result[4:0]$7929, B=5'00110, Y=$7\first_effect$func$cap_pdb_dual_port_compact_engine.sv:126$4114.$result[4:0]$7933
      New ports: A=$6\first_effect$func$cap_pdb_dual_port_compact_engine.sv:126$4114.$result[4:0]$7929 [2:0], B=3'110, Y=$7\first_effect$func$cap_pdb_dual_port_compact_engine.sv:126$4114.$result[4:0]$7933 [2:0]
      New connections: $7\first_effect$func$cap_pdb_dual_port_compact_engine.sv:126$4114.$result[4:0]$7933 [4:3] = 2'00
    Consolidated identical input bits for $mux cell $procmux$9868:
      Old ports: A=$6\first_effect$func$cap_pdb_dual_port_compact_engine.sv:124$4077.$result[4:0]$4231, B=5'00110, Y=$7\first_effect$func$cap_pdb_dual_port_compact_engine.sv:124$4077.$result[4:0]$4235
      New ports: A=$6\first_effect$func$cap_pdb_dual_port_compact_engine.sv:124$4077.$result[4:0]$4231 [2:0], B=3'110, Y=$7\first_effect$func$cap_pdb_dual_port_compact_engine.sv:124$4077.$result[4:0]$4235 [2:0]
      New connections: $7\first_effect$func$cap_pdb_dual_port_compact_engine.sv:124$4077.$result[4:0]$4235 [4:3] = 2'00
  Optimizing cells in module \cap_pdb_dual_port_compact_allocation_engine.
    Consolidated identical input bits for $mux cell $procmux$10053:
      Old ports: A=$7\first_effect$func$cap_pdb_dual_port_compact_engine.sv:126$4078.$result[4:0]$4369, B=5'00111, Y=$8\first_effect$func$cap_pdb_dual_port_compact_engine.sv:126$4078.$result[4:0]$4373
      New ports: A=$7\first_effect$func$cap_pdb_dual_port_compact_engine.sv:126$4078.$result[4:0]$4369 [2:0], B=3'111, Y=$8\first_effect$func$cap_pdb_dual_port_compact_engine.sv:126$4078.$result[4:0]$4373 [2:0]
      New connections: $8\first_effect$func$cap_pdb_dual_port_compact_engine.sv:126$4078.$result[4:0]$4373 [4:3] = 2'00
    Consolidated identical input bits for $mux cell $procmux$10262:
      Old ports: A=$7\first_effect$func$cap_pdb_dual_port_compact_engine.sv:124$4080.$result[4:0]$4532, B=5'00111, Y=$8\first_effect$func$cap_pdb_dual_port_compact_engine.sv:124$4080.$result[4:0]$4536
      New ports: A=$7\first_effect$func$cap_pdb_dual_port_compact_engine.sv:124$4080.$result[4:0]$4532 [2:0], B=3'111, Y=$8\first_effect$func$cap_pdb_dual_port_compact_engine.sv:124$4080.$result[4:0]$4536 [2:0]
      New connections: $8\first_effect$func$cap_pdb_dual_port_compact_engine.sv:124$4080.$result[4:0]$4536 [4:3] = 2'00
    Consolidated identical input bits for $mux cell $procmux$10453:
      Old ports: A=$7\first_effect$func$cap_pdb_dual_port_compact_engine.sv:126$4081.$result[4:0]$4666, B=5'00111, Y=$8\first_effect$func$cap_pdb_dual_port_compact_engine.sv:126$4081.$result[4:0]$4670
      New ports: A=$7\first_effect$func$cap_pdb_dual_port_compact_engine.sv:126$4081.$result[4:0]$4666 [2:0], B=3'111, Y=$8\first_effect$func$cap_pdb_dual_port_compact_engine.sv:126$4081.$result[4:0]$4670 [2:0]
      New connections: $8\first_effect$func$cap_pdb_dual_port_compact_engine.sv:126$4081.$result[4:0]$4670 [4:3] = 2'00
    Consolidated identical input bits for $mux cell $procmux$10662:
      Old ports: A=$7\first_effect$func$cap_pdb_dual_port_compact_engine.sv:124$4083.$result[4:0]$4829, B=5'00111, Y=$8\first_effect$func$cap_pdb_dual_port_compact_engine.sv:124$4083.$result[4:0]$4833
      New ports: A=$7\first_effect$func$cap_pdb_dual_port_compact_engine.sv:124$4083.$result[4:0]$4829 [2:0], B=3'111, Y=$8\first_effect$func$cap_pdb_dual_port_compact_engine.sv:124$4083.$result[4:0]$4833 [2:0]
      New connections: $8\first_effect$func$cap_pdb_dual_port_compact_engine.sv:124$4083.$result[4:0]$4833 [4:3] = 2'00
    Consolidated identical input bits for $mux cell $procmux$10853:
      Old ports: A=$7\first_effect$func$cap_pdb_dual_port_compact_engine.sv:126$4084.$result[4:0]$4963, B=5'00111, Y=$8\first_effect$func$cap_pdb_dual_port_compact_engine.sv:126$4084.$result[4:0]$4967
      New ports: A=$7\first_effect$func$cap_pdb_dual_port_compact_engine.sv:126$4084.$result[4:0]$4963 [2:0], B=3'111, Y=$8\first_effect$func$cap_pdb_dual_port_compact_engine.sv:126$4084.$result[4:0]$4967 [2:0]
      New connections: $8\first_effect$func$cap_pdb_dual_port_compact_engine.sv:126$4084.$result[4:0]$4967 [4:3] = 2'00
    Consolidated identical input bits for $mux cell $procmux$11062:
      Old ports: A=$7\first_effect$func$cap_pdb_dual_port_compact_engine.sv:124$4086.$result[4:0]$5126, B=5'00111, Y=$8\first_effect$func$cap_pdb_dual_port_compact_engine.sv:124$4086.$result[4:0]$5130
      New ports: A=$7\first_effect$func$cap_pdb_dual_port_compact_engine.sv:124$4086.$result[4:0]$5126 [2:0], B=3'111, Y=$8\first_effect$func$cap_pdb_dual_port_compact_engine.sv:124$4086.$result[4:0]$5130 [2:0]
      New connections: $8\first_effect$func$cap_pdb_dual_port_compact_engine.sv:124$4086.$result[4:0]$5130 [4:3] = 2'00
    Consolidated identical input bits for $mux cell $procmux$11253:
      Old ports: A=$7\first_effect$func$cap_pdb_dual_port_compact_engine.sv:126$4087.$result[4:0]$5260, B=5'00111, Y=$8\first_effect$func$cap_pdb_dual_port_compact_engine.sv:126$4087.$result[4:0]$5264
      New ports: A=$7\first_effect$func$cap_pdb_dual_port_compact_engine.sv:126$4087.$result[4:0]$5260 [2:0], B=3'111, Y=$8\first_effect$func$cap_pdb_dual_port_compact_engine.sv:126$4087.$result[4:0]$5264 [2:0]
      New connections: $8\first_effect$func$cap_pdb_dual_port_compact_engine.sv:126$4087.$result[4:0]$5264 [4:3] = 2'00
    Consolidated identical input bits for $mux cell $procmux$11462:
      Old ports: A=$7\first_effect$func$cap_pdb_dual_port_compact_engine.sv:124$4089.$result[4:0]$5423, B=5'00111, Y=$8\first_effect$func$cap_pdb_dual_port_compact_engine.sv:124$4089.$result[4:0]$5427
      New ports: A=$7\first_effect$func$cap_pdb_dual_port_compact_engine.sv:124$4089.$result[4:0]$5423 [2:0], B=3'111, Y=$8\first_effect$func$cap_pdb_dual_port_compact_engine.sv:124$4089.$result[4:0]$5427 [2:0]
      New connections: $8\first_effect$func$cap_pdb_dual_port_compact_engine.sv:124$4089.$result[4:0]$5427 [4:3] = 2'00
    Consolidated identical input bits for $mux cell $procmux$11653:
      Old ports: A=$7\first_effect$func$cap_pdb_dual_port_compact_engine.sv:126$4090.$result[4:0]$5557, B=5'00111, Y=$8\first_effect$func$cap_pdb_dual_port_compact_engine.sv:126$4090.$result[4:0]$5561
      New ports: A=$7\first_effect$func$cap_pdb_dual_port_compact_engine.sv:126$4090.$result[4:0]$5557 [2:0], B=3'111, Y=$8\first_effect$func$cap_pdb_dual_port_compact_engine.sv:126$4090.$result[4:0]$5561 [2:0]
      New connections: $8\first_effect$func$cap_pdb_dual_port_compact_engine.sv:126$4090.$result[4:0]$5561 [4:3] = 2'00
    Consolidated identical input bits for $mux cell $procmux$11862:
      Old ports: A=$7\first_effect$func$cap_pdb_dual_port_compact_engine.sv:124$4092.$result[4:0]$5720, B=5'00111, Y=$8\first_effect$func$cap_pdb_dual_port_compact_engine.sv:124$4092.$result[4:0]$5724
      New ports: A=$7\first_effect$func$cap_pdb_dual_port_compact_engine.sv:124$4092.$result[4:0]$5720 [2:0], B=3'111, Y=$8\first_effect$func$cap_pdb_dual_port_compact_engine.sv:124$4092.$result[4:0]$5724 [2:0]
      New connections: $8\first_effect$func$cap_pdb_dual_port_compact_engine.sv:124$4092.$result[4:0]$5724 [4:3] = 2'00
    Consolidated identical input bits for $mux cell $procmux$12053:
      Old ports: A=$7\first_effect$func$cap_pdb_dual_port_compact_engine.sv:126$4093.$result[4:0]$5854, B=5'00111, Y=$8\first_effect$func$cap_pdb_dual_port_compact_engine.sv:126$4093.$result[4:0]$5858
      New ports: A=$7\first_effect$func$cap_pdb_dual_port_compact_engine.sv:126$4093.$result[4:0]$5854 [2:0], B=3'111, Y=$8\first_effect$func$cap_pdb_dual_port_compact_engine.sv:126$4093.$result[4:0]$5858 [2:0]
      New connections: $8\first_effect$func$cap_pdb_dual_port_compact_engine.sv:126$4093.$result[4:0]$5858 [4:3] = 2'00
    Consolidated identical input bits for $mux cell $procmux$12262:
      Old ports: A=$7\first_effect$func$cap_pdb_dual_port_compact_engine.sv:124$4095.$result[4:0]$6017, B=5'00111, Y=$8\first_effect$func$cap_pdb_dual_port_compact_engine.sv:124$4095.$result[4:0]$6021
      New ports: A=$7\first_effect$func$cap_pdb_dual_port_compact_engine.sv:124$4095.$result[4:0]$6017 [2:0], B=3'111, Y=$8\first_effect$func$cap_pdb_dual_port_compact_engine.sv:124$4095.$result[4:0]$6021 [2:0]
      New connections: $8\first_effect$func$cap_pdb_dual_port_compact_engine.sv:124$4095.$result[4:0]$6021 [4:3] = 2'00
    Consolidated identical input bits for $mux cell $procmux$12453:
      Old ports: A=$7\first_effect$func$cap_pdb_dual_port_compact_engine.sv:126$4096.$result[4:0]$6151, B=5'00111, Y=$8\first_effect$func$cap_pdb_dual_port_compact_engine.sv:126$4096.$result[4:0]$6155
      New ports: A=$7\first_effect$func$cap_pdb_dual_port_compact_engine.sv:126$4096.$result[4:0]$6151 [2:0], B=3'111, Y=$8\first_effect$func$cap_pdb_dual_port_compact_engine.sv:126$4096.$result[4:0]$6155 [2:0]
      New connections: $8\first_effect$func$cap_pdb_dual_port_compact_engine.sv:126$4096.$result[4:0]$6155 [4:3] = 2'00
    Consolidated identical input bits for $mux cell $procmux$12662:
      Old ports: A=$7\first_effect$func$cap_pdb_dual_port_compact_engine.sv:124$4098.$result[4:0]$6314, B=5'00111, Y=$8\first_effect$func$cap_pdb_dual_port_compact_engine.sv:124$4098.$result[4:0]$6318
      New ports: A=$7\first_effect$func$cap_pdb_dual_port_compact_engine.sv:124$4098.$result[4:0]$6314 [2:0], B=3'111, Y=$8\first_effect$func$cap_pdb_dual_port_compact_engine.sv:124$4098.$result[4:0]$6318 [2:0]
      New connections: $8\first_effect$func$cap_pdb_dual_port_compact_engine.sv:124$4098.$result[4:0]$6318 [4:3] = 2'00
    Consolidated identical input bits for $mux cell $procmux$12853:
      Old ports: A=$7\first_effect$func$cap_pdb_dual_port_compact_engine.sv:126$4099.$result[4:0]$6448, B=5'00111, Y=$8\first_effect$func$cap_pdb_dual_port_compact_engine.sv:126$4099.$result[4:0]$6452
      New ports: A=$7\first_effect$func$cap_pdb_dual_port_compact_engine.sv:126$4099.$result[4:0]$6448 [2:0], B=3'111, Y=$8\first_effect$func$cap_pdb_dual_port_compact_engine.sv:126$4099.$result[4:0]$6452 [2:0]
      New connections: $8\first_effect$func$cap_pdb_dual_port_compact_engine.sv:126$4099.$result[4:0]$6452 [4:3] = 2'00
    Consolidated identical input bits for $mux cell $procmux$13062:
      Old ports: A=$7\first_effect$func$cap_pdb_dual_port_compact_engine.sv:124$4101.$result[4:0]$6611, B=5'00111, Y=$8\first_effect$func$cap_pdb_dual_port_compact_engine.sv:124$4101.$result[4:0]$6615
      New ports: A=$7\first_effect$func$cap_pdb_dual_port_compact_engine.sv:124$4101.$result[4:0]$6611 [2:0], B=3'111, Y=$8\first_effect$func$cap_pdb_dual_port_compact_engine.sv:124$4101.$result[4:0]$6615 [2:0]
      New connections: $8\first_effect$func$cap_pdb_dual_port_compact_engine.sv:124$4101.$result[4:0]$6615 [4:3] = 2'00
    Consolidated identical input bits for $mux cell $procmux$13253:
      Old ports: A=$7\first_effect$func$cap_pdb_dual_port_compact_engine.sv:126$4102.$result[4:0]$6745, B=5'00111, Y=$8\first_effect$func$cap_pdb_dual_port_compact_engine.sv:126$4102.$result[4:0]$6749
      New ports: A=$7\first_effect$func$cap_pdb_dual_port_compact_engine.sv:126$4102.$result[4:0]$6745 [2:0], B=3'111, Y=$8\first_effect$func$cap_pdb_dual_port_compact_engine.sv:126$4102.$result[4:0]$6749 [2:0]
      New connections: $8\first_effect$func$cap_pdb_dual_port_compact_engine.sv:126$4102.$result[4:0]$6749 [4:3] = 2'00
    Consolidated identical input bits for $mux cell $procmux$13462:
      Old ports: A=$7\first_effect$func$cap_pdb_dual_port_compact_engine.sv:124$4104.$result[4:0]$6908, B=5'00111, Y=$8\first_effect$func$cap_pdb_dual_port_compact_engine.sv:124$4104.$result[4:0]$6912
      New ports: A=$7\first_effect$func$cap_pdb_dual_port_compact_engine.sv:124$4104.$result[4:0]$6908 [2:0], B=3'111, Y=$8\first_effect$func$cap_pdb_dual_port_compact_engine.sv:124$4104.$result[4:0]$6912 [2:0]
      New connections: $8\first_effect$func$cap_pdb_dual_port_compact_engine.sv:124$4104.$result[4:0]$6912 [4:3] = 2'00
    Consolidated identical input bits for $mux cell $procmux$13653:
      Old ports: A=$7\first_effect$func$cap_pdb_dual_port_compact_engine.sv:126$4105.$result[4:0]$7042, B=5'00111, Y=$8\first_effect$func$cap_pdb_dual_port_compact_engine.sv:126$4105.$result[4:0]$7046
      New ports: A=$7\first_effect$func$cap_pdb_dual_port_compact_engine.sv:126$4105.$result[4:0]$7042 [2:0], B=3'111, Y=$8\first_effect$func$cap_pdb_dual_port_compact_engine.sv:126$4105.$result[4:0]$7046 [2:0]
      New connections: $8\first_effect$func$cap_pdb_dual_port_compact_engine.sv:126$4105.$result[4:0]$7046 [4:3] = 2'00
    Consolidated identical input bits for $mux cell $procmux$13862:
      Old ports: A=$7\first_effect$func$cap_pdb_dual_port_compact_engine.sv:124$4107.$result[4:0]$7205, B=5'00111, Y=$8\first_effect$func$cap_pdb_dual_port_compact_engine.sv:124$4107.$result[4:0]$7209
      New ports: A=$7\first_effect$func$cap_pdb_dual_port_compact_engine.sv:124$4107.$result[4:0]$7205 [2:0], B=3'111, Y=$8\first_effect$func$cap_pdb_dual_port_compact_engine.sv:124$4107.$result[4:0]$7209 [2:0]
      New connections: $8\first_effect$func$cap_pdb_dual_port_compact_engine.sv:124$4107.$result[4:0]$7209 [4:3] = 2'00
    Consolidated identical input bits for $mux cell $procmux$14053:
      Old ports: A=$7\first_effect$func$cap_pdb_dual_port_compact_engine.sv:126$4108.$result[4:0]$7339, B=5'00111, Y=$8\first_effect$func$cap_pdb_dual_port_compact_engine.sv:126$4108.$result[4:0]$7343
      New ports: A=$7\first_effect$func$cap_pdb_dual_port_compact_engine.sv:126$4108.$result[4:0]$7339 [2:0], B=3'111, Y=$8\first_effect$func$cap_pdb_dual_port_compact_engine.sv:126$4108.$result[4:0]$7343 [2:0]
      New connections: $8\first_effect$func$cap_pdb_dual_port_compact_engine.sv:126$4108.$result[4:0]$7343 [4:3] = 2'00
    Consolidated identical input bits for $mux cell $procmux$14262:
      Old ports: A=$7\first_effect$func$cap_pdb_dual_port_compact_engine.sv:124$4110.$result[4:0]$7502, B=5'00111, Y=$8\first_effect$func$cap_pdb_dual_port_compact_engine.sv:124$4110.$result[4:0]$7506
      New ports: A=$7\first_effect$func$cap_pdb_dual_port_compact_engine.sv:124$4110.$result[4:0]$7502 [2:0], B=3'111, Y=$8\first_effect$func$cap_pdb_dual_port_compact_engine.sv:124$4110.$result[4:0]$7506 [2:0]
      New connections: $8\first_effect$func$cap_pdb_dual_port_compact_engine.sv:124$4110.$result[4:0]$7506 [4:3] = 2'00
    Consolidated identical input bits for $mux cell $procmux$14453:
      Old ports: A=$7\first_effect$func$cap_pdb_dual_port_compact_engine.sv:126$4111.$result[4:0]$7636, B=5'00111, Y=$8\first_effect$func$cap_pdb_dual_port_compact_engine.sv:126$4111.$result[4:0]$7640
      New ports: A=$7\first_effect$func$cap_pdb_dual_port_compact_engine.sv:126$4111.$result[4:0]$7636 [2:0], B=3'111, Y=$8\first_effect$func$cap_pdb_dual_port_compact_engine.sv:126$4111.$result[4:0]$7640 [2:0]
      New connections: $8\first_effect$func$cap_pdb_dual_port_compact_engine.sv:126$4111.$result[4:0]$7640 [4:3] = 2'00
    Consolidated identical input bits for $mux cell $procmux$14662:
      Old ports: A=$7\first_effect$func$cap_pdb_dual_port_compact_engine.sv:124$4113.$result[4:0]$7799, B=5'00111, Y=$8\first_effect$func$cap_pdb_dual_port_compact_engine.sv:124$4113.$result[4:0]$7803
      New ports: A=$7\first_effect$func$cap_pdb_dual_port_compact_engine.sv:124$4113.$result[4:0]$7799 [2:0], B=3'111, Y=$8\first_effect$func$cap_pdb_dual_port_compact_engine.sv:124$4113.$result[4:0]$7803 [2:0]
      New connections: $8\first_effect$func$cap_pdb_dual_port_compact_engine.sv:124$4113.$result[4:0]$7803 [4:3] = 2'00
    Consolidated identical input bits for $mux cell $procmux$14853:
      Old ports: A=$7\first_effect$func$cap_pdb_dual_port_compact_engine.sv:126$4114.$result[4:0]$7933, B=5'00111, Y=$8\first_effect$func$cap_pdb_dual_port_compact_engine.sv:126$4114.$result[4:0]$7937
      New ports: A=$7\first_effect$func$cap_pdb_dual_port_compact_engine.sv:126$4114.$result[4:0]$7933 [2:0], B=3'111, Y=$8\first_effect$func$cap_pdb_dual_port_compact_engine.sv:126$4114.$result[4:0]$7937 [2:0]
      New connections: $8\first_effect$func$cap_pdb_dual_port_compact_engine.sv:126$4114.$result[4:0]$7937 [4:3] = 2'00
    Consolidated identical input bits for $mux cell $procmux$9862:
      Old ports: A=$7\first_effect$func$cap_pdb_dual_port_compact_engine.sv:124$4077.$result[4:0]$4235, B=5'00111, Y=$8\first_effect$func$cap_pdb_dual_port_compact_engine.sv:124$4077.$result[4:0]$4239
      New ports: A=$7\first_effect$func$cap_pdb_dual_port_compact_engine.sv:124$4077.$result[4:0]$4235 [2:0], B=3'111, Y=$8\first_effect$func$cap_pdb_dual_port_compact_engine.sv:124$4077.$result[4:0]$4239 [2:0]
      New connections: $8\first_effect$func$cap_pdb_dual_port_compact_engine.sv:124$4077.$result[4:0]$4239 [4:3] = 2'00
  Optimizing cells in module \cap_pdb_dual_port_compact_allocation_engine.
    Consolidated identical input bits for $mux cell $procmux$10047:
      Old ports: A=$8\first_effect$func$cap_pdb_dual_port_compact_engine.sv:126$4078.$result[4:0]$4373, B=5'01000, Y=$9\first_effect$func$cap_pdb_dual_port_compact_engine.sv:126$4078.$result[4:0]$4377
      New ports: A={ 1'0 $8\first_effect$func$cap_pdb_dual_port_compact_engine.sv:126$4078.$result[4:0]$4373 [2:0] }, B=4'1000, Y=$9\first_effect$func$cap_pdb_dual_port_compact_engine.sv:126$4078.$result[4:0]$4377 [3:0]
      New connections: $9\first_effect$func$cap_pdb_dual_port_compact_engine.sv:126$4078.$result[4:0]$4377 [4] = 1'0
    Consolidated identical input bits for $mux cell $procmux$10256:
      Old ports: A=$8\first_effect$func$cap_pdb_dual_port_compact_engine.sv:124$4080.$result[4:0]$4536, B=5'01000, Y=$9\first_effect$func$cap_pdb_dual_port_compact_engine.sv:124$4080.$result[4:0]$4540
      New ports: A={ 1'0 $8\first_effect$func$cap_pdb_dual_port_compact_engine.sv:124$4080.$result[4:0]$4536 [2:0] }, B=4'1000, Y=$9\first_effect$func$cap_pdb_dual_port_compact_engine.sv:124$4080.$result[4:0]$4540 [3:0]
      New connections: $9\first_effect$func$cap_pdb_dual_port_compact_engine.sv:124$4080.$result[4:0]$4540 [4] = 1'0
    Consolidated identical input bits for $mux cell $procmux$10447:
      Old ports: A=$8\first_effect$func$cap_pdb_dual_port_compact_engine.sv:126$4081.$result[4:0]$4670, B=5'01000, Y=$9\first_effect$func$cap_pdb_dual_port_compact_engine.sv:126$4081.$result[4:0]$4674
      New ports: A={ 1'0 $8\first_effect$func$cap_pdb_dual_port_compact_engine.sv:126$4081.$result[4:0]$4670 [2:0] }, B=4'1000, Y=$9\first_effect$func$cap_pdb_dual_port_compact_engine.sv:126$4081.$result[4:0]$4674 [3:0]
      New connections: $9\first_effect$func$cap_pdb_dual_port_compact_engine.sv:126$4081.$result[4:0]$4674 [4] = 1'0
    Consolidated identical input bits for $mux cell $procmux$10656:
      Old ports: A=$8\first_effect$func$cap_pdb_dual_port_compact_engine.sv:124$4083.$result[4:0]$4833, B=5'01000, Y=$9\first_effect$func$cap_pdb_dual_port_compact_engine.sv:124$4083.$result[4:0]$4837
      New ports: A={ 1'0 $8\first_effect$func$cap_pdb_dual_port_compact_engine.sv:124$4083.$result[4:0]$4833 [2:0] }, B=4'1000, Y=$9\first_effect$func$cap_pdb_dual_port_compact_engine.sv:124$4083.$result[4:0]$4837 [3:0]
      New connections: $9\first_effect$func$cap_pdb_dual_port_compact_engine.sv:124$4083.$result[4:0]$4837 [4] = 1'0
    Consolidated identical input bits for $mux cell $procmux$10847:
      Old ports: A=$8\first_effect$func$cap_pdb_dual_port_compact_engine.sv:126$4084.$result[4:0]$4967, B=5'01000, Y=$9\first_effect$func$cap_pdb_dual_port_compact_engine.sv:126$4084.$result[4:0]$4971
      New ports: A={ 1'0 $8\first_effect$func$cap_pdb_dual_port_compact_engine.sv:126$4084.$result[4:0]$4967 [2:0] }, B=4'1000, Y=$9\first_effect$func$cap_pdb_dual_port_compact_engine.sv:126$4084.$result[4:0]$4971 [3:0]
      New connections: $9\first_effect$func$cap_pdb_dual_port_compact_engine.sv:126$4084.$result[4:0]$4971 [4] = 1'0
    Consolidated identical input bits for $mux cell $procmux$11056:
      Old ports: A=$8\first_effect$func$cap_pdb_dual_port_compact_engine.sv:124$4086.$result[4:0]$5130, B=5'01000, Y=$9\first_effect$func$cap_pdb_dual_port_compact_engine.sv:124$4086.$result[4:0]$5134
      New ports: A={ 1'0 $8\first_effect$func$cap_pdb_dual_port_compact_engine.sv:124$4086.$result[4:0]$5130 [2:0] }, B=4'1000, Y=$9\first_effect$func$cap_pdb_dual_port_compact_engine.sv:124$4086.$result[4:0]$5134 [3:0]
      New connections: $9\first_effect$func$cap_pdb_dual_port_compact_engine.sv:124$4086.$result[4:0]$5134 [4] = 1'0
    Consolidated identical input bits for $mux cell $procmux$11247:
      Old ports: A=$8\first_effect$func$cap_pdb_dual_port_compact_engine.sv:126$4087.$result[4:0]$5264, B=5'01000, Y=$9\first_effect$func$cap_pdb_dual_port_compact_engine.sv:126$4087.$result[4:0]$5268
      New ports: A={ 1'0 $8\first_effect$func$cap_pdb_dual_port_compact_engine.sv:126$4087.$result[4:0]$5264 [2:0] }, B=4'1000, Y=$9\first_effect$func$cap_pdb_dual_port_compact_engine.sv:126$4087.$result[4:0]$5268 [3:0]
      New connections: $9\first_effect$func$cap_pdb_dual_port_compact_engine.sv:126$4087.$result[4:0]$5268 [4] = 1'0
    Consolidated identical input bits for $mux cell $procmux$11456:
      Old ports: A=$8\first_effect$func$cap_pdb_dual_port_compact_engine.sv:124$4089.$result[4:0]$5427, B=5'01000, Y=$9\first_effect$func$cap_pdb_dual_port_compact_engine.sv:124$4089.$result[4:0]$5431
      New ports: A={ 1'0 $8\first_effect$func$cap_pdb_dual_port_compact_engine.sv:124$4089.$result[4:0]$5427 [2:0] }, B=4'1000, Y=$9\first_effect$func$cap_pdb_dual_port_compact_engine.sv:124$4089.$result[4:0]$5431 [3:0]
      New connections: $9\first_effect$func$cap_pdb_dual_port_compact_engine.sv:124$4089.$result[4:0]$5431 [4] = 1'0
    Consolidated identical input bits for $mux cell $procmux$11647:
      Old ports: A=$8\first_effect$func$cap_pdb_dual_port_compact_engine.sv:126$4090.$result[4:0]$5561, B=5'01000, Y=$9\first_effect$func$cap_pdb_dual_port_compact_engine.sv:126$4090.$result[4:0]$5565
      New ports: A={ 1'0 $8\first_effect$func$cap_pdb_dual_port_compact_engine.sv:126$4090.$result[4:0]$5561 [2:0] }, B=4'1000, Y=$9\first_effect$func$cap_pdb_dual_port_compact_engine.sv:126$4090.$result[4:0]$5565 [3:0]
      New connections: $9\first_effect$func$cap_pdb_dual_port_compact_engine.sv:126$4090.$result[4:0]$5565 [4] = 1'0
    Consolidated identical input bits for $mux cell $procmux$11856:
      Old ports: A=$8\first_effect$func$cap_pdb_dual_port_compact_engine.sv:124$4092.$result[4:0]$5724, B=5'01000, Y=$9\first_effect$func$cap_pdb_dual_port_compact_engine.sv:124$4092.$result[4:0]$5728
      New ports: A={ 1'0 $8\first_effect$func$cap_pdb_dual_port_compact_engine.sv:124$4092.$result[4:0]$5724 [2:0] }, B=4'1000, Y=$9\first_effect$func$cap_pdb_dual_port_compact_engine.sv:124$4092.$result[4:0]$5728 [3:0]
      New connections: $9\first_effect$func$cap_pdb_dual_port_compact_engine.sv:124$4092.$result[4:0]$5728 [4] = 1'0
    Consolidated identical input bits for $mux cell $procmux$12047:
      Old ports: A=$8\first_effect$func$cap_pdb_dual_port_compact_engine.sv:126$4093.$result[4:0]$5858, B=5'01000, Y=$9\first_effect$func$cap_pdb_dual_port_compact_engine.sv:126$4093.$result[4:0]$5862
      New ports: A={ 1'0 $8\first_effect$func$cap_pdb_dual_port_compact_engine.sv:126$4093.$result[4:0]$5858 [2:0] }, B=4'1000, Y=$9\first_effect$func$cap_pdb_dual_port_compact_engine.sv:126$4093.$result[4:0]$5862 [3:0]
      New connections: $9\first_effect$func$cap_pdb_dual_port_compact_engine.sv:126$4093.$result[4:0]$5862 [4] = 1'0
    Consolidated identical input bits for $mux cell $procmux$12256:
      Old ports: A=$8\first_effect$func$cap_pdb_dual_port_compact_engine.sv:124$4095.$result[4:0]$6021, B=5'01000, Y=$9\first_effect$func$cap_pdb_dual_port_compact_engine.sv:124$4095.$result[4:0]$6025
      New ports: A={ 1'0 $8\first_effect$func$cap_pdb_dual_port_compact_engine.sv:124$4095.$result[4:0]$6021 [2:0] }, B=4'1000, Y=$9\first_effect$func$cap_pdb_dual_port_compact_engine.sv:124$4095.$result[4:0]$6025 [3:0]
      New connections: $9\first_effect$func$cap_pdb_dual_port_compact_engine.sv:124$4095.$result[4:0]$6025 [4] = 1'0
    Consolidated identical input bits for $mux cell $procmux$12447:
      Old ports: A=$8\first_effect$func$cap_pdb_dual_port_compact_engine.sv:126$4096.$result[4:0]$6155, B=5'01000, Y=$9\first_effect$func$cap_pdb_dual_port_compact_engine.sv:126$4096.$result[4:0]$6159
      New ports: A={ 1'0 $8\first_effect$func$cap_pdb_dual_port_compact_engine.sv:126$4096.$result[4:0]$6155 [2:0] }, B=4'1000, Y=$9\first_effect$func$cap_pdb_dual_port_compact_engine.sv:126$4096.$result[4:0]$6159 [3:0]
      New connections: $9\first_effect$func$cap_pdb_dual_port_compact_engine.sv:126$4096.$result[4:0]$6159 [4] = 1'0
    Consolidated identical input bits for $mux cell $procmux$12656:
      Old ports: A=$8\first_effect$func$cap_pdb_dual_port_compact_engine.sv:124$4098.$result[4:0]$6318, B=5'01000, Y=$9\first_effect$func$cap_pdb_dual_port_compact_engine.sv:124$4098.$result[4:0]$6322
      New ports: A={ 1'0 $8\first_effect$func$cap_pdb_dual_port_compact_engine.sv:124$4098.$result[4:0]$6318 [2:0] }, B=4'1000, Y=$9\first_effect$func$cap_pdb_dual_port_compact_engine.sv:124$4098.$result[4:0]$6322 [3:0]
      New connections: $9\first_effect$func$cap_pdb_dual_port_compact_engine.sv:124$4098.$result[4:0]$6322 [4] = 1'0
    Consolidated identical input bits for $mux cell $procmux$12847:
      Old ports: A=$8\first_effect$func$cap_pdb_dual_port_compact_engine.sv:126$4099.$result[4:0]$6452, B=5'01000, Y=$9\first_effect$func$cap_pdb_dual_port_compact_engine.sv:126$4099.$result[4:0]$6456
      New ports: A={ 1'0 $8\first_effect$func$cap_pdb_dual_port_compact_engine.sv:126$4099.$result[4:0]$6452 [2:0] }, B=4'1000, Y=$9\first_effect$func$cap_pdb_dual_port_compact_engine.sv:126$4099.$result[4:0]$6456 [3:0]
      New connections: $9\first_effect$func$cap_pdb_dual_port_compact_engine.sv:126$4099.$result[4:0]$6456 [4] = 1'0
    Consolidated identical input bits for $mux cell $procmux$13056:
      Old ports: A=$8\first_effect$func$cap_pdb_dual_port_compact_engine.sv:124$4101.$result[4:0]$6615, B=5'01000, Y=$9\first_effect$func$cap_pdb_dual_port_compact_engine.sv:124$4101.$result[4:0]$6619
      New ports: A={ 1'0 $8\first_effect$func$cap_pdb_dual_port_compact_engine.sv:124$4101.$result[4:0]$6615 [2:0] }, B=4'1000, Y=$9\first_effect$func$cap_pdb_dual_port_compact_engine.sv:124$4101.$result[4:0]$6619 [3:0]
      New connections: $9\first_effect$func$cap_pdb_dual_port_compact_engine.sv:124$4101.$result[4:0]$6619 [4] = 1'0
    Consolidated identical input bits for $mux cell $procmux$13247:
      Old ports: A=$8\first_effect$func$cap_pdb_dual_port_compact_engine.sv:126$4102.$result[4:0]$6749, B=5'01000, Y=$9\first_effect$func$cap_pdb_dual_port_compact_engine.sv:126$4102.$result[4:0]$6753
      New ports: A={ 1'0 $8\first_effect$func$cap_pdb_dual_port_compact_engine.sv:126$4102.$result[4:0]$6749 [2:0] }, B=4'1000, Y=$9\first_effect$func$cap_pdb_dual_port_compact_engine.sv:126$4102.$result[4:0]$6753 [3:0]
      New connections: $9\first_effect$func$cap_pdb_dual_port_compact_engine.sv:126$4102.$result[4:0]$6753 [4] = 1'0
    Consolidated identical input bits for $mux cell $procmux$13456:
      Old ports: A=$8\first_effect$func$cap_pdb_dual_port_compact_engine.sv:124$4104.$result[4:0]$6912, B=5'01000, Y=$9\first_effect$func$cap_pdb_dual_port_compact_engine.sv:124$4104.$result[4:0]$6916
      New ports: A={ 1'0 $8\first_effect$func$cap_pdb_dual_port_compact_engine.sv:124$4104.$result[4:0]$6912 [2:0] }, B=4'1000, Y=$9\first_effect$func$cap_pdb_dual_port_compact_engine.sv:124$4104.$result[4:0]$6916 [3:0]
      New connections: $9\first_effect$func$cap_pdb_dual_port_compact_engine.sv:124$4104.$result[4:0]$6916 [4] = 1'0
    Consolidated identical input bits for $mux cell $procmux$13647:
      Old ports: A=$8\first_effect$func$cap_pdb_dual_port_compact_engine.sv:126$4105.$result[4:0]$7046, B=5'01000, Y=$9\first_effect$func$cap_pdb_dual_port_compact_engine.sv:126$4105.$result[4:0]$7050
      New ports: A={ 1'0 $8\first_effect$func$cap_pdb_dual_port_compact_engine.sv:126$4105.$result[4:0]$7046 [2:0] }, B=4'1000, Y=$9\first_effect$func$cap_pdb_dual_port_compact_engine.sv:126$4105.$result[4:0]$7050 [3:0]
      New connections: $9\first_effect$func$cap_pdb_dual_port_compact_engine.sv:126$4105.$result[4:0]$7050 [4] = 1'0
    Consolidated identical input bits for $mux cell $procmux$13856:
      Old ports: A=$8\first_effect$func$cap_pdb_dual_port_compact_engine.sv:124$4107.$result[4:0]$7209, B=5'01000, Y=$9\first_effect$func$cap_pdb_dual_port_compact_engine.sv:124$4107.$result[4:0]$7213
      New ports: A={ 1'0 $8\first_effect$func$cap_pdb_dual_port_compact_engine.sv:124$4107.$result[4:0]$7209 [2:0] }, B=4'1000, Y=$9\first_effect$func$cap_pdb_dual_port_compact_engine.sv:124$4107.$result[4:0]$7213 [3:0]
      New connections: $9\first_effect$func$cap_pdb_dual_port_compact_engine.sv:124$4107.$result[4:0]$7213 [4] = 1'0
    Consolidated identical input bits for $mux cell $procmux$14047:
      Old ports: A=$8\first_effect$func$cap_pdb_dual_port_compact_engine.sv:126$4108.$result[4:0]$7343, B=5'01000, Y=$9\first_effect$func$cap_pdb_dual_port_compact_engine.sv:126$4108.$result[4:0]$7347
      New ports: A={ 1'0 $8\first_effect$func$cap_pdb_dual_port_compact_engine.sv:126$4108.$result[4:0]$7343 [2:0] }, B=4'1000, Y=$9\first_effect$func$cap_pdb_dual_port_compact_engine.sv:126$4108.$result[4:0]$7347 [3:0]
      New connections: $9\first_effect$func$cap_pdb_dual_port_compact_engine.sv:126$4108.$result[4:0]$7347 [4] = 1'0
    Consolidated identical input bits for $mux cell $procmux$14256:
      Old ports: A=$8\first_effect$func$cap_pdb_dual_port_compact_engine.sv:124$4110.$result[4:0]$7506, B=5'01000, Y=$9\first_effect$func$cap_pdb_dual_port_compact_engine.sv:124$4110.$result[4:0]$7510
      New ports: A={ 1'0 $8\first_effect$func$cap_pdb_dual_port_compact_engine.sv:124$4110.$result[4:0]$7506 [2:0] }, B=4'1000, Y=$9\first_effect$func$cap_pdb_dual_port_compact_engine.sv:124$4110.$result[4:0]$7510 [3:0]
      New connections: $9\first_effect$func$cap_pdb_dual_port_compact_engine.sv:124$4110.$result[4:0]$7510 [4] = 1'0
    Consolidated identical input bits for $mux cell $procmux$14447:
      Old ports: A=$8\first_effect$func$cap_pdb_dual_port_compact_engine.sv:126$4111.$result[4:0]$7640, B=5'01000, Y=$9\first_effect$func$cap_pdb_dual_port_compact_engine.sv:126$4111.$result[4:0]$7644
      New ports: A={ 1'0 $8\first_effect$func$cap_pdb_dual_port_compact_engine.sv:126$4111.$result[4:0]$7640 [2:0] }, B=4'1000, Y=$9\first_effect$func$cap_pdb_dual_port_compact_engine.sv:126$4111.$result[4:0]$7644 [3:0]
      New connections: $9\first_effect$func$cap_pdb_dual_port_compact_engine.sv:126$4111.$result[4:0]$7644 [4] = 1'0
    Consolidated identical input bits for $mux cell $procmux$14656:
      Old ports: A=$8\first_effect$func$cap_pdb_dual_port_compact_engine.sv:124$4113.$result[4:0]$7803, B=5'01000, Y=$9\first_effect$func$cap_pdb_dual_port_compact_engine.sv:124$4113.$result[4:0]$7807
      New ports: A={ 1'0 $8\first_effect$func$cap_pdb_dual_port_compact_engine.sv:124$4113.$result[4:0]$7803 [2:0] }, B=4'1000, Y=$9\first_effect$func$cap_pdb_dual_port_compact_engine.sv:124$4113.$result[4:0]$7807 [3:0]
      New connections: $9\first_effect$func$cap_pdb_dual_port_compact_engine.sv:124$4113.$result[4:0]$7807 [4] = 1'0
    Consolidated identical input bits for $mux cell $procmux$14847:
      Old ports: A=$8\first_effect$func$cap_pdb_dual_port_compact_engine.sv:126$4114.$result[4:0]$7937, B=5'01000, Y=$9\first_effect$func$cap_pdb_dual_port_compact_engine.sv:126$4114.$result[4:0]$7941
      New ports: A={ 1'0 $8\first_effect$func$cap_pdb_dual_port_compact_engine.sv:126$4114.$result[4:0]$7937 [2:0] }, B=4'1000, Y=$9\first_effect$func$cap_pdb_dual_port_compact_engine.sv:126$4114.$result[4:0]$7941 [3:0]
      New connections: $9\first_effect$func$cap_pdb_dual_port_compact_engine.sv:126$4114.$result[4:0]$7941 [4] = 1'0
    Consolidated identical input bits for $mux cell $procmux$9856:
      Old ports: A=$8\first_effect$func$cap_pdb_dual_port_compact_engine.sv:124$4077.$result[4:0]$4239, B=5'01000, Y=$9\first_effect$func$cap_pdb_dual_port_compact_engine.sv:124$4077.$result[4:0]$4243
      New ports: A={ 1'0 $8\first_effect$func$cap_pdb_dual_port_compact_engine.sv:124$4077.$result[4:0]$4239 [2:0] }, B=4'1000, Y=$9\first_effect$func$cap_pdb_dual_port_compact_engine.sv:124$4077.$result[4:0]$4243 [3:0]
      New connections: $9\first_effect$func$cap_pdb_dual_port_compact_engine.sv:124$4077.$result[4:0]$4243 [4] = 1'0
  Optimizing cells in module \cap_pdb_dual_port_compact_allocation_engine.
    Consolidated identical input bits for $mux cell $procmux$10041:
      Old ports: A=$9\first_effect$func$cap_pdb_dual_port_compact_engine.sv:126$4078.$result[4:0]$4377, B=5'01001, Y=$10\first_effect$func$cap_pdb_dual_port_compact_engine.sv:126$4078.$result[4:0]$4381
      New ports: A=$9\first_effect$func$cap_pdb_dual_port_compact_engine.sv:126$4078.$result[4:0]$4377 [3:0], B=4'1001, Y=$10\first_effect$func$cap_pdb_dual_port_compact_engine.sv:126$4078.$result[4:0]$4381 [3:0]
      New connections: $10\first_effect$func$cap_pdb_dual_port_compact_engine.sv:126$4078.$result[4:0]$4381 [4] = 1'0
    Consolidated identical input bits for $mux cell $procmux$10250:
      Old ports: A=$9\first_effect$func$cap_pdb_dual_port_compact_engine.sv:124$4080.$result[4:0]$4540, B=5'01001, Y=$10\first_effect$func$cap_pdb_dual_port_compact_engine.sv:124$4080.$result[4:0]$4544
      New ports: A=$9\first_effect$func$cap_pdb_dual_port_compact_engine.sv:124$4080.$result[4:0]$4540 [3:0], B=4'1001, Y=$10\first_effect$func$cap_pdb_dual_port_compact_engine.sv:124$4080.$result[4:0]$4544 [3:0]
      New connections: $10\first_effect$func$cap_pdb_dual_port_compact_engine.sv:124$4080.$result[4:0]$4544 [4] = 1'0
    Consolidated identical input bits for $mux cell $procmux$10441:
      Old ports: A=$9\first_effect$func$cap_pdb_dual_port_compact_engine.sv:126$4081.$result[4:0]$4674, B=5'01001, Y=$10\first_effect$func$cap_pdb_dual_port_compact_engine.sv:126$4081.$result[4:0]$4678
      New ports: A=$9\first_effect$func$cap_pdb_dual_port_compact_engine.sv:126$4081.$result[4:0]$4674 [3:0], B=4'1001, Y=$10\first_effect$func$cap_pdb_dual_port_compact_engine.sv:126$4081.$result[4:0]$4678 [3:0]
      New connections: $10\first_effect$func$cap_pdb_dual_port_compact_engine.sv:126$4081.$result[4:0]$4678 [4] = 1'0
    Consolidated identical input bits for $mux cell $procmux$10650:
      Old ports: A=$9\first_effect$func$cap_pdb_dual_port_compact_engine.sv:124$4083.$result[4:0]$4837, B=5'01001, Y=$10\first_effect$func$cap_pdb_dual_port_compact_engine.sv:124$4083.$result[4:0]$4841
      New ports: A=$9\first_effect$func$cap_pdb_dual_port_compact_engine.sv:124$4083.$result[4:0]$4837 [3:0], B=4'1001, Y=$10\first_effect$func$cap_pdb_dual_port_compact_engine.sv:124$4083.$result[4:0]$4841 [3:0]
      New connections: $10\first_effect$func$cap_pdb_dual_port_compact_engine.sv:124$4083.$result[4:0]$4841 [4] = 1'0
    Consolidated identical input bits for $mux cell $procmux$10841:
      Old ports: A=$9\first_effect$func$cap_pdb_dual_port_compact_engine.sv:126$4084.$result[4:0]$4971, B=5'01001, Y=$10\first_effect$func$cap_pdb_dual_port_compact_engine.sv:126$4084.$result[4:0]$4975
      New ports: A=$9\first_effect$func$cap_pdb_dual_port_compact_engine.sv:126$4084.$result[4:0]$4971 [3:0], B=4'1001, Y=$10\first_effect$func$cap_pdb_dual_port_compact_engine.sv:126$4084.$result[4:0]$4975 [3:0]
      New connections: $10\first_effect$func$cap_pdb_dual_port_compact_engine.sv:126$4084.$result[4:0]$4975 [4] = 1'0
    Consolidated identical input bits for $mux cell $procmux$11050:
      Old ports: A=$9\first_effect$func$cap_pdb_dual_port_compact_engine.sv:124$4086.$result[4:0]$5134, B=5'01001, Y=$10\first_effect$func$cap_pdb_dual_port_compact_engine.sv:124$4086.$result[4:0]$5138
      New ports: A=$9\first_effect$func$cap_pdb_dual_port_compact_engine.sv:124$4086.$result[4:0]$5134 [3:0], B=4'1001, Y=$10\first_effect$func$cap_pdb_dual_port_compact_engine.sv:124$4086.$result[4:0]$5138 [3:0]
      New connections: $10\first_effect$func$cap_pdb_dual_port_compact_engine.sv:124$4086.$result[4:0]$5138 [4] = 1'0
    Consolidated identical input bits for $mux cell $procmux$11241:
      Old ports: A=$9\first_effect$func$cap_pdb_dual_port_compact_engine.sv:126$4087.$result[4:0]$5268, B=5'01001, Y=$10\first_effect$func$cap_pdb_dual_port_compact_engine.sv:126$4087.$result[4:0]$5272
      New ports: A=$9\first_effect$func$cap_pdb_dual_port_compact_engine.sv:126$4087.$result[4:0]$5268 [3:0], B=4'1001, Y=$10\first_effect$func$cap_pdb_dual_port_compact_engine.sv:126$4087.$result[4:0]$5272 [3:0]
      New connections: $10\first_effect$func$cap_pdb_dual_port_compact_engine.sv:126$4087.$result[4:0]$5272 [4] = 1'0
    Consolidated identical input bits for $mux cell $procmux$11450:
      Old ports: A=$9\first_effect$func$cap_pdb_dual_port_compact_engine.sv:124$4089.$result[4:0]$5431, B=5'01001, Y=$10\first_effect$func$cap_pdb_dual_port_compact_engine.sv:124$4089.$result[4:0]$5435
      New ports: A=$9\first_effect$func$cap_pdb_dual_port_compact_engine.sv:124$4089.$result[4:0]$5431 [3:0], B=4'1001, Y=$10\first_effect$func$cap_pdb_dual_port_compact_engine.sv:124$4089.$result[4:0]$5435 [3:0]
      New connections: $10\first_effect$func$cap_pdb_dual_port_compact_engine.sv:124$4089.$result[4:0]$5435 [4] = 1'0
    Consolidated identical input bits for $mux cell $procmux$11641:
      Old ports: A=$9\first_effect$func$cap_pdb_dual_port_compact_engine.sv:126$4090.$result[4:0]$5565, B=5'01001, Y=$10\first_effect$func$cap_pdb_dual_port_compact_engine.sv:126$4090.$result[4:0]$5569
      New ports: A=$9\first_effect$func$cap_pdb_dual_port_compact_engine.sv:126$4090.$result[4:0]$5565 [3:0], B=4'1001, Y=$10\first_effect$func$cap_pdb_dual_port_compact_engine.sv:126$4090.$result[4:0]$5569 [3:0]
      New connections: $10\first_effect$func$cap_pdb_dual_port_compact_engine.sv:126$4090.$result[4:0]$5569 [4] = 1'0
    Consolidated identical input bits for $mux cell $procmux$11850:
      Old ports: A=$9\first_effect$func$cap_pdb_dual_port_compact_engine.sv:124$4092.$result[4:0]$5728, B=5'01001, Y=$10\first_effect$func$cap_pdb_dual_port_compact_engine.sv:124$4092.$result[4:0]$5732
      New ports: A=$9\first_effect$func$cap_pdb_dual_port_compact_engine.sv:124$4092.$result[4:0]$5728 [3:0], B=4'1001, Y=$10\first_effect$func$cap_pdb_dual_port_compact_engine.sv:124$4092.$result[4:0]$5732 [3:0]
      New connections: $10\first_effect$func$cap_pdb_dual_port_compact_engine.sv:124$4092.$result[4:0]$5732 [4] = 1'0
    Consolidated identical input bits for $mux cell $procmux$12041:
      Old ports: A=$9\first_effect$func$cap_pdb_dual_port_compact_engine.sv:126$4093.$result[4:0]$5862, B=5'01001, Y=$10\first_effect$func$cap_pdb_dual_port_compact_engine.sv:126$4093.$result[4:0]$5866
      New ports: A=$9\first_effect$func$cap_pdb_dual_port_compact_engine.sv:126$4093.$result[4:0]$5862 [3:0], B=4'1001, Y=$10\first_effect$func$cap_pdb_dual_port_compact_engine.sv:126$4093.$result[4:0]$5866 [3:0]
      New connections: $10\first_effect$func$cap_pdb_dual_port_compact_engine.sv:126$4093.$result[4:0]$5866 [4] = 1'0
    Consolidated identical input bits for $mux cell $procmux$12250:
      Old ports: A=$9\first_effect$func$cap_pdb_dual_port_compact_engine.sv:124$4095.$result[4:0]$6025, B=5'01001, Y=$10\first_effect$func$cap_pdb_dual_port_compact_engine.sv:124$4095.$result[4:0]$6029
      New ports: A=$9\first_effect$func$cap_pdb_dual_port_compact_engine.sv:124$4095.$result[4:0]$6025 [3:0], B=4'1001, Y=$10\first_effect$func$cap_pdb_dual_port_compact_engine.sv:124$4095.$result[4:0]$6029 [3:0]
      New connections: $10\first_effect$func$cap_pdb_dual_port_compact_engine.sv:124$4095.$result[4:0]$6029 [4] = 1'0
    Consolidated identical input bits for $mux cell $procmux$12441:
      Old ports: A=$9\first_effect$func$cap_pdb_dual_port_compact_engine.sv:126$4096.$result[4:0]$6159, B=5'01001, Y=$10\first_effect$func$cap_pdb_dual_port_compact_engine.sv:126$4096.$result[4:0]$6163
      New ports: A=$9\first_effect$func$cap_pdb_dual_port_compact_engine.sv:126$4096.$result[4:0]$6159 [3:0], B=4'1001, Y=$10\first_effect$func$cap_pdb_dual_port_compact_engine.sv:126$4096.$result[4:0]$6163 [3:0]
      New connections: $10\first_effect$func$cap_pdb_dual_port_compact_engine.sv:126$4096.$result[4:0]$6163 [4] = 1'0
    Consolidated identical input bits for $mux cell $procmux$12650:
      Old ports: A=$9\first_effect$func$cap_pdb_dual_port_compact_engine.sv:124$4098.$result[4:0]$6322, B=5'01001, Y=$10\first_effect$func$cap_pdb_dual_port_compact_engine.sv:124$4098.$result[4:0]$6326
      New ports: A=$9\first_effect$func$cap_pdb_dual_port_compact_engine.sv:124$4098.$result[4:0]$6322 [3:0], B=4'1001, Y=$10\first_effect$func$cap_pdb_dual_port_compact_engine.sv:124$4098.$result[4:0]$6326 [3:0]
      New connections: $10\first_effect$func$cap_pdb_dual_port_compact_engine.sv:124$4098.$result[4:0]$6326 [4] = 1'0
    Consolidated identical input bits for $mux cell $procmux$12841:
      Old ports: A=$9\first_effect$func$cap_pdb_dual_port_compact_engine.sv:126$4099.$result[4:0]$6456, B=5'01001, Y=$10\first_effect$func$cap_pdb_dual_port_compact_engine.sv:126$4099.$result[4:0]$6460
      New ports: A=$9\first_effect$func$cap_pdb_dual_port_compact_engine.sv:126$4099.$result[4:0]$6456 [3:0], B=4'1001, Y=$10\first_effect$func$cap_pdb_dual_port_compact_engine.sv:126$4099.$result[4:0]$6460 [3:0]
      New connections: $10\first_effect$func$cap_pdb_dual_port_compact_engine.sv:126$4099.$result[4:0]$6460 [4] = 1'0
    Consolidated identical input bits for $mux cell $procmux$13050:
      Old ports: A=$9\first_effect$func$cap_pdb_dual_port_compact_engine.sv:124$4101.$result[4:0]$6619, B=5'01001, Y=$10\first_effect$func$cap_pdb_dual_port_compact_engine.sv:124$4101.$result[4:0]$6623
      New ports: A=$9\first_effect$func$cap_pdb_dual_port_compact_engine.sv:124$4101.$result[4:0]$6619 [3:0], B=4'1001, Y=$10\first_effect$func$cap_pdb_dual_port_compact_engine.sv:124$4101.$result[4:0]$6623 [3:0]
      New connections: $10\first_effect$func$cap_pdb_dual_port_compact_engine.sv:124$4101.$result[4:0]$6623 [4] = 1'0
    Consolidated identical input bits for $mux cell $procmux$13241:
      Old ports: A=$9\first_effect$func$cap_pdb_dual_port_compact_engine.sv:126$4102.$result[4:0]$6753, B=5'01001, Y=$10\first_effect$func$cap_pdb_dual_port_compact_engine.sv:126$4102.$result[4:0]$6757
      New ports: A=$9\first_effect$func$cap_pdb_dual_port_compact_engine.sv:126$4102.$result[4:0]$6753 [3:0], B=4'1001, Y=$10\first_effect$func$cap_pdb_dual_port_compact_engine.sv:126$4102.$result[4:0]$6757 [3:0]
      New connections: $10\first_effect$func$cap_pdb_dual_port_compact_engine.sv:126$4102.$result[4:0]$6757 [4] = 1'0
    Consolidated identical input bits for $mux cell $procmux$13450:
      Old ports: A=$9\first_effect$func$cap_pdb_dual_port_compact_engine.sv:124$4104.$result[4:0]$6916, B=5'01001, Y=$10\first_effect$func$cap_pdb_dual_port_compact_engine.sv:124$4104.$result[4:0]$6920
      New ports: A=$9\first_effect$func$cap_pdb_dual_port_compact_engine.sv:124$4104.$result[4:0]$6916 [3:0], B=4'1001, Y=$10\first_effect$func$cap_pdb_dual_port_compact_engine.sv:124$4104.$result[4:0]$6920 [3:0]
      New connections: $10\first_effect$func$cap_pdb_dual_port_compact_engine.sv:124$4104.$result[4:0]$6920 [4] = 1'0
    Consolidated identical input bits for $mux cell $procmux$13641:
      Old ports: A=$9\first_effect$func$cap_pdb_dual_port_compact_engine.sv:126$4105.$result[4:0]$7050, B=5'01001, Y=$10\first_effect$func$cap_pdb_dual_port_compact_engine.sv:126$4105.$result[4:0]$7054
      New ports: A=$9\first_effect$func$cap_pdb_dual_port_compact_engine.sv:126$4105.$result[4:0]$7050 [3:0], B=4'1001, Y=$10\first_effect$func$cap_pdb_dual_port_compact_engine.sv:126$4105.$result[4:0]$7054 [3:0]
      New connections: $10\first_effect$func$cap_pdb_dual_port_compact_engine.sv:126$4105.$result[4:0]$7054 [4] = 1'0
    Consolidated identical input bits for $mux cell $procmux$13850:
      Old ports: A=$9\first_effect$func$cap_pdb_dual_port_compact_engine.sv:124$4107.$result[4:0]$7213, B=5'01001, Y=$10\first_effect$func$cap_pdb_dual_port_compact_engine.sv:124$4107.$result[4:0]$7217
      New ports: A=$9\first_effect$func$cap_pdb_dual_port_compact_engine.sv:124$4107.$result[4:0]$7213 [3:0], B=4'1001, Y=$10\first_effect$func$cap_pdb_dual_port_compact_engine.sv:124$4107.$result[4:0]$7217 [3:0]
      New connections: $10\first_effect$func$cap_pdb_dual_port_compact_engine.sv:124$4107.$result[4:0]$7217 [4] = 1'0
    Consolidated identical input bits for $mux cell $procmux$14041:
      Old ports: A=$9\first_effect$func$cap_pdb_dual_port_compact_engine.sv:126$4108.$result[4:0]$7347, B=5'01001, Y=$10\first_effect$func$cap_pdb_dual_port_compact_engine.sv:126$4108.$result[4:0]$7351
      New ports: A=$9\first_effect$func$cap_pdb_dual_port_compact_engine.sv:126$4108.$result[4:0]$7347 [3:0], B=4'1001, Y=$10\first_effect$func$cap_pdb_dual_port_compact_engine.sv:126$4108.$result[4:0]$7351 [3:0]
      New connections: $10\first_effect$func$cap_pdb_dual_port_compact_engine.sv:126$4108.$result[4:0]$7351 [4] = 1'0
    Consolidated identical input bits for $mux cell $procmux$14250:
      Old ports: A=$9\first_effect$func$cap_pdb_dual_port_compact_engine.sv:124$4110.$result[4:0]$7510, B=5'01001, Y=$10\first_effect$func$cap_pdb_dual_port_compact_engine.sv:124$4110.$result[4:0]$7514
      New ports: A=$9\first_effect$func$cap_pdb_dual_port_compact_engine.sv:124$4110.$result[4:0]$7510 [3:0], B=4'1001, Y=$10\first_effect$func$cap_pdb_dual_port_compact_engine.sv:124$4110.$result[4:0]$7514 [3:0]
      New connections: $10\first_effect$func$cap_pdb_dual_port_compact_engine.sv:124$4110.$result[4:0]$7514 [4] = 1'0
    Consolidated identical input bits for $mux cell $procmux$14441:
      Old ports: A=$9\first_effect$func$cap_pdb_dual_port_compact_engine.sv:126$4111.$result[4:0]$7644, B=5'01001, Y=$10\first_effect$func$cap_pdb_dual_port_compact_engine.sv:126$4111.$result[4:0]$7648
      New ports: A=$9\first_effect$func$cap_pdb_dual_port_compact_engine.sv:126$4111.$result[4:0]$7644 [3:0], B=4'1001, Y=$10\first_effect$func$cap_pdb_dual_port_compact_engine.sv:126$4111.$result[4:0]$7648 [3:0]
      New connections: $10\first_effect$func$cap_pdb_dual_port_compact_engine.sv:126$4111.$result[4:0]$7648 [4] = 1'0
    Consolidated identical input bits for $mux cell $procmux$14650:
      Old ports: A=$9\first_effect$func$cap_pdb_dual_port_compact_engine.sv:124$4113.$result[4:0]$7807, B=5'01001, Y=$10\first_effect$func$cap_pdb_dual_port_compact_engine.sv:124$4113.$result[4:0]$7811
      New ports: A=$9\first_effect$func$cap_pdb_dual_port_compact_engine.sv:124$4113.$result[4:0]$7807 [3:0], B=4'1001, Y=$10\first_effect$func$cap_pdb_dual_port_compact_engine.sv:124$4113.$result[4:0]$7811 [3:0]
      New connections: $10\first_effect$func$cap_pdb_dual_port_compact_engine.sv:124$4113.$result[4:0]$7811 [4] = 1'0
    Consolidated identical input bits for $mux cell $procmux$14841:
      Old ports: A=$9\first_effect$func$cap_pdb_dual_port_compact_engine.sv:126$4114.$result[4:0]$7941, B=5'01001, Y=$10\first_effect$func$cap_pdb_dual_port_compact_engine.sv:126$4114.$result[4:0]$7945
      New ports: A=$9\first_effect$func$cap_pdb_dual_port_compact_engine.sv:126$4114.$result[4:0]$7941 [3:0], B=4'1001, Y=$10\first_effect$func$cap_pdb_dual_port_compact_engine.sv:126$4114.$result[4:0]$7945 [3:0]
      New connections: $10\first_effect$func$cap_pdb_dual_port_compact_engine.sv:126$4114.$result[4:0]$7945 [4] = 1'0
    Consolidated identical input bits for $mux cell $procmux$9850:
      Old ports: A=$9\first_effect$func$cap_pdb_dual_port_compact_engine.sv:124$4077.$result[4:0]$4243, B=5'01001, Y=$10\first_effect$func$cap_pdb_dual_port_compact_engine.sv:124$4077.$result[4:0]$4247
      New ports: A=$9\first_effect$func$cap_pdb_dual_port_compact_engine.sv:124$4077.$result[4:0]$4243 [3:0], B=4'1001, Y=$10\first_effect$func$cap_pdb_dual_port_compact_engine.sv:124$4077.$result[4:0]$4247 [3:0]
      New connections: $10\first_effect$func$cap_pdb_dual_port_compact_engine.sv:124$4077.$result[4:0]$4247 [4] = 1'0
  Optimizing cells in module \cap_pdb_dual_port_compact_allocation_engine.
    Consolidated identical input bits for $mux cell $procmux$10035:
      Old ports: A=$10\first_effect$func$cap_pdb_dual_port_compact_engine.sv:126$4078.$result[4:0]$4381, B=5'01010, Y=$11\first_effect$func$cap_pdb_dual_port_compact_engine.sv:126$4078.$result[4:0]$4385
      New ports: A=$10\first_effect$func$cap_pdb_dual_port_compact_engine.sv:126$4078.$result[4:0]$4381 [3:0], B=4'1010, Y=$11\first_effect$func$cap_pdb_dual_port_compact_engine.sv:126$4078.$result[4:0]$4385 [3:0]
      New connections: $11\first_effect$func$cap_pdb_dual_port_compact_engine.sv:126$4078.$result[4:0]$4385 [4] = 1'0
    Consolidated identical input bits for $mux cell $procmux$10244:
      Old ports: A=$10\first_effect$func$cap_pdb_dual_port_compact_engine.sv:124$4080.$result[4:0]$4544, B=5'01010, Y=$11\first_effect$func$cap_pdb_dual_port_compact_engine.sv:124$4080.$result[4:0]$4548
      New ports: A=$10\first_effect$func$cap_pdb_dual_port_compact_engine.sv:124$4080.$result[4:0]$4544 [3:0], B=4'1010, Y=$11\first_effect$func$cap_pdb_dual_port_compact_engine.sv:124$4080.$result[4:0]$4548 [3:0]
      New connections: $11\first_effect$func$cap_pdb_dual_port_compact_engine.sv:124$4080.$result[4:0]$4548 [4] = 1'0
    Consolidated identical input bits for $mux cell $procmux$10435:
      Old ports: A=$10\first_effect$func$cap_pdb_dual_port_compact_engine.sv:126$4081.$result[4:0]$4678, B=5'01010, Y=$11\first_effect$func$cap_pdb_dual_port_compact_engine.sv:126$4081.$result[4:0]$4682
      New ports: A=$10\first_effect$func$cap_pdb_dual_port_compact_engine.sv:126$4081.$result[4:0]$4678 [3:0], B=4'1010, Y=$11\first_effect$func$cap_pdb_dual_port_compact_engine.sv:126$4081.$result[4:0]$4682 [3:0]
      New connections: $11\first_effect$func$cap_pdb_dual_port_compact_engine.sv:126$4081.$result[4:0]$4682 [4] = 1'0
    Consolidated identical input bits for $mux cell $procmux$10644:
      Old ports: A=$10\first_effect$func$cap_pdb_dual_port_compact_engine.sv:124$4083.$result[4:0]$4841, B=5'01010, Y=$11\first_effect$func$cap_pdb_dual_port_compact_engine.sv:124$4083.$result[4:0]$4845
      New ports: A=$10\first_effect$func$cap_pdb_dual_port_compact_engine.sv:124$4083.$result[4:0]$4841 [3:0], B=4'1010, Y=$11\first_effect$func$cap_pdb_dual_port_compact_engine.sv:124$4083.$result[4:0]$4845 [3:0]
      New connections: $11\first_effect$func$cap_pdb_dual_port_compact_engine.sv:124$4083.$result[4:0]$4845 [4] = 1'0
    Consolidated identical input bits for $mux cell $procmux$10835:
      Old ports: A=$10\first_effect$func$cap_pdb_dual_port_compact_engine.sv:126$4084.$result[4:0]$4975, B=5'01010, Y=$11\first_effect$func$cap_pdb_dual_port_compact_engine.sv:126$4084.$result[4:0]$4979
      New ports: A=$10\first_effect$func$cap_pdb_dual_port_compact_engine.sv:126$4084.$result[4:0]$4975 [3:0], B=4'1010, Y=$11\first_effect$func$cap_pdb_dual_port_compact_engine.sv:126$4084.$result[4:0]$4979 [3:0]
      New connections: $11\first_effect$func$cap_pdb_dual_port_compact_engine.sv:126$4084.$result[4:0]$4979 [4] = 1'0
    Consolidated identical input bits for $mux cell $procmux$11044:
      Old ports: A=$10\first_effect$func$cap_pdb_dual_port_compact_engine.sv:124$4086.$result[4:0]$5138, B=5'01010, Y=$11\first_effect$func$cap_pdb_dual_port_compact_engine.sv:124$4086.$result[4:0]$5142
      New ports: A=$10\first_effect$func$cap_pdb_dual_port_compact_engine.sv:124$4086.$result[4:0]$5138 [3:0], B=4'1010, Y=$11\first_effect$func$cap_pdb_dual_port_compact_engine.sv:124$4086.$result[4:0]$5142 [3:0]
      New connections: $11\first_effect$func$cap_pdb_dual_port_compact_engine.sv:124$4086.$result[4:0]$5142 [4] = 1'0
    Consolidated identical input bits for $mux cell $procmux$11235:
      Old ports: A=$10\first_effect$func$cap_pdb_dual_port_compact_engine.sv:126$4087.$result[4:0]$5272, B=5'01010, Y=$11\first_effect$func$cap_pdb_dual_port_compact_engine.sv:126$4087.$result[4:0]$5276
      New ports: A=$10\first_effect$func$cap_pdb_dual_port_compact_engine.sv:126$4087.$result[4:0]$5272 [3:0], B=4'1010, Y=$11\first_effect$func$cap_pdb_dual_port_compact_engine.sv:126$4087.$result[4:0]$5276 [3:0]
      New connections: $11\first_effect$func$cap_pdb_dual_port_compact_engine.sv:126$4087.$result[4:0]$5276 [4] = 1'0
    Consolidated identical input bits for $mux cell $procmux$11444:
      Old ports: A=$10\first_effect$func$cap_pdb_dual_port_compact_engine.sv:124$4089.$result[4:0]$5435, B=5'01010, Y=$11\first_effect$func$cap_pdb_dual_port_compact_engine.sv:124$4089.$result[4:0]$5439
      New ports: A=$10\first_effect$func$cap_pdb_dual_port_compact_engine.sv:124$4089.$result[4:0]$5435 [3:0], B=4'1010, Y=$11\first_effect$func$cap_pdb_dual_port_compact_engine.sv:124$4089.$result[4:0]$5439 [3:0]
      New connections: $11\first_effect$func$cap_pdb_dual_port_compact_engine.sv:124$4089.$result[4:0]$5439 [4] = 1'0
    Consolidated identical input bits for $mux cell $procmux$11635:
      Old ports: A=$10\first_effect$func$cap_pdb_dual_port_compact_engine.sv:126$4090.$result[4:0]$5569, B=5'01010, Y=$11\first_effect$func$cap_pdb_dual_port_compact_engine.sv:126$4090.$result[4:0]$5573
      New ports: A=$10\first_effect$func$cap_pdb_dual_port_compact_engine.sv:126$4090.$result[4:0]$5569 [3:0], B=4'1010, Y=$11\first_effect$func$cap_pdb_dual_port_compact_engine.sv:126$4090.$result[4:0]$5573 [3:0]
      New connections: $11\first_effect$func$cap_pdb_dual_port_compact_engine.sv:126$4090.$result[4:0]$5573 [4] = 1'0
    Consolidated identical input bits for $mux cell $procmux$11844:
      Old ports: A=$10\first_effect$func$cap_pdb_dual_port_compact_engine.sv:124$4092.$result[4:0]$5732, B=5'01010, Y=$11\first_effect$func$cap_pdb_dual_port_compact_engine.sv:124$4092.$result[4:0]$5736
      New ports: A=$10\first_effect$func$cap_pdb_dual_port_compact_engine.sv:124$4092.$result[4:0]$5732 [3:0], B=4'1010, Y=$11\first_effect$func$cap_pdb_dual_port_compact_engine.sv:124$4092.$result[4:0]$5736 [3:0]
      New connections: $11\first_effect$func$cap_pdb_dual_port_compact_engine.sv:124$4092.$result[4:0]$5736 [4] = 1'0
    Consolidated identical input bits for $mux cell $procmux$12035:
      Old ports: A=$10\first_effect$func$cap_pdb_dual_port_compact_engine.sv:126$4093.$result[4:0]$5866, B=5'01010, Y=$11\first_effect$func$cap_pdb_dual_port_compact_engine.sv:126$4093.$result[4:0]$5870
      New ports: A=$10\first_effect$func$cap_pdb_dual_port_compact_engine.sv:126$4093.$result[4:0]$5866 [3:0], B=4'1010, Y=$11\first_effect$func$cap_pdb_dual_port_compact_engine.sv:126$4093.$result[4:0]$5870 [3:0]
      New connections: $11\first_effect$func$cap_pdb_dual_port_compact_engine.sv:126$4093.$result[4:0]$5870 [4] = 1'0
    Consolidated identical input bits for $mux cell $procmux$12244:
      Old ports: A=$10\first_effect$func$cap_pdb_dual_port_compact_engine.sv:124$4095.$result[4:0]$6029, B=5'01010, Y=$11\first_effect$func$cap_pdb_dual_port_compact_engine.sv:124$4095.$result[4:0]$6033
      New ports: A=$10\first_effect$func$cap_pdb_dual_port_compact_engine.sv:124$4095.$result[4:0]$6029 [3:0], B=4'1010, Y=$11\first_effect$func$cap_pdb_dual_port_compact_engine.sv:124$4095.$result[4:0]$6033 [3:0]
      New connections: $11\first_effect$func$cap_pdb_dual_port_compact_engine.sv:124$4095.$result[4:0]$6033 [4] = 1'0
    Consolidated identical input bits for $mux cell $procmux$12435:
      Old ports: A=$10\first_effect$func$cap_pdb_dual_port_compact_engine.sv:126$4096.$result[4:0]$6163, B=5'01010, Y=$11\first_effect$func$cap_pdb_dual_port_compact_engine.sv:126$4096.$result[4:0]$6167
      New ports: A=$10\first_effect$func$cap_pdb_dual_port_compact_engine.sv:126$4096.$result[4:0]$6163 [3:0], B=4'1010, Y=$11\first_effect$func$cap_pdb_dual_port_compact_engine.sv:126$4096.$result[4:0]$6167 [3:0]
      New connections: $11\first_effect$func$cap_pdb_dual_port_compact_engine.sv:126$4096.$result[4:0]$6167 [4] = 1'0
    Consolidated identical input bits for $mux cell $procmux$12644:
      Old ports: A=$10\first_effect$func$cap_pdb_dual_port_compact_engine.sv:124$4098.$result[4:0]$6326, B=5'01010, Y=$11\first_effect$func$cap_pdb_dual_port_compact_engine.sv:124$4098.$result[4:0]$6330
      New ports: A=$10\first_effect$func$cap_pdb_dual_port_compact_engine.sv:124$4098.$result[4:0]$6326 [3:0], B=4'1010, Y=$11\first_effect$func$cap_pdb_dual_port_compact_engine.sv:124$4098.$result[4:0]$6330 [3:0]
      New connections: $11\first_effect$func$cap_pdb_dual_port_compact_engine.sv:124$4098.$result[4:0]$6330 [4] = 1'0
    Consolidated identical input bits for $mux cell $procmux$12835:
      Old ports: A=$10\first_effect$func$cap_pdb_dual_port_compact_engine.sv:126$4099.$result[4:0]$6460, B=5'01010, Y=$11\first_effect$func$cap_pdb_dual_port_compact_engine.sv:126$4099.$result[4:0]$6464
      New ports: A=$10\first_effect$func$cap_pdb_dual_port_compact_engine.sv:126$4099.$result[4:0]$6460 [3:0], B=4'1010, Y=$11\first_effect$func$cap_pdb_dual_port_compact_engine.sv:126$4099.$result[4:0]$6464 [3:0]
      New connections: $11\first_effect$func$cap_pdb_dual_port_compact_engine.sv:126$4099.$result[4:0]$6464 [4] = 1'0
    Consolidated identical input bits for $mux cell $procmux$13044:
      Old ports: A=$10\first_effect$func$cap_pdb_dual_port_compact_engine.sv:124$4101.$result[4:0]$6623, B=5'01010, Y=$11\first_effect$func$cap_pdb_dual_port_compact_engine.sv:124$4101.$result[4:0]$6627
      New ports: A=$10\first_effect$func$cap_pdb_dual_port_compact_engine.sv:124$4101.$result[4:0]$6623 [3:0], B=4'1010, Y=$11\first_effect$func$cap_pdb_dual_port_compact_engine.sv:124$4101.$result[4:0]$6627 [3:0]
      New connections: $11\first_effect$func$cap_pdb_dual_port_compact_engine.sv:124$4101.$result[4:0]$6627 [4] = 1'0
    Consolidated identical input bits for $mux cell $procmux$13235:
      Old ports: A=$10\first_effect$func$cap_pdb_dual_port_compact_engine.sv:126$4102.$result[4:0]$6757, B=5'01010, Y=$11\first_effect$func$cap_pdb_dual_port_compact_engine.sv:126$4102.$result[4:0]$6761
      New ports: A=$10\first_effect$func$cap_pdb_dual_port_compact_engine.sv:126$4102.$result[4:0]$6757 [3:0], B=4'1010, Y=$11\first_effect$func$cap_pdb_dual_port_compact_engine.sv:126$4102.$result[4:0]$6761 [3:0]
      New connections: $11\first_effect$func$cap_pdb_dual_port_compact_engine.sv:126$4102.$result[4:0]$6761 [4] = 1'0
    Consolidated identical input bits for $mux cell $procmux$13444:
      Old ports: A=$10\first_effect$func$cap_pdb_dual_port_compact_engine.sv:124$4104.$result[4:0]$6920, B=5'01010, Y=$11\first_effect$func$cap_pdb_dual_port_compact_engine.sv:124$4104.$result[4:0]$6924
      New ports: A=$10\first_effect$func$cap_pdb_dual_port_compact_engine.sv:124$4104.$result[4:0]$6920 [3:0], B=4'1010, Y=$11\first_effect$func$cap_pdb_dual_port_compact_engine.sv:124$4104.$result[4:0]$6924 [3:0]
      New connections: $11\first_effect$func$cap_pdb_dual_port_compact_engine.sv:124$4104.$result[4:0]$6924 [4] = 1'0
    Consolidated identical input bits for $mux cell $procmux$13635:
      Old ports: A=$10\first_effect$func$cap_pdb_dual_port_compact_engine.sv:126$4105.$result[4:0]$7054, B=5'01010, Y=$11\first_effect$func$cap_pdb_dual_port_compact_engine.sv:126$4105.$result[4:0]$7058
      New ports: A=$10\first_effect$func$cap_pdb_dual_port_compact_engine.sv:126$4105.$result[4:0]$7054 [3:0], B=4'1010, Y=$11\first_effect$func$cap_pdb_dual_port_compact_engine.sv:126$4105.$result[4:0]$7058 [3:0]
      New connections: $11\first_effect$func$cap_pdb_dual_port_compact_engine.sv:126$4105.$result[4:0]$7058 [4] = 1'0
    Consolidated identical input bits for $mux cell $procmux$13844:
      Old ports: A=$10\first_effect$func$cap_pdb_dual_port_compact_engine.sv:124$4107.$result[4:0]$7217, B=5'01010, Y=$11\first_effect$func$cap_pdb_dual_port_compact_engine.sv:124$4107.$result[4:0]$7221
      New ports: A=$10\first_effect$func$cap_pdb_dual_port_compact_engine.sv:124$4107.$result[4:0]$7217 [3:0], B=4'1010, Y=$11\first_effect$func$cap_pdb_dual_port_compact_engine.sv:124$4107.$result[4:0]$7221 [3:0]
      New connections: $11\first_effect$func$cap_pdb_dual_port_compact_engine.sv:124$4107.$result[4:0]$7221 [4] = 1'0
    Consolidated identical input bits for $mux cell $procmux$14035:
      Old ports: A=$10\first_effect$func$cap_pdb_dual_port_compact_engine.sv:126$4108.$result[4:0]$7351, B=5'01010, Y=$11\first_effect$func$cap_pdb_dual_port_compact_engine.sv:126$4108.$result[4:0]$7355
      New ports: A=$10\first_effect$func$cap_pdb_dual_port_compact_engine.sv:126$4108.$result[4:0]$7351 [3:0], B=4'1010, Y=$11\first_effect$func$cap_pdb_dual_port_compact_engine.sv:126$4108.$result[4:0]$7355 [3:0]
      New connections: $11\first_effect$func$cap_pdb_dual_port_compact_engine.sv:126$4108.$result[4:0]$7355 [4] = 1'0
    Consolidated identical input bits for $mux cell $procmux$14244:
      Old ports: A=$10\first_effect$func$cap_pdb_dual_port_compact_engine.sv:124$4110.$result[4:0]$7514, B=5'01010, Y=$11\first_effect$func$cap_pdb_dual_port_compact_engine.sv:124$4110.$result[4:0]$7518
      New ports: A=$10\first_effect$func$cap_pdb_dual_port_compact_engine.sv:124$4110.$result[4:0]$7514 [3:0], B=4'1010, Y=$11\first_effect$func$cap_pdb_dual_port_compact_engine.sv:124$4110.$result[4:0]$7518 [3:0]
      New connections: $11\first_effect$func$cap_pdb_dual_port_compact_engine.sv:124$4110.$result[4:0]$7518 [4] = 1'0
    Consolidated identical input bits for $mux cell $procmux$14435:
      Old ports: A=$10\first_effect$func$cap_pdb_dual_port_compact_engine.sv:126$4111.$result[4:0]$7648, B=5'01010, Y=$11\first_effect$func$cap_pdb_dual_port_compact_engine.sv:126$4111.$result[4:0]$7652
      New ports: A=$10\first_effect$func$cap_pdb_dual_port_compact_engine.sv:126$4111.$result[4:0]$7648 [3:0], B=4'1010, Y=$11\first_effect$func$cap_pdb_dual_port_compact_engine.sv:126$4111.$result[4:0]$7652 [3:0]
      New connections: $11\first_effect$func$cap_pdb_dual_port_compact_engine.sv:126$4111.$result[4:0]$7652 [4] = 1'0
    Consolidated identical input bits for $mux cell $procmux$14644:
      Old ports: A=$10\first_effect$func$cap_pdb_dual_port_compact_engine.sv:124$4113.$result[4:0]$7811, B=5'01010, Y=$11\first_effect$func$cap_pdb_dual_port_compact_engine.sv:124$4113.$result[4:0]$7815
      New ports: A=$10\first_effect$func$cap_pdb_dual_port_compact_engine.sv:124$4113.$result[4:0]$7811 [3:0], B=4'1010, Y=$11\first_effect$func$cap_pdb_dual_port_compact_engine.sv:124$4113.$result[4:0]$7815 [3:0]
      New connections: $11\first_effect$func$cap_pdb_dual_port_compact_engine.sv:124$4113.$result[4:0]$7815 [4] = 1'0
    Consolidated identical input bits for $mux cell $procmux$14835:
      Old ports: A=$10\first_effect$func$cap_pdb_dual_port_compact_engine.sv:126$4114.$result[4:0]$7945, B=5'01010, Y=$11\first_effect$func$cap_pdb_dual_port_compact_engine.sv:126$4114.$result[4:0]$7949
      New ports: A=$10\first_effect$func$cap_pdb_dual_port_compact_engine.sv:126$4114.$result[4:0]$7945 [3:0], B=4'1010, Y=$11\first_effect$func$cap_pdb_dual_port_compact_engine.sv:126$4114.$result[4:0]$7949 [3:0]
      New connections: $11\first_effect$func$cap_pdb_dual_port_compact_engine.sv:126$4114.$result[4:0]$7949 [4] = 1'0
    Consolidated identical input bits for $mux cell $procmux$9844:
      Old ports: A=$10\first_effect$func$cap_pdb_dual_port_compact_engine.sv:124$4077.$result[4:0]$4247, B=5'01010, Y=$11\first_effect$func$cap_pdb_dual_port_compact_engine.sv:124$4077.$result[4:0]$4251
      New ports: A=$10\first_effect$func$cap_pdb_dual_port_compact_engine.sv:124$4077.$result[4:0]$4247 [3:0], B=4'1010, Y=$11\first_effect$func$cap_pdb_dual_port_compact_engine.sv:124$4077.$result[4:0]$4251 [3:0]
      New connections: $11\first_effect$func$cap_pdb_dual_port_compact_engine.sv:124$4077.$result[4:0]$4251 [4] = 1'0
  Optimizing cells in module \cap_pdb_dual_port_compact_allocation_engine.
    Consolidated identical input bits for $mux cell $procmux$10029:
      Old ports: A=$11\first_effect$func$cap_pdb_dual_port_compact_engine.sv:126$4078.$result[4:0]$4385, B=5'01011, Y=$12\first_effect$func$cap_pdb_dual_port_compact_engine.sv:126$4078.$result[4:0]$4389
      New ports: A=$11\first_effect$func$cap_pdb_dual_port_compact_engine.sv:126$4078.$result[4:0]$4385 [3:0], B=4'1011, Y=$12\first_effect$func$cap_pdb_dual_port_compact_engine.sv:126$4078.$result[4:0]$4389 [3:0]
      New connections: $12\first_effect$func$cap_pdb_dual_port_compact_engine.sv:126$4078.$result[4:0]$4389 [4] = 1'0
    Consolidated identical input bits for $mux cell $procmux$10238:
      Old ports: A=$11\first_effect$func$cap_pdb_dual_port_compact_engine.sv:124$4080.$result[4:0]$4548, B=5'01011, Y=$12\first_effect$func$cap_pdb_dual_port_compact_engine.sv:124$4080.$result[4:0]$4552
      New ports: A=$11\first_effect$func$cap_pdb_dual_port_compact_engine.sv:124$4080.$result[4:0]$4548 [3:0], B=4'1011, Y=$12\first_effect$func$cap_pdb_dual_port_compact_engine.sv:124$4080.$result[4:0]$4552 [3:0]
      New connections: $12\first_effect$func$cap_pdb_dual_port_compact_engine.sv:124$4080.$result[4:0]$4552 [4] = 1'0
    Consolidated identical input bits for $mux cell $procmux$10429:
      Old ports: A=$11\first_effect$func$cap_pdb_dual_port_compact_engine.sv:126$4081.$result[4:0]$4682, B=5'01011, Y=$12\first_effect$func$cap_pdb_dual_port_compact_engine.sv:126$4081.$result[4:0]$4686
      New ports: A=$11\first_effect$func$cap_pdb_dual_port_compact_engine.sv:126$4081.$result[4:0]$4682 [3:0], B=4'1011, Y=$12\first_effect$func$cap_pdb_dual_port_compact_engine.sv:126$4081.$result[4:0]$4686 [3:0]
      New connections: $12\first_effect$func$cap_pdb_dual_port_compact_engine.sv:126$4081.$result[4:0]$4686 [4] = 1'0
    Consolidated identical input bits for $mux cell $procmux$10638:
      Old ports: A=$11\first_effect$func$cap_pdb_dual_port_compact_engine.sv:124$4083.$result[4:0]$4845, B=5'01011, Y=$12\first_effect$func$cap_pdb_dual_port_compact_engine.sv:124$4083.$result[4:0]$4849
      New ports: A=$11\first_effect$func$cap_pdb_dual_port_compact_engine.sv:124$4083.$result[4:0]$4845 [3:0], B=4'1011, Y=$12\first_effect$func$cap_pdb_dual_port_compact_engine.sv:124$4083.$result[4:0]$4849 [3:0]
      New connections: $12\first_effect$func$cap_pdb_dual_port_compact_engine.sv:124$4083.$result[4:0]$4849 [4] = 1'0
    Consolidated identical input bits for $mux cell $procmux$10829:
      Old ports: A=$11\first_effect$func$cap_pdb_dual_port_compact_engine.sv:126$4084.$result[4:0]$4979, B=5'01011, Y=$12\first_effect$func$cap_pdb_dual_port_compact_engine.sv:126$4084.$result[4:0]$4983
      New ports: A=$11\first_effect$func$cap_pdb_dual_port_compact_engine.sv:126$4084.$result[4:0]$4979 [3:0], B=4'1011, Y=$12\first_effect$func$cap_pdb_dual_port_compact_engine.sv:126$4084.$result[4:0]$4983 [3:0]
      New connections: $12\first_effect$func$cap_pdb_dual_port_compact_engine.sv:126$4084.$result[4:0]$4983 [4] = 1'0
    Consolidated identical input bits for $mux cell $procmux$11038:
      Old ports: A=$11\first_effect$func$cap_pdb_dual_port_compact_engine.sv:124$4086.$result[4:0]$5142, B=5'01011, Y=$12\first_effect$func$cap_pdb_dual_port_compact_engine.sv:124$4086.$result[4:0]$5146
      New ports: A=$11\first_effect$func$cap_pdb_dual_port_compact_engine.sv:124$4086.$result[4:0]$5142 [3:0], B=4'1011, Y=$12\first_effect$func$cap_pdb_dual_port_compact_engine.sv:124$4086.$result[4:0]$5146 [3:0]
      New connections: $12\first_effect$func$cap_pdb_dual_port_compact_engine.sv:124$4086.$result[4:0]$5146 [4] = 1'0
    Consolidated identical input bits for $mux cell $procmux$11229:
      Old ports: A=$11\first_effect$func$cap_pdb_dual_port_compact_engine.sv:126$4087.$result[4:0]$5276, B=5'01011, Y=$12\first_effect$func$cap_pdb_dual_port_compact_engine.sv:126$4087.$result[4:0]$5280
      New ports: A=$11\first_effect$func$cap_pdb_dual_port_compact_engine.sv:126$4087.$result[4:0]$5276 [3:0], B=4'1011, Y=$12\first_effect$func$cap_pdb_dual_port_compact_engine.sv:126$4087.$result[4:0]$5280 [3:0]
      New connections: $12\first_effect$func$cap_pdb_dual_port_compact_engine.sv:126$4087.$result[4:0]$5280 [4] = 1'0
    Consolidated identical input bits for $mux cell $procmux$11438:
      Old ports: A=$11\first_effect$func$cap_pdb_dual_port_compact_engine.sv:124$4089.$result[4:0]$5439, B=5'01011, Y=$12\first_effect$func$cap_pdb_dual_port_compact_engine.sv:124$4089.$result[4:0]$5443
      New ports: A=$11\first_effect$func$cap_pdb_dual_port_compact_engine.sv:124$4089.$result[4:0]$5439 [3:0], B=4'1011, Y=$12\first_effect$func$cap_pdb_dual_port_compact_engine.sv:124$4089.$result[4:0]$5443 [3:0]
      New connections: $12\first_effect$func$cap_pdb_dual_port_compact_engine.sv:124$4089.$result[4:0]$5443 [4] = 1'0
    Consolidated identical input bits for $mux cell $procmux$11629:
      Old ports: A=$11\first_effect$func$cap_pdb_dual_port_compact_engine.sv:126$4090.$result[4:0]$5573, B=5'01011, Y=$12\first_effect$func$cap_pdb_dual_port_compact_engine.sv:126$4090.$result[4:0]$5577
      New ports: A=$11\first_effect$func$cap_pdb_dual_port_compact_engine.sv:126$4090.$result[4:0]$5573 [3:0], B=4'1011, Y=$12\first_effect$func$cap_pdb_dual_port_compact_engine.sv:126$4090.$result[4:0]$5577 [3:0]
      New connections: $12\first_effect$func$cap_pdb_dual_port_compact_engine.sv:126$4090.$result[4:0]$5577 [4] = 1'0
    Consolidated identical input bits for $mux cell $procmux$11838:
      Old ports: A=$11\first_effect$func$cap_pdb_dual_port_compact_engine.sv:124$4092.$result[4:0]$5736, B=5'01011, Y=$12\first_effect$func$cap_pdb_dual_port_compact_engine.sv:124$4092.$result[4:0]$5740
      New ports: A=$11\first_effect$func$cap_pdb_dual_port_compact_engine.sv:124$4092.$result[4:0]$5736 [3:0], B=4'1011, Y=$12\first_effect$func$cap_pdb_dual_port_compact_engine.sv:124$4092.$result[4:0]$5740 [3:0]
      New connections: $12\first_effect$func$cap_pdb_dual_port_compact_engine.sv:124$4092.$result[4:0]$5740 [4] = 1'0
    Consolidated identical input bits for $mux cell $procmux$12029:
      Old ports: A=$11\first_effect$func$cap_pdb_dual_port_compact_engine.sv:126$4093.$result[4:0]$5870, B=5'01011, Y=$12\first_effect$func$cap_pdb_dual_port_compact_engine.sv:126$4093.$result[4:0]$5874
      New ports: A=$11\first_effect$func$cap_pdb_dual_port_compact_engine.sv:126$4093.$result[4:0]$5870 [3:0], B=4'1011, Y=$12\first_effect$func$cap_pdb_dual_port_compact_engine.sv:126$4093.$result[4:0]$5874 [3:0]
      New connections: $12\first_effect$func$cap_pdb_dual_port_compact_engine.sv:126$4093.$result[4:0]$5874 [4] = 1'0
    Consolidated identical input bits for $mux cell $procmux$12238:
      Old ports: A=$11\first_effect$func$cap_pdb_dual_port_compact_engine.sv:124$4095.$result[4:0]$6033, B=5'01011, Y=$12\first_effect$func$cap_pdb_dual_port_compact_engine.sv:124$4095.$result[4:0]$6037
      New ports: A=$11\first_effect$func$cap_pdb_dual_port_compact_engine.sv:124$4095.$result[4:0]$6033 [3:0], B=4'1011, Y=$12\first_effect$func$cap_pdb_dual_port_compact_engine.sv:124$4095.$result[4:0]$6037 [3:0]
      New connections: $12\first_effect$func$cap_pdb_dual_port_compact_engine.sv:124$4095.$result[4:0]$6037 [4] = 1'0
    Consolidated identical input bits for $mux cell $procmux$12429:
      Old ports: A=$11\first_effect$func$cap_pdb_dual_port_compact_engine.sv:126$4096.$result[4:0]$6167, B=5'01011, Y=$12\first_effect$func$cap_pdb_dual_port_compact_engine.sv:126$4096.$result[4:0]$6171
      New ports: A=$11\first_effect$func$cap_pdb_dual_port_compact_engine.sv:126$4096.$result[4:0]$6167 [3:0], B=4'1011, Y=$12\first_effect$func$cap_pdb_dual_port_compact_engine.sv:126$4096.$result[4:0]$6171 [3:0]
      New connections: $12\first_effect$func$cap_pdb_dual_port_compact_engine.sv:126$4096.$result[4:0]$6171 [4] = 1'0
    Consolidated identical input bits for $mux cell $procmux$12638:
      Old ports: A=$11\first_effect$func$cap_pdb_dual_port_compact_engine.sv:124$4098.$result[4:0]$6330, B=5'01011, Y=$12\first_effect$func$cap_pdb_dual_port_compact_engine.sv:124$4098.$result[4:0]$6334
      New ports: A=$11\first_effect$func$cap_pdb_dual_port_compact_engine.sv:124$4098.$result[4:0]$6330 [3:0], B=4'1011, Y=$12\first_effect$func$cap_pdb_dual_port_compact_engine.sv:124$4098.$result[4:0]$6334 [3:0]
      New connections: $12\first_effect$func$cap_pdb_dual_port_compact_engine.sv:124$4098.$result[4:0]$6334 [4] = 1'0
    Consolidated identical input bits for $mux cell $procmux$12829:
      Old ports: A=$11\first_effect$func$cap_pdb_dual_port_compact_engine.sv:126$4099.$result[4:0]$6464, B=5'01011, Y=$12\first_effect$func$cap_pdb_dual_port_compact_engine.sv:126$4099.$result[4:0]$6468
      New ports: A=$11\first_effect$func$cap_pdb_dual_port_compact_engine.sv:126$4099.$result[4:0]$6464 [3:0], B=4'1011, Y=$12\first_effect$func$cap_pdb_dual_port_compact_engine.sv:126$4099.$result[4:0]$6468 [3:0]
      New connections: $12\first_effect$func$cap_pdb_dual_port_compact_engine.sv:126$4099.$result[4:0]$6468 [4] = 1'0
    Consolidated identical input bits for $mux cell $procmux$13038:
      Old ports: A=$11\first_effect$func$cap_pdb_dual_port_compact_engine.sv:124$4101.$result[4:0]$6627, B=5'01011, Y=$12\first_effect$func$cap_pdb_dual_port_compact_engine.sv:124$4101.$result[4:0]$6631
      New ports: A=$11\first_effect$func$cap_pdb_dual_port_compact_engine.sv:124$4101.$result[4:0]$6627 [3:0], B=4'1011, Y=$12\first_effect$func$cap_pdb_dual_port_compact_engine.sv:124$4101.$result[4:0]$6631 [3:0]
      New connections: $12\first_effect$func$cap_pdb_dual_port_compact_engine.sv:124$4101.$result[4:0]$6631 [4] = 1'0
    Consolidated identical input bits for $mux cell $procmux$13229:
      Old ports: A=$11\first_effect$func$cap_pdb_dual_port_compact_engine.sv:126$4102.$result[4:0]$6761, B=5'01011, Y=$12\first_effect$func$cap_pdb_dual_port_compact_engine.sv:126$4102.$result[4:0]$6765
      New ports: A=$11\first_effect$func$cap_pdb_dual_port_compact_engine.sv:126$4102.$result[4:0]$6761 [3:0], B=4'1011, Y=$12\first_effect$func$cap_pdb_dual_port_compact_engine.sv:126$4102.$result[4:0]$6765 [3:0]
      New connections: $12\first_effect$func$cap_pdb_dual_port_compact_engine.sv:126$4102.$result[4:0]$6765 [4] = 1'0
    Consolidated identical input bits for $mux cell $procmux$13438:
      Old ports: A=$11\first_effect$func$cap_pdb_dual_port_compact_engine.sv:124$4104.$result[4:0]$6924, B=5'01011, Y=$12\first_effect$func$cap_pdb_dual_port_compact_engine.sv:124$4104.$result[4:0]$6928
      New ports: A=$11\first_effect$func$cap_pdb_dual_port_compact_engine.sv:124$4104.$result[4:0]$6924 [3:0], B=4'1011, Y=$12\first_effect$func$cap_pdb_dual_port_compact_engine.sv:124$4104.$result[4:0]$6928 [3:0]
      New connections: $12\first_effect$func$cap_pdb_dual_port_compact_engine.sv:124$4104.$result[4:0]$6928 [4] = 1'0
    Consolidated identical input bits for $mux cell $procmux$13629:
      Old ports: A=$11\first_effect$func$cap_pdb_dual_port_compact_engine.sv:126$4105.$result[4:0]$7058, B=5'01011, Y=$12\first_effect$func$cap_pdb_dual_port_compact_engine.sv:126$4105.$result[4:0]$7062
      New ports: A=$11\first_effect$func$cap_pdb_dual_port_compact_engine.sv:126$4105.$result[4:0]$7058 [3:0], B=4'1011, Y=$12\first_effect$func$cap_pdb_dual_port_compact_engine.sv:126$4105.$result[4:0]$7062 [3:0]
      New connections: $12\first_effect$func$cap_pdb_dual_port_compact_engine.sv:126$4105.$result[4:0]$7062 [4] = 1'0
    Consolidated identical input bits for $mux cell $procmux$13838:
      Old ports: A=$11\first_effect$func$cap_pdb_dual_port_compact_engine.sv:124$4107.$result[4:0]$7221, B=5'01011, Y=$12\first_effect$func$cap_pdb_dual_port_compact_engine.sv:124$4107.$result[4:0]$7225
      New ports: A=$11\first_effect$func$cap_pdb_dual_port_compact_engine.sv:124$4107.$result[4:0]$7221 [3:0], B=4'1011, Y=$12\first_effect$func$cap_pdb_dual_port_compact_engine.sv:124$4107.$result[4:0]$7225 [3:0]
      New connections: $12\first_effect$func$cap_pdb_dual_port_compact_engine.sv:124$4107.$result[4:0]$7225 [4] = 1'0
    Consolidated identical input bits for $mux cell $procmux$14029:
      Old ports: A=$11\first_effect$func$cap_pdb_dual_port_compact_engine.sv:126$4108.$result[4:0]$7355, B=5'01011, Y=$12\first_effect$func$cap_pdb_dual_port_compact_engine.sv:126$4108.$result[4:0]$7359
      New ports: A=$11\first_effect$func$cap_pdb_dual_port_compact_engine.sv:126$4108.$result[4:0]$7355 [3:0], B=4'1011, Y=$12\first_effect$func$cap_pdb_dual_port_compact_engine.sv:126$4108.$result[4:0]$7359 [3:0]
      New connections: $12\first_effect$func$cap_pdb_dual_port_compact_engine.sv:126$4108.$result[4:0]$7359 [4] = 1'0
    Consolidated identical input bits for $mux cell $procmux$14238:
      Old ports: A=$11\first_effect$func$cap_pdb_dual_port_compact_engine.sv:124$4110.$result[4:0]$7518, B=5'01011, Y=$12\first_effect$func$cap_pdb_dual_port_compact_engine.sv:124$4110.$result[4:0]$7522
      New ports: A=$11\first_effect$func$cap_pdb_dual_port_compact_engine.sv:124$4110.$result[4:0]$7518 [3:0], B=4'1011, Y=$12\first_effect$func$cap_pdb_dual_port_compact_engine.sv:124$4110.$result[4:0]$7522 [3:0]
      New connections: $12\first_effect$func$cap_pdb_dual_port_compact_engine.sv:124$4110.$result[4:0]$7522 [4] = 1'0
    Consolidated identical input bits for $mux cell $procmux$14429:
      Old ports: A=$11\first_effect$func$cap_pdb_dual_port_compact_engine.sv:126$4111.$result[4:0]$7652, B=5'01011, Y=$12\first_effect$func$cap_pdb_dual_port_compact_engine.sv:126$4111.$result[4:0]$7656
      New ports: A=$11\first_effect$func$cap_pdb_dual_port_compact_engine.sv:126$4111.$result[4:0]$7652 [3:0], B=4'1011, Y=$12\first_effect$func$cap_pdb_dual_port_compact_engine.sv:126$4111.$result[4:0]$7656 [3:0]
      New connections: $12\first_effect$func$cap_pdb_dual_port_compact_engine.sv:126$4111.$result[4:0]$7656 [4] = 1'0
    Consolidated identical input bits for $mux cell $procmux$14638:
      Old ports: A=$11\first_effect$func$cap_pdb_dual_port_compact_engine.sv:124$4113.$result[4:0]$7815, B=5'01011, Y=$12\first_effect$func$cap_pdb_dual_port_compact_engine.sv:124$4113.$result[4:0]$7819
      New ports: A=$11\first_effect$func$cap_pdb_dual_port_compact_engine.sv:124$4113.$result[4:0]$7815 [3:0], B=4'1011, Y=$12\first_effect$func$cap_pdb_dual_port_compact_engine.sv:124$4113.$result[4:0]$7819 [3:0]
      New connections: $12\first_effect$func$cap_pdb_dual_port_compact_engine.sv:124$4113.$result[4:0]$7819 [4] = 1'0
    Consolidated identical input bits for $mux cell $procmux$14829:
      Old ports: A=$11\first_effect$func$cap_pdb_dual_port_compact_engine.sv:126$4114.$result[4:0]$7949, B=5'01011, Y=$12\first_effect$func$cap_pdb_dual_port_compact_engine.sv:126$4114.$result[4:0]$7953
      New ports: A=$11\first_effect$func$cap_pdb_dual_port_compact_engine.sv:126$4114.$result[4:0]$7949 [3:0], B=4'1011, Y=$12\first_effect$func$cap_pdb_dual_port_compact_engine.sv:126$4114.$result[4:0]$7953 [3:0]
      New connections: $12\first_effect$func$cap_pdb_dual_port_compact_engine.sv:126$4114.$result[4:0]$7953 [4] = 1'0
    Consolidated identical input bits for $mux cell $procmux$9838:
      Old ports: A=$11\first_effect$func$cap_pdb_dual_port_compact_engine.sv:124$4077.$result[4:0]$4251, B=5'01011, Y=$12\first_effect$func$cap_pdb_dual_port_compact_engine.sv:124$4077.$result[4:0]$4255
      New ports: A=$11\first_effect$func$cap_pdb_dual_port_compact_engine.sv:124$4077.$result[4:0]$4251 [3:0], B=4'1011, Y=$12\first_effect$func$cap_pdb_dual_port_compact_engine.sv:124$4077.$result[4:0]$4255 [3:0]
      New connections: $12\first_effect$func$cap_pdb_dual_port_compact_engine.sv:124$4077.$result[4:0]$4255 [4] = 1'0
  Optimizing cells in module \cap_pdb_dual_port_compact_allocation_engine.
    Consolidated identical input bits for $mux cell $procmux$10023:
      Old ports: A=$12\first_effect$func$cap_pdb_dual_port_compact_engine.sv:126$4078.$result[4:0]$4389, B=5'01100, Y=$13\first_effect$func$cap_pdb_dual_port_compact_engine.sv:126$4078.$result[4:0]$4393
      New ports: A=$12\first_effect$func$cap_pdb_dual_port_compact_engine.sv:126$4078.$result[4:0]$4389 [3:0], B=4'1100, Y=$13\first_effect$func$cap_pdb_dual_port_compact_engine.sv:126$4078.$result[4:0]$4393 [3:0]
      New connections: $13\first_effect$func$cap_pdb_dual_port_compact_engine.sv:126$4078.$result[4:0]$4393 [4] = 1'0
    Consolidated identical input bits for $mux cell $procmux$10232:
      Old ports: A=$12\first_effect$func$cap_pdb_dual_port_compact_engine.sv:124$4080.$result[4:0]$4552, B=5'01100, Y=$13\first_effect$func$cap_pdb_dual_port_compact_engine.sv:124$4080.$result[4:0]$4556
      New ports: A=$12\first_effect$func$cap_pdb_dual_port_compact_engine.sv:124$4080.$result[4:0]$4552 [3:0], B=4'1100, Y=$13\first_effect$func$cap_pdb_dual_port_compact_engine.sv:124$4080.$result[4:0]$4556 [3:0]
      New connections: $13\first_effect$func$cap_pdb_dual_port_compact_engine.sv:124$4080.$result[4:0]$4556 [4] = 1'0
    Consolidated identical input bits for $mux cell $procmux$10423:
      Old ports: A=$12\first_effect$func$cap_pdb_dual_port_compact_engine.sv:126$4081.$result[4:0]$4686, B=5'01100, Y=$13\first_effect$func$cap_pdb_dual_port_compact_engine.sv:126$4081.$result[4:0]$4690
      New ports: A=$12\first_effect$func$cap_pdb_dual_port_compact_engine.sv:126$4081.$result[4:0]$4686 [3:0], B=4'1100, Y=$13\first_effect$func$cap_pdb_dual_port_compact_engine.sv:126$4081.$result[4:0]$4690 [3:0]
      New connections: $13\first_effect$func$cap_pdb_dual_port_compact_engine.sv:126$4081.$result[4:0]$4690 [4] = 1'0
    Consolidated identical input bits for $mux cell $procmux$10632:
      Old ports: A=$12\first_effect$func$cap_pdb_dual_port_compact_engine.sv:124$4083.$result[4:0]$4849, B=5'01100, Y=$13\first_effect$func$cap_pdb_dual_port_compact_engine.sv:124$4083.$result[4:0]$4853
      New ports: A=$12\first_effect$func$cap_pdb_dual_port_compact_engine.sv:124$4083.$result[4:0]$4849 [3:0], B=4'1100, Y=$13\first_effect$func$cap_pdb_dual_port_compact_engine.sv:124$4083.$result[4:0]$4853 [3:0]
      New connections: $13\first_effect$func$cap_pdb_dual_port_compact_engine.sv:124$4083.$result[4:0]$4853 [4] = 1'0
    Consolidated identical input bits for $mux cell $procmux$10823:
      Old ports: A=$12\first_effect$func$cap_pdb_dual_port_compact_engine.sv:126$4084.$result[4:0]$4983, B=5'01100, Y=$13\first_effect$func$cap_pdb_dual_port_compact_engine.sv:126$4084.$result[4:0]$4987
      New ports: A=$12\first_effect$func$cap_pdb_dual_port_compact_engine.sv:126$4084.$result[4:0]$4983 [3:0], B=4'1100, Y=$13\first_effect$func$cap_pdb_dual_port_compact_engine.sv:126$4084.$result[4:0]$4987 [3:0]
      New connections: $13\first_effect$func$cap_pdb_dual_port_compact_engine.sv:126$4084.$result[4:0]$4987 [4] = 1'0
    Consolidated identical input bits for $mux cell $procmux$11032:
      Old ports: A=$12\first_effect$func$cap_pdb_dual_port_compact_engine.sv:124$4086.$result[4:0]$5146, B=5'01100, Y=$13\first_effect$func$cap_pdb_dual_port_compact_engine.sv:124$4086.$result[4:0]$5150
      New ports: A=$12\first_effect$func$cap_pdb_dual_port_compact_engine.sv:124$4086.$result[4:0]$5146 [3:0], B=4'1100, Y=$13\first_effect$func$cap_pdb_dual_port_compact_engine.sv:124$4086.$result[4:0]$5150 [3:0]
      New connections: $13\first_effect$func$cap_pdb_dual_port_compact_engine.sv:124$4086.$result[4:0]$5150 [4] = 1'0
    Consolidated identical input bits for $mux cell $procmux$11223:
      Old ports: A=$12\first_effect$func$cap_pdb_dual_port_compact_engine.sv:126$4087.$result[4:0]$5280, B=5'01100, Y=$13\first_effect$func$cap_pdb_dual_port_compact_engine.sv:126$4087.$result[4:0]$5284
      New ports: A=$12\first_effect$func$cap_pdb_dual_port_compact_engine.sv:126$4087.$result[4:0]$5280 [3:0], B=4'1100, Y=$13\first_effect$func$cap_pdb_dual_port_compact_engine.sv:126$4087.$result[4:0]$5284 [3:0]
      New connections: $13\first_effect$func$cap_pdb_dual_port_compact_engine.sv:126$4087.$result[4:0]$5284 [4] = 1'0
    Consolidated identical input bits for $mux cell $procmux$11432:
      Old ports: A=$12\first_effect$func$cap_pdb_dual_port_compact_engine.sv:124$4089.$result[4:0]$5443, B=5'01100, Y=$13\first_effect$func$cap_pdb_dual_port_compact_engine.sv:124$4089.$result[4:0]$5447
      New ports: A=$12\first_effect$func$cap_pdb_dual_port_compact_engine.sv:124$4089.$result[4:0]$5443 [3:0], B=4'1100, Y=$13\first_effect$func$cap_pdb_dual_port_compact_engine.sv:124$4089.$result[4:0]$5447 [3:0]
      New connections: $13\first_effect$func$cap_pdb_dual_port_compact_engine.sv:124$4089.$result[4:0]$5447 [4] = 1'0
    Consolidated identical input bits for $mux cell $procmux$11623:
      Old ports: A=$12\first_effect$func$cap_pdb_dual_port_compact_engine.sv:126$4090.$result[4:0]$5577, B=5'01100, Y=$13\first_effect$func$cap_pdb_dual_port_compact_engine.sv:126$4090.$result[4:0]$5581
      New ports: A=$12\first_effect$func$cap_pdb_dual_port_compact_engine.sv:126$4090.$result[4:0]$5577 [3:0], B=4'1100, Y=$13\first_effect$func$cap_pdb_dual_port_compact_engine.sv:126$4090.$result[4:0]$5581 [3:0]
      New connections: $13\first_effect$func$cap_pdb_dual_port_compact_engine.sv:126$4090.$result[4:0]$5581 [4] = 1'0
    Consolidated identical input bits for $mux cell $procmux$11832:
      Old ports: A=$12\first_effect$func$cap_pdb_dual_port_compact_engine.sv:124$4092.$result[4:0]$5740, B=5'01100, Y=$13\first_effect$func$cap_pdb_dual_port_compact_engine.sv:124$4092.$result[4:0]$5744
      New ports: A=$12\first_effect$func$cap_pdb_dual_port_compact_engine.sv:124$4092.$result[4:0]$5740 [3:0], B=4'1100, Y=$13\first_effect$func$cap_pdb_dual_port_compact_engine.sv:124$4092.$result[4:0]$5744 [3:0]
      New connections: $13\first_effect$func$cap_pdb_dual_port_compact_engine.sv:124$4092.$result[4:0]$5744 [4] = 1'0
    Consolidated identical input bits for $mux cell $procmux$12023:
      Old ports: A=$12\first_effect$func$cap_pdb_dual_port_compact_engine.sv:126$4093.$result[4:0]$5874, B=5'01100, Y=$13\first_effect$func$cap_pdb_dual_port_compact_engine.sv:126$4093.$result[4:0]$5878
      New ports: A=$12\first_effect$func$cap_pdb_dual_port_compact_engine.sv:126$4093.$result[4:0]$5874 [3:0], B=4'1100, Y=$13\first_effect$func$cap_pdb_dual_port_compact_engine.sv:126$4093.$result[4:0]$5878 [3:0]
      New connections: $13\first_effect$func$cap_pdb_dual_port_compact_engine.sv:126$4093.$result[4:0]$5878 [4] = 1'0
    Consolidated identical input bits for $mux cell $procmux$12232:
      Old ports: A=$12\first_effect$func$cap_pdb_dual_port_compact_engine.sv:124$4095.$result[4:0]$6037, B=5'01100, Y=$13\first_effect$func$cap_pdb_dual_port_compact_engine.sv:124$4095.$result[4:0]$6041
      New ports: A=$12\first_effect$func$cap_pdb_dual_port_compact_engine.sv:124$4095.$result[4:0]$6037 [3:0], B=4'1100, Y=$13\first_effect$func$cap_pdb_dual_port_compact_engine.sv:124$4095.$result[4:0]$6041 [3:0]
      New connections: $13\first_effect$func$cap_pdb_dual_port_compact_engine.sv:124$4095.$result[4:0]$6041 [4] = 1'0
    Consolidated identical input bits for $mux cell $procmux$12423:
      Old ports: A=$12\first_effect$func$cap_pdb_dual_port_compact_engine.sv:126$4096.$result[4:0]$6171, B=5'01100, Y=$13\first_effect$func$cap_pdb_dual_port_compact_engine.sv:126$4096.$result[4:0]$6175
      New ports: A=$12\first_effect$func$cap_pdb_dual_port_compact_engine.sv:126$4096.$result[4:0]$6171 [3:0], B=4'1100, Y=$13\first_effect$func$cap_pdb_dual_port_compact_engine.sv:126$4096.$result[4:0]$6175 [3:0]
      New connections: $13\first_effect$func$cap_pdb_dual_port_compact_engine.sv:126$4096.$result[4:0]$6175 [4] = 1'0
    Consolidated identical input bits for $mux cell $procmux$12632:
      Old ports: A=$12\first_effect$func$cap_pdb_dual_port_compact_engine.sv:124$4098.$result[4:0]$6334, B=5'01100, Y=$13\first_effect$func$cap_pdb_dual_port_compact_engine.sv:124$4098.$result[4:0]$6338
      New ports: A=$12\first_effect$func$cap_pdb_dual_port_compact_engine.sv:124$4098.$result[4:0]$6334 [3:0], B=4'1100, Y=$13\first_effect$func$cap_pdb_dual_port_compact_engine.sv:124$4098.$result[4:0]$6338 [3:0]
      New connections: $13\first_effect$func$cap_pdb_dual_port_compact_engine.sv:124$4098.$result[4:0]$6338 [4] = 1'0
    Consolidated identical input bits for $mux cell $procmux$12823:
      Old ports: A=$12\first_effect$func$cap_pdb_dual_port_compact_engine.sv:126$4099.$result[4:0]$6468, B=5'01100, Y=$13\first_effect$func$cap_pdb_dual_port_compact_engine.sv:126$4099.$result[4:0]$6472
      New ports: A=$12\first_effect$func$cap_pdb_dual_port_compact_engine.sv:126$4099.$result[4:0]$6468 [3:0], B=4'1100, Y=$13\first_effect$func$cap_pdb_dual_port_compact_engine.sv:126$4099.$result[4:0]$6472 [3:0]
      New connections: $13\first_effect$func$cap_pdb_dual_port_compact_engine.sv:126$4099.$result[4:0]$6472 [4] = 1'0
    Consolidated identical input bits for $mux cell $procmux$13032:
      Old ports: A=$12\first_effect$func$cap_pdb_dual_port_compact_engine.sv:124$4101.$result[4:0]$6631, B=5'01100, Y=$13\first_effect$func$cap_pdb_dual_port_compact_engine.sv:124$4101.$result[4:0]$6635
      New ports: A=$12\first_effect$func$cap_pdb_dual_port_compact_engine.sv:124$4101.$result[4:0]$6631 [3:0], B=4'1100, Y=$13\first_effect$func$cap_pdb_dual_port_compact_engine.sv:124$4101.$result[4:0]$6635 [3:0]
      New connections: $13\first_effect$func$cap_pdb_dual_port_compact_engine.sv:124$4101.$result[4:0]$6635 [4] = 1'0
    Consolidated identical input bits for $mux cell $procmux$13223:
      Old ports: A=$12\first_effect$func$cap_pdb_dual_port_compact_engine.sv:126$4102.$result[4:0]$6765, B=5'01100, Y=$13\first_effect$func$cap_pdb_dual_port_compact_engine.sv:126$4102.$result[4:0]$6769
      New ports: A=$12\first_effect$func$cap_pdb_dual_port_compact_engine.sv:126$4102.$result[4:0]$6765 [3:0], B=4'1100, Y=$13\first_effect$func$cap_pdb_dual_port_compact_engine.sv:126$4102.$result[4:0]$6769 [3:0]
      New connections: $13\first_effect$func$cap_pdb_dual_port_compact_engine.sv:126$4102.$result[4:0]$6769 [4] = 1'0
    Consolidated identical input bits for $mux cell $procmux$13432:
      Old ports: A=$12\first_effect$func$cap_pdb_dual_port_compact_engine.sv:124$4104.$result[4:0]$6928, B=5'01100, Y=$13\first_effect$func$cap_pdb_dual_port_compact_engine.sv:124$4104.$result[4:0]$6932
      New ports: A=$12\first_effect$func$cap_pdb_dual_port_compact_engine.sv:124$4104.$result[4:0]$6928 [3:0], B=4'1100, Y=$13\first_effect$func$cap_pdb_dual_port_compact_engine.sv:124$4104.$result[4:0]$6932 [3:0]
      New connections: $13\first_effect$func$cap_pdb_dual_port_compact_engine.sv:124$4104.$result[4:0]$6932 [4] = 1'0
    Consolidated identical input bits for $mux cell $procmux$13623:
      Old ports: A=$12\first_effect$func$cap_pdb_dual_port_compact_engine.sv:126$4105.$result[4:0]$7062, B=5'01100, Y=$13\first_effect$func$cap_pdb_dual_port_compact_engine.sv:126$4105.$result[4:0]$7066
      New ports: A=$12\first_effect$func$cap_pdb_dual_port_compact_engine.sv:126$4105.$result[4:0]$7062 [3:0], B=4'1100, Y=$13\first_effect$func$cap_pdb_dual_port_compact_engine.sv:126$4105.$result[4:0]$7066 [3:0]
      New connections: $13\first_effect$func$cap_pdb_dual_port_compact_engine.sv:126$4105.$result[4:0]$7066 [4] = 1'0
    Consolidated identical input bits for $mux cell $procmux$13832:
      Old ports: A=$12\first_effect$func$cap_pdb_dual_port_compact_engine.sv:124$4107.$result[4:0]$7225, B=5'01100, Y=$13\first_effect$func$cap_pdb_dual_port_compact_engine.sv:124$4107.$result[4:0]$7229
      New ports: A=$12\first_effect$func$cap_pdb_dual_port_compact_engine.sv:124$4107.$result[4:0]$7225 [3:0], B=4'1100, Y=$13\first_effect$func$cap_pdb_dual_port_compact_engine.sv:124$4107.$result[4:0]$7229 [3:0]
      New connections: $13\first_effect$func$cap_pdb_dual_port_compact_engine.sv:124$4107.$result[4:0]$7229 [4] = 1'0
    Consolidated identical input bits for $mux cell $procmux$14023:
      Old ports: A=$12\first_effect$func$cap_pdb_dual_port_compact_engine.sv:126$4108.$result[4:0]$7359, B=5'01100, Y=$13\first_effect$func$cap_pdb_dual_port_compact_engine.sv:126$4108.$result[4:0]$7363
      New ports: A=$12\first_effect$func$cap_pdb_dual_port_compact_engine.sv:126$4108.$result[4:0]$7359 [3:0], B=4'1100, Y=$13\first_effect$func$cap_pdb_dual_port_compact_engine.sv:126$4108.$result[4:0]$7363 [3:0]
      New connections: $13\first_effect$func$cap_pdb_dual_port_compact_engine.sv:126$4108.$result[4:0]$7363 [4] = 1'0
    Consolidated identical input bits for $mux cell $procmux$14232:
      Old ports: A=$12\first_effect$func$cap_pdb_dual_port_compact_engine.sv:124$4110.$result[4:0]$7522, B=5'01100, Y=$13\first_effect$func$cap_pdb_dual_port_compact_engine.sv:124$4110.$result[4:0]$7526
      New ports: A=$12\first_effect$func$cap_pdb_dual_port_compact_engine.sv:124$4110.$result[4:0]$7522 [3:0], B=4'1100, Y=$13\first_effect$func$cap_pdb_dual_port_compact_engine.sv:124$4110.$result[4:0]$7526 [3:0]
      New connections: $13\first_effect$func$cap_pdb_dual_port_compact_engine.sv:124$4110.$result[4:0]$7526 [4] = 1'0
    Consolidated identical input bits for $mux cell $procmux$14423:
      Old ports: A=$12\first_effect$func$cap_pdb_dual_port_compact_engine.sv:126$4111.$result[4:0]$7656, B=5'01100, Y=$13\first_effect$func$cap_pdb_dual_port_compact_engine.sv:126$4111.$result[4:0]$7660
      New ports: A=$12\first_effect$func$cap_pdb_dual_port_compact_engine.sv:126$4111.$result[4:0]$7656 [3:0], B=4'1100, Y=$13\first_effect$func$cap_pdb_dual_port_compact_engine.sv:126$4111.$result[4:0]$7660 [3:0]
      New connections: $13\first_effect$func$cap_pdb_dual_port_compact_engine.sv:126$4111.$result[4:0]$7660 [4] = 1'0
    Consolidated identical input bits for $mux cell $procmux$14632:
      Old ports: A=$12\first_effect$func$cap_pdb_dual_port_compact_engine.sv:124$4113.$result[4:0]$7819, B=5'01100, Y=$13\first_effect$func$cap_pdb_dual_port_compact_engine.sv:124$4113.$result[4:0]$7823
      New ports: A=$12\first_effect$func$cap_pdb_dual_port_compact_engine.sv:124$4113.$result[4:0]$7819 [3:0], B=4'1100, Y=$13\first_effect$func$cap_pdb_dual_port_compact_engine.sv:124$4113.$result[4:0]$7823 [3:0]
      New connections: $13\first_effect$func$cap_pdb_dual_port_compact_engine.sv:124$4113.$result[4:0]$7823 [4] = 1'0
    Consolidated identical input bits for $mux cell $procmux$14823:
      Old ports: A=$12\first_effect$func$cap_pdb_dual_port_compact_engine.sv:126$4114.$result[4:0]$7953, B=5'01100, Y=$13\first_effect$func$cap_pdb_dual_port_compact_engine.sv:126$4114.$result[4:0]$7957
      New ports: A=$12\first_effect$func$cap_pdb_dual_port_compact_engine.sv:126$4114.$result[4:0]$7953 [3:0], B=4'1100, Y=$13\first_effect$func$cap_pdb_dual_port_compact_engine.sv:126$4114.$result[4:0]$7957 [3:0]
      New connections: $13\first_effect$func$cap_pdb_dual_port_compact_engine.sv:126$4114.$result[4:0]$7957 [4] = 1'0
    Consolidated identical input bits for $mux cell $procmux$9832:
      Old ports: A=$12\first_effect$func$cap_pdb_dual_port_compact_engine.sv:124$4077.$result[4:0]$4255, B=5'01100, Y=$13\first_effect$func$cap_pdb_dual_port_compact_engine.sv:124$4077.$result[4:0]$4259
      New ports: A=$12\first_effect$func$cap_pdb_dual_port_compact_engine.sv:124$4077.$result[4:0]$4255 [3:0], B=4'1100, Y=$13\first_effect$func$cap_pdb_dual_port_compact_engine.sv:124$4077.$result[4:0]$4259 [3:0]
      New connections: $13\first_effect$func$cap_pdb_dual_port_compact_engine.sv:124$4077.$result[4:0]$4259 [4] = 1'0
  Optimizing cells in module \cap_pdb_dual_port_compact_allocation_engine.
    Consolidated identical input bits for $mux cell $procmux$10017:
      Old ports: A=$13\first_effect$func$cap_pdb_dual_port_compact_engine.sv:126$4078.$result[4:0]$4393, B=5'01101, Y=$14\first_effect$func$cap_pdb_dual_port_compact_engine.sv:126$4078.$result[4:0]$4397
      New ports: A=$13\first_effect$func$cap_pdb_dual_port_compact_engine.sv:126$4078.$result[4:0]$4393 [3:0], B=4'1101, Y=$14\first_effect$func$cap_pdb_dual_port_compact_engine.sv:126$4078.$result[4:0]$4397 [3:0]
      New connections: $14\first_effect$func$cap_pdb_dual_port_compact_engine.sv:126$4078.$result[4:0]$4397 [4] = 1'0
    Consolidated identical input bits for $mux cell $procmux$10226:
      Old ports: A=$13\first_effect$func$cap_pdb_dual_port_compact_engine.sv:124$4080.$result[4:0]$4556, B=5'01101, Y=$14\first_effect$func$cap_pdb_dual_port_compact_engine.sv:124$4080.$result[4:0]$4560
      New ports: A=$13\first_effect$func$cap_pdb_dual_port_compact_engine.sv:124$4080.$result[4:0]$4556 [3:0], B=4'1101, Y=$14\first_effect$func$cap_pdb_dual_port_compact_engine.sv:124$4080.$result[4:0]$4560 [3:0]
      New connections: $14\first_effect$func$cap_pdb_dual_port_compact_engine.sv:124$4080.$result[4:0]$4560 [4] = 1'0
    Consolidated identical input bits for $mux cell $procmux$10417:
      Old ports: A=$13\first_effect$func$cap_pdb_dual_port_compact_engine.sv:126$4081.$result[4:0]$4690, B=5'01101, Y=$14\first_effect$func$cap_pdb_dual_port_compact_engine.sv:126$4081.$result[4:0]$4694
      New ports: A=$13\first_effect$func$cap_pdb_dual_port_compact_engine.sv:126$4081.$result[4:0]$4690 [3:0], B=4'1101, Y=$14\first_effect$func$cap_pdb_dual_port_compact_engine.sv:126$4081.$result[4:0]$4694 [3:0]
      New connections: $14\first_effect$func$cap_pdb_dual_port_compact_engine.sv:126$4081.$result[4:0]$4694 [4] = 1'0
    Consolidated identical input bits for $mux cell $procmux$10626:
      Old ports: A=$13\first_effect$func$cap_pdb_dual_port_compact_engine.sv:124$4083.$result[4:0]$4853, B=5'01101, Y=$14\first_effect$func$cap_pdb_dual_port_compact_engine.sv:124$4083.$result[4:0]$4857
      New ports: A=$13\first_effect$func$cap_pdb_dual_port_compact_engine.sv:124$4083.$result[4:0]$4853 [3:0], B=4'1101, Y=$14\first_effect$func$cap_pdb_dual_port_compact_engine.sv:124$4083.$result[4:0]$4857 [3:0]
      New connections: $14\first_effect$func$cap_pdb_dual_port_compact_engine.sv:124$4083.$result[4:0]$4857 [4] = 1'0
    Consolidated identical input bits for $mux cell $procmux$10817:
      Old ports: A=$13\first_effect$func$cap_pdb_dual_port_compact_engine.sv:126$4084.$result[4:0]$4987, B=5'01101, Y=$14\first_effect$func$cap_pdb_dual_port_compact_engine.sv:126$4084.$result[4:0]$4991
      New ports: A=$13\first_effect$func$cap_pdb_dual_port_compact_engine.sv:126$4084.$result[4:0]$4987 [3:0], B=4'1101, Y=$14\first_effect$func$cap_pdb_dual_port_compact_engine.sv:126$4084.$result[4:0]$4991 [3:0]
      New connections: $14\first_effect$func$cap_pdb_dual_port_compact_engine.sv:126$4084.$result[4:0]$4991 [4] = 1'0
    Consolidated identical input bits for $mux cell $procmux$11026:
      Old ports: A=$13\first_effect$func$cap_pdb_dual_port_compact_engine.sv:124$4086.$result[4:0]$5150, B=5'01101, Y=$14\first_effect$func$cap_pdb_dual_port_compact_engine.sv:124$4086.$result[4:0]$5154
      New ports: A=$13\first_effect$func$cap_pdb_dual_port_compact_engine.sv:124$4086.$result[4:0]$5150 [3:0], B=4'1101, Y=$14\first_effect$func$cap_pdb_dual_port_compact_engine.sv:124$4086.$result[4:0]$5154 [3:0]
      New connections: $14\first_effect$func$cap_pdb_dual_port_compact_engine.sv:124$4086.$result[4:0]$5154 [4] = 1'0
    Consolidated identical input bits for $mux cell $procmux$11217:
      Old ports: A=$13\first_effect$func$cap_pdb_dual_port_compact_engine.sv:126$4087.$result[4:0]$5284, B=5'01101, Y=$14\first_effect$func$cap_pdb_dual_port_compact_engine.sv:126$4087.$result[4:0]$5288
      New ports: A=$13\first_effect$func$cap_pdb_dual_port_compact_engine.sv:126$4087.$result[4:0]$5284 [3:0], B=4'1101, Y=$14\first_effect$func$cap_pdb_dual_port_compact_engine.sv:126$4087.$result[4:0]$5288 [3:0]
      New connections: $14\first_effect$func$cap_pdb_dual_port_compact_engine.sv:126$4087.$result[4:0]$5288 [4] = 1'0
    Consolidated identical input bits for $mux cell $procmux$11426:
      Old ports: A=$13\first_effect$func$cap_pdb_dual_port_compact_engine.sv:124$4089.$result[4:0]$5447, B=5'01101, Y=$14\first_effect$func$cap_pdb_dual_port_compact_engine.sv:124$4089.$result[4:0]$5451
      New ports: A=$13\first_effect$func$cap_pdb_dual_port_compact_engine.sv:124$4089.$result[4:0]$5447 [3:0], B=4'1101, Y=$14\first_effect$func$cap_pdb_dual_port_compact_engine.sv:124$4089.$result[4:0]$5451 [3:0]
      New connections: $14\first_effect$func$cap_pdb_dual_port_compact_engine.sv:124$4089.$result[4:0]$5451 [4] = 1'0
    Consolidated identical input bits for $mux cell $procmux$11617:
      Old ports: A=$13\first_effect$func$cap_pdb_dual_port_compact_engine.sv:126$4090.$result[4:0]$5581, B=5'01101, Y=$14\first_effect$func$cap_pdb_dual_port_compact_engine.sv:126$4090.$result[4:0]$5585
      New ports: A=$13\first_effect$func$cap_pdb_dual_port_compact_engine.sv:126$4090.$result[4:0]$5581 [3:0], B=4'1101, Y=$14\first_effect$func$cap_pdb_dual_port_compact_engine.sv:126$4090.$result[4:0]$5585 [3:0]
      New connections: $14\first_effect$func$cap_pdb_dual_port_compact_engine.sv:126$4090.$result[4:0]$5585 [4] = 1'0
    Consolidated identical input bits for $mux cell $procmux$11826:
      Old ports: A=$13\first_effect$func$cap_pdb_dual_port_compact_engine.sv:124$4092.$result[4:0]$5744, B=5'01101, Y=$14\first_effect$func$cap_pdb_dual_port_compact_engine.sv:124$4092.$result[4:0]$5748
      New ports: A=$13\first_effect$func$cap_pdb_dual_port_compact_engine.sv:124$4092.$result[4:0]$5744 [3:0], B=4'1101, Y=$14\first_effect$func$cap_pdb_dual_port_compact_engine.sv:124$4092.$result[4:0]$5748 [3:0]
      New connections: $14\first_effect$func$cap_pdb_dual_port_compact_engine.sv:124$4092.$result[4:0]$5748 [4] = 1'0
    Consolidated identical input bits for $mux cell $procmux$12017:
      Old ports: A=$13\first_effect$func$cap_pdb_dual_port_compact_engine.sv:126$4093.$result[4:0]$5878, B=5'01101, Y=$14\first_effect$func$cap_pdb_dual_port_compact_engine.sv:126$4093.$result[4:0]$5882
      New ports: A=$13\first_effect$func$cap_pdb_dual_port_compact_engine.sv:126$4093.$result[4:0]$5878 [3:0], B=4'1101, Y=$14\first_effect$func$cap_pdb_dual_port_compact_engine.sv:126$4093.$result[4:0]$5882 [3:0]
      New connections: $14\first_effect$func$cap_pdb_dual_port_compact_engine.sv:126$4093.$result[4:0]$5882 [4] = 1'0
    Consolidated identical input bits for $mux cell $procmux$12226:
      Old ports: A=$13\first_effect$func$cap_pdb_dual_port_compact_engine.sv:124$4095.$result[4:0]$6041, B=5'01101, Y=$14\first_effect$func$cap_pdb_dual_port_compact_engine.sv:124$4095.$result[4:0]$6045
      New ports: A=$13\first_effect$func$cap_pdb_dual_port_compact_engine.sv:124$4095.$result[4:0]$6041 [3:0], B=4'1101, Y=$14\first_effect$func$cap_pdb_dual_port_compact_engine.sv:124$4095.$result[4:0]$6045 [3:0]
      New connections: $14\first_effect$func$cap_pdb_dual_port_compact_engine.sv:124$4095.$result[4:0]$6045 [4] = 1'0
    Consolidated identical input bits for $mux cell $procmux$12417:
      Old ports: A=$13\first_effect$func$cap_pdb_dual_port_compact_engine.sv:126$4096.$result[4:0]$6175, B=5'01101, Y=$14\first_effect$func$cap_pdb_dual_port_compact_engine.sv:126$4096.$result[4:0]$6179
      New ports: A=$13\first_effect$func$cap_pdb_dual_port_compact_engine.sv:126$4096.$result[4:0]$6175 [3:0], B=4'1101, Y=$14\first_effect$func$cap_pdb_dual_port_compact_engine.sv:126$4096.$result[4:0]$6179 [3:0]
      New connections: $14\first_effect$func$cap_pdb_dual_port_compact_engine.sv:126$4096.$result[4:0]$6179 [4] = 1'0
    Consolidated identical input bits for $mux cell $procmux$12626:
      Old ports: A=$13\first_effect$func$cap_pdb_dual_port_compact_engine.sv:124$4098.$result[4:0]$6338, B=5'01101, Y=$14\first_effect$func$cap_pdb_dual_port_compact_engine.sv:124$4098.$result[4:0]$6342
      New ports: A=$13\first_effect$func$cap_pdb_dual_port_compact_engine.sv:124$4098.$result[4:0]$6338 [3:0], B=4'1101, Y=$14\first_effect$func$cap_pdb_dual_port_compact_engine.sv:124$4098.$result[4:0]$6342 [3:0]
      New connections: $14\first_effect$func$cap_pdb_dual_port_compact_engine.sv:124$4098.$result[4:0]$6342 [4] = 1'0
    Consolidated identical input bits for $mux cell $procmux$12817:
      Old ports: A=$13\first_effect$func$cap_pdb_dual_port_compact_engine.sv:126$4099.$result[4:0]$6472, B=5'01101, Y=$14\first_effect$func$cap_pdb_dual_port_compact_engine.sv:126$4099.$result[4:0]$6476
      New ports: A=$13\first_effect$func$cap_pdb_dual_port_compact_engine.sv:126$4099.$result[4:0]$6472 [3:0], B=4'1101, Y=$14\first_effect$func$cap_pdb_dual_port_compact_engine.sv:126$4099.$result[4:0]$6476 [3:0]
      New connections: $14\first_effect$func$cap_pdb_dual_port_compact_engine.sv:126$4099.$result[4:0]$6476 [4] = 1'0
    Consolidated identical input bits for $mux cell $procmux$13026:
      Old ports: A=$13\first_effect$func$cap_pdb_dual_port_compact_engine.sv:124$4101.$result[4:0]$6635, B=5'01101, Y=$14\first_effect$func$cap_pdb_dual_port_compact_engine.sv:124$4101.$result[4:0]$6639
      New ports: A=$13\first_effect$func$cap_pdb_dual_port_compact_engine.sv:124$4101.$result[4:0]$6635 [3:0], B=4'1101, Y=$14\first_effect$func$cap_pdb_dual_port_compact_engine.sv:124$4101.$result[4:0]$6639 [3:0]
      New connections: $14\first_effect$func$cap_pdb_dual_port_compact_engine.sv:124$4101.$result[4:0]$6639 [4] = 1'0
    Consolidated identical input bits for $mux cell $procmux$13217:
      Old ports: A=$13\first_effect$func$cap_pdb_dual_port_compact_engine.sv:126$4102.$result[4:0]$6769, B=5'01101, Y=$14\first_effect$func$cap_pdb_dual_port_compact_engine.sv:126$4102.$result[4:0]$6773
      New ports: A=$13\first_effect$func$cap_pdb_dual_port_compact_engine.sv:126$4102.$result[4:0]$6769 [3:0], B=4'1101, Y=$14\first_effect$func$cap_pdb_dual_port_compact_engine.sv:126$4102.$result[4:0]$6773 [3:0]
      New connections: $14\first_effect$func$cap_pdb_dual_port_compact_engine.sv:126$4102.$result[4:0]$6773 [4] = 1'0
    Consolidated identical input bits for $mux cell $procmux$13426:
      Old ports: A=$13\first_effect$func$cap_pdb_dual_port_compact_engine.sv:124$4104.$result[4:0]$6932, B=5'01101, Y=$14\first_effect$func$cap_pdb_dual_port_compact_engine.sv:124$4104.$result[4:0]$6936
      New ports: A=$13\first_effect$func$cap_pdb_dual_port_compact_engine.sv:124$4104.$result[4:0]$6932 [3:0], B=4'1101, Y=$14\first_effect$func$cap_pdb_dual_port_compact_engine.sv:124$4104.$result[4:0]$6936 [3:0]
      New connections: $14\first_effect$func$cap_pdb_dual_port_compact_engine.sv:124$4104.$result[4:0]$6936 [4] = 1'0
    Consolidated identical input bits for $mux cell $procmux$13617:
      Old ports: A=$13\first_effect$func$cap_pdb_dual_port_compact_engine.sv:126$4105.$result[4:0]$7066, B=5'01101, Y=$14\first_effect$func$cap_pdb_dual_port_compact_engine.sv:126$4105.$result[4:0]$7070
      New ports: A=$13\first_effect$func$cap_pdb_dual_port_compact_engine.sv:126$4105.$result[4:0]$7066 [3:0], B=4'1101, Y=$14\first_effect$func$cap_pdb_dual_port_compact_engine.sv:126$4105.$result[4:0]$7070 [3:0]
      New connections: $14\first_effect$func$cap_pdb_dual_port_compact_engine.sv:126$4105.$result[4:0]$7070 [4] = 1'0
    Consolidated identical input bits for $mux cell $procmux$13826:
      Old ports: A=$13\first_effect$func$cap_pdb_dual_port_compact_engine.sv:124$4107.$result[4:0]$7229, B=5'01101, Y=$14\first_effect$func$cap_pdb_dual_port_compact_engine.sv:124$4107.$result[4:0]$7233
      New ports: A=$13\first_effect$func$cap_pdb_dual_port_compact_engine.sv:124$4107.$result[4:0]$7229 [3:0], B=4'1101, Y=$14\first_effect$func$cap_pdb_dual_port_compact_engine.sv:124$4107.$result[4:0]$7233 [3:0]
      New connections: $14\first_effect$func$cap_pdb_dual_port_compact_engine.sv:124$4107.$result[4:0]$7233 [4] = 1'0
    Consolidated identical input bits for $mux cell $procmux$14017:
      Old ports: A=$13\first_effect$func$cap_pdb_dual_port_compact_engine.sv:126$4108.$result[4:0]$7363, B=5'01101, Y=$14\first_effect$func$cap_pdb_dual_port_compact_engine.sv:126$4108.$result[4:0]$7367
      New ports: A=$13\first_effect$func$cap_pdb_dual_port_compact_engine.sv:126$4108.$result[4:0]$7363 [3:0], B=4'1101, Y=$14\first_effect$func$cap_pdb_dual_port_compact_engine.sv:126$4108.$result[4:0]$7367 [3:0]
      New connections: $14\first_effect$func$cap_pdb_dual_port_compact_engine.sv:126$4108.$result[4:0]$7367 [4] = 1'0
    Consolidated identical input bits for $mux cell $procmux$14226:
      Old ports: A=$13\first_effect$func$cap_pdb_dual_port_compact_engine.sv:124$4110.$result[4:0]$7526, B=5'01101, Y=$14\first_effect$func$cap_pdb_dual_port_compact_engine.sv:124$4110.$result[4:0]$7530
      New ports: A=$13\first_effect$func$cap_pdb_dual_port_compact_engine.sv:124$4110.$result[4:0]$7526 [3:0], B=4'1101, Y=$14\first_effect$func$cap_pdb_dual_port_compact_engine.sv:124$4110.$result[4:0]$7530 [3:0]
      New connections: $14\first_effect$func$cap_pdb_dual_port_compact_engine.sv:124$4110.$result[4:0]$7530 [4] = 1'0
    Consolidated identical input bits for $mux cell $procmux$14417:
      Old ports: A=$13\first_effect$func$cap_pdb_dual_port_compact_engine.sv:126$4111.$result[4:0]$7660, B=5'01101, Y=$14\first_effect$func$cap_pdb_dual_port_compact_engine.sv:126$4111.$result[4:0]$7664
      New ports: A=$13\first_effect$func$cap_pdb_dual_port_compact_engine.sv:126$4111.$result[4:0]$7660 [3:0], B=4'1101, Y=$14\first_effect$func$cap_pdb_dual_port_compact_engine.sv:126$4111.$result[4:0]$7664 [3:0]
      New connections: $14\first_effect$func$cap_pdb_dual_port_compact_engine.sv:126$4111.$result[4:0]$7664 [4] = 1'0
    Consolidated identical input bits for $mux cell $procmux$14626:
      Old ports: A=$13\first_effect$func$cap_pdb_dual_port_compact_engine.sv:124$4113.$result[4:0]$7823, B=5'01101, Y=$14\first_effect$func$cap_pdb_dual_port_compact_engine.sv:124$4113.$result[4:0]$7827
      New ports: A=$13\first_effect$func$cap_pdb_dual_port_compact_engine.sv:124$4113.$result[4:0]$7823 [3:0], B=4'1101, Y=$14\first_effect$func$cap_pdb_dual_port_compact_engine.sv:124$4113.$result[4:0]$7827 [3:0]
      New connections: $14\first_effect$func$cap_pdb_dual_port_compact_engine.sv:124$4113.$result[4:0]$7827 [4] = 1'0
    Consolidated identical input bits for $mux cell $procmux$14817:
      Old ports: A=$13\first_effect$func$cap_pdb_dual_port_compact_engine.sv:126$4114.$result[4:0]$7957, B=5'01101, Y=$14\first_effect$func$cap_pdb_dual_port_compact_engine.sv:126$4114.$result[4:0]$7961
      New ports: A=$13\first_effect$func$cap_pdb_dual_port_compact_engine.sv:126$4114.$result[4:0]$7957 [3:0], B=4'1101, Y=$14\first_effect$func$cap_pdb_dual_port_compact_engine.sv:126$4114.$result[4:0]$7961 [3:0]
      New connections: $14\first_effect$func$cap_pdb_dual_port_compact_engine.sv:126$4114.$result[4:0]$7961 [4] = 1'0
    Consolidated identical input bits for $mux cell $procmux$9826:
      Old ports: A=$13\first_effect$func$cap_pdb_dual_port_compact_engine.sv:124$4077.$result[4:0]$4259, B=5'01101, Y=$14\first_effect$func$cap_pdb_dual_port_compact_engine.sv:124$4077.$result[4:0]$4263
      New ports: A=$13\first_effect$func$cap_pdb_dual_port_compact_engine.sv:124$4077.$result[4:0]$4259 [3:0], B=4'1101, Y=$14\first_effect$func$cap_pdb_dual_port_compact_engine.sv:124$4077.$result[4:0]$4263 [3:0]
      New connections: $14\first_effect$func$cap_pdb_dual_port_compact_engine.sv:124$4077.$result[4:0]$4263 [4] = 1'0
  Optimizing cells in module \cap_pdb_dual_port_compact_allocation_engine.
    Consolidated identical input bits for $mux cell $procmux$10011:
      Old ports: A=$14\first_effect$func$cap_pdb_dual_port_compact_engine.sv:126$4078.$result[4:0]$4397, B=5'01110, Y=$15\first_effect$func$cap_pdb_dual_port_compact_engine.sv:126$4078.$result[4:0]$4401
      New ports: A=$14\first_effect$func$cap_pdb_dual_port_compact_engine.sv:126$4078.$result[4:0]$4397 [3:0], B=4'1110, Y=$15\first_effect$func$cap_pdb_dual_port_compact_engine.sv:126$4078.$result[4:0]$4401 [3:0]
      New connections: $15\first_effect$func$cap_pdb_dual_port_compact_engine.sv:126$4078.$result[4:0]$4401 [4] = 1'0
    Consolidated identical input bits for $mux cell $procmux$10220:
      Old ports: A=$14\first_effect$func$cap_pdb_dual_port_compact_engine.sv:124$4080.$result[4:0]$4560, B=5'01110, Y=$15\first_effect$func$cap_pdb_dual_port_compact_engine.sv:124$4080.$result[4:0]$4564
      New ports: A=$14\first_effect$func$cap_pdb_dual_port_compact_engine.sv:124$4080.$result[4:0]$4560 [3:0], B=4'1110, Y=$15\first_effect$func$cap_pdb_dual_port_compact_engine.sv:124$4080.$result[4:0]$4564 [3:0]
      New connections: $15\first_effect$func$cap_pdb_dual_port_compact_engine.sv:124$4080.$result[4:0]$4564 [4] = 1'0
    Consolidated identical input bits for $mux cell $procmux$10411:
      Old ports: A=$14\first_effect$func$cap_pdb_dual_port_compact_engine.sv:126$4081.$result[4:0]$4694, B=5'01110, Y=$15\first_effect$func$cap_pdb_dual_port_compact_engine.sv:126$4081.$result[4:0]$4698
      New ports: A=$14\first_effect$func$cap_pdb_dual_port_compact_engine.sv:126$4081.$result[4:0]$4694 [3:0], B=4'1110, Y=$15\first_effect$func$cap_pdb_dual_port_compact_engine.sv:126$4081.$result[4:0]$4698 [3:0]
      New connections: $15\first_effect$func$cap_pdb_dual_port_compact_engine.sv:126$4081.$result[4:0]$4698 [4] = 1'0
    Consolidated identical input bits for $mux cell $procmux$10620:
      Old ports: A=$14\first_effect$func$cap_pdb_dual_port_compact_engine.sv:124$4083.$result[4:0]$4857, B=5'01110, Y=$15\first_effect$func$cap_pdb_dual_port_compact_engine.sv:124$4083.$result[4:0]$4861
      New ports: A=$14\first_effect$func$cap_pdb_dual_port_compact_engine.sv:124$4083.$result[4:0]$4857 [3:0], B=4'1110, Y=$15\first_effect$func$cap_pdb_dual_port_compact_engine.sv:124$4083.$result[4:0]$4861 [3:0]
      New connections: $15\first_effect$func$cap_pdb_dual_port_compact_engine.sv:124$4083.$result[4:0]$4861 [4] = 1'0
    Consolidated identical input bits for $mux cell $procmux$10811:
      Old ports: A=$14\first_effect$func$cap_pdb_dual_port_compact_engine.sv:126$4084.$result[4:0]$4991, B=5'01110, Y=$15\first_effect$func$cap_pdb_dual_port_compact_engine.sv:126$4084.$result[4:0]$4995
      New ports: A=$14\first_effect$func$cap_pdb_dual_port_compact_engine.sv:126$4084.$result[4:0]$4991 [3:0], B=4'1110, Y=$15\first_effect$func$cap_pdb_dual_port_compact_engine.sv:126$4084.$result[4:0]$4995 [3:0]
      New connections: $15\first_effect$func$cap_pdb_dual_port_compact_engine.sv:126$4084.$result[4:0]$4995 [4] = 1'0
    Consolidated identical input bits for $mux cell $procmux$11020:
      Old ports: A=$14\first_effect$func$cap_pdb_dual_port_compact_engine.sv:124$4086.$result[4:0]$5154, B=5'01110, Y=$15\first_effect$func$cap_pdb_dual_port_compact_engine.sv:124$4086.$result[4:0]$5158
      New ports: A=$14\first_effect$func$cap_pdb_dual_port_compact_engine.sv:124$4086.$result[4:0]$5154 [3:0], B=4'1110, Y=$15\first_effect$func$cap_pdb_dual_port_compact_engine.sv:124$4086.$result[4:0]$5158 [3:0]
      New connections: $15\first_effect$func$cap_pdb_dual_port_compact_engine.sv:124$4086.$result[4:0]$5158 [4] = 1'0
    Consolidated identical input bits for $mux cell $procmux$11211:
      Old ports: A=$14\first_effect$func$cap_pdb_dual_port_compact_engine.sv:126$4087.$result[4:0]$5288, B=5'01110, Y=$15\first_effect$func$cap_pdb_dual_port_compact_engine.sv:126$4087.$result[4:0]$5292
      New ports: A=$14\first_effect$func$cap_pdb_dual_port_compact_engine.sv:126$4087.$result[4:0]$5288 [3:0], B=4'1110, Y=$15\first_effect$func$cap_pdb_dual_port_compact_engine.sv:126$4087.$result[4:0]$5292 [3:0]
      New connections: $15\first_effect$func$cap_pdb_dual_port_compact_engine.sv:126$4087.$result[4:0]$5292 [4] = 1'0
    Consolidated identical input bits for $mux cell $procmux$11420:
      Old ports: A=$14\first_effect$func$cap_pdb_dual_port_compact_engine.sv:124$4089.$result[4:0]$5451, B=5'01110, Y=$15\first_effect$func$cap_pdb_dual_port_compact_engine.sv:124$4089.$result[4:0]$5455
      New ports: A=$14\first_effect$func$cap_pdb_dual_port_compact_engine.sv:124$4089.$result[4:0]$5451 [3:0], B=4'1110, Y=$15\first_effect$func$cap_pdb_dual_port_compact_engine.sv:124$4089.$result[4:0]$5455 [3:0]
      New connections: $15\first_effect$func$cap_pdb_dual_port_compact_engine.sv:124$4089.$result[4:0]$5455 [4] = 1'0
    Consolidated identical input bits for $mux cell $procmux$11611:
      Old ports: A=$14\first_effect$func$cap_pdb_dual_port_compact_engine.sv:126$4090.$result[4:0]$5585, B=5'01110, Y=$15\first_effect$func$cap_pdb_dual_port_compact_engine.sv:126$4090.$result[4:0]$5589
      New ports: A=$14\first_effect$func$cap_pdb_dual_port_compact_engine.sv:126$4090.$result[4:0]$5585 [3:0], B=4'1110, Y=$15\first_effect$func$cap_pdb_dual_port_compact_engine.sv:126$4090.$result[4:0]$5589 [3:0]
      New connections: $15\first_effect$func$cap_pdb_dual_port_compact_engine.sv:126$4090.$result[4:0]$5589 [4] = 1'0
    Consolidated identical input bits for $mux cell $procmux$11820:
      Old ports: A=$14\first_effect$func$cap_pdb_dual_port_compact_engine.sv:124$4092.$result[4:0]$5748, B=5'01110, Y=$15\first_effect$func$cap_pdb_dual_port_compact_engine.sv:124$4092.$result[4:0]$5752
      New ports: A=$14\first_effect$func$cap_pdb_dual_port_compact_engine.sv:124$4092.$result[4:0]$5748 [3:0], B=4'1110, Y=$15\first_effect$func$cap_pdb_dual_port_compact_engine.sv:124$4092.$result[4:0]$5752 [3:0]
      New connections: $15\first_effect$func$cap_pdb_dual_port_compact_engine.sv:124$4092.$result[4:0]$5752 [4] = 1'0
    Consolidated identical input bits for $mux cell $procmux$12011:
      Old ports: A=$14\first_effect$func$cap_pdb_dual_port_compact_engine.sv:126$4093.$result[4:0]$5882, B=5'01110, Y=$15\first_effect$func$cap_pdb_dual_port_compact_engine.sv:126$4093.$result[4:0]$5886
      New ports: A=$14\first_effect$func$cap_pdb_dual_port_compact_engine.sv:126$4093.$result[4:0]$5882 [3:0], B=4'1110, Y=$15\first_effect$func$cap_pdb_dual_port_compact_engine.sv:126$4093.$result[4:0]$5886 [3:0]
      New connections: $15\first_effect$func$cap_pdb_dual_port_compact_engine.sv:126$4093.$result[4:0]$5886 [4] = 1'0
    Consolidated identical input bits for $mux cell $procmux$12220:
      Old ports: A=$14\first_effect$func$cap_pdb_dual_port_compact_engine.sv:124$4095.$result[4:0]$6045, B=5'01110, Y=$15\first_effect$func$cap_pdb_dual_port_compact_engine.sv:124$4095.$result[4:0]$6049
      New ports: A=$14\first_effect$func$cap_pdb_dual_port_compact_engine.sv:124$4095.$result[4:0]$6045 [3:0], B=4'1110, Y=$15\first_effect$func$cap_pdb_dual_port_compact_engine.sv:124$4095.$result[4:0]$6049 [3:0]
      New connections: $15\first_effect$func$cap_pdb_dual_port_compact_engine.sv:124$4095.$result[4:0]$6049 [4] = 1'0
    Consolidated identical input bits for $mux cell $procmux$12411:
      Old ports: A=$14\first_effect$func$cap_pdb_dual_port_compact_engine.sv:126$4096.$result[4:0]$6179, B=5'01110, Y=$15\first_effect$func$cap_pdb_dual_port_compact_engine.sv:126$4096.$result[4:0]$6183
      New ports: A=$14\first_effect$func$cap_pdb_dual_port_compact_engine.sv:126$4096.$result[4:0]$6179 [3:0], B=4'1110, Y=$15\first_effect$func$cap_pdb_dual_port_compact_engine.sv:126$4096.$result[4:0]$6183 [3:0]
      New connections: $15\first_effect$func$cap_pdb_dual_port_compact_engine.sv:126$4096.$result[4:0]$6183 [4] = 1'0
    Consolidated identical input bits for $mux cell $procmux$12620:
      Old ports: A=$14\first_effect$func$cap_pdb_dual_port_compact_engine.sv:124$4098.$result[4:0]$6342, B=5'01110, Y=$15\first_effect$func$cap_pdb_dual_port_compact_engine.sv:124$4098.$result[4:0]$6346
      New ports: A=$14\first_effect$func$cap_pdb_dual_port_compact_engine.sv:124$4098.$result[4:0]$6342 [3:0], B=4'1110, Y=$15\first_effect$func$cap_pdb_dual_port_compact_engine.sv:124$4098.$result[4:0]$6346 [3:0]
      New connections: $15\first_effect$func$cap_pdb_dual_port_compact_engine.sv:124$4098.$result[4:0]$6346 [4] = 1'0
    Consolidated identical input bits for $mux cell $procmux$12811:
      Old ports: A=$14\first_effect$func$cap_pdb_dual_port_compact_engine.sv:126$4099.$result[4:0]$6476, B=5'01110, Y=$15\first_effect$func$cap_pdb_dual_port_compact_engine.sv:126$4099.$result[4:0]$6480
      New ports: A=$14\first_effect$func$cap_pdb_dual_port_compact_engine.sv:126$4099.$result[4:0]$6476 [3:0], B=4'1110, Y=$15\first_effect$func$cap_pdb_dual_port_compact_engine.sv:126$4099.$result[4:0]$6480 [3:0]
      New connections: $15\first_effect$func$cap_pdb_dual_port_compact_engine.sv:126$4099.$result[4:0]$6480 [4] = 1'0
    Consolidated identical input bits for $mux cell $procmux$13020:
      Old ports: A=$14\first_effect$func$cap_pdb_dual_port_compact_engine.sv:124$4101.$result[4:0]$6639, B=5'01110, Y=$15\first_effect$func$cap_pdb_dual_port_compact_engine.sv:124$4101.$result[4:0]$6643
      New ports: A=$14\first_effect$func$cap_pdb_dual_port_compact_engine.sv:124$4101.$result[4:0]$6639 [3:0], B=4'1110, Y=$15\first_effect$func$cap_pdb_dual_port_compact_engine.sv:124$4101.$result[4:0]$6643 [3:0]
      New connections: $15\first_effect$func$cap_pdb_dual_port_compact_engine.sv:124$4101.$result[4:0]$6643 [4] = 1'0
    Consolidated identical input bits for $mux cell $procmux$13211:
      Old ports: A=$14\first_effect$func$cap_pdb_dual_port_compact_engine.sv:126$4102.$result[4:0]$6773, B=5'01110, Y=$15\first_effect$func$cap_pdb_dual_port_compact_engine.sv:126$4102.$result[4:0]$6777
      New ports: A=$14\first_effect$func$cap_pdb_dual_port_compact_engine.sv:126$4102.$result[4:0]$6773 [3:0], B=4'1110, Y=$15\first_effect$func$cap_pdb_dual_port_compact_engine.sv:126$4102.$result[4:0]$6777 [3:0]
      New connections: $15\first_effect$func$cap_pdb_dual_port_compact_engine.sv:126$4102.$result[4:0]$6777 [4] = 1'0
    Consolidated identical input bits for $mux cell $procmux$13420:
      Old ports: A=$14\first_effect$func$cap_pdb_dual_port_compact_engine.sv:124$4104.$result[4:0]$6936, B=5'01110, Y=$15\first_effect$func$cap_pdb_dual_port_compact_engine.sv:124$4104.$result[4:0]$6940
      New ports: A=$14\first_effect$func$cap_pdb_dual_port_compact_engine.sv:124$4104.$result[4:0]$6936 [3:0], B=4'1110, Y=$15\first_effect$func$cap_pdb_dual_port_compact_engine.sv:124$4104.$result[4:0]$6940 [3:0]
      New connections: $15\first_effect$func$cap_pdb_dual_port_compact_engine.sv:124$4104.$result[4:0]$6940 [4] = 1'0
    Consolidated identical input bits for $mux cell $procmux$13611:
      Old ports: A=$14\first_effect$func$cap_pdb_dual_port_compact_engine.sv:126$4105.$result[4:0]$7070, B=5'01110, Y=$15\first_effect$func$cap_pdb_dual_port_compact_engine.sv:126$4105.$result[4:0]$7074
      New ports: A=$14\first_effect$func$cap_pdb_dual_port_compact_engine.sv:126$4105.$result[4:0]$7070 [3:0], B=4'1110, Y=$15\first_effect$func$cap_pdb_dual_port_compact_engine.sv:126$4105.$result[4:0]$7074 [3:0]
      New connections: $15\first_effect$func$cap_pdb_dual_port_compact_engine.sv:126$4105.$result[4:0]$7074 [4] = 1'0
    Consolidated identical input bits for $mux cell $procmux$13820:
      Old ports: A=$14\first_effect$func$cap_pdb_dual_port_compact_engine.sv:124$4107.$result[4:0]$7233, B=5'01110, Y=$15\first_effect$func$cap_pdb_dual_port_compact_engine.sv:124$4107.$result[4:0]$7237
      New ports: A=$14\first_effect$func$cap_pdb_dual_port_compact_engine.sv:124$4107.$result[4:0]$7233 [3:0], B=4'1110, Y=$15\first_effect$func$cap_pdb_dual_port_compact_engine.sv:124$4107.$result[4:0]$7237 [3:0]
      New connections: $15\first_effect$func$cap_pdb_dual_port_compact_engine.sv:124$4107.$result[4:0]$7237 [4] = 1'0
    Consolidated identical input bits for $mux cell $procmux$14011:
      Old ports: A=$14\first_effect$func$cap_pdb_dual_port_compact_engine.sv:126$4108.$result[4:0]$7367, B=5'01110, Y=$15\first_effect$func$cap_pdb_dual_port_compact_engine.sv:126$4108.$result[4:0]$7371
      New ports: A=$14\first_effect$func$cap_pdb_dual_port_compact_engine.sv:126$4108.$result[4:0]$7367 [3:0], B=4'1110, Y=$15\first_effect$func$cap_pdb_dual_port_compact_engine.sv:126$4108.$result[4:0]$7371 [3:0]
      New connections: $15\first_effect$func$cap_pdb_dual_port_compact_engine.sv:126$4108.$result[4:0]$7371 [4] = 1'0
    Consolidated identical input bits for $mux cell $procmux$14220:
      Old ports: A=$14\first_effect$func$cap_pdb_dual_port_compact_engine.sv:124$4110.$result[4:0]$7530, B=5'01110, Y=$15\first_effect$func$cap_pdb_dual_port_compact_engine.sv:124$4110.$result[4:0]$7534
      New ports: A=$14\first_effect$func$cap_pdb_dual_port_compact_engine.sv:124$4110.$result[4:0]$7530 [3:0], B=4'1110, Y=$15\first_effect$func$cap_pdb_dual_port_compact_engine.sv:124$4110.$result[4:0]$7534 [3:0]
      New connections: $15\first_effect$func$cap_pdb_dual_port_compact_engine.sv:124$4110.$result[4:0]$7534 [4] = 1'0
    Consolidated identical input bits for $mux cell $procmux$14411:
      Old ports: A=$14\first_effect$func$cap_pdb_dual_port_compact_engine.sv:126$4111.$result[4:0]$7664, B=5'01110, Y=$15\first_effect$func$cap_pdb_dual_port_compact_engine.sv:126$4111.$result[4:0]$7668
      New ports: A=$14\first_effect$func$cap_pdb_dual_port_compact_engine.sv:126$4111.$result[4:0]$7664 [3:0], B=4'1110, Y=$15\first_effect$func$cap_pdb_dual_port_compact_engine.sv:126$4111.$result[4:0]$7668 [3:0]
      New connections: $15\first_effect$func$cap_pdb_dual_port_compact_engine.sv:126$4111.$result[4:0]$7668 [4] = 1'0
    Consolidated identical input bits for $mux cell $procmux$14620:
      Old ports: A=$14\first_effect$func$cap_pdb_dual_port_compact_engine.sv:124$4113.$result[4:0]$7827, B=5'01110, Y=$15\first_effect$func$cap_pdb_dual_port_compact_engine.sv:124$4113.$result[4:0]$7831
      New ports: A=$14\first_effect$func$cap_pdb_dual_port_compact_engine.sv:124$4113.$result[4:0]$7827 [3:0], B=4'1110, Y=$15\first_effect$func$cap_pdb_dual_port_compact_engine.sv:124$4113.$result[4:0]$7831 [3:0]
      New connections: $15\first_effect$func$cap_pdb_dual_port_compact_engine.sv:124$4113.$result[4:0]$7831 [4] = 1'0
    Consolidated identical input bits for $mux cell $procmux$14811:
      Old ports: A=$14\first_effect$func$cap_pdb_dual_port_compact_engine.sv:126$4114.$result[4:0]$7961, B=5'01110, Y=$15\first_effect$func$cap_pdb_dual_port_compact_engine.sv:126$4114.$result[4:0]$7965
      New ports: A=$14\first_effect$func$cap_pdb_dual_port_compact_engine.sv:126$4114.$result[4:0]$7961 [3:0], B=4'1110, Y=$15\first_effect$func$cap_pdb_dual_port_compact_engine.sv:126$4114.$result[4:0]$7965 [3:0]
      New connections: $15\first_effect$func$cap_pdb_dual_port_compact_engine.sv:126$4114.$result[4:0]$7965 [4] = 1'0
    Consolidated identical input bits for $mux cell $procmux$9820:
      Old ports: A=$14\first_effect$func$cap_pdb_dual_port_compact_engine.sv:124$4077.$result[4:0]$4263, B=5'01110, Y=$15\first_effect$func$cap_pdb_dual_port_compact_engine.sv:124$4077.$result[4:0]$4267
      New ports: A=$14\first_effect$func$cap_pdb_dual_port_compact_engine.sv:124$4077.$result[4:0]$4263 [3:0], B=4'1110, Y=$15\first_effect$func$cap_pdb_dual_port_compact_engine.sv:124$4077.$result[4:0]$4267 [3:0]
      New connections: $15\first_effect$func$cap_pdb_dual_port_compact_engine.sv:124$4077.$result[4:0]$4267 [4] = 1'0
  Optimizing cells in module \cap_pdb_dual_port_compact_allocation_engine.
    Consolidated identical input bits for $mux cell $procmux$10005:
      Old ports: A=$15\first_effect$func$cap_pdb_dual_port_compact_engine.sv:126$4078.$result[4:0]$4401, B=5'01111, Y=$16\first_effect$func$cap_pdb_dual_port_compact_engine.sv:126$4078.$result[4:0]$4405
      New ports: A=$15\first_effect$func$cap_pdb_dual_port_compact_engine.sv:126$4078.$result[4:0]$4401 [3:0], B=4'1111, Y=$16\first_effect$func$cap_pdb_dual_port_compact_engine.sv:126$4078.$result[4:0]$4405 [3:0]
      New connections: $16\first_effect$func$cap_pdb_dual_port_compact_engine.sv:126$4078.$result[4:0]$4405 [4] = 1'0
    Consolidated identical input bits for $mux cell $procmux$10214:
      Old ports: A=$15\first_effect$func$cap_pdb_dual_port_compact_engine.sv:124$4080.$result[4:0]$4564, B=5'01111, Y=$16\first_effect$func$cap_pdb_dual_port_compact_engine.sv:124$4080.$result[4:0]$4568
      New ports: A=$15\first_effect$func$cap_pdb_dual_port_compact_engine.sv:124$4080.$result[4:0]$4564 [3:0], B=4'1111, Y=$16\first_effect$func$cap_pdb_dual_port_compact_engine.sv:124$4080.$result[4:0]$4568 [3:0]
      New connections: $16\first_effect$func$cap_pdb_dual_port_compact_engine.sv:124$4080.$result[4:0]$4568 [4] = 1'0
    Consolidated identical input bits for $mux cell $procmux$10405:
      Old ports: A=$15\first_effect$func$cap_pdb_dual_port_compact_engine.sv:126$4081.$result[4:0]$4698, B=5'01111, Y=$16\first_effect$func$cap_pdb_dual_port_compact_engine.sv:126$4081.$result[4:0]$4702
      New ports: A=$15\first_effect$func$cap_pdb_dual_port_compact_engine.sv:126$4081.$result[4:0]$4698 [3:0], B=4'1111, Y=$16\first_effect$func$cap_pdb_dual_port_compact_engine.sv:126$4081.$result[4:0]$4702 [3:0]
      New connections: $16\first_effect$func$cap_pdb_dual_port_compact_engine.sv:126$4081.$result[4:0]$4702 [4] = 1'0
    Consolidated identical input bits for $mux cell $procmux$10614:
      Old ports: A=$15\first_effect$func$cap_pdb_dual_port_compact_engine.sv:124$4083.$result[4:0]$4861, B=5'01111, Y=$16\first_effect$func$cap_pdb_dual_port_compact_engine.sv:124$4083.$result[4:0]$4865
      New ports: A=$15\first_effect$func$cap_pdb_dual_port_compact_engine.sv:124$4083.$result[4:0]$4861 [3:0], B=4'1111, Y=$16\first_effect$func$cap_pdb_dual_port_compact_engine.sv:124$4083.$result[4:0]$4865 [3:0]
      New connections: $16\first_effect$func$cap_pdb_dual_port_compact_engine.sv:124$4083.$result[4:0]$4865 [4] = 1'0
    Consolidated identical input bits for $mux cell $procmux$10805:
      Old ports: A=$15\first_effect$func$cap_pdb_dual_port_compact_engine.sv:126$4084.$result[4:0]$4995, B=5'01111, Y=$16\first_effect$func$cap_pdb_dual_port_compact_engine.sv:126$4084.$result[4:0]$4999
      New ports: A=$15\first_effect$func$cap_pdb_dual_port_compact_engine.sv:126$4084.$result[4:0]$4995 [3:0], B=4'1111, Y=$16\first_effect$func$cap_pdb_dual_port_compact_engine.sv:126$4084.$result[4:0]$4999 [3:0]
      New connections: $16\first_effect$func$cap_pdb_dual_port_compact_engine.sv:126$4084.$result[4:0]$4999 [4] = 1'0
    Consolidated identical input bits for $mux cell $procmux$11014:
      Old ports: A=$15\first_effect$func$cap_pdb_dual_port_compact_engine.sv:124$4086.$result[4:0]$5158, B=5'01111, Y=$16\first_effect$func$cap_pdb_dual_port_compact_engine.sv:124$4086.$result[4:0]$5162
      New ports: A=$15\first_effect$func$cap_pdb_dual_port_compact_engine.sv:124$4086.$result[4:0]$5158 [3:0], B=4'1111, Y=$16\first_effect$func$cap_pdb_dual_port_compact_engine.sv:124$4086.$result[4:0]$5162 [3:0]
      New connections: $16\first_effect$func$cap_pdb_dual_port_compact_engine.sv:124$4086.$result[4:0]$5162 [4] = 1'0
    Consolidated identical input bits for $mux cell $procmux$11205:
      Old ports: A=$15\first_effect$func$cap_pdb_dual_port_compact_engine.sv:126$4087.$result[4:0]$5292, B=5'01111, Y=$16\first_effect$func$cap_pdb_dual_port_compact_engine.sv:126$4087.$result[4:0]$5296
      New ports: A=$15\first_effect$func$cap_pdb_dual_port_compact_engine.sv:126$4087.$result[4:0]$5292 [3:0], B=4'1111, Y=$16\first_effect$func$cap_pdb_dual_port_compact_engine.sv:126$4087.$result[4:0]$5296 [3:0]
      New connections: $16\first_effect$func$cap_pdb_dual_port_compact_engine.sv:126$4087.$result[4:0]$5296 [4] = 1'0
    Consolidated identical input bits for $mux cell $procmux$11414:
      Old ports: A=$15\first_effect$func$cap_pdb_dual_port_compact_engine.sv:124$4089.$result[4:0]$5455, B=5'01111, Y=$16\first_effect$func$cap_pdb_dual_port_compact_engine.sv:124$4089.$result[4:0]$5459
      New ports: A=$15\first_effect$func$cap_pdb_dual_port_compact_engine.sv:124$4089.$result[4:0]$5455 [3:0], B=4'1111, Y=$16\first_effect$func$cap_pdb_dual_port_compact_engine.sv:124$4089.$result[4:0]$5459 [3:0]
      New connections: $16\first_effect$func$cap_pdb_dual_port_compact_engine.sv:124$4089.$result[4:0]$5459 [4] = 1'0
    Consolidated identical input bits for $mux cell $procmux$11605:
      Old ports: A=$15\first_effect$func$cap_pdb_dual_port_compact_engine.sv:126$4090.$result[4:0]$5589, B=5'01111, Y=$16\first_effect$func$cap_pdb_dual_port_compact_engine.sv:126$4090.$result[4:0]$5593
      New ports: A=$15\first_effect$func$cap_pdb_dual_port_compact_engine.sv:126$4090.$result[4:0]$5589 [3:0], B=4'1111, Y=$16\first_effect$func$cap_pdb_dual_port_compact_engine.sv:126$4090.$result[4:0]$5593 [3:0]
      New connections: $16\first_effect$func$cap_pdb_dual_port_compact_engine.sv:126$4090.$result[4:0]$5593 [4] = 1'0
    Consolidated identical input bits for $mux cell $procmux$11814:
      Old ports: A=$15\first_effect$func$cap_pdb_dual_port_compact_engine.sv:124$4092.$result[4:0]$5752, B=5'01111, Y=$16\first_effect$func$cap_pdb_dual_port_compact_engine.sv:124$4092.$result[4:0]$5756
      New ports: A=$15\first_effect$func$cap_pdb_dual_port_compact_engine.sv:124$4092.$result[4:0]$5752 [3:0], B=4'1111, Y=$16\first_effect$func$cap_pdb_dual_port_compact_engine.sv:124$4092.$result[4:0]$5756 [3:0]
      New connections: $16\first_effect$func$cap_pdb_dual_port_compact_engine.sv:124$4092.$result[4:0]$5756 [4] = 1'0
    Consolidated identical input bits for $mux cell $procmux$12005:
      Old ports: A=$15\first_effect$func$cap_pdb_dual_port_compact_engine.sv:126$4093.$result[4:0]$5886, B=5'01111, Y=$16\first_effect$func$cap_pdb_dual_port_compact_engine.sv:126$4093.$result[4:0]$5890
      New ports: A=$15\first_effect$func$cap_pdb_dual_port_compact_engine.sv:126$4093.$result[4:0]$5886 [3:0], B=4'1111, Y=$16\first_effect$func$cap_pdb_dual_port_compact_engine.sv:126$4093.$result[4:0]$5890 [3:0]
      New connections: $16\first_effect$func$cap_pdb_dual_port_compact_engine.sv:126$4093.$result[4:0]$5890 [4] = 1'0
    Consolidated identical input bits for $mux cell $procmux$12214:
      Old ports: A=$15\first_effect$func$cap_pdb_dual_port_compact_engine.sv:124$4095.$result[4:0]$6049, B=5'01111, Y=$16\first_effect$func$cap_pdb_dual_port_compact_engine.sv:124$4095.$result[4:0]$6053
      New ports: A=$15\first_effect$func$cap_pdb_dual_port_compact_engine.sv:124$4095.$result[4:0]$6049 [3:0], B=4'1111, Y=$16\first_effect$func$cap_pdb_dual_port_compact_engine.sv:124$4095.$result[4:0]$6053 [3:0]
      New connections: $16\first_effect$func$cap_pdb_dual_port_compact_engine.sv:124$4095.$result[4:0]$6053 [4] = 1'0
    Consolidated identical input bits for $mux cell $procmux$12405:
      Old ports: A=$15\first_effect$func$cap_pdb_dual_port_compact_engine.sv:126$4096.$result[4:0]$6183, B=5'01111, Y=$16\first_effect$func$cap_pdb_dual_port_compact_engine.sv:126$4096.$result[4:0]$6187
      New ports: A=$15\first_effect$func$cap_pdb_dual_port_compact_engine.sv:126$4096.$result[4:0]$6183 [3:0], B=4'1111, Y=$16\first_effect$func$cap_pdb_dual_port_compact_engine.sv:126$4096.$result[4:0]$6187 [3:0]
      New connections: $16\first_effect$func$cap_pdb_dual_port_compact_engine.sv:126$4096.$result[4:0]$6187 [4] = 1'0
    Consolidated identical input bits for $mux cell $procmux$12614:
      Old ports: A=$15\first_effect$func$cap_pdb_dual_port_compact_engine.sv:124$4098.$result[4:0]$6346, B=5'01111, Y=$16\first_effect$func$cap_pdb_dual_port_compact_engine.sv:124$4098.$result[4:0]$6350
      New ports: A=$15\first_effect$func$cap_pdb_dual_port_compact_engine.sv:124$4098.$result[4:0]$6346 [3:0], B=4'1111, Y=$16\first_effect$func$cap_pdb_dual_port_compact_engine.sv:124$4098.$result[4:0]$6350 [3:0]
      New connections: $16\first_effect$func$cap_pdb_dual_port_compact_engine.sv:124$4098.$result[4:0]$6350 [4] = 1'0
    Consolidated identical input bits for $mux cell $procmux$12805:
      Old ports: A=$15\first_effect$func$cap_pdb_dual_port_compact_engine.sv:126$4099.$result[4:0]$6480, B=5'01111, Y=$16\first_effect$func$cap_pdb_dual_port_compact_engine.sv:126$4099.$result[4:0]$6484
      New ports: A=$15\first_effect$func$cap_pdb_dual_port_compact_engine.sv:126$4099.$result[4:0]$6480 [3:0], B=4'1111, Y=$16\first_effect$func$cap_pdb_dual_port_compact_engine.sv:126$4099.$result[4:0]$6484 [3:0]
      New connections: $16\first_effect$func$cap_pdb_dual_port_compact_engine.sv:126$4099.$result[4:0]$6484 [4] = 1'0
    Consolidated identical input bits for $mux cell $procmux$13014:
      Old ports: A=$15\first_effect$func$cap_pdb_dual_port_compact_engine.sv:124$4101.$result[4:0]$6643, B=5'01111, Y=$16\first_effect$func$cap_pdb_dual_port_compact_engine.sv:124$4101.$result[4:0]$6647
      New ports: A=$15\first_effect$func$cap_pdb_dual_port_compact_engine.sv:124$4101.$result[4:0]$6643 [3:0], B=4'1111, Y=$16\first_effect$func$cap_pdb_dual_port_compact_engine.sv:124$4101.$result[4:0]$6647 [3:0]
      New connections: $16\first_effect$func$cap_pdb_dual_port_compact_engine.sv:124$4101.$result[4:0]$6647 [4] = 1'0
    Consolidated identical input bits for $mux cell $procmux$13205:
      Old ports: A=$15\first_effect$func$cap_pdb_dual_port_compact_engine.sv:126$4102.$result[4:0]$6777, B=5'01111, Y=$16\first_effect$func$cap_pdb_dual_port_compact_engine.sv:126$4102.$result[4:0]$6781
      New ports: A=$15\first_effect$func$cap_pdb_dual_port_compact_engine.sv:126$4102.$result[4:0]$6777 [3:0], B=4'1111, Y=$16\first_effect$func$cap_pdb_dual_port_compact_engine.sv:126$4102.$result[4:0]$6781 [3:0]
      New connections: $16\first_effect$func$cap_pdb_dual_port_compact_engine.sv:126$4102.$result[4:0]$6781 [4] = 1'0
    Consolidated identical input bits for $mux cell $procmux$13414:
      Old ports: A=$15\first_effect$func$cap_pdb_dual_port_compact_engine.sv:124$4104.$result[4:0]$6940, B=5'01111, Y=$16\first_effect$func$cap_pdb_dual_port_compact_engine.sv:124$4104.$result[4:0]$6944
      New ports: A=$15\first_effect$func$cap_pdb_dual_port_compact_engine.sv:124$4104.$result[4:0]$6940 [3:0], B=4'1111, Y=$16\first_effect$func$cap_pdb_dual_port_compact_engine.sv:124$4104.$result[4:0]$6944 [3:0]
      New connections: $16\first_effect$func$cap_pdb_dual_port_compact_engine.sv:124$4104.$result[4:0]$6944 [4] = 1'0
    Consolidated identical input bits for $mux cell $procmux$13605:
      Old ports: A=$15\first_effect$func$cap_pdb_dual_port_compact_engine.sv:126$4105.$result[4:0]$7074, B=5'01111, Y=$16\first_effect$func$cap_pdb_dual_port_compact_engine.sv:126$4105.$result[4:0]$7078
      New ports: A=$15\first_effect$func$cap_pdb_dual_port_compact_engine.sv:126$4105.$result[4:0]$7074 [3:0], B=4'1111, Y=$16\first_effect$func$cap_pdb_dual_port_compact_engine.sv:126$4105.$result[4:0]$7078 [3:0]
      New connections: $16\first_effect$func$cap_pdb_dual_port_compact_engine.sv:126$4105.$result[4:0]$7078 [4] = 1'0
    Consolidated identical input bits for $mux cell $procmux$13814:
      Old ports: A=$15\first_effect$func$cap_pdb_dual_port_compact_engine.sv:124$4107.$result[4:0]$7237, B=5'01111, Y=$16\first_effect$func$cap_pdb_dual_port_compact_engine.sv:124$4107.$result[4:0]$7241
      New ports: A=$15\first_effect$func$cap_pdb_dual_port_compact_engine.sv:124$4107.$result[4:0]$7237 [3:0], B=4'1111, Y=$16\first_effect$func$cap_pdb_dual_port_compact_engine.sv:124$4107.$result[4:0]$7241 [3:0]
      New connections: $16\first_effect$func$cap_pdb_dual_port_compact_engine.sv:124$4107.$result[4:0]$7241 [4] = 1'0
    Consolidated identical input bits for $mux cell $procmux$14005:
      Old ports: A=$15\first_effect$func$cap_pdb_dual_port_compact_engine.sv:126$4108.$result[4:0]$7371, B=5'01111, Y=$16\first_effect$func$cap_pdb_dual_port_compact_engine.sv:126$4108.$result[4:0]$7375
      New ports: A=$15\first_effect$func$cap_pdb_dual_port_compact_engine.sv:126$4108.$result[4:0]$7371 [3:0], B=4'1111, Y=$16\first_effect$func$cap_pdb_dual_port_compact_engine.sv:126$4108.$result[4:0]$7375 [3:0]
      New connections: $16\first_effect$func$cap_pdb_dual_port_compact_engine.sv:126$4108.$result[4:0]$7375 [4] = 1'0
    Consolidated identical input bits for $mux cell $procmux$14214:
      Old ports: A=$15\first_effect$func$cap_pdb_dual_port_compact_engine.sv:124$4110.$result[4:0]$7534, B=5'01111, Y=$16\first_effect$func$cap_pdb_dual_port_compact_engine.sv:124$4110.$result[4:0]$7538
      New ports: A=$15\first_effect$func$cap_pdb_dual_port_compact_engine.sv:124$4110.$result[4:0]$7534 [3:0], B=4'1111, Y=$16\first_effect$func$cap_pdb_dual_port_compact_engine.sv:124$4110.$result[4:0]$7538 [3:0]
      New connections: $16\first_effect$func$cap_pdb_dual_port_compact_engine.sv:124$4110.$result[4:0]$7538 [4] = 1'0
    Consolidated identical input bits for $mux cell $procmux$14405:
      Old ports: A=$15\first_effect$func$cap_pdb_dual_port_compact_engine.sv:126$4111.$result[4:0]$7668, B=5'01111, Y=$16\first_effect$func$cap_pdb_dual_port_compact_engine.sv:126$4111.$result[4:0]$7672
      New ports: A=$15\first_effect$func$cap_pdb_dual_port_compact_engine.sv:126$4111.$result[4:0]$7668 [3:0], B=4'1111, Y=$16\first_effect$func$cap_pdb_dual_port_compact_engine.sv:126$4111.$result[4:0]$7672 [3:0]
      New connections: $16\first_effect$func$cap_pdb_dual_port_compact_engine.sv:126$4111.$result[4:0]$7672 [4] = 1'0
    Consolidated identical input bits for $mux cell $procmux$14614:
      Old ports: A=$15\first_effect$func$cap_pdb_dual_port_compact_engine.sv:124$4113.$result[4:0]$7831, B=5'01111, Y=$16\first_effect$func$cap_pdb_dual_port_compact_engine.sv:124$4113.$result[4:0]$7835
      New ports: A=$15\first_effect$func$cap_pdb_dual_port_compact_engine.sv:124$4113.$result[4:0]$7831 [3:0], B=4'1111, Y=$16\first_effect$func$cap_pdb_dual_port_compact_engine.sv:124$4113.$result[4:0]$7835 [3:0]
      New connections: $16\first_effect$func$cap_pdb_dual_port_compact_engine.sv:124$4113.$result[4:0]$7835 [4] = 1'0
    Consolidated identical input bits for $mux cell $procmux$14805:
      Old ports: A=$15\first_effect$func$cap_pdb_dual_port_compact_engine.sv:126$4114.$result[4:0]$7965, B=5'01111, Y=$16\first_effect$func$cap_pdb_dual_port_compact_engine.sv:126$4114.$result[4:0]$7969
      New ports: A=$15\first_effect$func$cap_pdb_dual_port_compact_engine.sv:126$4114.$result[4:0]$7965 [3:0], B=4'1111, Y=$16\first_effect$func$cap_pdb_dual_port_compact_engine.sv:126$4114.$result[4:0]$7969 [3:0]
      New connections: $16\first_effect$func$cap_pdb_dual_port_compact_engine.sv:126$4114.$result[4:0]$7969 [4] = 1'0
    Consolidated identical input bits for $mux cell $procmux$9814:
      Old ports: A=$15\first_effect$func$cap_pdb_dual_port_compact_engine.sv:124$4077.$result[4:0]$4267, B=5'01111, Y=$16\first_effect$func$cap_pdb_dual_port_compact_engine.sv:124$4077.$result[4:0]$4271
      New ports: A=$15\first_effect$func$cap_pdb_dual_port_compact_engine.sv:124$4077.$result[4:0]$4267 [3:0], B=4'1111, Y=$16\first_effect$func$cap_pdb_dual_port_compact_engine.sv:124$4077.$result[4:0]$4271 [3:0]
      New connections: $16\first_effect$func$cap_pdb_dual_port_compact_engine.sv:124$4077.$result[4:0]$4271 [4] = 1'0
  Optimizing cells in module \cap_pdb_dual_port_compact_allocation_engine.
Performed a total of 364 changes.

5.34.5. Executing OPT_MERGE pass (detect identical cells).
Finding identical cells in module `$paramod$3c933f59fd04475806c89d43d681470cb4a1a28b\cap_pdb_dual_read_bank'.
Computing hashes of 29 cells of `$paramod$3c933f59fd04475806c89d43d681470cb4a1a28b\cap_pdb_dual_read_bank'.
Finding duplicate cells in `$paramod$3c933f59fd04475806c89d43d681470cb4a1a28b\cap_pdb_dual_read_bank'.
Finding identical cells in module `\cap_pdb_dual_port_compact_allocation_engine'.
Computing hashes of 5609 cells of `\cap_pdb_dual_port_compact_allocation_engine'.
Finding duplicate cells in `\cap_pdb_dual_port_compact_allocation_engine'.
Removed a total of 0 cells.

5.34.6. Executing OPT_SHARE pass.

5.34.7. Executing OPT_DFF pass (perform DFF optimizations).

5.34.8. Executing OPT_CLEAN pass (remove unused cells and wires).
Finding unused cells or wires in module $paramod$3c933f59fd04475806c89d43d681470cb4a1a28b\cap_pdb_dual_read_bank..
Finding unused cells or wires in module \cap_pdb_dual_port_compact_allocation_engine..

5.34.9. Executing OPT_EXPR pass (perform const folding).
Optimizing module $paramod$3c933f59fd04475806c89d43d681470cb4a1a28b\cap_pdb_dual_read_bank.
Optimizing module cap_pdb_dual_port_compact_allocation_engine.

5.34.10. Rerunning OPT passes. (Maybe there is more to do..)

5.34.11. Executing OPT_MUXTREE pass (detect dead branches in mux trees).
Running muxtree optimizer on module $paramod$3c933f59fd04475806c89d43d681470cb4a1a28b\cap_pdb_dual_read_bank..
  Creating internal representation of mux trees.
  No muxes found in this module.
Running muxtree optimizer on module \cap_pdb_dual_port_compact_allocation_engine..
  Creating internal representation of mux trees.
  Evaluating internal representation of mux trees.
  Analyzing evaluation results.
Removed 0 multiplexer ports.
<suppressed ~969 debug messages>

5.34.12. Executing OPT_REDUCE pass (consolidate $*mux and $reduce_* inputs).
  Optimizing cells in module $paramod$3c933f59fd04475806c89d43d681470cb4a1a28b\cap_pdb_dual_read_bank.
  Optimizing cells in module \cap_pdb_dual_port_compact_allocation_engine.
Performed a total of 0 changes.

5.34.13. Executing OPT_MERGE pass (detect identical cells).
Finding identical cells in module `$paramod$3c933f59fd04475806c89d43d681470cb4a1a28b\cap_pdb_dual_read_bank'.
Computing hashes of 29 cells of `$paramod$3c933f59fd04475806c89d43d681470cb4a1a28b\cap_pdb_dual_read_bank'.
Finding duplicate cells in `$paramod$3c933f59fd04475806c89d43d681470cb4a1a28b\cap_pdb_dual_read_bank'.
Finding identical cells in module `\cap_pdb_dual_port_compact_allocation_engine'.
Computing hashes of 5609 cells of `\cap_pdb_dual_port_compact_allocation_engine'.
Finding duplicate cells in `\cap_pdb_dual_port_compact_allocation_engine'.
Removed a total of 0 cells.

5.34.14. Executing OPT_SHARE pass.

5.34.15. Executing OPT_DFF pass (perform DFF optimizations).

5.34.16. Executing OPT_CLEAN pass (remove unused cells and wires).
Finding unused cells or wires in module $paramod$3c933f59fd04475806c89d43d681470cb4a1a28b\cap_pdb_dual_read_bank..
Finding unused cells or wires in module \cap_pdb_dual_port_compact_allocation_engine..

5.34.17. Executing OPT_EXPR pass (perform const folding).
Optimizing module $paramod$3c933f59fd04475806c89d43d681470cb4a1a28b\cap_pdb_dual_read_bank.
Optimizing module cap_pdb_dual_port_compact_allocation_engine.

5.34.18. Finished fast OPT passes. (There is nothing left to do.)

5.35. Executing XILINX_SRL pass (Xilinx shift register extraction).

5.36. Executing TECHMAP pass (map to technology primitives).

5.36.1. Executing Verilog-2005 frontend: /share/techmap.v
Parsing Verilog input from `/share/techmap.v' to AST representation.
Generating RTLIL representation for module `\_90_simplemap_bool_ops'.
Generating RTLIL representation for module `\_90_simplemap_reduce_ops'.
Generating RTLIL representation for module `\_90_simplemap_logic_ops'.
Generating RTLIL representation for module `\_90_simplemap_compare_ops'.
Generating RTLIL representation for module `\_90_simplemap_various'.
Generating RTLIL representation for module `\_90_simplemap_registers'.
Generating RTLIL representation for module `\_90_shift_ops_shr_shl_sshl_sshr'.
Generating RTLIL representation for module `\_90_shift_shiftx'.
Generating RTLIL representation for module `\_90_fa'.
Generating RTLIL representation for module `\_90_lcu_brent_kung'.
Generating RTLIL representation for module `\_90_alu'.
Generating RTLIL representation for module `\_90_macc'.
Generating RTLIL representation for module `\_90_alumacc'.
Generating RTLIL representation for module `$__div_mod_u'.
Generating RTLIL representation for module `$__div_mod_trunc'.
Generating RTLIL representation for module `\_90_div'.
Generating RTLIL representation for module `\_90_mod'.
Generating RTLIL representation for module `$__div_mod_floor'.
Generating RTLIL representation for module `\_90_divfloor'.
Generating RTLIL representation for module `\_90_modfloor'.
Generating RTLIL representation for module `\_90_pow'.
Generating RTLIL representation for module `\_90_demux'.
Generating RTLIL representation for module `\_90_lut'.
Generating RTLIL representation for module `$connect'.
Generating RTLIL representation for module `$input_port'.
Successfully finished Verilog frontend.

5.36.2. Executing Verilog-2005 frontend: /share/xilinx/arith_map.v
Parsing Verilog input from `/share/xilinx/arith_map.v' to AST representation.
Generating RTLIL representation for module `\_80_xilinx_lcu'.
Generating RTLIL representation for module `\_80_xilinx_alu'.
Successfully finished Verilog frontend.

5.36.3. Continuing TECHMAP pass.
Using template $paramod$dd6e8d5576c8ca8396735fcece0adb60d4bc913c\_80_xilinx_alu for cells of type $alu.
Using template $paramod$817919053e360e32f1a00d067c5411f16a07f712\_80_xilinx_alu for cells of type $alu.
Using extmapper maccmap for cells of type $macc_v2.
  add $1\selected_minimum[15:0] (16 bits, unsigned)
  add \selected_minimum (16 bits, unsigned)
  add $12\selected_minimum[15:0] (16 bits, unsigned)
  add $11\selected_minimum[15:0] (16 bits, unsigned)
  add $10\selected_minimum[15:0] (16 bits, unsigned)
  add $9\selected_minimum[15:0] (16 bits, unsigned)
  add $8\selected_minimum[15:0] (16 bits, unsigned)
  add $7\selected_minimum[15:0] (16 bits, unsigned)
  add $6\selected_minimum[15:0] (16 bits, unsigned)
  add $5\selected_minimum[15:0] (16 bits, unsigned)
  add $4\selected_minimum[15:0] (16 bits, unsigned)
  add $3\selected_minimum[15:0] (16 bits, unsigned)
  add $2\selected_minimum[15:0] (16 bits, unsigned)
Using extmapper simplemap for cells of type $sdffe.
Using extmapper simplemap for cells of type $reduce_and.
Using extmapper simplemap for cells of type $ne.
Using extmapper simplemap for cells of type $reduce_bool.
Using extmapper simplemap for cells of type $sdff.
Using extmapper simplemap for cells of type $reduce_or.
Using extmapper simplemap for cells of type $and.
Using extmapper simplemap for cells of type $logic_not.
Using extmapper simplemap for cells of type $eq.
Using extmapper simplemap for cells of type $dff.
Using extmapper simplemap for cells of type $xnor.
Using extmapper simplemap for cells of type $not.
Using extmapper simplemap for cells of type $or.
Using template $paramod\_80_xilinx_lcu\WIDTH=s32'00000000000000000000000000000110 for cells of type $lcu.
Using extmapper simplemap for cells of type $logic_and.
Using extmapper simplemap for cells of type $xor.
Using extmapper simplemap for cells of type $mux.
Using template $paramod\_90_fa\WIDTH=32'00000000000000000000000000010000 for cells of type $fa.
Using template $paramod\_90_fa\WIDTH=32'00000000000000000000000000010001 for cells of type $fa.
Using template $paramod\_90_fa\WIDTH=32'00000000000000000000000000010010 for cells of type $fa.
Using template $paramod\_90_fa\WIDTH=32'00000000000000000000000000010011 for cells of type $fa.
Using template $paramod\_90_fa\WIDTH=32'00000000000000000000000000010100 for cells of type $fa.
Using template $paramod$ad0678f72e5eed11ec01a0c5d1190efdf3061355\_80_xilinx_alu for cells of type $alu.
Using extmapper simplemap for cells of type $pos.
Using extmapper simplemap for cells of type $bmux.
Using extmapper simplemap for cells of type $dffe.
Using template $paramod$b3b6ac92d800c6f07aa48f510f923d86a674e5a7\_90_demux for cells of type $demux.
Using template $paramod$63301a5e78ceb1f2c17a4ac1894f292ed5701c1f\_90_demux for cells of type $demux.
Using template $paramod$5d1d2614b24accd0f9d06c4779fd9ef771faf494\_90_demux for cells of type $demux.
No more expansions possible.
<suppressed ~6207 debug messages>

5.37. Executing OPT pass (performing simple optimizations).

5.37.1. Executing OPT_EXPR pass (perform const folding).
Optimizing module $paramod$3c933f59fd04475806c89d43d681470cb4a1a28b\cap_pdb_dual_read_bank.
<suppressed ~1100 debug messages>
Optimizing module cap_pdb_dual_port_compact_allocation_engine.
<suppressed ~2800 debug messages>

5.37.2. Executing OPT_MERGE pass (detect identical cells).
Finding identical cells in module `$paramod$3c933f59fd04475806c89d43d681470cb4a1a28b\cap_pdb_dual_read_bank'.
Computing hashes of 460 cells of `$paramod$3c933f59fd04475806c89d43d681470cb4a1a28b\cap_pdb_dual_read_bank'.
Finding duplicate cells in `$paramod$3c933f59fd04475806c89d43d681470cb4a1a28b\cap_pdb_dual_read_bank'.
Finding identical cells in module `\cap_pdb_dual_port_compact_allocation_engine'.
Computing hashes of 15135 cells of `\cap_pdb_dual_port_compact_allocation_engine'.
Finding duplicate cells in `\cap_pdb_dual_port_compact_allocation_engine'.
Computing hashes of 15110 cells of `\cap_pdb_dual_port_compact_allocation_engine'.
Finding duplicate cells in `\cap_pdb_dual_port_compact_allocation_engine'.
Computing hashes of 15098 cells of `\cap_pdb_dual_port_compact_allocation_engine'.
Finding duplicate cells in `\cap_pdb_dual_port_compact_allocation_engine'.
<suppressed ~111 debug messages>
Removed a total of 37 cells.

5.37.3. Executing OPT_DFF pass (perform DFF optimizations).

5.37.4. Executing OPT_CLEAN pass (remove unused cells and wires).
Finding unused cells or wires in module $paramod$3c933f59fd04475806c89d43d681470cb4a1a28b\cap_pdb_dual_read_bank..
Finding unused cells or wires in module \cap_pdb_dual_port_compact_allocation_engine..
Removed 43 unused cells and 2162 unused wires.
<suppressed ~45 debug messages>

5.37.5. Finished fast OPT passes.

5.38. Executing IOPADMAP pass (mapping inputs/outputs to IO-PAD cells).
Mapping port cap_pdb_dual_port_compact_allocation_engine.busy using OBUF.
Mapping port cap_pdb_dual_port_compact_allocation_engine.clk using IBUF.
Mapping port cap_pdb_dual_port_compact_allocation_engine.cycles using OBUF.
Mapping port cap_pdb_dual_port_compact_allocation_engine.done using OBUF.
Mapping port cap_pdb_dual_port_compact_allocation_engine.group_cost_sum using OBUF.
Mapping port cap_pdb_dual_port_compact_allocation_engine.group_state using IBUF.
Mapping port cap_pdb_dual_port_compact_allocation_engine.reachable_effects using IBUF.
Mapping port cap_pdb_dual_port_compact_allocation_engine.right_weight using IBUF.
Mapping port cap_pdb_dual_port_compact_allocation_engine.rst using IBUF.
Mapping port cap_pdb_dual_port_compact_allocation_engine.start using IBUF.
Mapping port cap_pdb_dual_port_compact_allocation_engine.table_waddr using IBUF.
Mapping port cap_pdb_dual_port_compact_allocation_engine.table_wdata using IBUF.
Mapping port cap_pdb_dual_port_compact_allocation_engine.table_we using IBUF.
Mapping port cap_pdb_dual_port_compact_allocation_engine.table_wgroup using IBUF.
Mapping port cap_pdb_dual_port_compact_allocation_engine.valid using OBUF.

5.39. Executing TECHMAP pass (map to technology primitives).

5.39.1. Executing Verilog-2005 frontend: /share/techmap.v
Parsing Verilog input from `/share/techmap.v' to AST representation.
Generating RTLIL representation for module `\_90_simplemap_bool_ops'.
Generating RTLIL representation for module `\_90_simplemap_reduce_ops'.
Generating RTLIL representation for module `\_90_simplemap_logic_ops'.
Generating RTLIL representation for module `\_90_simplemap_compare_ops'.
Generating RTLIL representation for module `\_90_simplemap_various'.
Generating RTLIL representation for module `\_90_simplemap_registers'.
Generating RTLIL representation for module `\_90_shift_ops_shr_shl_sshl_sshr'.
Generating RTLIL representation for module `\_90_shift_shiftx'.
Generating RTLIL representation for module `\_90_fa'.
Generating RTLIL representation for module `\_90_lcu_brent_kung'.
Generating RTLIL representation for module `\_90_alu'.
Generating RTLIL representation for module `\_90_macc'.
Generating RTLIL representation for module `\_90_alumacc'.
Generating RTLIL representation for module `$__div_mod_u'.
Generating RTLIL representation for module `$__div_mod_trunc'.
Generating RTLIL representation for module `\_90_div'.
Generating RTLIL representation for module `\_90_mod'.
Generating RTLIL representation for module `$__div_mod_floor'.
Generating RTLIL representation for module `\_90_divfloor'.
Generating RTLIL representation for module `\_90_modfloor'.
Generating RTLIL representation for module `\_90_pow'.
Generating RTLIL representation for module `\_90_demux'.
Generating RTLIL representation for module `\_90_lut'.
Generating RTLIL representation for module `$connect'.
Generating RTLIL representation for module `$input_port'.
Successfully finished Verilog frontend.

5.39.2. Executing Verilog-2005 frontend: /share/xilinx/cells_map.v
Parsing Verilog input from `/share/xilinx/cells_map.v' to AST representation.
Generating RTLIL representation for module `$__SHREG_'.
Generating RTLIL representation for module `$__XILINX_SHREG_'.
Generating RTLIL representation for module `$__XILINX_MUXF78'.
Successfully finished Verilog frontend.

5.39.3. Continuing TECHMAP pass.
No more expansions possible.
<suppressed ~80 debug messages>
Removed 0 unused cells and 1 unused wires.

5.40. Executing DFFLEGALIZE pass (convert FFs to types supported by the target).

5.41. Executing OPT_EXPR pass (perform const folding).
Optimizing module $paramod$3c933f59fd04475806c89d43d681470cb4a1a28b\cap_pdb_dual_read_bank.
<suppressed ~64 debug messages>
Optimizing module cap_pdb_dual_port_compact_allocation_engine.

5.42. Executing ABC pass (technology mapping using ABC).

5.42.1. Extracting gate netlist of module `$paramod$3c933f59fd04475806c89d43d681470cb4a1a28b\cap_pdb_dual_read_bank' to `<abc-temp-dir>/input.blif'..

5.42.1.1. Executed ABC.
Extracted 355 gates and 722 wires to a netlist network with 366 inputs and 44 outputs.
Running ABC script: <abc-temp-dir>/abc.script
ABC: ======== ABC command line "source <abc-temp-dir>/abc.script"
ABC: + read_blif <abc-temp-dir>/input.blif
ABC: + read_lut <abc-temp-dir>/lutdefs.txt
ABC: + strash
ABC: + &get -n
ABC: + &fraig -x
ABC: + &put
ABC: + scorr
ABC: Warning: The network is combinational (run "fraig" or "fraig_sweep").
ABC: + dc2
ABC: + dretime
ABC: + strash
ABC: + dch -f
ABC: + if
ABC: + mfs2
ABC: + write_blif <abc-temp-dir>/output.blif

5.42.1.2. Re-integrating ABC results.
ABC RESULTS:              $lut cells:      141
ABC RESULTS:        internal signals:      312
ABC RESULTS:           input signals:      366
ABC RESULTS:          output signals:       44
Removing temp directory.

5.42.2. Extracting gate netlist of module `\cap_pdb_dual_port_compact_allocation_engine' to `<abc-temp-dir>/input.blif'..

5.42.2.1. Executed ABC.
Extracted 14086 gates and 16537 wires to a netlist network with 2449 inputs and 2415 outputs.
Running ABC script: <abc-temp-dir>/abc.script
ABC: ======== ABC command line "source <abc-temp-dir>/abc.script"
ABC: + read_blif <abc-temp-dir>/input.blif
ABC: + read_lut <abc-temp-dir>/lutdefs.txt
ABC: + strash
ABC: + &get -n
ABC: + &fraig -x
ABC: + &put
ABC: + scorr
ABC: Warning: The network is combinational (run "fraig" or "fraig_sweep").
ABC: + dc2
ABC: + dretime
ABC: + strash
ABC: + dch -f
ABC: + if
ABC: + mfs2
ABC: + write_blif <abc-temp-dir>/output.blif

5.42.2.2. Re-integrating ABC results.
ABC RESULTS:              $lut cells:     4818
ABC RESULTS:        internal signals:    11673
ABC RESULTS:           input signals:     2449
ABC RESULTS:          output signals:     2415
Removing temp directory.
Removing global temp directory.
Removed 0 unused cells and 9192 unused wires.

5.43. Executing TECHMAP pass (map to technology primitives).

5.43.1. Executing Verilog-2005 frontend: /share/xilinx/ff_map.v
Parsing Verilog input from `/share/xilinx/ff_map.v' to AST representation.
Generating RTLIL representation for module `$_DFFE_NP0P_'.
Generating RTLIL representation for module `$_DFFE_PP0P_'.
Generating RTLIL representation for module `$_DFFE_NP1P_'.
Generating RTLIL representation for module `$_DFFE_PP1P_'.
Generating RTLIL representation for module `$_DFFSRE_NPPP_'.
Generating RTLIL representation for module `$_DFFSRE_PPPP_'.
Generating RTLIL representation for module `$_SDFFE_NP0P_'.
Generating RTLIL representation for module `$_SDFFE_PP0P_'.
Generating RTLIL representation for module `$_SDFFE_NP1P_'.
Generating RTLIL representation for module `$_SDFFE_PP1P_'.
Generating RTLIL representation for module `$_DLATCH_NP0_'.
Generating RTLIL representation for module `$_DLATCH_PP0_'.
Generating RTLIL representation for module `$_DLATCH_NP1_'.
Generating RTLIL representation for module `$_DLATCH_PP1_'.
Generating RTLIL representation for module `$_DLATCH_NPP_'.
Generating RTLIL representation for module `$_DLATCH_PPP_'.
Successfully finished Verilog frontend.

5.43.2. Continuing TECHMAP pass.
Using template $paramod$_SDFFE_PP0P_\_TECHMAP_WIREINIT_Q_=1'x for cells of type $_SDFFE_PP0P_.
Using template $paramod$_SDFFE_PP1P_\_TECHMAP_WIREINIT_Q_=1'x for cells of type $_SDFFE_PP1P_.
No more expansions possible.
<suppressed ~745 debug messages>

5.44. Executing XILINX_SRL pass (Xilinx shift register extraction).

5.45. Executing TECHMAP pass (map to technology primitives).

5.45.1. Executing Verilog-2005 frontend: /share/xilinx/lut_map.v
Parsing Verilog input from `/share/xilinx/lut_map.v' to AST representation.
Generating RTLIL representation for module `$lut'.
Successfully finished Verilog frontend.

5.45.2. Executing Verilog-2005 frontend: /share/xilinx/cells_map.v
Parsing Verilog input from `/share/xilinx/cells_map.v' to AST representation.
Generating RTLIL representation for module `$__SHREG_'.
Generating RTLIL representation for module `$__XILINX_SHREG_'.
Generating RTLIL representation for module `$__XILINX_MUXF78'.
Successfully finished Verilog frontend.

5.45.3. Continuing TECHMAP pass.
Using template $paramod$lut\WIDTH=32'00000000000000000000000000000010\LUT=4'1000 for cells of type $lut.
Using template $paramod$lut\WIDTH=32'00000000000000000000000000000001\LUT=2'01 for cells of type $lut.
Using template $paramod$lut\WIDTH=32'00000000000000000000000000000011\LUT=8'00000001 for cells of type $lut.
Using template $paramod$82465a09fa1fb625cf05c680e7f5642ba36c85a0$lut for cells of type $lut.
Using template $paramod$695bd59ec760d62fa3879b0a16d70992e44e5d0e$lut for cells of type $lut.
Using template $paramod$6069048ea7c45159713a0558424cdfb243a46dfe$lut for cells of type $lut.
Using template $paramod$6e238df02989b317f10820a22773676e71120644$lut for cells of type $lut.
Using template $paramod$lut\WIDTH=32'00000000000000000000000000000010\LUT=4'0001 for cells of type $lut.
Using template $paramod$2bc4db8bd4fb8d056f72dd182e27de9a154d9eee$lut for cells of type $lut.
Using template $paramod$658b9ed803f0d3d335616d3858b53e0a2522f1e8$lut for cells of type $lut.
Using template $paramod$lut\WIDTH=32'00000000000000000000000000000010\LUT=4'0100 for cells of type $lut.
Using template $paramod$1f575543d734f2d93dfcc8f91b30fb001334bb95$lut for cells of type $lut.
Using template $paramod$df2d354ef959d67528d5105f80d87b0a1b02a384$lut for cells of type $lut.
Using template $paramod$9cf044275e70b6dc34d2f815a6f8ffc23f9694a0$lut for cells of type $lut.
Using template $paramod$lut\WIDTH=32'00000000000000000000000000000011\LUT=8'11100000 for cells of type $lut.
Using template $paramod$c362ad8dedc7d166ed978091aca319ab1e81a2d4$lut for cells of type $lut.
Using template $paramod$9bdc414229f06e785dc8fd97a243faa9336e164a$lut for cells of type $lut.
Using template $paramod$lut\WIDTH=32'00000000000000000000000000000011\LUT=8'00010000 for cells of type $lut.
Using template $paramod$lut\WIDTH=32'00000000000000000000000000000011\LUT=8'00001110 for cells of type $lut.
Using template $paramod$d8e2d2658edc16b31a5581c5c0afb39d85a64e4e$lut for cells of type $lut.
Using template $paramod$73499d8ac1af0ab9fffd66c7a0ba80901a31500a$lut for cells of type $lut.
Using template $paramod$4d760a1f7a6004cc814550928a3e257d1370f11d$lut for cells of type $lut.
Using template $paramod$lut\WIDTH=32'00000000000000000000000000000011\LUT=8'00011111 for cells of type $lut.
Using template $paramod$7cccd50cc8d67218ccd34e505ee61d0b0c8d13e1$lut for cells of type $lut.
Using template $paramod$c93083768903e88c37e0c9b82fead370b0886961$lut for cells of type $lut.
Using template $paramod$43852d8a0883ffde3468a2784076b5f596dc30aa$lut for cells of type $lut.
Using template $paramod$49ee7dc3b8009d4fec00c12afbba655d0f7483e9$lut for cells of type $lut.
Using template $paramod$5cf5eb13943a64200bb7dcf3c6f1ffadb3afbe56$lut for cells of type $lut.
Using template $paramod$4582a3103440f4735f65af69e600803454a1f645$lut for cells of type $lut.
Using template $paramod$949e9352f4e9ebae33e32cca46c0a4715b3fae61$lut for cells of type $lut.
Using template $paramod$0e61663d15c45253685bc74b7e5785dd86b64bab$lut for cells of type $lut.
Using template $paramod$916ef8cee8a35959ad6e6b573c74adffbe129ef9$lut for cells of type $lut.
Using template $paramod$7562591c3bc7c6604ad78ee509201bbf2678b52a$lut for cells of type $lut.
Using template $paramod$03713b66ce96efa784f19c964b0a772654956acf$lut for cells of type $lut.
Using template $paramod$lut\WIDTH=32'00000000000000000000000000000011\LUT=8'01001111 for cells of type $lut.
Using template $paramod$cf652acbfbf67d2248e3045cd0f09c58ca55886c$lut for cells of type $lut.
Using template $paramod$6bbb61c7c4ea5654eee9fd146e429ebb326a1dec$lut for cells of type $lut.
Using template $paramod$8fc27729456af950504cabbb194d77b6cf98d3be$lut for cells of type $lut.
Using template $paramod$dcc08113fef032c0dbd4c9cd12dc97dfa20e3bc6$lut for cells of type $lut.
Using template $paramod$458ccb87305f8fff57a60efd214f0dd66958f476$lut for cells of type $lut.
Using template $paramod$4638820839596eddf39f41a35b761fdfd7797a2d$lut for cells of type $lut.
Using template $paramod$6d6beead1425af15cf78b27fd9b11b41b5d4bce8$lut for cells of type $lut.
Using template $paramod$lut\WIDTH=32'00000000000000000000000000000011\LUT=8'00000111 for cells of type $lut.
Using template $paramod$f5113b45047c1d58d34e631ec26680e11b04e3d6$lut for cells of type $lut.
Using template $paramod$819904a5b43c3231358348074e8adc9747180049$lut for cells of type $lut.
Using template $paramod$861750984ac6db91b43268b1543d519f3e2b5c9f$lut for cells of type $lut.
Using template $paramod$bfd03c4c9558cf9d82f99de56d33de893986cf5c$lut for cells of type $lut.
Using template $paramod$a54d8b8d2c90a828ee71c2d82e7e1612992a7ab8$lut for cells of type $lut.
Using template $paramod$0d94766b8f50ae8b32739d9cec096f2c5d44402a$lut for cells of type $lut.
Using template $paramod$aebafe0668eaed3803cc70d455de650358b9af56$lut for cells of type $lut.
Using template $paramod$d35161d1d7976dcc02e7c7d51172431be85143b4$lut for cells of type $lut.
Using template $paramod$lut\WIDTH=32'00000000000000000000000000000011\LUT=8'01101010 for cells of type $lut.
Using template $paramod$3e2b2f2a0b9496fddcb115d25f9eae602807e606$lut for cells of type $lut.
Using template $paramod$lut\WIDTH=32'00000000000000000000000000000011\LUT=8'01000000 for cells of type $lut.
Using template $paramod$lut\WIDTH=32'00000000000000000000000000000011\LUT=8'00101111 for cells of type $lut.
Using template $paramod$2384eda22e9239b3359a14d89a199823bdf1dece$lut for cells of type $lut.
Using template $paramod$8adf7fbd410d2cc654c288d5be5f7508ee8809b0$lut for cells of type $lut.
Using template $paramod$165883902c3b538761ad8118250242fcb222d3bf$lut for cells of type $lut.
Using template $paramod$f788aced29bd024179ffd0c56cab58f47a716b82$lut for cells of type $lut.
Using template $paramod$608f40069c27841a5b3bdf03643a34bdc8974072$lut for cells of type $lut.
Using template $paramod$60c14850030846c07b94abeb075b68e434d9c530$lut for cells of type $lut.
Using template $paramod$5ad810eccbac883808a884f53f84d4d267966054$lut for cells of type $lut.
Using template $paramod$lut\WIDTH=32'00000000000000000000000000000011\LUT=8'10000111 for cells of type $lut.
Using template $paramod$a7dad16c080c08c1647c7e1b9706a59a123d8bcd$lut for cells of type $lut.
Using template $paramod$e2d7d81f22c740b135ab7b68fb13f73e854e918d$lut for cells of type $lut.
Using template $paramod$506ad6709a7c1655a46127d4cd1696572242bfc2$lut for cells of type $lut.
Using template $paramod$009219eaa35803c944f408fc52932f0edbde532e$lut for cells of type $lut.
Using template $paramod$cffcdcfefee28cb7804202d59fcab831562282d3$lut for cells of type $lut.
Using template $paramod$c008a0e04a619fae7dc24ad8d9ced1ac0a77c787$lut for cells of type $lut.
Using template $paramod$lut\WIDTH=32'00000000000000000000000000000011\LUT=8'00111011 for cells of type $lut.
Using template $paramod$lut\WIDTH=32'00000000000000000000000000000010\LUT=4'0010 for cells of type $lut.
Using template $paramod$2741fac2d3a40a81bf5e14a77fe4147fb2bd44ac$lut for cells of type $lut.
Using template $paramod$632966163e572efb915102936c8e55b5c6ad6468$lut for cells of type $lut.
Using template $paramod$e45d43cf9bd83247ebd797ca8f6b4648785ec741$lut for cells of type $lut.
Using template $paramod$c441dbd41fa7b52ce609b1fb3e8a706905598601$lut for cells of type $lut.
Using template $paramod$6a9163755b8edd7013c2eb281663515efa345e02$lut for cells of type $lut.
Using template $paramod$29a63f541842701f2bfdd8afce8aa8ceaaaac8f2$lut for cells of type $lut.
Using template $paramod$272652f6c6fbe9a75eff76e45cc7e2788835518b$lut for cells of type $lut.
Using template $paramod$fccadeb8f9bc0da03efa900b03c67b63325472e8$lut for cells of type $lut.
Using template $paramod$8d85dfcd60e8547cb4cd7f2aa22174847ea6bfc7$lut for cells of type $lut.
Using template $paramod$lut\WIDTH=32'00000000000000000000000000000011\LUT=8'01000111 for cells of type $lut.
Using template $paramod$2f9a5e4dc974f28bf67f9de5f2be8f6b96ae27d1$lut for cells of type $lut.
Using template $paramod$0ddd7bb8fc6eaa749e6f282c3ac3e9fdd4a24d3b$lut for cells of type $lut.
Using template $paramod$lut\WIDTH=32'00000000000000000000000000000011\LUT=8'00001101 for cells of type $lut.
Using template $paramod$cbb2dfe31d344d3326d567c2ed5a4b2a29f63219$lut for cells of type $lut.
Using template $paramod$7bb6a37e65823eeb4b38c370fec30ab082759a14$lut for cells of type $lut.
Using template $paramod$3a456086f9aadd68ee04d4d7afbad8c702368bc8$lut for cells of type $lut.
Using template $paramod$b7799945b9317a9d581af30f9fb33eb03cf389fe$lut for cells of type $lut.
Using template $paramod$lut\WIDTH=32'00000000000000000000000000000011\LUT=8'10000000 for cells of type $lut.
Using template $paramod$48ac675ec3f5ae95c9111b6fab770149399bc0f5$lut for cells of type $lut.
Using template $paramod$0b5c3399e3db28e4b8d7ff2c491d7ff1a22af510$lut for cells of type $lut.
Using template $paramod$ee19d45db61acb4c70d938b97483a4ed4b792645$lut for cells of type $lut.
Using template $paramod$e24593b43a0a20f236e69cf2d9f73945f1d9e8a1$lut for cells of type $lut.
Using template $paramod$18d01f0010f98360a53214df56b6489946abef36$lut for cells of type $lut.
Using template $paramod$251994398653c4cf8de320f1e306e535d5d2d624$lut for cells of type $lut.
Using template $paramod$eba7de026ff587370e320127e266317dae097a89$lut for cells of type $lut.
Using template $paramod$5150f50d937c28818523dec344bbee08952012ec$lut for cells of type $lut.
Using template $paramod$6e3b22478ca21c5590744f2e30b92938c4d90996$lut for cells of type $lut.
Using template $paramod$200337237619ba4c0bed9a492562f1d1b57fb569$lut for cells of type $lut.
Using template $paramod$6360b141e14989d47b813590aca6c4821227933b$lut for cells of type $lut.
Using template $paramod$a547a3c4ca1ef7398e87dcebcc370c63937cf52a$lut for cells of type $lut.
Using template $paramod$9ae0f136c9ed34a2deb323e9b2a3a520eea61514$lut for cells of type $lut.
Using template $paramod$d696968d1d615954c8bc76b8622796e66e97fe3b$lut for cells of type $lut.
Using template $paramod$e8db4a50ea26c04ac801af597a4d83b4a84d3ed2$lut for cells of type $lut.
Using template $paramod$f771f73a5f0e9c680225b8f990aa8add15df2feb$lut for cells of type $lut.
Using template $paramod$2318c6d427a12d34aa958aa64bd455a932272cf7$lut for cells of type $lut.
Using template $paramod$4c62316763da2c7698ad19e4f14d4d0cf527f8cd$lut for cells of type $lut.
Using template $paramod$254be394798c7eb12716dc3c2df8308759587409$lut for cells of type $lut.
Using template $paramod$8583a37aadd88ba9283e804475eae13301cd5de4$lut for cells of type $lut.
Using template $paramod$d944877e177b1fe833fc4e737385753cfb498c62$lut for cells of type $lut.
Using template $paramod$de4bc97149bcf262e2c17952b5272c303f6faa3d$lut for cells of type $lut.
Using template $paramod$179512a187da069f3b79ef6612a41e494e7d54b6$lut for cells of type $lut.
Using template $paramod$00746756764d25d5a1f258b38d0d2f38930b7dd3$lut for cells of type $lut.
Using template $paramod$d1ae33d868081865ceaff51476bc72c6e4a1a2b0$lut for cells of type $lut.
Using template $paramod$d2e78bfed709a18e8a8d6c7bba2b956f1f4d2ade$lut for cells of type $lut.
Using template $paramod$0cdbfa56b52a8dcec3554d6c317c99769dda9f68$lut for cells of type $lut.
Using template $paramod$355ab94fbf4b90f095df6c55e26b44202011dd80$lut for cells of type $lut.
Using template $paramod$05941a14012085d9fcbcfcb772bc74f0f20ee587$lut for cells of type $lut.
Using template $paramod$55ee38e956484439055dd592d2f336a7b239d557$lut for cells of type $lut.
Using template $paramod$4cfd2c84de5cd5544ad5453c087e6be82b2fa896$lut for cells of type $lut.
Using template $paramod$b18543ba337f839a3a7e1d7bee23f06fa3f4c61c$lut for cells of type $lut.
Using template $paramod$3267c9b7f7589e3e6d24da0737927df8637c8296$lut for cells of type $lut.
Using template $paramod$31e000c3046d6fa785d9049b08e34ce7204eaeb2$lut for cells of type $lut.
Using template $paramod$96f8cabf482c3d901606caece48c5f7549cea3c5$lut for cells of type $lut.
Using template $paramod$3bfc247a5b00cae12bc8dc0f7db236ec7bf51954$lut for cells of type $lut.
Using template $paramod$d5e6fcd83d74ba4b235cd78fbb69a0679750f181$lut for cells of type $lut.
Using template $paramod$51fce31591c8552d3024c829dd1e31da9d455d9e$lut for cells of type $lut.
Using template $paramod$96b74a57479af4e741f289c373d6c48809402ca6$lut for cells of type $lut.
Using template $paramod$515ef3a9b5e42bd5d7533bdf444ebd44fa8b3ff0$lut for cells of type $lut.
Using template $paramod$e1fc5103281f9953d7f2c21087b7e12153affee4$lut for cells of type $lut.
Using template $paramod$72d8db5bdc58e19877bf379c7ddf35a9382fa2f6$lut for cells of type $lut.
Using template $paramod$17538bd5a623f84bb702e47bb5a546363d721a6c$lut for cells of type $lut.
Using template $paramod$0168072450226b493f7201bdb9fc41a6a0b6f539$lut for cells of type $lut.
Using template $paramod$ba82fb3eadd5cbe40f1451e04a124c85f0c6bc85$lut for cells of type $lut.
Using template $paramod$973818279bc95792902f3c09371fd2407d04a2a5$lut for cells of type $lut.
Using template $paramod$lut\WIDTH=32'00000000000000000000000000000011\LUT=8'11001010 for cells of type $lut.
Using template $paramod$2e7a95e82db1d690ae9ba5d10f68b175fa2cb467$lut for cells of type $lut.
Using template $paramod$dc86b2f4cfa2c092286168f0db32d9ae468ea893$lut for cells of type $lut.
Using template $paramod$lut\WIDTH=32'00000000000000000000000000000010\LUT=4'0111 for cells of type $lut.
Using template $paramod$48858a0cdda2de6934604a272e0a7e64a67fda48$lut for cells of type $lut.
Using template $paramod$16ce979507ecf7c2209eab1477ccb13246b931b9$lut for cells of type $lut.
Using template $paramod$lut\WIDTH=32'00000000000000000000000000000010\LUT=4'0110 for cells of type $lut.
Using template $paramod$lut\WIDTH=32'00000000000000000000000000000011\LUT=8'11000101 for cells of type $lut.
Using template $paramod$lut\WIDTH=32'00000000000000000000000000000011\LUT=8'01101001 for cells of type $lut.
Using template $paramod$9f2f146893d269900bb68ba0244b254b88c2c459$lut for cells of type $lut.
Using template $paramod$3bb0a97e27d44d04422f646f61bc036b1dd28994$lut for cells of type $lut.
Using template $paramod$ef02ea28c4f9766a22068d6502e87f79cf2d9131$lut for cells of type $lut.
Using template $paramod$lut\WIDTH=32'00000000000000000000000000000011\LUT=8'01110000 for cells of type $lut.
Using template $paramod$f71f17475b2b747b45cc6fbcf0ac09a9bf876f20$lut for cells of type $lut.
Using template $paramod$b8bc93a50860defb026422e051b1b5c80f73638b$lut for cells of type $lut.
Using template $paramod$lut\WIDTH=32'00000000000000000000000000000011\LUT=8'01111111 for cells of type $lut.
Using template $paramod$a15fd389a2f54cb7b94707b25934d226e68d9e2e$lut for cells of type $lut.
Using template $paramod$c230b81ff74b2d43068bae07cbb3a47917067fd5$lut for cells of type $lut.
Using template $paramod$ce56cc6bca0132a7bfe03e4a294d17239cd8d1fa$lut for cells of type $lut.
Using template $paramod$332a399730bfc61adea04021a76b1c4e4030f37d$lut for cells of type $lut.
Using template $paramod$lut\WIDTH=32'00000000000000000000000000000011\LUT=8'10111111 for cells of type $lut.
Using template $paramod$d25c5ed7cce01a2a4804202e877356eeec4db6a1$lut for cells of type $lut.
Using template $paramod$lut\WIDTH=32'00000000000000000000000000000011\LUT=8'10110000 for cells of type $lut.
Using template $paramod$c9355c14671e8569b2b55b2828d4fd95591ab987$lut for cells of type $lut.
Using template $paramod$3a437ab042afe1dc11edf527b61ffeb19af46ae8$lut for cells of type $lut.
Using template $paramod$70584433677bebb1f97d6827c9ba85513c8c682b$lut for cells of type $lut.
Using template $paramod$6a68ae497b18bdb9f77745d4dd1819e390737773$lut for cells of type $lut.
Using template $paramod$896ed47860542f5b317e8ecb6db17e90c36ffa18$lut for cells of type $lut.
Using template $paramod$e54349d9a634ecff5f53629ed023a0262d334efb$lut for cells of type $lut.
Using template $paramod$525425bfbe66d72ee88210d059d9a74f55ab8de8$lut for cells of type $lut.
Using template $paramod$decd7d44aed8170c3826b15dbafe01496fe539f9$lut for cells of type $lut.
Using template $paramod$571404c0889eaf57f492cb5e37f8acb5df5852f9$lut for cells of type $lut.
Using template $paramod$43b0747bc42dcbceae57f8d4249385f3c971ed93$lut for cells of type $lut.
Using template $paramod$188ccb25fb089bc750108fcfd2118ce78e8deef6$lut for cells of type $lut.
Using template $paramod$ad823946862e656cf7f96d606b18b8f972dc6d6c$lut for cells of type $lut.
Using template $paramod$5263f73665d6a8490fe2bb099b074969d87c4bfe$lut for cells of type $lut.
Using template $paramod$f5c3416169e478bb9a7658798413fa6f51116378$lut for cells of type $lut.
Using template $paramod$8cfb93e36216da05ff4dcdcd07daa034f6b0b9b8$lut for cells of type $lut.
Using template $paramod$8d72414de2d12be4a021173359f01ce29075b82c$lut for cells of type $lut.
Using template $paramod$8b09f347504cfc0d3d65fbb4601497936543b1b3$lut for cells of type $lut.
Using template $paramod$4c3e441bae6a2bbcdcee7c54a3b6ae5dd40fa4d9$lut for cells of type $lut.
Using template $paramod$a5f64d31a05f737a631bc9bf71bde79c33f3ebf4$lut for cells of type $lut.
Using template $paramod$1a4987da337db4cee07843b638ea12feff347983$lut for cells of type $lut.
Using template $paramod$21a9cf1c7cffed4ea7970972274e8bcced7c7005$lut for cells of type $lut.
Using template $paramod$lut\WIDTH=32'00000000000000000000000000000010\LUT=4'1001 for cells of type $lut.
Using template $paramod$fd904e9e35cfd343a9df248824bd3f1408724879$lut for cells of type $lut.
Using template $paramod$lut\WIDTH=32'00000000000000000000000000000011\LUT=8'10010000 for cells of type $lut.
Using template $paramod$422883dc25ac3be8084986b6f1ce3eba7be97c93$lut for cells of type $lut.
Using template $paramod$ad02f343b757ccd6d0490799942ce7850b664cac$lut for cells of type $lut.
Using template $paramod$7c3bb340ef8d4d1167134e647a3ec3a50eeb633a$lut for cells of type $lut.
Using template $paramod$befda866bfb7808c63210194c28cae6058085cb3$lut for cells of type $lut.
Using template $paramod$37e05b55d2a4f7a6b3253a751d0c3f19f4469992$lut for cells of type $lut.
Using template $paramod$7898f0ed10b353e289054b621e73ec1831ae1c75$lut for cells of type $lut.
Using template $paramod$0befc4749042b0305ceedada3e89ebbb3ecf7698$lut for cells of type $lut.
Using template $paramod$8d4d68c3a309702e7e015b0b5281a406eb90c7c1$lut for cells of type $lut.
Using template $paramod$79b21ff4c26ca1e8040ff516f0d5a826ae4ded19$lut for cells of type $lut.
Using template $paramod$bf4f785dd729fe6861b6fd27faa37a4789eab10f$lut for cells of type $lut.
Using template $paramod$e79fb643fc198bd7e48b88c7d2693e6367407b0c$lut for cells of type $lut.
Using template $paramod$41326ad8644342a66dfb051d050f2b6fbf15015b$lut for cells of type $lut.
Using template $paramod$70507bbffb16303d7b6be7351bac2b80fc2b7e5c$lut for cells of type $lut.
Using template $paramod$c9007d18805eecc8a33a67bd0d3615d92d58287c$lut for cells of type $lut.
Using template $paramod$ef96bef3d0acd36c4952d2a47c6f875712c2a02b$lut for cells of type $lut.
Using template $paramod$e8d7d12d7b06ef667a8fa953699ccff6210b28af$lut for cells of type $lut.
Using template $paramod$749318ffbd607a5b48ccf773a165d3b71a1ed212$lut for cells of type $lut.
Using template $paramod$df8f45966e8edb62cf40698b1f4b18d268be0c1e$lut for cells of type $lut.
Using template $paramod$lut\WIDTH=32'00000000000000000000000000000011\LUT=8'01001011 for cells of type $lut.
Using template $paramod$cd6c4b4da6d8737b72fd2dc8f5d83d8967445809$lut for cells of type $lut.
Using template $paramod$3d8fa18e9c34a1aa6c69e2f2e158bbfff1733c5e$lut for cells of type $lut.
Using template $paramod$5cfad3277d6c61ac44d535ff348679b4339e301e$lut for cells of type $lut.
Using template $paramod$92be240c2868b5936619866543b010cf9ecd4f11$lut for cells of type $lut.
Using template $paramod$d5376851822f9f22bb73ad8873a264e171014d7c$lut for cells of type $lut.
Using template $paramod$19860869b4dc80132e520c08412554fbabf4dd98$lut for cells of type $lut.
Using template $paramod$6bca8d345d26829068ad91403a25fbe3e0885c1a$lut for cells of type $lut.
Using template $paramod$8e44661def013b6bf9fe6f8b049ef2c838d749f9$lut for cells of type $lut.
Using template $paramod$fcf95ab5322d676ebb7a961c6ab56607040df047$lut for cells of type $lut.
Using template $paramod$b85e103c7826a8eff1190a03260aa58264cbe370$lut for cells of type $lut.
Using template $paramod$f398515a16839f1dfaa737eadca2e6ac21c64af5$lut for cells of type $lut.
Using template $paramod$5afdc7428159757eedf89ce514f7efa32b31c8e7$lut for cells of type $lut.
Using template $paramod$b21a9eee21a54b4b4d73a8e83cc65fb38606913e$lut for cells of type $lut.
Using template $paramod$78b3ec12830f3c49143fdf0507b397b58753fdf7$lut for cells of type $lut.
Using template $paramod$d8fe1405ac92ecec83a00e6ac747df3a0e6cde14$lut for cells of type $lut.
Using template $paramod$83a094b6fe9fb738dfff353a8cb39fb4b34c4f40$lut for cells of type $lut.
Using template $paramod$945a975568ea08aa9ff5ae8d8c392a677b2b1846$lut for cells of type $lut.
Using template $paramod$314fe9458b07176c4d2c8c59533027c4c55155b5$lut for cells of type $lut.
Using template $paramod$d143f244e7248112487fa263924d0c506f4533b8$lut for cells of type $lut.
Using template $paramod$f57ef67161201254e57fafa887e175f2e7aff75e$lut for cells of type $lut.
Using template $paramod$362b19cf4cc53747b9dc45ed9b85f07aaed4ad02$lut for cells of type $lut.
Using template $paramod$a140a8a0280d8d49fe5ce02bfd05ed9854f0e5cb$lut for cells of type $lut.
Using template $paramod$aa08d63609b2e0568edb38df8e99909c82e9016f$lut for cells of type $lut.
Using template $paramod$2252241d726ba2a5be1e50803d779d4cd06b6164$lut for cells of type $lut.
Using template $paramod$0bcfba1eae9119518425a9a271c1e02b7cdb1ffb$lut for cells of type $lut.
Using template $paramod$81802a22e5133f76ece279dc85162ccd868d7b8c$lut for cells of type $lut.
Using template $paramod$2d03f598018d77f7655f463e5a8965f4cb34663f$lut for cells of type $lut.
Using template $paramod$09b3027fc4e8c1e9f3af87888bd11ae53f0e0e01$lut for cells of type $lut.
Using template $paramod$3e3327b28a3d8c77992caef04d22f1118f52fc6b$lut for cells of type $lut.
Using template $paramod$b33d27e6d77728c8e432e89534d97ea3faa48340$lut for cells of type $lut.
Using template $paramod$03d7523f4e5404c632c8316f8eadec8c9924d9c2$lut for cells of type $lut.
Using template $paramod$9a383ca297ef012b6f33ce559547f89432250d88$lut for cells of type $lut.
Using template $paramod$9b7a1c30b041dbc3f6195b429a7d9d674450f623$lut for cells of type $lut.
Using template $paramod$2032d236180759dcd6a3088bca0296ee3907bc9c$lut for cells of type $lut.
Using template $paramod$ec92a12a6c253d77e034afe727d88510388f2a54$lut for cells of type $lut.
Using template $paramod$ec036dea8a19dbb5666ef150b56b34f2ecef9bba$lut for cells of type $lut.
Using template $paramod$cfea1bc217ea46f20b0865417d911a6c847edf68$lut for cells of type $lut.
Using template $paramod$7e671ea6f02f8b40bc0532acb142720b13b759d2$lut for cells of type $lut.
Using template $paramod$cf85490c0d1a932e0852a3daece64dbe4ae20384$lut for cells of type $lut.
Using template $paramod$c2b8de4f0884eb2a845e22e54e8ae0cf2a7db8c6$lut for cells of type $lut.
Using template $paramod$bdd4c34ce1a4941b08079cfcb51a184f6033f9fb$lut for cells of type $lut.
Using template $paramod$ee707223431132c07c76025ca002b07c10229107$lut for cells of type $lut.
Using template $paramod$f2416614cf7295d2f65053492540f5dfa5c9c59e$lut for cells of type $lut.
Using template $paramod$fae72f78b9c04fea0a35c35fe834a9da133f04a2$lut for cells of type $lut.
Using template $paramod$914f477b1681a9d653582b52e9d20e217ecbd1b9$lut for cells of type $lut.
Using template $paramod$b4410865e8124402796f9dfbf73ef8d279fdbd08$lut for cells of type $lut.
Using template $paramod$66bf2c1f0aa76f60f50d37e63c6fb3163b1ca684$lut for cells of type $lut.
Using template $paramod$b297295e19b03521716155b85537bbe86d6a9ae6$lut for cells of type $lut.
Using template $paramod$bf2692dabac23c52f461264ba4423e36c3891e48$lut for cells of type $lut.
Using template $paramod$501709f5c8d718d8213c41afe79e7e946386ea9d$lut for cells of type $lut.
Using template $paramod$5e865b1c0bab72b878902f564f2fb0186d926043$lut for cells of type $lut.
Using template $paramod$6361ea98e478c87e2e8be226586b623bd0012a99$lut for cells of type $lut.
Using template $paramod$e75a64b32945ef9ce22be23ef3e6054e0adbafe0$lut for cells of type $lut.
Using template $paramod$51f6b797eeb6bc8911a64ee6a8e07c19c6c69a78$lut for cells of type $lut.
Using template $paramod$1737c129f07edc3fa6c0f2611402b8903bff1c0c$lut for cells of type $lut.
Using template $paramod$cd822f56b7d9d61a55abcf6e2facfc454ef23a79$lut for cells of type $lut.
Using template $paramod$3952bf17a476dcefe435c451c36a499c780e7014$lut for cells of type $lut.
Using template $paramod$0b6cfa886f56736955bb42706a9f574742189c51$lut for cells of type $lut.
Using template $paramod$8e224a63a74b6daf8fc2e441cb0688a65e7a4073$lut for cells of type $lut.
Using template $paramod$25ed24f864c6f621df486c18864766cb70f7a7d1$lut for cells of type $lut.
Using template $paramod$b403ba386e90807abe154dcc9526ed9d101b8e07$lut for cells of type $lut.
Using template $paramod$82b4a585d1edcb5c6e755dc9bd3392228a1c1304$lut for cells of type $lut.
Using template $paramod$e8cd322d9b5e40420f56cbe5db8e4a00108e409c$lut for cells of type $lut.
Using template $paramod$a81cf453a316218febe7a33c0cf3157f69dfa7dc$lut for cells of type $lut.
Using template $paramod$6be62121eb7e9669d9eaed477be650c16f378df5$lut for cells of type $lut.
Using template $paramod$298b370b0ed6e6727b735e07db069bd52561f3c3$lut for cells of type $lut.
Using template $paramod$f4b909d654b3c7b155b2b17b94cdbef807fb2963$lut for cells of type $lut.
Using template $paramod$98e078a3902127d989f6340187ec998f3db3696a$lut for cells of type $lut.
Using template $paramod$78a3325e35f7d2e84183bdd4262aa776b4ac9068$lut for cells of type $lut.
Using template $paramod$6643b705194a4b8d6c0f36b1f325067edd357598$lut for cells of type $lut.
Using template $paramod$9ecbc84e954ac305e1c04a41f920529e2ba20dd3$lut for cells of type $lut.
Using template $paramod$8c0d0b493b4480e02c1f84083978cff138036cb8$lut for cells of type $lut.
Using template $paramod$0af0437d7dcdae5d7b985b23cb58f4b78695e38c$lut for cells of type $lut.
Using template $paramod$lut\WIDTH=32'00000000000000000000000000000011\LUT=8'00001011 for cells of type $lut.
Using template $paramod$e6a4aac14b366f7770f6afc50867b3b8176ebb96$lut for cells of type $lut.
Using template $paramod$3bdbe7719a5c378747651248327864acb180c0f9$lut for cells of type $lut.
Using template $paramod$lut\WIDTH=32'00000000000000000000000000000011\LUT=8'01110101 for cells of type $lut.
Using template $paramod$42296a0df1c87c0fb5c92062d13bb04c1080e48a$lut for cells of type $lut.
Using template $paramod$780a1f658b9e0af8485f8385b37c7041fe3bfaa0$lut for cells of type $lut.
Using template $paramod$dde72b517aedf3a11bc35066eb4b3e2cc177abbb$lut for cells of type $lut.
Using template $paramod$2bd5345c316cabb90a070d2b70f567148cd31ed6$lut for cells of type $lut.
Using template $paramod$c1cc4f08e35e6ffd7b951313abbb751167d54c2c$lut for cells of type $lut.
Using template $paramod$78f14802e7a6b7b884a6b9a9676e13cf744548dc$lut for cells of type $lut.
Using template $paramod$2b2ffd9606dfb55875e4da49c71b1338759caa93$lut for cells of type $lut.
Using template $paramod$992730649c6b71a3ff66146838cb53c113da7ad9$lut for cells of type $lut.
Using template $paramod$f080d5d0b1a78d1e8a172cd39133c7a45f281ccb$lut for cells of type $lut.
Using template $paramod$42dac29039bfc83cb05cd3044acbde370b91ff36$lut for cells of type $lut.
Using template $paramod$198fda5f244f016312cc813b7ad31f865ef7da04$lut for cells of type $lut.
Using template $paramod$979794232a1b12010187e90e68ca43f80b43cf7f$lut for cells of type $lut.
Using template $paramod$b4d0f4738a5ce50c7f36c2aa2ecc09cfb874f2b6$lut for cells of type $lut.
Using template $paramod$4fb49ffeb1d8891e547d40ab5a8e0f1582cb9394$lut for cells of type $lut.
Using template $paramod$8d30ae57d56dc754c1c5503d1f8f443137248b44$lut for cells of type $lut.
Using template $paramod$bfa3560559d240795affa00fb249b69ba45a245b$lut for cells of type $lut.
Using template $paramod$38871ad0c844aefec722301267387d36f341e248$lut for cells of type $lut.
Using template $paramod$56dc57f8b6848c7788ca91d56c7451c0a50e785e$lut for cells of type $lut.
Using template $paramod$e2c18cf60538508be8492253de398d38ed6479f3$lut for cells of type $lut.
Using template $paramod$f3e1547c4b47e64c590e75cf09078b2507c8cc75$lut for cells of type $lut.
Using template $paramod$323e701a861a1a37811deef313c9c41f72d28022$lut for cells of type $lut.
Using template $paramod$c7754eeb17b54dfe53ea4a973db3714d78ced2f9$lut for cells of type $lut.
Using template $paramod$22614d58e45f958e0e8e47953a60c4ec88aec78b$lut for cells of type $lut.
Using template $paramod$27e172f2aa4c7fe89a9fe4a779d511dbaa924a05$lut for cells of type $lut.
Using template $paramod$7fa014d9135e94c051d748662eb90cb033ca693d$lut for cells of type $lut.
Using template $paramod$de697200f813834f9322d064cee60f2a6c92e340$lut for cells of type $lut.
Using template $paramod$1c0e88f5b540bcce4d10cc5ca4347a8a92b186ad$lut for cells of type $lut.
Using template $paramod$01600f320cea5a3e57d6e1854a04f2e39093d826$lut for cells of type $lut.
Using template $paramod$186e21cb4a4c40924660cbf3341acabdf239a431$lut for cells of type $lut.
Using template $paramod$acb4e1886d766f59d57cf09cd171962a6f0718a2$lut for cells of type $lut.
Using template $paramod$186adb8d8f306d821f57e9720b74a3b1376cb22a$lut for cells of type $lut.
Using template $paramod$4b2c3a12076507c01d31e60b3fad10c726adbbcf$lut for cells of type $lut.
Using template $paramod$6d7c5e2ef141c836ee739b4c9379e9bee1aeb05f$lut for cells of type $lut.
Using template $paramod$d56c88b3cf8852db561e299497236d146132fe87$lut for cells of type $lut.
Using template $paramod$bd961ffe77c05c8f44ddb8efb97f98f0e7f8972d$lut for cells of type $lut.
Using template $paramod$bb04f6f2273f62bbaf5696b9b0b62e4c1ba9c923$lut for cells of type $lut.
Using template $paramod$4f5ac4ffd90665037325be3957edeed56fc501c3$lut for cells of type $lut.
Using template $paramod$10846acd23c04a21d3cb0a6bea13ea4973388be4$lut for cells of type $lut.
Using template $paramod$1b372cbc15b79410cf4fdcc168c8c694e66f0db0$lut for cells of type $lut.
Using template $paramod$b3e7edeb3f426c3ff5ad42d61ddfa8b1be08c14f$lut for cells of type $lut.
Using template $paramod$f707d0daf536ca32d0cd225a9eed75350c1614c1$lut for cells of type $lut.
Using template $paramod$69db058ed7c21b7416ae3032ebe8b8d73457072b$lut for cells of type $lut.
Using template $paramod$646f3d2718067e08ae464c34eb18ea7b1442a36a$lut for cells of type $lut.
Using template $paramod$51f19e90145308d1cde9fbcba7a31d04de9f081b$lut for cells of type $lut.
Using template $paramod$37bc9920c84c7a8f106ce7eb295bc9dc4971085d$lut for cells of type $lut.
Using template $paramod$77f7777c165a423d913095f99dde770f6a30f727$lut for cells of type $lut.
Using template $paramod$6bb96c204d8cc55054c882c4d86a7306c99fefd9$lut for cells of type $lut.
Using template $paramod$185eab0cb6248da51518e68ab4e5e8a98fede7af$lut for cells of type $lut.
Using template $paramod$5ea1ba5ed72be62a9ffde04ec1e6b5b46e1813f7$lut for cells of type $lut.
Using template $paramod$76912f34af9537600188b359824b1e2ec47d62dd$lut for cells of type $lut.
Using template $paramod$835fcc238f508e12f1289ca2ef1647319c4ec80b$lut for cells of type $lut.
Using template $paramod$b2d73cf9682d6062aca4a18c02ab9e28f3e37957$lut for cells of type $lut.
Using template $paramod$5a3b96e4c323e2404c05dbdf3cc0a59e783dd598$lut for cells of type $lut.
Using template $paramod$e4ffbd97c75db2787c5658ca71f2a75e10750bcf$lut for cells of type $lut.
Using template $paramod$68b9b0f94bb88e417fe1b0c50e5f5412d18cbbf8$lut for cells of type $lut.
Using template $paramod$43987c9cc87683fa7a6ecfc84dddb93414b52f9f$lut for cells of type $lut.
Using template $paramod$7d6583a8e35cc7f96133fea4a16bc7b0bb36ee23$lut for cells of type $lut.
Using template $paramod$f448937f25e5efd5283480d97feb2e62fc3c6780$lut for cells of type $lut.
Using template $paramod$33563d54e7bcdeff0964acb88d21e2bfd10e1ffb$lut for cells of type $lut.
Using template $paramod$3204210736873ef5d53b95f3dbe4714b354f9351$lut for cells of type $lut.
Using template $paramod$742fdb6d4910d923407bf0c627c02b516932567a$lut for cells of type $lut.
Using template $paramod$cf63268780ce80380bec53530cecf7cfe81a82c2$lut for cells of type $lut.
Using template $paramod$0afd4d8e499562fcec7a02d360db825a1678445f$lut for cells of type $lut.
Using template $paramod$8e302a2d778e2a80e617778028576ce5bdebe4e5$lut for cells of type $lut.
Using template $paramod$5b23f284cccfd2d74a610377241818174020bd45$lut for cells of type $lut.
Using template $paramod$734f8528204df96ee15a13f72115a8c63f369aa4$lut for cells of type $lut.
Using template $paramod$615a876196edcd6bbee12f87b12bf18dff304c8d$lut for cells of type $lut.
Using template $paramod$bba54c1ef87367812b4c15f4aed5ac70773df775$lut for cells of type $lut.
Using template $paramod$3178f3cbad2e13f260d285b7e2a8cc7acf86f182$lut for cells of type $lut.
Using template $paramod$2a561806854e21a64af695c6ed1f91f409d28c44$lut for cells of type $lut.
Using template $paramod$1e3b26f414c823402be8163033587bde0d406deb$lut for cells of type $lut.
Using template $paramod$f24a120fa85e7fb38be4177fa45233c341d89972$lut for cells of type $lut.
Using template $paramod$1a50ffa4abd570ca5681d23f1535d1173567980f$lut for cells of type $lut.
Using template $paramod$4c022cfd4f4c759b434dab01d21207e6fab7a495$lut for cells of type $lut.
Using template $paramod$c58680b4bfe1386c22da0647c1b6d29265693f56$lut for cells of type $lut.
Using template $paramod$c0f1b02630085fc5f3af30e682c15818bb1d00eb$lut for cells of type $lut.
Using template $paramod$faf3e006b9a8bc96d9e16029db69acd8f617a9ce$lut for cells of type $lut.
Using template $paramod$dcacc97c8d38f81a225fd336b356166655af66b8$lut for cells of type $lut.
Using template $paramod$61a60fa88057a3d3849fe8c73521fa5a5e30f6fb$lut for cells of type $lut.
Using template $paramod$c0bff3ea0ac1378fea913ad1c2d6a26dbd186d2a$lut for cells of type $lut.
Using template $paramod$787ffac794fd5a9e68180e02ef59ad492025e39f$lut for cells of type $lut.
Using template $paramod$0749adae5bc9792571f6651b8b6be22e06e416cf$lut for cells of type $lut.
Using template $paramod$6a3bb49d1a25d9cdf60e3a6cc1219b754a6a4f02$lut for cells of type $lut.
Using template $paramod$b23502213bf7f29e6ae506d7a0a84f5772dbcac1$lut for cells of type $lut.
Using template $paramod$e5759512db67494ff77fbdfc66dff4006376568f$lut for cells of type $lut.
Using template $paramod$3fed49b939af096c989d280a964600a7f394cbe6$lut for cells of type $lut.
Using template $paramod$baa88887c4630803f83ac99e16ebe1294bd45a7a$lut for cells of type $lut.
Using template $paramod$6fadef3c5baa0feda647bbcd0412811ce50abab4$lut for cells of type $lut.
Using template $paramod$a20c1ff89edf4975ed098a496f108db4f42e05f9$lut for cells of type $lut.
Using template $paramod$390764fb35193cfb1bac68f87df0486f90f4447b$lut for cells of type $lut.
Using template $paramod$b70e967a44523aa91a4f8eeeb500b9d23edbeeb3$lut for cells of type $lut.
Using template $paramod$40b32783af5523fe72fd2f39a1bcad248871f444$lut for cells of type $lut.
Using template $paramod$58984eea88c92c4ce8b2bfa4db414ee76edbecd5$lut for cells of type $lut.
Using template $paramod$b732c675e45df5bce587984e5b5406dc376cd4c0$lut for cells of type $lut.
Using template $paramod$a3d6045588cff6da2032d6a4bbc559d88a6b0de9$lut for cells of type $lut.
Using template $paramod$5e4bcfc098bbf115f011d24b34ece9e1ad567a33$lut for cells of type $lut.
Using template $paramod$2037458169b7404fdf3f99f3dd13ae2457695334$lut for cells of type $lut.
Using template $paramod$41422b086686332c45344c9fc4ff3d92bca13b08$lut for cells of type $lut.
Using template $paramod$lut\WIDTH=32'00000000000000000000000000000011\LUT=8'11110001 for cells of type $lut.
Using template $paramod$668727706e01fc9b27d2d091d7fbbdc42160a799$lut for cells of type $lut.
Using template $paramod$fd5545671302cc41727aa1d9a7bb78113f55ec40$lut for cells of type $lut.
Using template $paramod$d7ec878ecfa8f5f7604d3e91692b5d4c2ee758ad$lut for cells of type $lut.
Using template $paramod$6a14b5b8cd34f340489ea883c7bfbf66cb9a38dd$lut for cells of type $lut.
Using template $paramod$a6081196e299206187783cd7a48c801dd8e0d1cd$lut for cells of type $lut.
Using template $paramod$b9c148aad4a3c37a9d844837d367c239dced33c4$lut for cells of type $lut.
Using template $paramod$4f629f09dc5a96769b458ac983266f69fdbe7887$lut for cells of type $lut.
Using template $paramod$b17033f84e6b72963e13a5dbd7209d93ba549aea$lut for cells of type $lut.
Using template $paramod$8f0f9df695bc2f0e474e03959e1ff4b67c944613$lut for cells of type $lut.
Using template $paramod$a65c6b2a096ea58d7d7c8e6a535aff4b29015f0b$lut for cells of type $lut.
Using template $paramod$6a0faddbb1877e236e8eb8130711942937277f4e$lut for cells of type $lut.
Using template $paramod$b8300ad0e5dc10b812c56dc5cffea68850793d36$lut for cells of type $lut.
Using template $paramod$40bbdde1f708b4aec98b1c6b455b5fb9e8db4dd8$lut for cells of type $lut.
Using template $paramod$3b27e24374a8365b23a2b5a77cb34626f23c9a5c$lut for cells of type $lut.
Using template $paramod$b2359dfccb46f54fa51e0f174697cc26f726787f$lut for cells of type $lut.
Using template $paramod$c6364c1c44c01bd533fa2efe3a700455891e44b1$lut for cells of type $lut.
Using template $paramod$9f23bb03b73d00805aab4227f224ed6972e305ea$lut for cells of type $lut.
Using template $paramod$36d45b81a385db1288ea7fa1afc7f85ff749786d$lut for cells of type $lut.
Using template $paramod$60be310edd0fbbaea112d13ccce438c250a3db0e$lut for cells of type $lut.
Using template $paramod$f354860eed6b8f8fc9e4ec0a8f127989043ebc00$lut for cells of type $lut.
Using template $paramod$c34a73eb1d05278b7136c05a8ea298d38ff70813$lut for cells of type $lut.
Using template $paramod$d85da953378f36e1d6508cce057547cd3173a70e$lut for cells of type $lut.
Using template $paramod$c1b1e295769db1b6655cd9fa7f1823a266fa6d67$lut for cells of type $lut.
Using template $paramod$b0b1bf80a34b5643d197e20245896121f9f57249$lut for cells of type $lut.
Using template $paramod$14f0683f51bbd40d848b70a4c84b593b826a4575$lut for cells of type $lut.
Using template $paramod$5ce9d90c22cce0e2b306eef89f8f51bb87a660f6$lut for cells of type $lut.
Using template $paramod$cb90e5445de2d924f065ff2cffddaee3e9597b2d$lut for cells of type $lut.
Using template $paramod$5d4c53e7bbd7ad8c99a2f411e17e4d282ce78a7b$lut for cells of type $lut.
Using template $paramod$cde3aa23c1efa60a470cf0f0281347d6ba585afa$lut for cells of type $lut.
Using template $paramod$e3d1f7a5be70c549b567cce08ebf28da10c48aca$lut for cells of type $lut.
Using template $paramod$12879138d1e376f344e47ea40be66b776233be75$lut for cells of type $lut.
Using template $paramod$be995079df053c45f21ef2e0c315fb366ea230c9$lut for cells of type $lut.
Using template $paramod$969611607e1ffe8dd26d78b504ca5229799e8977$lut for cells of type $lut.
Using template $paramod$0f79e47282398145084183a64a900b76e2a03b61$lut for cells of type $lut.
Using template $paramod$2b3f7f8a38a56fe33b3078c881d148354ad1ffc5$lut for cells of type $lut.
Using template $paramod$6acc3da25236c01d68990c3c8d9540f0b8ea80cd$lut for cells of type $lut.
Using template $paramod$c63236a3a24a4114011faaf855043cc35fbb60ff$lut for cells of type $lut.
Using template $paramod$e5f53fb2cb3e702c9422ebddd3ba952e5a8f3401$lut for cells of type $lut.
Using template $paramod$8adaa94fa36eb5db3936c44a8982191a1eeb399e$lut for cells of type $lut.
Using template $paramod$9d493a05bc89f65d5f5c1244f501c865445117f4$lut for cells of type $lut.
Using template $paramod$f503ae6dd13af4ce255f26a38c5b2bb42d3444fc$lut for cells of type $lut.
Using template $paramod$6d1445d068f158eaa2840a6cb369dde37e57b7f8$lut for cells of type $lut.
Using template $paramod$0578914e01cd7fdec559a43e3120b5be7a262c5d$lut for cells of type $lut.
Using template $paramod$080ef97e1510c02354cd3e053570de3192c4091e$lut for cells of type $lut.
Using template $paramod$656182b132215b6e1306333df6eaf5aec80eb7a4$lut for cells of type $lut.
Using template $paramod$59f026109e8b2b2aa7c047fac28f8d2c5603aafa$lut for cells of type $lut.
Using template $paramod$3f4fe232e8bdf3fe567420ac9956e41178314cfe$lut for cells of type $lut.
Using template $paramod$ba5843e8204eda9b2a853414eee83cb141aa73cc$lut for cells of type $lut.
Using template $paramod$4388675bfac19acbf42878220889960d924cfe0f$lut for cells of type $lut.
Using template $paramod$f8cdf014232b1e34054f76ffb03d534f4c4ba096$lut for cells of type $lut.
Using template $paramod$d63dcad816348aef65a81efe24ff033fa74f73af$lut for cells of type $lut.
Using template $paramod$ca1a0fe3461364dc91ed85eb44772608309fe7a6$lut for cells of type $lut.
Using template $paramod$7a4b002fca08db27cea4b0d4c6b9fb601c95000d$lut for cells of type $lut.
Using template $paramod$113fadac7c129f198cd6f16f45d049803fcd169f$lut for cells of type $lut.
Using template $paramod$0efb4f5a14ca448b01d717594378b49e696e1ec9$lut for cells of type $lut.
Using template $paramod$b62f1ed46414d00e6888c6c7e67fa920d3f65500$lut for cells of type $lut.
Using template $paramod$5ef18f7bebd990b815a58505732ff41a96c37f25$lut for cells of type $lut.
Using template $paramod$1f958e41c2f48d5a8e6debf0a630b4cf2d769263$lut for cells of type $lut.
Using template $paramod$0b8e3c4839eda61a816409f91175ca5717221543$lut for cells of type $lut.
Using template $paramod$3ca666224c9519c1c1dc944611a4ea0ef69ca574$lut for cells of type $lut.
Using template $paramod$85c4667313fb0e0117551e7d3c3685b62c43c220$lut for cells of type $lut.
Using template $paramod$69f79d8ba7203c383d96ac8e821ddf28918012ac$lut for cells of type $lut.
Using template $paramod$lut\WIDTH=32'00000000000000000000000000000011\LUT=8'11010000 for cells of type $lut.
Using template $paramod$f430edf78d0851a368056770966ef6ea21be8583$lut for cells of type $lut.
Using template $paramod$566ca4cd2be2c324e126ed0faa57b440a2247b1a$lut for cells of type $lut.
Using template $paramod$f7cba41f4030c27eba8b1d9672d546ae7d861612$lut for cells of type $lut.
Using template $paramod$ecc66656b4634b82b52150a9bb1167d589d3185e$lut for cells of type $lut.
Using template $paramod$5898ae4e52b22eca363a418fa94151158a507d30$lut for cells of type $lut.
Using template $paramod$2ea69c779d6c1b79ac5a87b0d1523c67d5628dba$lut for cells of type $lut.
Using template $paramod$5b22877e1c1ec08388b5bc1edf944369ddfbb440$lut for cells of type $lut.
Using template $paramod$d1c3def8c29d708bcca0677148c3e0d42f6e1bd2$lut for cells of type $lut.
Using template $paramod$97660d1b659b50a0110b04e27c682ccb708f9e7d$lut for cells of type $lut.
Using template $paramod$lut\WIDTH=32'00000000000000000000000000000011\LUT=8'11101000 for cells of type $lut.
Using template $paramod$6c42791dc46592e712681225aeb52f126965adc2$lut for cells of type $lut.
Using template $paramod$9759757344f4eaf2a44ae49426d880ca7a88f39b$lut for cells of type $lut.
Using template $paramod$68373d39867cba515c8dbd7961698df54fc590f8$lut for cells of type $lut.
Using template $paramod$546b9effd85489369873217f5c1361e2f1e20bfe$lut for cells of type $lut.
Using template $paramod$3230c5a30aa72bf704546dccebe76ce3f92088a7$lut for cells of type $lut.
Using template $paramod$e035bafc89c90c79dfe982bb1ec24a9d1a475d36$lut for cells of type $lut.
Using template $paramod$63259f35c004497a1320826f08568dfc2958c166$lut for cells of type $lut.
Using template $paramod$b9fb944b3d978e0e300de4f819441b682567db62$lut for cells of type $lut.
Using template $paramod$ed056783c91223396f8bbc4430a7476e3326a2b9$lut for cells of type $lut.
Using template $paramod$fbd0c5dfd332a6dd55e9bc6df5122aefba08ac2d$lut for cells of type $lut.
Using template $paramod$466da46610504b274d05cb76563e1c1b797486b6$lut for cells of type $lut.
Using template $paramod$753c1819f70d40657bda46ea79a210725970b866$lut for cells of type $lut.
Using template $paramod$6b88af12b57ed3e6382c9c3622c40d8a00fa4883$lut for cells of type $lut.
Using template $paramod$736f3228993fe2a9dcf4ef39025d93a6ea812da4$lut for cells of type $lut.
Using template $paramod$bd9c54efe492224421bbde7bee7aa33077d9f193$lut for cells of type $lut.
Using template $paramod$9e3eedb7dc701f43b4cf60c26212ab008087dc58$lut for cells of type $lut.
Using template $paramod$lut\WIDTH=32'00000000000000000000000000000011\LUT=8'01111000 for cells of type $lut.
Using template $paramod$7c195188b382e0e5ea6f40fa04dfb49d1974c926$lut for cells of type $lut.
Using template $paramod$692927e279b3d5c42ee4aacb287247c0b34943ed$lut for cells of type $lut.
Using template $paramod$447ffd3febed4e428129fe52f7309461e7eb7c6c$lut for cells of type $lut.
Using template $paramod$2a76dfa34f880bf16981749f0139076a2ad2b26e$lut for cells of type $lut.
Using template $paramod$d98d8ee1c33a54332b1d3af3ab27aaaf0153f5ea$lut for cells of type $lut.
Using template $paramod$0a7bb00c40cf54ba71123a2ccfc7d7e55ff032aa$lut for cells of type $lut.
Using template $paramod$4850f9ec74e9e382b760d42a68fcd54ba05e2e7f$lut for cells of type $lut.
Using template $paramod$3444e89ea5f6f9d61a3c33ef40c3a1593ce62641$lut for cells of type $lut.
Using template $paramod$3953cee661f82ef7e0d4ab0a401980351792bc37$lut for cells of type $lut.
Using template $paramod$00daac9038e5abf1f5c7490381f223e1af4d21a4$lut for cells of type $lut.
Using template $paramod$06b9d4c5487f0049b1c64e13390beaf2ab61e549$lut for cells of type $lut.
Using template $paramod$9d7b7b647bdfb84c8d2e249b3daf583559e1695e$lut for cells of type $lut.
Using template $paramod$3c2c41a3dfa511b9d0c6ddbf4ddb8fe22bb4f3cf$lut for cells of type $lut.
Using template $paramod$3460c9327a8af26ba366e8c1e9e00035086df45b$lut for cells of type $lut.
Using template $paramod$3c2186ec7347aa0f36e8361e9babe3de7aadd1c1$lut for cells of type $lut.
Using template $paramod$c1b42c9e20e80acc6a1f921e807fc1d46182cb38$lut for cells of type $lut.
Using template $paramod$16f7a7ca7e2abf154e13ce3dd6bf8eb3aa6c7839$lut for cells of type $lut.
Using template $paramod$c315fd171a22ad0b563d890e3adda172ea240769$lut for cells of type $lut.
Using template $paramod$a2b4ddfa3906001b2ef9f2414d79c3048f2a3a6e$lut for cells of type $lut.
Using template $paramod$98b25090d14d2df6f70d1f26ec442a4d3b8a522f$lut for cells of type $lut.
Using template $paramod$3003ace68d8b50a732db30ac8b6a39b5067129f0$lut for cells of type $lut.
Using template $paramod$3fe5fedca492a512d9a3347c5ec6c6d62f21469c$lut for cells of type $lut.
Using template $paramod$c546bbd0b1284ced7375425b05c67e1e4fdf2be8$lut for cells of type $lut.
Using template $paramod$995987c96795520473f5d9a0031779825e0bd528$lut for cells of type $lut.
Using template $paramod$58ae3af30214210523938b0408253375bef53c05$lut for cells of type $lut.
Using template $paramod$e0377c0546e06b004501fa4a59b22f21de54f173$lut for cells of type $lut.
Using template $paramod$dfd57607b12cbcfa0282cd45553eece614a60bf8$lut for cells of type $lut.
Using template $paramod$bb8ae47c376ab42e26337341523c7f36a0a221c9$lut for cells of type $lut.
Using template $paramod$8692c1e2d2f71697883c74df1956eadd4b68d183$lut for cells of type $lut.
Using template $paramod$7ee8127f198183548ee199101ec4f8f1b66fda61$lut for cells of type $lut.
Using template $paramod$6a2d243d09e07a543a8f2f23c26f011a54f74055$lut for cells of type $lut.
Using template $paramod$e825a204899e9152c9189fb0d7a084ebceb53203$lut for cells of type $lut.
Using template $paramod$07b72bc75fe42bbddcd8b6807ea0e1e031b97aad$lut for cells of type $lut.
Using template $paramod$1c49a3f6deb64e7f794351186ebbd678a71e0a6e$lut for cells of type $lut.
Using template $paramod$8268630b9aa551ad80041f5f0ae463e1955c0159$lut for cells of type $lut.
Using template $paramod$b1bc6b8d86504695aaa25eca7fb9995eee483243$lut for cells of type $lut.
Using template $paramod$085657d7a4e42a0cbc85b064824920e10b180b4f$lut for cells of type $lut.
Using template $paramod$e71acd1fd0d505c5322a040014ca4f2fbd36a053$lut for cells of type $lut.
Using template $paramod$51df7bd404bf92ad5a75106dc041213fd5eaca8a$lut for cells of type $lut.
Using template $paramod$155ccb64d7019828988c7b5dd5edaa49c8c7ff90$lut for cells of type $lut.
Using template $paramod$6caf042fea3ce4a4ba12b52d68531284cba29f61$lut for cells of type $lut.
Using template $paramod$9e3379edac79f33111a0f1b6384a5e7d57862444$lut for cells of type $lut.
Using template $paramod$091c39a92bf746b2aa7ab8b3e739fa60649279ed$lut for cells of type $lut.
Using template $paramod$e0368f91244aa3f7bef6c13157225fdd6bda43b9$lut for cells of type $lut.
Using template $paramod$9890f99274c6010bf65d699079ea4c6e41de81ca$lut for cells of type $lut.
Using template $paramod$b8927d954c9ac97c5f081044d6ed7f37c9f2d983$lut for cells of type $lut.
Using template $paramod$db04320ba71fca299135d9571a0b101beafef39f$lut for cells of type $lut.
Using template $paramod$f959c828b81a3b293a66dd10dd5804d6195c2ad3$lut for cells of type $lut.
Using template $paramod$cd60cdf26d614c7241847fa4d40d083f9832d62f$lut for cells of type $lut.
Using template $paramod$2211269e5fcd402a1ef3c91e5f4db5db6be3273d$lut for cells of type $lut.
Using template $paramod$7f1e348e40f1d2321127464f5115b064e4e646a5$lut for cells of type $lut.
Using template $paramod$5168f4c479cabcff4144685c0dacd6c2412ce947$lut for cells of type $lut.
Using template $paramod$e1968a36e3ca94ac69831d1de2162ab034e42955$lut for cells of type $lut.
Using template $paramod$fb3e76d8e927e0fe43debd42d8640ebd6b94f630$lut for cells of type $lut.
Using template $paramod$08a316f15019f020d1018d6064c9ef6645744131$lut for cells of type $lut.
Using template $paramod$4b331a6ae69bf098ea965afc8edc844ebd1ea4a5$lut for cells of type $lut.
Using template $paramod$82c07d6bdf0e476b1a6cad2cf82340c7d84fee6f$lut for cells of type $lut.
Using template $paramod$b08dfdad5a57675f7a5862429b4face75774f0c6$lut for cells of type $lut.
Using template $paramod$6a2d75644ceb81af27b072a1f39af613f846c04f$lut for cells of type $lut.
Using template $paramod$86a311b5cd734117818bed2c25131ed5ce9857e6$lut for cells of type $lut.
Using template $paramod$11b681e39b1995391f31d220690fe92dbd606025$lut for cells of type $lut.
Using template $paramod$cdeaaaa3482b13da39b65a7c1c97bf804bfe4619$lut for cells of type $lut.
Using template $paramod$8251d217d9aec30387104a30480862abf363adab$lut for cells of type $lut.
Using template $paramod$768e257fbaf765c980897779e9a17f24c84b868b$lut for cells of type $lut.
Using template $paramod$fa649737ae13e40e4079baa7380fa41d8317977d$lut for cells of type $lut.
Using template $paramod$34e531dc93cdec6b88bf30bc052a85f014ce6b53$lut for cells of type $lut.
Using template $paramod$3ab7c9317395812111b50af12c9cc56e42414abf$lut for cells of type $lut.
Using template $paramod$1253f8429b5a32e37a69065f32afcafbfc3156c0$lut for cells of type $lut.
Using template $paramod$1c8c6ea85ea9e2a30be2fdfaf9a368317aa105f2$lut for cells of type $lut.
Using template $paramod$ca260995b172aa4c9c5dd2cfd96abcb790c4fdd6$lut for cells of type $lut.
Using template $paramod$06df8501b71eeb41575a1288990588a4801a2208$lut for cells of type $lut.
Using template $paramod$fced1e4a68a3ccd8a77f0172a7a27e31013c73a7$lut for cells of type $lut.
Using template $paramod$1fffd425e87119b8f68cc0366ae152d24c0ee715$lut for cells of type $lut.
Using template $paramod$807e74c4a90b5e2029cd5948a185b906376a0334$lut for cells of type $lut.
Using template $paramod$dcb5ec6f1f61b4257fc95895389014d8fed97e37$lut for cells of type $lut.
Using template $paramod$9b997518edfb4aa14fea84092eb1268ae2f1557a$lut for cells of type $lut.
Using template $paramod$cf4d54524ed4260f5a6ac494c41875b087f00c4a$lut for cells of type $lut.
Using template $paramod$44d8fbd17a62a34b7a70178e7bf40cd80f534ec5$lut for cells of type $lut.
Using template $paramod$a1aea08bca56cd9956c3a2a47cc1678e52c8be08$lut for cells of type $lut.
Using template $paramod$33b227c8644d9a023eb217c164396e336846d680$lut for cells of type $lut.
Using template $paramod$a964f8ed466638f11766930007624f9261481a37$lut for cells of type $lut.
Using template $paramod$a66a4dfa01e7126c7b34da703ff34313c7555b33$lut for cells of type $lut.
Using template $paramod$6127a8314535a3e179b934f5902afb6a6f95d3de$lut for cells of type $lut.
Using template $paramod$75cb62cbcdfec29ea48a7df7b02338f8bf9bfeae$lut for cells of type $lut.
Using template $paramod$4b510ee5b04636bc42472d048b6026319581f698$lut for cells of type $lut.
Using template $paramod$f8dca7cae1adb7e8cd629d96259dbd7142309d20$lut for cells of type $lut.
Using template $paramod$2ddf3627e3badeda20a5fcc2e3beb0e334cfff43$lut for cells of type $lut.
Using template $paramod$dbca914d70efd9b709b6f5f1b6c4aec1087f4d83$lut for cells of type $lut.
Using template $paramod$fcf0f1b44c0c69a48ad5d6c3ca7787b9e28891cb$lut for cells of type $lut.
Using template $paramod$2266f1dc2beb49c6b895dac66fdebc14a71969e2$lut for cells of type $lut.
Using template $paramod$361adc40f8571b50b7e14e6b00621880c3a6d6da$lut for cells of type $lut.
Using template $paramod$1c89dc79d122a427def7a622a809aa99267c2fd4$lut for cells of type $lut.
Using template $paramod$921af4f39c728428b53badd969541a3f4c061696$lut for cells of type $lut.
Using template $paramod$b57e218114c4297fa9f18b5f76cb6ee6a0f40a64$lut for cells of type $lut.
Using template $paramod$58e21c734b24b854224772eb68c6007e0da11396$lut for cells of type $lut.
Using template $paramod$5b83e157c4c885a6a6abe872c329a907e4a497c2$lut for cells of type $lut.
Using template $paramod$c5260249a2fcd53ca537b1914470b872be87f797$lut for cells of type $lut.
Using template $paramod$ec40a09c338598e433176c5a4f517e71442b7428$lut for cells of type $lut.
Using template $paramod$bd2dff4ab1f9821c42388dd3b49906c5fb7a9833$lut for cells of type $lut.
Using template $paramod$8a4026d9a10bf9362831dfd48a67c60e6822d387$lut for cells of type $lut.
Using template $paramod$d68d7b071bd5408139c7dbe5534d17e30944dd23$lut for cells of type $lut.
Using template $paramod$539afcd938383ccc4ec6a9a10c57931610710b4d$lut for cells of type $lut.
Using template $paramod$1b72d7774fbd51ac3cfd033dd5428b5ad0717196$lut for cells of type $lut.
Using template $paramod$dba656eca2b0a2bbaa44e911d35bc14709cc43f6$lut for cells of type $lut.
Using template $paramod$f851f0212354d96f382b5ffadcf4da27e3dfea68$lut for cells of type $lut.
Using template $paramod$d3afc706636effc55b3bbf1e919398361eae96ea$lut for cells of type $lut.
Using template $paramod$7c575b5158163ba2fb84f50600b2922f71e39f98$lut for cells of type $lut.
Using template $paramod$551bbfda4067dfbcd47039a11f4f34f97ee41406$lut for cells of type $lut.
Using template $paramod$609e5885ea60a39b5435e9a0b9279380a4141328$lut for cells of type $lut.
Using template $paramod$1be3c5d501e9da9ee3b36c79b1b9930e1d0085d9$lut for cells of type $lut.
Using template $paramod$22c81d26edf07017d84e50e8f448db2bc774209e$lut for cells of type $lut.
Using template $paramod$7d6bd2620487108deba3ce5035f4980a77d30c29$lut for cells of type $lut.
Using template $paramod$6f3e143d64c9e3372e74366c344207bbd4f8bf92$lut for cells of type $lut.
Using template $paramod$e09d53bc6dcfac8e8862f87592ffd26d3662f11d$lut for cells of type $lut.
Using template $paramod$c73b043b9411f1e4b19f934d2903d45faf02c39e$lut for cells of type $lut.
Using template $paramod$5084453eeffe1a96fd68039a1f11126daf758fad$lut for cells of type $lut.
Using template $paramod$041b9fb1435e4e921dab3f8a6b1fd870312d29d3$lut for cells of type $lut.
Using template $paramod$c448e15017d00fe9325dcfad7ce14d7477372218$lut for cells of type $lut.
Using template $paramod$1d5e6837d1dfdb476803729b9379cec09fa04da3$lut for cells of type $lut.
Using template $paramod$af1dd495205f1922989175694a96e2863bf64312$lut for cells of type $lut.
Using template $paramod$91cc83d5e17af5c88d57a1da3e98753bf15a5cc1$lut for cells of type $lut.
Using template $paramod$05f02333c5d01d195e5c10f14fe64ad7d1a083a8$lut for cells of type $lut.
Using template $paramod$07b65e55a15c7b66c7bdc9b40fdc149f664ec924$lut for cells of type $lut.
Using template $paramod$218da0d31466fb082a0dabd250936cef151d492d$lut for cells of type $lut.
Using template $paramod$eb5e46a84a24f0407ba4076c7abc04b66cf352a3$lut for cells of type $lut.
Using template $paramod$8b24407096beec47292ddeb1567a058197a320b9$lut for cells of type $lut.
Using template $paramod$e84cbadb272cf6e7c0969270fa68324ae967d086$lut for cells of type $lut.
Using template $paramod$9d767c1c276c98cc04b0e64c61af7f0de575091d$lut for cells of type $lut.
Using template $paramod$eeed37ce45abdda29d3e180f2d1dfc0c4c376530$lut for cells of type $lut.
Using template $paramod$b98dc5c6d62e7b4d43df5b1b8405cd9d5481fee5$lut for cells of type $lut.
Using template $paramod$lut\WIDTH=32'00000000000000000000000000000011\LUT=8'00110101 for cells of type $lut.
Using template $paramod$d2ef43814113ff73f9ebc73be6b7b228fcced45d$lut for cells of type $lut.
Using template $paramod$56310ff701860d13f2863d5da88c08ae3780813d$lut for cells of type $lut.
Using template $paramod$58dcc5267e177aa3b3408202fb8ec42bc43ea4d1$lut for cells of type $lut.
Using template $paramod$e5e9da8fed769f971686eed8c5eea50e61f73aaa$lut for cells of type $lut.
Using template $paramod$c64b7517fc2f663fc967e3272ed8f33ff1184910$lut for cells of type $lut.
Using template $paramod$8f81f0c38ae541f955ad17f9f86b131d06265ffa$lut for cells of type $lut.
Using template $paramod$ede3ec7ca66f4b0d81af050565e7400b28750263$lut for cells of type $lut.
Using template $paramod$59e75a61b2e4a983c96d8aa2f40028bf6469834d$lut for cells of type $lut.
No more expansions possible.
<suppressed ~14235 debug messages>

5.46. Executing XILINX_DFFOPT pass (optimize FF control signal usage).
Optimizing FFs in $paramod$3c933f59fd04475806c89d43d681470cb4a1a28b\cap_pdb_dual_read_bank.
Optimizing FFs in cap_pdb_dual_port_compact_allocation_engine.
  Merging D + CE LUTs for $auto$ff.cc:337:slice$16957/group_minimum[12] (2 -> 5)
  Merging D + CE LUTs for $auto$ff.cc:337:slice$17149/group_minimum[2] (2 -> 5)
  Merging D + CE LUTs for $auto$ff.cc:337:slice$17148/group_minimum[2] (2 -> 5)
  Merging D + CE LUTs for $auto$ff.cc:337:slice$17147/group_minimum[2] (2 -> 5)
  Merging D + CE LUTs for $auto$ff.cc:337:slice$17146/group_minimum[2] (2 -> 5)
  Merging D + CE LUTs for $auto$ff.cc:337:slice$17145/group_minimum[2] (2 -> 5)
  Merging D + CE LUTs for $auto$ff.cc:337:slice$17144/group_minimum[2] (2 -> 5)
  Merging D + CE LUTs for $auto$ff.cc:337:slice$17143/group_minimum[2] (2 -> 5)
  Merging D + CE LUTs for $auto$ff.cc:337:slice$17142/group_minimum[2] (2 -> 5)
  Merging D + CE LUTs for $auto$ff.cc:337:slice$17141/group_minimum[2] (2 -> 5)
  Merging D + CE LUTs for $auto$ff.cc:337:slice$17140/group_minimum[2] (2 -> 5)
  Merging D + CE LUTs for $auto$ff.cc:337:slice$17139/group_minimum[2] (2 -> 5)
  Merging D + CE LUTs for $auto$ff.cc:337:slice$17138/group_minimum[2] (2 -> 5)
  Merging D + CE LUTs for $auto$ff.cc:337:slice$17127/group_minimum[3] (2 -> 5)
  Merging D + CE LUTs for $auto$ff.cc:337:slice$17126/group_minimum[3] (2 -> 5)
  Merging D + CE LUTs for $auto$ff.cc:337:slice$17125/group_minimum[3] (2 -> 5)
  Merging D + CE LUTs for $auto$ff.cc:337:slice$17124/group_minimum[3] (2 -> 5)
  Merging D + CE LUTs for $auto$ff.cc:337:slice$17123/group_minimum[3] (2 -> 5)
  Merging D + CE LUTs for $auto$ff.cc:337:slice$17122/group_minimum[3] (2 -> 5)
  Merging D + CE LUTs for $auto$ff.cc:337:slice$17121/group_minimum[3] (2 -> 5)
  Merging D + CE LUTs for $auto$ff.cc:337:slice$17120/group_minimum[3] (2 -> 5)
  Merging D + CE LUTs for $auto$ff.cc:337:slice$17119/group_minimum[3] (2 -> 5)
  Merging D + CE LUTs for $auto$ff.cc:337:slice$17118/group_minimum[3] (2 -> 5)
  Merging D + CE LUTs for $auto$ff.cc:337:slice$17117/group_minimum[3] (2 -> 5)
  Merging D + CE LUTs for $auto$ff.cc:337:slice$17116/group_minimum[3] (2 -> 5)
  Merging D + CE LUTs for $auto$ff.cc:337:slice$17115/group_minimum[3] (2 -> 5)
  Merging D + CE LUTs for $auto$ff.cc:337:slice$17114/group_minimum[3] (2 -> 5)
  Merging D + CE LUTs for $auto$ff.cc:337:slice$17113/group_minimum[3] (2 -> 5)
  Merging D + CE LUTs for $auto$ff.cc:337:slice$17100/group_minimum[4] (2 -> 5)
  Merging D + CE LUTs for $auto$ff.cc:337:slice$17099/group_minimum[4] (2 -> 5)
  Merging D + CE LUTs for $auto$ff.cc:337:slice$17098/group_minimum[4] (2 -> 5)
  Merging D + CE LUTs for $auto$ff.cc:337:slice$17097/group_minimum[4] (2 -> 5)
  Merging D + CE LUTs for $auto$ff.cc:337:slice$17096/group_minimum[4] (2 -> 5)
  Merging D + CE LUTs for $auto$ff.cc:337:slice$17095/group_minimum[4] (2 -> 5)
  Merging D + CE LUTs for $auto$ff.cc:337:slice$17094/group_minimum[4] (2 -> 5)
  Merging D + CE LUTs for $auto$ff.cc:337:slice$17093/group_minimum[4] (2 -> 5)
  Merging D + CE LUTs for $auto$ff.cc:337:slice$17092/group_minimum[4] (2 -> 5)
  Merging D + CE LUTs for $auto$ff.cc:337:slice$17091/group_minimum[4] (2 -> 5)
  Merging D + CE LUTs for $auto$ff.cc:337:slice$17090/group_minimum[4] (2 -> 5)
  Merging D + CE LUTs for $auto$ff.cc:337:slice$17089/group_minimum[4] (2 -> 5)
  Merging D + CE LUTs for $auto$ff.cc:337:slice$17088/group_minimum[4] (2 -> 5)
  Merging D + CE LUTs for $auto$ff.cc:337:slice$17087/group_minimum[4] (2 -> 5)
  Merging D + CE LUTs for $auto$ff.cc:337:slice$17086/group_minimum[4] (2 -> 5)
  Merging D + CE LUTs for $auto$ff.cc:337:slice$17084/group_minimum[5] (2 -> 5)
  Merging D + CE LUTs for $auto$ff.cc:337:slice$17083/group_minimum[5] (2 -> 5)
  Merging D + CE LUTs for $auto$ff.cc:337:slice$17082/group_minimum[5] (2 -> 5)
  Merging D + CE LUTs for $auto$ff.cc:337:slice$17081/group_minimum[5] (2 -> 5)
  Merging D + CE LUTs for $auto$ff.cc:337:slice$17080/group_minimum[5] (2 -> 5)
  Merging D + CE LUTs for $auto$ff.cc:337:slice$17079/group_minimum[5] (2 -> 5)
  Merging D + CE LUTs for $auto$ff.cc:337:slice$17078/group_minimum[5] (2 -> 5)
  Merging D + CE LUTs for $auto$ff.cc:337:slice$17077/group_minimum[5] (2 -> 5)
  Merging D + CE LUTs for $auto$ff.cc:337:slice$17076/group_minimum[5] (2 -> 5)
  Merging D + CE LUTs for $auto$ff.cc:337:slice$17075/group_minimum[5] (2 -> 5)
  Merging D + CE LUTs for $auto$ff.cc:337:slice$17074/group_minimum[5] (2 -> 5)
  Merging D + CE LUTs for $auto$ff.cc:337:slice$17073/group_minimum[5] (2 -> 5)
  Merging D + CE LUTs for $auto$ff.cc:337:slice$17072/group_minimum[5] (2 -> 5)
  Merging D + CE LUTs for $auto$ff.cc:337:slice$17071/group_minimum[5] (2 -> 5)
  Merging D + CE LUTs for $auto$ff.cc:337:slice$17070/group_minimum[5] (2 -> 5)
  Merging D + CE LUTs for $auto$ff.cc:337:slice$17068/group_minimum[6] (2 -> 5)
  Merging D + CE LUTs for $auto$ff.cc:337:slice$17067/group_minimum[6] (2 -> 5)
  Merging D + CE LUTs for $auto$ff.cc:337:slice$17066/group_minimum[6] (2 -> 5)
  Merging D + CE LUTs for $auto$ff.cc:337:slice$17065/group_minimum[6] (2 -> 5)
  Merging D + CE LUTs for $auto$ff.cc:337:slice$17064/group_minimum[6] (2 -> 5)
  Merging D + CE LUTs for $auto$ff.cc:337:slice$17063/group_minimum[6] (2 -> 5)
  Merging D + CE LUTs for $auto$ff.cc:337:slice$17062/group_minimum[6] (2 -> 5)
  Merging D + CE LUTs for $auto$ff.cc:337:slice$17061/group_minimum[6] (2 -> 5)
  Merging D + CE LUTs for $auto$ff.cc:337:slice$17060/group_minimum[6] (2 -> 5)
  Merging D + CE LUTs for $auto$ff.cc:337:slice$17059/group_minimum[6] (2 -> 5)
  Merging D + CE LUTs for $auto$ff.cc:337:slice$17058/group_minimum[6] (2 -> 5)
  Merging D + CE LUTs for $auto$ff.cc:337:slice$17057/group_minimum[6] (2 -> 5)
  Merging D + CE LUTs for $auto$ff.cc:337:slice$17056/group_minimum[6] (2 -> 5)
  Merging D + CE LUTs for $auto$ff.cc:337:slice$17055/group_minimum[6] (2 -> 5)
  Merging D + CE LUTs for $auto$ff.cc:337:slice$17054/group_minimum[6] (2 -> 5)
  Merging D + CE LUTs for $auto$ff.cc:337:slice$17052/group_minimum[7] (2 -> 5)
  Merging D + CE LUTs for $auto$ff.cc:337:slice$17051/group_minimum[7] (2 -> 5)
  Merging D + CE LUTs for $auto$ff.cc:337:slice$17050/group_minimum[7] (2 -> 5)
  Merging D + CE LUTs for $auto$ff.cc:337:slice$17049/group_minimum[7] (2 -> 5)
  Merging D + CE LUTs for $auto$ff.cc:337:slice$17048/group_minimum[7] (2 -> 5)
  Merging D + CE LUTs for $auto$ff.cc:337:slice$17047/group_minimum[7] (2 -> 5)
  Merging D + CE LUTs for $auto$ff.cc:337:slice$17046/group_minimum[7] (2 -> 5)
  Merging D + CE LUTs for $auto$ff.cc:337:slice$17045/group_minimum[7] (2 -> 5)
  Merging D + CE LUTs for $auto$ff.cc:337:slice$17044/group_minimum[7] (2 -> 5)
  Merging D + CE LUTs for $auto$ff.cc:337:slice$17043/group_minimum[7] (2 -> 5)
  Merging D + CE LUTs for $auto$ff.cc:337:slice$17042/group_minimum[7] (2 -> 5)
  Merging D + CE LUTs for $auto$ff.cc:337:slice$17041/group_minimum[7] (2 -> 5)
  Merging D + CE LUTs for $auto$ff.cc:337:slice$17040/group_minimum[7] (2 -> 5)
  Merging D + CE LUTs for $auto$ff.cc:337:slice$17039/group_minimum[7] (2 -> 5)
  Merging D + CE LUTs for $auto$ff.cc:337:slice$17038/group_minimum[7] (2 -> 5)
  Merging D + CE LUTs for $auto$ff.cc:337:slice$17036/group_minimum[8] (2 -> 5)
  Merging D + CE LUTs for $auto$ff.cc:337:slice$17035/group_minimum[8] (2 -> 5)
  Merging D + CE LUTs for $auto$ff.cc:337:slice$17034/group_minimum[8] (2 -> 5)
  Merging D + CE LUTs for $auto$ff.cc:337:slice$17033/group_minimum[8] (2 -> 5)
  Merging D + CE LUTs for $auto$ff.cc:337:slice$17032/group_minimum[8] (2 -> 5)
  Merging D + CE LUTs for $auto$ff.cc:337:slice$17031/group_minimum[8] (2 -> 5)
  Merging D + CE LUTs for $auto$ff.cc:337:slice$17030/group_minimum[8] (2 -> 5)
  Merging D + CE LUTs for $auto$ff.cc:337:slice$17029/group_minimum[8] (2 -> 5)
  Merging D + CE LUTs for $auto$ff.cc:337:slice$17028/group_minimum[8] (2 -> 5)
  Merging D + CE LUTs for $auto$ff.cc:337:slice$17027/group_minimum[8] (2 -> 5)
  Merging D + CE LUTs for $auto$ff.cc:337:slice$17026/group_minimum[8] (2 -> 5)
  Merging D + CE LUTs for $auto$ff.cc:337:slice$17025/group_minimum[8] (2 -> 5)
  Merging D + CE LUTs for $auto$ff.cc:337:slice$17024/group_minimum[8] (2 -> 5)
  Merging D + CE LUTs for $auto$ff.cc:337:slice$17023/group_minimum[8] (2 -> 5)
  Merging D + CE LUTs for $auto$ff.cc:337:slice$17022/group_minimum[8] (2 -> 5)
  Merging D + CE LUTs for $auto$ff.cc:337:slice$17020/group_minimum[9] (2 -> 5)
  Merging D + CE LUTs for $auto$ff.cc:337:slice$17019/group_minimum[9] (2 -> 5)
  Merging D + CE LUTs for $auto$ff.cc:337:slice$17018/group_minimum[9] (2 -> 5)
  Merging D + CE LUTs for $auto$ff.cc:337:slice$17017/group_minimum[9] (2 -> 5)
  Merging D + CE LUTs for $auto$ff.cc:337:slice$17016/group_minimum[9] (2 -> 5)
  Merging D + CE LUTs for $auto$ff.cc:337:slice$17015/group_minimum[9] (2 -> 5)
  Merging D + CE LUTs for $auto$ff.cc:337:slice$17014/group_minimum[9] (2 -> 5)
  Merging D + CE LUTs for $auto$ff.cc:337:slice$17013/group_minimum[9] (2 -> 5)
  Merging D + CE LUTs for $auto$ff.cc:337:slice$17012/group_minimum[9] (2 -> 5)
  Merging D + CE LUTs for $auto$ff.cc:337:slice$17011/group_minimum[9] (2 -> 5)
  Merging D + CE LUTs for $auto$ff.cc:337:slice$17010/group_minimum[9] (2 -> 5)
  Merging D + CE LUTs for $auto$ff.cc:337:slice$17009/group_minimum[9] (2 -> 5)
  Merging D + CE LUTs for $auto$ff.cc:337:slice$17008/group_minimum[9] (2 -> 5)
  Merging D + CE LUTs for $auto$ff.cc:337:slice$17007/group_minimum[9] (2 -> 5)
  Merging D + CE LUTs for $auto$ff.cc:337:slice$17006/group_minimum[9] (2 -> 5)
  Merging D + CE LUTs for $auto$ff.cc:337:slice$17004/group_minimum[10] (2 -> 5)
  Merging D + CE LUTs for $auto$ff.cc:337:slice$17003/group_minimum[10] (2 -> 5)
  Merging D + CE LUTs for $auto$ff.cc:337:slice$17002/group_minimum[10] (2 -> 5)
  Merging D + CE LUTs for $auto$ff.cc:337:slice$17001/group_minimum[10] (2 -> 5)
  Merging D + CE LUTs for $auto$ff.cc:337:slice$17000/group_minimum[10] (2 -> 5)
  Merging D + CE LUTs for $auto$ff.cc:337:slice$16999/group_minimum[10] (2 -> 5)
  Merging D + CE LUTs for $auto$ff.cc:337:slice$16998/group_minimum[10] (2 -> 5)
  Merging D + CE LUTs for $auto$ff.cc:337:slice$16997/group_minimum[10] (2 -> 5)
  Merging D + CE LUTs for $auto$ff.cc:337:slice$16996/group_minimum[10] (2 -> 5)
  Merging D + CE LUTs for $auto$ff.cc:337:slice$16995/group_minimum[10] (2 -> 5)
  Merging D + CE LUTs for $auto$ff.cc:337:slice$16994/group_minimum[10] (2 -> 5)
  Merging D + CE LUTs for $auto$ff.cc:337:slice$16993/group_minimum[10] (2 -> 5)
  Merging D + CE LUTs for $auto$ff.cc:337:slice$16992/group_minimum[10] (2 -> 5)
  Merging D + CE LUTs for $auto$ff.cc:337:slice$16991/group_minimum[10] (2 -> 5)
  Merging D + CE LUTs for $auto$ff.cc:337:slice$16990/group_minimum[10] (2 -> 5)
  Merging D + CE LUTs for $auto$ff.cc:337:slice$16988/group_minimum[11] (2 -> 5)
  Merging D + CE LUTs for $auto$ff.cc:337:slice$16987/group_minimum[11] (2 -> 5)
  Merging D + CE LUTs for $auto$ff.cc:337:slice$16986/group_minimum[11] (2 -> 5)
  Merging D + CE LUTs for $auto$ff.cc:337:slice$16985/group_minimum[11] (2 -> 5)
  Merging D + CE LUTs for $auto$ff.cc:337:slice$16984/group_minimum[11] (2 -> 5)
  Merging D + CE LUTs for $auto$ff.cc:337:slice$16983/group_minimum[11] (2 -> 5)
  Merging D + CE LUTs for $auto$ff.cc:337:slice$16982/group_minimum[11] (2 -> 5)
  Merging D + CE LUTs for $auto$ff.cc:337:slice$16981/group_minimum[11] (2 -> 5)
  Merging D + CE LUTs for $auto$ff.cc:337:slice$16980/group_minimum[11] (2 -> 5)
  Merging D + CE LUTs for $auto$ff.cc:337:slice$16979/group_minimum[11] (2 -> 5)
  Merging D + CE LUTs for $auto$ff.cc:337:slice$16978/group_minimum[11] (2 -> 5)
  Merging D + CE LUTs for $auto$ff.cc:337:slice$16977/group_minimum[11] (2 -> 5)
  Merging D + CE LUTs for $auto$ff.cc:337:slice$16976/group_minimum[11] (2 -> 5)
  Merging D + CE LUTs for $auto$ff.cc:337:slice$16975/group_minimum[11] (2 -> 5)
  Merging D + CE LUTs for $auto$ff.cc:337:slice$16974/group_minimum[11] (2 -> 5)
  Merging D + CE LUTs for $auto$ff.cc:337:slice$16972/group_minimum[12] (2 -> 5)
  Merging D + CE LUTs for $auto$ff.cc:337:slice$16971/group_minimum[12] (2 -> 5)
  Merging D + CE LUTs for $auto$ff.cc:337:slice$16970/group_minimum[12] (2 -> 5)
  Merging D + CE LUTs for $auto$ff.cc:337:slice$16969/group_minimum[12] (2 -> 5)
  Merging D + CE LUTs for $auto$ff.cc:337:slice$16968/group_minimum[12] (2 -> 5)
  Merging D + CE LUTs for $auto$ff.cc:337:slice$16967/group_minimum[12] (2 -> 5)
  Merging D + CE LUTs for $auto$ff.cc:337:slice$16966/group_minimum[12] (2 -> 5)
  Merging D + CE LUTs for $auto$ff.cc:337:slice$16965/group_minimum[12] (2 -> 5)
  Merging D + CE LUTs for $auto$ff.cc:337:slice$16964/group_minimum[12] (2 -> 5)
  Merging D + CE LUTs for $auto$ff.cc:337:slice$16963/group_minimum[12] (2 -> 5)
  Merging D + CE LUTs for $auto$ff.cc:337:slice$16962/group_minimum[12] (2 -> 5)
  Merging D + CE LUTs for $auto$ff.cc:337:slice$16961/group_minimum[12] (2 -> 5)
  Merging D + CE LUTs for $auto$ff.cc:337:slice$16960/group_minimum[12] (2 -> 5)
  Merging D + CE LUTs for $auto$ff.cc:337:slice$16959/group_minimum[12] (2 -> 5)
  Merging D + CE LUTs for $auto$ff.cc:337:slice$16958/group_minimum[12] (2 -> 5)
  Merging D + CE LUTs for $auto$ff.cc:337:slice$17678/$abc$37677$iopadmap$busy (1 -> 4)
  Merging D + CE LUTs for $auto$ff.cc:337:slice$17571/remaining[0] (3 -> 6)
  Merging D + CE LUTs for $auto$ff.cc:337:slice$17539/remaining[1] (3 -> 6)
  Merging D + CE LUTs for $auto$ff.cc:337:slice$17507/remaining[2] (3 -> 6)
  Merging D + CE LUTs for $auto$ff.cc:337:slice$17475/remaining[3] (3 -> 6)
  Merging D + CE LUTs for $auto$ff.cc:337:slice$17443/remaining[4] (3 -> 6)
  Merging D + CE LUTs for $auto$ff.cc:337:slice$17411/remaining[5] (3 -> 6)
  Merging D + CE LUTs for $auto$ff.cc:337:slice$17379/remaining[6] (3 -> 6)
  Merging D + CE LUTs for $auto$ff.cc:337:slice$17315/remaining[8] (3 -> 6)
  Merging D + CE LUTs for $auto$ff.cc:337:slice$17249/remaining[10] (3 -> 6)
  Merging D + CE LUTs for $auto$ff.cc:337:slice$17217/remaining[11] (3 -> 6)
  Merging D + CE LUTs for $auto$ff.cc:337:slice$17169/group_minimum[0] (2 -> 5)
  Merging D + CE LUTs for $auto$ff.cc:337:slice$17153/group_minimum[1] (2 -> 5)
  Merging D + CE LUTs for $auto$ff.cc:337:slice$17137/group_minimum[2] (2 -> 5)
  Merging D + CE LUTs for $auto$ff.cc:337:slice$17112/group_minimum[3] (2 -> 5)
  Merging D + CE LUTs for $auto$ff.cc:337:slice$17085/group_minimum[4] (2 -> 5)
  Merging D + CE LUTs for $auto$ff.cc:337:slice$17069/group_minimum[5] (2 -> 5)
  Merging D + CE LUTs for $auto$ff.cc:337:slice$17053/group_minimum[6] (2 -> 5)
  Merging D + CE LUTs for $auto$ff.cc:337:slice$17037/group_minimum[7] (4 -> 6)
  Merging D + CE LUTs for $auto$ff.cc:337:slice$17021/group_minimum[8] (2 -> 5)
  Merging D + CE LUTs for $auto$ff.cc:337:slice$17005/group_minimum[9] (2 -> 5)
  Merging D + CE LUTs for $auto$ff.cc:337:slice$16989/group_minimum[10] (2 -> 5)
  Merging D + CE LUTs for $auto$ff.cc:337:slice$16973/group_minimum[11] (2 -> 5)
  Merging D + CE LUTs for $auto$ff.cc:337:slice$17602/remaining[0] (3 -> 6)
  Merging D + CE LUTs for $auto$ff.cc:337:slice$17601/remaining[0] (3 -> 6)
  Merging D + CE LUTs for $auto$ff.cc:337:slice$17600/remaining[0] (3 -> 6)
  Merging D + CE LUTs for $auto$ff.cc:337:slice$17599/remaining[0] (3 -> 6)
  Merging D + CE LUTs for $auto$ff.cc:337:slice$17597/remaining[0] (3 -> 6)
  Merging D + CE LUTs for $auto$ff.cc:337:slice$17594/remaining[0] (3 -> 6)
  Merging D + CE LUTs for $auto$ff.cc:337:slice$17593/remaining[0] (3 -> 6)
  Merging D + CE LUTs for $auto$ff.cc:337:slice$17590/remaining[0] (3 -> 6)
  Merging D + CE LUTs for $auto$ff.cc:337:slice$17589/remaining[0] (3 -> 6)
  Merging D + CE LUTs for $auto$ff.cc:337:slice$17587/remaining[0] (3 -> 6)
  Merging D + CE LUTs for $auto$ff.cc:337:slice$17586/remaining[0] (3 -> 6)
  Merging D + CE LUTs for $auto$ff.cc:337:slice$17585/remaining[0] (3 -> 6)
  Merging D + CE LUTs for $auto$ff.cc:337:slice$17584/remaining[0] (3 -> 6)
  Merging D + CE LUTs for $auto$ff.cc:337:slice$17583/remaining[0] (3 -> 6)
  Merging D + CE LUTs for $auto$ff.cc:337:slice$17582/remaining[0] (3 -> 6)
  Merging D + CE LUTs for $auto$ff.cc:337:slice$17579/remaining[0] (3 -> 6)
  Merging D + CE LUTs for $auto$ff.cc:337:slice$17577/remaining[0] (3 -> 6)
  Merging D + CE LUTs for $auto$ff.cc:337:slice$17576/remaining[0] (3 -> 6)
  Merging D + CE LUTs for $auto$ff.cc:337:slice$17575/remaining[0] (3 -> 6)
  Merging D + CE LUTs for $auto$ff.cc:337:slice$17574/remaining[0] (3 -> 6)
  Merging D + CE LUTs for $auto$ff.cc:337:slice$17573/remaining[0] (3 -> 6)
  Merging D + CE LUTs for $auto$ff.cc:337:slice$17572/remaining[0] (3 -> 6)
  Merging D + CE LUTs for $auto$ff.cc:337:slice$17570/remaining[1] (3 -> 6)
  Merging D + CE LUTs for $auto$ff.cc:337:slice$17568/remaining[1] (3 -> 6)
  Merging D + CE LUTs for $auto$ff.cc:337:slice$17567/remaining[1] (3 -> 6)
  Merging D + CE LUTs for $auto$ff.cc:337:slice$17566/remaining[1] (3 -> 6)
  Merging D + CE LUTs for $auto$ff.cc:337:slice$17565/remaining[1] (3 -> 6)
  Merging D + CE LUTs for $auto$ff.cc:337:slice$17555/remaining[1] (3 -> 6)
  Merging D + CE LUTs for $auto$ff.cc:337:slice$17554/remaining[1] (3 -> 6)
  Merging D + CE LUTs for $auto$ff.cc:337:slice$17553/remaining[1] (3 -> 6)
  Merging D + CE LUTs for $auto$ff.cc:337:slice$17552/remaining[1] (3 -> 6)
  Merging D + CE LUTs for $auto$ff.cc:337:slice$17551/remaining[1] (3 -> 6)
  Merging D + CE LUTs for $auto$ff.cc:337:slice$17550/remaining[1] (3 -> 6)
  Merging D + CE LUTs for $auto$ff.cc:337:slice$17549/remaining[1] (3 -> 6)
  Merging D + CE LUTs for $auto$ff.cc:337:slice$17544/remaining[1] (3 -> 6)
  Merging D + CE LUTs for $auto$ff.cc:337:slice$17543/remaining[1] (3 -> 6)
  Merging D + CE LUTs for $auto$ff.cc:337:slice$17542/remaining[1] (3 -> 6)
  Merging D + CE LUTs for $auto$ff.cc:337:slice$17541/remaining[1] (3 -> 6)
  Merging D + CE LUTs for $auto$ff.cc:337:slice$17540/remaining[1] (3 -> 6)
  Merging D + CE LUTs for $auto$ff.cc:337:slice$17538/remaining[2] (3 -> 6)
  Merging D + CE LUTs for $auto$ff.cc:337:slice$17537/remaining[2] (3 -> 6)
  Merging D + CE LUTs for $auto$ff.cc:337:slice$17536/remaining[2] (3 -> 6)
  Merging D + CE LUTs for $auto$ff.cc:337:slice$17535/remaining[2] (3 -> 6)
  Merging D + CE LUTs for $auto$ff.cc:337:slice$17534/remaining[2] (3 -> 6)
  Merging D + CE LUTs for $auto$ff.cc:337:slice$17533/remaining[2] (3 -> 6)
  Merging D + CE LUTs for $auto$ff.cc:337:slice$17532/remaining[2] (3 -> 6)
  Merging D + CE LUTs for $auto$ff.cc:337:slice$17527/remaining[2] (3 -> 6)
  Merging D + CE LUTs for $auto$ff.cc:337:slice$17525/remaining[2] (3 -> 6)
  Merging D + CE LUTs for $auto$ff.cc:337:slice$17524/remaining[2] (3 -> 6)
  Merging D + CE LUTs for $auto$ff.cc:337:slice$17523/remaining[2] (3 -> 6)
  Merging D + CE LUTs for $auto$ff.cc:337:slice$17522/remaining[2] (3 -> 6)
  Merging D + CE LUTs for $auto$ff.cc:337:slice$17521/remaining[2] (3 -> 6)
  Merging D + CE LUTs for $auto$ff.cc:337:slice$17520/remaining[2] (3 -> 6)
  Merging D + CE LUTs for $auto$ff.cc:337:slice$17519/remaining[2] (3 -> 6)
  Merging D + CE LUTs for $auto$ff.cc:337:slice$17518/remaining[2] (3 -> 6)
  Merging D + CE LUTs for $auto$ff.cc:337:slice$17517/remaining[2] (3 -> 6)
  Merging D + CE LUTs for $auto$ff.cc:337:slice$17516/remaining[2] (3 -> 6)
  Merging D + CE LUTs for $auto$ff.cc:337:slice$17515/remaining[2] (3 -> 6)
  Merging D + CE LUTs for $auto$ff.cc:337:slice$17513/remaining[2] (3 -> 6)
  Merging D + CE LUTs for $auto$ff.cc:337:slice$17511/remaining[2] (3 -> 6)
  Merging D + CE LUTs for $auto$ff.cc:337:slice$17510/remaining[2] (3 -> 6)
  Merging D + CE LUTs for $auto$ff.cc:337:slice$17509/remaining[2] (3 -> 6)
  Merging D + CE LUTs for $auto$ff.cc:337:slice$17508/remaining[2] (3 -> 6)
  Merging D + CE LUTs for $auto$ff.cc:337:slice$17506/remaining[3] (3 -> 6)
  Merging D + CE LUTs for $auto$ff.cc:337:slice$17505/remaining[3] (3 -> 6)
  Merging D + CE LUTs for $auto$ff.cc:337:slice$17504/remaining[3] (3 -> 6)
  Merging D + CE LUTs for $auto$ff.cc:337:slice$17503/remaining[3] (3 -> 6)
  Merging D + CE LUTs for $auto$ff.cc:337:slice$17502/remaining[3] (3 -> 6)
  Merging D + CE LUTs for $auto$ff.cc:337:slice$17501/remaining[3] (3 -> 6)
  Merging D + CE LUTs for $auto$ff.cc:337:slice$17500/remaining[3] (3 -> 6)
  Merging D + CE LUTs for $auto$ff.cc:337:slice$17499/remaining[3] (3 -> 6)
  Merging D + CE LUTs for $auto$ff.cc:337:slice$17490/remaining[3] (3 -> 6)
  Merging D + CE LUTs for $auto$ff.cc:337:slice$17489/remaining[3] (3 -> 6)
  Merging D + CE LUTs for $auto$ff.cc:337:slice$17488/remaining[3] (3 -> 6)
  Merging D + CE LUTs for $auto$ff.cc:337:slice$17487/remaining[3] (3 -> 6)
  Merging D + CE LUTs for $auto$ff.cc:337:slice$17486/remaining[3] (3 -> 6)
  Merging D + CE LUTs for $auto$ff.cc:337:slice$17485/remaining[3] (3 -> 6)
  Merging D + CE LUTs for $auto$ff.cc:337:slice$17484/remaining[3] (3 -> 6)
  Merging D + CE LUTs for $auto$ff.cc:337:slice$17483/remaining[3] (3 -> 6)
  Merging D + CE LUTs for $auto$ff.cc:337:slice$17478/remaining[3] (3 -> 6)
  Merging D + CE LUTs for $auto$ff.cc:337:slice$17477/remaining[3] (3 -> 6)
  Merging D + CE LUTs for $auto$ff.cc:337:slice$17476/remaining[3] (3 -> 6)
  Merging D + CE LUTs for $auto$ff.cc:337:slice$17474/remaining[4] (3 -> 6)
  Merging D + CE LUTs for $auto$ff.cc:337:slice$17473/remaining[4] (3 -> 6)
  Merging D + CE LUTs for $auto$ff.cc:337:slice$17472/remaining[4] (3 -> 6)
  Merging D + CE LUTs for $auto$ff.cc:337:slice$17471/remaining[4] (3 -> 6)
  Merging D + CE LUTs for $auto$ff.cc:337:slice$17469/remaining[4] (3 -> 6)
  Merging D + CE LUTs for $auto$ff.cc:337:slice$17468/remaining[4] (3 -> 6)
  Merging D + CE LUTs for $auto$ff.cc:337:slice$17467/remaining[4] (3 -> 6)
  Merging D + CE LUTs for $auto$ff.cc:337:slice$17466/remaining[4] (3 -> 6)
  Merging D + CE LUTs for $auto$ff.cc:337:slice$17461/remaining[4] (3 -> 6)
  Merging D + CE LUTs for $auto$ff.cc:337:slice$17460/remaining[4] (3 -> 6)
  Merging D + CE LUTs for $auto$ff.cc:337:slice$17459/remaining[4] (3 -> 6)
  Merging D + CE LUTs for $auto$ff.cc:337:slice$17458/remaining[4] (3 -> 6)
  Merging D + CE LUTs for $auto$ff.cc:337:slice$17457/remaining[4] (3 -> 6)
  Merging D + CE LUTs for $auto$ff.cc:337:slice$17456/remaining[4] (3 -> 6)
  Merging D + CE LUTs for $auto$ff.cc:337:slice$17455/remaining[4] (3 -> 6)
  Merging D + CE LUTs for $auto$ff.cc:337:slice$17454/remaining[4] (3 -> 6)
  Merging D + CE LUTs for $auto$ff.cc:337:slice$17453/remaining[4] (3 -> 6)
  Merging D + CE LUTs for $auto$ff.cc:337:slice$17452/remaining[4] (3 -> 6)
  Merging D + CE LUTs for $auto$ff.cc:337:slice$17451/remaining[4] (3 -> 6)
  Merging D + CE LUTs for $auto$ff.cc:337:slice$17450/remaining[4] (3 -> 6)
  Merging D + CE LUTs for $auto$ff.cc:337:slice$17447/remaining[4] (3 -> 6)
  Merging D + CE LUTs for $auto$ff.cc:337:slice$17446/remaining[4] (3 -> 6)
  Merging D + CE LUTs for $auto$ff.cc:337:slice$17445/remaining[4] (3 -> 6)
  Merging D + CE LUTs for $auto$ff.cc:337:slice$17444/remaining[4] (3 -> 6)
  Merging D + CE LUTs for $auto$ff.cc:337:slice$17442/remaining[5] (3 -> 6)
  Merging D + CE LUTs for $auto$ff.cc:337:slice$17441/remaining[5] (3 -> 6)
  Merging D + CE LUTs for $auto$ff.cc:337:slice$17440/remaining[5] (3 -> 6)
  Merging D + CE LUTs for $auto$ff.cc:337:slice$17439/remaining[5] (3 -> 6)
  Merging D + CE LUTs for $auto$ff.cc:337:slice$17438/remaining[5] (3 -> 6)
  Merging D + CE LUTs for $auto$ff.cc:337:slice$17437/remaining[5] (3 -> 6)
  Merging D + CE LUTs for $auto$ff.cc:337:slice$17436/remaining[5] (3 -> 6)
  Merging D + CE LUTs for $auto$ff.cc:337:slice$17435/remaining[5] (3 -> 6)
  Merging D + CE LUTs for $auto$ff.cc:337:slice$17434/remaining[5] (3 -> 6)
  Merging D + CE LUTs for $auto$ff.cc:337:slice$17424/remaining[5] (3 -> 6)
  Merging D + CE LUTs for $auto$ff.cc:337:slice$17422/remaining[5] (3 -> 6)
  Merging D + CE LUTs for $auto$ff.cc:337:slice$17421/remaining[5] (3 -> 6)
  Merging D + CE LUTs for $auto$ff.cc:337:slice$17420/remaining[5] (3 -> 6)
  Merging D + CE LUTs for $auto$ff.cc:337:slice$17419/remaining[5] (3 -> 6)
  Merging D + CE LUTs for $auto$ff.cc:337:slice$17418/remaining[5] (3 -> 6)
  Merging D + CE LUTs for $auto$ff.cc:337:slice$17417/remaining[5] (3 -> 6)
  Merging D + CE LUTs for $auto$ff.cc:337:slice$17412/remaining[5] (3 -> 6)
  Merging D + CE LUTs for $auto$ff.cc:337:slice$17408/remaining[6] (3 -> 6)
  Merging D + CE LUTs for $auto$ff.cc:337:slice$17407/remaining[6] (3 -> 6)
  Merging D + CE LUTs for $auto$ff.cc:337:slice$17406/remaining[6] (3 -> 6)
  Merging D + CE LUTs for $auto$ff.cc:337:slice$17405/remaining[6] (3 -> 6)
  Merging D + CE LUTs for $auto$ff.cc:337:slice$17404/remaining[6] (3 -> 6)
  Merging D + CE LUTs for $auto$ff.cc:337:slice$17403/remaining[6] (3 -> 6)
  Merging D + CE LUTs for $auto$ff.cc:337:slice$17402/remaining[6] (3 -> 6)
  Merging D + CE LUTs for $auto$ff.cc:337:slice$17401/remaining[6] (3 -> 6)
  Merging D + CE LUTs for $auto$ff.cc:337:slice$17400/remaining[6] (3 -> 6)
  Merging D + CE LUTs for $auto$ff.cc:337:slice$17399/remaining[6] (3 -> 6)
  Merging D + CE LUTs for $auto$ff.cc:337:slice$17398/remaining[6] (3 -> 6)
  Merging D + CE LUTs for $auto$ff.cc:337:slice$17397/remaining[6] (3 -> 6)
  Merging D + CE LUTs for $auto$ff.cc:337:slice$17396/remaining[6] (3 -> 6)
  Merging D + CE LUTs for $auto$ff.cc:337:slice$17395/remaining[6] (3 -> 6)
  Merging D + CE LUTs for $auto$ff.cc:337:slice$17394/remaining[6] (3 -> 6)
  Merging D + CE LUTs for $auto$ff.cc:337:slice$17393/remaining[6] (3 -> 6)
  Merging D + CE LUTs for $auto$ff.cc:337:slice$17389/remaining[6] (3 -> 6)
  Merging D + CE LUTs for $auto$ff.cc:337:slice$17388/remaining[6] (3 -> 6)
  Merging D + CE LUTs for $auto$ff.cc:337:slice$17387/remaining[6] (3 -> 6)
  Merging D + CE LUTs for $auto$ff.cc:337:slice$17385/remaining[6] (3 -> 6)
  Merging D + CE LUTs for $auto$ff.cc:337:slice$17384/remaining[6] (3 -> 6)
  Merging D + CE LUTs for $auto$ff.cc:337:slice$17382/remaining[6] (3 -> 6)
  Merging D + CE LUTs for $auto$ff.cc:337:slice$17381/remaining[6] (3 -> 6)
  Merging D + CE LUTs for $auto$ff.cc:337:slice$17380/remaining[6] (3 -> 6)
  Merging D + CE LUTs for $auto$ff.cc:337:slice$17376/remaining[7] (3 -> 6)
  Merging D + CE LUTs for $auto$ff.cc:337:slice$17375/remaining[7] (3 -> 6)
  Merging D + CE LUTs for $auto$ff.cc:337:slice$17374/remaining[7] (3 -> 6)
  Merging D + CE LUTs for $auto$ff.cc:337:slice$17373/remaining[7] (3 -> 6)
  Merging D + CE LUTs for $auto$ff.cc:337:slice$17371/remaining[7] (3 -> 6)
  Merging D + CE LUTs for $auto$ff.cc:337:slice$17370/remaining[7] (3 -> 6)
  Merging D + CE LUTs for $auto$ff.cc:337:slice$17369/remaining[7] (3 -> 6)
  Merging D + CE LUTs for $auto$ff.cc:337:slice$17358/remaining[7] (3 -> 6)
  Merging D + CE LUTs for $auto$ff.cc:337:slice$17357/remaining[7] (3 -> 6)
  Merging D + CE LUTs for $auto$ff.cc:337:slice$17356/remaining[7] (3 -> 6)
  Merging D + CE LUTs for $auto$ff.cc:337:slice$17355/remaining[7] (3 -> 6)
  Merging D + CE LUTs for $auto$ff.cc:337:slice$17354/remaining[7] (3 -> 6)
  Merging D + CE LUTs for $auto$ff.cc:337:slice$17353/remaining[7] (3 -> 6)
  Merging D + CE LUTs for $auto$ff.cc:337:slice$17352/remaining[7] (3 -> 6)
  Merging D + CE LUTs for $auto$ff.cc:337:slice$17351/remaining[7] (3 -> 6)
  Merging D + CE LUTs for $auto$ff.cc:337:slice$17346/remaining[8] (3 -> 6)
  Merging D + CE LUTs for $auto$ff.cc:337:slice$17345/remaining[8] (3 -> 6)
  Merging D + CE LUTs for $auto$ff.cc:337:slice$17344/remaining[8] (3 -> 6)
  Merging D + CE LUTs for $auto$ff.cc:337:slice$17343/remaining[8] (3 -> 6)
  Merging D + CE LUTs for $auto$ff.cc:337:slice$17342/remaining[8] (3 -> 6)
  Merging D + CE LUTs for $auto$ff.cc:337:slice$17341/remaining[8] (3 -> 6)
  Merging D + CE LUTs for $auto$ff.cc:337:slice$17340/remaining[8] (3 -> 6)
  Merging D + CE LUTs for $auto$ff.cc:337:slice$17339/remaining[8] (3 -> 6)
  Merging D + CE LUTs for $auto$ff.cc:337:slice$17338/remaining[8] (3 -> 6)
  Merging D + CE LUTs for $auto$ff.cc:337:slice$17337/remaining[8] (3 -> 6)
  Merging D + CE LUTs for $auto$ff.cc:337:slice$17336/remaining[8] (3 -> 6)
  Merging D + CE LUTs for $auto$ff.cc:337:slice$17335/remaining[8] (3 -> 6)
  Merging D + CE LUTs for $auto$ff.cc:337:slice$17334/remaining[8] (3 -> 6)
  Merging D + CE LUTs for $auto$ff.cc:337:slice$17329/remaining[8] (3 -> 6)
  Merging D + CE LUTs for $auto$ff.cc:337:slice$17328/remaining[8] (3 -> 6)
  Merging D + CE LUTs for $auto$ff.cc:337:slice$17326/remaining[8] (3 -> 6)
  Merging D + CE LUTs for $auto$ff.cc:337:slice$17325/remaining[8] (3 -> 6)
  Merging D + CE LUTs for $auto$ff.cc:337:slice$17324/remaining[8] (3 -> 6)
  Merging D + CE LUTs for $auto$ff.cc:337:slice$17323/remaining[8] (3 -> 6)
  Merging D + CE LUTs for $auto$ff.cc:337:slice$17322/remaining[8] (3 -> 6)
  Merging D + CE LUTs for $auto$ff.cc:337:slice$17321/remaining[8] (3 -> 6)
  Merging D + CE LUTs for $auto$ff.cc:337:slice$17320/remaining[8] (3 -> 6)
  Merging D + CE LUTs for $auto$ff.cc:337:slice$17318/remaining[8] (3 -> 6)
  Merging D + CE LUTs for $auto$ff.cc:337:slice$17317/remaining[8] (3 -> 6)
  Merging D + CE LUTs for $auto$ff.cc:337:slice$17316/remaining[8] (3 -> 6)
  Merging D + CE LUTs for $auto$ff.cc:337:slice$17314/remaining[9] (3 -> 6)
  Merging D + CE LUTs for $auto$ff.cc:337:slice$17313/remaining[9] (3 -> 6)
  Merging D + CE LUTs for $auto$ff.cc:337:slice$17312/remaining[9] (3 -> 6)
  Merging D + CE LUTs for $auto$ff.cc:337:slice$17311/remaining[9] (3 -> 6)
  Merging D + CE LUTs for $auto$ff.cc:337:slice$17310/remaining[9] (3 -> 6)
  Merging D + CE LUTs for $auto$ff.cc:337:slice$17309/remaining[9] (3 -> 6)
  Merging D + CE LUTs for $auto$ff.cc:337:slice$17308/remaining[9] (3 -> 6)
  Merging D + CE LUTs for $auto$ff.cc:337:slice$17307/remaining[9] (3 -> 6)
  Merging D + CE LUTs for $auto$ff.cc:337:slice$17306/remaining[9] (3 -> 6)
  Merging D + CE LUTs for $auto$ff.cc:337:slice$17305/remaining[9] (3 -> 6)
  Merging D + CE LUTs for $auto$ff.cc:337:slice$17304/remaining[9] (3 -> 6)
  Merging D + CE LUTs for $auto$ff.cc:337:slice$17303/remaining[9] (3 -> 6)
  Merging D + CE LUTs for $auto$ff.cc:337:slice$17302/remaining[9] (3 -> 6)
  Merging D + CE LUTs for $auto$ff.cc:337:slice$17301/remaining[9] (3 -> 6)
  Merging D + CE LUTs for $auto$ff.cc:337:slice$17292/remaining[9] (3 -> 6)
  Merging D + CE LUTs for $auto$ff.cc:337:slice$17291/remaining[9] (3 -> 6)
  Merging D + CE LUTs for $auto$ff.cc:337:slice$17290/remaining[9] (3 -> 6)
  Merging D + CE LUTs for $auto$ff.cc:337:slice$17289/remaining[9] (3 -> 6)
  Merging D + CE LUTs for $auto$ff.cc:337:slice$17287/remaining[9] (3 -> 6)
  Merging D + CE LUTs for $auto$ff.cc:337:slice$17286/remaining[9] (3 -> 6)
  Merging D + CE LUTs for $auto$ff.cc:337:slice$17280/remaining[10] (3 -> 6)
  Merging D + CE LUTs for $auto$ff.cc:337:slice$17277/remaining[10] (3 -> 6)
  Merging D + CE LUTs for $auto$ff.cc:337:slice$17274/remaining[10] (3 -> 6)
  Merging D + CE LUTs for $auto$ff.cc:337:slice$17273/remaining[10] (3 -> 6)
  Merging D + CE LUTs for $auto$ff.cc:337:slice$17272/remaining[10] (3 -> 6)
  Merging D + CE LUTs for $auto$ff.cc:337:slice$17271/remaining[10] (3 -> 6)
  Merging D + CE LUTs for $auto$ff.cc:337:slice$17269/remaining[10] (3 -> 6)
  Merging D + CE LUTs for $auto$ff.cc:337:slice$17268/remaining[10] (3 -> 6)
  Merging D + CE LUTs for $auto$ff.cc:337:slice$17267/remaining[10] (3 -> 6)
  Merging D + CE LUTs for $auto$ff.cc:337:slice$17261/remaining[10] (3 -> 6)
  Merging D + CE LUTs for $auto$ff.cc:337:slice$17260/remaining[10] (3 -> 6)
  Merging D + CE LUTs for $auto$ff.cc:337:slice$17257/remaining[10] (3 -> 6)
  Merging D + CE LUTs for $auto$ff.cc:337:slice$17255/remaining[10] (3 -> 6)
  Merging D + CE LUTs for $auto$ff.cc:337:slice$17254/remaining[10] (3 -> 6)
  Merging D + CE LUTs for $auto$ff.cc:337:slice$17253/remaining[10] (3 -> 6)
  Merging D + CE LUTs for $auto$ff.cc:337:slice$17252/remaining[10] (3 -> 6)
  Merging D + CE LUTs for $auto$ff.cc:337:slice$17251/remaining[10] (3 -> 6)
  Merging D + CE LUTs for $auto$ff.cc:337:slice$17250/remaining[10] (3 -> 6)
  Merging D + CE LUTs for $auto$ff.cc:337:slice$17248/remaining[11] (3 -> 6)
  Merging D + CE LUTs for $auto$ff.cc:337:slice$17247/remaining[11] (3 -> 6)
  Merging D + CE LUTs for $auto$ff.cc:337:slice$17246/remaining[11] (3 -> 6)
  Merging D + CE LUTs for $auto$ff.cc:337:slice$17245/remaining[11] (3 -> 6)
  Merging D + CE LUTs for $auto$ff.cc:337:slice$17244/remaining[11] (3 -> 6)
  Merging D + CE LUTs for $auto$ff.cc:337:slice$17243/remaining[11] (3 -> 6)
  Merging D + CE LUTs for $auto$ff.cc:337:slice$17242/remaining[11] (3 -> 6)
  Merging D + CE LUTs for $auto$ff.cc:337:slice$17241/remaining[11] (3 -> 6)
  Merging D + CE LUTs for $auto$ff.cc:337:slice$17240/remaining[11] (3 -> 6)
  Merging D + CE LUTs for $auto$ff.cc:337:slice$17239/remaining[11] (3 -> 6)
  Merging D + CE LUTs for $auto$ff.cc:337:slice$17238/remaining[11] (3 -> 6)
  Merging D + CE LUTs for $auto$ff.cc:337:slice$17237/remaining[11] (3 -> 6)
  Merging D + CE LUTs for $auto$ff.cc:337:slice$17236/remaining[11] (3 -> 6)
  Merging D + CE LUTs for $auto$ff.cc:337:slice$17234/remaining[11] (3 -> 6)
  Merging D + CE LUTs for $auto$ff.cc:337:slice$17223/remaining[11] (3 -> 6)
  Merging D + CE LUTs for $auto$ff.cc:337:slice$17222/remaining[11] (3 -> 6)
  Merging D + CE LUTs for $auto$ff.cc:337:slice$17221/remaining[11] (3 -> 6)
  Merging D + CE LUTs for $auto$ff.cc:337:slice$17220/remaining[11] (3 -> 6)
  Merging D + CE LUTs for $auto$ff.cc:337:slice$17219/remaining[11] (3 -> 6)
  Merging D + CE LUTs for $auto$ff.cc:337:slice$17218/remaining[11] (3 -> 6)
  Merging D + CE LUTs for $auto$ff.cc:337:slice$17216/remaining[12] (3 -> 6)
  Merging D + CE LUTs for $auto$ff.cc:337:slice$17211/remaining[12] (3 -> 6)
  Merging D + CE LUTs for $auto$ff.cc:337:slice$17210/remaining[12] (3 -> 6)
  Merging D + CE LUTs for $auto$ff.cc:337:slice$17209/remaining[12] (3 -> 6)
  Merging D + CE LUTs for $auto$ff.cc:337:slice$17208/remaining[12] (3 -> 6)
  Merging D + CE LUTs for $auto$ff.cc:337:slice$17207/remaining[12] (3 -> 6)
  Merging D + CE LUTs for $auto$ff.cc:337:slice$17206/remaining[12] (3 -> 6)
  Merging D + CE LUTs for $auto$ff.cc:337:slice$17205/remaining[12] (3 -> 6)
  Merging D + CE LUTs for $auto$ff.cc:337:slice$17204/remaining[12] (3 -> 6)
  Merging D + CE LUTs for $auto$ff.cc:337:slice$17203/remaining[12] (3 -> 6)
  Merging D + CE LUTs for $auto$ff.cc:337:slice$17202/remaining[12] (3 -> 6)
  Merging D + CE LUTs for $auto$ff.cc:337:slice$17201/remaining[12] (3 -> 6)
  Merging D + CE LUTs for $auto$ff.cc:337:slice$17200/remaining[12] (3 -> 6)
  Merging D + CE LUTs for $auto$ff.cc:337:slice$17197/remaining[12] (3 -> 6)
  Merging D + CE LUTs for $auto$ff.cc:337:slice$17195/remaining[12] (3 -> 6)
  Merging D + CE LUTs for $auto$ff.cc:337:slice$17194/remaining[12] (3 -> 6)
  Merging D + CE LUTs for $auto$ff.cc:337:slice$17190/remaining[12] (3 -> 6)
  Merging D + CE LUTs for $auto$ff.cc:337:slice$17189/remaining[12] (3 -> 6)
  Merging D + CE LUTs for $auto$ff.cc:337:slice$17188/remaining[12] (3 -> 6)
  Merging D + CE LUTs for $auto$ff.cc:337:slice$17187/remaining[12] (3 -> 6)
  Merging D + CE LUTs for $auto$ff.cc:337:slice$17184/group_minimum[0] (2 -> 5)
  Merging D + CE LUTs for $auto$ff.cc:337:slice$17183/group_minimum[0] (2 -> 5)
  Merging D + CE LUTs for $auto$ff.cc:337:slice$17182/group_minimum[0] (2 -> 5)
  Merging D + CE LUTs for $auto$ff.cc:337:slice$17181/group_minimum[0] (2 -> 5)
  Merging D + CE LUTs for $auto$ff.cc:337:slice$17180/group_minimum[0] (2 -> 5)
  Merging D + CE LUTs for $auto$ff.cc:337:slice$17179/group_minimum[0] (2 -> 5)
  Merging D + CE LUTs for $auto$ff.cc:337:slice$17178/group_minimum[0] (2 -> 5)
  Merging D + CE LUTs for $auto$ff.cc:337:slice$17177/group_minimum[0] (2 -> 5)
  Merging D + CE LUTs for $auto$ff.cc:337:slice$17176/group_minimum[0] (2 -> 5)
  Merging D + CE LUTs for $auto$ff.cc:337:slice$17175/group_minimum[0] (2 -> 5)
  Merging D + CE LUTs for $auto$ff.cc:337:slice$17174/group_minimum[0] (2 -> 5)
  Merging D + CE LUTs for $auto$ff.cc:337:slice$17173/group_minimum[0] (2 -> 5)
  Merging D + CE LUTs for $auto$ff.cc:337:slice$17172/group_minimum[0] (2 -> 5)
  Merging D + CE LUTs for $auto$ff.cc:337:slice$17171/group_minimum[0] (2 -> 5)
  Merging D + CE LUTs for $auto$ff.cc:337:slice$17170/group_minimum[0] (2 -> 5)
  Merging D + CE LUTs for $auto$ff.cc:337:slice$17168/group_minimum[1] (2 -> 5)
  Merging D + CE LUTs for $auto$ff.cc:337:slice$17167/group_minimum[1] (2 -> 5)
  Merging D + CE LUTs for $auto$ff.cc:337:slice$17166/group_minimum[1] (2 -> 5)
  Merging D + CE LUTs for $auto$ff.cc:337:slice$17165/group_minimum[1] (2 -> 5)
  Merging D + CE LUTs for $auto$ff.cc:337:slice$17164/group_minimum[1] (2 -> 5)
  Merging D + CE LUTs for $auto$ff.cc:337:slice$17163/group_minimum[1] (2 -> 5)
  Merging D + CE LUTs for $auto$ff.cc:337:slice$17162/group_minimum[1] (2 -> 5)
  Merging D + CE LUTs for $auto$ff.cc:337:slice$17161/group_minimum[1] (2 -> 5)
  Merging D + CE LUTs for $auto$ff.cc:337:slice$17160/group_minimum[1] (2 -> 5)
  Merging D + CE LUTs for $auto$ff.cc:337:slice$17159/group_minimum[1] (2 -> 5)
  Merging D + CE LUTs for $auto$ff.cc:337:slice$17158/group_minimum[1] (2 -> 5)
  Merging D + CE LUTs for $auto$ff.cc:337:slice$17157/group_minimum[1] (2 -> 5)
  Merging D + CE LUTs for $auto$ff.cc:337:slice$17156/group_minimum[1] (2 -> 5)
  Merging D + CE LUTs for $auto$ff.cc:337:slice$17155/group_minimum[1] (2 -> 5)
  Merging D + CE LUTs for $auto$ff.cc:337:slice$17154/group_minimum[1] (2 -> 5)
  Merging D + CE LUTs for $auto$ff.cc:337:slice$17152/group_minimum[2] (2 -> 5)
  Merging D + CE LUTs for $auto$ff.cc:337:slice$17151/group_minimum[2] (2 -> 5)
  Merging D + CE LUTs for $auto$ff.cc:337:slice$17150/group_minimum[2] (2 -> 5)

5.47. Executing OPT_LUT_INS pass (discard unused LUT inputs).
Optimizing LUTs in $paramod$3c933f59fd04475806c89d43d681470cb4a1a28b\cap_pdb_dual_read_bank.
  Optimizing lut $abc$37535$auto$blifparse.cc:557:parse_blif$37676.genblk1.genblk1.genblk1.genblk1.genblk1.genblk1.genblk1.genblk1.genblk1.lut0 (6 -> 4)
  Optimizing lut $abc$37535$auto$blifparse.cc:557:parse_blif$37671.genblk1.genblk1.genblk1.genblk1.genblk1.genblk1.genblk1.genblk1.genblk1.lut0 (6 -> 4)
  Optimizing lut $abc$37535$auto$blifparse.cc:557:parse_blif$37662.genblk1.genblk1.genblk1.genblk1.genblk1.genblk1.genblk1.genblk1.genblk1.lut0 (6 -> 4)
  Optimizing lut $abc$37535$auto$blifparse.cc:557:parse_blif$37654.genblk1.genblk1.genblk1.genblk1.genblk1.genblk1.genblk1.genblk1.genblk1.lut0 (6 -> 4)
  Optimizing lut $abc$37535$auto$blifparse.cc:557:parse_blif$37650.genblk1.genblk1.genblk1.genblk1.genblk1.genblk1.genblk1.genblk1.genblk1.lut0 (6 -> 4)
  Optimizing lut $abc$37535$auto$blifparse.cc:557:parse_blif$37646.genblk1.genblk1.genblk1.genblk1.genblk1.genblk1.genblk1.genblk1.genblk1.lut0 (6 -> 4)
  Optimizing lut $abc$37535$auto$blifparse.cc:557:parse_blif$37642.genblk1.genblk1.genblk1.genblk1.genblk1.genblk1.genblk1.genblk1.genblk1.lut0 (6 -> 4)
  Optimizing lut $abc$37535$auto$blifparse.cc:557:parse_blif$37638.genblk1.genblk1.genblk1.genblk1.genblk1.genblk1.genblk1.genblk1.genblk1.lut0 (6 -> 4)
  Optimizing lut $abc$37535$auto$blifparse.cc:557:parse_blif$37630.genblk1.genblk1.genblk1.genblk1.genblk1.genblk1.genblk1.genblk1.genblk1.lut0 (6 -> 4)
  Optimizing lut $abc$37535$auto$blifparse.cc:557:parse_blif$37618.genblk1.genblk1.genblk1.genblk1.genblk1.genblk1.genblk1.genblk1.genblk1.lut0 (6 -> 4)
  Optimizing lut $abc$37535$auto$blifparse.cc:557:parse_blif$37614.genblk1.genblk1.genblk1.genblk1.genblk1.genblk1.genblk1.genblk1.genblk1.lut0 (6 -> 4)
  Optimizing lut $abc$37535$auto$blifparse.cc:557:parse_blif$37602.genblk1.genblk1.genblk1.genblk1.genblk1.genblk1.genblk1.genblk1.genblk1.lut0 (6 -> 4)
  Optimizing lut $abc$37535$auto$blifparse.cc:557:parse_blif$37598.genblk1.genblk1.genblk1.genblk1.genblk1.genblk1.genblk1.genblk1.genblk1.lut0 (6 -> 4)
  Optimizing lut $abc$37535$auto$blifparse.cc:557:parse_blif$37594.genblk1.genblk1.genblk1.genblk1.genblk1.genblk1.genblk1.genblk1.genblk1.lut0 (6 -> 4)
  Optimizing lut $abc$37535$auto$blifparse.cc:557:parse_blif$37590.genblk1.genblk1.genblk1.genblk1.genblk1.genblk1.genblk1.genblk1.genblk1.lut0 (6 -> 4)
  Optimizing lut $abc$37535$auto$blifparse.cc:557:parse_blif$37586.genblk1.genblk1.genblk1.genblk1.genblk1.genblk1.genblk1.genblk1.genblk1.lut0 (6 -> 4)
  Optimizing lut $abc$37535$auto$blifparse.cc:557:parse_blif$37582.genblk1.genblk1.genblk1.genblk1.genblk1.genblk1.genblk1.genblk1.genblk1.lut0 (6 -> 4)
  Optimizing lut $abc$37535$auto$blifparse.cc:557:parse_blif$37574.genblk1.genblk1.genblk1.genblk1.genblk1.genblk1.genblk1.genblk1.genblk1.lut0 (6 -> 4)
  Optimizing lut $abc$37535$auto$blifparse.cc:557:parse_blif$37570.genblk1.genblk1.genblk1.genblk1.genblk1.genblk1.genblk1.genblk1.genblk1.lut0 (6 -> 4)
  Optimizing lut $abc$37535$auto$blifparse.cc:557:parse_blif$37566.genblk1.genblk1.genblk1.genblk1.genblk1.genblk1.genblk1.genblk1.genblk1.lut0 (6 -> 4)
  Optimizing lut $abc$37535$auto$blifparse.cc:557:parse_blif$37562.genblk1.genblk1.genblk1.genblk1.genblk1.genblk1.genblk1.genblk1.genblk1.lut0 (6 -> 4)
  Optimizing lut $abc$37535$auto$blifparse.cc:557:parse_blif$37554.genblk1.genblk1.genblk1.genblk1.genblk1.genblk1.genblk1.genblk1.genblk1.lut0 (6 -> 4)
  Optimizing lut $abc$37535$auto$blifparse.cc:557:parse_blif$37550.genblk1.genblk1.genblk1.genblk1.genblk1.genblk1.genblk1.genblk1.genblk1.lut0 (6 -> 4)
  Optimizing lut $abc$37535$auto$blifparse.cc:557:parse_blif$37542.genblk1.genblk1.genblk1.genblk1.genblk1.genblk1.genblk1.genblk1.genblk1.lut0 (6 -> 4)
  Optimizing lut $abc$37535$auto$blifparse.cc:557:parse_blif$37541.genblk1.genblk1.genblk1.genblk1.genblk1.genblk1.genblk1.genblk1.genblk1.lut0 (6 -> 4)
  Optimizing lut $abc$37535$auto$blifparse.cc:557:parse_blif$37541.genblk1.genblk1.genblk1.genblk1.genblk1.genblk1.genblk1.genblk1.genblk1.lut1 (6 -> 4)
  Optimizing lut $abc$37535$auto$blifparse.cc:557:parse_blif$37542.genblk1.genblk1.genblk1.genblk1.genblk1.genblk1.genblk1.genblk1.genblk1.lut1 (6 -> 4)
  Optimizing lut $abc$37535$auto$blifparse.cc:557:parse_blif$37545.genblk1.genblk1.genblk1.genblk1.genblk1.genblk1.genblk1.genblk1.genblk1.lut0 (6 -> 4)
  Optimizing lut $abc$37535$auto$blifparse.cc:557:parse_blif$37545.genblk1.genblk1.genblk1.genblk1.genblk1.genblk1.genblk1.genblk1.genblk1.lut1 (6 -> 4)
  Optimizing lut $abc$37535$auto$blifparse.cc:557:parse_blif$37546.genblk1.genblk1.genblk1.genblk1.genblk1.genblk1.genblk1.genblk1.genblk1.lut1 (6 -> 4)
  Optimizing lut $abc$37535$auto$blifparse.cc:557:parse_blif$37546.genblk1.genblk1.genblk1.genblk1.genblk1.genblk1.genblk1.genblk1.genblk1.lut0 (6 -> 4)
  Optimizing lut $abc$37535$auto$blifparse.cc:557:parse_blif$37550.genblk1.genblk1.genblk1.genblk1.genblk1.genblk1.genblk1.genblk1.genblk1.lut1 (6 -> 4)
  Optimizing lut $abc$37535$auto$blifparse.cc:557:parse_blif$37553.genblk1.genblk1.genblk1.genblk1.genblk1.genblk1.genblk1.genblk1.genblk1.lut0 (6 -> 4)
  Optimizing lut $abc$37535$auto$blifparse.cc:557:parse_blif$37553.genblk1.genblk1.genblk1.genblk1.genblk1.genblk1.genblk1.genblk1.genblk1.lut1 (6 -> 4)
  Optimizing lut $abc$37535$auto$blifparse.cc:557:parse_blif$37554.genblk1.genblk1.genblk1.genblk1.genblk1.genblk1.genblk1.genblk1.genblk1.lut1 (6 -> 4)
  Optimizing lut $abc$37535$auto$blifparse.cc:557:parse_blif$37557.genblk1.genblk1.genblk1.genblk1.genblk1.genblk1.genblk1.genblk1.genblk1.lut0 (6 -> 4)
  Optimizing lut $abc$37535$auto$blifparse.cc:557:parse_blif$37557.genblk1.genblk1.genblk1.genblk1.genblk1.genblk1.genblk1.genblk1.genblk1.lut1 (6 -> 4)
  Optimizing lut $abc$37535$auto$blifparse.cc:557:parse_blif$37558.genblk1.genblk1.genblk1.genblk1.genblk1.genblk1.genblk1.genblk1.genblk1.lut1 (6 -> 4)
  Optimizing lut $abc$37535$auto$blifparse.cc:557:parse_blif$37558.genblk1.genblk1.genblk1.genblk1.genblk1.genblk1.genblk1.genblk1.genblk1.lut0 (6 -> 4)
  Optimizing lut $abc$37535$auto$blifparse.cc:557:parse_blif$37562.genblk1.genblk1.genblk1.genblk1.genblk1.genblk1.genblk1.genblk1.genblk1.lut1 (6 -> 4)
  Optimizing lut $abc$37535$auto$blifparse.cc:557:parse_blif$37565.genblk1.genblk1.genblk1.genblk1.genblk1.genblk1.genblk1.genblk1.genblk1.lut0 (6 -> 4)
  Optimizing lut $abc$37535$auto$blifparse.cc:557:parse_blif$37565.genblk1.genblk1.genblk1.genblk1.genblk1.genblk1.genblk1.genblk1.genblk1.lut1 (6 -> 4)
  Optimizing lut $abc$37535$auto$blifparse.cc:557:parse_blif$37566.genblk1.genblk1.genblk1.genblk1.genblk1.genblk1.genblk1.genblk1.genblk1.lut1 (6 -> 4)
  Optimizing lut $abc$37535$auto$blifparse.cc:557:parse_blif$37569.genblk1.genblk1.genblk1.genblk1.genblk1.genblk1.genblk1.genblk1.genblk1.lut0 (6 -> 4)
  Optimizing lut $abc$37535$auto$blifparse.cc:557:parse_blif$37569.genblk1.genblk1.genblk1.genblk1.genblk1.genblk1.genblk1.genblk1.genblk1.lut1 (6 -> 4)
  Optimizing lut $abc$37535$auto$blifparse.cc:557:parse_blif$37570.genblk1.genblk1.genblk1.genblk1.genblk1.genblk1.genblk1.genblk1.genblk1.lut1 (6 -> 4)
  Optimizing lut $abc$37535$auto$blifparse.cc:557:parse_blif$37573.genblk1.genblk1.genblk1.genblk1.genblk1.genblk1.genblk1.genblk1.genblk1.lut0 (6 -> 4)
  Optimizing lut $abc$37535$auto$blifparse.cc:557:parse_blif$37573.genblk1.genblk1.genblk1.genblk1.genblk1.genblk1.genblk1.genblk1.genblk1.lut1 (6 -> 4)
  Optimizing lut $abc$37535$auto$blifparse.cc:557:parse_blif$37574.genblk1.genblk1.genblk1.genblk1.genblk1.genblk1.genblk1.genblk1.genblk1.lut1 (6 -> 4)
  Optimizing lut $abc$37535$auto$blifparse.cc:557:parse_blif$37577.genblk1.genblk1.genblk1.genblk1.genblk1.genblk1.genblk1.genblk1.genblk1.lut0 (6 -> 4)
  Optimizing lut $abc$37535$auto$blifparse.cc:557:parse_blif$37577.genblk1.genblk1.genblk1.genblk1.genblk1.genblk1.genblk1.genblk1.genblk1.lut1 (6 -> 4)
  Optimizing lut $abc$37535$auto$blifparse.cc:557:parse_blif$37578.genblk1.genblk1.genblk1.genblk1.genblk1.genblk1.genblk1.genblk1.genblk1.lut1 (6 -> 4)
  Optimizing lut $abc$37535$auto$blifparse.cc:557:parse_blif$37578.genblk1.genblk1.genblk1.genblk1.genblk1.genblk1.genblk1.genblk1.genblk1.lut0 (6 -> 4)
  Optimizing lut $abc$37535$auto$blifparse.cc:557:parse_blif$37582.genblk1.genblk1.genblk1.genblk1.genblk1.genblk1.genblk1.genblk1.genblk1.lut1 (6 -> 4)
  Optimizing lut $abc$37535$auto$blifparse.cc:557:parse_blif$37585.genblk1.genblk1.genblk1.genblk1.genblk1.genblk1.genblk1.genblk1.genblk1.lut0 (6 -> 4)
  Optimizing lut $abc$37535$auto$blifparse.cc:557:parse_blif$37585.genblk1.genblk1.genblk1.genblk1.genblk1.genblk1.genblk1.genblk1.genblk1.lut1 (6 -> 4)
  Optimizing lut $abc$37535$auto$blifparse.cc:557:parse_blif$37586.genblk1.genblk1.genblk1.genblk1.genblk1.genblk1.genblk1.genblk1.genblk1.lut1 (6 -> 4)
  Optimizing lut $abc$37535$auto$blifparse.cc:557:parse_blif$37589.genblk1.genblk1.genblk1.genblk1.genblk1.genblk1.genblk1.genblk1.genblk1.lut0 (6 -> 4)
  Optimizing lut $abc$37535$auto$blifparse.cc:557:parse_blif$37589.genblk1.genblk1.genblk1.genblk1.genblk1.genblk1.genblk1.genblk1.genblk1.lut1 (6 -> 4)
  Optimizing lut $abc$37535$auto$blifparse.cc:557:parse_blif$37590.genblk1.genblk1.genblk1.genblk1.genblk1.genblk1.genblk1.genblk1.genblk1.lut1 (6 -> 4)
  Optimizing lut $abc$37535$auto$blifparse.cc:557:parse_blif$37593.genblk1.genblk1.genblk1.genblk1.genblk1.genblk1.genblk1.genblk1.genblk1.lut0 (6 -> 4)
  Optimizing lut $abc$37535$auto$blifparse.cc:557:parse_blif$37593.genblk1.genblk1.genblk1.genblk1.genblk1.genblk1.genblk1.genblk1.genblk1.lut1 (6 -> 4)
  Optimizing lut $abc$37535$auto$blifparse.cc:557:parse_blif$37594.genblk1.genblk1.genblk1.genblk1.genblk1.genblk1.genblk1.genblk1.genblk1.lut1 (6 -> 4)
  Optimizing lut $abc$37535$auto$blifparse.cc:557:parse_blif$37597.genblk1.genblk1.genblk1.genblk1.genblk1.genblk1.genblk1.genblk1.genblk1.lut0 (6 -> 4)
  Optimizing lut $abc$37535$auto$blifparse.cc:557:parse_blif$37597.genblk1.genblk1.genblk1.genblk1.genblk1.genblk1.genblk1.genblk1.genblk1.lut1 (6 -> 4)
  Optimizing lut $abc$37535$auto$blifparse.cc:557:parse_blif$37598.genblk1.genblk1.genblk1.genblk1.genblk1.genblk1.genblk1.genblk1.genblk1.lut1 (6 -> 4)
  Optimizing lut $abc$37535$auto$blifparse.cc:557:parse_blif$37601.genblk1.genblk1.genblk1.genblk1.genblk1.genblk1.genblk1.genblk1.genblk1.lut0 (6 -> 4)
  Optimizing lut $abc$37535$auto$blifparse.cc:557:parse_blif$37601.genblk1.genblk1.genblk1.genblk1.genblk1.genblk1.genblk1.genblk1.genblk1.lut1 (6 -> 4)
  Optimizing lut $abc$37535$auto$blifparse.cc:557:parse_blif$37602.genblk1.genblk1.genblk1.genblk1.genblk1.genblk1.genblk1.genblk1.genblk1.lut1 (6 -> 4)
  Optimizing lut $abc$37535$auto$blifparse.cc:557:parse_blif$37609.genblk1.genblk1.genblk1.genblk1.genblk1.genblk1.genblk1.genblk1.genblk1.lut0 (6 -> 4)
  Optimizing lut $abc$37535$auto$blifparse.cc:557:parse_blif$37609.genblk1.genblk1.genblk1.genblk1.genblk1.genblk1.genblk1.genblk1.genblk1.lut1 (6 -> 4)
  Optimizing lut $abc$37535$auto$blifparse.cc:557:parse_blif$37610.genblk1.genblk1.genblk1.genblk1.genblk1.genblk1.genblk1.genblk1.genblk1.lut1 (6 -> 4)
  Optimizing lut $abc$37535$auto$blifparse.cc:557:parse_blif$37610.genblk1.genblk1.genblk1.genblk1.genblk1.genblk1.genblk1.genblk1.genblk1.lut0 (6 -> 4)
  Optimizing lut $abc$37535$auto$blifparse.cc:557:parse_blif$37614.genblk1.genblk1.genblk1.genblk1.genblk1.genblk1.genblk1.genblk1.genblk1.lut1 (6 -> 4)
  Optimizing lut $abc$37535$auto$blifparse.cc:557:parse_blif$37617.genblk1.genblk1.genblk1.genblk1.genblk1.genblk1.genblk1.genblk1.genblk1.lut0 (6 -> 4)
  Optimizing lut $abc$37535$auto$blifparse.cc:557:parse_blif$37617.genblk1.genblk1.genblk1.genblk1.genblk1.genblk1.genblk1.genblk1.genblk1.lut1 (6 -> 4)
  Optimizing lut $abc$37535$auto$blifparse.cc:557:parse_blif$37618.genblk1.genblk1.genblk1.genblk1.genblk1.genblk1.genblk1.genblk1.genblk1.lut1 (6 -> 4)
  Optimizing lut $abc$37535$auto$blifparse.cc:557:parse_blif$37621.genblk1.genblk1.genblk1.genblk1.genblk1.genblk1.genblk1.genblk1.genblk1.lut0 (6 -> 4)
  Optimizing lut $abc$37535$auto$blifparse.cc:557:parse_blif$37621.genblk1.genblk1.genblk1.genblk1.genblk1.genblk1.genblk1.genblk1.genblk1.lut1 (6 -> 4)
  Optimizing lut $abc$37535$auto$blifparse.cc:557:parse_blif$37622.genblk1.genblk1.genblk1.genblk1.genblk1.genblk1.genblk1.genblk1.genblk1.lut1 (6 -> 4)
  Optimizing lut $abc$37535$auto$blifparse.cc:557:parse_blif$37622.genblk1.genblk1.genblk1.genblk1.genblk1.genblk1.genblk1.genblk1.genblk1.lut0 (6 -> 4)
  Optimizing lut $abc$37535$auto$blifparse.cc:557:parse_blif$37626.genblk1.genblk1.genblk1.genblk1.genblk1.genblk1.genblk1.genblk1.genblk1.lut1 (6 -> 4)
  Optimizing lut $abc$37535$auto$blifparse.cc:557:parse_blif$37626.genblk1.genblk1.genblk1.genblk1.genblk1.genblk1.genblk1.genblk1.genblk1.lut0 (6 -> 4)
  Optimizing lut $abc$37535$auto$blifparse.cc:557:parse_blif$37630.genblk1.genblk1.genblk1.genblk1.genblk1.genblk1.genblk1.genblk1.genblk1.lut1 (6 -> 4)
  Optimizing lut $abc$37535$auto$blifparse.cc:557:parse_blif$37633.genblk1.genblk1.genblk1.genblk1.genblk1.genblk1.genblk1.genblk1.genblk1.lut0 (6 -> 4)
  Optimizing lut $abc$37535$auto$blifparse.cc:557:parse_blif$37633.genblk1.genblk1.genblk1.genblk1.genblk1.genblk1.genblk1.genblk1.genblk1.lut1 (6 -> 4)
  Optimizing lut $abc$37535$auto$blifparse.cc:557:parse_blif$37634.genblk1.genblk1.genblk1.genblk1.genblk1.genblk1.genblk1.genblk1.genblk1.lut1 (6 -> 4)
  Optimizing lut $abc$37535$auto$blifparse.cc:557:parse_blif$37634.genblk1.genblk1.genblk1.genblk1.genblk1.genblk1.genblk1.genblk1.genblk1.lut0 (6 -> 4)
  Optimizing lut $abc$37535$auto$blifparse.cc:557:parse_blif$37638.genblk1.genblk1.genblk1.genblk1.genblk1.genblk1.genblk1.genblk1.genblk1.lut1 (6 -> 4)
  Optimizing lut $abc$37535$auto$blifparse.cc:557:parse_blif$37641.genblk1.genblk1.genblk1.genblk1.genblk1.genblk1.genblk1.genblk1.genblk1.lut0 (6 -> 4)
  Optimizing lut $abc$37535$auto$blifparse.cc:557:parse_blif$37641.genblk1.genblk1.genblk1.genblk1.genblk1.genblk1.genblk1.genblk1.genblk1.lut1 (6 -> 4)
  Optimizing lut $abc$37535$auto$blifparse.cc:557:parse_blif$37642.genblk1.genblk1.genblk1.genblk1.genblk1.genblk1.genblk1.genblk1.genblk1.lut1 (6 -> 4)
  Optimizing lut $abc$37535$auto$blifparse.cc:557:parse_blif$37645.genblk1.genblk1.genblk1.genblk1.genblk1.genblk1.genblk1.genblk1.genblk1.lut0 (6 -> 4)
  Optimizing lut $abc$37535$auto$blifparse.cc:557:parse_blif$37645.genblk1.genblk1.genblk1.genblk1.genblk1.genblk1.genblk1.genblk1.genblk1.lut1 (6 -> 4)
  Optimizing lut $abc$37535$auto$blifparse.cc:557:parse_blif$37646.genblk1.genblk1.genblk1.genblk1.genblk1.genblk1.genblk1.genblk1.genblk1.lut1 (6 -> 4)
  Optimizing lut $abc$37535$auto$blifparse.cc:557:parse_blif$37649.genblk1.genblk1.genblk1.genblk1.genblk1.genblk1.genblk1.genblk1.genblk1.lut0 (6 -> 4)
  Optimizing lut $abc$37535$auto$blifparse.cc:557:parse_blif$37649.genblk1.genblk1.genblk1.genblk1.genblk1.genblk1.genblk1.genblk1.genblk1.lut1 (6 -> 4)
  Optimizing lut $abc$37535$auto$blifparse.cc:557:parse_blif$37650.genblk1.genblk1.genblk1.genblk1.genblk1.genblk1.genblk1.genblk1.genblk1.lut1 (6 -> 4)
  Optimizing lut $abc$37535$auto$blifparse.cc:557:parse_blif$37653.genblk1.genblk1.genblk1.genblk1.genblk1.genblk1.genblk1.genblk1.genblk1.lut0 (6 -> 4)
  Optimizing lut $abc$37535$auto$blifparse.cc:557:parse_blif$37653.genblk1.genblk1.genblk1.genblk1.genblk1.genblk1.genblk1.genblk1.genblk1.lut1 (6 -> 4)
  Optimizing lut $abc$37535$auto$blifparse.cc:557:parse_blif$37654.genblk1.genblk1.genblk1.genblk1.genblk1.genblk1.genblk1.genblk1.genblk1.lut1 (6 -> 4)
  Optimizing lut $abc$37535$auto$blifparse.cc:557:parse_blif$37657.genblk1.genblk1.genblk1.genblk1.genblk1.genblk1.genblk1.genblk1.genblk1.lut0 (6 -> 4)
  Optimizing lut $abc$37535$auto$blifparse.cc:557:parse_blif$37657.genblk1.genblk1.genblk1.genblk1.genblk1.genblk1.genblk1.genblk1.genblk1.lut1 (6 -> 4)
  Optimizing lut $abc$37535$auto$blifparse.cc:557:parse_blif$37658.genblk1.genblk1.genblk1.genblk1.genblk1.genblk1.genblk1.genblk1.genblk1.lut1 (6 -> 4)
  Optimizing lut $abc$37535$auto$blifparse.cc:557:parse_blif$37658.genblk1.genblk1.genblk1.genblk1.genblk1.genblk1.genblk1.genblk1.genblk1.lut0 (6 -> 4)
  Optimizing lut $abc$37535$auto$blifparse.cc:557:parse_blif$37662.genblk1.genblk1.genblk1.genblk1.genblk1.genblk1.genblk1.genblk1.genblk1.lut1 (6 -> 4)
  Optimizing lut $abc$37535$auto$blifparse.cc:557:parse_blif$37670.genblk1.genblk1.genblk1.genblk1.genblk1.genblk1.genblk1.genblk1.genblk1.lut0 (6 -> 4)
  Optimizing lut $abc$37535$auto$blifparse.cc:557:parse_blif$37670.genblk1.genblk1.genblk1.genblk1.genblk1.genblk1.genblk1.genblk1.genblk1.lut1 (6 -> 4)
  Optimizing lut $abc$37535$auto$blifparse.cc:557:parse_blif$37671.genblk1.genblk1.genblk1.genblk1.genblk1.genblk1.genblk1.genblk1.genblk1.lut1 (6 -> 4)
  Optimizing lut $abc$37535$auto$blifparse.cc:557:parse_blif$37675.genblk1.genblk1.genblk1.genblk1.genblk1.genblk1.genblk1.genblk1.genblk1.lut0 (6 -> 4)
  Optimizing lut $abc$37535$auto$blifparse.cc:557:parse_blif$37675.genblk1.genblk1.genblk1.genblk1.genblk1.genblk1.genblk1.genblk1.genblk1.lut1 (6 -> 4)
  Optimizing lut $abc$37535$auto$blifparse.cc:557:parse_blif$37676.genblk1.genblk1.genblk1.genblk1.genblk1.genblk1.genblk1.genblk1.genblk1.lut1 (6 -> 4)
Optimizing LUTs in cap_pdb_dual_port_compact_allocation_engine.
  Optimizing lut $abc$37677$auto$blifparse.cc:557:parse_blif$39862.genblk1.genblk1.genblk1.genblk1.genblk1.genblk1.genblk1.genblk1.genblk1.genblk1.lut0.genblk1.genblk1.genblk1.genblk1.genblk1.genblk1.genblk1.genblk1.genblk1.lut0 (6 -> 0)
  Optimizing lut $abc$37677$auto$blifparse.cc:557:parse_blif$39941.genblk1.genblk1.genblk1.genblk1.genblk1.genblk1.genblk1.genblk1.genblk1.genblk1.lut0.genblk1.genblk1.genblk1.genblk1.genblk1.genblk1.genblk1.genblk1.genblk1.lut0 (6 -> 0)
  Optimizing lut $abc$37677$auto$blifparse.cc:557:parse_blif$39968.genblk1.genblk1.genblk1.genblk1.genblk1.genblk1.genblk1.genblk1.genblk1.genblk1.lut0.genblk1.genblk1.genblk1.genblk1.genblk1.genblk1.genblk1.genblk1.genblk1.lut0 (6 -> 1)
  Optimizing lut $abc$37677$auto$blifparse.cc:557:parse_blif$39968.genblk1.genblk1.genblk1.genblk1.genblk1.genblk1.genblk1.genblk1.genblk1.genblk1.lut1.genblk1.genblk1.genblk1.genblk1.genblk1.genblk1.genblk1.genblk1.genblk1.lut0 (6 -> 3)
  Optimizing lut $abc$37677$auto$blifparse.cc:557:parse_blif$39969.genblk1.genblk1.genblk1.genblk1.genblk1.genblk1.genblk1.genblk1.genblk1.genblk1.lut0.genblk1.genblk1.genblk1.genblk1.genblk1.genblk1.genblk1.genblk1.genblk1.lut0 (6 -> 4)
  Optimizing lut $abc$37677$auto$blifparse.cc:557:parse_blif$39969.genblk1.genblk1.genblk1.genblk1.genblk1.genblk1.genblk1.genblk1.genblk1.genblk1.lut1.genblk1.genblk1.genblk1.genblk1.genblk1.genblk1.genblk1.genblk1.genblk1.lut0 (6 -> 4)
  Optimizing lut $abc$37677$auto$blifparse.cc:557:parse_blif$40121.genblk1.genblk1.genblk1.genblk1.genblk1.genblk1.genblk1.genblk1.genblk1.genblk1.lut1.genblk1.genblk1.genblk1.genblk1.genblk1.genblk1.genblk1.genblk1.genblk1.lut0 (6 -> 0)
  Optimizing lut $abc$37677$auto$blifparse.cc:557:parse_blif$40416.genblk1.genblk1.genblk1.genblk1.genblk1.genblk1.genblk1.genblk1.genblk1.genblk1.lut1.genblk1.genblk1.genblk1.genblk1.genblk1.genblk1.genblk1.genblk1.genblk1.lut0 (6 -> 0)
  Optimizing lut $abc$37677$auto$blifparse.cc:557:parse_blif$40416.genblk1.genblk1.genblk1.genblk1.genblk1.genblk1.genblk1.genblk1.genblk1.genblk1.lut0.genblk1.genblk1.genblk1.genblk1.genblk1.genblk1.genblk1.genblk1.genblk1.lut0 (6 -> 0)
  Optimizing lut $abc$37677$auto$blifparse.cc:557:parse_blif$40515.genblk1.genblk1.genblk1.genblk1.genblk1.genblk1.genblk1.genblk1.genblk1.genblk1.lut1.genblk1.genblk1.genblk1.genblk1.genblk1.genblk1.genblk1.genblk1.genblk1.lut0 (6 -> 0)
  Optimizing lut $abc$37677$auto$blifparse.cc:557:parse_blif$40515.genblk1.genblk1.genblk1.genblk1.genblk1.genblk1.genblk1.genblk1.genblk1.genblk1.lut0.genblk1.genblk1.genblk1.genblk1.genblk1.genblk1.genblk1.genblk1.genblk1.lut0 (6 -> 0)
  Optimizing lut $abc$37677$auto$blifparse.cc:557:parse_blif$40563.genblk1.genblk1.genblk1.genblk1.genblk1.genblk1.genblk1.genblk1.genblk1.genblk1.lut1.genblk1.genblk1.genblk1.genblk1.genblk1.genblk1.genblk1.genblk1.genblk1.lut0 (6 -> 0)
  Optimizing lut $abc$37677$auto$blifparse.cc:557:parse_blif$40563.genblk1.genblk1.genblk1.genblk1.genblk1.genblk1.genblk1.genblk1.genblk1.genblk1.lut0.genblk1.genblk1.genblk1.genblk1.genblk1.genblk1.genblk1.genblk1.genblk1.lut0 (6 -> 0)
  Optimizing lut $abc$37677$auto$blifparse.cc:557:parse_blif$40733.genblk1.genblk1.genblk1.genblk1.genblk1.genblk1.genblk1.genblk1.genblk1.genblk1.lut1.genblk1.genblk1.genblk1.genblk1.genblk1.genblk1.genblk1.genblk1.genblk1.lut0 (6 -> 0)
  Optimizing lut $abc$37677$auto$blifparse.cc:557:parse_blif$40733.genblk1.genblk1.genblk1.genblk1.genblk1.genblk1.genblk1.genblk1.genblk1.genblk1.lut0.genblk1.genblk1.genblk1.genblk1.genblk1.genblk1.genblk1.genblk1.genblk1.lut0 (6 -> 0)
  Optimizing lut $abc$37677$auto$blifparse.cc:557:parse_blif$40743.genblk1.genblk1.genblk1.genblk1.genblk1.genblk1.genblk1.genblk1.genblk1.genblk1.lut1.genblk1.genblk1.genblk1.genblk1.genblk1.genblk1.genblk1.genblk1.genblk1.lut0 (6 -> 0)
  Optimizing lut $abc$37677$auto$blifparse.cc:557:parse_blif$40743.genblk1.genblk1.genblk1.genblk1.genblk1.genblk1.genblk1.genblk1.genblk1.genblk1.lut0.genblk1.genblk1.genblk1.genblk1.genblk1.genblk1.genblk1.genblk1.genblk1.lut0 (6 -> 0)
  Optimizing lut $abc$37677$auto$blifparse.cc:557:parse_blif$40731.genblk1.genblk1.genblk1.genblk1.genblk1.genblk1.genblk1.genblk1.genblk1.genblk1.lut1.genblk1.genblk1.genblk1.genblk1.genblk1.genblk1.genblk1.genblk1.genblk1.lut0 (6 -> 0)
  Optimizing lut $abc$37677$auto$blifparse.cc:557:parse_blif$40835.genblk1.genblk1.genblk1.genblk1.genblk1.genblk1.genblk1.genblk1.genblk1.genblk1.lut1.genblk1.genblk1.genblk1.genblk1.genblk1.genblk1.genblk1.genblk1.genblk1.lut0 (6 -> 0)
  Optimizing lut $abc$37677$auto$blifparse.cc:557:parse_blif$40835.genblk1.genblk1.genblk1.genblk1.genblk1.genblk1.genblk1.genblk1.genblk1.genblk1.lut0.genblk1.genblk1.genblk1.genblk1.genblk1.genblk1.genblk1.genblk1.genblk1.lut0 (6 -> 0)
  Optimizing lut $abc$37677$auto$blifparse.cc:557:parse_blif$40937.genblk1.genblk1.genblk1.genblk1.genblk1.genblk1.genblk1.genblk1.genblk1.genblk1.lut1.genblk1.genblk1.genblk1.genblk1.genblk1.genblk1.genblk1.genblk1.genblk1.lut0 (6 -> 0)
  Optimizing lut $abc$37677$auto$blifparse.cc:557:parse_blif$40937.genblk1.genblk1.genblk1.genblk1.genblk1.genblk1.genblk1.genblk1.genblk1.genblk1.lut0.genblk1.genblk1.genblk1.genblk1.genblk1.genblk1.genblk1.genblk1.genblk1.lut0 (6 -> 0)
  Optimizing lut $abc$37677$auto$blifparse.cc:557:parse_blif$40936.genblk1.genblk1.genblk1.genblk1.genblk1.genblk1.genblk1.genblk1.genblk1.genblk1.lut1.genblk1.genblk1.genblk1.genblk1.genblk1.genblk1.genblk1.genblk1.genblk1.lut0 (6 -> 0)
  Optimizing lut $abc$37677$auto$blifparse.cc:557:parse_blif$41042.genblk1.genblk1.genblk1.genblk1.genblk1.genblk1.genblk1.genblk1.genblk1.genblk1.lut1.genblk1.genblk1.genblk1.genblk1.genblk1.genblk1.genblk1.genblk1.genblk1.lut0 (6 -> 0)
  Optimizing lut $abc$37677$auto$blifparse.cc:557:parse_blif$39871.genblk1.genblk1.genblk1.genblk1.genblk1.genblk1.genblk1.genblk1.genblk1.genblk1.lut1.genblk1.genblk1.genblk1.genblk1.genblk1.genblk1.genblk1.genblk1.genblk1.lut0 (6 -> 0)
  Optimizing lut $abc$37677$auto$blifparse.cc:557:parse_blif$39974.genblk1.genblk1.genblk1.genblk1.genblk1.genblk1.genblk1.genblk1.genblk1.genblk1.lut1.genblk1.genblk1.genblk1.genblk1.genblk1.genblk1.genblk1.genblk1.genblk1.lut0 (6 -> 0)
  Optimizing lut $abc$37677$auto$blifparse.cc:557:parse_blif$39983.genblk1.genblk1.genblk1.genblk1.genblk1.genblk1.genblk1.genblk1.genblk1.genblk1.lut1.genblk1.genblk1.genblk1.genblk1.genblk1.genblk1.genblk1.genblk1.genblk1.lut0 (6 -> 0)
  Optimizing lut $abc$37677$auto$blifparse.cc:557:parse_blif$39985.genblk1.genblk1.genblk1.genblk1.genblk1.genblk1.genblk1.genblk1.genblk1.genblk1.lut1.genblk1.genblk1.genblk1.genblk1.genblk1.genblk1.genblk1.genblk1.genblk1.lut0 (6 -> 0)
  Optimizing lut $abc$37677$auto$blifparse.cc:557:parse_blif$39985.genblk1.genblk1.genblk1.genblk1.genblk1.genblk1.genblk1.genblk1.genblk1.genblk1.lut0.genblk1.genblk1.genblk1.genblk1.genblk1.genblk1.genblk1.genblk1.genblk1.lut0 (6 -> 0)
  Optimizing lut $abc$37677$auto$blifparse.cc:557:parse_blif$40078.genblk1.genblk1.genblk1.genblk1.genblk1.genblk1.genblk1.genblk1.genblk1.genblk1.lut1.genblk1.genblk1.genblk1.genblk1.genblk1.genblk1.genblk1.genblk1.genblk1.lut0 (6 -> 0)
  Optimizing lut $abc$37677$auto$blifparse.cc:557:parse_blif$40168.genblk1.genblk1.genblk1.genblk1.genblk1.genblk1.genblk1.genblk1.genblk1.genblk1.lut1.genblk1.genblk1.genblk1.genblk1.genblk1.genblk1.genblk1.genblk1.genblk1.lut0 (6 -> 0)
  Optimizing lut $abc$37677$auto$blifparse.cc:557:parse_blif$40167.genblk1.genblk1.genblk1.genblk1.genblk1.genblk1.genblk1.genblk1.genblk1.genblk1.lut1.genblk1.genblk1.genblk1.genblk1.genblk1.genblk1.genblk1.genblk1.genblk1.lut0 (6 -> 0)
  Optimizing lut $abc$37677$auto$blifparse.cc:557:parse_blif$40167.genblk1.genblk1.genblk1.genblk1.genblk1.genblk1.genblk1.genblk1.genblk1.genblk1.lut0.genblk1.genblk1.genblk1.genblk1.genblk1.genblk1.genblk1.genblk1.genblk1.lut0 (6 -> 0)
  Optimizing lut $abc$37677$auto$blifparse.cc:557:parse_blif$40262.genblk1.genblk1.genblk1.genblk1.genblk1.genblk1.genblk1.genblk1.genblk1.genblk1.lut1.genblk1.genblk1.genblk1.genblk1.genblk1.genblk1.genblk1.genblk1.genblk1.lut0 (6 -> 0)
  Optimizing lut $abc$37677$auto$blifparse.cc:557:parse_blif$40259.genblk1.genblk1.genblk1.genblk1.genblk1.genblk1.genblk1.genblk1.genblk1.genblk1.lut1.genblk1.genblk1.genblk1.genblk1.genblk1.genblk1.genblk1.genblk1.genblk1.lut0 (6 -> 0)
  Optimizing lut $abc$37677$auto$blifparse.cc:557:parse_blif$40259.genblk1.genblk1.genblk1.genblk1.genblk1.genblk1.genblk1.genblk1.genblk1.genblk1.lut0.genblk1.genblk1.genblk1.genblk1.genblk1.genblk1.genblk1.genblk1.genblk1.lut0 (6 -> 0)
  Optimizing lut $abc$37677$auto$blifparse.cc:557:parse_blif$40365.genblk1.genblk1.genblk1.genblk1.genblk1.genblk1.genblk1.genblk1.genblk1.genblk1.lut1.genblk1.genblk1.genblk1.genblk1.genblk1.genblk1.genblk1.genblk1.genblk1.lut0 (6 -> 0)
  Optimizing lut $abc$37677$auto$blifparse.cc:557:parse_blif$40364.genblk1.genblk1.genblk1.genblk1.genblk1.genblk1.genblk1.genblk1.genblk1.genblk1.lut1.genblk1.genblk1.genblk1.genblk1.genblk1.genblk1.genblk1.genblk1.genblk1.lut0 (6 -> 0)
  Optimizing lut $abc$37677$auto$blifparse.cc:557:parse_blif$40466.genblk1.genblk1.genblk1.genblk1.genblk1.genblk1.genblk1.genblk1.genblk1.genblk1.lut1.genblk1.genblk1.genblk1.genblk1.genblk1.genblk1.genblk1.genblk1.genblk1.lut0 (6 -> 0)
  Optimizing lut $abc$37677$auto$blifparse.cc:557:parse_blif$40683.genblk1.genblk1.genblk1.genblk1.genblk1.genblk1.genblk1.genblk1.genblk1.genblk1.lut1.genblk1.genblk1.genblk1.genblk1.genblk1.genblk1.genblk1.genblk1.genblk1.lut0 (6 -> 0)
  Optimizing lut $abc$37677$auto$blifparse.cc:557:parse_blif$40783.genblk1.genblk1.genblk1.genblk1.genblk1.genblk1.genblk1.genblk1.genblk1.genblk1.lut1.genblk1.genblk1.genblk1.genblk1.genblk1.genblk1.genblk1.genblk1.genblk1.lut0 (6 -> 0)
  Optimizing lut $abc$37677$auto$blifparse.cc:557:parse_blif$40885.genblk1.genblk1.genblk1.genblk1.genblk1.genblk1.genblk1.genblk1.genblk1.genblk1.lut1.genblk1.genblk1.genblk1.genblk1.genblk1.genblk1.genblk1.genblk1.genblk1.lut0 (6 -> 0)
  Optimizing lut $abc$37677$auto$blifparse.cc:557:parse_blif$40981.genblk1.genblk1.genblk1.genblk1.genblk1.genblk1.genblk1.genblk1.genblk1.genblk1.lut1.genblk1.genblk1.genblk1.genblk1.genblk1.genblk1.genblk1.genblk1.genblk1.lut0 (6 -> 0)
  Optimizing lut $abc$37677$auto$blifparse.cc:557:parse_blif$41077.genblk1.genblk1.genblk1.genblk1.genblk1.genblk1.genblk1.genblk1.genblk1.genblk1.lut1.genblk1.genblk1.genblk1.genblk1.genblk1.genblk1.genblk1.genblk1.genblk1.lut0 (6 -> 0)
  Optimizing lut $abc$37677$auto$blifparse.cc:557:parse_blif$41278.genblk1.genblk1.genblk1.genblk1.genblk1.genblk1.genblk1.genblk1.genblk1.genblk1.lut1.genblk1.genblk1.genblk1.genblk1.genblk1.genblk1.genblk1.genblk1.genblk1.lut0 (6 -> 0)
  Optimizing lut $abc$37677$auto$blifparse.cc:557:parse_blif$37717.genblk1.genblk1.genblk1.genblk1.genblk1.genblk1.genblk1.genblk1.genblk1.lut1 (6 -> 5)
  Optimizing lut $abc$37677$auto$blifparse.cc:557:parse_blif$41072.genblk1.genblk1.genblk1.genblk1.genblk1.genblk1.genblk1.genblk1.genblk1.genblk1.lut1.genblk1.genblk1.genblk1.genblk1.genblk1.genblk1.genblk1.genblk1.genblk1.lut0 (6 -> 4)
  Optimizing lut $abc$37677$auto$blifparse.cc:557:parse_blif$41069.genblk1.genblk1.genblk1.genblk1.genblk1.genblk1.genblk1.genblk1.genblk1.genblk1.lut1.genblk1.genblk1.genblk1.genblk1.genblk1.genblk1.genblk1.genblk1.genblk1.lut0 (6 -> 0)
  Optimizing lut $abc$37677$auto$blifparse.cc:557:parse_blif$41069.genblk1.genblk1.genblk1.genblk1.genblk1.genblk1.genblk1.genblk1.genblk1.genblk1.lut0.genblk1.genblk1.genblk1.genblk1.genblk1.genblk1.genblk1.genblk1.genblk1.lut0 (6 -> 0)
  Optimizing lut $abc$37677$auto$blifparse.cc:557:parse_blif$41066.genblk1.genblk1.genblk1.genblk1.genblk1.genblk1.genblk1.genblk1.genblk1.genblk1.lut1.genblk1.genblk1.genblk1.genblk1.genblk1.genblk1.genblk1.genblk1.genblk1.lut0 (6 -> 0)
  Optimizing lut $abc$37677$auto$blifparse.cc:557:parse_blif$41066.genblk1.genblk1.genblk1.genblk1.genblk1.genblk1.genblk1.genblk1.genblk1.genblk1.lut0.genblk1.genblk1.genblk1.genblk1.genblk1.genblk1.genblk1.genblk1.genblk1.lut0 (6 -> 0)
  Optimizing lut $abc$37677$auto$blifparse.cc:557:parse_blif$41046.genblk1.genblk1.genblk1.genblk1.genblk1.genblk1.genblk1.genblk1.genblk1.genblk1.lut0.genblk1.genblk1.genblk1.genblk1.genblk1.genblk1.genblk1.genblk1.genblk1.lut0 (6 -> 1)
  Optimizing lut $abc$37677$auto$blifparse.cc:557:parse_blif$41043.genblk1.genblk1.genblk1.genblk1.genblk1.genblk1.genblk1.genblk1.genblk1.genblk1.lut1.genblk1.genblk1.genblk1.genblk1.genblk1.genblk1.genblk1.genblk1.genblk1.lut0 (6 -> 0)
  Optimizing lut $abc$37677$auto$blifparse.cc:557:parse_blif$40968.genblk1.genblk1.genblk1.genblk1.genblk1.genblk1.genblk1.genblk1.genblk1.genblk1.lut1.genblk1.genblk1.genblk1.genblk1.genblk1.genblk1.genblk1.genblk1.genblk1.lut0 (6 -> 5)
  Optimizing lut $abc$37677$auto$blifparse.cc:557:parse_blif$41039.genblk1.genblk1.genblk1.genblk1.genblk1.genblk1.genblk1.genblk1.genblk1.lut1 (6 -> 0)
  Optimizing lut $abc$37677$auto$blifparse.cc:557:parse_blif$40778.genblk1.genblk1.genblk1.genblk1.genblk1.genblk1.genblk1.genblk1.genblk1.genblk1.lut1.genblk1.genblk1.genblk1.genblk1.genblk1.genblk1.genblk1.genblk1.genblk1.lut0 (6 -> 4)
  Optimizing lut $abc$37677$auto$blifparse.cc:557:parse_blif$40774.genblk1.genblk1.genblk1.genblk1.genblk1.genblk1.genblk1.genblk1.genblk1.genblk1.lut1.genblk1.genblk1.genblk1.genblk1.genblk1.genblk1.genblk1.genblk1.genblk1.lut0 (6 -> 0)
  Optimizing lut $abc$37677$auto$blifparse.cc:557:parse_blif$40761.genblk1.genblk1.genblk1.genblk1.genblk1.genblk1.genblk1.genblk1.genblk1.genblk1.lut0.genblk1.genblk1.genblk1.genblk1.genblk1.genblk1.genblk1.genblk1.genblk1.lut0 (6 -> 1)
  Optimizing lut $abc$37677$auto$blifparse.cc:557:parse_blif$40716.genblk1.genblk1.genblk1.genblk1.genblk1.genblk1.genblk1.genblk1.genblk1.genblk1.lut0.genblk1.genblk1.genblk1.genblk1.genblk1.genblk1.genblk1.genblk1.genblk1.lut0 (6 -> 3)
  Optimizing lut $abc$37677$auto$blifparse.cc:557:parse_blif$40664.genblk1.genblk1.genblk1.genblk1.genblk1.genblk1.genblk1.genblk1.genblk1.genblk1.lut1.genblk1.genblk1.genblk1.genblk1.genblk1.genblk1.genblk1.genblk1.genblk1.lut0 (6 -> 0)
  Optimizing lut $abc$37677$auto$blifparse.cc:557:parse_blif$40672.genblk1.genblk1.genblk1.genblk1.genblk1.genblk1.genblk1.genblk1.genblk1.lut1 (6 -> 0)
  Optimizing lut $abc$37677$auto$blifparse.cc:557:parse_blif$40566.genblk1.genblk1.genblk1.genblk1.genblk1.genblk1.genblk1.genblk1.genblk1.genblk1.lut1.genblk1.genblk1.genblk1.genblk1.genblk1.genblk1.genblk1.genblk1.genblk1.lut0 (6 -> 0)
  Optimizing lut $abc$37677$auto$blifparse.cc:557:parse_blif$40566.genblk1.genblk1.genblk1.genblk1.genblk1.genblk1.genblk1.genblk1.genblk1.genblk1.lut0.genblk1.genblk1.genblk1.genblk1.genblk1.genblk1.genblk1.genblk1.genblk1.lut0 (6 -> 0)
  Optimizing lut $abc$37677$auto$blifparse.cc:557:parse_blif$40544.genblk1.genblk1.genblk1.genblk1.genblk1.genblk1.genblk1.genblk1.genblk1.genblk1.lut1.genblk1.genblk1.genblk1.genblk1.genblk1.genblk1.genblk1.genblk1.genblk1.lut0 (6 -> 0)
  Optimizing lut $abc$37677$auto$blifparse.cc:557:parse_blif$40544.genblk1.genblk1.genblk1.genblk1.genblk1.genblk1.genblk1.genblk1.genblk1.genblk1.lut0.genblk1.genblk1.genblk1.genblk1.genblk1.genblk1.genblk1.genblk1.genblk1.lut0 (6 -> 0)
  Optimizing lut $abc$37677$auto$blifparse.cc:557:parse_blif$40543.genblk1.genblk1.genblk1.genblk1.genblk1.genblk1.genblk1.genblk1.genblk1.genblk1.lut1.genblk1.genblk1.genblk1.genblk1.genblk1.genblk1.genblk1.genblk1.genblk1.lut0 (6 -> 0)
  Optimizing lut $abc$37677$auto$blifparse.cc:557:parse_blif$40543.genblk1.genblk1.genblk1.genblk1.genblk1.genblk1.genblk1.genblk1.genblk1.genblk1.lut0.genblk1.genblk1.genblk1.genblk1.genblk1.genblk1.genblk1.genblk1.genblk1.lut0 (6 -> 0)
  Optimizing lut $abc$37677$auto$blifparse.cc:557:parse_blif$40528.genblk1.genblk1.genblk1.genblk1.genblk1.genblk1.genblk1.genblk1.genblk1.genblk1.lut1.genblk1.genblk1.genblk1.genblk1.genblk1.genblk1.genblk1.genblk1.genblk1.lut0 (6 -> 0)
  Optimizing lut $abc$37677$auto$blifparse.cc:557:parse_blif$40528.genblk1.genblk1.genblk1.genblk1.genblk1.genblk1.genblk1.genblk1.genblk1.genblk1.lut0.genblk1.genblk1.genblk1.genblk1.genblk1.genblk1.genblk1.genblk1.genblk1.lut0 (6 -> 0)
  Optimizing lut $abc$37677$auto$blifparse.cc:557:parse_blif$40514.genblk1.genblk1.genblk1.genblk1.genblk1.genblk1.genblk1.genblk1.genblk1.genblk1.lut1.genblk1.genblk1.genblk1.genblk1.genblk1.genblk1.genblk1.genblk1.genblk1.lut0 (6 -> 1)
  Optimizing lut $abc$37677$auto$blifparse.cc:557:parse_blif$40494.genblk1.genblk1.genblk1.genblk1.genblk1.genblk1.genblk1.genblk1.genblk1.genblk1.lut1.genblk1.genblk1.genblk1.genblk1.genblk1.genblk1.genblk1.genblk1.genblk1.lut0 (6 -> 0)
  Optimizing lut $abc$37677$auto$blifparse.cc:557:parse_blif$40505.genblk1.genblk1.genblk1.genblk1.genblk1.genblk1.genblk1.genblk1.genblk1.lut1 (6 -> 0)
  Optimizing lut $abc$37677$auto$blifparse.cc:557:parse_blif$40484.genblk1.genblk1.genblk1.genblk1.genblk1.genblk1.genblk1.genblk1.genblk1.genblk1.lut1.genblk1.genblk1.genblk1.genblk1.genblk1.genblk1.genblk1.genblk1.genblk1.lut0 (6 -> 1)
  Optimizing lut $abc$37677$auto$blifparse.cc:557:parse_blif$40483.genblk1.genblk1.genblk1.genblk1.genblk1.genblk1.genblk1.genblk1.genblk1.genblk1.lut1.genblk1.genblk1.genblk1.genblk1.genblk1.genblk1.genblk1.genblk1.genblk1.lut0 (6 -> 0)
  Optimizing lut $abc$37677$auto$blifparse.cc:557:parse_blif$40483.genblk1.genblk1.genblk1.genblk1.genblk1.genblk1.genblk1.genblk1.genblk1.genblk1.lut0.genblk1.genblk1.genblk1.genblk1.genblk1.genblk1.genblk1.genblk1.genblk1.lut0 (6 -> 0)
  Optimizing lut $abc$37677$auto$blifparse.cc:557:parse_blif$40359.genblk1.genblk1.genblk1.genblk1.genblk1.genblk1.genblk1.genblk1.genblk1.genblk1.lut1.genblk1.genblk1.genblk1.genblk1.genblk1.genblk1.genblk1.genblk1.genblk1.lut0 (6 -> 4)
  Optimizing lut $abc$37677$auto$blifparse.cc:557:parse_blif$40267.genblk1.genblk1.genblk1.genblk1.genblk1.genblk1.genblk1.genblk1.genblk1.genblk1.lut1.genblk1.genblk1.genblk1.genblk1.genblk1.genblk1.genblk1.genblk1.genblk1.lut0 (6 -> 0)
  Optimizing lut $abc$37677$auto$blifparse.cc:557:parse_blif$40358.genblk1.genblk1.genblk1.genblk1.genblk1.genblk1.genblk1.genblk1.genblk1.lut1 (6 -> 0)
  Optimizing lut $abc$37677$auto$blifparse.cc:557:parse_blif$40256.genblk1.genblk1.genblk1.genblk1.genblk1.genblk1.genblk1.genblk1.genblk1.genblk1.lut1.genblk1.genblk1.genblk1.genblk1.genblk1.genblk1.genblk1.genblk1.genblk1.lut0 (6 -> 4)
  Optimizing lut $abc$37677$auto$blifparse.cc:557:parse_blif$40204.genblk1.genblk1.genblk1.genblk1.genblk1.genblk1.genblk1.genblk1.genblk1.genblk1.lut1.genblk1.genblk1.genblk1.genblk1.genblk1.genblk1.genblk1.genblk1.genblk1.lut0 (6 -> 0)
  Optimizing lut $abc$37677$auto$blifparse.cc:557:parse_blif$40181.genblk1.genblk1.genblk1.genblk1.genblk1.genblk1.genblk1.genblk1.genblk1.genblk1.lut1.genblk1.genblk1.genblk1.genblk1.genblk1.genblk1.genblk1.genblk1.genblk1.lut0 (6 -> 0)
  Optimizing lut $abc$37677$auto$blifparse.cc:557:parse_blif$40165.genblk1.genblk1.genblk1.genblk1.genblk1.genblk1.genblk1.genblk1.genblk1.genblk1.lut1.genblk1.genblk1.genblk1.genblk1.genblk1.genblk1.genblk1.genblk1.genblk1.lut0 (6 -> 0)
  Optimizing lut $abc$37677$auto$blifparse.cc:557:parse_blif$40180.genblk1.genblk1.genblk1.genblk1.genblk1.genblk1.genblk1.genblk1.genblk1.lut1 (6 -> 0)
  Optimizing lut $abc$37677$auto$blifparse.cc:557:parse_blif$40157.genblk1.genblk1.genblk1.genblk1.genblk1.genblk1.genblk1.genblk1.genblk1.genblk1.lut1.genblk1.genblk1.genblk1.genblk1.genblk1.genblk1.genblk1.genblk1.genblk1.lut0 (6 -> 0)
  Optimizing lut $abc$37677$auto$blifparse.cc:557:parse_blif$40140.genblk1.genblk1.genblk1.genblk1.genblk1.genblk1.genblk1.genblk1.genblk1.genblk1.lut1.genblk1.genblk1.genblk1.genblk1.genblk1.genblk1.genblk1.genblk1.genblk1.lut0 (6 -> 0)
  Optimizing lut $abc$37677$auto$blifparse.cc:557:parse_blif$40132.genblk1.genblk1.genblk1.genblk1.genblk1.genblk1.genblk1.genblk1.genblk1.genblk1.lut1.genblk1.genblk1.genblk1.genblk1.genblk1.genblk1.genblk1.genblk1.genblk1.lut0 (6 -> 0)
  Optimizing lut $abc$37677$auto$blifparse.cc:557:parse_blif$40085.genblk1.genblk1.genblk1.genblk1.genblk1.genblk1.genblk1.genblk1.genblk1.genblk1.lut1.genblk1.genblk1.genblk1.genblk1.genblk1.genblk1.genblk1.genblk1.genblk1.lut0 (6 -> 2)
  Optimizing lut $abc$37677$auto$blifparse.cc:557:parse_blif$40060.genblk1.genblk1.genblk1.genblk1.genblk1.genblk1.genblk1.genblk1.genblk1.genblk1.lut1.genblk1.genblk1.genblk1.genblk1.genblk1.genblk1.genblk1.genblk1.genblk1.lut0 (6 -> 5)
  Optimizing lut $abc$37677$auto$blifparse.cc:557:parse_blif$40147.genblk1.genblk1.genblk1.genblk1.genblk1.genblk1.genblk1.genblk1.genblk1.lut0 (6 -> 0)
  Optimizing lut $abc$37677$auto$blifparse.cc:557:parse_blif$40181.genblk1.genblk1.genblk1.genblk1.genblk1.genblk1.genblk1.genblk1.genblk1.genblk1.lut1.genblk1.genblk1.genblk1.genblk1.genblk1.genblk1.genblk1.genblk1.genblk1.lut1 (6 -> 0)
  Optimizing lut $abc$37677$auto$blifparse.cc:557:parse_blif$40199.genblk1.genblk1.genblk1.genblk1.genblk1.genblk1.genblk1.genblk1.genblk1.lut0 (6 -> 0)
  Optimizing lut $abc$37677$auto$blifparse.cc:557:parse_blif$40485.genblk1.genblk1.genblk1.genblk1.genblk1.genblk1.genblk1.genblk1.genblk1.lut0 (6 -> 1)
  Optimizing lut $abc$37677$auto$blifparse.cc:557:parse_blif$40494.genblk1.genblk1.genblk1.genblk1.genblk1.genblk1.genblk1.genblk1.genblk1.genblk1.lut1.genblk1.genblk1.genblk1.genblk1.genblk1.genblk1.genblk1.genblk1.genblk1.lut1 (6 -> 0)
  Optimizing lut $abc$37677$auto$blifparse.cc:557:parse_blif$40479.genblk1.genblk1.genblk1.genblk1.genblk1.genblk1.genblk1.genblk1.genblk1.lut0 (6 -> 0)
  Optimizing lut $abc$37677$auto$blifparse.cc:557:parse_blif$40744.genblk1.genblk1.genblk1.genblk1.genblk1.genblk1.genblk1.genblk1.genblk1.lut0 (6 -> 0)
  Optimizing lut $abc$37677$auto$blifparse.cc:557:parse_blif$41046.genblk1.genblk1.genblk1.genblk1.genblk1.genblk1.genblk1.genblk1.genblk1.genblk1.lut1.genblk1.genblk1.genblk1.genblk1.genblk1.genblk1.genblk1.genblk1.genblk1.lut1 (6 -> 1)
  Optimizing lut $abc$37677$auto$blifparse.cc:557:parse_blif$38086.genblk1.genblk1.genblk1.genblk1.genblk1.genblk1.genblk1.genblk1.genblk1.lut0 (6 -> 1)
  Optimizing lut $abc$37677$auto$blifparse.cc:557:parse_blif$38087.genblk1.genblk1.genblk1.genblk1.genblk1.genblk1.genblk1.genblk1.genblk1.lut0 (6 -> 1)
  Optimizing lut $abc$37677$auto$blifparse.cc:557:parse_blif$38077.genblk1.genblk1.genblk1.genblk1.genblk1.genblk1.genblk1.genblk1.genblk1.lut0 (6 -> 1)
  Optimizing lut $abc$37677$auto$blifparse.cc:557:parse_blif$38078.genblk1.genblk1.genblk1.genblk1.genblk1.genblk1.genblk1.genblk1.genblk1.lut0 (6 -> 1)
  Optimizing lut $abc$37677$auto$blifparse.cc:557:parse_blif$38050.genblk1.genblk1.genblk1.genblk1.genblk1.genblk1.genblk1.genblk1.genblk1.lut0 (6 -> 1)
  Optimizing lut $abc$37677$auto$blifparse.cc:557:parse_blif$38051.genblk1.genblk1.genblk1.genblk1.genblk1.genblk1.genblk1.genblk1.genblk1.lut0 (6 -> 1)
  Optimizing lut $abc$37677$auto$blifparse.cc:557:parse_blif$38081.genblk1.genblk1.genblk1.genblk1.genblk1.genblk1.genblk1.genblk1.genblk1.lut0 (6 -> 1)
  Optimizing lut $abc$37677$auto$blifparse.cc:557:parse_blif$38082.genblk1.genblk1.genblk1.genblk1.genblk1.genblk1.genblk1.genblk1.genblk1.lut0 (6 -> 1)
  Optimizing lut $abc$37677$auto$blifparse.cc:557:parse_blif$41279.genblk1.genblk1.genblk1.genblk1.genblk1.genblk1.genblk1.genblk1.genblk1.lut0 (6 -> 0)
  Optimizing lut $abc$37677$auto$blifparse.cc:557:parse_blif$38116.genblk1.genblk1.genblk1.genblk1.genblk1.genblk1.genblk1.genblk1.genblk1.lut0 (6 -> 1)
  Optimizing lut $abc$37677$auto$blifparse.cc:557:parse_blif$38117.genblk1.genblk1.genblk1.genblk1.genblk1.genblk1.genblk1.genblk1.genblk1.lut0 (6 -> 1)
  Optimizing lut $abc$37677$auto$blifparse.cc:557:parse_blif$38107.genblk1.genblk1.genblk1.genblk1.genblk1.genblk1.genblk1.genblk1.genblk1.lut0 (6 -> 1)
  Optimizing lut $abc$37677$auto$blifparse.cc:557:parse_blif$38092.genblk1.genblk1.genblk1.genblk1.genblk1.genblk1.genblk1.genblk1.genblk1.lut0 (6 -> 1)
  Optimizing lut $abc$37677$auto$blifparse.cc:557:parse_blif$38093.genblk1.genblk1.genblk1.genblk1.genblk1.genblk1.genblk1.genblk1.genblk1.lut0 (6 -> 1)
  Optimizing lut $abc$37677$auto$blifparse.cc:557:parse_blif$38102.genblk1.genblk1.genblk1.genblk1.genblk1.genblk1.genblk1.genblk1.genblk1.lut0 (6 -> 1)
  Optimizing lut $abc$37677$auto$blifparse.cc:557:parse_blif$38103.genblk1.genblk1.genblk1.genblk1.genblk1.genblk1.genblk1.genblk1.genblk1.lut0 (6 -> 1)
  Optimizing lut $abc$37677$auto$blifparse.cc:557:parse_blif$38104.genblk1.genblk1.genblk1.genblk1.genblk1.genblk1.genblk1.genblk1.genblk1.lut0 (6 -> 1)
  Optimizing lut $abc$37677$auto$blifparse.cc:557:parse_blif$40365.genblk1.genblk1.genblk1.genblk1.genblk1.genblk1.genblk1.genblk1.genblk1.genblk1.lut1.genblk1.genblk1.genblk1.genblk1.genblk1.genblk1.genblk1.genblk1.genblk1.lut1 (6 -> 0)
  Optimizing lut $abc$37677$auto$blifparse.cc:557:parse_blif$40168.genblk1.genblk1.genblk1.genblk1.genblk1.genblk1.genblk1.genblk1.genblk1.genblk1.lut1.genblk1.genblk1.genblk1.genblk1.genblk1.genblk1.genblk1.genblk1.genblk1.lut1 (6 -> 0)
  Optimizing lut $abc$37677$auto$blifparse.cc:557:parse_blif$41047.genblk1.genblk1.genblk1.genblk1.genblk1.genblk1.genblk1.genblk1.genblk1.lut0 (6 -> 0)
  Optimizing lut $abc$37677$auto$blifparse.cc:557:parse_blif$41034.genblk1.genblk1.genblk1.genblk1.genblk1.genblk1.genblk1.genblk1.genblk1.genblk1.lut1.genblk1.genblk1.genblk1.genblk1.genblk1.genblk1.genblk1.genblk1.genblk1.lut1 (6 -> 0)
  Optimizing lut $abc$37677$auto$blifparse.cc:557:parse_blif$40938.genblk1.genblk1.genblk1.genblk1.genblk1.genblk1.genblk1.genblk1.genblk1.genblk1.lut1.genblk1.genblk1.genblk1.genblk1.genblk1.genblk1.genblk1.genblk1.genblk1.lut1 (6 -> 0)
  Optimizing lut $abc$37677$auto$blifparse.cc:557:parse_blif$40939.genblk1.genblk1.genblk1.genblk1.genblk1.genblk1.genblk1.genblk1.genblk1.genblk1.lut1.genblk1.genblk1.genblk1.genblk1.genblk1.genblk1.genblk1.genblk1.genblk1.lut1 (6 -> 0)
  Optimizing lut $abc$37677$auto$blifparse.cc:557:parse_blif$40747.genblk1.genblk1.genblk1.genblk1.genblk1.genblk1.genblk1.genblk1.genblk1.lut0 (6 -> 0)
  Optimizing lut $abc$37677$auto$blifparse.cc:557:parse_blif$40734.genblk1.genblk1.genblk1.genblk1.genblk1.genblk1.genblk1.genblk1.genblk1.genblk1.lut1.genblk1.genblk1.genblk1.genblk1.genblk1.genblk1.genblk1.genblk1.genblk1.lut1 (6 -> 0)
  Optimizing lut $abc$37677$auto$blifparse.cc:557:parse_blif$40635.genblk1.genblk1.genblk1.genblk1.genblk1.genblk1.genblk1.genblk1.genblk1.lut0 (6 -> 0)
  Optimizing lut $abc$37677$auto$blifparse.cc:557:parse_blif$40620.genblk1.genblk1.genblk1.genblk1.genblk1.genblk1.genblk1.genblk1.genblk1.lut0 (6 -> 0)
  Optimizing lut $abc$37677$auto$blifparse.cc:557:parse_blif$40621.genblk1.genblk1.genblk1.genblk1.genblk1.genblk1.genblk1.genblk1.genblk1.genblk1.lut1.genblk1.genblk1.genblk1.genblk1.genblk1.genblk1.genblk1.genblk1.genblk1.lut1 (6 -> 0)
  Optimizing lut $abc$37677$auto$blifparse.cc:557:parse_blif$40417.genblk1.genblk1.genblk1.genblk1.genblk1.genblk1.genblk1.genblk1.genblk1.genblk1.lut1.genblk1.genblk1.genblk1.genblk1.genblk1.genblk1.genblk1.genblk1.genblk1.lut1 (6 -> 0)
  Optimizing lut $abc$37677$auto$blifparse.cc:557:parse_blif$40418.genblk1.genblk1.genblk1.genblk1.genblk1.genblk1.genblk1.genblk1.genblk1.genblk1.lut1.genblk1.genblk1.genblk1.genblk1.genblk1.genblk1.genblk1.genblk1.genblk1.lut1 (6 -> 0)
  Optimizing lut $abc$37677$auto$blifparse.cc:557:parse_blif$40308.genblk1.genblk1.genblk1.genblk1.genblk1.genblk1.genblk1.genblk1.genblk1.genblk1.lut1.genblk1.genblk1.genblk1.genblk1.genblk1.genblk1.genblk1.genblk1.genblk1.lut1 (6 -> 0)
  Optimizing lut $abc$37677$auto$blifparse.cc:557:parse_blif$40214.genblk1.genblk1.genblk1.genblk1.genblk1.genblk1.genblk1.genblk1.genblk1.genblk1.lut1.genblk1.genblk1.genblk1.genblk1.genblk1.genblk1.genblk1.genblk1.genblk1.lut1 (6 -> 0)
  Optimizing lut $abc$37677$auto$blifparse.cc:557:parse_blif$40143.genblk1.genblk1.genblk1.genblk1.genblk1.genblk1.genblk1.genblk1.genblk1.lut0 (6 -> 0)
  Optimizing lut $abc$37677$auto$blifparse.cc:557:parse_blif$40024.genblk1.genblk1.genblk1.genblk1.genblk1.genblk1.genblk1.genblk1.genblk1.genblk1.lut1.genblk1.genblk1.genblk1.genblk1.genblk1.genblk1.genblk1.genblk1.genblk1.lut1 (6 -> 0)
  Optimizing lut $abc$37677$auto$blifparse.cc:557:parse_blif$39924.genblk1.genblk1.genblk1.genblk1.genblk1.genblk1.genblk1.genblk1.genblk1.genblk1.lut1.genblk1.genblk1.genblk1.genblk1.genblk1.genblk1.genblk1.genblk1.genblk1.lut1 (6 -> 0)
  Optimizing lut $abc$37677$auto$blifparse.cc:557:parse_blif$39815.genblk1.genblk1.genblk1.genblk1.genblk1.genblk1.genblk1.genblk1.genblk1.genblk1.lut1.genblk1.genblk1.genblk1.genblk1.genblk1.genblk1.genblk1.genblk1.genblk1.lut1 (6 -> 0)
  Optimizing lut $abc$37677$auto$blifparse.cc:557:parse_blif$37708.genblk1.genblk1.genblk1.genblk1.genblk1.genblk1.genblk1.genblk1.genblk1.lut1 (6 -> 5)
  Optimizing lut $abc$37677$auto$blifparse.cc:557:parse_blif$37709.genblk1.genblk1.genblk1.genblk1.genblk1.genblk1.genblk1.genblk1.genblk1.lut1 (6 -> 5)
  Optimizing lut $abc$37677$auto$blifparse.cc:557:parse_blif$37710.genblk1.genblk1.genblk1.genblk1.genblk1.genblk1.genblk1.genblk1.genblk1.lut1 (6 -> 5)
  Optimizing lut $abc$37677$auto$blifparse.cc:557:parse_blif$37713.genblk1.genblk1.genblk1.genblk1.genblk1.genblk1.genblk1.genblk1.genblk1.lut1 (6 -> 5)
  Optimizing lut $abc$37677$auto$blifparse.cc:557:parse_blif$37714.genblk1.genblk1.genblk1.genblk1.genblk1.genblk1.genblk1.genblk1.genblk1.lut1 (6 -> 5)
  Optimizing lut $abc$37677$auto$blifparse.cc:557:parse_blif$37720.genblk1.genblk1.genblk1.genblk1.genblk1.genblk1.genblk1.genblk1.genblk1.lut1 (6 -> 5)
  Optimizing lut $abc$37677$auto$blifparse.cc:557:parse_blif$38104.genblk1.genblk1.genblk1.genblk1.genblk1.genblk1.genblk1.genblk1.genblk1.lut1 (6 -> 5)
  Optimizing lut $abc$37677$auto$blifparse.cc:557:parse_blif$37718.genblk1.genblk1.genblk1.genblk1.genblk1.genblk1.genblk1.genblk1.genblk1.lut1 (6 -> 5)
  Optimizing lut $abc$37677$auto$blifparse.cc:557:parse_blif$37712.genblk1.genblk1.genblk1.genblk1.genblk1.genblk1.genblk1.genblk1.genblk1.lut1 (6 -> 5)
  Optimizing lut $abc$37677$auto$blifparse.cc:557:parse_blif$37721.genblk1.genblk1.genblk1.genblk1.genblk1.genblk1.genblk1.genblk1.genblk1.lut1 (6 -> 5)
  Optimizing lut $abc$37677$auto$blifparse.cc:557:parse_blif$37722.genblk1.genblk1.genblk1.genblk1.genblk1.genblk1.genblk1.genblk1.genblk1.lut1 (6 -> 5)
  Optimizing lut $abc$37677$auto$blifparse.cc:557:parse_blif$37747.genblk1.genblk1.genblk1.genblk1.genblk1.genblk1.genblk1.genblk1.genblk1.lut1 (6 -> 5)
  Optimizing lut $abc$37677$auto$blifparse.cc:557:parse_blif$37726.genblk1.genblk1.genblk1.genblk1.genblk1.genblk1.genblk1.genblk1.genblk1.lut1 (6 -> 5)
  Optimizing lut $abc$37677$auto$blifparse.cc:557:parse_blif$37727.genblk1.genblk1.genblk1.genblk1.genblk1.genblk1.genblk1.genblk1.genblk1.lut1 (6 -> 5)
  Optimizing lut $abc$37677$auto$blifparse.cc:557:parse_blif$37728.genblk1.genblk1.genblk1.genblk1.genblk1.genblk1.genblk1.genblk1.genblk1.lut1 (6 -> 5)
  Optimizing lut $abc$37677$auto$blifparse.cc:557:parse_blif$37730.genblk1.genblk1.genblk1.genblk1.genblk1.genblk1.genblk1.genblk1.genblk1.lut1 (6 -> 5)
  Optimizing lut $abc$37677$auto$blifparse.cc:557:parse_blif$37731.genblk1.genblk1.genblk1.genblk1.genblk1.genblk1.genblk1.genblk1.genblk1.lut1 (6 -> 5)
  Optimizing lut $abc$37677$auto$blifparse.cc:557:parse_blif$37732.genblk1.genblk1.genblk1.genblk1.genblk1.genblk1.genblk1.genblk1.genblk1.lut1 (6 -> 5)
  Optimizing lut $abc$37677$auto$blifparse.cc:557:parse_blif$37735.genblk1.genblk1.genblk1.genblk1.genblk1.genblk1.genblk1.genblk1.genblk1.lut1 (6 -> 5)
  Optimizing lut $abc$37677$auto$blifparse.cc:557:parse_blif$37736.genblk1.genblk1.genblk1.genblk1.genblk1.genblk1.genblk1.genblk1.genblk1.lut1 (6 -> 5)
  Optimizing lut $abc$37677$auto$blifparse.cc:557:parse_blif$37737.genblk1.genblk1.genblk1.genblk1.genblk1.genblk1.genblk1.genblk1.genblk1.lut1 (6 -> 5)
  Optimizing lut $abc$37677$auto$blifparse.cc:557:parse_blif$37744.genblk1.genblk1.genblk1.genblk1.genblk1.genblk1.genblk1.genblk1.genblk1.lut1 (6 -> 5)
  Optimizing lut $abc$37677$auto$blifparse.cc:557:parse_blif$37745.genblk1.genblk1.genblk1.genblk1.genblk1.genblk1.genblk1.genblk1.genblk1.lut1 (6 -> 5)
  Optimizing lut $abc$37677$auto$blifparse.cc:557:parse_blif$37746.genblk1.genblk1.genblk1.genblk1.genblk1.genblk1.genblk1.genblk1.genblk1.lut1 (6 -> 5)
  Optimizing lut $abc$37677$auto$blifparse.cc:557:parse_blif$37748.genblk1.genblk1.genblk1.genblk1.genblk1.genblk1.genblk1.genblk1.genblk1.lut1 (6 -> 5)
  Optimizing lut $abc$37677$auto$blifparse.cc:557:parse_blif$37749.genblk1.genblk1.genblk1.genblk1.genblk1.genblk1.genblk1.genblk1.genblk1.lut1 (6 -> 5)
  Optimizing lut $abc$37677$auto$blifparse.cc:557:parse_blif$37750.genblk1.genblk1.genblk1.genblk1.genblk1.genblk1.genblk1.genblk1.genblk1.lut1 (6 -> 5)
  Optimizing lut $abc$37677$auto$blifparse.cc:557:parse_blif$37716.genblk1.genblk1.genblk1.genblk1.genblk1.genblk1.genblk1.genblk1.genblk1.lut1 (6 -> 5)
  Optimizing lut $abc$37677$auto$blifparse.cc:557:parse_blif$37758.genblk1.genblk1.genblk1.genblk1.genblk1.genblk1.genblk1.genblk1.genblk1.lut1 (6 -> 5)
  Optimizing lut $abc$37677$auto$blifparse.cc:557:parse_blif$37759.genblk1.genblk1.genblk1.genblk1.genblk1.genblk1.genblk1.genblk1.genblk1.lut1 (6 -> 5)
  Optimizing lut $abc$37677$auto$blifparse.cc:557:parse_blif$37760.genblk1.genblk1.genblk1.genblk1.genblk1.genblk1.genblk1.genblk1.genblk1.lut1 (6 -> 5)
  Optimizing lut $abc$37677$auto$blifparse.cc:557:parse_blif$37762.genblk1.genblk1.genblk1.genblk1.genblk1.genblk1.genblk1.genblk1.genblk1.lut1 (6 -> 5)
  Optimizing lut $abc$37677$auto$blifparse.cc:557:parse_blif$37763.genblk1.genblk1.genblk1.genblk1.genblk1.genblk1.genblk1.genblk1.genblk1.lut1 (6 -> 5)
  Optimizing lut $abc$37677$auto$blifparse.cc:557:parse_blif$37764.genblk1.genblk1.genblk1.genblk1.genblk1.genblk1.genblk1.genblk1.genblk1.lut1 (6 -> 5)
  Optimizing lut $abc$37677$auto$blifparse.cc:557:parse_blif$37767.genblk1.genblk1.genblk1.genblk1.genblk1.genblk1.genblk1.genblk1.genblk1.lut1 (6 -> 5)
  Optimizing lut $abc$37677$auto$blifparse.cc:557:parse_blif$37768.genblk1.genblk1.genblk1.genblk1.genblk1.genblk1.genblk1.genblk1.genblk1.lut1 (6 -> 5)
  Optimizing lut $abc$37677$auto$blifparse.cc:557:parse_blif$37769.genblk1.genblk1.genblk1.genblk1.genblk1.genblk1.genblk1.genblk1.genblk1.lut1 (6 -> 5)
  Optimizing lut $abc$37677$auto$blifparse.cc:557:parse_blif$37770.genblk1.genblk1.genblk1.genblk1.genblk1.genblk1.genblk1.genblk1.genblk1.lut1 (6 -> 5)
  Optimizing lut $abc$37677$auto$blifparse.cc:557:parse_blif$37773.genblk1.genblk1.genblk1.genblk1.genblk1.genblk1.genblk1.genblk1.genblk1.lut1 (6 -> 5)
  Optimizing lut $abc$37677$auto$blifparse.cc:557:parse_blif$37774.genblk1.genblk1.genblk1.genblk1.genblk1.genblk1.genblk1.genblk1.genblk1.lut1 (6 -> 5)
  Optimizing lut $abc$37677$auto$blifparse.cc:557:parse_blif$37775.genblk1.genblk1.genblk1.genblk1.genblk1.genblk1.genblk1.genblk1.genblk1.lut1 (6 -> 5)
  Optimizing lut $abc$37677$auto$blifparse.cc:557:parse_blif$37784.genblk1.genblk1.genblk1.genblk1.genblk1.genblk1.genblk1.genblk1.genblk1.lut1 (6 -> 5)
  Optimizing lut $abc$37677$auto$blifparse.cc:557:parse_blif$37785.genblk1.genblk1.genblk1.genblk1.genblk1.genblk1.genblk1.genblk1.genblk1.lut1 (6 -> 5)
  Optimizing lut $abc$37677$auto$blifparse.cc:557:parse_blif$37786.genblk1.genblk1.genblk1.genblk1.genblk1.genblk1.genblk1.genblk1.genblk1.lut1 (6 -> 5)
  Optimizing lut $abc$37677$auto$blifparse.cc:557:parse_blif$37788.genblk1.genblk1.genblk1.genblk1.genblk1.genblk1.genblk1.genblk1.genblk1.lut1 (6 -> 5)
  Optimizing lut $abc$37677$auto$blifparse.cc:557:parse_blif$37789.genblk1.genblk1.genblk1.genblk1.genblk1.genblk1.genblk1.genblk1.genblk1.lut1 (6 -> 5)
  Optimizing lut $abc$37677$auto$blifparse.cc:557:parse_blif$37790.genblk1.genblk1.genblk1.genblk1.genblk1.genblk1.genblk1.genblk1.genblk1.lut1 (6 -> 5)
  Optimizing lut $abc$37677$auto$blifparse.cc:557:parse_blif$37793.genblk1.genblk1.genblk1.genblk1.genblk1.genblk1.genblk1.genblk1.genblk1.lut1 (6 -> 5)
  Optimizing lut $abc$37677$auto$blifparse.cc:557:parse_blif$37794.genblk1.genblk1.genblk1.genblk1.genblk1.genblk1.genblk1.genblk1.genblk1.lut1 (6 -> 5)
  Optimizing lut $abc$37677$auto$blifparse.cc:557:parse_blif$37795.genblk1.genblk1.genblk1.genblk1.genblk1.genblk1.genblk1.genblk1.genblk1.lut1 (6 -> 5)
  Optimizing lut $abc$37677$auto$blifparse.cc:557:parse_blif$37802.genblk1.genblk1.genblk1.genblk1.genblk1.genblk1.genblk1.genblk1.genblk1.lut1 (6 -> 5)
  Optimizing lut $abc$37677$auto$blifparse.cc:557:parse_blif$37803.genblk1.genblk1.genblk1.genblk1.genblk1.genblk1.genblk1.genblk1.genblk1.lut1 (6 -> 5)
  Optimizing lut $abc$37677$auto$blifparse.cc:557:parse_blif$37804.genblk1.genblk1.genblk1.genblk1.genblk1.genblk1.genblk1.genblk1.genblk1.lut1 (6 -> 5)
  Optimizing lut $abc$37677$auto$blifparse.cc:557:parse_blif$37805.genblk1.genblk1.genblk1.genblk1.genblk1.genblk1.genblk1.genblk1.genblk1.lut1 (6 -> 5)
  Optimizing lut $abc$37677$auto$blifparse.cc:557:parse_blif$37811.genblk1.genblk1.genblk1.genblk1.genblk1.genblk1.genblk1.genblk1.genblk1.lut1 (6 -> 5)
  Optimizing lut $abc$37677$auto$blifparse.cc:557:parse_blif$37812.genblk1.genblk1.genblk1.genblk1.genblk1.genblk1.genblk1.genblk1.genblk1.lut1 (6 -> 5)
  Optimizing lut $abc$37677$auto$blifparse.cc:557:parse_blif$37813.genblk1.genblk1.genblk1.genblk1.genblk1.genblk1.genblk1.genblk1.genblk1.lut1 (6 -> 5)
  Optimizing lut $abc$37677$auto$blifparse.cc:557:parse_blif$37815.genblk1.genblk1.genblk1.genblk1.genblk1.genblk1.genblk1.genblk1.genblk1.lut1 (6 -> 5)
  Optimizing lut $abc$37677$auto$blifparse.cc:557:parse_blif$37816.genblk1.genblk1.genblk1.genblk1.genblk1.genblk1.genblk1.genblk1.genblk1.lut1 (6 -> 5)
  Optimizing lut $abc$37677$auto$blifparse.cc:557:parse_blif$37817.genblk1.genblk1.genblk1.genblk1.genblk1.genblk1.genblk1.genblk1.genblk1.lut1 (6 -> 5)
  Optimizing lut $abc$37677$auto$blifparse.cc:557:parse_blif$37820.genblk1.genblk1.genblk1.genblk1.genblk1.genblk1.genblk1.genblk1.genblk1.lut1 (6 -> 5)
  Optimizing lut $abc$37677$auto$blifparse.cc:557:parse_blif$37821.genblk1.genblk1.genblk1.genblk1.genblk1.genblk1.genblk1.genblk1.genblk1.lut1 (6 -> 5)
  Optimizing lut $abc$37677$auto$blifparse.cc:557:parse_blif$37822.genblk1.genblk1.genblk1.genblk1.genblk1.genblk1.genblk1.genblk1.genblk1.lut1 (6 -> 5)
  Optimizing lut $abc$37677$auto$blifparse.cc:557:parse_blif$37823.genblk1.genblk1.genblk1.genblk1.genblk1.genblk1.genblk1.genblk1.genblk1.lut1 (6 -> 5)
  Optimizing lut $abc$37677$auto$blifparse.cc:557:parse_blif$37826.genblk1.genblk1.genblk1.genblk1.genblk1.genblk1.genblk1.genblk1.genblk1.lut1 (6 -> 5)
  Optimizing lut $abc$37677$auto$blifparse.cc:557:parse_blif$37827.genblk1.genblk1.genblk1.genblk1.genblk1.genblk1.genblk1.genblk1.genblk1.lut1 (6 -> 5)
  Optimizing lut $abc$37677$auto$blifparse.cc:557:parse_blif$37828.genblk1.genblk1.genblk1.genblk1.genblk1.genblk1.genblk1.genblk1.genblk1.lut1 (6 -> 5)
  Optimizing lut $abc$37677$auto$blifparse.cc:557:parse_blif$37837.genblk1.genblk1.genblk1.genblk1.genblk1.genblk1.genblk1.genblk1.genblk1.lut1 (6 -> 5)
  Optimizing lut $abc$37677$auto$blifparse.cc:557:parse_blif$37838.genblk1.genblk1.genblk1.genblk1.genblk1.genblk1.genblk1.genblk1.genblk1.lut1 (6 -> 5)
  Optimizing lut $abc$37677$auto$blifparse.cc:557:parse_blif$37839.genblk1.genblk1.genblk1.genblk1.genblk1.genblk1.genblk1.genblk1.genblk1.lut1 (6 -> 5)
  Optimizing lut $abc$37677$auto$blifparse.cc:557:parse_blif$37841.genblk1.genblk1.genblk1.genblk1.genblk1.genblk1.genblk1.genblk1.genblk1.lut1 (6 -> 5)
  Optimizing lut $abc$37677$auto$blifparse.cc:557:parse_blif$37842.genblk1.genblk1.genblk1.genblk1.genblk1.genblk1.genblk1.genblk1.genblk1.lut1 (6 -> 5)
  Optimizing lut $abc$37677$auto$blifparse.cc:557:parse_blif$37843.genblk1.genblk1.genblk1.genblk1.genblk1.genblk1.genblk1.genblk1.genblk1.lut1 (6 -> 5)
  Optimizing lut $abc$37677$auto$blifparse.cc:557:parse_blif$37846.genblk1.genblk1.genblk1.genblk1.genblk1.genblk1.genblk1.genblk1.genblk1.lut1 (6 -> 5)
  Optimizing lut $abc$37677$auto$blifparse.cc:557:parse_blif$37847.genblk1.genblk1.genblk1.genblk1.genblk1.genblk1.genblk1.genblk1.genblk1.lut1 (6 -> 5)
  Optimizing lut $abc$37677$auto$blifparse.cc:557:parse_blif$37848.genblk1.genblk1.genblk1.genblk1.genblk1.genblk1.genblk1.genblk1.genblk1.lut1 (6 -> 5)
  Optimizing lut $abc$37677$auto$blifparse.cc:557:parse_blif$37855.genblk1.genblk1.genblk1.genblk1.genblk1.genblk1.genblk1.genblk1.genblk1.lut1 (6 -> 5)
  Optimizing lut $abc$37677$auto$blifparse.cc:557:parse_blif$37856.genblk1.genblk1.genblk1.genblk1.genblk1.genblk1.genblk1.genblk1.genblk1.lut1 (6 -> 5)
  Optimizing lut $abc$37677$auto$blifparse.cc:557:parse_blif$37857.genblk1.genblk1.genblk1.genblk1.genblk1.genblk1.genblk1.genblk1.genblk1.lut1 (6 -> 5)
  Optimizing lut $abc$37677$auto$blifparse.cc:557:parse_blif$37858.genblk1.genblk1.genblk1.genblk1.genblk1.genblk1.genblk1.genblk1.genblk1.lut1 (6 -> 5)
  Optimizing lut $abc$37677$auto$blifparse.cc:557:parse_blif$37864.genblk1.genblk1.genblk1.genblk1.genblk1.genblk1.genblk1.genblk1.genblk1.lut1 (6 -> 5)
  Optimizing lut $abc$37677$auto$blifparse.cc:557:parse_blif$37865.genblk1.genblk1.genblk1.genblk1.genblk1.genblk1.genblk1.genblk1.genblk1.lut1 (6 -> 5)
  Optimizing lut $abc$37677$auto$blifparse.cc:557:parse_blif$37866.genblk1.genblk1.genblk1.genblk1.genblk1.genblk1.genblk1.genblk1.genblk1.lut1 (6 -> 5)
  Optimizing lut $abc$37677$auto$blifparse.cc:557:parse_blif$37868.genblk1.genblk1.genblk1.genblk1.genblk1.genblk1.genblk1.genblk1.genblk1.lut1 (6 -> 5)
  Optimizing lut $abc$37677$auto$blifparse.cc:557:parse_blif$37869.genblk1.genblk1.genblk1.genblk1.genblk1.genblk1.genblk1.genblk1.genblk1.lut1 (6 -> 5)
  Optimizing lut $abc$37677$auto$blifparse.cc:557:parse_blif$37870.genblk1.genblk1.genblk1.genblk1.genblk1.genblk1.genblk1.genblk1.genblk1.lut1 (6 -> 5)
  Optimizing lut $abc$37677$auto$blifparse.cc:557:parse_blif$37873.genblk1.genblk1.genblk1.genblk1.genblk1.genblk1.genblk1.genblk1.genblk1.lut1 (6 -> 5)
  Optimizing lut $abc$37677$auto$blifparse.cc:557:parse_blif$37874.genblk1.genblk1.genblk1.genblk1.genblk1.genblk1.genblk1.genblk1.genblk1.lut1 (6 -> 5)
  Optimizing lut $abc$37677$auto$blifparse.cc:557:parse_blif$37875.genblk1.genblk1.genblk1.genblk1.genblk1.genblk1.genblk1.genblk1.genblk1.lut1 (6 -> 5)
  Optimizing lut $abc$37677$auto$blifparse.cc:557:parse_blif$37876.genblk1.genblk1.genblk1.genblk1.genblk1.genblk1.genblk1.genblk1.genblk1.lut1 (6 -> 5)
  Optimizing lut $abc$37677$auto$blifparse.cc:557:parse_blif$37879.genblk1.genblk1.genblk1.genblk1.genblk1.genblk1.genblk1.genblk1.genblk1.lut1 (6 -> 5)
  Optimizing lut $abc$37677$auto$blifparse.cc:557:parse_blif$37880.genblk1.genblk1.genblk1.genblk1.genblk1.genblk1.genblk1.genblk1.genblk1.lut1 (6 -> 5)
  Optimizing lut $abc$37677$auto$blifparse.cc:557:parse_blif$37881.genblk1.genblk1.genblk1.genblk1.genblk1.genblk1.genblk1.genblk1.genblk1.lut1 (6 -> 5)
  Optimizing lut $abc$37677$auto$blifparse.cc:557:parse_blif$37890.genblk1.genblk1.genblk1.genblk1.genblk1.genblk1.genblk1.genblk1.genblk1.lut1 (6 -> 5)
  Optimizing lut $abc$37677$auto$blifparse.cc:557:parse_blif$37891.genblk1.genblk1.genblk1.genblk1.genblk1.genblk1.genblk1.genblk1.genblk1.lut1 (6 -> 5)
  Optimizing lut $abc$37677$auto$blifparse.cc:557:parse_blif$37892.genblk1.genblk1.genblk1.genblk1.genblk1.genblk1.genblk1.genblk1.genblk1.lut1 (6 -> 5)
  Optimizing lut $abc$37677$auto$blifparse.cc:557:parse_blif$37894.genblk1.genblk1.genblk1.genblk1.genblk1.genblk1.genblk1.genblk1.genblk1.lut1 (6 -> 5)
  Optimizing lut $abc$37677$auto$blifparse.cc:557:parse_blif$37895.genblk1.genblk1.genblk1.genblk1.genblk1.genblk1.genblk1.genblk1.genblk1.lut1 (6 -> 5)
  Optimizing lut $abc$37677$auto$blifparse.cc:557:parse_blif$37896.genblk1.genblk1.genblk1.genblk1.genblk1.genblk1.genblk1.genblk1.genblk1.lut1 (6 -> 5)
  Optimizing lut $abc$37677$auto$blifparse.cc:557:parse_blif$37899.genblk1.genblk1.genblk1.genblk1.genblk1.genblk1.genblk1.genblk1.genblk1.lut1 (6 -> 5)
  Optimizing lut $abc$37677$auto$blifparse.cc:557:parse_blif$37900.genblk1.genblk1.genblk1.genblk1.genblk1.genblk1.genblk1.genblk1.genblk1.lut1 (6 -> 5)
  Optimizing lut $abc$37677$auto$blifparse.cc:557:parse_blif$37901.genblk1.genblk1.genblk1.genblk1.genblk1.genblk1.genblk1.genblk1.genblk1.lut1 (6 -> 5)
  Optimizing lut $abc$37677$auto$blifparse.cc:557:parse_blif$37908.genblk1.genblk1.genblk1.genblk1.genblk1.genblk1.genblk1.genblk1.genblk1.lut1 (6 -> 5)
  Optimizing lut $abc$37677$auto$blifparse.cc:557:parse_blif$37909.genblk1.genblk1.genblk1.genblk1.genblk1.genblk1.genblk1.genblk1.genblk1.lut1 (6 -> 5)
  Optimizing lut $abc$37677$auto$blifparse.cc:557:parse_blif$37910.genblk1.genblk1.genblk1.genblk1.genblk1.genblk1.genblk1.genblk1.genblk1.lut1 (6 -> 5)
  Optimizing lut $abc$37677$auto$blifparse.cc:557:parse_blif$37911.genblk1.genblk1.genblk1.genblk1.genblk1.genblk1.genblk1.genblk1.genblk1.lut1 (6 -> 5)
  Optimizing lut $abc$37677$auto$blifparse.cc:557:parse_blif$37917.genblk1.genblk1.genblk1.genblk1.genblk1.genblk1.genblk1.genblk1.genblk1.lut1 (6 -> 5)
  Optimizing lut $abc$37677$auto$blifparse.cc:557:parse_blif$37918.genblk1.genblk1.genblk1.genblk1.genblk1.genblk1.genblk1.genblk1.genblk1.lut1 (6 -> 5)
  Optimizing lut $abc$37677$auto$blifparse.cc:557:parse_blif$37919.genblk1.genblk1.genblk1.genblk1.genblk1.genblk1.genblk1.genblk1.genblk1.lut1 (6 -> 5)
  Optimizing lut $abc$37677$auto$blifparse.cc:557:parse_blif$37921.genblk1.genblk1.genblk1.genblk1.genblk1.genblk1.genblk1.genblk1.genblk1.lut1 (6 -> 5)
  Optimizing lut $abc$37677$auto$blifparse.cc:557:parse_blif$37922.genblk1.genblk1.genblk1.genblk1.genblk1.genblk1.genblk1.genblk1.genblk1.lut1 (6 -> 5)
  Optimizing lut $abc$37677$auto$blifparse.cc:557:parse_blif$37923.genblk1.genblk1.genblk1.genblk1.genblk1.genblk1.genblk1.genblk1.genblk1.lut1 (6 -> 5)
  Optimizing lut $abc$37677$auto$blifparse.cc:557:parse_blif$37926.genblk1.genblk1.genblk1.genblk1.genblk1.genblk1.genblk1.genblk1.genblk1.lut1 (6 -> 5)
  Optimizing lut $abc$37677$auto$blifparse.cc:557:parse_blif$37927.genblk1.genblk1.genblk1.genblk1.genblk1.genblk1.genblk1.genblk1.genblk1.lut1 (6 -> 5)
  Optimizing lut $abc$37677$auto$blifparse.cc:557:parse_blif$37928.genblk1.genblk1.genblk1.genblk1.genblk1.genblk1.genblk1.genblk1.genblk1.lut1 (6 -> 5)
  Optimizing lut $abc$37677$auto$blifparse.cc:557:parse_blif$37929.genblk1.genblk1.genblk1.genblk1.genblk1.genblk1.genblk1.genblk1.genblk1.lut1 (6 -> 5)
  Optimizing lut $abc$37677$auto$blifparse.cc:557:parse_blif$37932.genblk1.genblk1.genblk1.genblk1.genblk1.genblk1.genblk1.genblk1.genblk1.lut1 (6 -> 5)
  Optimizing lut $abc$37677$auto$blifparse.cc:557:parse_blif$37933.genblk1.genblk1.genblk1.genblk1.genblk1.genblk1.genblk1.genblk1.genblk1.lut1 (6 -> 5)
  Optimizing lut $abc$37677$auto$blifparse.cc:557:parse_blif$37934.genblk1.genblk1.genblk1.genblk1.genblk1.genblk1.genblk1.genblk1.genblk1.lut1 (6 -> 5)
  Optimizing lut $abc$37677$auto$blifparse.cc:557:parse_blif$37943.genblk1.genblk1.genblk1.genblk1.genblk1.genblk1.genblk1.genblk1.genblk1.lut1 (6 -> 5)
  Optimizing lut $abc$37677$auto$blifparse.cc:557:parse_blif$37944.genblk1.genblk1.genblk1.genblk1.genblk1.genblk1.genblk1.genblk1.genblk1.lut1 (6 -> 5)
  Optimizing lut $abc$37677$auto$blifparse.cc:557:parse_blif$37945.genblk1.genblk1.genblk1.genblk1.genblk1.genblk1.genblk1.genblk1.genblk1.lut1 (6 -> 5)
  Optimizing lut $abc$37677$auto$blifparse.cc:557:parse_blif$37947.genblk1.genblk1.genblk1.genblk1.genblk1.genblk1.genblk1.genblk1.genblk1.lut1 (6 -> 5)
  Optimizing lut $abc$37677$auto$blifparse.cc:557:parse_blif$37948.genblk1.genblk1.genblk1.genblk1.genblk1.genblk1.genblk1.genblk1.genblk1.lut1 (6 -> 5)
  Optimizing lut $abc$37677$auto$blifparse.cc:557:parse_blif$37949.genblk1.genblk1.genblk1.genblk1.genblk1.genblk1.genblk1.genblk1.genblk1.lut1 (6 -> 5)
  Optimizing lut $abc$37677$auto$blifparse.cc:557:parse_blif$37952.genblk1.genblk1.genblk1.genblk1.genblk1.genblk1.genblk1.genblk1.genblk1.lut1 (6 -> 5)
  Optimizing lut $abc$37677$auto$blifparse.cc:557:parse_blif$37953.genblk1.genblk1.genblk1.genblk1.genblk1.genblk1.genblk1.genblk1.genblk1.lut1 (6 -> 5)
  Optimizing lut $abc$37677$auto$blifparse.cc:557:parse_blif$37954.genblk1.genblk1.genblk1.genblk1.genblk1.genblk1.genblk1.genblk1.genblk1.lut1 (6 -> 5)
  Optimizing lut $abc$37677$auto$blifparse.cc:557:parse_blif$37961.genblk1.genblk1.genblk1.genblk1.genblk1.genblk1.genblk1.genblk1.genblk1.lut1 (6 -> 5)
  Optimizing lut $abc$37677$auto$blifparse.cc:557:parse_blif$37962.genblk1.genblk1.genblk1.genblk1.genblk1.genblk1.genblk1.genblk1.genblk1.lut1 (6 -> 5)
  Optimizing lut $abc$37677$auto$blifparse.cc:557:parse_blif$37963.genblk1.genblk1.genblk1.genblk1.genblk1.genblk1.genblk1.genblk1.genblk1.lut1 (6 -> 5)
  Optimizing lut $abc$37677$auto$blifparse.cc:557:parse_blif$37964.genblk1.genblk1.genblk1.genblk1.genblk1.genblk1.genblk1.genblk1.genblk1.lut1 (6 -> 5)
  Optimizing lut $abc$37677$auto$blifparse.cc:557:parse_blif$37970.genblk1.genblk1.genblk1.genblk1.genblk1.genblk1.genblk1.genblk1.genblk1.lut1 (6 -> 5)
  Optimizing lut $abc$37677$auto$blifparse.cc:557:parse_blif$37971.genblk1.genblk1.genblk1.genblk1.genblk1.genblk1.genblk1.genblk1.genblk1.lut1 (6 -> 5)
  Optimizing lut $abc$37677$auto$blifparse.cc:557:parse_blif$37972.genblk1.genblk1.genblk1.genblk1.genblk1.genblk1.genblk1.genblk1.genblk1.lut1 (6 -> 5)
  Optimizing lut $abc$37677$auto$blifparse.cc:557:parse_blif$37974.genblk1.genblk1.genblk1.genblk1.genblk1.genblk1.genblk1.genblk1.genblk1.lut1 (6 -> 5)
  Optimizing lut $abc$37677$auto$blifparse.cc:557:parse_blif$37975.genblk1.genblk1.genblk1.genblk1.genblk1.genblk1.genblk1.genblk1.genblk1.lut1 (6 -> 5)
  Optimizing lut $abc$37677$auto$blifparse.cc:557:parse_blif$37976.genblk1.genblk1.genblk1.genblk1.genblk1.genblk1.genblk1.genblk1.genblk1.lut1 (6 -> 5)
  Optimizing lut $abc$37677$auto$blifparse.cc:557:parse_blif$37979.genblk1.genblk1.genblk1.genblk1.genblk1.genblk1.genblk1.genblk1.genblk1.lut1 (6 -> 5)
  Optimizing lut $abc$37677$auto$blifparse.cc:557:parse_blif$37980.genblk1.genblk1.genblk1.genblk1.genblk1.genblk1.genblk1.genblk1.genblk1.lut1 (6 -> 5)
  Optimizing lut $abc$37677$auto$blifparse.cc:557:parse_blif$37981.genblk1.genblk1.genblk1.genblk1.genblk1.genblk1.genblk1.genblk1.genblk1.lut1 (6 -> 5)
  Optimizing lut $abc$37677$auto$blifparse.cc:557:parse_blif$37982.genblk1.genblk1.genblk1.genblk1.genblk1.genblk1.genblk1.genblk1.genblk1.lut1 (6 -> 5)
  Optimizing lut $abc$37677$auto$blifparse.cc:557:parse_blif$37985.genblk1.genblk1.genblk1.genblk1.genblk1.genblk1.genblk1.genblk1.genblk1.lut1 (6 -> 5)
  Optimizing lut $abc$37677$auto$blifparse.cc:557:parse_blif$37986.genblk1.genblk1.genblk1.genblk1.genblk1.genblk1.genblk1.genblk1.genblk1.lut1 (6 -> 5)
  Optimizing lut $abc$37677$auto$blifparse.cc:557:parse_blif$37987.genblk1.genblk1.genblk1.genblk1.genblk1.genblk1.genblk1.genblk1.genblk1.lut1 (6 -> 5)
  Optimizing lut $abc$37677$auto$blifparse.cc:557:parse_blif$37996.genblk1.genblk1.genblk1.genblk1.genblk1.genblk1.genblk1.genblk1.genblk1.lut1 (6 -> 5)
  Optimizing lut $abc$37677$auto$blifparse.cc:557:parse_blif$37997.genblk1.genblk1.genblk1.genblk1.genblk1.genblk1.genblk1.genblk1.genblk1.lut1 (6 -> 5)
  Optimizing lut $abc$37677$auto$blifparse.cc:557:parse_blif$37998.genblk1.genblk1.genblk1.genblk1.genblk1.genblk1.genblk1.genblk1.genblk1.lut1 (6 -> 5)
  Optimizing lut $abc$37677$auto$blifparse.cc:557:parse_blif$38000.genblk1.genblk1.genblk1.genblk1.genblk1.genblk1.genblk1.genblk1.genblk1.lut1 (6 -> 5)
  Optimizing lut $abc$37677$auto$blifparse.cc:557:parse_blif$38001.genblk1.genblk1.genblk1.genblk1.genblk1.genblk1.genblk1.genblk1.genblk1.lut1 (6 -> 5)
  Optimizing lut $abc$37677$auto$blifparse.cc:557:parse_blif$38002.genblk1.genblk1.genblk1.genblk1.genblk1.genblk1.genblk1.genblk1.genblk1.lut1 (6 -> 5)
  Optimizing lut $abc$37677$auto$blifparse.cc:557:parse_blif$38005.genblk1.genblk1.genblk1.genblk1.genblk1.genblk1.genblk1.genblk1.genblk1.lut1 (6 -> 5)
  Optimizing lut $abc$37677$auto$blifparse.cc:557:parse_blif$38006.genblk1.genblk1.genblk1.genblk1.genblk1.genblk1.genblk1.genblk1.genblk1.lut1 (6 -> 5)
  Optimizing lut $abc$37677$auto$blifparse.cc:557:parse_blif$38007.genblk1.genblk1.genblk1.genblk1.genblk1.genblk1.genblk1.genblk1.genblk1.lut1 (6 -> 5)
  Optimizing lut $abc$37677$auto$blifparse.cc:557:parse_blif$38014.genblk1.genblk1.genblk1.genblk1.genblk1.genblk1.genblk1.genblk1.genblk1.lut1 (6 -> 5)
  Optimizing lut $abc$37677$auto$blifparse.cc:557:parse_blif$38015.genblk1.genblk1.genblk1.genblk1.genblk1.genblk1.genblk1.genblk1.genblk1.lut1 (6 -> 5)
  Optimizing lut $abc$37677$auto$blifparse.cc:557:parse_blif$38016.genblk1.genblk1.genblk1.genblk1.genblk1.genblk1.genblk1.genblk1.genblk1.lut1 (6 -> 5)
  Optimizing lut $abc$37677$auto$blifparse.cc:557:parse_blif$38017.genblk1.genblk1.genblk1.genblk1.genblk1.genblk1.genblk1.genblk1.genblk1.lut1 (6 -> 5)
  Optimizing lut $abc$37677$auto$blifparse.cc:557:parse_blif$38023.genblk1.genblk1.genblk1.genblk1.genblk1.genblk1.genblk1.genblk1.genblk1.lut1 (6 -> 5)
  Optimizing lut $abc$37677$auto$blifparse.cc:557:parse_blif$38024.genblk1.genblk1.genblk1.genblk1.genblk1.genblk1.genblk1.genblk1.genblk1.lut1 (6 -> 5)
  Optimizing lut $abc$37677$auto$blifparse.cc:557:parse_blif$38025.genblk1.genblk1.genblk1.genblk1.genblk1.genblk1.genblk1.genblk1.genblk1.lut1 (6 -> 5)
  Optimizing lut $abc$37677$auto$blifparse.cc:557:parse_blif$38027.genblk1.genblk1.genblk1.genblk1.genblk1.genblk1.genblk1.genblk1.genblk1.lut1 (6 -> 5)
  Optimizing lut $abc$37677$auto$blifparse.cc:557:parse_blif$38028.genblk1.genblk1.genblk1.genblk1.genblk1.genblk1.genblk1.genblk1.genblk1.lut1 (6 -> 5)
  Optimizing lut $abc$37677$auto$blifparse.cc:557:parse_blif$38029.genblk1.genblk1.genblk1.genblk1.genblk1.genblk1.genblk1.genblk1.genblk1.lut1 (6 -> 5)
  Optimizing lut $abc$37677$auto$blifparse.cc:557:parse_blif$38032.genblk1.genblk1.genblk1.genblk1.genblk1.genblk1.genblk1.genblk1.genblk1.lut1 (6 -> 5)
  Optimizing lut $abc$37677$auto$blifparse.cc:557:parse_blif$38033.genblk1.genblk1.genblk1.genblk1.genblk1.genblk1.genblk1.genblk1.genblk1.lut1 (6 -> 5)
  Optimizing lut $abc$37677$auto$blifparse.cc:557:parse_blif$38034.genblk1.genblk1.genblk1.genblk1.genblk1.genblk1.genblk1.genblk1.genblk1.lut1 (6 -> 5)
  Optimizing lut $abc$37677$auto$blifparse.cc:557:parse_blif$38035.genblk1.genblk1.genblk1.genblk1.genblk1.genblk1.genblk1.genblk1.genblk1.lut1 (6 -> 5)
  Optimizing lut $abc$37677$auto$blifparse.cc:557:parse_blif$38038.genblk1.genblk1.genblk1.genblk1.genblk1.genblk1.genblk1.genblk1.genblk1.lut1 (6 -> 5)
  Optimizing lut $abc$37677$auto$blifparse.cc:557:parse_blif$38039.genblk1.genblk1.genblk1.genblk1.genblk1.genblk1.genblk1.genblk1.genblk1.lut1 (6 -> 5)
  Optimizing lut $abc$37677$auto$blifparse.cc:557:parse_blif$38040.genblk1.genblk1.genblk1.genblk1.genblk1.genblk1.genblk1.genblk1.genblk1.lut1 (6 -> 5)
  Optimizing lut $abc$37677$auto$blifparse.cc:557:parse_blif$38078.genblk1.genblk1.genblk1.genblk1.genblk1.genblk1.genblk1.genblk1.genblk1.lut1 (6 -> 5)
  Optimizing lut $abc$37677$auto$blifparse.cc:557:parse_blif$38049.genblk1.genblk1.genblk1.genblk1.genblk1.genblk1.genblk1.genblk1.genblk1.lut1 (6 -> 5)
  Optimizing lut $abc$37677$auto$blifparse.cc:557:parse_blif$38050.genblk1.genblk1.genblk1.genblk1.genblk1.genblk1.genblk1.genblk1.genblk1.lut1 (6 -> 5)
  Optimizing lut $abc$37677$auto$blifparse.cc:557:parse_blif$38053.genblk1.genblk1.genblk1.genblk1.genblk1.genblk1.genblk1.genblk1.genblk1.lut1 (6 -> 5)
  Optimizing lut $abc$37677$auto$blifparse.cc:557:parse_blif$38054.genblk1.genblk1.genblk1.genblk1.genblk1.genblk1.genblk1.genblk1.genblk1.lut1 (6 -> 5)
  Optimizing lut $abc$37677$auto$blifparse.cc:557:parse_blif$38055.genblk1.genblk1.genblk1.genblk1.genblk1.genblk1.genblk1.genblk1.genblk1.lut1 (6 -> 5)
  Optimizing lut $abc$37677$auto$blifparse.cc:557:parse_blif$38058.genblk1.genblk1.genblk1.genblk1.genblk1.genblk1.genblk1.genblk1.genblk1.lut1 (6 -> 5)
  Optimizing lut $abc$37677$auto$blifparse.cc:557:parse_blif$38059.genblk1.genblk1.genblk1.genblk1.genblk1.genblk1.genblk1.genblk1.genblk1.lut1 (6 -> 5)
  Optimizing lut $abc$37677$auto$blifparse.cc:557:parse_blif$38060.genblk1.genblk1.genblk1.genblk1.genblk1.genblk1.genblk1.genblk1.genblk1.lut1 (6 -> 5)
  Optimizing lut $abc$37677$auto$blifparse.cc:557:parse_blif$38067.genblk1.genblk1.genblk1.genblk1.genblk1.genblk1.genblk1.genblk1.genblk1.lut1 (6 -> 5)
  Optimizing lut $abc$37677$auto$blifparse.cc:557:parse_blif$38068.genblk1.genblk1.genblk1.genblk1.genblk1.genblk1.genblk1.genblk1.genblk1.lut1 (6 -> 5)
  Optimizing lut $abc$37677$auto$blifparse.cc:557:parse_blif$38069.genblk1.genblk1.genblk1.genblk1.genblk1.genblk1.genblk1.genblk1.genblk1.lut1 (6 -> 5)
  Optimizing lut $abc$37677$auto$blifparse.cc:557:parse_blif$38070.genblk1.genblk1.genblk1.genblk1.genblk1.genblk1.genblk1.genblk1.genblk1.lut1 (6 -> 5)
  Optimizing lut $abc$37677$auto$blifparse.cc:557:parse_blif$38087.genblk1.genblk1.genblk1.genblk1.genblk1.genblk1.genblk1.genblk1.genblk1.lut1 (6 -> 5)
  Optimizing lut $abc$37677$auto$blifparse.cc:557:parse_blif$38076.genblk1.genblk1.genblk1.genblk1.genblk1.genblk1.genblk1.genblk1.genblk1.lut1 (6 -> 5)
  Optimizing lut $abc$37677$auto$blifparse.cc:557:parse_blif$38077.genblk1.genblk1.genblk1.genblk1.genblk1.genblk1.genblk1.genblk1.genblk1.lut1 (6 -> 5)
  Optimizing lut $abc$37677$auto$blifparse.cc:557:parse_blif$38051.genblk1.genblk1.genblk1.genblk1.genblk1.genblk1.genblk1.genblk1.genblk1.lut1 (6 -> 5)
  Optimizing lut $abc$37677$auto$blifparse.cc:557:parse_blif$38080.genblk1.genblk1.genblk1.genblk1.genblk1.genblk1.genblk1.genblk1.genblk1.lut1 (6 -> 5)
  Optimizing lut $abc$37677$auto$blifparse.cc:557:parse_blif$38081.genblk1.genblk1.genblk1.genblk1.genblk1.genblk1.genblk1.genblk1.genblk1.lut1 (6 -> 5)
  Optimizing lut $abc$37677$auto$blifparse.cc:557:parse_blif$38118.genblk1.genblk1.genblk1.genblk1.genblk1.genblk1.genblk1.genblk1.genblk1.lut1 (6 -> 5)
  Optimizing lut $abc$37677$auto$blifparse.cc:557:parse_blif$38085.genblk1.genblk1.genblk1.genblk1.genblk1.genblk1.genblk1.genblk1.genblk1.lut1 (6 -> 5)
  Optimizing lut $abc$37677$auto$blifparse.cc:557:parse_blif$38086.genblk1.genblk1.genblk1.genblk1.genblk1.genblk1.genblk1.genblk1.genblk1.lut1 (6 -> 5)
  Optimizing lut $abc$37677$auto$blifparse.cc:557:parse_blif$38088.genblk1.genblk1.genblk1.genblk1.genblk1.genblk1.genblk1.genblk1.genblk1.lut1 (6 -> 5)
  Optimizing lut $abc$37677$auto$blifparse.cc:557:parse_blif$38107.genblk1.genblk1.genblk1.genblk1.genblk1.genblk1.genblk1.genblk1.genblk1.lut1 (6 -> 5)
  Optimizing lut $abc$37677$auto$blifparse.cc:557:parse_blif$38091.genblk1.genblk1.genblk1.genblk1.genblk1.genblk1.genblk1.genblk1.genblk1.lut1 (6 -> 5)
  Optimizing lut $abc$37677$auto$blifparse.cc:557:parse_blif$38092.genblk1.genblk1.genblk1.genblk1.genblk1.genblk1.genblk1.genblk1.genblk1.lut1 (6 -> 5)
  Optimizing lut $abc$37677$auto$blifparse.cc:557:parse_blif$38076.genblk1.genblk1.genblk1.genblk1.genblk1.genblk1.genblk1.genblk1.genblk1.lut0 (6 -> 1)
  Optimizing lut $abc$37677$auto$blifparse.cc:557:parse_blif$38049.genblk1.genblk1.genblk1.genblk1.genblk1.genblk1.genblk1.genblk1.genblk1.lut0 (6 -> 1)
  Optimizing lut $abc$37677$auto$blifparse.cc:557:parse_blif$38093.genblk1.genblk1.genblk1.genblk1.genblk1.genblk1.genblk1.genblk1.genblk1.lut1 (6 -> 5)
  Optimizing lut $abc$37677$auto$blifparse.cc:557:parse_blif$38102.genblk1.genblk1.genblk1.genblk1.genblk1.genblk1.genblk1.genblk1.genblk1.lut1 (6 -> 5)
  Optimizing lut $abc$37677$auto$blifparse.cc:557:parse_blif$38103.genblk1.genblk1.genblk1.genblk1.genblk1.genblk1.genblk1.genblk1.genblk1.lut1 (6 -> 5)
  Optimizing lut $abc$37677$auto$blifparse.cc:557:parse_blif$38117.genblk1.genblk1.genblk1.genblk1.genblk1.genblk1.genblk1.genblk1.genblk1.lut1 (6 -> 5)
  Optimizing lut $abc$37677$auto$blifparse.cc:557:parse_blif$38106.genblk1.genblk1.genblk1.genblk1.genblk1.genblk1.genblk1.genblk1.genblk1.lut1 (6 -> 5)
  Optimizing lut $abc$37677$auto$blifparse.cc:557:parse_blif$38080.genblk1.genblk1.genblk1.genblk1.genblk1.genblk1.genblk1.genblk1.genblk1.lut0 (6 -> 1)
  Optimizing lut $abc$37677$auto$blifparse.cc:557:parse_blif$37709.genblk1.genblk1.genblk1.genblk1.genblk1.genblk1.genblk1.genblk1.genblk1.lut0 (6 -> 1)
  Optimizing lut $abc$37677$auto$blifparse.cc:557:parse_blif$38115.genblk1.genblk1.genblk1.genblk1.genblk1.genblk1.genblk1.genblk1.genblk1.lut1 (6 -> 5)
  Optimizing lut $abc$37677$auto$blifparse.cc:557:parse_blif$38116.genblk1.genblk1.genblk1.genblk1.genblk1.genblk1.genblk1.genblk1.genblk1.lut1 (6 -> 5)
  Optimizing lut $abc$37677$auto$blifparse.cc:557:parse_blif$38115.genblk1.genblk1.genblk1.genblk1.genblk1.genblk1.genblk1.genblk1.genblk1.lut0 (6 -> 1)
  Optimizing lut $abc$37677$auto$blifparse.cc:557:parse_blif$38118.genblk1.genblk1.genblk1.genblk1.genblk1.genblk1.genblk1.genblk1.genblk1.lut0 (6 -> 1)
  Optimizing lut $abc$37677$auto$blifparse.cc:557:parse_blif$38085.genblk1.genblk1.genblk1.genblk1.genblk1.genblk1.genblk1.genblk1.genblk1.lut0 (6 -> 1)
  Optimizing lut $abc$37677$auto$blifparse.cc:557:parse_blif$38106.genblk1.genblk1.genblk1.genblk1.genblk1.genblk1.genblk1.genblk1.genblk1.lut0 (6 -> 1)
  Optimizing lut $abc$37677$auto$blifparse.cc:557:parse_blif$38091.genblk1.genblk1.genblk1.genblk1.genblk1.genblk1.genblk1.genblk1.genblk1.lut0 (6 -> 1)
  Optimizing lut $abc$37677$auto$blifparse.cc:557:parse_blif$41268.genblk1.genblk1.genblk1.genblk1.genblk1.genblk1.genblk1.genblk1.genblk1.lut0 (6 -> 0)
  Optimizing lut $abc$37677$auto$blifparse.cc:557:parse_blif$41308.genblk1.genblk1.genblk1.genblk1.genblk1.genblk1.genblk1.genblk1.genblk1.lut0 (6 -> 0)
  Optimizing lut $abc$37677$auto$blifparse.cc:557:parse_blif$37727.genblk1.genblk1.genblk1.genblk1.genblk1.genblk1.genblk1.genblk1.genblk1.lut0 (6 -> 1)
  Optimizing lut $abc$37677$auto$blifparse.cc:557:parse_blif$37774.genblk1.genblk1.genblk1.genblk1.genblk1.genblk1.genblk1.genblk1.genblk1.lut0 (6 -> 1)
  Optimizing lut $abc$37677$auto$blifparse.cc:557:parse_blif$37785.genblk1.genblk1.genblk1.genblk1.genblk1.genblk1.genblk1.genblk1.genblk1.lut0 (6 -> 1)
  Optimizing lut $abc$37677$auto$blifparse.cc:557:parse_blif$37827.genblk1.genblk1.genblk1.genblk1.genblk1.genblk1.genblk1.genblk1.genblk1.lut0 (6 -> 1)
  Optimizing lut $abc$37677$auto$blifparse.cc:557:parse_blif$37838.genblk1.genblk1.genblk1.genblk1.genblk1.genblk1.genblk1.genblk1.genblk1.lut0 (6 -> 1)
  Optimizing lut $abc$37677$auto$blifparse.cc:557:parse_blif$37880.genblk1.genblk1.genblk1.genblk1.genblk1.genblk1.genblk1.genblk1.genblk1.lut0 (6 -> 1)
  Optimizing lut $abc$37677$auto$blifparse.cc:557:parse_blif$37891.genblk1.genblk1.genblk1.genblk1.genblk1.genblk1.genblk1.genblk1.genblk1.lut0 (6 -> 1)
  Optimizing lut $abc$37677$auto$blifparse.cc:557:parse_blif$37933.genblk1.genblk1.genblk1.genblk1.genblk1.genblk1.genblk1.genblk1.genblk1.lut0 (6 -> 1)
  Optimizing lut $abc$37677$auto$blifparse.cc:557:parse_blif$37944.genblk1.genblk1.genblk1.genblk1.genblk1.genblk1.genblk1.genblk1.genblk1.lut0 (6 -> 1)
  Optimizing lut $abc$37677$auto$blifparse.cc:557:parse_blif$37986.genblk1.genblk1.genblk1.genblk1.genblk1.genblk1.genblk1.genblk1.genblk1.lut0 (6 -> 1)
  Optimizing lut $abc$37677$auto$blifparse.cc:557:parse_blif$37997.genblk1.genblk1.genblk1.genblk1.genblk1.genblk1.genblk1.genblk1.genblk1.lut0 (6 -> 1)
  Optimizing lut $abc$37677$auto$blifparse.cc:557:parse_blif$38039.genblk1.genblk1.genblk1.genblk1.genblk1.genblk1.genblk1.genblk1.genblk1.lut0 (6 -> 1)
  Optimizing lut $abc$37677$auto$blifparse.cc:557:parse_blif$37710.genblk1.genblk1.genblk1.genblk1.genblk1.genblk1.genblk1.genblk1.genblk1.lut0 (6 -> 1)
  Optimizing lut $abc$37677$auto$blifparse.cc:557:parse_blif$37728.genblk1.genblk1.genblk1.genblk1.genblk1.genblk1.genblk1.genblk1.genblk1.lut0 (6 -> 1)
  Optimizing lut $abc$37677$auto$blifparse.cc:557:parse_blif$37775.genblk1.genblk1.genblk1.genblk1.genblk1.genblk1.genblk1.genblk1.genblk1.lut0 (6 -> 1)
  Optimizing lut $abc$37677$auto$blifparse.cc:557:parse_blif$37786.genblk1.genblk1.genblk1.genblk1.genblk1.genblk1.genblk1.genblk1.genblk1.lut0 (6 -> 1)
  Optimizing lut $abc$37677$auto$blifparse.cc:557:parse_blif$37828.genblk1.genblk1.genblk1.genblk1.genblk1.genblk1.genblk1.genblk1.genblk1.lut0 (6 -> 1)
  Optimizing lut $abc$37677$auto$blifparse.cc:557:parse_blif$37839.genblk1.genblk1.genblk1.genblk1.genblk1.genblk1.genblk1.genblk1.genblk1.lut0 (6 -> 1)
  Optimizing lut $abc$37677$auto$blifparse.cc:557:parse_blif$37881.genblk1.genblk1.genblk1.genblk1.genblk1.genblk1.genblk1.genblk1.genblk1.lut0 (6 -> 1)
  Optimizing lut $abc$37677$auto$blifparse.cc:557:parse_blif$37892.genblk1.genblk1.genblk1.genblk1.genblk1.genblk1.genblk1.genblk1.genblk1.lut0 (6 -> 1)
  Optimizing lut $abc$37677$auto$blifparse.cc:557:parse_blif$37934.genblk1.genblk1.genblk1.genblk1.genblk1.genblk1.genblk1.genblk1.genblk1.lut0 (6 -> 1)
  Optimizing lut $abc$37677$auto$blifparse.cc:557:parse_blif$37945.genblk1.genblk1.genblk1.genblk1.genblk1.genblk1.genblk1.genblk1.genblk1.lut0 (6 -> 1)
  Optimizing lut $abc$37677$auto$blifparse.cc:557:parse_blif$37987.genblk1.genblk1.genblk1.genblk1.genblk1.genblk1.genblk1.genblk1.genblk1.lut0 (6 -> 1)
  Optimizing lut $abc$37677$auto$blifparse.cc:557:parse_blif$37998.genblk1.genblk1.genblk1.genblk1.genblk1.genblk1.genblk1.genblk1.genblk1.lut0 (6 -> 1)
  Optimizing lut $abc$37677$auto$blifparse.cc:557:parse_blif$38040.genblk1.genblk1.genblk1.genblk1.genblk1.genblk1.genblk1.genblk1.genblk1.lut0 (6 -> 1)
  Optimizing lut $abc$37677$auto$blifparse.cc:557:parse_blif$37730.genblk1.genblk1.genblk1.genblk1.genblk1.genblk1.genblk1.genblk1.genblk1.lut0 (6 -> 1)
  Optimizing lut $abc$37677$auto$blifparse.cc:557:parse_blif$37758.genblk1.genblk1.genblk1.genblk1.genblk1.genblk1.genblk1.genblk1.genblk1.lut0 (6 -> 1)
  Optimizing lut $abc$37677$auto$blifparse.cc:557:parse_blif$37788.genblk1.genblk1.genblk1.genblk1.genblk1.genblk1.genblk1.genblk1.genblk1.lut0 (6 -> 1)
  Optimizing lut $abc$37677$auto$blifparse.cc:557:parse_blif$37811.genblk1.genblk1.genblk1.genblk1.genblk1.genblk1.genblk1.genblk1.genblk1.lut0 (6 -> 1)
  Optimizing lut $abc$37677$auto$blifparse.cc:557:parse_blif$37841.genblk1.genblk1.genblk1.genblk1.genblk1.genblk1.genblk1.genblk1.genblk1.lut0 (6 -> 1)
  Optimizing lut $abc$37677$auto$blifparse.cc:557:parse_blif$37864.genblk1.genblk1.genblk1.genblk1.genblk1.genblk1.genblk1.genblk1.genblk1.lut0 (6 -> 1)
  Optimizing lut $abc$37677$auto$blifparse.cc:557:parse_blif$37894.genblk1.genblk1.genblk1.genblk1.genblk1.genblk1.genblk1.genblk1.genblk1.lut0 (6 -> 1)
  Optimizing lut $abc$37677$auto$blifparse.cc:557:parse_blif$37917.genblk1.genblk1.genblk1.genblk1.genblk1.genblk1.genblk1.genblk1.genblk1.lut0 (6 -> 1)
  Optimizing lut $abc$37677$auto$blifparse.cc:557:parse_blif$37947.genblk1.genblk1.genblk1.genblk1.genblk1.genblk1.genblk1.genblk1.genblk1.lut0 (6 -> 1)
  Optimizing lut $abc$37677$auto$blifparse.cc:557:parse_blif$37970.genblk1.genblk1.genblk1.genblk1.genblk1.genblk1.genblk1.genblk1.genblk1.lut0 (6 -> 1)
  Optimizing lut $abc$37677$auto$blifparse.cc:557:parse_blif$38000.genblk1.genblk1.genblk1.genblk1.genblk1.genblk1.genblk1.genblk1.genblk1.lut0 (6 -> 1)
  Optimizing lut $abc$37677$auto$blifparse.cc:557:parse_blif$38023.genblk1.genblk1.genblk1.genblk1.genblk1.genblk1.genblk1.genblk1.genblk1.lut0 (6 -> 1)
  Optimizing lut $abc$37677$auto$blifparse.cc:557:parse_blif$38053.genblk1.genblk1.genblk1.genblk1.genblk1.genblk1.genblk1.genblk1.genblk1.lut0 (6 -> 1)
  Optimizing lut $abc$37677$auto$blifparse.cc:557:parse_blif$37731.genblk1.genblk1.genblk1.genblk1.genblk1.genblk1.genblk1.genblk1.genblk1.lut0 (6 -> 1)
  Optimizing lut $abc$37677$auto$blifparse.cc:557:parse_blif$37759.genblk1.genblk1.genblk1.genblk1.genblk1.genblk1.genblk1.genblk1.genblk1.lut0 (6 -> 1)
  Optimizing lut $abc$37677$auto$blifparse.cc:557:parse_blif$37789.genblk1.genblk1.genblk1.genblk1.genblk1.genblk1.genblk1.genblk1.genblk1.lut0 (6 -> 1)
  Optimizing lut $abc$37677$auto$blifparse.cc:557:parse_blif$37812.genblk1.genblk1.genblk1.genblk1.genblk1.genblk1.genblk1.genblk1.genblk1.lut0 (6 -> 1)
  Optimizing lut $abc$37677$auto$blifparse.cc:557:parse_blif$37842.genblk1.genblk1.genblk1.genblk1.genblk1.genblk1.genblk1.genblk1.genblk1.lut0 (6 -> 1)
  Optimizing lut $abc$37677$auto$blifparse.cc:557:parse_blif$37865.genblk1.genblk1.genblk1.genblk1.genblk1.genblk1.genblk1.genblk1.genblk1.lut0 (6 -> 1)
  Optimizing lut $abc$37677$auto$blifparse.cc:557:parse_blif$37895.genblk1.genblk1.genblk1.genblk1.genblk1.genblk1.genblk1.genblk1.genblk1.lut0 (6 -> 1)
  Optimizing lut $abc$37677$auto$blifparse.cc:557:parse_blif$37918.genblk1.genblk1.genblk1.genblk1.genblk1.genblk1.genblk1.genblk1.genblk1.lut0 (6 -> 1)
  Optimizing lut $abc$37677$auto$blifparse.cc:557:parse_blif$37948.genblk1.genblk1.genblk1.genblk1.genblk1.genblk1.genblk1.genblk1.genblk1.lut0 (6 -> 1)
  Optimizing lut $abc$37677$auto$blifparse.cc:557:parse_blif$37971.genblk1.genblk1.genblk1.genblk1.genblk1.genblk1.genblk1.genblk1.genblk1.lut0 (6 -> 1)
  Optimizing lut $abc$37677$auto$blifparse.cc:557:parse_blif$38001.genblk1.genblk1.genblk1.genblk1.genblk1.genblk1.genblk1.genblk1.genblk1.lut0 (6 -> 1)
  Optimizing lut $abc$37677$auto$blifparse.cc:557:parse_blif$38024.genblk1.genblk1.genblk1.genblk1.genblk1.genblk1.genblk1.genblk1.genblk1.lut0 (6 -> 1)
  Optimizing lut $abc$37677$auto$blifparse.cc:557:parse_blif$38054.genblk1.genblk1.genblk1.genblk1.genblk1.genblk1.genblk1.genblk1.genblk1.lut0 (6 -> 1)
  Optimizing lut $abc$37677$auto$blifparse.cc:557:parse_blif$37732.genblk1.genblk1.genblk1.genblk1.genblk1.genblk1.genblk1.genblk1.genblk1.lut0 (6 -> 1)
  Optimizing lut $abc$37677$auto$blifparse.cc:557:parse_blif$37760.genblk1.genblk1.genblk1.genblk1.genblk1.genblk1.genblk1.genblk1.genblk1.lut0 (6 -> 1)
  Optimizing lut $abc$37677$auto$blifparse.cc:557:parse_blif$37790.genblk1.genblk1.genblk1.genblk1.genblk1.genblk1.genblk1.genblk1.genblk1.lut0 (6 -> 1)
  Optimizing lut $abc$37677$auto$blifparse.cc:557:parse_blif$37813.genblk1.genblk1.genblk1.genblk1.genblk1.genblk1.genblk1.genblk1.genblk1.lut0 (6 -> 1)
  Optimizing lut $abc$37677$auto$blifparse.cc:557:parse_blif$37843.genblk1.genblk1.genblk1.genblk1.genblk1.genblk1.genblk1.genblk1.genblk1.lut0 (6 -> 1)
  Optimizing lut $abc$37677$auto$blifparse.cc:557:parse_blif$37866.genblk1.genblk1.genblk1.genblk1.genblk1.genblk1.genblk1.genblk1.genblk1.lut0 (6 -> 1)
  Optimizing lut $abc$37677$auto$blifparse.cc:557:parse_blif$37896.genblk1.genblk1.genblk1.genblk1.genblk1.genblk1.genblk1.genblk1.genblk1.lut0 (6 -> 1)
  Optimizing lut $abc$37677$auto$blifparse.cc:557:parse_blif$37919.genblk1.genblk1.genblk1.genblk1.genblk1.genblk1.genblk1.genblk1.genblk1.lut0 (6 -> 1)
  Optimizing lut $abc$37677$auto$blifparse.cc:557:parse_blif$37949.genblk1.genblk1.genblk1.genblk1.genblk1.genblk1.genblk1.genblk1.genblk1.lut0 (6 -> 1)
  Optimizing lut $abc$37677$auto$blifparse.cc:557:parse_blif$37972.genblk1.genblk1.genblk1.genblk1.genblk1.genblk1.genblk1.genblk1.genblk1.lut0 (6 -> 1)
  Optimizing lut $abc$37677$auto$blifparse.cc:557:parse_blif$38002.genblk1.genblk1.genblk1.genblk1.genblk1.genblk1.genblk1.genblk1.genblk1.lut0 (6 -> 1)
  Optimizing lut $abc$37677$auto$blifparse.cc:557:parse_blif$38025.genblk1.genblk1.genblk1.genblk1.genblk1.genblk1.genblk1.genblk1.genblk1.lut0 (6 -> 1)
  Optimizing lut $abc$37677$auto$blifparse.cc:557:parse_blif$38055.genblk1.genblk1.genblk1.genblk1.genblk1.genblk1.genblk1.genblk1.genblk1.lut0 (6 -> 1)
  Optimizing lut $abc$37677$auto$blifparse.cc:557:parse_blif$37735.genblk1.genblk1.genblk1.genblk1.genblk1.genblk1.genblk1.genblk1.genblk1.lut0 (6 -> 1)
  Optimizing lut $abc$37677$auto$blifparse.cc:557:parse_blif$37762.genblk1.genblk1.genblk1.genblk1.genblk1.genblk1.genblk1.genblk1.genblk1.lut0 (6 -> 1)
  Optimizing lut $abc$37677$auto$blifparse.cc:557:parse_blif$37793.genblk1.genblk1.genblk1.genblk1.genblk1.genblk1.genblk1.genblk1.genblk1.lut0 (6 -> 1)
  Optimizing lut $abc$37677$auto$blifparse.cc:557:parse_blif$37815.genblk1.genblk1.genblk1.genblk1.genblk1.genblk1.genblk1.genblk1.genblk1.lut0 (6 -> 1)
  Optimizing lut $abc$37677$auto$blifparse.cc:557:parse_blif$37846.genblk1.genblk1.genblk1.genblk1.genblk1.genblk1.genblk1.genblk1.genblk1.lut0 (6 -> 1)
  Optimizing lut $abc$37677$auto$blifparse.cc:557:parse_blif$37868.genblk1.genblk1.genblk1.genblk1.genblk1.genblk1.genblk1.genblk1.genblk1.lut0 (6 -> 1)
  Optimizing lut $abc$37677$auto$blifparse.cc:557:parse_blif$37899.genblk1.genblk1.genblk1.genblk1.genblk1.genblk1.genblk1.genblk1.genblk1.lut0 (6 -> 1)
  Optimizing lut $abc$37677$auto$blifparse.cc:557:parse_blif$37921.genblk1.genblk1.genblk1.genblk1.genblk1.genblk1.genblk1.genblk1.genblk1.lut0 (6 -> 1)
  Optimizing lut $abc$37677$auto$blifparse.cc:557:parse_blif$37952.genblk1.genblk1.genblk1.genblk1.genblk1.genblk1.genblk1.genblk1.genblk1.lut0 (6 -> 1)
  Optimizing lut $abc$37677$auto$blifparse.cc:557:parse_blif$37974.genblk1.genblk1.genblk1.genblk1.genblk1.genblk1.genblk1.genblk1.genblk1.lut0 (6 -> 1)
  Optimizing lut $abc$37677$auto$blifparse.cc:557:parse_blif$38005.genblk1.genblk1.genblk1.genblk1.genblk1.genblk1.genblk1.genblk1.genblk1.lut0 (6 -> 1)
  Optimizing lut $abc$37677$auto$blifparse.cc:557:parse_blif$38027.genblk1.genblk1.genblk1.genblk1.genblk1.genblk1.genblk1.genblk1.genblk1.lut0 (6 -> 1)
  Optimizing lut $abc$37677$auto$blifparse.cc:557:parse_blif$38058.genblk1.genblk1.genblk1.genblk1.genblk1.genblk1.genblk1.genblk1.genblk1.lut0 (6 -> 1)
  Optimizing lut $abc$37677$auto$blifparse.cc:557:parse_blif$37736.genblk1.genblk1.genblk1.genblk1.genblk1.genblk1.genblk1.genblk1.genblk1.lut0 (6 -> 1)
  Optimizing lut $abc$37677$auto$blifparse.cc:557:parse_blif$37763.genblk1.genblk1.genblk1.genblk1.genblk1.genblk1.genblk1.genblk1.genblk1.lut0 (6 -> 1)
  Optimizing lut $abc$37677$auto$blifparse.cc:557:parse_blif$37794.genblk1.genblk1.genblk1.genblk1.genblk1.genblk1.genblk1.genblk1.genblk1.lut0 (6 -> 1)
  Optimizing lut $abc$37677$auto$blifparse.cc:557:parse_blif$37816.genblk1.genblk1.genblk1.genblk1.genblk1.genblk1.genblk1.genblk1.genblk1.lut0 (6 -> 1)
  Optimizing lut $abc$37677$auto$blifparse.cc:557:parse_blif$37847.genblk1.genblk1.genblk1.genblk1.genblk1.genblk1.genblk1.genblk1.genblk1.lut0 (6 -> 1)
  Optimizing lut $abc$37677$auto$blifparse.cc:557:parse_blif$37869.genblk1.genblk1.genblk1.genblk1.genblk1.genblk1.genblk1.genblk1.genblk1.lut0 (6 -> 1)
  Optimizing lut $abc$37677$auto$blifparse.cc:557:parse_blif$37900.genblk1.genblk1.genblk1.genblk1.genblk1.genblk1.genblk1.genblk1.genblk1.lut0 (6 -> 1)
  Optimizing lut $abc$37677$auto$blifparse.cc:557:parse_blif$37922.genblk1.genblk1.genblk1.genblk1.genblk1.genblk1.genblk1.genblk1.genblk1.lut0 (6 -> 1)
  Optimizing lut $abc$37677$auto$blifparse.cc:557:parse_blif$37953.genblk1.genblk1.genblk1.genblk1.genblk1.genblk1.genblk1.genblk1.genblk1.lut0 (6 -> 1)
  Optimizing lut $abc$37677$auto$blifparse.cc:557:parse_blif$37975.genblk1.genblk1.genblk1.genblk1.genblk1.genblk1.genblk1.genblk1.genblk1.lut0 (6 -> 1)
  Optimizing lut $abc$37677$auto$blifparse.cc:557:parse_blif$38006.genblk1.genblk1.genblk1.genblk1.genblk1.genblk1.genblk1.genblk1.genblk1.lut0 (6 -> 1)
  Optimizing lut $abc$37677$auto$blifparse.cc:557:parse_blif$38028.genblk1.genblk1.genblk1.genblk1.genblk1.genblk1.genblk1.genblk1.genblk1.lut0 (6 -> 1)
  Optimizing lut $abc$37677$auto$blifparse.cc:557:parse_blif$38059.genblk1.genblk1.genblk1.genblk1.genblk1.genblk1.genblk1.genblk1.genblk1.lut0 (6 -> 1)
  Optimizing lut $abc$37677$auto$blifparse.cc:557:parse_blif$37737.genblk1.genblk1.genblk1.genblk1.genblk1.genblk1.genblk1.genblk1.genblk1.lut0 (6 -> 1)
  Optimizing lut $abc$37677$auto$blifparse.cc:557:parse_blif$37764.genblk1.genblk1.genblk1.genblk1.genblk1.genblk1.genblk1.genblk1.genblk1.lut0 (6 -> 1)
  Optimizing lut $abc$37677$auto$blifparse.cc:557:parse_blif$37795.genblk1.genblk1.genblk1.genblk1.genblk1.genblk1.genblk1.genblk1.genblk1.lut0 (6 -> 1)
  Optimizing lut $abc$37677$auto$blifparse.cc:557:parse_blif$37817.genblk1.genblk1.genblk1.genblk1.genblk1.genblk1.genblk1.genblk1.genblk1.lut0 (6 -> 1)
  Optimizing lut $abc$37677$auto$blifparse.cc:557:parse_blif$37848.genblk1.genblk1.genblk1.genblk1.genblk1.genblk1.genblk1.genblk1.genblk1.lut0 (6 -> 1)
  Optimizing lut $abc$37677$auto$blifparse.cc:557:parse_blif$37870.genblk1.genblk1.genblk1.genblk1.genblk1.genblk1.genblk1.genblk1.genblk1.lut0 (6 -> 1)
  Optimizing lut $abc$37677$auto$blifparse.cc:557:parse_blif$37901.genblk1.genblk1.genblk1.genblk1.genblk1.genblk1.genblk1.genblk1.genblk1.lut0 (6 -> 1)
  Optimizing lut $abc$37677$auto$blifparse.cc:557:parse_blif$37923.genblk1.genblk1.genblk1.genblk1.genblk1.genblk1.genblk1.genblk1.genblk1.lut0 (6 -> 1)
  Optimizing lut $abc$37677$auto$blifparse.cc:557:parse_blif$37954.genblk1.genblk1.genblk1.genblk1.genblk1.genblk1.genblk1.genblk1.genblk1.lut0 (6 -> 1)
  Optimizing lut $abc$37677$auto$blifparse.cc:557:parse_blif$37976.genblk1.genblk1.genblk1.genblk1.genblk1.genblk1.genblk1.genblk1.genblk1.lut0 (6 -> 1)
  Optimizing lut $abc$37677$auto$blifparse.cc:557:parse_blif$38007.genblk1.genblk1.genblk1.genblk1.genblk1.genblk1.genblk1.genblk1.genblk1.lut0 (6 -> 1)
  Optimizing lut $abc$37677$auto$blifparse.cc:557:parse_blif$38029.genblk1.genblk1.genblk1.genblk1.genblk1.genblk1.genblk1.genblk1.genblk1.lut0 (6 -> 1)
  Optimizing lut $abc$37677$auto$blifparse.cc:557:parse_blif$38060.genblk1.genblk1.genblk1.genblk1.genblk1.genblk1.genblk1.genblk1.genblk1.lut0 (6 -> 1)
  Optimizing lut $abc$37677$auto$blifparse.cc:557:parse_blif$37744.genblk1.genblk1.genblk1.genblk1.genblk1.genblk1.genblk1.genblk1.genblk1.lut0 (6 -> 1)
  Optimizing lut $abc$37677$auto$blifparse.cc:557:parse_blif$37767.genblk1.genblk1.genblk1.genblk1.genblk1.genblk1.genblk1.genblk1.genblk1.lut0 (6 -> 1)
  Optimizing lut $abc$37677$auto$blifparse.cc:557:parse_blif$37802.genblk1.genblk1.genblk1.genblk1.genblk1.genblk1.genblk1.genblk1.genblk1.lut0 (6 -> 1)
  Optimizing lut $abc$37677$auto$blifparse.cc:557:parse_blif$37820.genblk1.genblk1.genblk1.genblk1.genblk1.genblk1.genblk1.genblk1.genblk1.lut0 (6 -> 1)
  Optimizing lut $abc$37677$auto$blifparse.cc:557:parse_blif$37855.genblk1.genblk1.genblk1.genblk1.genblk1.genblk1.genblk1.genblk1.genblk1.lut0 (6 -> 1)
  Optimizing lut $abc$37677$auto$blifparse.cc:557:parse_blif$37873.genblk1.genblk1.genblk1.genblk1.genblk1.genblk1.genblk1.genblk1.genblk1.lut0 (6 -> 1)
  Optimizing lut $abc$37677$auto$blifparse.cc:557:parse_blif$37908.genblk1.genblk1.genblk1.genblk1.genblk1.genblk1.genblk1.genblk1.genblk1.lut0 (6 -> 1)
  Optimizing lut $abc$37677$auto$blifparse.cc:557:parse_blif$37926.genblk1.genblk1.genblk1.genblk1.genblk1.genblk1.genblk1.genblk1.genblk1.lut0 (6 -> 1)
  Optimizing lut $abc$37677$auto$blifparse.cc:557:parse_blif$37961.genblk1.genblk1.genblk1.genblk1.genblk1.genblk1.genblk1.genblk1.genblk1.lut0 (6 -> 1)
  Optimizing lut $abc$37677$auto$blifparse.cc:557:parse_blif$37979.genblk1.genblk1.genblk1.genblk1.genblk1.genblk1.genblk1.genblk1.genblk1.lut0 (6 -> 1)
  Optimizing lut $abc$37677$auto$blifparse.cc:557:parse_blif$38014.genblk1.genblk1.genblk1.genblk1.genblk1.genblk1.genblk1.genblk1.genblk1.lut0 (6 -> 1)
  Optimizing lut $abc$37677$auto$blifparse.cc:557:parse_blif$38032.genblk1.genblk1.genblk1.genblk1.genblk1.genblk1.genblk1.genblk1.genblk1.lut0 (6 -> 1)
  Optimizing lut $abc$37677$auto$blifparse.cc:557:parse_blif$38067.genblk1.genblk1.genblk1.genblk1.genblk1.genblk1.genblk1.genblk1.genblk1.lut0 (6 -> 1)
  Optimizing lut $abc$37677$auto$blifparse.cc:557:parse_blif$37745.genblk1.genblk1.genblk1.genblk1.genblk1.genblk1.genblk1.genblk1.genblk1.lut0 (6 -> 1)
  Optimizing lut $abc$37677$auto$blifparse.cc:557:parse_blif$37768.genblk1.genblk1.genblk1.genblk1.genblk1.genblk1.genblk1.genblk1.genblk1.lut0 (6 -> 1)
  Optimizing lut $abc$37677$auto$blifparse.cc:557:parse_blif$37803.genblk1.genblk1.genblk1.genblk1.genblk1.genblk1.genblk1.genblk1.genblk1.lut0 (6 -> 1)
  Optimizing lut $abc$37677$auto$blifparse.cc:557:parse_blif$37821.genblk1.genblk1.genblk1.genblk1.genblk1.genblk1.genblk1.genblk1.genblk1.lut0 (6 -> 1)
  Optimizing lut $abc$37677$auto$blifparse.cc:557:parse_blif$37856.genblk1.genblk1.genblk1.genblk1.genblk1.genblk1.genblk1.genblk1.genblk1.lut0 (6 -> 1)
  Optimizing lut $abc$37677$auto$blifparse.cc:557:parse_blif$37874.genblk1.genblk1.genblk1.genblk1.genblk1.genblk1.genblk1.genblk1.genblk1.lut0 (6 -> 1)
  Optimizing lut $abc$37677$auto$blifparse.cc:557:parse_blif$37909.genblk1.genblk1.genblk1.genblk1.genblk1.genblk1.genblk1.genblk1.genblk1.lut0 (6 -> 1)
  Optimizing lut $abc$37677$auto$blifparse.cc:557:parse_blif$37927.genblk1.genblk1.genblk1.genblk1.genblk1.genblk1.genblk1.genblk1.genblk1.lut0 (6 -> 1)
  Optimizing lut $abc$37677$auto$blifparse.cc:557:parse_blif$37962.genblk1.genblk1.genblk1.genblk1.genblk1.genblk1.genblk1.genblk1.genblk1.lut0 (6 -> 1)
  Optimizing lut $abc$37677$auto$blifparse.cc:557:parse_blif$37980.genblk1.genblk1.genblk1.genblk1.genblk1.genblk1.genblk1.genblk1.genblk1.lut0 (6 -> 1)
  Optimizing lut $abc$37677$auto$blifparse.cc:557:parse_blif$38015.genblk1.genblk1.genblk1.genblk1.genblk1.genblk1.genblk1.genblk1.genblk1.lut0 (6 -> 1)
  Optimizing lut $abc$37677$auto$blifparse.cc:557:parse_blif$38033.genblk1.genblk1.genblk1.genblk1.genblk1.genblk1.genblk1.genblk1.genblk1.lut0 (6 -> 1)
  Optimizing lut $abc$37677$auto$blifparse.cc:557:parse_blif$38068.genblk1.genblk1.genblk1.genblk1.genblk1.genblk1.genblk1.genblk1.genblk1.lut0 (6 -> 1)
  Optimizing lut $abc$37677$auto$blifparse.cc:557:parse_blif$37746.genblk1.genblk1.genblk1.genblk1.genblk1.genblk1.genblk1.genblk1.genblk1.lut0 (6 -> 1)
  Optimizing lut $abc$37677$auto$blifparse.cc:557:parse_blif$37769.genblk1.genblk1.genblk1.genblk1.genblk1.genblk1.genblk1.genblk1.genblk1.lut0 (6 -> 1)
  Optimizing lut $abc$37677$auto$blifparse.cc:557:parse_blif$37804.genblk1.genblk1.genblk1.genblk1.genblk1.genblk1.genblk1.genblk1.genblk1.lut0 (6 -> 1)
  Optimizing lut $abc$37677$auto$blifparse.cc:557:parse_blif$37822.genblk1.genblk1.genblk1.genblk1.genblk1.genblk1.genblk1.genblk1.genblk1.lut0 (6 -> 1)
  Optimizing lut $abc$37677$auto$blifparse.cc:557:parse_blif$37857.genblk1.genblk1.genblk1.genblk1.genblk1.genblk1.genblk1.genblk1.genblk1.lut0 (6 -> 1)
  Optimizing lut $abc$37677$auto$blifparse.cc:557:parse_blif$37875.genblk1.genblk1.genblk1.genblk1.genblk1.genblk1.genblk1.genblk1.genblk1.lut0 (6 -> 1)
  Optimizing lut $abc$37677$auto$blifparse.cc:557:parse_blif$37910.genblk1.genblk1.genblk1.genblk1.genblk1.genblk1.genblk1.genblk1.genblk1.lut0 (6 -> 1)
  Optimizing lut $abc$37677$auto$blifparse.cc:557:parse_blif$37928.genblk1.genblk1.genblk1.genblk1.genblk1.genblk1.genblk1.genblk1.genblk1.lut0 (6 -> 1)
  Optimizing lut $abc$37677$auto$blifparse.cc:557:parse_blif$37963.genblk1.genblk1.genblk1.genblk1.genblk1.genblk1.genblk1.genblk1.genblk1.lut0 (6 -> 1)
  Optimizing lut $abc$37677$auto$blifparse.cc:557:parse_blif$37981.genblk1.genblk1.genblk1.genblk1.genblk1.genblk1.genblk1.genblk1.genblk1.lut0 (6 -> 1)
  Optimizing lut $abc$37677$auto$blifparse.cc:557:parse_blif$38016.genblk1.genblk1.genblk1.genblk1.genblk1.genblk1.genblk1.genblk1.genblk1.lut0 (6 -> 1)
  Optimizing lut $abc$37677$auto$blifparse.cc:557:parse_blif$38034.genblk1.genblk1.genblk1.genblk1.genblk1.genblk1.genblk1.genblk1.genblk1.lut0 (6 -> 1)
  Optimizing lut $abc$37677$auto$blifparse.cc:557:parse_blif$38069.genblk1.genblk1.genblk1.genblk1.genblk1.genblk1.genblk1.genblk1.genblk1.lut0 (6 -> 1)
  Optimizing lut $abc$37677$auto$blifparse.cc:557:parse_blif$37770.genblk1.genblk1.genblk1.genblk1.genblk1.genblk1.genblk1.genblk1.genblk1.lut0 (6 -> 1)
  Optimizing lut $abc$37677$auto$blifparse.cc:557:parse_blif$37805.genblk1.genblk1.genblk1.genblk1.genblk1.genblk1.genblk1.genblk1.genblk1.lut0 (6 -> 1)
  Optimizing lut $abc$37677$auto$blifparse.cc:557:parse_blif$37823.genblk1.genblk1.genblk1.genblk1.genblk1.genblk1.genblk1.genblk1.genblk1.lut0 (6 -> 1)
  Optimizing lut $abc$37677$auto$blifparse.cc:557:parse_blif$37858.genblk1.genblk1.genblk1.genblk1.genblk1.genblk1.genblk1.genblk1.genblk1.lut0 (6 -> 1)
  Optimizing lut $abc$37677$auto$blifparse.cc:557:parse_blif$37876.genblk1.genblk1.genblk1.genblk1.genblk1.genblk1.genblk1.genblk1.genblk1.lut0 (6 -> 1)
  Optimizing lut $abc$37677$auto$blifparse.cc:557:parse_blif$37911.genblk1.genblk1.genblk1.genblk1.genblk1.genblk1.genblk1.genblk1.genblk1.lut0 (6 -> 1)
  Optimizing lut $abc$37677$auto$blifparse.cc:557:parse_blif$37929.genblk1.genblk1.genblk1.genblk1.genblk1.genblk1.genblk1.genblk1.genblk1.lut0 (6 -> 1)
  Optimizing lut $abc$37677$auto$blifparse.cc:557:parse_blif$37964.genblk1.genblk1.genblk1.genblk1.genblk1.genblk1.genblk1.genblk1.genblk1.lut0 (6 -> 1)
  Optimizing lut $abc$37677$auto$blifparse.cc:557:parse_blif$37982.genblk1.genblk1.genblk1.genblk1.genblk1.genblk1.genblk1.genblk1.genblk1.lut0 (6 -> 1)
  Optimizing lut $abc$37677$auto$blifparse.cc:557:parse_blif$38017.genblk1.genblk1.genblk1.genblk1.genblk1.genblk1.genblk1.genblk1.genblk1.lut0 (6 -> 1)
  Optimizing lut $abc$37677$auto$blifparse.cc:557:parse_blif$38035.genblk1.genblk1.genblk1.genblk1.genblk1.genblk1.genblk1.genblk1.genblk1.lut0 (6 -> 1)
  Optimizing lut $abc$37677$auto$blifparse.cc:557:parse_blif$38070.genblk1.genblk1.genblk1.genblk1.genblk1.genblk1.genblk1.genblk1.genblk1.lut0 (6 -> 1)
  Optimizing lut $abc$37677$auto$blifparse.cc:557:parse_blif$38088.genblk1.genblk1.genblk1.genblk1.genblk1.genblk1.genblk1.genblk1.genblk1.lut0 (6 -> 1)
  Optimizing lut $abc$37677$auto$blifparse.cc:557:parse_blif$37708.genblk1.genblk1.genblk1.genblk1.genblk1.genblk1.genblk1.genblk1.genblk1.lut0 (6 -> 1)
  Optimizing lut $abc$37677$auto$blifparse.cc:557:parse_blif$37726.genblk1.genblk1.genblk1.genblk1.genblk1.genblk1.genblk1.genblk1.genblk1.lut0 (6 -> 1)
  Optimizing lut $abc$37677$auto$blifparse.cc:557:parse_blif$37773.genblk1.genblk1.genblk1.genblk1.genblk1.genblk1.genblk1.genblk1.genblk1.lut0 (6 -> 1)
  Optimizing lut $abc$37677$auto$blifparse.cc:557:parse_blif$37784.genblk1.genblk1.genblk1.genblk1.genblk1.genblk1.genblk1.genblk1.genblk1.lut0 (6 -> 1)
  Optimizing lut $abc$37677$auto$blifparse.cc:557:parse_blif$37826.genblk1.genblk1.genblk1.genblk1.genblk1.genblk1.genblk1.genblk1.genblk1.lut0 (6 -> 1)
  Optimizing lut $abc$37677$auto$blifparse.cc:557:parse_blif$37837.genblk1.genblk1.genblk1.genblk1.genblk1.genblk1.genblk1.genblk1.genblk1.lut0 (6 -> 1)
  Optimizing lut $abc$37677$auto$blifparse.cc:557:parse_blif$37879.genblk1.genblk1.genblk1.genblk1.genblk1.genblk1.genblk1.genblk1.genblk1.lut0 (6 -> 1)
  Optimizing lut $abc$37677$auto$blifparse.cc:557:parse_blif$37890.genblk1.genblk1.genblk1.genblk1.genblk1.genblk1.genblk1.genblk1.genblk1.lut0 (6 -> 1)
  Optimizing lut $abc$37677$auto$blifparse.cc:557:parse_blif$37932.genblk1.genblk1.genblk1.genblk1.genblk1.genblk1.genblk1.genblk1.genblk1.lut0 (6 -> 1)
  Optimizing lut $abc$37677$auto$blifparse.cc:557:parse_blif$37943.genblk1.genblk1.genblk1.genblk1.genblk1.genblk1.genblk1.genblk1.genblk1.lut0 (6 -> 1)
  Optimizing lut $abc$37677$auto$blifparse.cc:557:parse_blif$37985.genblk1.genblk1.genblk1.genblk1.genblk1.genblk1.genblk1.genblk1.genblk1.lut0 (6 -> 1)
  Optimizing lut $abc$37677$auto$blifparse.cc:557:parse_blif$37996.genblk1.genblk1.genblk1.genblk1.genblk1.genblk1.genblk1.genblk1.genblk1.lut0 (6 -> 1)
  Optimizing lut $abc$37677$auto$blifparse.cc:557:parse_blif$38038.genblk1.genblk1.genblk1.genblk1.genblk1.genblk1.genblk1.genblk1.genblk1.lut0 (6 -> 1)
  Optimizing lut $abc$37677$auto$blifparse.cc:557:parse_blif$39851.genblk1.genblk1.genblk1.genblk1.genblk1.genblk1.genblk1.genblk1.genblk1.lut0 (6 -> 0)
  Optimizing lut $abc$37677$auto$blifparse.cc:557:parse_blif$39842.genblk1.genblk1.genblk1.genblk1.genblk1.genblk1.genblk1.genblk1.genblk1.lut0 (6 -> 0)
  Optimizing lut $abc$37677$auto$blifparse.cc:557:parse_blif$39862.genblk1.genblk1.genblk1.genblk1.genblk1.genblk1.genblk1.genblk1.genblk1.genblk1.lut1.genblk1.genblk1.genblk1.genblk1.genblk1.genblk1.genblk1.genblk1.genblk1.lut1 (6 -> 0)
  Optimizing lut $abc$37677$auto$blifparse.cc:557:parse_blif$39862.genblk1.genblk1.genblk1.genblk1.genblk1.genblk1.genblk1.genblk1.genblk1.genblk1.lut0.genblk1.genblk1.genblk1.genblk1.genblk1.genblk1.genblk1.genblk1.genblk1.lut1 (6 -> 0)
  Optimizing lut $abc$37677$auto$blifparse.cc:557:parse_blif$39865.genblk1.genblk1.genblk1.genblk1.genblk1.genblk1.genblk1.genblk1.genblk1.lut1 (6 -> 2)
  Optimizing lut $abc$37677$auto$blifparse.cc:557:parse_blif$39871.genblk1.genblk1.genblk1.genblk1.genblk1.genblk1.genblk1.genblk1.genblk1.genblk1.lut1.genblk1.genblk1.genblk1.genblk1.genblk1.genblk1.genblk1.genblk1.genblk1.lut1 (6 -> 0)
  Optimizing lut $abc$37677$auto$blifparse.cc:557:parse_blif$39871.genblk1.genblk1.genblk1.genblk1.genblk1.genblk1.genblk1.genblk1.genblk1.genblk1.lut0.genblk1.genblk1.genblk1.genblk1.genblk1.genblk1.genblk1.genblk1.genblk1.lut1 (6 -> 0)
  Optimizing lut $abc$37677$auto$blifparse.cc:557:parse_blif$39888.genblk1.genblk1.genblk1.genblk1.genblk1.genblk1.genblk1.genblk1.genblk1.lut0 (6 -> 5)
  Optimizing lut $abc$37677$auto$blifparse.cc:557:parse_blif$39899.genblk1.genblk1.genblk1.genblk1.genblk1.genblk1.genblk1.genblk1.genblk1.lut0 (6 -> 0)
  Optimizing lut $abc$37677$auto$blifparse.cc:557:parse_blif$39941.genblk1.genblk1.genblk1.genblk1.genblk1.genblk1.genblk1.genblk1.genblk1.genblk1.lut1.genblk1.genblk1.genblk1.genblk1.genblk1.genblk1.genblk1.genblk1.genblk1.lut0 (6 -> 0)
  Optimizing lut $abc$37677$auto$blifparse.cc:557:parse_blif$39929.genblk1.genblk1.genblk1.genblk1.genblk1.genblk1.genblk1.genblk1.genblk1.lut0 (6 -> 0)
  Optimizing lut $abc$37677$auto$blifparse.cc:557:parse_blif$39941.genblk1.genblk1.genblk1.genblk1.genblk1.genblk1.genblk1.genblk1.genblk1.genblk1.lut0.genblk1.genblk1.genblk1.genblk1.genblk1.genblk1.genblk1.genblk1.genblk1.lut1 (6 -> 0)
  Optimizing lut $abc$37677$auto$blifparse.cc:557:parse_blif$39968.genblk1.genblk1.genblk1.genblk1.genblk1.genblk1.genblk1.genblk1.genblk1.genblk1.lut0.genblk1.genblk1.genblk1.genblk1.genblk1.genblk1.genblk1.genblk1.genblk1.lut1 (6 -> 1)
  Optimizing lut $abc$37677$auto$blifparse.cc:557:parse_blif$39969.genblk1.genblk1.genblk1.genblk1.genblk1.genblk1.genblk1.genblk1.genblk1.genblk1.lut0.genblk1.genblk1.genblk1.genblk1.genblk1.genblk1.genblk1.genblk1.genblk1.lut1 (6 -> 4)
  Optimizing lut $abc$37677$auto$blifparse.cc:557:parse_blif$39983.genblk1.genblk1.genblk1.genblk1.genblk1.genblk1.genblk1.genblk1.genblk1.genblk1.lut0.genblk1.genblk1.genblk1.genblk1.genblk1.genblk1.genblk1.genblk1.genblk1.lut0 (6 -> 0)
  Optimizing lut $abc$37677$auto$blifparse.cc:557:parse_blif$39974.genblk1.genblk1.genblk1.genblk1.genblk1.genblk1.genblk1.genblk1.genblk1.genblk1.lut0.genblk1.genblk1.genblk1.genblk1.genblk1.genblk1.genblk1.genblk1.genblk1.lut1 (6 -> 0)
  Optimizing lut $abc$37677$auto$blifparse.cc:557:parse_blif$39983.genblk1.genblk1.genblk1.genblk1.genblk1.genblk1.genblk1.genblk1.genblk1.genblk1.lut0.genblk1.genblk1.genblk1.genblk1.genblk1.genblk1.genblk1.genblk1.genblk1.lut1 (6 -> 0)
  Optimizing lut $abc$37677$auto$blifparse.cc:557:parse_blif$39985.genblk1.genblk1.genblk1.genblk1.genblk1.genblk1.genblk1.genblk1.genblk1.genblk1.lut0.genblk1.genblk1.genblk1.genblk1.genblk1.genblk1.genblk1.genblk1.genblk1.lut1 (6 -> 0)
  Optimizing lut $abc$37677$auto$blifparse.cc:557:parse_blif$40067.genblk1.genblk1.genblk1.genblk1.genblk1.genblk1.genblk1.genblk1.genblk1.lut0 (6 -> 1)
  Optimizing lut $abc$37677$auto$blifparse.cc:557:parse_blif$40068.genblk1.genblk1.genblk1.genblk1.genblk1.genblk1.genblk1.genblk1.genblk1.lut0 (6 -> 0)
  Optimizing lut $abc$37677$auto$blifparse.cc:557:parse_blif$40036.genblk1.genblk1.genblk1.genblk1.genblk1.genblk1.genblk1.genblk1.genblk1.lut1 (6 -> 0)
  Optimizing lut $abc$37677$auto$blifparse.cc:557:parse_blif$40049.genblk1.genblk1.genblk1.genblk1.genblk1.genblk1.genblk1.genblk1.genblk1.lut0 (6 -> 0)
  Optimizing lut $abc$37677$auto$blifparse.cc:557:parse_blif$40055.genblk1.genblk1.genblk1.genblk1.genblk1.genblk1.genblk1.genblk1.genblk1.lut0 (6 -> 0)
  Optimizing lut $abc$37677$auto$blifparse.cc:557:parse_blif$40052.genblk1.genblk1.genblk1.genblk1.genblk1.genblk1.genblk1.genblk1.genblk1.lut0 (6 -> 0)
  Optimizing lut $abc$37677$auto$blifparse.cc:557:parse_blif$40060.genblk1.genblk1.genblk1.genblk1.genblk1.genblk1.genblk1.genblk1.genblk1.genblk1.lut0.genblk1.genblk1.genblk1.genblk1.genblk1.genblk1.genblk1.genblk1.genblk1.lut1 (6 -> 5)
  Optimizing lut $abc$37677$auto$blifparse.cc:557:parse_blif$40121.genblk1.genblk1.genblk1.genblk1.genblk1.genblk1.genblk1.genblk1.genblk1.genblk1.lut0.genblk1.genblk1.genblk1.genblk1.genblk1.genblk1.genblk1.genblk1.genblk1.lut0 (6 -> 0)
  Optimizing lut $abc$37677$auto$blifparse.cc:557:parse_blif$40060.genblk1.genblk1.genblk1.genblk1.genblk1.genblk1.genblk1.genblk1.genblk1.genblk1.lut0.genblk1.genblk1.genblk1.genblk1.genblk1.genblk1.genblk1.genblk1.genblk1.lut0 (6 -> 0)
  Optimizing lut $abc$37677$auto$blifparse.cc:557:parse_blif$40078.genblk1.genblk1.genblk1.genblk1.genblk1.genblk1.genblk1.genblk1.genblk1.genblk1.lut0.genblk1.genblk1.genblk1.genblk1.genblk1.genblk1.genblk1.genblk1.genblk1.lut1 (6 -> 0)
  Optimizing lut $abc$37677$auto$blifparse.cc:557:parse_blif$40078.genblk1.genblk1.genblk1.genblk1.genblk1.genblk1.genblk1.genblk1.genblk1.genblk1.lut1.genblk1.genblk1.genblk1.genblk1.genblk1.genblk1.genblk1.genblk1.genblk1.lut1 (6 -> 0)
  Optimizing lut $abc$37677$auto$blifparse.cc:557:parse_blif$40085.genblk1.genblk1.genblk1.genblk1.genblk1.genblk1.genblk1.genblk1.genblk1.genblk1.lut0.genblk1.genblk1.genblk1.genblk1.genblk1.genblk1.genblk1.genblk1.genblk1.lut0 (6 -> 2)
  Optimizing lut $abc$37677$auto$blifparse.cc:557:parse_blif$40130.genblk1.genblk1.genblk1.genblk1.genblk1.genblk1.genblk1.genblk1.genblk1.lut0 (6 -> 1)
  Optimizing lut $abc$37677$auto$blifparse.cc:557:parse_blif$40138.genblk1.genblk1.genblk1.genblk1.genblk1.genblk1.genblk1.genblk1.genblk1.lut0 (6 -> 0)
  Optimizing lut $abc$37677$auto$blifparse.cc:557:parse_blif$40121.genblk1.genblk1.genblk1.genblk1.genblk1.genblk1.genblk1.genblk1.genblk1.genblk1.lut0.genblk1.genblk1.genblk1.genblk1.genblk1.genblk1.genblk1.genblk1.genblk1.lut1 (6 -> 0)
  Optimizing lut $abc$37677$auto$blifparse.cc:557:parse_blif$40132.genblk1.genblk1.genblk1.genblk1.genblk1.genblk1.genblk1.genblk1.genblk1.genblk1.lut0.genblk1.genblk1.genblk1.genblk1.genblk1.genblk1.genblk1.genblk1.genblk1.lut1 (6 -> 0)
  Optimizing lut $abc$37677$auto$blifparse.cc:557:parse_blif$40136.genblk1.genblk1.genblk1.genblk1.genblk1.genblk1.genblk1.genblk1.genblk1.lut0 (6 -> 0)
  Optimizing lut $abc$37677$auto$blifparse.cc:557:parse_blif$40132.genblk1.genblk1.genblk1.genblk1.genblk1.genblk1.genblk1.genblk1.genblk1.genblk1.lut0.genblk1.genblk1.genblk1.genblk1.genblk1.genblk1.genblk1.genblk1.genblk1.lut0 (6 -> 0)
  Optimizing lut $abc$37677$auto$blifparse.cc:557:parse_blif$40140.genblk1.genblk1.genblk1.genblk1.genblk1.genblk1.genblk1.genblk1.genblk1.genblk1.lut0.genblk1.genblk1.genblk1.genblk1.genblk1.genblk1.genblk1.genblk1.genblk1.lut1 (6 -> 0)
  Optimizing lut $abc$37677$auto$blifparse.cc:557:parse_blif$40145.genblk1.genblk1.genblk1.genblk1.genblk1.genblk1.genblk1.genblk1.genblk1.lut0 (6 -> 0)
  Optimizing lut $abc$37677$auto$blifparse.cc:557:parse_blif$40140.genblk1.genblk1.genblk1.genblk1.genblk1.genblk1.genblk1.genblk1.genblk1.genblk1.lut0.genblk1.genblk1.genblk1.genblk1.genblk1.genblk1.genblk1.genblk1.genblk1.lut0 (6 -> 0)
  Optimizing lut $abc$37677$auto$blifparse.cc:557:parse_blif$40158.genblk1.genblk1.genblk1.genblk1.genblk1.genblk1.genblk1.genblk1.genblk1.lut0 (6 -> 0)
  Optimizing lut $abc$37677$auto$blifparse.cc:557:parse_blif$40157.genblk1.genblk1.genblk1.genblk1.genblk1.genblk1.genblk1.genblk1.genblk1.genblk1.lut0.genblk1.genblk1.genblk1.genblk1.genblk1.genblk1.genblk1.genblk1.genblk1.lut1 (6 -> 0)
  Optimizing lut $abc$37677$auto$blifparse.cc:557:parse_blif$40157.genblk1.genblk1.genblk1.genblk1.genblk1.genblk1.genblk1.genblk1.genblk1.genblk1.lut0.genblk1.genblk1.genblk1.genblk1.genblk1.genblk1.genblk1.genblk1.genblk1.lut0 (6 -> 0)
  Optimizing lut $abc$37677$auto$blifparse.cc:557:parse_blif$40165.genblk1.genblk1.genblk1.genblk1.genblk1.genblk1.genblk1.genblk1.genblk1.genblk1.lut0.genblk1.genblk1.genblk1.genblk1.genblk1.genblk1.genblk1.genblk1.genblk1.lut1 (6 -> 0)
  Optimizing lut $abc$37677$auto$blifparse.cc:557:parse_blif$40167.genblk1.genblk1.genblk1.genblk1.genblk1.genblk1.genblk1.genblk1.genblk1.genblk1.lut0.genblk1.genblk1.genblk1.genblk1.genblk1.genblk1.genblk1.genblk1.genblk1.lut1 (6 -> 0)
  Optimizing lut $abc$37677$auto$blifparse.cc:557:parse_blif$40168.genblk1.genblk1.genblk1.genblk1.genblk1.genblk1.genblk1.genblk1.genblk1.genblk1.lut0.genblk1.genblk1.genblk1.genblk1.genblk1.genblk1.genblk1.genblk1.genblk1.lut1 (6 -> 0)
  Optimizing lut $abc$37677$auto$blifparse.cc:557:parse_blif$40177.genblk1.genblk1.genblk1.genblk1.genblk1.genblk1.genblk1.genblk1.genblk1.lut0 (6 -> 0)
  Optimizing lut $abc$37677$auto$blifparse.cc:557:parse_blif$40165.genblk1.genblk1.genblk1.genblk1.genblk1.genblk1.genblk1.genblk1.genblk1.genblk1.lut0.genblk1.genblk1.genblk1.genblk1.genblk1.genblk1.genblk1.genblk1.genblk1.lut0 (6 -> 0)
  Optimizing lut $abc$37677$auto$blifparse.cc:557:parse_blif$40181.genblk1.genblk1.genblk1.genblk1.genblk1.genblk1.genblk1.genblk1.genblk1.genblk1.lut0.genblk1.genblk1.genblk1.genblk1.genblk1.genblk1.genblk1.genblk1.genblk1.lut1 (6 -> 0)
  Optimizing lut $abc$37677$auto$blifparse.cc:557:parse_blif$40192.genblk1.genblk1.genblk1.genblk1.genblk1.genblk1.genblk1.genblk1.genblk1.lut0 (6 -> 0)
  Optimizing lut $abc$37677$auto$blifparse.cc:557:parse_blif$40201.genblk1.genblk1.genblk1.genblk1.genblk1.genblk1.genblk1.genblk1.genblk1.lut0 (6 -> 0)
  Optimizing lut $abc$37677$auto$blifparse.cc:557:parse_blif$40204.genblk1.genblk1.genblk1.genblk1.genblk1.genblk1.genblk1.genblk1.genblk1.genblk1.lut1.genblk1.genblk1.genblk1.genblk1.genblk1.genblk1.genblk1.genblk1.genblk1.lut1 (6 -> 0)
  Optimizing lut $abc$37677$auto$blifparse.cc:557:parse_blif$40204.genblk1.genblk1.genblk1.genblk1.genblk1.genblk1.genblk1.genblk1.genblk1.genblk1.lut0.genblk1.genblk1.genblk1.genblk1.genblk1.genblk1.genblk1.genblk1.genblk1.lut1 (6 -> 1)
  Optimizing lut $abc$37677$auto$blifparse.cc:557:parse_blif$40213.genblk1.genblk1.genblk1.genblk1.genblk1.genblk1.genblk1.genblk1.genblk1.lut0 (6 -> 0)
  Optimizing lut $abc$37677$auto$blifparse.cc:557:parse_blif$40220.genblk1.genblk1.genblk1.genblk1.genblk1.genblk1.genblk1.genblk1.genblk1.lut1 (6 -> 0)
  Optimizing lut $abc$37677$auto$blifparse.cc:557:parse_blif$40249.genblk1.genblk1.genblk1.genblk1.genblk1.genblk1.genblk1.genblk1.genblk1.lut0 (6 -> 0)
  Optimizing lut $abc$37677$auto$blifparse.cc:557:parse_blif$40236.genblk1.genblk1.genblk1.genblk1.genblk1.genblk1.genblk1.genblk1.genblk1.lut1 (6 -> 1)
  Optimizing lut $abc$37677$auto$blifparse.cc:557:parse_blif$40253.genblk1.genblk1.genblk1.genblk1.genblk1.genblk1.genblk1.genblk1.genblk1.lut0 (6 -> 0)
  Optimizing lut $abc$37677$auto$blifparse.cc:557:parse_blif$40256.genblk1.genblk1.genblk1.genblk1.genblk1.genblk1.genblk1.genblk1.genblk1.genblk1.lut0.genblk1.genblk1.genblk1.genblk1.genblk1.genblk1.genblk1.genblk1.genblk1.lut1 (6 -> 4)
  Optimizing lut $abc$37677$auto$blifparse.cc:557:parse_blif$40256.genblk1.genblk1.genblk1.genblk1.genblk1.genblk1.genblk1.genblk1.genblk1.genblk1.lut0.genblk1.genblk1.genblk1.genblk1.genblk1.genblk1.genblk1.genblk1.genblk1.lut0 (6 -> 4)
  Optimizing lut $abc$37677$auto$blifparse.cc:557:parse_blif$40259.genblk1.genblk1.genblk1.genblk1.genblk1.genblk1.genblk1.genblk1.genblk1.genblk1.lut0.genblk1.genblk1.genblk1.genblk1.genblk1.genblk1.genblk1.genblk1.genblk1.lut1 (6 -> 0)
  Optimizing lut $abc$37677$auto$blifparse.cc:557:parse_blif$40262.genblk1.genblk1.genblk1.genblk1.genblk1.genblk1.genblk1.genblk1.genblk1.genblk1.lut1.genblk1.genblk1.genblk1.genblk1.genblk1.genblk1.genblk1.genblk1.genblk1.lut1 (6 -> 0)
  Optimizing lut $abc$37677$auto$blifparse.cc:557:parse_blif$40262.genblk1.genblk1.genblk1.genblk1.genblk1.genblk1.genblk1.genblk1.genblk1.genblk1.lut0.genblk1.genblk1.genblk1.genblk1.genblk1.genblk1.genblk1.genblk1.genblk1.lut1 (6 -> 0)
  Optimizing lut $abc$37677$auto$blifparse.cc:557:parse_blif$40267.genblk1.genblk1.genblk1.genblk1.genblk1.genblk1.genblk1.genblk1.genblk1.genblk1.lut0.genblk1.genblk1.genblk1.genblk1.genblk1.genblk1.genblk1.genblk1.genblk1.lut1 (6 -> 0)
  Optimizing lut $abc$37677$auto$blifparse.cc:557:parse_blif$40267.genblk1.genblk1.genblk1.genblk1.genblk1.genblk1.genblk1.genblk1.genblk1.genblk1.lut0.genblk1.genblk1.genblk1.genblk1.genblk1.genblk1.genblk1.genblk1.genblk1.lut0 (6 -> 0)
  Optimizing lut $abc$37677$auto$blifparse.cc:557:parse_blif$40293.genblk1.genblk1.genblk1.genblk1.genblk1.genblk1.genblk1.genblk1.genblk1.lut0 (6 -> 0)
  Optimizing lut $abc$37677$auto$blifparse.cc:557:parse_blif$40315.genblk1.genblk1.genblk1.genblk1.genblk1.genblk1.genblk1.genblk1.genblk1.lut0 (6 -> 0)
  Optimizing lut $abc$37677$auto$blifparse.cc:557:parse_blif$40317.genblk1.genblk1.genblk1.genblk1.genblk1.genblk1.genblk1.genblk1.genblk1.lut0 (6 -> 0)
  Optimizing lut $abc$37677$auto$blifparse.cc:557:parse_blif$40355.genblk1.genblk1.genblk1.genblk1.genblk1.genblk1.genblk1.genblk1.genblk1.lut0 (6 -> 0)
  Optimizing lut $abc$37677$auto$blifparse.cc:557:parse_blif$40307.genblk1.genblk1.genblk1.genblk1.genblk1.genblk1.genblk1.genblk1.genblk1.lut0 (6 -> 0)
  Optimizing lut $abc$37677$auto$blifparse.cc:557:parse_blif$40324.genblk1.genblk1.genblk1.genblk1.genblk1.genblk1.genblk1.genblk1.genblk1.lut0 (6 -> 0)
  Optimizing lut $abc$37677$auto$blifparse.cc:557:parse_blif$40359.genblk1.genblk1.genblk1.genblk1.genblk1.genblk1.genblk1.genblk1.genblk1.genblk1.lut0.genblk1.genblk1.genblk1.genblk1.genblk1.genblk1.genblk1.genblk1.genblk1.lut1 (6 -> 4)
  Optimizing lut $abc$37677$auto$blifparse.cc:557:parse_blif$40364.genblk1.genblk1.genblk1.genblk1.genblk1.genblk1.genblk1.genblk1.genblk1.genblk1.lut0.genblk1.genblk1.genblk1.genblk1.genblk1.genblk1.genblk1.genblk1.genblk1.lut1 (6 -> 0)
  Optimizing lut $abc$37677$auto$blifparse.cc:557:parse_blif$40365.genblk1.genblk1.genblk1.genblk1.genblk1.genblk1.genblk1.genblk1.genblk1.genblk1.lut0.genblk1.genblk1.genblk1.genblk1.genblk1.genblk1.genblk1.genblk1.genblk1.lut1 (6 -> 0)
  Optimizing lut $abc$37677$auto$blifparse.cc:557:parse_blif$40359.genblk1.genblk1.genblk1.genblk1.genblk1.genblk1.genblk1.genblk1.genblk1.genblk1.lut0.genblk1.genblk1.genblk1.genblk1.genblk1.genblk1.genblk1.genblk1.genblk1.lut0 (6 -> 4)
  Optimizing lut $abc$37677$auto$blifparse.cc:557:parse_blif$40397.genblk1.genblk1.genblk1.genblk1.genblk1.genblk1.genblk1.genblk1.genblk1.lut0 (6 -> 0)
  Optimizing lut $abc$37677$auto$blifparse.cc:557:parse_blif$40364.genblk1.genblk1.genblk1.genblk1.genblk1.genblk1.genblk1.genblk1.genblk1.genblk1.lut0.genblk1.genblk1.genblk1.genblk1.genblk1.genblk1.genblk1.genblk1.genblk1.lut0 (6 -> 0)
  Optimizing lut $abc$37677$auto$blifparse.cc:557:parse_blif$40416.genblk1.genblk1.genblk1.genblk1.genblk1.genblk1.genblk1.genblk1.genblk1.genblk1.lut0.genblk1.genblk1.genblk1.genblk1.genblk1.genblk1.genblk1.genblk1.genblk1.lut1 (6 -> 0)
  Optimizing lut $abc$37677$auto$blifparse.cc:557:parse_blif$40435.genblk1.genblk1.genblk1.genblk1.genblk1.genblk1.genblk1.genblk1.genblk1.lut0 (6 -> 1)
  Optimizing lut $abc$37677$auto$blifparse.cc:557:parse_blif$40476.genblk1.genblk1.genblk1.genblk1.genblk1.genblk1.genblk1.genblk1.genblk1.lut0 (6 -> 0)
  Optimizing lut $abc$37677$auto$blifparse.cc:557:parse_blif$40466.genblk1.genblk1.genblk1.genblk1.genblk1.genblk1.genblk1.genblk1.genblk1.genblk1.lut0.genblk1.genblk1.genblk1.genblk1.genblk1.genblk1.genblk1.genblk1.genblk1.lut1 (6 -> 0)
  Optimizing lut $abc$37677$auto$blifparse.cc:557:parse_blif$40466.genblk1.genblk1.genblk1.genblk1.genblk1.genblk1.genblk1.genblk1.genblk1.genblk1.lut0.genblk1.genblk1.genblk1.genblk1.genblk1.genblk1.genblk1.genblk1.genblk1.lut0 (6 -> 0)
  Optimizing lut $abc$37677$auto$blifparse.cc:557:parse_blif$40483.genblk1.genblk1.genblk1.genblk1.genblk1.genblk1.genblk1.genblk1.genblk1.genblk1.lut0.genblk1.genblk1.genblk1.genblk1.genblk1.genblk1.genblk1.genblk1.genblk1.lut1 (6 -> 0)
  Optimizing lut $abc$37677$auto$blifparse.cc:557:parse_blif$40484.genblk1.genblk1.genblk1.genblk1.genblk1.genblk1.genblk1.genblk1.genblk1.genblk1.lut0.genblk1.genblk1.genblk1.genblk1.genblk1.genblk1.genblk1.genblk1.genblk1.lut1 (6 -> 0)
  Optimizing lut $abc$37677$auto$blifparse.cc:557:parse_blif$40484.genblk1.genblk1.genblk1.genblk1.genblk1.genblk1.genblk1.genblk1.genblk1.genblk1.lut0.genblk1.genblk1.genblk1.genblk1.genblk1.genblk1.genblk1.genblk1.genblk1.lut0 (6 -> 0)
  Optimizing lut $abc$37677$auto$blifparse.cc:557:parse_blif$40493.genblk1.genblk1.genblk1.genblk1.genblk1.genblk1.genblk1.genblk1.genblk1.lut0 (6 -> 1)
  Optimizing lut $abc$37677$auto$blifparse.cc:557:parse_blif$40494.genblk1.genblk1.genblk1.genblk1.genblk1.genblk1.genblk1.genblk1.genblk1.genblk1.lut0.genblk1.genblk1.genblk1.genblk1.genblk1.genblk1.genblk1.genblk1.genblk1.lut1 (6 -> 0)
  Optimizing lut $abc$37677$auto$blifparse.cc:557:parse_blif$40503.genblk1.genblk1.genblk1.genblk1.genblk1.genblk1.genblk1.genblk1.genblk1.lut0 (6 -> 0)
  Optimizing lut $abc$37677$auto$blifparse.cc:557:parse_blif$40514.genblk1.genblk1.genblk1.genblk1.genblk1.genblk1.genblk1.genblk1.genblk1.genblk1.lut1.genblk1.genblk1.genblk1.genblk1.genblk1.genblk1.genblk1.genblk1.genblk1.lut1 (6 -> 1)
  Optimizing lut $abc$37677$auto$blifparse.cc:557:parse_blif$40514.genblk1.genblk1.genblk1.genblk1.genblk1.genblk1.genblk1.genblk1.genblk1.genblk1.lut0.genblk1.genblk1.genblk1.genblk1.genblk1.genblk1.genblk1.genblk1.genblk1.lut1 (6 -> 1)
  Optimizing lut $abc$37677$auto$blifparse.cc:557:parse_blif$40515.genblk1.genblk1.genblk1.genblk1.genblk1.genblk1.genblk1.genblk1.genblk1.genblk1.lut0.genblk1.genblk1.genblk1.genblk1.genblk1.genblk1.genblk1.genblk1.genblk1.lut1 (6 -> 0)
  Optimizing lut $abc$37677$auto$blifparse.cc:557:parse_blif$40528.genblk1.genblk1.genblk1.genblk1.genblk1.genblk1.genblk1.genblk1.genblk1.genblk1.lut0.genblk1.genblk1.genblk1.genblk1.genblk1.genblk1.genblk1.genblk1.genblk1.lut1 (6 -> 0)
  Optimizing lut $abc$37677$auto$blifparse.cc:557:parse_blif$40558.genblk1.genblk1.genblk1.genblk1.genblk1.genblk1.genblk1.genblk1.genblk1.lut0 (6 -> 0)
  Optimizing lut $abc$37677$auto$blifparse.cc:557:parse_blif$40543.genblk1.genblk1.genblk1.genblk1.genblk1.genblk1.genblk1.genblk1.genblk1.genblk1.lut0.genblk1.genblk1.genblk1.genblk1.genblk1.genblk1.genblk1.genblk1.genblk1.lut1 (6 -> 0)
  Optimizing lut $abc$37677$auto$blifparse.cc:557:parse_blif$40548.genblk1.genblk1.genblk1.genblk1.genblk1.genblk1.genblk1.genblk1.genblk1.genblk1.lut1.genblk1.genblk1.genblk1.genblk1.genblk1.genblk1.genblk1.genblk1.genblk1.lut1 (6 -> 0)
  Optimizing lut $abc$37677$auto$blifparse.cc:557:parse_blif$40548.genblk1.genblk1.genblk1.genblk1.genblk1.genblk1.genblk1.genblk1.genblk1.genblk1.lut0.genblk1.genblk1.genblk1.genblk1.genblk1.genblk1.genblk1.genblk1.genblk1.lut1 (6 -> 0)
  Optimizing lut $abc$37677$auto$blifparse.cc:557:parse_blif$40559.genblk1.genblk1.genblk1.genblk1.genblk1.genblk1.genblk1.genblk1.genblk1.lut0 (6 -> 0)
  Optimizing lut $abc$37677$auto$blifparse.cc:557:parse_blif$40548.genblk1.genblk1.genblk1.genblk1.genblk1.genblk1.genblk1.genblk1.genblk1.genblk1.lut0.genblk1.genblk1.genblk1.genblk1.genblk1.genblk1.genblk1.genblk1.genblk1.lut0 (6 -> 0)
  Optimizing lut $abc$37677$auto$blifparse.cc:557:parse_blif$40563.genblk1.genblk1.genblk1.genblk1.genblk1.genblk1.genblk1.genblk1.genblk1.genblk1.lut0.genblk1.genblk1.genblk1.genblk1.genblk1.genblk1.genblk1.genblk1.genblk1.lut1 (6 -> 0)
  Optimizing lut $abc$37677$auto$blifparse.cc:557:parse_blif$40566.genblk1.genblk1.genblk1.genblk1.genblk1.genblk1.genblk1.genblk1.genblk1.genblk1.lut0.genblk1.genblk1.genblk1.genblk1.genblk1.genblk1.genblk1.genblk1.genblk1.lut1 (6 -> 0)
  Optimizing lut $abc$37677$auto$blifparse.cc:557:parse_blif$40606.genblk1.genblk1.genblk1.genblk1.genblk1.genblk1.genblk1.genblk1.genblk1.lut0 (6 -> 0)
  Optimizing lut $abc$37677$auto$blifparse.cc:557:parse_blif$40598.genblk1.genblk1.genblk1.genblk1.genblk1.genblk1.genblk1.genblk1.genblk1.lut0 (6 -> 0)
  Optimizing lut $abc$37677$auto$blifparse.cc:557:parse_blif$40607.genblk1.genblk1.genblk1.genblk1.genblk1.genblk1.genblk1.genblk1.genblk1.lut0 (6 -> 0)
  Optimizing lut $abc$37677$auto$blifparse.cc:557:parse_blif$40565.genblk1.genblk1.genblk1.genblk1.genblk1.genblk1.genblk1.genblk1.genblk1.lut0 (6 -> 0)
  Optimizing lut $abc$37677$auto$blifparse.cc:557:parse_blif$40596.genblk1.genblk1.genblk1.genblk1.genblk1.genblk1.genblk1.genblk1.genblk1.lut0 (6 -> 0)
  Optimizing lut $abc$37677$auto$blifparse.cc:557:parse_blif$40627.genblk1.genblk1.genblk1.genblk1.genblk1.genblk1.genblk1.genblk1.genblk1.lut0 (6 -> 0)
  Optimizing lut $abc$37677$auto$blifparse.cc:557:parse_blif$40634.genblk1.genblk1.genblk1.genblk1.genblk1.genblk1.genblk1.genblk1.genblk1.lut0 (6 -> 0)
  Optimizing lut $abc$37677$auto$blifparse.cc:557:parse_blif$41661.genblk1.genblk1.genblk1.genblk1.genblk1.genblk1.genblk1.genblk1.genblk1.lut0 (6 -> 0)
  Optimizing lut $abc$37677$auto$blifparse.cc:557:parse_blif$40664.genblk1.genblk1.genblk1.genblk1.genblk1.genblk1.genblk1.genblk1.genblk1.genblk1.lut0.genblk1.genblk1.genblk1.genblk1.genblk1.genblk1.genblk1.genblk1.genblk1.lut0 (6 -> 0)
  Optimizing lut $abc$37677$auto$blifparse.cc:557:parse_blif$40668.genblk1.genblk1.genblk1.genblk1.genblk1.genblk1.genblk1.genblk1.genblk1.lut1 (6 -> 2)
  Optimizing lut $abc$37677$auto$blifparse.cc:557:parse_blif$40683.genblk1.genblk1.genblk1.genblk1.genblk1.genblk1.genblk1.genblk1.genblk1.genblk1.lut0.genblk1.genblk1.genblk1.genblk1.genblk1.genblk1.genblk1.genblk1.genblk1.lut1 (6 -> 0)
  Optimizing lut $abc$37677$auto$blifparse.cc:557:parse_blif$40694.genblk1.genblk1.genblk1.genblk1.genblk1.genblk1.genblk1.genblk1.genblk1.lut0 (6 -> 0)
  Optimizing lut $abc$37677$auto$blifparse.cc:557:parse_blif$40703.genblk1.genblk1.genblk1.genblk1.genblk1.genblk1.genblk1.genblk1.genblk1.genblk1.lut1.genblk1.genblk1.genblk1.genblk1.genblk1.genblk1.genblk1.genblk1.genblk1.lut1 (6 -> 5)
  Optimizing lut $abc$37677$auto$blifparse.cc:557:parse_blif$40703.genblk1.genblk1.genblk1.genblk1.genblk1.genblk1.genblk1.genblk1.genblk1.genblk1.lut0.genblk1.genblk1.genblk1.genblk1.genblk1.genblk1.genblk1.genblk1.genblk1.lut1 (6 -> 5)
  Optimizing lut $abc$37677$auto$blifparse.cc:557:parse_blif$40703.genblk1.genblk1.genblk1.genblk1.genblk1.genblk1.genblk1.genblk1.genblk1.genblk1.lut0.genblk1.genblk1.genblk1.genblk1.genblk1.genblk1.genblk1.genblk1.genblk1.lut0 (6 -> 5)
  Optimizing lut $abc$37677$auto$blifparse.cc:557:parse_blif$40716.genblk1.genblk1.genblk1.genblk1.genblk1.genblk1.genblk1.genblk1.genblk1.genblk1.lut1.genblk1.genblk1.genblk1.genblk1.genblk1.genblk1.genblk1.genblk1.genblk1.lut1 (6 -> 0)
  Optimizing lut $abc$37677$auto$blifparse.cc:557:parse_blif$40716.genblk1.genblk1.genblk1.genblk1.genblk1.genblk1.genblk1.genblk1.genblk1.genblk1.lut0.genblk1.genblk1.genblk1.genblk1.genblk1.genblk1.genblk1.genblk1.genblk1.lut1 (6 -> 0)
  Optimizing lut $abc$37677$auto$blifparse.cc:557:parse_blif$40731.genblk1.genblk1.genblk1.genblk1.genblk1.genblk1.genblk1.genblk1.genblk1.genblk1.lut0.genblk1.genblk1.genblk1.genblk1.genblk1.genblk1.genblk1.genblk1.genblk1.lut1 (6 -> 0)
  Optimizing lut $abc$37677$auto$blifparse.cc:557:parse_blif$40733.genblk1.genblk1.genblk1.genblk1.genblk1.genblk1.genblk1.genblk1.genblk1.genblk1.lut0.genblk1.genblk1.genblk1.genblk1.genblk1.genblk1.genblk1.genblk1.genblk1.lut1 (6 -> 0)
  Optimizing lut $abc$37677$auto$blifparse.cc:557:parse_blif$40736.genblk1.genblk1.genblk1.genblk1.genblk1.genblk1.genblk1.genblk1.genblk1.genblk1.lut1.genblk1.genblk1.genblk1.genblk1.genblk1.genblk1.genblk1.genblk1.genblk1.lut1 (6 -> 0)
  Optimizing lut $abc$37677$auto$blifparse.cc:557:parse_blif$40743.genblk1.genblk1.genblk1.genblk1.genblk1.genblk1.genblk1.genblk1.genblk1.genblk1.lut0.genblk1.genblk1.genblk1.genblk1.genblk1.genblk1.genblk1.genblk1.genblk1.lut1 (6 -> 0)
  Optimizing lut $abc$37677$auto$blifparse.cc:557:parse_blif$40774.genblk1.genblk1.genblk1.genblk1.genblk1.genblk1.genblk1.genblk1.genblk1.genblk1.lut0.genblk1.genblk1.genblk1.genblk1.genblk1.genblk1.genblk1.genblk1.genblk1.lut0 (6 -> 0)
  Optimizing lut $abc$37677$auto$blifparse.cc:557:parse_blif$40731.genblk1.genblk1.genblk1.genblk1.genblk1.genblk1.genblk1.genblk1.genblk1.genblk1.lut0.genblk1.genblk1.genblk1.genblk1.genblk1.genblk1.genblk1.genblk1.genblk1.lut0 (6 -> 0)
  Optimizing lut $abc$37677$auto$blifparse.cc:557:parse_blif$40775.genblk1.genblk1.genblk1.genblk1.genblk1.genblk1.genblk1.genblk1.genblk1.lut0 (6 -> 0)
  Optimizing lut $abc$37677$auto$blifparse.cc:557:parse_blif$40761.genblk1.genblk1.genblk1.genblk1.genblk1.genblk1.genblk1.genblk1.genblk1.genblk1.lut1.genblk1.genblk1.genblk1.genblk1.genblk1.genblk1.genblk1.genblk1.genblk1.lut1 (6 -> 1)
  Optimizing lut $abc$37677$auto$blifparse.cc:557:parse_blif$40761.genblk1.genblk1.genblk1.genblk1.genblk1.genblk1.genblk1.genblk1.genblk1.genblk1.lut0.genblk1.genblk1.genblk1.genblk1.genblk1.genblk1.genblk1.genblk1.genblk1.lut1 (6 -> 1)
  Optimizing lut $abc$37677$auto$blifparse.cc:557:parse_blif$40774.genblk1.genblk1.genblk1.genblk1.genblk1.genblk1.genblk1.genblk1.genblk1.genblk1.lut0.genblk1.genblk1.genblk1.genblk1.genblk1.genblk1.genblk1.genblk1.genblk1.lut1 (6 -> 0)
  Optimizing lut $abc$37677$auto$blifparse.cc:557:parse_blif$40778.genblk1.genblk1.genblk1.genblk1.genblk1.genblk1.genblk1.genblk1.genblk1.genblk1.lut0.genblk1.genblk1.genblk1.genblk1.genblk1.genblk1.genblk1.genblk1.genblk1.lut1 (6 -> 4)
  Optimizing lut $abc$37677$auto$blifparse.cc:557:parse_blif$40783.genblk1.genblk1.genblk1.genblk1.genblk1.genblk1.genblk1.genblk1.genblk1.genblk1.lut0.genblk1.genblk1.genblk1.genblk1.genblk1.genblk1.genblk1.genblk1.genblk1.lut1 (6 -> 0)
  Optimizing lut $abc$37677$auto$blifparse.cc:557:parse_blif$40805.genblk1.genblk1.genblk1.genblk1.genblk1.genblk1.genblk1.genblk1.genblk1.lut0 (6 -> 0)
  Optimizing lut $abc$37677$auto$blifparse.cc:557:parse_blif$40783.genblk1.genblk1.genblk1.genblk1.genblk1.genblk1.genblk1.genblk1.genblk1.genblk1.lut0.genblk1.genblk1.genblk1.genblk1.genblk1.genblk1.genblk1.genblk1.genblk1.lut0 (6 -> 0)
  Optimizing lut $abc$37677$auto$blifparse.cc:557:parse_blif$40778.genblk1.genblk1.genblk1.genblk1.genblk1.genblk1.genblk1.genblk1.genblk1.genblk1.lut0.genblk1.genblk1.genblk1.genblk1.genblk1.genblk1.genblk1.genblk1.genblk1.lut0 (6 -> 4)
  Optimizing lut $abc$37677$auto$blifparse.cc:557:parse_blif$40822.genblk1.genblk1.genblk1.genblk1.genblk1.genblk1.genblk1.genblk1.genblk1.genblk1.lut1.genblk1.genblk1.genblk1.genblk1.genblk1.genblk1.genblk1.genblk1.genblk1.lut1 (6 -> 0)
  Optimizing lut $abc$37677$auto$blifparse.cc:557:parse_blif$40822.genblk1.genblk1.genblk1.genblk1.genblk1.genblk1.genblk1.genblk1.genblk1.genblk1.lut0.genblk1.genblk1.genblk1.genblk1.genblk1.genblk1.genblk1.genblk1.genblk1.lut1 (6 -> 0)
  Optimizing lut $abc$37677$auto$blifparse.cc:557:parse_blif$40833.genblk1.genblk1.genblk1.genblk1.genblk1.genblk1.genblk1.genblk1.genblk1.lut0 (6 -> 1)
  Optimizing lut $abc$37677$auto$blifparse.cc:557:parse_blif$40822.genblk1.genblk1.genblk1.genblk1.genblk1.genblk1.genblk1.genblk1.genblk1.genblk1.lut0.genblk1.genblk1.genblk1.genblk1.genblk1.genblk1.genblk1.genblk1.genblk1.lut0 (6 -> 0)
  Optimizing lut $abc$37677$auto$blifparse.cc:557:parse_blif$40835.genblk1.genblk1.genblk1.genblk1.genblk1.genblk1.genblk1.genblk1.genblk1.genblk1.lut0.genblk1.genblk1.genblk1.genblk1.genblk1.genblk1.genblk1.genblk1.genblk1.lut1 (6 -> 0)
  Optimizing lut $abc$37677$auto$blifparse.cc:557:parse_blif$40839.genblk1.genblk1.genblk1.genblk1.genblk1.genblk1.genblk1.genblk1.genblk1.genblk1.lut1.genblk1.genblk1.genblk1.genblk1.genblk1.genblk1.genblk1.genblk1.genblk1.lut1 (6 -> 0)
  Optimizing lut $abc$37677$auto$blifparse.cc:557:parse_blif$41444.genblk1.genblk1.genblk1.genblk1.genblk1.genblk1.genblk1.genblk1.genblk1.lut0 (6 -> 0)
  Optimizing lut $abc$37677$auto$blifparse.cc:557:parse_blif$40861.genblk1.genblk1.genblk1.genblk1.genblk1.genblk1.genblk1.genblk1.genblk1.lut0 (6 -> 1)
  Optimizing lut $abc$37677$auto$blifparse.cc:557:parse_blif$40885.genblk1.genblk1.genblk1.genblk1.genblk1.genblk1.genblk1.genblk1.genblk1.genblk1.lut1.genblk1.genblk1.genblk1.genblk1.genblk1.genblk1.genblk1.genblk1.genblk1.lut1 (6 -> 0)
  Optimizing lut $abc$37677$auto$blifparse.cc:557:parse_blif$40885.genblk1.genblk1.genblk1.genblk1.genblk1.genblk1.genblk1.genblk1.genblk1.genblk1.lut0.genblk1.genblk1.genblk1.genblk1.genblk1.genblk1.genblk1.genblk1.genblk1.lut1 (6 -> 0)
  Optimizing lut $abc$37677$auto$blifparse.cc:557:parse_blif$40913.genblk1.genblk1.genblk1.genblk1.genblk1.genblk1.genblk1.genblk1.genblk1.lut0 (6 -> 0)
  Optimizing lut $abc$37677$auto$blifparse.cc:557:parse_blif$40916.genblk1.genblk1.genblk1.genblk1.genblk1.genblk1.genblk1.genblk1.genblk1.lut0 (6 -> 3)
  Optimizing lut $abc$37677$auto$blifparse.cc:557:parse_blif$40924.genblk1.genblk1.genblk1.genblk1.genblk1.genblk1.genblk1.genblk1.genblk1.lut0 (6 -> 0)
  Optimizing lut $abc$37677$auto$blifparse.cc:557:parse_blif$40936.genblk1.genblk1.genblk1.genblk1.genblk1.genblk1.genblk1.genblk1.genblk1.genblk1.lut0.genblk1.genblk1.genblk1.genblk1.genblk1.genblk1.genblk1.genblk1.genblk1.lut1 (6 -> 0)
  Optimizing lut $abc$37677$auto$blifparse.cc:557:parse_blif$40937.genblk1.genblk1.genblk1.genblk1.genblk1.genblk1.genblk1.genblk1.genblk1.genblk1.lut0.genblk1.genblk1.genblk1.genblk1.genblk1.genblk1.genblk1.genblk1.genblk1.lut1 (6 -> 0)
  Optimizing lut $abc$37677$auto$blifparse.cc:557:parse_blif$40936.genblk1.genblk1.genblk1.genblk1.genblk1.genblk1.genblk1.genblk1.genblk1.genblk1.lut0.genblk1.genblk1.genblk1.genblk1.genblk1.genblk1.genblk1.genblk1.genblk1.lut0 (6 -> 0)
  Optimizing lut $abc$37677$auto$blifparse.cc:557:parse_blif$40977.genblk1.genblk1.genblk1.genblk1.genblk1.genblk1.genblk1.genblk1.genblk1.lut1 (6 -> 2)
  Optimizing lut $abc$37677$auto$blifparse.cc:557:parse_blif$40948.genblk1.genblk1.genblk1.genblk1.genblk1.genblk1.genblk1.genblk1.genblk1.lut0 (6 -> 0)
  Optimizing lut $abc$37677$auto$blifparse.cc:557:parse_blif$40968.genblk1.genblk1.genblk1.genblk1.genblk1.genblk1.genblk1.genblk1.genblk1.genblk1.lut0.genblk1.genblk1.genblk1.genblk1.genblk1.genblk1.genblk1.genblk1.genblk1.lut1 (6 -> 5)
  Optimizing lut $abc$37677$auto$blifparse.cc:557:parse_blif$40975.genblk1.genblk1.genblk1.genblk1.genblk1.genblk1.genblk1.genblk1.genblk1.lut0 (6 -> 0)
  Optimizing lut $abc$37677$auto$blifparse.cc:557:parse_blif$40968.genblk1.genblk1.genblk1.genblk1.genblk1.genblk1.genblk1.genblk1.genblk1.genblk1.lut0.genblk1.genblk1.genblk1.genblk1.genblk1.genblk1.genblk1.genblk1.genblk1.lut0 (6 -> 0)
  Optimizing lut $abc$37677$auto$blifparse.cc:557:parse_blif$40955.genblk1.genblk1.genblk1.genblk1.genblk1.genblk1.genblk1.genblk1.genblk1.lut0 (6 -> 0)
  Optimizing lut $abc$37677$auto$blifparse.cc:557:parse_blif$40981.genblk1.genblk1.genblk1.genblk1.genblk1.genblk1.genblk1.genblk1.genblk1.genblk1.lut0.genblk1.genblk1.genblk1.genblk1.genblk1.genblk1.genblk1.genblk1.genblk1.lut1 (6 -> 0)
  Optimizing lut $abc$37677$auto$blifparse.cc:557:parse_blif$40993.genblk1.genblk1.genblk1.genblk1.genblk1.genblk1.genblk1.genblk1.genblk1.lut0 (6 -> 0)
  Optimizing lut $abc$37677$auto$blifparse.cc:557:parse_blif$40981.genblk1.genblk1.genblk1.genblk1.genblk1.genblk1.genblk1.genblk1.genblk1.genblk1.lut0.genblk1.genblk1.genblk1.genblk1.genblk1.genblk1.genblk1.genblk1.genblk1.lut0 (6 -> 0)
  Optimizing lut $abc$37677$auto$blifparse.cc:557:parse_blif$41008.genblk1.genblk1.genblk1.genblk1.genblk1.genblk1.genblk1.genblk1.genblk1.lut0 (6 -> 1)
  Optimizing lut $abc$37677$auto$blifparse.cc:557:parse_blif$41021.genblk1.genblk1.genblk1.genblk1.genblk1.genblk1.genblk1.genblk1.genblk1.lut0 (6 -> 0)
  Optimizing lut $abc$37677$auto$blifparse.cc:557:parse_blif$41036.genblk1.genblk1.genblk1.genblk1.genblk1.genblk1.genblk1.genblk1.genblk1.genblk1.lut1.genblk1.genblk1.genblk1.genblk1.genblk1.genblk1.genblk1.genblk1.genblk1.lut1 (6 -> 0)
  Optimizing lut $abc$37677$auto$blifparse.cc:557:parse_blif$41033.genblk1.genblk1.genblk1.genblk1.genblk1.genblk1.genblk1.genblk1.genblk1.lut0 (6 -> 0)
  Optimizing lut $abc$37677$auto$blifparse.cc:557:parse_blif$41042.genblk1.genblk1.genblk1.genblk1.genblk1.genblk1.genblk1.genblk1.genblk1.genblk1.lut0.genblk1.genblk1.genblk1.genblk1.genblk1.genblk1.genblk1.genblk1.genblk1.lut1 (6 -> 0)
  Optimizing lut $abc$37677$auto$blifparse.cc:557:parse_blif$41043.genblk1.genblk1.genblk1.genblk1.genblk1.genblk1.genblk1.genblk1.genblk1.genblk1.lut0.genblk1.genblk1.genblk1.genblk1.genblk1.genblk1.genblk1.genblk1.genblk1.lut1 (6 -> 0)
  Optimizing lut $abc$37677$auto$blifparse.cc:557:parse_blif$41045.genblk1.genblk1.genblk1.genblk1.genblk1.genblk1.genblk1.genblk1.genblk1.lut0 (6 -> 0)
  Optimizing lut $abc$37677$auto$blifparse.cc:557:parse_blif$41043.genblk1.genblk1.genblk1.genblk1.genblk1.genblk1.genblk1.genblk1.genblk1.genblk1.lut0.genblk1.genblk1.genblk1.genblk1.genblk1.genblk1.genblk1.genblk1.genblk1.lut0 (6 -> 0)
  Optimizing lut $abc$37677$auto$blifparse.cc:557:parse_blif$41046.genblk1.genblk1.genblk1.genblk1.genblk1.genblk1.genblk1.genblk1.genblk1.genblk1.lut0.genblk1.genblk1.genblk1.genblk1.genblk1.genblk1.genblk1.genblk1.genblk1.lut1 (6 -> 1)
  Optimizing lut $abc$37677$auto$blifparse.cc:557:parse_blif$41042.genblk1.genblk1.genblk1.genblk1.genblk1.genblk1.genblk1.genblk1.genblk1.genblk1.lut0.genblk1.genblk1.genblk1.genblk1.genblk1.genblk1.genblk1.genblk1.genblk1.lut0 (6 -> 0)
  Optimizing lut $abc$37677$auto$blifparse.cc:557:parse_blif$41066.genblk1.genblk1.genblk1.genblk1.genblk1.genblk1.genblk1.genblk1.genblk1.genblk1.lut0.genblk1.genblk1.genblk1.genblk1.genblk1.genblk1.genblk1.genblk1.genblk1.lut1 (6 -> 0)
  Optimizing lut $abc$37677$auto$blifparse.cc:557:parse_blif$41069.genblk1.genblk1.genblk1.genblk1.genblk1.genblk1.genblk1.genblk1.genblk1.genblk1.lut0.genblk1.genblk1.genblk1.genblk1.genblk1.genblk1.genblk1.genblk1.genblk1.lut1 (6 -> 0)
  Optimizing lut $abc$37677$auto$blifparse.cc:557:parse_blif$41072.genblk1.genblk1.genblk1.genblk1.genblk1.genblk1.genblk1.genblk1.genblk1.genblk1.lut0.genblk1.genblk1.genblk1.genblk1.genblk1.genblk1.genblk1.genblk1.genblk1.lut1 (6 -> 4)
  Optimizing lut $abc$37677$auto$blifparse.cc:557:parse_blif$41084.genblk1.genblk1.genblk1.genblk1.genblk1.genblk1.genblk1.genblk1.genblk1.lut0 (6 -> 0)
  Optimizing lut $abc$37677$auto$blifparse.cc:557:parse_blif$41077.genblk1.genblk1.genblk1.genblk1.genblk1.genblk1.genblk1.genblk1.genblk1.genblk1.lut0.genblk1.genblk1.genblk1.genblk1.genblk1.genblk1.genblk1.genblk1.genblk1.lut1 (6 -> 0)
  Optimizing lut $abc$37677$auto$blifparse.cc:557:parse_blif$41072.genblk1.genblk1.genblk1.genblk1.genblk1.genblk1.genblk1.genblk1.genblk1.genblk1.lut0.genblk1.genblk1.genblk1.genblk1.genblk1.genblk1.genblk1.genblk1.genblk1.lut0 (6 -> 4)
  Optimizing lut $abc$37677$auto$blifparse.cc:557:parse_blif$41077.genblk1.genblk1.genblk1.genblk1.genblk1.genblk1.genblk1.genblk1.genblk1.genblk1.lut1.genblk1.genblk1.genblk1.genblk1.genblk1.genblk1.genblk1.genblk1.genblk1.lut1 (6 -> 0)
  Optimizing lut $abc$37677$auto$blifparse.cc:557:parse_blif$41231.genblk1.genblk1.genblk1.genblk1.genblk1.genblk1.genblk1.genblk1.genblk1.lut0 (6 -> 0)
  Optimizing lut $abc$37677$auto$blifparse.cc:557:parse_blif$38082.genblk1.genblk1.genblk1.genblk1.genblk1.genblk1.genblk1.genblk1.genblk1.lut1 (6 -> 5)
  Optimizing lut $abc$37677$auto$blifparse.cc:557:parse_blif$41278.genblk1.genblk1.genblk1.genblk1.genblk1.genblk1.genblk1.genblk1.genblk1.genblk1.lut0.genblk1.genblk1.genblk1.genblk1.genblk1.genblk1.genblk1.genblk1.genblk1.lut1 (6 -> 0)
  Optimizing lut $abc$37677$auto$blifparse.cc:557:parse_blif$41278.genblk1.genblk1.genblk1.genblk1.genblk1.genblk1.genblk1.genblk1.genblk1.genblk1.lut0.genblk1.genblk1.genblk1.genblk1.genblk1.genblk1.genblk1.genblk1.genblk1.lut0 (6 -> 0)
  Optimizing lut $abc$37677$auto$blifparse.cc:557:parse_blif$41289.genblk1.genblk1.genblk1.genblk1.genblk1.genblk1.genblk1.genblk1.genblk1.lut0 (6 -> 0)
  Optimizing lut $abc$37677$auto$blifparse.cc:557:parse_blif$41460.genblk1.genblk1.genblk1.genblk1.genblk1.genblk1.genblk1.genblk1.genblk1.lut0 (6 -> 0)
  Optimizing lut $abc$37677$auto$blifparse.cc:557:parse_blif$37716.genblk1.genblk1.genblk1.genblk1.genblk1.genblk1.genblk1.genblk1.genblk1.lut0 (6 -> 1)
  Optimizing lut $abc$37677$auto$blifparse.cc:557:parse_blif$37750.genblk1.genblk1.genblk1.genblk1.genblk1.genblk1.genblk1.genblk1.genblk1.lut0 (6 -> 1)
  Optimizing lut $abc$37677$auto$blifparse.cc:557:parse_blif$37749.genblk1.genblk1.genblk1.genblk1.genblk1.genblk1.genblk1.genblk1.genblk1.lut0 (6 -> 1)
  Optimizing lut $abc$37677$auto$blifparse.cc:557:parse_blif$37748.genblk1.genblk1.genblk1.genblk1.genblk1.genblk1.genblk1.genblk1.genblk1.lut0 (6 -> 1)
  Optimizing lut $abc$37677$auto$blifparse.cc:557:parse_blif$37747.genblk1.genblk1.genblk1.genblk1.genblk1.genblk1.genblk1.genblk1.genblk1.lut0 (6 -> 1)
  Optimizing lut $abc$37677$auto$blifparse.cc:557:parse_blif$37722.genblk1.genblk1.genblk1.genblk1.genblk1.genblk1.genblk1.genblk1.genblk1.lut0 (6 -> 1)
  Optimizing lut $abc$37677$auto$blifparse.cc:557:parse_blif$37721.genblk1.genblk1.genblk1.genblk1.genblk1.genblk1.genblk1.genblk1.genblk1.lut0 (6 -> 1)
  Optimizing lut $abc$37677$auto$blifparse.cc:557:parse_blif$37720.genblk1.genblk1.genblk1.genblk1.genblk1.genblk1.genblk1.genblk1.genblk1.lut0 (6 -> 1)
  Optimizing lut $abc$37677$auto$blifparse.cc:557:parse_blif$37714.genblk1.genblk1.genblk1.genblk1.genblk1.genblk1.genblk1.genblk1.genblk1.lut0 (6 -> 1)
  Optimizing lut $abc$37677$auto$blifparse.cc:557:parse_blif$37713.genblk1.genblk1.genblk1.genblk1.genblk1.genblk1.genblk1.genblk1.genblk1.lut0 (6 -> 1)
  Optimizing lut $abc$37677$auto$blifparse.cc:557:parse_blif$37712.genblk1.genblk1.genblk1.genblk1.genblk1.genblk1.genblk1.genblk1.genblk1.lut0 (6 -> 1)
  Optimizing lut $abc$37677$auto$blifparse.cc:557:parse_blif$37718.genblk1.genblk1.genblk1.genblk1.genblk1.genblk1.genblk1.genblk1.genblk1.lut0 (6 -> 1)
  Optimizing lut $abc$37677$auto$blifparse.cc:557:parse_blif$37717.genblk1.genblk1.genblk1.genblk1.genblk1.genblk1.genblk1.genblk1.genblk1.lut0 (6 -> 1)
  Optimizing lut $abc$37677$auto$blifparse.cc:557:parse_blif$40994.genblk1.genblk1.genblk1.genblk1.genblk1.genblk1.genblk1.genblk1.genblk1.lut0 (6 -> 0)
  Optimizing lut $abc$37677$auto$blifparse.cc:557:parse_blif$41004.genblk1.genblk1.genblk1.genblk1.genblk1.genblk1.genblk1.genblk1.genblk1.lut0 (6 -> 0)
  Optimizing lut $abc$37677$auto$blifparse.cc:557:parse_blif$40799.genblk1.genblk1.genblk1.genblk1.genblk1.genblk1.genblk1.genblk1.genblk1.lut0 (6 -> 0)
  Optimizing lut $abc$37677$auto$blifparse.cc:557:parse_blif$40683.genblk1.genblk1.genblk1.genblk1.genblk1.genblk1.genblk1.genblk1.genblk1.genblk1.lut0.genblk1.genblk1.genblk1.genblk1.genblk1.genblk1.genblk1.genblk1.genblk1.lut0 (6 -> 0)
  Optimizing lut $abc$37677$auto$blifparse.cc:557:parse_blif$40467.genblk1.genblk1.genblk1.genblk1.genblk1.genblk1.genblk1.genblk1.genblk1.lut0 (6 -> 0)
  Optimizing lut $abc$37677$auto$blifparse.cc:557:parse_blif$40377.genblk1.genblk1.genblk1.genblk1.genblk1.genblk1.genblk1.genblk1.genblk1.lut0 (6 -> 0)
  Optimizing lut $abc$37677$auto$blifparse.cc:557:parse_blif$39973.genblk1.genblk1.genblk1.genblk1.genblk1.genblk1.genblk1.genblk1.genblk1.lut0 (6 -> 0)
  Optimizing lut $abc$37677$auto$blifparse.cc:557:parse_blif$39974.genblk1.genblk1.genblk1.genblk1.genblk1.genblk1.genblk1.genblk1.genblk1.genblk1.lut1.genblk1.genblk1.genblk1.genblk1.genblk1.genblk1.genblk1.genblk1.genblk1.lut1 (6 -> 0)
  Optimizing lut $abc$37677$auto$blifparse.cc:557:parse_blif$41055.genblk1.genblk1.genblk1.genblk1.genblk1.genblk1.genblk1.genblk1.genblk1.lut0 (6 -> 0)
  Optimizing lut $abc$37677$auto$blifparse.cc:557:parse_blif$41032.genblk1.genblk1.genblk1.genblk1.genblk1.genblk1.genblk1.genblk1.genblk1.lut0 (6 -> 0)
  Optimizing lut $abc$37677$auto$blifparse.cc:557:parse_blif$40945.genblk1.genblk1.genblk1.genblk1.genblk1.genblk1.genblk1.genblk1.genblk1.lut0 (6 -> 0)
  Optimizing lut $abc$37677$auto$blifparse.cc:557:parse_blif$40529.genblk1.genblk1.genblk1.genblk1.genblk1.genblk1.genblk1.genblk1.genblk1.lut0 (6 -> 0)
  Optimizing lut $abc$37677$auto$blifparse.cc:557:parse_blif$40023.genblk1.genblk1.genblk1.genblk1.genblk1.genblk1.genblk1.genblk1.genblk1.lut0 (6 -> 0)
  Optimizing lut $abc$37677$auto$blifparse.cc:557:parse_blif$39821.genblk1.genblk1.genblk1.genblk1.genblk1.genblk1.genblk1.genblk1.genblk1.lut0 (6 -> 0)
  Optimizing lut $abc$37677$auto$blifparse.cc:557:parse_blif$39831.genblk1.genblk1.genblk1.genblk1.genblk1.genblk1.genblk1.genblk1.genblk1.lut0 (6 -> 0)
  Optimizing lut $abc$37677$auto$blifparse.cc:557:parse_blif$39814.genblk1.genblk1.genblk1.genblk1.genblk1.genblk1.genblk1.genblk1.genblk1.lut0 (6 -> 0)

5.48. Executing CLKBUFMAP pass (inserting clock buffers).
Inserting BUFG on cap_pdb_dual_port_compact_allocation_engine.$iopadmap$clk[0].
Removed 486 unused cells and 19785 unused wires.

5.49. Executing HIERARCHY pass (managing design hierarchy).
Attribute `top' found on module `cap_pdb_dual_port_compact_allocation_engine'. Setting top module to cap_pdb_dual_port_compact_allocation_engine.

5.49.1. Analyzing design hierarchy..
Top module:  \cap_pdb_dual_port_compact_allocation_engine
Used module:     $paramod$3c933f59fd04475806c89d43d681470cb4a1a28b\cap_pdb_dual_read_bank

5.49.2. Analyzing design hierarchy..
Top module:  \cap_pdb_dual_port_compact_allocation_engine
Used module:     $paramod$3c933f59fd04475806c89d43d681470cb4a1a28b\cap_pdb_dual_read_bank
Removed 0 unused modules.
Warning: Resizing cell port $paramod$3c933f59fd04475806c89d43d681470cb4a1a28b\cap_pdb_dual_read_bank.memory.1.9.WEA from 4 bits to 2 bits.
Warning: Resizing cell port $paramod$3c933f59fd04475806c89d43d681470cb4a1a28b\cap_pdb_dual_read_bank.memory.1.9.DOPBDOP from 8 bits to 2 bits.
Warning: Resizing cell port $paramod$3c933f59fd04475806c89d43d681470cb4a1a28b\cap_pdb_dual_read_bank.memory.1.9.DOBDO from 64 bits to 16 bits.
Warning: Resizing cell port $paramod$3c933f59fd04475806c89d43d681470cb4a1a28b\cap_pdb_dual_read_bank.memory.1.9.DIPADIP from 8 bits to 2 bits.
Warning: Resizing cell port $paramod$3c933f59fd04475806c89d43d681470cb4a1a28b\cap_pdb_dual_read_bank.memory.1.9.DIADI from 64 bits to 16 bits.
Warning: Resizing cell port $paramod$3c933f59fd04475806c89d43d681470cb4a1a28b\cap_pdb_dual_read_bank.memory.1.9.DOPADOP from 8 bits to 2 bits.
Warning: Resizing cell port $paramod$3c933f59fd04475806c89d43d681470cb4a1a28b\cap_pdb_dual_read_bank.memory.1.9.DOADO from 64 bits to 16 bits.
Warning: Resizing cell port $paramod$3c933f59fd04475806c89d43d681470cb4a1a28b\cap_pdb_dual_read_bank.memory.1.8.WEA from 4 bits to 2 bits.
Warning: Resizing cell port $paramod$3c933f59fd04475806c89d43d681470cb4a1a28b\cap_pdb_dual_read_bank.memory.1.8.DOPBDOP from 8 bits to 2 bits.
Warning: Resizing cell port $paramod$3c933f59fd04475806c89d43d681470cb4a1a28b\cap_pdb_dual_read_bank.memory.1.8.DOBDO from 64 bits to 16 bits.
Warning: Resizing cell port $paramod$3c933f59fd04475806c89d43d681470cb4a1a28b\cap_pdb_dual_read_bank.memory.1.8.DIPADIP from 8 bits to 2 bits.
Warning: Resizing cell port $paramod$3c933f59fd04475806c89d43d681470cb4a1a28b\cap_pdb_dual_read_bank.memory.1.8.DIADI from 64 bits to 16 bits.
Warning: Resizing cell port $paramod$3c933f59fd04475806c89d43d681470cb4a1a28b\cap_pdb_dual_read_bank.memory.1.8.DOPADOP from 8 bits to 2 bits.
Warning: Resizing cell port $paramod$3c933f59fd04475806c89d43d681470cb4a1a28b\cap_pdb_dual_read_bank.memory.1.8.DOADO from 64 bits to 16 bits.
Warning: Resizing cell port $paramod$3c933f59fd04475806c89d43d681470cb4a1a28b\cap_pdb_dual_read_bank.memory.1.7.WEA from 4 bits to 2 bits.
Warning: Resizing cell port $paramod$3c933f59fd04475806c89d43d681470cb4a1a28b\cap_pdb_dual_read_bank.memory.1.7.DOPBDOP from 8 bits to 2 bits.
Warning: Resizing cell port $paramod$3c933f59fd04475806c89d43d681470cb4a1a28b\cap_pdb_dual_read_bank.memory.1.7.DOBDO from 64 bits to 16 bits.
Warning: Resizing cell port $paramod$3c933f59fd04475806c89d43d681470cb4a1a28b\cap_pdb_dual_read_bank.memory.1.7.DIPADIP from 8 bits to 2 bits.
Warning: Resizing cell port $paramod$3c933f59fd04475806c89d43d681470cb4a1a28b\cap_pdb_dual_read_bank.memory.1.7.DIADI from 64 bits to 16 bits.
Warning: Resizing cell port $paramod$3c933f59fd04475806c89d43d681470cb4a1a28b\cap_pdb_dual_read_bank.memory.1.7.DOPADOP from 8 bits to 2 bits.
Warning: Resizing cell port $paramod$3c933f59fd04475806c89d43d681470cb4a1a28b\cap_pdb_dual_read_bank.memory.1.7.DOADO from 64 bits to 16 bits.
Warning: Resizing cell port $paramod$3c933f59fd04475806c89d43d681470cb4a1a28b\cap_pdb_dual_read_bank.memory.1.6.WEA from 4 bits to 2 bits.
Warning: Resizing cell port $paramod$3c933f59fd04475806c89d43d681470cb4a1a28b\cap_pdb_dual_read_bank.memory.1.6.DOPBDOP from 8 bits to 2 bits.
Warning: Resizing cell port $paramod$3c933f59fd04475806c89d43d681470cb4a1a28b\cap_pdb_dual_read_bank.memory.1.6.DOBDO from 64 bits to 16 bits.
Warning: Resizing cell port $paramod$3c933f59fd04475806c89d43d681470cb4a1a28b\cap_pdb_dual_read_bank.memory.1.6.DIPADIP from 8 bits to 2 bits.
Warning: Resizing cell port $paramod$3c933f59fd04475806c89d43d681470cb4a1a28b\cap_pdb_dual_read_bank.memory.1.6.DIADI from 64 bits to 16 bits.
Warning: Resizing cell port $paramod$3c933f59fd04475806c89d43d681470cb4a1a28b\cap_pdb_dual_read_bank.memory.1.6.DOPADOP from 8 bits to 2 bits.
Warning: Resizing cell port $paramod$3c933f59fd04475806c89d43d681470cb4a1a28b\cap_pdb_dual_read_bank.memory.1.6.DOADO from 64 bits to 16 bits.
Warning: Resizing cell port $paramod$3c933f59fd04475806c89d43d681470cb4a1a28b\cap_pdb_dual_read_bank.memory.1.5.WEA from 4 bits to 2 bits.
Warning: Resizing cell port $paramod$3c933f59fd04475806c89d43d681470cb4a1a28b\cap_pdb_dual_read_bank.memory.1.5.DOPBDOP from 8 bits to 2 bits.
Warning: Resizing cell port $paramod$3c933f59fd04475806c89d43d681470cb4a1a28b\cap_pdb_dual_read_bank.memory.1.5.DOBDO from 64 bits to 16 bits.
Warning: Resizing cell port $paramod$3c933f59fd04475806c89d43d681470cb4a1a28b\cap_pdb_dual_read_bank.memory.1.5.DIPADIP from 8 bits to 2 bits.
Warning: Resizing cell port $paramod$3c933f59fd04475806c89d43d681470cb4a1a28b\cap_pdb_dual_read_bank.memory.1.5.DIADI from 64 bits to 16 bits.
Warning: Resizing cell port $paramod$3c933f59fd04475806c89d43d681470cb4a1a28b\cap_pdb_dual_read_bank.memory.1.5.DOPADOP from 8 bits to 2 bits.
Warning: Resizing cell port $paramod$3c933f59fd04475806c89d43d681470cb4a1a28b\cap_pdb_dual_read_bank.memory.1.5.DOADO from 64 bits to 16 bits.
Warning: Resizing cell port $paramod$3c933f59fd04475806c89d43d681470cb4a1a28b\cap_pdb_dual_read_bank.memory.1.4.WEA from 4 bits to 2 bits.
Warning: Resizing cell port $paramod$3c933f59fd04475806c89d43d681470cb4a1a28b\cap_pdb_dual_read_bank.memory.1.4.DOPBDOP from 8 bits to 2 bits.
Warning: Resizing cell port $paramod$3c933f59fd04475806c89d43d681470cb4a1a28b\cap_pdb_dual_read_bank.memory.1.4.DOBDO from 64 bits to 16 bits.
Warning: Resizing cell port $paramod$3c933f59fd04475806c89d43d681470cb4a1a28b\cap_pdb_dual_read_bank.memory.1.4.DIPADIP from 8 bits to 2 bits.
Warning: Resizing cell port $paramod$3c933f59fd04475806c89d43d681470cb4a1a28b\cap_pdb_dual_read_bank.memory.1.4.DIADI from 64 bits to 16 bits.
Warning: Resizing cell port $paramod$3c933f59fd04475806c89d43d681470cb4a1a28b\cap_pdb_dual_read_bank.memory.1.4.DOPADOP from 8 bits to 2 bits.
Warning: Resizing cell port $paramod$3c933f59fd04475806c89d43d681470cb4a1a28b\cap_pdb_dual_read_bank.memory.1.4.DOADO from 64 bits to 16 bits.
Warning: Resizing cell port $paramod$3c933f59fd04475806c89d43d681470cb4a1a28b\cap_pdb_dual_read_bank.memory.1.3.WEA from 4 bits to 2 bits.
Warning: Resizing cell port $paramod$3c933f59fd04475806c89d43d681470cb4a1a28b\cap_pdb_dual_read_bank.memory.1.3.DOPBDOP from 8 bits to 2 bits.
Warning: Resizing cell port $paramod$3c933f59fd04475806c89d43d681470cb4a1a28b\cap_pdb_dual_read_bank.memory.1.3.DOBDO from 64 bits to 16 bits.
Warning: Resizing cell port $paramod$3c933f59fd04475806c89d43d681470cb4a1a28b\cap_pdb_dual_read_bank.memory.1.3.DIPADIP from 8 bits to 2 bits.
Warning: Resizing cell port $paramod$3c933f59fd04475806c89d43d681470cb4a1a28b\cap_pdb_dual_read_bank.memory.1.3.DIADI from 64 bits to 16 bits.
Warning: Resizing cell port $paramod$3c933f59fd04475806c89d43d681470cb4a1a28b\cap_pdb_dual_read_bank.memory.1.3.DOPADOP from 8 bits to 2 bits.
Warning: Resizing cell port $paramod$3c933f59fd04475806c89d43d681470cb4a1a28b\cap_pdb_dual_read_bank.memory.1.3.DOADO from 64 bits to 16 bits.
Warning: Resizing cell port $paramod$3c933f59fd04475806c89d43d681470cb4a1a28b\cap_pdb_dual_read_bank.memory.1.2.WEA from 4 bits to 2 bits.
Warning: Resizing cell port $paramod$3c933f59fd04475806c89d43d681470cb4a1a28b\cap_pdb_dual_read_bank.memory.1.2.DOPBDOP from 8 bits to 2 bits.
Warning: Resizing cell port $paramod$3c933f59fd04475806c89d43d681470cb4a1a28b\cap_pdb_dual_read_bank.memory.1.2.DOBDO from 64 bits to 16 bits.
Warning: Resizing cell port $paramod$3c933f59fd04475806c89d43d681470cb4a1a28b\cap_pdb_dual_read_bank.memory.1.2.DIPADIP from 8 bits to 2 bits.
Warning: Resizing cell port $paramod$3c933f59fd04475806c89d43d681470cb4a1a28b\cap_pdb_dual_read_bank.memory.1.2.DIADI from 64 bits to 16 bits.
Warning: Resizing cell port $paramod$3c933f59fd04475806c89d43d681470cb4a1a28b\cap_pdb_dual_read_bank.memory.1.2.DOPADOP from 8 bits to 2 bits.
Warning: Resizing cell port $paramod$3c933f59fd04475806c89d43d681470cb4a1a28b\cap_pdb_dual_read_bank.memory.1.2.DOADO from 64 bits to 16 bits.
Warning: Resizing cell port $paramod$3c933f59fd04475806c89d43d681470cb4a1a28b\cap_pdb_dual_read_bank.memory.1.1.WEA from 4 bits to 2 bits.
Warning: Resizing cell port $paramod$3c933f59fd04475806c89d43d681470cb4a1a28b\cap_pdb_dual_read_bank.memory.1.1.DOPBDOP from 8 bits to 2 bits.
Warning: Resizing cell port $paramod$3c933f59fd04475806c89d43d681470cb4a1a28b\cap_pdb_dual_read_bank.memory.1.1.DOBDO from 64 bits to 16 bits.
Warning: Resizing cell port $paramod$3c933f59fd04475806c89d43d681470cb4a1a28b\cap_pdb_dual_read_bank.memory.1.1.DIPADIP from 8 bits to 2 bits.
Warning: Resizing cell port $paramod$3c933f59fd04475806c89d43d681470cb4a1a28b\cap_pdb_dual_read_bank.memory.1.1.DIADI from 64 bits to 16 bits.
Warning: Resizing cell port $paramod$3c933f59fd04475806c89d43d681470cb4a1a28b\cap_pdb_dual_read_bank.memory.1.1.DOPADOP from 8 bits to 2 bits.
Warning: Resizing cell port $paramod$3c933f59fd04475806c89d43d681470cb4a1a28b\cap_pdb_dual_read_bank.memory.1.1.DOADO from 64 bits to 16 bits.
Warning: Resizing cell port $paramod$3c933f59fd04475806c89d43d681470cb4a1a28b\cap_pdb_dual_read_bank.memory.1.0.WEA from 4 bits to 2 bits.
Warning: Resizing cell port $paramod$3c933f59fd04475806c89d43d681470cb4a1a28b\cap_pdb_dual_read_bank.memory.1.0.DOPBDOP from 8 bits to 2 bits.
Warning: Resizing cell port $paramod$3c933f59fd04475806c89d43d681470cb4a1a28b\cap_pdb_dual_read_bank.memory.1.0.DOBDO from 64 bits to 16 bits.
Warning: Resizing cell port $paramod$3c933f59fd04475806c89d43d681470cb4a1a28b\cap_pdb_dual_read_bank.memory.1.0.DIPADIP from 8 bits to 2 bits.
Warning: Resizing cell port $paramod$3c933f59fd04475806c89d43d681470cb4a1a28b\cap_pdb_dual_read_bank.memory.1.0.DIADI from 64 bits to 16 bits.
Warning: Resizing cell port $paramod$3c933f59fd04475806c89d43d681470cb4a1a28b\cap_pdb_dual_read_bank.memory.1.0.DOPADOP from 8 bits to 2 bits.
Warning: Resizing cell port $paramod$3c933f59fd04475806c89d43d681470cb4a1a28b\cap_pdb_dual_read_bank.memory.1.0.DOADO from 64 bits to 16 bits.
Warning: Resizing cell port $paramod$3c933f59fd04475806c89d43d681470cb4a1a28b\cap_pdb_dual_read_bank.memory.0.10.WEA from 4 bits to 2 bits.
Warning: Resizing cell port $paramod$3c933f59fd04475806c89d43d681470cb4a1a28b\cap_pdb_dual_read_bank.memory.0.10.DOPBDOP from 8 bits to 2 bits.
Warning: Resizing cell port $paramod$3c933f59fd04475806c89d43d681470cb4a1a28b\cap_pdb_dual_read_bank.memory.0.10.DOBDO from 64 bits to 16 bits.
Warning: Resizing cell port $paramod$3c933f59fd04475806c89d43d681470cb4a1a28b\cap_pdb_dual_read_bank.memory.0.10.DIPADIP from 8 bits to 2 bits.
Warning: Resizing cell port $paramod$3c933f59fd04475806c89d43d681470cb4a1a28b\cap_pdb_dual_read_bank.memory.0.10.DIADI from 64 bits to 16 bits.
Warning: Resizing cell port $paramod$3c933f59fd04475806c89d43d681470cb4a1a28b\cap_pdb_dual_read_bank.memory.0.10.DOPADOP from 8 bits to 2 bits.
Warning: Resizing cell port $paramod$3c933f59fd04475806c89d43d681470cb4a1a28b\cap_pdb_dual_read_bank.memory.0.10.DOADO from 64 bits to 16 bits.
Warning: Resizing cell port $paramod$3c933f59fd04475806c89d43d681470cb4a1a28b\cap_pdb_dual_read_bank.memory.0.9.WEA from 4 bits to 2 bits.
Warning: Resizing cell port $paramod$3c933f59fd04475806c89d43d681470cb4a1a28b\cap_pdb_dual_read_bank.memory.0.9.DOPBDOP from 8 bits to 2 bits.
Warning: Resizing cell port $paramod$3c933f59fd04475806c89d43d681470cb4a1a28b\cap_pdb_dual_read_bank.memory.0.9.DOBDO from 64 bits to 16 bits.
Warning: Resizing cell port $paramod$3c933f59fd04475806c89d43d681470cb4a1a28b\cap_pdb_dual_read_bank.memory.0.9.DIPADIP from 8 bits to 2 bits.
Warning: Resizing cell port $paramod$3c933f59fd04475806c89d43d681470cb4a1a28b\cap_pdb_dual_read_bank.memory.0.9.DIADI from 64 bits to 16 bits.
Warning: Resizing cell port $paramod$3c933f59fd04475806c89d43d681470cb4a1a28b\cap_pdb_dual_read_bank.memory.0.9.DOPADOP from 8 bits to 2 bits.
Warning: Resizing cell port $paramod$3c933f59fd04475806c89d43d681470cb4a1a28b\cap_pdb_dual_read_bank.memory.0.9.DOADO from 64 bits to 16 bits.
Warning: Resizing cell port $paramod$3c933f59fd04475806c89d43d681470cb4a1a28b\cap_pdb_dual_read_bank.memory.0.8.WEA from 4 bits to 2 bits.
Warning: Resizing cell port $paramod$3c933f59fd04475806c89d43d681470cb4a1a28b\cap_pdb_dual_read_bank.memory.0.8.DOPBDOP from 8 bits to 2 bits.
Warning: Resizing cell port $paramod$3c933f59fd04475806c89d43d681470cb4a1a28b\cap_pdb_dual_read_bank.memory.0.8.DOBDO from 64 bits to 16 bits.
Warning: Resizing cell port $paramod$3c933f59fd04475806c89d43d681470cb4a1a28b\cap_pdb_dual_read_bank.memory.0.8.DIPADIP from 8 bits to 2 bits.
Warning: Resizing cell port $paramod$3c933f59fd04475806c89d43d681470cb4a1a28b\cap_pdb_dual_read_bank.memory.0.8.DIADI from 64 bits to 16 bits.
Warning: Resizing cell port $paramod$3c933f59fd04475806c89d43d681470cb4a1a28b\cap_pdb_dual_read_bank.memory.0.8.DOPADOP from 8 bits to 2 bits.
Warning: Resizing cell port $paramod$3c933f59fd04475806c89d43d681470cb4a1a28b\cap_pdb_dual_read_bank.memory.0.8.DOADO from 64 bits to 16 bits.
Warning: Resizing cell port $paramod$3c933f59fd04475806c89d43d681470cb4a1a28b\cap_pdb_dual_read_bank.memory.0.7.WEA from 4 bits to 2 bits.
Warning: Resizing cell port $paramod$3c933f59fd04475806c89d43d681470cb4a1a28b\cap_pdb_dual_read_bank.memory.0.7.DOPBDOP from 8 bits to 2 bits.
Warning: Resizing cell port $paramod$3c933f59fd04475806c89d43d681470cb4a1a28b\cap_pdb_dual_read_bank.memory.0.7.DOBDO from 64 bits to 16 bits.
Warning: Resizing cell port $paramod$3c933f59fd04475806c89d43d681470cb4a1a28b\cap_pdb_dual_read_bank.memory.0.7.DIPADIP from 8 bits to 2 bits.
Warning: Resizing cell port $paramod$3c933f59fd04475806c89d43d681470cb4a1a28b\cap_pdb_dual_read_bank.memory.0.7.DIADI from 64 bits to 16 bits.
Warning: Resizing cell port $paramod$3c933f59fd04475806c89d43d681470cb4a1a28b\cap_pdb_dual_read_bank.memory.0.7.DOPADOP from 8 bits to 2 bits.
Warning: Resizing cell port $paramod$3c933f59fd04475806c89d43d681470cb4a1a28b\cap_pdb_dual_read_bank.memory.0.7.DOADO from 64 bits to 16 bits.
Warning: Resizing cell port $paramod$3c933f59fd04475806c89d43d681470cb4a1a28b\cap_pdb_dual_read_bank.memory.0.6.WEA from 4 bits to 2 bits.
Warning: Resizing cell port $paramod$3c933f59fd04475806c89d43d681470cb4a1a28b\cap_pdb_dual_read_bank.memory.0.6.DOPBDOP from 8 bits to 2 bits.
Warning: Resizing cell port $paramod$3c933f59fd04475806c89d43d681470cb4a1a28b\cap_pdb_dual_read_bank.memory.0.6.DOBDO from 64 bits to 16 bits.
Warning: Resizing cell port $paramod$3c933f59fd04475806c89d43d681470cb4a1a28b\cap_pdb_dual_read_bank.memory.0.6.DIPADIP from 8 bits to 2 bits.
Warning: Resizing cell port $paramod$3c933f59fd04475806c89d43d681470cb4a1a28b\cap_pdb_dual_read_bank.memory.0.6.DIADI from 64 bits to 16 bits.
Warning: Resizing cell port $paramod$3c933f59fd04475806c89d43d681470cb4a1a28b\cap_pdb_dual_read_bank.memory.0.6.DOPADOP from 8 bits to 2 bits.
Warning: Resizing cell port $paramod$3c933f59fd04475806c89d43d681470cb4a1a28b\cap_pdb_dual_read_bank.memory.0.6.DOADO from 64 bits to 16 bits.
Warning: Resizing cell port $paramod$3c933f59fd04475806c89d43d681470cb4a1a28b\cap_pdb_dual_read_bank.memory.0.5.WEA from 4 bits to 2 bits.
Warning: Resizing cell port $paramod$3c933f59fd04475806c89d43d681470cb4a1a28b\cap_pdb_dual_read_bank.memory.0.5.DOPBDOP from 8 bits to 2 bits.
Warning: Resizing cell port $paramod$3c933f59fd04475806c89d43d681470cb4a1a28b\cap_pdb_dual_read_bank.memory.0.5.DOBDO from 64 bits to 16 bits.
Warning: Resizing cell port $paramod$3c933f59fd04475806c89d43d681470cb4a1a28b\cap_pdb_dual_read_bank.memory.0.5.DIPADIP from 8 bits to 2 bits.
Warning: Resizing cell port $paramod$3c933f59fd04475806c89d43d681470cb4a1a28b\cap_pdb_dual_read_bank.memory.0.5.DIADI from 64 bits to 16 bits.
Warning: Resizing cell port $paramod$3c933f59fd04475806c89d43d681470cb4a1a28b\cap_pdb_dual_read_bank.memory.0.5.DOPADOP from 8 bits to 2 bits.
Warning: Resizing cell port $paramod$3c933f59fd04475806c89d43d681470cb4a1a28b\cap_pdb_dual_read_bank.memory.0.5.DOADO from 64 bits to 16 bits.
Warning: Resizing cell port $paramod$3c933f59fd04475806c89d43d681470cb4a1a28b\cap_pdb_dual_read_bank.memory.0.4.WEA from 4 bits to 2 bits.
Warning: Resizing cell port $paramod$3c933f59fd04475806c89d43d681470cb4a1a28b\cap_pdb_dual_read_bank.memory.0.4.DOPBDOP from 8 bits to 2 bits.
Warning: Resizing cell port $paramod$3c933f59fd04475806c89d43d681470cb4a1a28b\cap_pdb_dual_read_bank.memory.0.4.DOBDO from 64 bits to 16 bits.
Warning: Resizing cell port $paramod$3c933f59fd04475806c89d43d681470cb4a1a28b\cap_pdb_dual_read_bank.memory.0.4.DIPADIP from 8 bits to 2 bits.
Warning: Resizing cell port $paramod$3c933f59fd04475806c89d43d681470cb4a1a28b\cap_pdb_dual_read_bank.memory.0.4.DIADI from 64 bits to 16 bits.
Warning: Resizing cell port $paramod$3c933f59fd04475806c89d43d681470cb4a1a28b\cap_pdb_dual_read_bank.memory.0.4.DOPADOP from 8 bits to 2 bits.
Warning: Resizing cell port $paramod$3c933f59fd04475806c89d43d681470cb4a1a28b\cap_pdb_dual_read_bank.memory.0.4.DOADO from 64 bits to 16 bits.
Warning: Resizing cell port $paramod$3c933f59fd04475806c89d43d681470cb4a1a28b\cap_pdb_dual_read_bank.memory.0.3.WEA from 4 bits to 2 bits.
Warning: Resizing cell port $paramod$3c933f59fd04475806c89d43d681470cb4a1a28b\cap_pdb_dual_read_bank.memory.0.3.DOPBDOP from 8 bits to 2 bits.
Warning: Resizing cell port $paramod$3c933f59fd04475806c89d43d681470cb4a1a28b\cap_pdb_dual_read_bank.memory.0.3.DOBDO from 64 bits to 16 bits.
Warning: Resizing cell port $paramod$3c933f59fd04475806c89d43d681470cb4a1a28b\cap_pdb_dual_read_bank.memory.0.3.DIPADIP from 8 bits to 2 bits.
Warning: Resizing cell port $paramod$3c933f59fd04475806c89d43d681470cb4a1a28b\cap_pdb_dual_read_bank.memory.0.3.DIADI from 64 bits to 16 bits.
Warning: Resizing cell port $paramod$3c933f59fd04475806c89d43d681470cb4a1a28b\cap_pdb_dual_read_bank.memory.0.3.DOPADOP from 8 bits to 2 bits.
Warning: Resizing cell port $paramod$3c933f59fd04475806c89d43d681470cb4a1a28b\cap_pdb_dual_read_bank.memory.0.3.DOADO from 64 bits to 16 bits.
Warning: Resizing cell port $paramod$3c933f59fd04475806c89d43d681470cb4a1a28b\cap_pdb_dual_read_bank.memory.0.2.WEA from 4 bits to 2 bits.
Warning: Resizing cell port $paramod$3c933f59fd04475806c89d43d681470cb4a1a28b\cap_pdb_dual_read_bank.memory.0.2.DOPBDOP from 8 bits to 2 bits.
Warning: Resizing cell port $paramod$3c933f59fd04475806c89d43d681470cb4a1a28b\cap_pdb_dual_read_bank.memory.0.2.DOBDO from 64 bits to 16 bits.
Warning: Resizing cell port $paramod$3c933f59fd04475806c89d43d681470cb4a1a28b\cap_pdb_dual_read_bank.memory.0.2.DIPADIP from 8 bits to 2 bits.
Warning: Resizing cell port $paramod$3c933f59fd04475806c89d43d681470cb4a1a28b\cap_pdb_dual_read_bank.memory.0.2.DIADI from 64 bits to 16 bits.
Warning: Resizing cell port $paramod$3c933f59fd04475806c89d43d681470cb4a1a28b\cap_pdb_dual_read_bank.memory.0.2.DOPADOP from 8 bits to 2 bits.
Warning: Resizing cell port $paramod$3c933f59fd04475806c89d43d681470cb4a1a28b\cap_pdb_dual_read_bank.memory.0.2.DOADO from 64 bits to 16 bits.
Warning: Resizing cell port $paramod$3c933f59fd04475806c89d43d681470cb4a1a28b\cap_pdb_dual_read_bank.memory.0.1.WEA from 4 bits to 2 bits.
Warning: Resizing cell port $paramod$3c933f59fd04475806c89d43d681470cb4a1a28b\cap_pdb_dual_read_bank.memory.0.1.DOPBDOP from 8 bits to 2 bits.
Warning: Resizing cell port $paramod$3c933f59fd04475806c89d43d681470cb4a1a28b\cap_pdb_dual_read_bank.memory.0.1.DOBDO from 64 bits to 16 bits.
Warning: Resizing cell port $paramod$3c933f59fd04475806c89d43d681470cb4a1a28b\cap_pdb_dual_read_bank.memory.0.1.DIPADIP from 8 bits to 2 bits.
Warning: Resizing cell port $paramod$3c933f59fd04475806c89d43d681470cb4a1a28b\cap_pdb_dual_read_bank.memory.0.1.DIADI from 64 bits to 16 bits.
Warning: Resizing cell port $paramod$3c933f59fd04475806c89d43d681470cb4a1a28b\cap_pdb_dual_read_bank.memory.0.1.DOPADOP from 8 bits to 2 bits.
Warning: Resizing cell port $paramod$3c933f59fd04475806c89d43d681470cb4a1a28b\cap_pdb_dual_read_bank.memory.0.1.DOADO from 64 bits to 16 bits.
Warning: Resizing cell port $paramod$3c933f59fd04475806c89d43d681470cb4a1a28b\cap_pdb_dual_read_bank.memory.0.0.WEA from 4 bits to 2 bits.
Warning: Resizing cell port $paramod$3c933f59fd04475806c89d43d681470cb4a1a28b\cap_pdb_dual_read_bank.memory.0.0.DOPBDOP from 8 bits to 2 bits.
Warning: Resizing cell port $paramod$3c933f59fd04475806c89d43d681470cb4a1a28b\cap_pdb_dual_read_bank.memory.0.0.DOBDO from 64 bits to 16 bits.
Warning: Resizing cell port $paramod$3c933f59fd04475806c89d43d681470cb4a1a28b\cap_pdb_dual_read_bank.memory.0.0.DIPADIP from 8 bits to 2 bits.
Warning: Resizing cell port $paramod$3c933f59fd04475806c89d43d681470cb4a1a28b\cap_pdb_dual_read_bank.memory.0.0.DIADI from 64 bits to 16 bits.
Warning: Resizing cell port $paramod$3c933f59fd04475806c89d43d681470cb4a1a28b\cap_pdb_dual_read_bank.memory.0.0.DOPADOP from 8 bits to 2 bits.
Warning: Resizing cell port $paramod$3c933f59fd04475806c89d43d681470cb4a1a28b\cap_pdb_dual_read_bank.memory.0.0.DOADO from 64 bits to 16 bits.
Warning: Resizing cell port $paramod$3c933f59fd04475806c89d43d681470cb4a1a28b\cap_pdb_dual_read_bank.memory.1.10.WEA from 4 bits to 2 bits.
Warning: Resizing cell port $paramod$3c933f59fd04475806c89d43d681470cb4a1a28b\cap_pdb_dual_read_bank.memory.1.10.DOPBDOP from 8 bits to 2 bits.
Warning: Resizing cell port $paramod$3c933f59fd04475806c89d43d681470cb4a1a28b\cap_pdb_dual_read_bank.memory.1.10.DOBDO from 64 bits to 16 bits.
Warning: Resizing cell port $paramod$3c933f59fd04475806c89d43d681470cb4a1a28b\cap_pdb_dual_read_bank.memory.1.10.DIPADIP from 8 bits to 2 bits.
Warning: Resizing cell port $paramod$3c933f59fd04475806c89d43d681470cb4a1a28b\cap_pdb_dual_read_bank.memory.1.10.DIADI from 64 bits to 16 bits.
Warning: Resizing cell port $paramod$3c933f59fd04475806c89d43d681470cb4a1a28b\cap_pdb_dual_read_bank.memory.1.10.DOPADOP from 8 bits to 2 bits.
Warning: Resizing cell port $paramod$3c933f59fd04475806c89d43d681470cb4a1a28b\cap_pdb_dual_read_bank.memory.1.10.DOADO from 64 bits to 16 bits.

5.50. Printing statistics.

=== $paramod$3c933f59fd04475806c89d43d681470cb4a1a28b\cap_pdb_dual_read_bank ===

        +----------Local Count, excluding submodules.
        |
      385 wires
     4938 wire bits
       10 public wires
       94 public wire bits
       10 ports
       94 port bits
      219 cells
        1   LUT2
       12   LUT3
      136   LUT4
        8   LUT5
       40   LUT6
       22   RAMB18E1
       64 submodules
        8   FDRE
       56   MUXF7

   Estimated number of LCs:        196

=== cap_pdb_dual_port_compact_allocation_engine ===

        +----------Local Count, excluding submodules.
        |
     3291 wires
    15481 wire bits
      222 public wires
     4825 public wire bits
       15 ports
      565 port bits
     5763 cells
        1   BUFG
      522   IBUF
      807   INV
      228   LUT1
      855   LUT2
      496   LUT3
      360   LUT4
      875   LUT5
     1576   LUT6
       43   OBUF
     1621 submodules
       13   $paramod$3c933f59fd04475806c89d43d681470cb4a1a28b\cap_pdb_dual_read_bank
      270   CARRY4
      489   FDRE
      208   FDSE
      560   MUXF7
       81   MUXF8

   Estimated number of LCs:       5855

=== design hierarchy ===

        +----------Count including submodules.
        |
     8610 cap_pdb_dual_port_compact_allocation_engine
      219 $paramod$3c933f59fd04475806c89d43d681470cb4a1a28b\cap_pdb_dual_read_bank

        +----------Count including submodules.
        |
     8296 wires
    79675 wire bits
      352 public wires
     6047 public wire bits
      145 ports
     1787 port bits
        - memories
        - memory bits
        - processes
     8610 cells
        1   BUFG
      522   IBUF
      807   INV
      228   LUT1
      868   LUT2
      652   LUT3
     2128   LUT4
      979   LUT5
     2096   LUT6
       43   OBUF
      286   RAMB18E1
     1621 submodules
       13   $paramod$3c933f59fd04475806c89d43d681470cb4a1a28b\cap_pdb_dual_read_bank
      270   CARRY4
      489   FDRE
      208   FDSE
      560   MUXF7
       81   MUXF8

   Estimated number of LCs:       5855

5.51. Executing CHECK pass (checking for obvious problems).
Checking module $paramod$3c933f59fd04475806c89d43d681470cb4a1a28b\cap_pdb_dual_read_bank...
Checking module cap_pdb_dual_port_compact_allocation_engine...
Found and reported 0 problems.

6. Executing CHECK pass (checking for obvious problems).
Checking module $paramod$3c933f59fd04475806c89d43d681470cb4a1a28b\cap_pdb_dual_read_bank...
Checking module cap_pdb_dual_port_compact_allocation_engine...
Found and reported 0 problems.

7. Printing statistics.

=== $paramod$3c933f59fd04475806c89d43d681470cb4a1a28b\cap_pdb_dual_read_bank ===

        +----------Local Count, excluding submodules.
        |
      385 wires
     4938 wire bits
       10 public wires
       94 public wire bits
       10 ports
       94 port bits
      283 cells
        8   FDRE
        1   LUT2
       12   LUT3
      136   LUT4
        8   LUT5
       40   LUT6
       56   MUXF7
       22   RAMB18E1

=== cap_pdb_dual_port_compact_allocation_engine ===

        +----------Local Count, excluding submodules.
        |
     3291 wires
    15481 wire bits
      222 public wires
     4825 public wire bits
       15 ports
      565 port bits
     7371 cells
        1   BUFG
      270   CARRY4
      489   FDRE
      208   FDSE
      522   IBUF
      807   INV
      228   LUT1
      855   LUT2
      496   LUT3
      360   LUT4
      875   LUT5
     1576   LUT6
      560   MUXF7
       81   MUXF8
       43   OBUF
       13 submodules
       13   $paramod$3c933f59fd04475806c89d43d681470cb4a1a28b\cap_pdb_dual_read_bank

=== design hierarchy ===

        +----------Count including submodules.
        |
    11050 cap_pdb_dual_port_compact_allocation_engine
      283 $paramod$3c933f59fd04475806c89d43d681470cb4a1a28b\cap_pdb_dual_read_bank

        +----------Count including submodules.
        |
     8296 wires
    79675 wire bits
      352 public wires
     6047 public wire bits
      145 ports
     1787 port bits
        - memories
        - memory bits
        - processes
    11050 cells
        1   BUFG
      270   CARRY4
      593   FDRE
      208   FDSE
      522   IBUF
      807   INV
      228   LUT1
      868   LUT2
      652   LUT3
     2128   LUT4
      979   LUT5
     2096   LUT6
     1288   MUXF7
       81   MUXF8
       43   OBUF
      286   RAMB18E1
       13 submodules
       13   $paramod$3c933f59fd04475806c89d43d681470cb4a1a28b\cap_pdb_dual_read_bank

Warnings: 156 unique messages, 158 total
End of script. Logfile hash: ad65586899, time: 30.94s, user: 30.97s, system: 0.00s
Yosys 0.64 (git sha1 ca8886890, ccache clang++  -O3 -fwasm-exceptions -mllvm) [yowasp/yosys at release]
Time spent: 49% 1x abc (15 sec), 21% 8x techmap (6 sec), ...
