yowasp-yosys: fetched 0% (0 / 53963000)
yowasp-yosys: fetched 20% (10618880 / 53963000)
yowasp-yosys: fetched 100% (53926307 / 53963000)
yowasp-yosys: fetched 100% (53960988 / 53963000)
yowasp-yosys: fetched 100% (53962370 / 53963000)
yowasp-yosys: fetched 100% (53963000 / 53963000)

 /----------------------------------------------------------------------------\
 |  yosys -- Yosys Open SYnthesis Suite                                       |
 |  Copyright (C) 2012 - 2026  Claire Xenia Wolf <claire@yosyshq.com>         |
 |  Distributed under an ISC-like license, type "license" to see terms        |
 \----------------------------------------------------------------------------/
 Yosys 0.64 (git sha1 ca8886890, ccache clang++  -O3 -fwasm-exceptions -mllvm) [yowasp/yosys at release]

-- Running command `read_verilog -sv cap_pdb_parallel_compact_engine.sv; chparam -set K 64 -set ORDER 4 -set GROUPS 13 -set STATE_BITS 5 -set COST_W 16 -set ACC_W 24 -set SPLIT 48 -set LANES 2 cap_pdb_parallel_compact_allocation_engine; hierarchy -top cap_pdb_parallel_compact_allocation_engine; check -assert; synth_xilinx -family xc7 -top cap_pdb_parallel_compact_allocation_engine; check -assert; stat' --

1. Executing Verilog-2005 frontend: cap_pdb_parallel_compact_engine.sv
Parsing SystemVerilog input from `cap_pdb_parallel_compact_engine.sv' to AST representation.
Generating RTLIL representation for module `\cap_pdb_state_wide_bank'.
Generating RTLIL representation for module `\cap_pdb_masked_min32'.
Generating RTLIL representation for module `\cap_pdb_parallel_compact_allocation_engine'.
Warning: Replacing memory \group_minimum with list of registers. See cap_pdb_parallel_compact_engine.sv:259
Warning: Replacing memory \remaining with list of registers. See cap_pdb_parallel_compact_engine.sv:258
Successfully finished Verilog frontend.
Parameter \K = 64
Parameter \ORDER = 4
Parameter \GROUPS = 13
Parameter \STATE_BITS = 5
Parameter \COST_W = 16
Parameter \ACC_W = 24
Parameter \SPLIT = 48
Parameter \LANES = 2

2. Executing AST frontend in derive mode using pre-parsed AST for module `\cap_pdb_parallel_compact_allocation_engine'.
Parameter \K = 64
Parameter \ORDER = 4
Parameter \GROUPS = 13
Parameter \STATE_BITS = 5
Parameter \COST_W = 16
Parameter \ACC_W = 24
Parameter \SPLIT = 48
Parameter \LANES = 2
Generating RTLIL representation for module `$paramod$f7f629a974b6eba54ae9b6d3e8c568cb1c167548\cap_pdb_parallel_compact_allocation_engine'.
Warning: Replacing memory \group_minimum with list of registers. See cap_pdb_parallel_compact_engine.sv:259
Warning: Replacing memory \remaining with list of registers. See cap_pdb_parallel_compact_engine.sv:258

3. Executing HIERARCHY pass (managing design hierarchy).

3.1. Analyzing design hierarchy..
Top module:  \cap_pdb_parallel_compact_allocation_engine
Used module:     \cap_pdb_state_wide_bank
Used module:     \cap_pdb_masked_min32
Parameter \ROWS = 325
Parameter \ROW_ADDR_W = 9
Parameter \WORD_W = 512

3.2. Executing AST frontend in derive mode using pre-parsed AST for module `\cap_pdb_state_wide_bank'.
Parameter \ROWS = 325
Parameter \ROW_ADDR_W = 9
Parameter \WORD_W = 512
Generating RTLIL representation for module `$paramod$b5bfe1d4fce40940586b6e35fec61194ae5a8fde\cap_pdb_state_wide_bank'.
Parameter \COST_W = 16
Parameter \INF = 16'1111111111111111

3.3. Executing AST frontend in derive mode using pre-parsed AST for module `\cap_pdb_masked_min32'.
Parameter \COST_W = 16
Parameter \INF = 16'1111111111111111
Generating RTLIL representation for module `$paramod$cbc3189b30a0f0ae8c16e45df15b3f5a54303a8f\cap_pdb_masked_min32'.
Parameter \ROWS = 325
Parameter \ROW_ADDR_W = 9
Parameter \WORD_W = 512
Found cached RTLIL representation for module `$paramod$b5bfe1d4fce40940586b6e35fec61194ae5a8fde\cap_pdb_state_wide_bank'.
Parameter \COST_W = 16
Parameter \INF = 16'1111111111111111
Found cached RTLIL representation for module `$paramod$cbc3189b30a0f0ae8c16e45df15b3f5a54303a8f\cap_pdb_masked_min32'.
Parameter \ROWS = 325
Parameter \ROW_ADDR_W = 9
Parameter \WORD_W = 512
Found cached RTLIL representation for module `$paramod$b5bfe1d4fce40940586b6e35fec61194ae5a8fde\cap_pdb_state_wide_bank'.
Parameter \COST_W = 16
Parameter \INF = 16'1111111111111111
Found cached RTLIL representation for module `$paramod$cbc3189b30a0f0ae8c16e45df15b3f5a54303a8f\cap_pdb_masked_min32'.
Parameter \ROWS = 325
Parameter \ROW_ADDR_W = 9
Parameter \WORD_W = 512
Found cached RTLIL representation for module `$paramod$b5bfe1d4fce40940586b6e35fec61194ae5a8fde\cap_pdb_state_wide_bank'.
Parameter \COST_W = 16
Parameter \INF = 16'1111111111111111
Found cached RTLIL representation for module `$paramod$cbc3189b30a0f0ae8c16e45df15b3f5a54303a8f\cap_pdb_masked_min32'.
Parameter \ROWS = 325
Parameter \ROW_ADDR_W = 9
Parameter \WORD_W = 512
Found cached RTLIL representation for module `$paramod$b5bfe1d4fce40940586b6e35fec61194ae5a8fde\cap_pdb_state_wide_bank'.
Parameter \COST_W = 16
Parameter \INF = 16'1111111111111111
Found cached RTLIL representation for module `$paramod$cbc3189b30a0f0ae8c16e45df15b3f5a54303a8f\cap_pdb_masked_min32'.
Parameter \ROWS = 325
Parameter \ROW_ADDR_W = 9
Parameter \WORD_W = 512
Found cached RTLIL representation for module `$paramod$b5bfe1d4fce40940586b6e35fec61194ae5a8fde\cap_pdb_state_wide_bank'.
Parameter \COST_W = 16
Parameter \INF = 16'1111111111111111
Found cached RTLIL representation for module `$paramod$cbc3189b30a0f0ae8c16e45df15b3f5a54303a8f\cap_pdb_masked_min32'.
Parameter \ROWS = 325
Parameter \ROW_ADDR_W = 9
Parameter \WORD_W = 512
Found cached RTLIL representation for module `$paramod$b5bfe1d4fce40940586b6e35fec61194ae5a8fde\cap_pdb_state_wide_bank'.
Parameter \COST_W = 16
Parameter \INF = 16'1111111111111111
Found cached RTLIL representation for module `$paramod$cbc3189b30a0f0ae8c16e45df15b3f5a54303a8f\cap_pdb_masked_min32'.
Parameter \ROWS = 325
Parameter \ROW_ADDR_W = 9
Parameter \WORD_W = 512
Found cached RTLIL representation for module `$paramod$b5bfe1d4fce40940586b6e35fec61194ae5a8fde\cap_pdb_state_wide_bank'.
Parameter \COST_W = 16
Parameter \INF = 16'1111111111111111
Found cached RTLIL representation for module `$paramod$cbc3189b30a0f0ae8c16e45df15b3f5a54303a8f\cap_pdb_masked_min32'.
Parameter \ROWS = 325
Parameter \ROW_ADDR_W = 9
Parameter \WORD_W = 512
Found cached RTLIL representation for module `$paramod$b5bfe1d4fce40940586b6e35fec61194ae5a8fde\cap_pdb_state_wide_bank'.
Parameter \COST_W = 16
Parameter \INF = 16'1111111111111111
Found cached RTLIL representation for module `$paramod$cbc3189b30a0f0ae8c16e45df15b3f5a54303a8f\cap_pdb_masked_min32'.
Parameter \ROWS = 325
Parameter \ROW_ADDR_W = 9
Parameter \WORD_W = 512
Found cached RTLIL representation for module `$paramod$b5bfe1d4fce40940586b6e35fec61194ae5a8fde\cap_pdb_state_wide_bank'.
Parameter \COST_W = 16
Parameter \INF = 16'1111111111111111
Found cached RTLIL representation for module `$paramod$cbc3189b30a0f0ae8c16e45df15b3f5a54303a8f\cap_pdb_masked_min32'.
Parameter \ROWS = 325
Parameter \ROW_ADDR_W = 9
Parameter \WORD_W = 512
Found cached RTLIL representation for module `$paramod$b5bfe1d4fce40940586b6e35fec61194ae5a8fde\cap_pdb_state_wide_bank'.
Parameter \COST_W = 16
Parameter \INF = 16'1111111111111111
Found cached RTLIL representation for module `$paramod$cbc3189b30a0f0ae8c16e45df15b3f5a54303a8f\cap_pdb_masked_min32'.
Parameter \ROWS = 325
Parameter \ROW_ADDR_W = 9
Parameter \WORD_W = 512
Found cached RTLIL representation for module `$paramod$b5bfe1d4fce40940586b6e35fec61194ae5a8fde\cap_pdb_state_wide_bank'.
Parameter \COST_W = 16
Parameter \INF = 16'1111111111111111
Found cached RTLIL representation for module `$paramod$cbc3189b30a0f0ae8c16e45df15b3f5a54303a8f\cap_pdb_masked_min32'.
Parameter \ROWS = 325
Parameter \ROW_ADDR_W = 9
Parameter \WORD_W = 512
Found cached RTLIL representation for module `$paramod$b5bfe1d4fce40940586b6e35fec61194ae5a8fde\cap_pdb_state_wide_bank'.
Parameter \COST_W = 16
Parameter \INF = 16'1111111111111111
Found cached RTLIL representation for module `$paramod$cbc3189b30a0f0ae8c16e45df15b3f5a54303a8f\cap_pdb_masked_min32'.

3.4. Analyzing design hierarchy..
Top module:  \cap_pdb_parallel_compact_allocation_engine
Used module:     $paramod$b5bfe1d4fce40940586b6e35fec61194ae5a8fde\cap_pdb_state_wide_bank
Used module:     $paramod$cbc3189b30a0f0ae8c16e45df15b3f5a54303a8f\cap_pdb_masked_min32

3.5. Analyzing design hierarchy..
Top module:  \cap_pdb_parallel_compact_allocation_engine
Used module:     $paramod$b5bfe1d4fce40940586b6e35fec61194ae5a8fde\cap_pdb_state_wide_bank
Used module:     $paramod$cbc3189b30a0f0ae8c16e45df15b3f5a54303a8f\cap_pdb_masked_min32
Removing unused module `\cap_pdb_masked_min32'.
Removing unused module `\cap_pdb_state_wide_bank'.
Removed 2 unused modules.

4. Executing CHECK pass (checking for obvious problems).
Checking module cap_pdb_parallel_compact_allocation_engine...
Checking module $paramod$cbc3189b30a0f0ae8c16e45df15b3f5a54303a8f\cap_pdb_masked_min32...
Checking module $paramod$b5bfe1d4fce40940586b6e35fec61194ae5a8fde\cap_pdb_state_wide_bank...
Found and reported 0 problems.

5. Executing SYNTH_XILINX pass.

5.1. Executing Verilog-2005 frontend: /share/xilinx/cells_sim.v
Parsing Verilog input from `/share/xilinx/cells_sim.v' to AST representation.
Generating RTLIL representation for module `\VCC'.
Generating RTLIL representation for module `\GND'.
Generating RTLIL representation for module `\IBUF'.
Generating RTLIL representation for module `\IBUFG'.
Generating RTLIL representation for module `\OBUF'.
Generating RTLIL representation for module `\IOBUF'.
Generating RTLIL representation for module `\OBUFT'.
Generating RTLIL representation for module `\BUFG'.
Generating RTLIL representation for module `\BUFGCTRL'.
Generating RTLIL representation for module `\BUFHCE'.
Generating RTLIL representation for module `\INV'.
Generating RTLIL representation for module `\LUT1'.
Generating RTLIL representation for module `\LUT2'.
Generating RTLIL representation for module `\LUT3'.
Generating RTLIL representation for module `\LUT4'.
Generating RTLIL representation for module `\LUT5'.
Generating RTLIL representation for module `\LUT6'.
Generating RTLIL representation for module `\LUT6_2'.
Generating RTLIL representation for module `\$__ABC9_LUT7'.
Generating RTLIL representation for module `\$__ABC9_LUT8'.
Generating RTLIL representation for module `\MUXCY'.
Generating RTLIL representation for module `\MUXF5'.
Generating RTLIL representation for module `\MUXF6'.
Generating RTLIL representation for module `\MUXF7'.
Generating RTLIL representation for module `\MUXF8'.
Generating RTLIL representation for module `\MUXF9'.
Generating RTLIL representation for module `\XORCY'.
Generating RTLIL representation for module `\CARRY4'.
Generating RTLIL representation for module `\CARRY8'.
Generating RTLIL representation for module `\ORCY'.
Generating RTLIL representation for module `\MULT_AND'.
Generating RTLIL representation for module `\FDRE'.
Generating RTLIL representation for module `\FDRE_1'.
Generating RTLIL representation for module `\FDSE'.
Generating RTLIL representation for module `\FDSE_1'.
Generating RTLIL representation for module `\FDRSE'.
Generating RTLIL representation for module `\FDRSE_1'.
Generating RTLIL representation for module `\FDCE'.
Generating RTLIL representation for module `\FDCE_1'.
Generating RTLIL representation for module `\FDPE'.
Generating RTLIL representation for module `\FDPE_1'.
Generating RTLIL representation for module `\FDCPE'.
Generating RTLIL representation for module `\FDCPE_1'.
Generating RTLIL representation for module `\LDCE'.
Generating RTLIL representation for module `\LDPE'.
Generating RTLIL representation for module `\LDCPE'.
Generating RTLIL representation for module `\AND2B1L'.
Generating RTLIL representation for module `\OR2L'.
Generating RTLIL representation for module `\RAM16X1S'.
Generating RTLIL representation for module `\RAM16X1S_1'.
Generating RTLIL representation for module `\RAM32X1S'.
Generating RTLIL representation for module `\RAM32X1S_1'.
Generating RTLIL representation for module `\RAM64X1S'.
Generating RTLIL representation for module `\RAM64X1S_1'.
Generating RTLIL representation for module `\RAM128X1S'.
Generating RTLIL representation for module `\RAM128X1S_1'.
Generating RTLIL representation for module `\RAM256X1S'.
Generating RTLIL representation for module `\RAM512X1S'.
Generating RTLIL representation for module `\RAM16X2S'.
Generating RTLIL representation for module `\RAM32X2S'.
Generating RTLIL representation for module `\RAM64X2S'.
Generating RTLIL representation for module `\RAM16X4S'.
Generating RTLIL representation for module `\RAM32X4S'.
Generating RTLIL representation for module `\RAM16X8S'.
Generating RTLIL representation for module `\RAM32X8S'.
Generating RTLIL representation for module `\RAM16X1D'.
Generating RTLIL representation for module `\RAM16X1D_1'.
Generating RTLIL representation for module `\RAM32X1D'.
Generating RTLIL representation for module `\RAM32X1D_1'.
Generating RTLIL representation for module `\RAM64X1D'.
Generating RTLIL representation for module `\RAM64X1D_1'.
Generating RTLIL representation for module `\RAM128X1D'.
Generating RTLIL representation for module `\RAM256X1D'.
Generating RTLIL representation for module `\RAM32M'.
Generating RTLIL representation for module `\RAM32M16'.
Generating RTLIL representation for module `\RAM64M'.
Generating RTLIL representation for module `\RAM64M8'.
Generating RTLIL representation for module `\RAM32X16DR8'.
Generating RTLIL representation for module `\RAM64X8SW'.
Generating RTLIL representation for module `\ROM16X1'.
Generating RTLIL representation for module `\ROM32X1'.
Generating RTLIL representation for module `\ROM64X1'.
Generating RTLIL representation for module `\ROM128X1'.
Generating RTLIL representation for module `\ROM256X1'.
Generating RTLIL representation for module `\SRL16'.
Generating RTLIL representation for module `\SRL16E'.
Generating RTLIL representation for module `\SRLC16'.
Generating RTLIL representation for module `\SRLC16E'.
Generating RTLIL representation for module `\SRLC32E'.
Generating RTLIL representation for module `\CFGLUT5'.
Generating RTLIL representation for module `\MULT18X18'.
Generating RTLIL representation for module `\MULT18X18S'.
Generating RTLIL representation for module `\MULT18X18SIO'.
Generating RTLIL representation for module `\DSP48A'.
Generating RTLIL representation for module `\DSP48A1'.
Generating RTLIL representation for module `\DSP48'.
Generating RTLIL representation for module `\DSP48E1'.
Generating RTLIL representation for module `\RAMB18E1'.
Generating RTLIL representation for module `\RAMB36E1'.
Successfully finished Verilog frontend.

5.2. Executing Verilog-2005 frontend: /share/xilinx/cells_xtra.v
Parsing Verilog input from `/share/xilinx/cells_xtra.v' to AST representation.
Generating RTLIL representation for module `\RAMB4_S1'.
Generating RTLIL representation for module `\RAMB4_S2'.
Generating RTLIL representation for module `\RAMB4_S4'.
Generating RTLIL representation for module `\RAMB4_S8'.
Generating RTLIL representation for module `\RAMB4_S16'.
Generating RTLIL representation for module `\RAMB4_S1_S1'.
Generating RTLIL representation for module `\RAMB4_S1_S2'.
Generating RTLIL representation for module `\RAMB4_S1_S4'.
Generating RTLIL representation for module `\RAMB4_S1_S8'.
Generating RTLIL representation for module `\RAMB4_S1_S16'.
Generating RTLIL representation for module `\RAMB4_S2_S2'.
Generating RTLIL representation for module `\RAMB4_S2_S4'.
Generating RTLIL representation for module `\RAMB4_S2_S8'.
Generating RTLIL representation for module `\RAMB4_S2_S16'.
Generating RTLIL representation for module `\RAMB4_S4_S4'.
Generating RTLIL representation for module `\RAMB4_S4_S8'.
Generating RTLIL representation for module `\RAMB4_S4_S16'.
Generating RTLIL representation for module `\RAMB4_S8_S8'.
Generating RTLIL representation for module `\RAMB4_S8_S16'.
Generating RTLIL representation for module `\RAMB4_S16_S16'.
Generating RTLIL representation for module `\RAMB16_S1'.
Generating RTLIL representation for module `\RAMB16_S2'.
Generating RTLIL representation for module `\RAMB16_S4'.
Generating RTLIL representation for module `\RAMB16_S9'.
Generating RTLIL representation for module `\RAMB16_S18'.
Generating RTLIL representation for module `\RAMB16_S36'.
Generating RTLIL representation for module `\RAMB16_S1_S1'.
Generating RTLIL representation for module `\RAMB16_S1_S2'.
Generating RTLIL representation for module `\RAMB16_S1_S4'.
Generating RTLIL representation for module `\RAMB16_S1_S9'.
Generating RTLIL representation for module `\RAMB16_S1_S18'.
Generating RTLIL representation for module `\RAMB16_S1_S36'.
Generating RTLIL representation for module `\RAMB16_S2_S2'.
Generating RTLIL representation for module `\RAMB16_S2_S4'.
Generating RTLIL representation for module `\RAMB16_S2_S9'.
Generating RTLIL representation for module `\RAMB16_S2_S18'.
Generating RTLIL representation for module `\RAMB16_S2_S36'.
Generating RTLIL representation for module `\RAMB16_S4_S4'.
Generating RTLIL representation for module `\RAMB16_S4_S9'.
Generating RTLIL representation for module `\RAMB16_S4_S18'.
Generating RTLIL representation for module `\RAMB16_S4_S36'.
Generating RTLIL representation for module `\RAMB16_S9_S9'.
Generating RTLIL representation for module `\RAMB16_S9_S18'.
Generating RTLIL representation for module `\RAMB16_S9_S36'.
Generating RTLIL representation for module `\RAMB16_S18_S18'.
Generating RTLIL representation for module `\RAMB16_S18_S36'.
Generating RTLIL representation for module `\RAMB16_S36_S36'.
Generating RTLIL representation for module `\RAMB16BWE_S18'.
Generating RTLIL representation for module `\RAMB16BWE_S36'.
Generating RTLIL representation for module `\RAMB16BWE_S18_S9'.
Generating RTLIL representation for module `\RAMB16BWE_S18_S18'.
Generating RTLIL representation for module `\RAMB16BWE_S36_S9'.
Generating RTLIL representation for module `\RAMB16BWE_S36_S18'.
Generating RTLIL representation for module `\RAMB16BWE_S36_S36'.
Generating RTLIL representation for module `\RAMB16BWER'.
Generating RTLIL representation for module `\RAMB8BWER'.
Generating RTLIL representation for module `\FIFO16'.
Generating RTLIL representation for module `\RAMB16'.
Generating RTLIL representation for module `\RAMB32_S64_ECC'.
Generating RTLIL representation for module `\FIFO18'.
Generating RTLIL representation for module `\FIFO18_36'.
Generating RTLIL representation for module `\FIFO36'.
Generating RTLIL representation for module `\FIFO36_72'.
Generating RTLIL representation for module `\RAMB18'.
Generating RTLIL representation for module `\RAMB36'.
Generating RTLIL representation for module `\RAMB18SDP'.
Generating RTLIL representation for module `\RAMB36SDP'.
Generating RTLIL representation for module `\FIFO18E1'.
Generating RTLIL representation for module `\FIFO36E1'.
Generating RTLIL representation for module `\FIFO18E2'.
Generating RTLIL representation for module `\FIFO36E2'.
Generating RTLIL representation for module `\RAMB18E2'.
Generating RTLIL representation for module `\RAMB36E2'.
Generating RTLIL representation for module `\URAM288'.
Generating RTLIL representation for module `\URAM288_BASE'.
Generating RTLIL representation for module `\DSP48E'.
Generating RTLIL representation for module `\DSP48E2'.
Generating RTLIL representation for module `\FDDRCPE'.
Generating RTLIL representation for module `\FDDRRSE'.
Generating RTLIL representation for module `\IFDDRCPE'.
Generating RTLIL representation for module `\IFDDRRSE'.
Generating RTLIL representation for module `\OFDDRCPE'.
Generating RTLIL representation for module `\OFDDRRSE'.
Generating RTLIL representation for module `\OFDDRTCPE'.
Generating RTLIL representation for module `\OFDDRTRSE'.
Generating RTLIL representation for module `\IDDR2'.
Generating RTLIL representation for module `\ODDR2'.
Generating RTLIL representation for module `\IDDR'.
Generating RTLIL representation for module `\IDDR_2CLK'.
Generating RTLIL representation for module `\ODDR'.
Generating RTLIL representation for module `\IDELAYCTRL'.
Generating RTLIL representation for module `\IDELAY'.
Generating RTLIL representation for module `\ISERDES'.
Generating RTLIL representation for module `\OSERDES'.
Generating RTLIL representation for module `\IODELAY'.
Generating RTLIL representation for module `\ISERDES_NODELAY'.
Generating RTLIL representation for module `\IODELAYE1'.
Generating RTLIL representation for module `\ISERDESE1'.
Generating RTLIL representation for module `\OSERDESE1'.
Generating RTLIL representation for module `\IDELAYE2'.
Generating RTLIL representation for module `\ODELAYE2'.
Generating RTLIL representation for module `\ISERDESE2'.
Generating RTLIL representation for module `\OSERDESE2'.
Generating RTLIL representation for module `\PHASER_IN'.
Generating RTLIL representation for module `\PHASER_IN_PHY'.
Generating RTLIL representation for module `\PHASER_OUT'.
Generating RTLIL representation for module `\PHASER_OUT_PHY'.
Generating RTLIL representation for module `\PHASER_REF'.
Generating RTLIL representation for module `\PHY_CONTROL'.
Generating RTLIL representation for module `\IDDRE1'.
Generating RTLIL representation for module `\ODDRE1'.
Generating RTLIL representation for module `\IDELAYE3'.
Generating RTLIL representation for module `\ODELAYE3'.
Generating RTLIL representation for module `\ISERDESE3'.
Generating RTLIL representation for module `\OSERDESE3'.
Generating RTLIL representation for module `\BITSLICE_CONTROL'.
Generating RTLIL representation for module `\RIU_OR'.
Generating RTLIL representation for module `\RX_BITSLICE'.
Generating RTLIL representation for module `\RXTX_BITSLICE'.
Generating RTLIL representation for module `\TX_BITSLICE'.
Generating RTLIL representation for module `\TX_BITSLICE_TRI'.
Generating RTLIL representation for module `\IODELAY2'.
Generating RTLIL representation for module `\IODRP2'.
Generating RTLIL representation for module `\IODRP2_MCB'.
Generating RTLIL representation for module `\ISERDES2'.
Generating RTLIL representation for module `\OSERDES2'.
Generating RTLIL representation for module `\IBUF_DLY_ADJ'.
Generating RTLIL representation for module `\IBUF_IBUFDISABLE'.
Generating RTLIL representation for module `\IBUF_INTERMDISABLE'.
Generating RTLIL representation for module `\IBUF_ANALOG'.
Generating RTLIL representation for module `\IBUFE3'.
Generating RTLIL representation for module `\IBUFDS'.
Generating RTLIL representation for module `\IBUFDS_DLY_ADJ'.
Generating RTLIL representation for module `\IBUFDS_IBUFDISABLE'.
Generating RTLIL representation for module `\IBUFDS_INTERMDISABLE'.
Generating RTLIL representation for module `\IBUFDS_DIFF_OUT'.
Generating RTLIL representation for module `\IBUFDS_DIFF_OUT_IBUFDISABLE'.
Generating RTLIL representation for module `\IBUFDS_DIFF_OUT_INTERMDISABLE'.
Generating RTLIL representation for module `\IBUFDSE3'.
Generating RTLIL representation for module `\IBUFDS_DPHY'.
Generating RTLIL representation for module `\IBUFGDS'.
Generating RTLIL representation for module `\IBUFGDS_DIFF_OUT'.
Generating RTLIL representation for module `\IOBUF_DCIEN'.
Generating RTLIL representation for module `\IOBUF_INTERMDISABLE'.
Generating RTLIL representation for module `\IOBUFE3'.
Generating RTLIL representation for module `\IOBUFDS'.
Generating RTLIL representation for module `\IOBUFDS_DCIEN'.
Generating RTLIL representation for module `\IOBUFDS_INTERMDISABLE'.
Generating RTLIL representation for module `\IOBUFDS_DIFF_OUT'.
Generating RTLIL representation for module `\IOBUFDS_DIFF_OUT_DCIEN'.
Generating RTLIL representation for module `\IOBUFDS_DIFF_OUT_INTERMDISABLE'.
Generating RTLIL representation for module `\IOBUFDSE3'.
Generating RTLIL representation for module `\OBUFDS'.
Generating RTLIL representation for module `\OBUFDS_DPHY'.
Generating RTLIL representation for module `\OBUFTDS'.
Generating RTLIL representation for module `\KEEPER'.
Generating RTLIL representation for module `\PULLDOWN'.
Generating RTLIL representation for module `\PULLUP'.
Generating RTLIL representation for module `\DCIRESET'.
Generating RTLIL representation for module `\HPIO_VREF'.
Generating RTLIL representation for module `\BUFGCE'.
Generating RTLIL representation for module `\BUFGCE_1'.
Generating RTLIL representation for module `\BUFGMUX'.
Generating RTLIL representation for module `\BUFGMUX_1'.
Generating RTLIL representation for module `\BUFGMUX_CTRL'.
Generating RTLIL representation for module `\BUFGMUX_VIRTEX4'.
Generating RTLIL representation for module `\BUFG_GT'.
Generating RTLIL representation for module `\BUFG_GT_SYNC'.
Generating RTLIL representation for module `\BUFG_PS'.
Generating RTLIL representation for module `\BUFGCE_DIV'.
Generating RTLIL representation for module `\BUFH'.
Generating RTLIL representation for module `\BUFIO2'.
Generating RTLIL representation for module `\BUFIO2_2CLK'.
Generating RTLIL representation for module `\BUFIO2FB'.
Generating RTLIL representation for module `\BUFPLL'.
Generating RTLIL representation for module `\BUFPLL_MCB'.
Generating RTLIL representation for module `\BUFIO'.
Generating RTLIL representation for module `\BUFIODQS'.
Generating RTLIL representation for module `\BUFR'.
Generating RTLIL representation for module `\BUFMR'.
Generating RTLIL representation for module `\BUFMRCE'.
Generating RTLIL representation for module `\DCM'.
Generating RTLIL representation for module `\DCM_SP'.
Generating RTLIL representation for module `\DCM_CLKGEN'.
Generating RTLIL representation for module `\DCM_ADV'.
Generating RTLIL representation for module `\DCM_BASE'.
Generating RTLIL representation for module `\DCM_PS'.
Generating RTLIL representation for module `\PMCD'.
Generating RTLIL representation for module `\PLL_ADV'.
Generating RTLIL representation for module `\PLL_BASE'.
Generating RTLIL representation for module `\MMCM_ADV'.
Generating RTLIL representation for module `\MMCM_BASE'.
Generating RTLIL representation for module `\MMCME2_ADV'.
Generating RTLIL representation for module `\MMCME2_BASE'.
Generating RTLIL representation for module `\PLLE2_ADV'.
Generating RTLIL representation for module `\PLLE2_BASE'.
Generating RTLIL representation for module `\MMCME3_ADV'.
Generating RTLIL representation for module `\MMCME3_BASE'.
Generating RTLIL representation for module `\PLLE3_ADV'.
Generating RTLIL representation for module `\PLLE3_BASE'.
Generating RTLIL representation for module `\MMCME4_ADV'.
Generating RTLIL representation for module `\MMCME4_BASE'.
Generating RTLIL representation for module `\PLLE4_ADV'.
Generating RTLIL representation for module `\PLLE4_BASE'.
Generating RTLIL representation for module `\BUFT'.
Generating RTLIL representation for module `\IN_FIFO'.
Generating RTLIL representation for module `\OUT_FIFO'.
Generating RTLIL representation for module `\HARD_SYNC'.
Generating RTLIL representation for module `\STARTUP_SPARTAN3'.
Generating RTLIL representation for module `\STARTUP_SPARTAN3E'.
Generating RTLIL representation for module `\STARTUP_SPARTAN3A'.
Generating RTLIL representation for module `\STARTUP_SPARTAN6'.
Generating RTLIL representation for module `\STARTUP_VIRTEX4'.
Generating RTLIL representation for module `\STARTUP_VIRTEX5'.
Generating RTLIL representation for module `\STARTUP_VIRTEX6'.
Generating RTLIL representation for module `\STARTUPE2'.
Generating RTLIL representation for module `\STARTUPE3'.
Generating RTLIL representation for module `\CAPTURE_SPARTAN3'.
Generating RTLIL representation for module `\CAPTURE_SPARTAN3A'.
Generating RTLIL representation for module `\CAPTURE_VIRTEX4'.
Generating RTLIL representation for module `\CAPTURE_VIRTEX5'.
Generating RTLIL representation for module `\CAPTURE_VIRTEX6'.
Generating RTLIL representation for module `\CAPTUREE2'.
Generating RTLIL representation for module `\ICAP_SPARTAN3A'.
Generating RTLIL representation for module `\ICAP_SPARTAN6'.
Generating RTLIL representation for module `\ICAP_VIRTEX4'.
Generating RTLIL representation for module `\ICAP_VIRTEX5'.
Generating RTLIL representation for module `\ICAP_VIRTEX6'.
Generating RTLIL representation for module `\ICAPE2'.
Generating RTLIL representation for module `\ICAPE3'.
Generating RTLIL representation for module `\BSCAN_SPARTAN3'.
Generating RTLIL representation for module `\BSCAN_SPARTAN3A'.
Generating RTLIL representation for module `\BSCAN_SPARTAN6'.
Generating RTLIL representation for module `\BSCAN_VIRTEX4'.
Generating RTLIL representation for module `\BSCAN_VIRTEX5'.
Generating RTLIL representation for module `\BSCAN_VIRTEX6'.
Generating RTLIL representation for module `\BSCANE2'.
Generating RTLIL representation for module `\DNA_PORT'.
Generating RTLIL representation for module `\DNA_PORTE2'.
Generating RTLIL representation for module `\FRAME_ECC_VIRTEX4'.
Generating RTLIL representation for module `\FRAME_ECC_VIRTEX5'.
Generating RTLIL representation for module `\FRAME_ECC_VIRTEX6'.
Generating RTLIL representation for module `\FRAME_ECCE2'.
Generating RTLIL representation for module `\FRAME_ECCE3'.
Generating RTLIL representation for module `\FRAME_ECCE4'.
Generating RTLIL representation for module `\USR_ACCESS_VIRTEX4'.
Generating RTLIL representation for module `\USR_ACCESS_VIRTEX5'.
Generating RTLIL representation for module `\USR_ACCESS_VIRTEX6'.
Generating RTLIL representation for module `\USR_ACCESSE2'.
Generating RTLIL representation for module `\POST_CRC_INTERNAL'.
Generating RTLIL representation for module `\SUSPEND_SYNC'.
Generating RTLIL representation for module `\KEY_CLEAR'.
Generating RTLIL representation for module `\MASTER_JTAG'.
Generating RTLIL representation for module `\SPI_ACCESS'.
Generating RTLIL representation for module `\EFUSE_USR'.
Generating RTLIL representation for module `\SYSMON'.
Generating RTLIL representation for module `\XADC'.
Generating RTLIL representation for module `\SYSMONE1'.
Generating RTLIL representation for module `\SYSMONE4'.
Generating RTLIL representation for module `\GTPA1_DUAL'.
Generating RTLIL representation for module `\GT11_CUSTOM'.
Generating RTLIL representation for module `\GT11_DUAL'.
Generating RTLIL representation for module `\GT11CLK'.
Generating RTLIL representation for module `\GT11CLK_MGT'.
Generating RTLIL representation for module `\GTP_DUAL'.
Generating RTLIL representation for module `\GTX_DUAL'.
Generating RTLIL representation for module `\CRC32'.
Generating RTLIL representation for module `\CRC64'.
Generating RTLIL representation for module `\GTHE1_QUAD'.
Generating RTLIL representation for module `\GTXE1'.
Generating RTLIL representation for module `\IBUFDS_GTXE1'.
Generating RTLIL representation for module `\IBUFDS_GTHE1'.
Generating RTLIL representation for module `\GTHE2_CHANNEL'.
Generating RTLIL representation for module `\GTHE2_COMMON'.
Generating RTLIL representation for module `\GTPE2_CHANNEL'.
Generating RTLIL representation for module `\GTPE2_COMMON'.
Generating RTLIL representation for module `\GTXE2_CHANNEL'.
Generating RTLIL representation for module `\GTXE2_COMMON'.
Generating RTLIL representation for module `\IBUFDS_GTE2'.
Generating RTLIL representation for module `\GTHE3_CHANNEL'.
Generating RTLIL representation for module `\GTHE3_COMMON'.
Generating RTLIL representation for module `\GTYE3_CHANNEL'.
Generating RTLIL representation for module `\GTYE3_COMMON'.
Generating RTLIL representation for module `\IBUFDS_GTE3'.
Generating RTLIL representation for module `\OBUFDS_GTE3'.
Generating RTLIL representation for module `\OBUFDS_GTE3_ADV'.
Generating RTLIL representation for module `\GTHE4_CHANNEL'.
Generating RTLIL representation for module `\GTHE4_COMMON'.
Generating RTLIL representation for module `\GTYE4_CHANNEL'.
Generating RTLIL representation for module `\GTYE4_COMMON'.
Generating RTLIL representation for module `\IBUFDS_GTE4'.
Generating RTLIL representation for module `\OBUFDS_GTE4'.
Generating RTLIL representation for module `\OBUFDS_GTE4_ADV'.
Generating RTLIL representation for module `\GTM_DUAL'.
Generating RTLIL representation for module `\IBUFDS_GTM'.
Generating RTLIL representation for module `\OBUFDS_GTM'.
Generating RTLIL representation for module `\OBUFDS_GTM_ADV'.
Generating RTLIL representation for module `\HSDAC'.
Generating RTLIL representation for module `\HSADC'.
Generating RTLIL representation for module `\RFDAC'.
Generating RTLIL representation for module `\RFADC'.
Generating RTLIL representation for module `\PCIE_A1'.
Generating RTLIL representation for module `\PCIE_EP'.
Generating RTLIL representation for module `\PCIE_2_0'.
Generating RTLIL representation for module `\PCIE_2_1'.
Generating RTLIL representation for module `\PCIE_3_0'.
Generating RTLIL representation for module `\PCIE_3_1'.
Generating RTLIL representation for module `\PCIE40E4'.
Generating RTLIL representation for module `\PCIE4CE4'.
Generating RTLIL representation for module `\EMAC'.
Generating RTLIL representation for module `\TEMAC'.
Generating RTLIL representation for module `\TEMAC_SINGLE'.
Generating RTLIL representation for module `\CMAC'.
Generating RTLIL representation for module `\CMACE4'.
Generating RTLIL representation for module `\MCB'.
Generating RTLIL representation for module `\HBM_REF_CLK'.
Generating RTLIL representation for module `\HBM_SNGLBLI_INTF_APB'.
Generating RTLIL representation for module `\HBM_SNGLBLI_INTF_AXI'.
Generating RTLIL representation for module `\HBM_ONE_STACK_INTF'.
Generating RTLIL representation for module `\HBM_TWO_STACK_INTF'.
Generating RTLIL representation for module `\PPC405_ADV'.
Generating RTLIL representation for module `\PPC440'.
Generating RTLIL representation for module `\PS7'.
Generating RTLIL representation for module `\PS8'.
Generating RTLIL representation for module `\ILKN'.
Generating RTLIL representation for module `\ILKNE4'.
Generating RTLIL representation for module `\VCU'.
Generating RTLIL representation for module `\FE'.
Successfully finished Verilog frontend.

5.3. Executing HIERARCHY pass (managing design hierarchy).

5.3.1. Analyzing design hierarchy..
Top module:  \cap_pdb_parallel_compact_allocation_engine
Used module:     $paramod$b5bfe1d4fce40940586b6e35fec61194ae5a8fde\cap_pdb_state_wide_bank
Used module:     $paramod$cbc3189b30a0f0ae8c16e45df15b3f5a54303a8f\cap_pdb_masked_min32

5.3.2. Analyzing design hierarchy..
Top module:  \cap_pdb_parallel_compact_allocation_engine
Used module:     $paramod$b5bfe1d4fce40940586b6e35fec61194ae5a8fde\cap_pdb_state_wide_bank
Used module:     $paramod$cbc3189b30a0f0ae8c16e45df15b3f5a54303a8f\cap_pdb_masked_min32
Removed 0 unused modules.

5.4. Executing PROC pass (convert processes to netlists).

5.4.1. Executing PROC_CLEAN pass (remove empty switches from decision trees).
Cleaned up 0 empty switches.

5.4.2. Executing PROC_RMDEAD pass (remove dead branches from decision trees).
Marked 26 switch rules as full_case in process $proc$cap_pdb_parallel_compact_engine.sv:232$1573 in module cap_pdb_parallel_compact_allocation_engine.
Marked 3 switch rules as full_case in process $proc$cap_pdb_parallel_compact_engine.sv:249$1613 in module cap_pdb_parallel_compact_allocation_engine.
Marked 1 switch rules as full_case in process $proc$cap_pdb_parallel_compact_engine.sv:22$2201 in module $paramod$b5bfe1d4fce40940586b6e35fec61194ae5a8fde\cap_pdb_state_wide_bank.
Removed a total of 0 dead cases.

5.4.3. Executing PROC_PRUNE pass (remove redundant assignments in processes).
Removed 1 redundant assignment.
Promoted 142 assignments to connections.

5.4.4. Executing PROC_INIT pass (extract init attributes).

5.4.5. Executing PROC_ARST pass (detect async resets in processes).

5.4.6. Executing PROC_ROM pass (convert switches to ROMs).
Converted 0 switches.
<suppressed ~59 debug messages>

5.4.7. Executing PROC_MUX pass (convert decision trees to multiplexers).
Creating decoders for process `\cap_pdb_parallel_compact_allocation_engine.$proc$cap_pdb_parallel_compact_engine.sv:207$1416'.
Creating decoders for process `\cap_pdb_parallel_compact_allocation_engine.$proc$cap_pdb_parallel_compact_engine.sv:232$1573'.
     1/26: $13\final_group_minimum[15:0]
     2/26: $13\all_after_empty[0:0]
     3/26: $12\final_group_minimum[15:0]
     4/26: $12\all_after_empty[0:0]
     5/26: $11\final_group_minimum[15:0]
     6/26: $11\all_after_empty[0:0]
     7/26: $10\final_group_minimum[15:0]
     8/26: $10\all_after_empty[0:0]
     9/26: $9\final_group_minimum[15:0]
    10/26: $9\all_after_empty[0:0]
    11/26: $8\final_group_minimum[15:0]
    12/26: $8\all_after_empty[0:0]
    13/26: $7\final_group_minimum[15:0]
    14/26: $7\all_after_empty[0:0]
    15/26: $6\final_group_minimum[15:0]
    16/26: $6\all_after_empty[0:0]
    17/26: $5\final_group_minimum[15:0]
    18/26: $5\all_after_empty[0:0]
    19/26: $4\final_group_minimum[15:0]
    20/26: $4\all_after_empty[0:0]
    21/26: $3\final_group_minimum[15:0]
    22/26: $3\all_after_empty[0:0]
    23/26: $2\final_group_minimum[15:0]
    24/26: $2\all_after_empty[0:0]
    25/26: $1\final_group_minimum[15:0]
    26/26: $1\all_after_empty[0:0]
Creating decoders for process `\cap_pdb_parallel_compact_allocation_engine.$proc$cap_pdb_parallel_compact_engine.sv:249$1613'.
     1/35: $4\index[31:0]
     2/35: $3\index[31:0]
     3/35: $2\index[31:0]
     4/35: $0\done[0:0]
     5/35: $0\group_minimum[12][15:0]
     6/35: $0\group_minimum[11][15:0]
     7/35: $0\group_minimum[10][15:0]
     8/35: $0\group_minimum[9][15:0]
     9/35: $0\group_minimum[8][15:0]
    10/35: $0\group_minimum[7][15:0]
    11/35: $0\group_minimum[6][15:0]
    12/35: $0\group_minimum[5][15:0]
    13/35: $0\group_minimum[4][15:0]
    14/35: $0\group_minimum[3][15:0]
    15/35: $0\group_minimum[2][15:0]
    16/35: $0\group_minimum[1][15:0]
    17/35: $0\group_minimum[0][15:0]
    18/35: $0\remaining[12][31:0]
    19/35: $0\remaining[11][31:0]
    20/35: $0\remaining[10][31:0]
    21/35: $0\remaining[9][31:0]
    22/35: $0\remaining[8][31:0]
    23/35: $0\remaining[7][31:0]
    24/35: $0\remaining[6][31:0]
    25/35: $0\remaining[5][31:0]
    26/35: $0\remaining[4][31:0]
    27/35: $0\remaining[3][31:0]
    28/35: $0\remaining[2][31:0]
    29/35: $0\remaining[1][31:0]
    30/35: $0\remaining[0][31:0]
    31/35: $0\phase[1:0]
    32/35: $0\cycles[15:0]
    33/35: $0\group_cost_sum[23:0]
    34/35: $0\valid[0:0]
    35/35: $0\busy[0:0]
Creating decoders for process `\cap_pdb_parallel_compact_allocation_engine.$proc$cap_pdb_parallel_compact_engine.sv:185$1683'.
Creating decoders for process `\cap_pdb_parallel_compact_allocation_engine.$proc$cap_pdb_parallel_compact_engine.sv:185$1723'.
Creating decoders for process `\cap_pdb_parallel_compact_allocation_engine.$proc$cap_pdb_parallel_compact_engine.sv:185$1763'.
Creating decoders for process `\cap_pdb_parallel_compact_allocation_engine.$proc$cap_pdb_parallel_compact_engine.sv:185$1803'.
Creating decoders for process `\cap_pdb_parallel_compact_allocation_engine.$proc$cap_pdb_parallel_compact_engine.sv:185$1843'.
Creating decoders for process `\cap_pdb_parallel_compact_allocation_engine.$proc$cap_pdb_parallel_compact_engine.sv:185$1883'.
Creating decoders for process `\cap_pdb_parallel_compact_allocation_engine.$proc$cap_pdb_parallel_compact_engine.sv:185$1923'.
Creating decoders for process `\cap_pdb_parallel_compact_allocation_engine.$proc$cap_pdb_parallel_compact_engine.sv:185$1963'.
Creating decoders for process `\cap_pdb_parallel_compact_allocation_engine.$proc$cap_pdb_parallel_compact_engine.sv:185$2003'.
Creating decoders for process `\cap_pdb_parallel_compact_allocation_engine.$proc$cap_pdb_parallel_compact_engine.sv:185$2043'.
Creating decoders for process `\cap_pdb_parallel_compact_allocation_engine.$proc$cap_pdb_parallel_compact_engine.sv:185$2083'.
Creating decoders for process `\cap_pdb_parallel_compact_allocation_engine.$proc$cap_pdb_parallel_compact_engine.sv:185$2123'.
Creating decoders for process `\cap_pdb_parallel_compact_allocation_engine.$proc$cap_pdb_parallel_compact_engine.sv:185$2163'.
Creating decoders for process `$paramod$b5bfe1d4fce40940586b6e35fec61194ae5a8fde\cap_pdb_state_wide_bank.$proc$cap_pdb_parallel_compact_engine.sv:22$2201'.
     1/4: $1$memwr$\memory$cap_pdb_parallel_compact_engine.sv:24$2200_EN[511:0]$2207
     2/4: $1$memwr$\memory$cap_pdb_parallel_compact_engine.sv:24$2200_DATA[511:0]$2206
     3/4: $1$memwr$\memory$cap_pdb_parallel_compact_engine.sv:24$2200_ADDR[8:0]$2205
     4/4: $0\rdata[511:0]

5.4.8. Executing PROC_DLATCH pass (convert process syncs to latches).
No latch inferred for signal `\cap_pdb_parallel_compact_allocation_engine.\selected_effect_bus' from process `\cap_pdb_parallel_compact_allocation_engine.$proc$cap_pdb_parallel_compact_engine.sv:207$1416'.
No latch inferred for signal `\cap_pdb_parallel_compact_allocation_engine.\remaining_after_bus' from process `\cap_pdb_parallel_compact_allocation_engine.$proc$cap_pdb_parallel_compact_engine.sv:207$1416'.
No latch inferred for signal `\cap_pdb_parallel_compact_allocation_engine.\select_group' from process `\cap_pdb_parallel_compact_allocation_engine.$proc$cap_pdb_parallel_compact_engine.sv:207$1416'.
No latch inferred for signal `\cap_pdb_parallel_compact_allocation_engine.\select_lane' from process `\cap_pdb_parallel_compact_allocation_engine.$proc$cap_pdb_parallel_compact_engine.sv:207$1416'.
No latch inferred for signal `\cap_pdb_parallel_compact_allocation_engine.\select_pending' from process `\cap_pdb_parallel_compact_allocation_engine.$proc$cap_pdb_parallel_compact_engine.sv:207$1416'.
No latch inferred for signal `\cap_pdb_parallel_compact_allocation_engine.\select_least' from process `\cap_pdb_parallel_compact_allocation_engine.$proc$cap_pdb_parallel_compact_engine.sv:207$1416'.
No latch inferred for signal `\cap_pdb_parallel_compact_allocation_engine.\index' from process `\cap_pdb_parallel_compact_allocation_engine.$proc$cap_pdb_parallel_compact_engine.sv:232$1573'.
No latch inferred for signal `\cap_pdb_parallel_compact_allocation_engine.\all_after_empty' from process `\cap_pdb_parallel_compact_allocation_engine.$proc$cap_pdb_parallel_compact_engine.sv:232$1573'.
No latch inferred for signal `\cap_pdb_parallel_compact_allocation_engine.\final_sum' from process `\cap_pdb_parallel_compact_allocation_engine.$proc$cap_pdb_parallel_compact_engine.sv:232$1573'.
No latch inferred for signal `\cap_pdb_parallel_compact_allocation_engine.\final_group_minimum' from process `\cap_pdb_parallel_compact_allocation_engine.$proc$cap_pdb_parallel_compact_engine.sv:232$1573'.
No latch inferred for signal `\cap_pdb_parallel_compact_allocation_engine.\xor_permute_mask$func$cap_pdb_parallel_compact_engine.sv:185$1389.$result' from process `\cap_pdb_parallel_compact_allocation_engine.$proc$cap_pdb_parallel_compact_engine.sv:185$1683'.
No latch inferred for signal `\cap_pdb_parallel_compact_allocation_engine.\xor_permute_mask$func$cap_pdb_parallel_compact_engine.sv:185$1402.$result' from process `\cap_pdb_parallel_compact_allocation_engine.$proc$cap_pdb_parallel_compact_engine.sv:185$1683'.
No latch inferred for signal `\cap_pdb_parallel_compact_allocation_engine.\xor_permute_mask$func$cap_pdb_parallel_compact_engine.sv:185$1402.mask' from process `\cap_pdb_parallel_compact_allocation_engine.$proc$cap_pdb_parallel_compact_engine.sv:185$1683'.
No latch inferred for signal `\cap_pdb_parallel_compact_allocation_engine.\xor_permute_mask$func$cap_pdb_parallel_compact_engine.sv:185$1402.xor_state' from process `\cap_pdb_parallel_compact_allocation_engine.$proc$cap_pdb_parallel_compact_engine.sv:185$1683'.
No latch inferred for signal `\cap_pdb_parallel_compact_allocation_engine.\xor_permute_mask$func$cap_pdb_parallel_compact_engine.sv:185$1402.stage0' from process `\cap_pdb_parallel_compact_allocation_engine.$proc$cap_pdb_parallel_compact_engine.sv:185$1683'.
No latch inferred for signal `\cap_pdb_parallel_compact_allocation_engine.\xor_permute_mask$func$cap_pdb_parallel_compact_engine.sv:185$1402.stage1' from process `\cap_pdb_parallel_compact_allocation_engine.$proc$cap_pdb_parallel_compact_engine.sv:185$1683'.
No latch inferred for signal `\cap_pdb_parallel_compact_allocation_engine.\xor_permute_mask$func$cap_pdb_parallel_compact_engine.sv:185$1402.stage2' from process `\cap_pdb_parallel_compact_allocation_engine.$proc$cap_pdb_parallel_compact_engine.sv:185$1683'.
No latch inferred for signal `\cap_pdb_parallel_compact_allocation_engine.\xor_permute_mask$func$cap_pdb_parallel_compact_engine.sv:185$1402.stage3' from process `\cap_pdb_parallel_compact_allocation_engine.$proc$cap_pdb_parallel_compact_engine.sv:185$1683'.
No latch inferred for signal `\cap_pdb_parallel_compact_allocation_engine.\xor_permute_mask$func$cap_pdb_parallel_compact_engine.sv:185$1390.$result' from process `\cap_pdb_parallel_compact_allocation_engine.$proc$cap_pdb_parallel_compact_engine.sv:185$1723'.
No latch inferred for signal `\cap_pdb_parallel_compact_allocation_engine.\xor_permute_mask$func$cap_pdb_parallel_compact_engine.sv:185$1403.$result' from process `\cap_pdb_parallel_compact_allocation_engine.$proc$cap_pdb_parallel_compact_engine.sv:185$1723'.
No latch inferred for signal `\cap_pdb_parallel_compact_allocation_engine.\xor_permute_mask$func$cap_pdb_parallel_compact_engine.sv:185$1403.mask' from process `\cap_pdb_parallel_compact_allocation_engine.$proc$cap_pdb_parallel_compact_engine.sv:185$1723'.
No latch inferred for signal `\cap_pdb_parallel_compact_allocation_engine.\xor_permute_mask$func$cap_pdb_parallel_compact_engine.sv:185$1403.xor_state' from process `\cap_pdb_parallel_compact_allocation_engine.$proc$cap_pdb_parallel_compact_engine.sv:185$1723'.
No latch inferred for signal `\cap_pdb_parallel_compact_allocation_engine.\xor_permute_mask$func$cap_pdb_parallel_compact_engine.sv:185$1403.stage0' from process `\cap_pdb_parallel_compact_allocation_engine.$proc$cap_pdb_parallel_compact_engine.sv:185$1723'.
No latch inferred for signal `\cap_pdb_parallel_compact_allocation_engine.\xor_permute_mask$func$cap_pdb_parallel_compact_engine.sv:185$1403.stage1' from process `\cap_pdb_parallel_compact_allocation_engine.$proc$cap_pdb_parallel_compact_engine.sv:185$1723'.
No latch inferred for signal `\cap_pdb_parallel_compact_allocation_engine.\xor_permute_mask$func$cap_pdb_parallel_compact_engine.sv:185$1403.stage2' from process `\cap_pdb_parallel_compact_allocation_engine.$proc$cap_pdb_parallel_compact_engine.sv:185$1723'.
No latch inferred for signal `\cap_pdb_parallel_compact_allocation_engine.\xor_permute_mask$func$cap_pdb_parallel_compact_engine.sv:185$1403.stage3' from process `\cap_pdb_parallel_compact_allocation_engine.$proc$cap_pdb_parallel_compact_engine.sv:185$1723'.
No latch inferred for signal `\cap_pdb_parallel_compact_allocation_engine.\xor_permute_mask$func$cap_pdb_parallel_compact_engine.sv:185$1391.$result' from process `\cap_pdb_parallel_compact_allocation_engine.$proc$cap_pdb_parallel_compact_engine.sv:185$1763'.
No latch inferred for signal `\cap_pdb_parallel_compact_allocation_engine.\xor_permute_mask$func$cap_pdb_parallel_compact_engine.sv:185$1404.$result' from process `\cap_pdb_parallel_compact_allocation_engine.$proc$cap_pdb_parallel_compact_engine.sv:185$1763'.
No latch inferred for signal `\cap_pdb_parallel_compact_allocation_engine.\xor_permute_mask$func$cap_pdb_parallel_compact_engine.sv:185$1404.mask' from process `\cap_pdb_parallel_compact_allocation_engine.$proc$cap_pdb_parallel_compact_engine.sv:185$1763'.
No latch inferred for signal `\cap_pdb_parallel_compact_allocation_engine.\xor_permute_mask$func$cap_pdb_parallel_compact_engine.sv:185$1404.xor_state' from process `\cap_pdb_parallel_compact_allocation_engine.$proc$cap_pdb_parallel_compact_engine.sv:185$1763'.
No latch inferred for signal `\cap_pdb_parallel_compact_allocation_engine.\xor_permute_mask$func$cap_pdb_parallel_compact_engine.sv:185$1404.stage0' from process `\cap_pdb_parallel_compact_allocation_engine.$proc$cap_pdb_parallel_compact_engine.sv:185$1763'.
No latch inferred for signal `\cap_pdb_parallel_compact_allocation_engine.\xor_permute_mask$func$cap_pdb_parallel_compact_engine.sv:185$1404.stage1' from process `\cap_pdb_parallel_compact_allocation_engine.$proc$cap_pdb_parallel_compact_engine.sv:185$1763'.
No latch inferred for signal `\cap_pdb_parallel_compact_allocation_engine.\xor_permute_mask$func$cap_pdb_parallel_compact_engine.sv:185$1404.stage2' from process `\cap_pdb_parallel_compact_allocation_engine.$proc$cap_pdb_parallel_compact_engine.sv:185$1763'.
No latch inferred for signal `\cap_pdb_parallel_compact_allocation_engine.\xor_permute_mask$func$cap_pdb_parallel_compact_engine.sv:185$1404.stage3' from process `\cap_pdb_parallel_compact_allocation_engine.$proc$cap_pdb_parallel_compact_engine.sv:185$1763'.
No latch inferred for signal `\cap_pdb_parallel_compact_allocation_engine.\xor_permute_mask$func$cap_pdb_parallel_compact_engine.sv:185$1392.$result' from process `\cap_pdb_parallel_compact_allocation_engine.$proc$cap_pdb_parallel_compact_engine.sv:185$1803'.
No latch inferred for signal `\cap_pdb_parallel_compact_allocation_engine.\xor_permute_mask$func$cap_pdb_parallel_compact_engine.sv:185$1405.$result' from process `\cap_pdb_parallel_compact_allocation_engine.$proc$cap_pdb_parallel_compact_engine.sv:185$1803'.
No latch inferred for signal `\cap_pdb_parallel_compact_allocation_engine.\xor_permute_mask$func$cap_pdb_parallel_compact_engine.sv:185$1405.mask' from process `\cap_pdb_parallel_compact_allocation_engine.$proc$cap_pdb_parallel_compact_engine.sv:185$1803'.
No latch inferred for signal `\cap_pdb_parallel_compact_allocation_engine.\xor_permute_mask$func$cap_pdb_parallel_compact_engine.sv:185$1405.xor_state' from process `\cap_pdb_parallel_compact_allocation_engine.$proc$cap_pdb_parallel_compact_engine.sv:185$1803'.
No latch inferred for signal `\cap_pdb_parallel_compact_allocation_engine.\xor_permute_mask$func$cap_pdb_parallel_compact_engine.sv:185$1405.stage0' from process `\cap_pdb_parallel_compact_allocation_engine.$proc$cap_pdb_parallel_compact_engine.sv:185$1803'.
No latch inferred for signal `\cap_pdb_parallel_compact_allocation_engine.\xor_permute_mask$func$cap_pdb_parallel_compact_engine.sv:185$1405.stage1' from process `\cap_pdb_parallel_compact_allocation_engine.$proc$cap_pdb_parallel_compact_engine.sv:185$1803'.
No latch inferred for signal `\cap_pdb_parallel_compact_allocation_engine.\xor_permute_mask$func$cap_pdb_parallel_compact_engine.sv:185$1405.stage2' from process `\cap_pdb_parallel_compact_allocation_engine.$proc$cap_pdb_parallel_compact_engine.sv:185$1803'.
No latch inferred for signal `\cap_pdb_parallel_compact_allocation_engine.\xor_permute_mask$func$cap_pdb_parallel_compact_engine.sv:185$1405.stage3' from process `\cap_pdb_parallel_compact_allocation_engine.$proc$cap_pdb_parallel_compact_engine.sv:185$1803'.
No latch inferred for signal `\cap_pdb_parallel_compact_allocation_engine.\xor_permute_mask$func$cap_pdb_parallel_compact_engine.sv:185$1393.$result' from process `\cap_pdb_parallel_compact_allocation_engine.$proc$cap_pdb_parallel_compact_engine.sv:185$1843'.
No latch inferred for signal `\cap_pdb_parallel_compact_allocation_engine.\xor_permute_mask$func$cap_pdb_parallel_compact_engine.sv:185$1406.$result' from process `\cap_pdb_parallel_compact_allocation_engine.$proc$cap_pdb_parallel_compact_engine.sv:185$1843'.
No latch inferred for signal `\cap_pdb_parallel_compact_allocation_engine.\xor_permute_mask$func$cap_pdb_parallel_compact_engine.sv:185$1406.mask' from process `\cap_pdb_parallel_compact_allocation_engine.$proc$cap_pdb_parallel_compact_engine.sv:185$1843'.
No latch inferred for signal `\cap_pdb_parallel_compact_allocation_engine.\xor_permute_mask$func$cap_pdb_parallel_compact_engine.sv:185$1406.xor_state' from process `\cap_pdb_parallel_compact_allocation_engine.$proc$cap_pdb_parallel_compact_engine.sv:185$1843'.
No latch inferred for signal `\cap_pdb_parallel_compact_allocation_engine.\xor_permute_mask$func$cap_pdb_parallel_compact_engine.sv:185$1406.stage0' from process `\cap_pdb_parallel_compact_allocation_engine.$proc$cap_pdb_parallel_compact_engine.sv:185$1843'.
No latch inferred for signal `\cap_pdb_parallel_compact_allocation_engine.\xor_permute_mask$func$cap_pdb_parallel_compact_engine.sv:185$1406.stage1' from process `\cap_pdb_parallel_compact_allocation_engine.$proc$cap_pdb_parallel_compact_engine.sv:185$1843'.
No latch inferred for signal `\cap_pdb_parallel_compact_allocation_engine.\xor_permute_mask$func$cap_pdb_parallel_compact_engine.sv:185$1406.stage2' from process `\cap_pdb_parallel_compact_allocation_engine.$proc$cap_pdb_parallel_compact_engine.sv:185$1843'.
No latch inferred for signal `\cap_pdb_parallel_compact_allocation_engine.\xor_permute_mask$func$cap_pdb_parallel_compact_engine.sv:185$1406.stage3' from process `\cap_pdb_parallel_compact_allocation_engine.$proc$cap_pdb_parallel_compact_engine.sv:185$1843'.
No latch inferred for signal `\cap_pdb_parallel_compact_allocation_engine.\xor_permute_mask$func$cap_pdb_parallel_compact_engine.sv:185$1394.$result' from process `\cap_pdb_parallel_compact_allocation_engine.$proc$cap_pdb_parallel_compact_engine.sv:185$1883'.
No latch inferred for signal `\cap_pdb_parallel_compact_allocation_engine.\xor_permute_mask$func$cap_pdb_parallel_compact_engine.sv:185$1407.$result' from process `\cap_pdb_parallel_compact_allocation_engine.$proc$cap_pdb_parallel_compact_engine.sv:185$1883'.
No latch inferred for signal `\cap_pdb_parallel_compact_allocation_engine.\xor_permute_mask$func$cap_pdb_parallel_compact_engine.sv:185$1407.mask' from process `\cap_pdb_parallel_compact_allocation_engine.$proc$cap_pdb_parallel_compact_engine.sv:185$1883'.
No latch inferred for signal `\cap_pdb_parallel_compact_allocation_engine.\xor_permute_mask$func$cap_pdb_parallel_compact_engine.sv:185$1407.xor_state' from process `\cap_pdb_parallel_compact_allocation_engine.$proc$cap_pdb_parallel_compact_engine.sv:185$1883'.
No latch inferred for signal `\cap_pdb_parallel_compact_allocation_engine.\xor_permute_mask$func$cap_pdb_parallel_compact_engine.sv:185$1407.stage0' from process `\cap_pdb_parallel_compact_allocation_engine.$proc$cap_pdb_parallel_compact_engine.sv:185$1883'.
No latch inferred for signal `\cap_pdb_parallel_compact_allocation_engine.\xor_permute_mask$func$cap_pdb_parallel_compact_engine.sv:185$1407.stage1' from process `\cap_pdb_parallel_compact_allocation_engine.$proc$cap_pdb_parallel_compact_engine.sv:185$1883'.
No latch inferred for signal `\cap_pdb_parallel_compact_allocation_engine.\xor_permute_mask$func$cap_pdb_parallel_compact_engine.sv:185$1407.stage2' from process `\cap_pdb_parallel_compact_allocation_engine.$proc$cap_pdb_parallel_compact_engine.sv:185$1883'.
No latch inferred for signal `\cap_pdb_parallel_compact_allocation_engine.\xor_permute_mask$func$cap_pdb_parallel_compact_engine.sv:185$1407.stage3' from process `\cap_pdb_parallel_compact_allocation_engine.$proc$cap_pdb_parallel_compact_engine.sv:185$1883'.
No latch inferred for signal `\cap_pdb_parallel_compact_allocation_engine.\xor_permute_mask$func$cap_pdb_parallel_compact_engine.sv:185$1395.$result' from process `\cap_pdb_parallel_compact_allocation_engine.$proc$cap_pdb_parallel_compact_engine.sv:185$1923'.
No latch inferred for signal `\cap_pdb_parallel_compact_allocation_engine.\xor_permute_mask$func$cap_pdb_parallel_compact_engine.sv:185$1408.$result' from process `\cap_pdb_parallel_compact_allocation_engine.$proc$cap_pdb_parallel_compact_engine.sv:185$1923'.
No latch inferred for signal `\cap_pdb_parallel_compact_allocation_engine.\xor_permute_mask$func$cap_pdb_parallel_compact_engine.sv:185$1408.mask' from process `\cap_pdb_parallel_compact_allocation_engine.$proc$cap_pdb_parallel_compact_engine.sv:185$1923'.
No latch inferred for signal `\cap_pdb_parallel_compact_allocation_engine.\xor_permute_mask$func$cap_pdb_parallel_compact_engine.sv:185$1408.xor_state' from process `\cap_pdb_parallel_compact_allocation_engine.$proc$cap_pdb_parallel_compact_engine.sv:185$1923'.
No latch inferred for signal `\cap_pdb_parallel_compact_allocation_engine.\xor_permute_mask$func$cap_pdb_parallel_compact_engine.sv:185$1408.stage0' from process `\cap_pdb_parallel_compact_allocation_engine.$proc$cap_pdb_parallel_compact_engine.sv:185$1923'.
No latch inferred for signal `\cap_pdb_parallel_compact_allocation_engine.\xor_permute_mask$func$cap_pdb_parallel_compact_engine.sv:185$1408.stage1' from process `\cap_pdb_parallel_compact_allocation_engine.$proc$cap_pdb_parallel_compact_engine.sv:185$1923'.
No latch inferred for signal `\cap_pdb_parallel_compact_allocation_engine.\xor_permute_mask$func$cap_pdb_parallel_compact_engine.sv:185$1408.stage2' from process `\cap_pdb_parallel_compact_allocation_engine.$proc$cap_pdb_parallel_compact_engine.sv:185$1923'.
No latch inferred for signal `\cap_pdb_parallel_compact_allocation_engine.\xor_permute_mask$func$cap_pdb_parallel_compact_engine.sv:185$1408.stage3' from process `\cap_pdb_parallel_compact_allocation_engine.$proc$cap_pdb_parallel_compact_engine.sv:185$1923'.
No latch inferred for signal `\cap_pdb_parallel_compact_allocation_engine.\xor_permute_mask$func$cap_pdb_parallel_compact_engine.sv:185$1396.$result' from process `\cap_pdb_parallel_compact_allocation_engine.$proc$cap_pdb_parallel_compact_engine.sv:185$1963'.
No latch inferred for signal `\cap_pdb_parallel_compact_allocation_engine.\xor_permute_mask$func$cap_pdb_parallel_compact_engine.sv:185$1409.$result' from process `\cap_pdb_parallel_compact_allocation_engine.$proc$cap_pdb_parallel_compact_engine.sv:185$1963'.
No latch inferred for signal `\cap_pdb_parallel_compact_allocation_engine.\xor_permute_mask$func$cap_pdb_parallel_compact_engine.sv:185$1409.mask' from process `\cap_pdb_parallel_compact_allocation_engine.$proc$cap_pdb_parallel_compact_engine.sv:185$1963'.
No latch inferred for signal `\cap_pdb_parallel_compact_allocation_engine.\xor_permute_mask$func$cap_pdb_parallel_compact_engine.sv:185$1409.xor_state' from process `\cap_pdb_parallel_compact_allocation_engine.$proc$cap_pdb_parallel_compact_engine.sv:185$1963'.
No latch inferred for signal `\cap_pdb_parallel_compact_allocation_engine.\xor_permute_mask$func$cap_pdb_parallel_compact_engine.sv:185$1409.stage0' from process `\cap_pdb_parallel_compact_allocation_engine.$proc$cap_pdb_parallel_compact_engine.sv:185$1963'.
No latch inferred for signal `\cap_pdb_parallel_compact_allocation_engine.\xor_permute_mask$func$cap_pdb_parallel_compact_engine.sv:185$1409.stage1' from process `\cap_pdb_parallel_compact_allocation_engine.$proc$cap_pdb_parallel_compact_engine.sv:185$1963'.
No latch inferred for signal `\cap_pdb_parallel_compact_allocation_engine.\xor_permute_mask$func$cap_pdb_parallel_compact_engine.sv:185$1409.stage2' from process `\cap_pdb_parallel_compact_allocation_engine.$proc$cap_pdb_parallel_compact_engine.sv:185$1963'.
No latch inferred for signal `\cap_pdb_parallel_compact_allocation_engine.\xor_permute_mask$func$cap_pdb_parallel_compact_engine.sv:185$1409.stage3' from process `\cap_pdb_parallel_compact_allocation_engine.$proc$cap_pdb_parallel_compact_engine.sv:185$1963'.
No latch inferred for signal `\cap_pdb_parallel_compact_allocation_engine.\xor_permute_mask$func$cap_pdb_parallel_compact_engine.sv:185$1397.$result' from process `\cap_pdb_parallel_compact_allocation_engine.$proc$cap_pdb_parallel_compact_engine.sv:185$2003'.
No latch inferred for signal `\cap_pdb_parallel_compact_allocation_engine.\xor_permute_mask$func$cap_pdb_parallel_compact_engine.sv:185$1410.$result' from process `\cap_pdb_parallel_compact_allocation_engine.$proc$cap_pdb_parallel_compact_engine.sv:185$2003'.
No latch inferred for signal `\cap_pdb_parallel_compact_allocation_engine.\xor_permute_mask$func$cap_pdb_parallel_compact_engine.sv:185$1410.mask' from process `\cap_pdb_parallel_compact_allocation_engine.$proc$cap_pdb_parallel_compact_engine.sv:185$2003'.
No latch inferred for signal `\cap_pdb_parallel_compact_allocation_engine.\xor_permute_mask$func$cap_pdb_parallel_compact_engine.sv:185$1410.xor_state' from process `\cap_pdb_parallel_compact_allocation_engine.$proc$cap_pdb_parallel_compact_engine.sv:185$2003'.
No latch inferred for signal `\cap_pdb_parallel_compact_allocation_engine.\xor_permute_mask$func$cap_pdb_parallel_compact_engine.sv:185$1410.stage0' from process `\cap_pdb_parallel_compact_allocation_engine.$proc$cap_pdb_parallel_compact_engine.sv:185$2003'.
No latch inferred for signal `\cap_pdb_parallel_compact_allocation_engine.\xor_permute_mask$func$cap_pdb_parallel_compact_engine.sv:185$1410.stage1' from process `\cap_pdb_parallel_compact_allocation_engine.$proc$cap_pdb_parallel_compact_engine.sv:185$2003'.
No latch inferred for signal `\cap_pdb_parallel_compact_allocation_engine.\xor_permute_mask$func$cap_pdb_parallel_compact_engine.sv:185$1410.stage2' from process `\cap_pdb_parallel_compact_allocation_engine.$proc$cap_pdb_parallel_compact_engine.sv:185$2003'.
No latch inferred for signal `\cap_pdb_parallel_compact_allocation_engine.\xor_permute_mask$func$cap_pdb_parallel_compact_engine.sv:185$1410.stage3' from process `\cap_pdb_parallel_compact_allocation_engine.$proc$cap_pdb_parallel_compact_engine.sv:185$2003'.
No latch inferred for signal `\cap_pdb_parallel_compact_allocation_engine.\xor_permute_mask$func$cap_pdb_parallel_compact_engine.sv:185$1398.$result' from process `\cap_pdb_parallel_compact_allocation_engine.$proc$cap_pdb_parallel_compact_engine.sv:185$2043'.
No latch inferred for signal `\cap_pdb_parallel_compact_allocation_engine.\xor_permute_mask$func$cap_pdb_parallel_compact_engine.sv:185$1411.$result' from process `\cap_pdb_parallel_compact_allocation_engine.$proc$cap_pdb_parallel_compact_engine.sv:185$2043'.
No latch inferred for signal `\cap_pdb_parallel_compact_allocation_engine.\xor_permute_mask$func$cap_pdb_parallel_compact_engine.sv:185$1411.mask' from process `\cap_pdb_parallel_compact_allocation_engine.$proc$cap_pdb_parallel_compact_engine.sv:185$2043'.
No latch inferred for signal `\cap_pdb_parallel_compact_allocation_engine.\xor_permute_mask$func$cap_pdb_parallel_compact_engine.sv:185$1411.xor_state' from process `\cap_pdb_parallel_compact_allocation_engine.$proc$cap_pdb_parallel_compact_engine.sv:185$2043'.
No latch inferred for signal `\cap_pdb_parallel_compact_allocation_engine.\xor_permute_mask$func$cap_pdb_parallel_compact_engine.sv:185$1411.stage0' from process `\cap_pdb_parallel_compact_allocation_engine.$proc$cap_pdb_parallel_compact_engine.sv:185$2043'.
No latch inferred for signal `\cap_pdb_parallel_compact_allocation_engine.\xor_permute_mask$func$cap_pdb_parallel_compact_engine.sv:185$1411.stage1' from process `\cap_pdb_parallel_compact_allocation_engine.$proc$cap_pdb_parallel_compact_engine.sv:185$2043'.
No latch inferred for signal `\cap_pdb_parallel_compact_allocation_engine.\xor_permute_mask$func$cap_pdb_parallel_compact_engine.sv:185$1411.stage2' from process `\cap_pdb_parallel_compact_allocation_engine.$proc$cap_pdb_parallel_compact_engine.sv:185$2043'.
No latch inferred for signal `\cap_pdb_parallel_compact_allocation_engine.\xor_permute_mask$func$cap_pdb_parallel_compact_engine.sv:185$1411.stage3' from process `\cap_pdb_parallel_compact_allocation_engine.$proc$cap_pdb_parallel_compact_engine.sv:185$2043'.
No latch inferred for signal `\cap_pdb_parallel_compact_allocation_engine.\xor_permute_mask$func$cap_pdb_parallel_compact_engine.sv:185$1399.$result' from process `\cap_pdb_parallel_compact_allocation_engine.$proc$cap_pdb_parallel_compact_engine.sv:185$2083'.
No latch inferred for signal `\cap_pdb_parallel_compact_allocation_engine.\xor_permute_mask$func$cap_pdb_parallel_compact_engine.sv:185$1412.$result' from process `\cap_pdb_parallel_compact_allocation_engine.$proc$cap_pdb_parallel_compact_engine.sv:185$2083'.
No latch inferred for signal `\cap_pdb_parallel_compact_allocation_engine.\xor_permute_mask$func$cap_pdb_parallel_compact_engine.sv:185$1412.mask' from process `\cap_pdb_parallel_compact_allocation_engine.$proc$cap_pdb_parallel_compact_engine.sv:185$2083'.
No latch inferred for signal `\cap_pdb_parallel_compact_allocation_engine.\xor_permute_mask$func$cap_pdb_parallel_compact_engine.sv:185$1412.xor_state' from process `\cap_pdb_parallel_compact_allocation_engine.$proc$cap_pdb_parallel_compact_engine.sv:185$2083'.
No latch inferred for signal `\cap_pdb_parallel_compact_allocation_engine.\xor_permute_mask$func$cap_pdb_parallel_compact_engine.sv:185$1412.stage0' from process `\cap_pdb_parallel_compact_allocation_engine.$proc$cap_pdb_parallel_compact_engine.sv:185$2083'.
No latch inferred for signal `\cap_pdb_parallel_compact_allocation_engine.\xor_permute_mask$func$cap_pdb_parallel_compact_engine.sv:185$1412.stage1' from process `\cap_pdb_parallel_compact_allocation_engine.$proc$cap_pdb_parallel_compact_engine.sv:185$2083'.
No latch inferred for signal `\cap_pdb_parallel_compact_allocation_engine.\xor_permute_mask$func$cap_pdb_parallel_compact_engine.sv:185$1412.stage2' from process `\cap_pdb_parallel_compact_allocation_engine.$proc$cap_pdb_parallel_compact_engine.sv:185$2083'.
No latch inferred for signal `\cap_pdb_parallel_compact_allocation_engine.\xor_permute_mask$func$cap_pdb_parallel_compact_engine.sv:185$1412.stage3' from process `\cap_pdb_parallel_compact_allocation_engine.$proc$cap_pdb_parallel_compact_engine.sv:185$2083'.
No latch inferred for signal `\cap_pdb_parallel_compact_allocation_engine.\xor_permute_mask$func$cap_pdb_parallel_compact_engine.sv:185$1400.$result' from process `\cap_pdb_parallel_compact_allocation_engine.$proc$cap_pdb_parallel_compact_engine.sv:185$2123'.
No latch inferred for signal `\cap_pdb_parallel_compact_allocation_engine.\xor_permute_mask$func$cap_pdb_parallel_compact_engine.sv:185$1413.$result' from process `\cap_pdb_parallel_compact_allocation_engine.$proc$cap_pdb_parallel_compact_engine.sv:185$2123'.
No latch inferred for signal `\cap_pdb_parallel_compact_allocation_engine.\xor_permute_mask$func$cap_pdb_parallel_compact_engine.sv:185$1413.mask' from process `\cap_pdb_parallel_compact_allocation_engine.$proc$cap_pdb_parallel_compact_engine.sv:185$2123'.
No latch inferred for signal `\cap_pdb_parallel_compact_allocation_engine.\xor_permute_mask$func$cap_pdb_parallel_compact_engine.sv:185$1413.xor_state' from process `\cap_pdb_parallel_compact_allocation_engine.$proc$cap_pdb_parallel_compact_engine.sv:185$2123'.
No latch inferred for signal `\cap_pdb_parallel_compact_allocation_engine.\xor_permute_mask$func$cap_pdb_parallel_compact_engine.sv:185$1413.stage0' from process `\cap_pdb_parallel_compact_allocation_engine.$proc$cap_pdb_parallel_compact_engine.sv:185$2123'.
No latch inferred for signal `\cap_pdb_parallel_compact_allocation_engine.\xor_permute_mask$func$cap_pdb_parallel_compact_engine.sv:185$1413.stage1' from process `\cap_pdb_parallel_compact_allocation_engine.$proc$cap_pdb_parallel_compact_engine.sv:185$2123'.
No latch inferred for signal `\cap_pdb_parallel_compact_allocation_engine.\xor_permute_mask$func$cap_pdb_parallel_compact_engine.sv:185$1413.stage2' from process `\cap_pdb_parallel_compact_allocation_engine.$proc$cap_pdb_parallel_compact_engine.sv:185$2123'.
No latch inferred for signal `\cap_pdb_parallel_compact_allocation_engine.\xor_permute_mask$func$cap_pdb_parallel_compact_engine.sv:185$1413.stage3' from process `\cap_pdb_parallel_compact_allocation_engine.$proc$cap_pdb_parallel_compact_engine.sv:185$2123'.
No latch inferred for signal `\cap_pdb_parallel_compact_allocation_engine.\xor_permute_mask$func$cap_pdb_parallel_compact_engine.sv:185$1401.$result' from process `\cap_pdb_parallel_compact_allocation_engine.$proc$cap_pdb_parallel_compact_engine.sv:185$2163'.
No latch inferred for signal `\cap_pdb_parallel_compact_allocation_engine.\xor_permute_mask$func$cap_pdb_parallel_compact_engine.sv:185$1414.$result' from process `\cap_pdb_parallel_compact_allocation_engine.$proc$cap_pdb_parallel_compact_engine.sv:185$2163'.
No latch inferred for signal `\cap_pdb_parallel_compact_allocation_engine.\xor_permute_mask$func$cap_pdb_parallel_compact_engine.sv:185$1414.mask' from process `\cap_pdb_parallel_compact_allocation_engine.$proc$cap_pdb_parallel_compact_engine.sv:185$2163'.
No latch inferred for signal `\cap_pdb_parallel_compact_allocation_engine.\xor_permute_mask$func$cap_pdb_parallel_compact_engine.sv:185$1414.xor_state' from process `\cap_pdb_parallel_compact_allocation_engine.$proc$cap_pdb_parallel_compact_engine.sv:185$2163'.
No latch inferred for signal `\cap_pdb_parallel_compact_allocation_engine.\xor_permute_mask$func$cap_pdb_parallel_compact_engine.sv:185$1414.stage0' from process `\cap_pdb_parallel_compact_allocation_engine.$proc$cap_pdb_parallel_compact_engine.sv:185$2163'.
No latch inferred for signal `\cap_pdb_parallel_compact_allocation_engine.\xor_permute_mask$func$cap_pdb_parallel_compact_engine.sv:185$1414.stage1' from process `\cap_pdb_parallel_compact_allocation_engine.$proc$cap_pdb_parallel_compact_engine.sv:185$2163'.
No latch inferred for signal `\cap_pdb_parallel_compact_allocation_engine.\xor_permute_mask$func$cap_pdb_parallel_compact_engine.sv:185$1414.stage2' from process `\cap_pdb_parallel_compact_allocation_engine.$proc$cap_pdb_parallel_compact_engine.sv:185$2163'.
No latch inferred for signal `\cap_pdb_parallel_compact_allocation_engine.\xor_permute_mask$func$cap_pdb_parallel_compact_engine.sv:185$1414.stage3' from process `\cap_pdb_parallel_compact_allocation_engine.$proc$cap_pdb_parallel_compact_engine.sv:185$2163'.

5.4.9. Executing PROC_DFF pass (convert process syncs to FFs).
Creating register for signal `\cap_pdb_parallel_compact_allocation_engine.\busy' using process `\cap_pdb_parallel_compact_allocation_engine.$proc$cap_pdb_parallel_compact_engine.sv:249$1613'.
  created $dff cell `$procdff$3886' with positive edge clock.
Creating register for signal `\cap_pdb_parallel_compact_allocation_engine.\done' using process `\cap_pdb_parallel_compact_allocation_engine.$proc$cap_pdb_parallel_compact_engine.sv:249$1613'.
  created $dff cell `$procdff$3887' with positive edge clock.
Creating register for signal `\cap_pdb_parallel_compact_allocation_engine.\valid' using process `\cap_pdb_parallel_compact_allocation_engine.$proc$cap_pdb_parallel_compact_engine.sv:249$1613'.
  created $dff cell `$procdff$3888' with positive edge clock.
Creating register for signal `\cap_pdb_parallel_compact_allocation_engine.\group_cost_sum' using process `\cap_pdb_parallel_compact_allocation_engine.$proc$cap_pdb_parallel_compact_engine.sv:249$1613'.
  created $dff cell `$procdff$3889' with positive edge clock.
Creating register for signal `\cap_pdb_parallel_compact_allocation_engine.\cycles' using process `\cap_pdb_parallel_compact_allocation_engine.$proc$cap_pdb_parallel_compact_engine.sv:249$1613'.
  created $dff cell `$procdff$3890' with positive edge clock.
Creating register for signal `\cap_pdb_parallel_compact_allocation_engine.\phase' using process `\cap_pdb_parallel_compact_allocation_engine.$proc$cap_pdb_parallel_compact_engine.sv:249$1613'.
  created $dff cell `$procdff$3891' with positive edge clock.
Creating register for signal `\cap_pdb_parallel_compact_allocation_engine.\index' using process `\cap_pdb_parallel_compact_allocation_engine.$proc$cap_pdb_parallel_compact_engine.sv:249$1613'.
  created $dff cell `$procdff$3892' with positive edge clock.
Creating register for signal `\cap_pdb_parallel_compact_allocation_engine.\remaining[0]' using process `\cap_pdb_parallel_compact_allocation_engine.$proc$cap_pdb_parallel_compact_engine.sv:249$1613'.
  created $dff cell `$procdff$3893' with positive edge clock.
Creating register for signal `\cap_pdb_parallel_compact_allocation_engine.\remaining[1]' using process `\cap_pdb_parallel_compact_allocation_engine.$proc$cap_pdb_parallel_compact_engine.sv:249$1613'.
  created $dff cell `$procdff$3894' with positive edge clock.
Creating register for signal `\cap_pdb_parallel_compact_allocation_engine.\remaining[2]' using process `\cap_pdb_parallel_compact_allocation_engine.$proc$cap_pdb_parallel_compact_engine.sv:249$1613'.
  created $dff cell `$procdff$3895' with positive edge clock.
Creating register for signal `\cap_pdb_parallel_compact_allocation_engine.\remaining[3]' using process `\cap_pdb_parallel_compact_allocation_engine.$proc$cap_pdb_parallel_compact_engine.sv:249$1613'.
  created $dff cell `$procdff$3896' with positive edge clock.
Creating register for signal `\cap_pdb_parallel_compact_allocation_engine.\remaining[4]' using process `\cap_pdb_parallel_compact_allocation_engine.$proc$cap_pdb_parallel_compact_engine.sv:249$1613'.
  created $dff cell `$procdff$3897' with positive edge clock.
Creating register for signal `\cap_pdb_parallel_compact_allocation_engine.\remaining[5]' using process `\cap_pdb_parallel_compact_allocation_engine.$proc$cap_pdb_parallel_compact_engine.sv:249$1613'.
  created $dff cell `$procdff$3898' with positive edge clock.
Creating register for signal `\cap_pdb_parallel_compact_allocation_engine.\remaining[6]' using process `\cap_pdb_parallel_compact_allocation_engine.$proc$cap_pdb_parallel_compact_engine.sv:249$1613'.
  created $dff cell `$procdff$3899' with positive edge clock.
Creating register for signal `\cap_pdb_parallel_compact_allocation_engine.\remaining[7]' using process `\cap_pdb_parallel_compact_allocation_engine.$proc$cap_pdb_parallel_compact_engine.sv:249$1613'.
  created $dff cell `$procdff$3900' with positive edge clock.
Creating register for signal `\cap_pdb_parallel_compact_allocation_engine.\remaining[8]' using process `\cap_pdb_parallel_compact_allocation_engine.$proc$cap_pdb_parallel_compact_engine.sv:249$1613'.
  created $dff cell `$procdff$3901' with positive edge clock.
Creating register for signal `\cap_pdb_parallel_compact_allocation_engine.\remaining[9]' using process `\cap_pdb_parallel_compact_allocation_engine.$proc$cap_pdb_parallel_compact_engine.sv:249$1613'.
  created $dff cell `$procdff$3902' with positive edge clock.
Creating register for signal `\cap_pdb_parallel_compact_allocation_engine.\remaining[10]' using process `\cap_pdb_parallel_compact_allocation_engine.$proc$cap_pdb_parallel_compact_engine.sv:249$1613'.
  created $dff cell `$procdff$3903' with positive edge clock.
Creating register for signal `\cap_pdb_parallel_compact_allocation_engine.\remaining[11]' using process `\cap_pdb_parallel_compact_allocation_engine.$proc$cap_pdb_parallel_compact_engine.sv:249$1613'.
  created $dff cell `$procdff$3904' with positive edge clock.
Creating register for signal `\cap_pdb_parallel_compact_allocation_engine.\remaining[12]' using process `\cap_pdb_parallel_compact_allocation_engine.$proc$cap_pdb_parallel_compact_engine.sv:249$1613'.
  created $dff cell `$procdff$3905' with positive edge clock.
Creating register for signal `\cap_pdb_parallel_compact_allocation_engine.\group_minimum[0]' using process `\cap_pdb_parallel_compact_allocation_engine.$proc$cap_pdb_parallel_compact_engine.sv:249$1613'.
  created $dff cell `$procdff$3906' with positive edge clock.
Creating register for signal `\cap_pdb_parallel_compact_allocation_engine.\group_minimum[1]' using process `\cap_pdb_parallel_compact_allocation_engine.$proc$cap_pdb_parallel_compact_engine.sv:249$1613'.
  created $dff cell `$procdff$3907' with positive edge clock.
Creating register for signal `\cap_pdb_parallel_compact_allocation_engine.\group_minimum[2]' using process `\cap_pdb_parallel_compact_allocation_engine.$proc$cap_pdb_parallel_compact_engine.sv:249$1613'.
  created $dff cell `$procdff$3908' with positive edge clock.
Creating register for signal `\cap_pdb_parallel_compact_allocation_engine.\group_minimum[3]' using process `\cap_pdb_parallel_compact_allocation_engine.$proc$cap_pdb_parallel_compact_engine.sv:249$1613'.
  created $dff cell `$procdff$3909' with positive edge clock.
Creating register for signal `\cap_pdb_parallel_compact_allocation_engine.\group_minimum[4]' using process `\cap_pdb_parallel_compact_allocation_engine.$proc$cap_pdb_parallel_compact_engine.sv:249$1613'.
  created $dff cell `$procdff$3910' with positive edge clock.
Creating register for signal `\cap_pdb_parallel_compact_allocation_engine.\group_minimum[5]' using process `\cap_pdb_parallel_compact_allocation_engine.$proc$cap_pdb_parallel_compact_engine.sv:249$1613'.
  created $dff cell `$procdff$3911' with positive edge clock.
Creating register for signal `\cap_pdb_parallel_compact_allocation_engine.\group_minimum[6]' using process `\cap_pdb_parallel_compact_allocation_engine.$proc$cap_pdb_parallel_compact_engine.sv:249$1613'.
  created $dff cell `$procdff$3912' with positive edge clock.
Creating register for signal `\cap_pdb_parallel_compact_allocation_engine.\group_minimum[7]' using process `\cap_pdb_parallel_compact_allocation_engine.$proc$cap_pdb_parallel_compact_engine.sv:249$1613'.
  created $dff cell `$procdff$3913' with positive edge clock.
Creating register for signal `\cap_pdb_parallel_compact_allocation_engine.\group_minimum[8]' using process `\cap_pdb_parallel_compact_allocation_engine.$proc$cap_pdb_parallel_compact_engine.sv:249$1613'.
  created $dff cell `$procdff$3914' with positive edge clock.
Creating register for signal `\cap_pdb_parallel_compact_allocation_engine.\group_minimum[9]' using process `\cap_pdb_parallel_compact_allocation_engine.$proc$cap_pdb_parallel_compact_engine.sv:249$1613'.
  created $dff cell `$procdff$3915' with positive edge clock.
Creating register for signal `\cap_pdb_parallel_compact_allocation_engine.\group_minimum[10]' using process `\cap_pdb_parallel_compact_allocation_engine.$proc$cap_pdb_parallel_compact_engine.sv:249$1613'.
  created $dff cell `$procdff$3916' with positive edge clock.
Creating register for signal `\cap_pdb_parallel_compact_allocation_engine.\group_minimum[11]' using process `\cap_pdb_parallel_compact_allocation_engine.$proc$cap_pdb_parallel_compact_engine.sv:249$1613'.
  created $dff cell `$procdff$3917' with positive edge clock.
Creating register for signal `\cap_pdb_parallel_compact_allocation_engine.\group_minimum[12]' using process `\cap_pdb_parallel_compact_allocation_engine.$proc$cap_pdb_parallel_compact_engine.sv:249$1613'.
  created $dff cell `$procdff$3918' with positive edge clock.
Creating register for signal `$paramod$b5bfe1d4fce40940586b6e35fec61194ae5a8fde\cap_pdb_state_wide_bank.\rdata' using process `$paramod$b5bfe1d4fce40940586b6e35fec61194ae5a8fde\cap_pdb_state_wide_bank.$proc$cap_pdb_parallel_compact_engine.sv:22$2201'.
  created $dff cell `$procdff$3919' with positive edge clock.
Creating register for signal `$paramod$b5bfe1d4fce40940586b6e35fec61194ae5a8fde\cap_pdb_state_wide_bank.$memwr$\memory$cap_pdb_parallel_compact_engine.sv:24$2200_ADDR' using process `$paramod$b5bfe1d4fce40940586b6e35fec61194ae5a8fde\cap_pdb_state_wide_bank.$proc$cap_pdb_parallel_compact_engine.sv:22$2201'.
  created $dff cell `$procdff$3920' with positive edge clock.
Creating register for signal `$paramod$b5bfe1d4fce40940586b6e35fec61194ae5a8fde\cap_pdb_state_wide_bank.$memwr$\memory$cap_pdb_parallel_compact_engine.sv:24$2200_DATA' using process `$paramod$b5bfe1d4fce40940586b6e35fec61194ae5a8fde\cap_pdb_state_wide_bank.$proc$cap_pdb_parallel_compact_engine.sv:22$2201'.
  created $dff cell `$procdff$3921' with positive edge clock.
Creating register for signal `$paramod$b5bfe1d4fce40940586b6e35fec61194ae5a8fde\cap_pdb_state_wide_bank.$memwr$\memory$cap_pdb_parallel_compact_engine.sv:24$2200_EN' using process `$paramod$b5bfe1d4fce40940586b6e35fec61194ae5a8fde\cap_pdb_state_wide_bank.$proc$cap_pdb_parallel_compact_engine.sv:22$2201'.
  created $dff cell `$procdff$3922' with positive edge clock.

5.4.10. Executing PROC_MEMWR pass (convert process memory writes to cells).

5.4.11. Executing PROC_CLEAN pass (remove empty switches from decision trees).
Removing empty process `cap_pdb_parallel_compact_allocation_engine.$proc$cap_pdb_parallel_compact_engine.sv:207$1416'.
Found and cleaned up 26 empty switches in `\cap_pdb_parallel_compact_allocation_engine.$proc$cap_pdb_parallel_compact_engine.sv:232$1573'.
Removing empty process `cap_pdb_parallel_compact_allocation_engine.$proc$cap_pdb_parallel_compact_engine.sv:232$1573'.
Found and cleaned up 31 empty switches in `\cap_pdb_parallel_compact_allocation_engine.$proc$cap_pdb_parallel_compact_engine.sv:249$1613'.
Removing empty process `cap_pdb_parallel_compact_allocation_engine.$proc$cap_pdb_parallel_compact_engine.sv:249$1613'.
Removing empty process `cap_pdb_parallel_compact_allocation_engine.$proc$cap_pdb_parallel_compact_engine.sv:185$1683'.
Removing empty process `cap_pdb_parallel_compact_allocation_engine.$proc$cap_pdb_parallel_compact_engine.sv:185$1723'.
Removing empty process `cap_pdb_parallel_compact_allocation_engine.$proc$cap_pdb_parallel_compact_engine.sv:185$1763'.
Removing empty process `cap_pdb_parallel_compact_allocation_engine.$proc$cap_pdb_parallel_compact_engine.sv:185$1803'.
Removing empty process `cap_pdb_parallel_compact_allocation_engine.$proc$cap_pdb_parallel_compact_engine.sv:185$1843'.
Removing empty process `cap_pdb_parallel_compact_allocation_engine.$proc$cap_pdb_parallel_compact_engine.sv:185$1883'.
Removing empty process `cap_pdb_parallel_compact_allocation_engine.$proc$cap_pdb_parallel_compact_engine.sv:185$1923'.
Removing empty process `cap_pdb_parallel_compact_allocation_engine.$proc$cap_pdb_parallel_compact_engine.sv:185$1963'.
Removing empty process `cap_pdb_parallel_compact_allocation_engine.$proc$cap_pdb_parallel_compact_engine.sv:185$2003'.
Removing empty process `cap_pdb_parallel_compact_allocation_engine.$proc$cap_pdb_parallel_compact_engine.sv:185$2043'.
Removing empty process `cap_pdb_parallel_compact_allocation_engine.$proc$cap_pdb_parallel_compact_engine.sv:185$2083'.
Removing empty process `cap_pdb_parallel_compact_allocation_engine.$proc$cap_pdb_parallel_compact_engine.sv:185$2123'.
Removing empty process `cap_pdb_parallel_compact_allocation_engine.$proc$cap_pdb_parallel_compact_engine.sv:185$2163'.
Found and cleaned up 2 empty switches in `$paramod$b5bfe1d4fce40940586b6e35fec61194ae5a8fde\cap_pdb_state_wide_bank.$proc$cap_pdb_parallel_compact_engine.sv:22$2201'.
Removing empty process `$paramod$b5bfe1d4fce40940586b6e35fec61194ae5a8fde\cap_pdb_state_wide_bank.$proc$cap_pdb_parallel_compact_engine.sv:22$2201'.
Cleaned up 59 empty switches.

5.4.12. Executing OPT_EXPR pass (perform const folding).
Optimizing module cap_pdb_parallel_compact_allocation_engine.
<suppressed ~294 debug messages>
Optimizing module $paramod$cbc3189b30a0f0ae8c16e45df15b3f5a54303a8f\cap_pdb_masked_min32.
Optimizing module $paramod$b5bfe1d4fce40940586b6e35fec61194ae5a8fde\cap_pdb_state_wide_bank.

5.5. Executing TRIBUF pass.

5.6. Executing DEMINOUT pass (demote inout ports to input or output).

5.7. Executing OPT_EXPR pass (perform const folding).
Optimizing module cap_pdb_parallel_compact_allocation_engine.
<suppressed ~1 debug messages>
Optimizing module $paramod$cbc3189b30a0f0ae8c16e45df15b3f5a54303a8f\cap_pdb_masked_min32.
Optimizing module $paramod$b5bfe1d4fce40940586b6e35fec61194ae5a8fde\cap_pdb_state_wide_bank.

5.8. Executing OPT_CLEAN pass (remove unused cells and wires).
Finding unused cells or wires in module \cap_pdb_parallel_compact_allocation_engine..
Finding unused cells or wires in module $paramod$cbc3189b30a0f0ae8c16e45df15b3f5a54303a8f\cap_pdb_masked_min32..
Finding unused cells or wires in module $paramod$b5bfe1d4fce40940586b6e35fec61194ae5a8fde\cap_pdb_state_wide_bank..
Removed 25 unused cells and 715 unused wires.
<suppressed ~29 debug messages>

5.9. Executing CHECK pass (checking for obvious problems).
Checking module cap_pdb_parallel_compact_allocation_engine...
Checking module $paramod$cbc3189b30a0f0ae8c16e45df15b3f5a54303a8f\cap_pdb_masked_min32...
Checking module $paramod$b5bfe1d4fce40940586b6e35fec61194ae5a8fde\cap_pdb_state_wide_bank...
Found and reported 0 problems.

5.10. Executing OPT pass (performing simple optimizations).

5.10.1. Executing OPT_EXPR pass (perform const folding).
Optimizing module cap_pdb_parallel_compact_allocation_engine.
Optimizing module $paramod$cbc3189b30a0f0ae8c16e45df15b3f5a54303a8f\cap_pdb_masked_min32.
Optimizing module $paramod$b5bfe1d4fce40940586b6e35fec61194ae5a8fde\cap_pdb_state_wide_bank.

5.10.2. Executing OPT_MERGE pass (detect identical cells).
Finding identical cells in module `\cap_pdb_parallel_compact_allocation_engine'.
Computing hashes of 674 cells of `\cap_pdb_parallel_compact_allocation_engine'.
Finding duplicate cells in `\cap_pdb_parallel_compact_allocation_engine'.
Computing hashes of 590 cells of `\cap_pdb_parallel_compact_allocation_engine'.
Finding duplicate cells in `\cap_pdb_parallel_compact_allocation_engine'.
<suppressed ~252 debug messages>
Finding identical cells in module `$paramod$cbc3189b30a0f0ae8c16e45df15b3f5a54303a8f\cap_pdb_masked_min32'.
Computing hashes of 94 cells of `$paramod$cbc3189b30a0f0ae8c16e45df15b3f5a54303a8f\cap_pdb_masked_min32'.
Finding duplicate cells in `$paramod$cbc3189b30a0f0ae8c16e45df15b3f5a54303a8f\cap_pdb_masked_min32'.
Finding identical cells in module `$paramod$b5bfe1d4fce40940586b6e35fec61194ae5a8fde\cap_pdb_state_wide_bank'.
Computing hashes of 7 cells of `$paramod$b5bfe1d4fce40940586b6e35fec61194ae5a8fde\cap_pdb_state_wide_bank'.
Finding duplicate cells in `$paramod$b5bfe1d4fce40940586b6e35fec61194ae5a8fde\cap_pdb_state_wide_bank'.
Removed a total of 84 cells.

5.10.3. Executing OPT_MUXTREE pass (detect dead branches in mux trees).
Running muxtree optimizer on module \cap_pdb_parallel_compact_allocation_engine..
  Creating internal representation of mux trees.
  Evaluating internal representation of mux trees.
  Analyzing evaluation results.
Running muxtree optimizer on module $paramod$cbc3189b30a0f0ae8c16e45df15b3f5a54303a8f\cap_pdb_masked_min32..
  Creating internal representation of mux trees.
  Evaluating internal representation of mux trees.
  Analyzing evaluation results.
Running muxtree optimizer on module $paramod$b5bfe1d4fce40940586b6e35fec61194ae5a8fde\cap_pdb_state_wide_bank..
  Creating internal representation of mux trees.
  Evaluating internal representation of mux trees.
  Analyzing evaluation results.
Removed 0 multiplexer ports.
<suppressed ~464 debug messages>

5.10.4. Executing OPT_REDUCE pass (consolidate $*mux and $reduce_* inputs).
  Optimizing cells in module \cap_pdb_parallel_compact_allocation_engine.
  Optimizing cells in module $paramod$cbc3189b30a0f0ae8c16e45df15b3f5a54303a8f\cap_pdb_masked_min32.
  Optimizing cells in module $paramod$b5bfe1d4fce40940586b6e35fec61194ae5a8fde\cap_pdb_state_wide_bank.
    Consolidated identical input bits for $mux cell $procmux$3876:
      Old ports: A=512'00000000000000000000000000000000000000000000000000000000000000000000000000000000000000000000000000000000000000000000000000000000000000000000000000000000000000000000000000000000000000000000000000000000000000000000000000000000000000000000000000000000000000000000000000000000000000000000000000000000000000000000000000000000000000000000000000000000000000000000000000000000000000000000000000000000000000000000000000000000000000000000000000000000000000000000000000000000000000000000000000000000000000000000000000000000, B=512'11111111111111111111111111111111111111111111111111111111111111111111111111111111111111111111111111111111111111111111111111111111111111111111111111111111111111111111111111111111111111111111111111111111111111111111111111111111111111111111111111111111111111111111111111111111111111111111111111111111111111111111111111111111111111111111111111111111111111111111111111111111111111111111111111111111111111111111111111111111111111111111111111111111111111111111111111111111111111111111111111111111111111111111111111111111, Y=$0$memwr$\memory$cap_pdb_parallel_compact_engine.sv:24$2200_EN[511:0]$2204
      New ports: A=1'0, B=1'1, Y=$0$memwr$\memory$cap_pdb_parallel_compact_engine.sv:24$2200_EN[511:0]$2204 [0]
      New connections: $0$memwr$\memory$cap_pdb_parallel_compact_engine.sv:24$2200_EN[511:0]$2204 [511:1] = { $0$memwr$\memory$cap_pdb_parallel_compact_engine.sv:24$2200_EN[511:0]$2204 [0] $0$memwr$\memory$cap_pdb_parallel_compact_engine.sv:24$2200_EN[511:0]$2204 [0] $0$memwr$\memory$cap_pdb_parallel_compact_engine.sv:24$2200_EN[511:0]$2204 [0] $0$memwr$\memory$cap_pdb_parallel_compact_engine.sv:24$2200_EN[511:0]$2204 [0] $0$memwr$\memory$cap_pdb_parallel_compact_engine.sv:24$2200_EN[511:0]$2204 [0] $0$memwr$\memory$cap_pdb_parallel_compact_engine.sv:24$2200_EN[511:0]$2204 [0] $0$memwr$\memory$cap_pdb_parallel_compact_engine.sv:24$2200_EN[511:0]$2204 [0] $0$memwr$\memory$cap_pdb_parallel_compact_engine.sv:24$2200_EN[511:0]$2204 [0] $0$memwr$\memory$cap_pdb_parallel_compact_engine.sv:24$2200_EN[511:0]$2204 [0] $0$memwr$\memory$cap_pdb_parallel_compact_engine.sv:24$2200_EN[511:0]$2204 [0] $0$memwr$\memory$cap_pdb_parallel_compact_engine.sv:24$2200_EN[511:0]$2204 [0] $0$memwr$\memory$cap_pdb_parallel_compact_engine.sv:24$2200_EN[511:0]$2204 [0] $0$memwr$\memory$cap_pdb_parallel_compact_engine.sv:24$2200_EN[511:0]$2204 [0] $0$memwr$\memory$cap_pdb_parallel_compact_engine.sv:24$2200_EN[511:0]$2204 [0] $0$memwr$\memory$cap_pdb_parallel_compact_engine.sv:24$2200_EN[511:0]$2204 [0] $0$memwr$\memory$cap_pdb_parallel_compact_engine.sv:24$2200_EN[511:0]$2204 [0] $0$memwr$\memory$cap_pdb_parallel_compact_engine.sv:24$2200_EN[511:0]$2204 [0] $0$memwr$\memory$cap_pdb_parallel_compact_engine.sv:24$2200_EN[511:0]$2204 [0] $0$memwr$\memory$cap_pdb_parallel_compact_engine.sv:24$2200_EN[511:0]$2204 [0] $0$memwr$\memory$cap_pdb_parallel_compact_engine.sv:24$2200_EN[511:0]$2204 [0] $0$memwr$\memory$cap_pdb_parallel_compact_engine.sv:24$2200_EN[511:0]$2204 [0] $0$memwr$\memory$cap_pdb_parallel_compact_engine.sv:24$2200_EN[511:0]$2204 [0] $0$memwr$\memory$cap_pdb_parallel_compact_engine.sv:24$2200_EN[511:0]$2204 [0] $0$memwr$\memory$cap_pdb_parallel_compact_engine.sv:24$2200_EN[511:0]$2204 [0] $0$memwr$\memory$cap_pdb_parallel_compact_engine.sv:24$2200_EN[511:0]$2204 [0] $0$memwr$\memory$cap_pdb_parallel_compact_engine.sv:24$2200_EN[511:0]$2204 [0] $0$memwr$\memory$cap_pdb_parallel_compact_engine.sv:24$2200_EN[511:0]$2204 [0] $0$memwr$\memory$cap_pdb_parallel_compact_engine.sv:24$2200_EN[511:0]$2204 [0] $0$memwr$\memory$cap_pdb_parallel_compact_engine.sv:24$2200_EN[511:0]$2204 [0] $0$memwr$\memory$cap_pdb_parallel_compact_engine.sv:24$2200_EN[511:0]$2204 [0] $0$memwr$\memory$cap_pdb_parallel_compact_engine.sv:24$2200_EN[511:0]$2204 [0] $0$memwr$\memory$cap_pdb_parallel_compact_engine.sv:24$2200_EN[511:0]$2204 [0] $0$memwr$\memory$cap_pdb_parallel_compact_engine.sv:24$2200_EN[511:0]$2204 [0] $0$memwr$\memory$cap_pdb_parallel_compact_engine.sv:24$2200_EN[511:0]$2204 [0] $0$memwr$\memory$cap_pdb_parallel_compact_engine.sv:24$2200_EN[511:0]$2204 [0] $0$memwr$\memory$cap_pdb_parallel_compact_engine.sv:24$2200_EN[511:0]$2204 [0] $0$memwr$\memory$cap_pdb_parallel_compact_engine.sv:24$2200_EN[511:0]$2204 [0] $0$memwr$\memory$cap_pdb_parallel_compact_engine.sv:24$2200_EN[511:0]$2204 [0] $0$memwr$\memory$cap_pdb_parallel_compact_engine.sv:24$2200_EN[511:0]$2204 [0] $0$memwr$\memory$cap_pdb_parallel_compact_engine.sv:24$2200_EN[511:0]$2204 [0] $0$memwr$\memory$cap_pdb_parallel_compact_engine.sv:24$2200_EN[511:0]$2204 [0] $0$memwr$\memory$cap_pdb_parallel_compact_engine.sv:24$2200_EN[511:0]$2204 [0] $0$memwr$\memory$cap_pdb_parallel_compact_engine.sv:24$2200_EN[511:0]$2204 [0] $0$memwr$\memory$cap_pdb_parallel_compact_engine.sv:24$2200_EN[511:0]$2204 [0] $0$memwr$\memory$cap_pdb_parallel_compact_engine.sv:24$2200_EN[511:0]$2204 [0] $0$memwr$\memory$cap_pdb_parallel_compact_engine.sv:24$2200_EN[511:0]$2204 [0] $0$memwr$\memory$cap_pdb_parallel_compact_engine.sv:24$2200_EN[511:0]$2204 [0] $0$memwr$\memory$cap_pdb_parallel_compact_engine.sv:24$2200_EN[511:0]$2204 [0] $0$memwr$\memory$cap_pdb_parallel_compact_engine.sv:24$2200_EN[511:0]$2204 [0] $0$memwr$\memory$cap_pdb_parallel_compact_engine.sv:24$2200_EN[511:0]$2204 [0] $0$memwr$\memory$cap_pdb_parallel_compact_engine.sv:24$2200_EN[511:0]$2204 [0] $0$memwr$\memory$cap_pdb_parallel_compact_engine.sv:24$2200_EN[511:0]$2204 [0] $0$memwr$\memory$cap_pdb_parallel_compact_engine.sv:24$2200_EN[511:0]$2204 [0] $0$memwr$\memory$cap_pdb_parallel_compact_engine.sv:24$2200_EN[511:0]$2204 [0] $0$memwr$\memory$cap_pdb_parallel_compact_engine.sv:24$2200_EN[511:0]$2204 [0] $0$memwr$\memory$cap_pdb_parallel_compact_engine.sv:24$2200_EN[511:0]$2204 [0] $0$memwr$\memory$cap_pdb_parallel_compact_engine.sv:24$2200_EN[511:0]$2204 [0] $0$memwr$\memory$cap_pdb_parallel_compact_engine.sv:24$2200_EN[511:0]$2204 [0] $0$memwr$\memory$cap_pdb_parallel_compact_engine.sv:24$2200_EN[511:0]$2204 [0] $0$memwr$\memory$cap_pdb_parallel_compact_engine.sv:24$2200_EN[511:0]$2204 [0] $0$memwr$\memory$cap_pdb_parallel_compact_engine.sv:24$2200_EN[511:0]$2204 [0] $0$memwr$\memory$cap_pdb_parallel_compact_engine.sv:24$2200_EN[511:0]$2204 [0] $0$memwr$\memory$cap_pdb_parallel_compact_engine.sv:24$2200_EN[511:0]$2204 [0] $0$memwr$\memory$cap_pdb_parallel_compact_engine.sv:24$2200_EN[511:0]$2204 [0] $0$memwr$\memory$cap_pdb_parallel_compact_engine.sv:24$2200_EN[511:0]$2204 [0] $0$memwr$\memory$cap_pdb_parallel_compact_engine.sv:24$2200_EN[511:0]$2204 [0] $0$memwr$\memory$cap_pdb_parallel_compact_engine.sv:24$2200_EN[511:0]$2204 [0] $0$memwr$\memory$cap_pdb_parallel_compact_engine.sv:24$2200_EN[511:0]$2204 [0] $0$memwr$\memory$cap_pdb_parallel_compact_engine.sv:24$2200_EN[511:0]$2204 [0] $0$memwr$\memory$cap_pdb_parallel_compact_engine.sv:24$2200_EN[511:0]$2204 [0] $0$memwr$\memory$cap_pdb_parallel_compact_engine.sv:24$2200_EN[511:0]$2204 [0] $0$memwr$\memory$cap_pdb_parallel_compact_engine.sv:24$2200_EN[511:0]$2204 [0] $0$memwr$\memory$cap_pdb_parallel_compact_engine.sv:24$2200_EN[511:0]$2204 [0] $0$memwr$\memory$cap_pdb_parallel_compact_engine.sv:24$2200_EN[511:0]$2204 [0] $0$memwr$\memory$cap_pdb_parallel_compact_engine.sv:24$2200_EN[511:0]$2204 [0] $0$memwr$\memory$cap_pdb_parallel_compact_engine.sv:24$2200_EN[511:0]$2204 [0] $0$memwr$\memory$cap_pdb_parallel_compact_engine.sv:24$2200_EN[511:0]$2204 [0] $0$memwr$\memory$cap_pdb_parallel_compact_engine.sv:24$2200_EN[511:0]$2204 [0] $0$memwr$\memory$cap_pdb_parallel_compact_engine.sv:24$2200_EN[511:0]$2204 [0] $0$memwr$\memory$cap_pdb_parallel_compact_engine.sv:24$2200_EN[511:0]$2204 [0] $0$memwr$\memory$cap_pdb_parallel_compact_engine.sv:24$2200_EN[511:0]$2204 [0] $0$memwr$\memory$cap_pdb_parallel_compact_engine.sv:24$2200_EN[511:0]$2204 [0] $0$memwr$\memory$cap_pdb_parallel_compact_engine.sv:24$2200_EN[511:0]$2204 [0] $0$memwr$\memory$cap_pdb_parallel_compact_engine.sv:24$2200_EN[511:0]$2204 [0] $0$memwr$\memory$cap_pdb_parallel_compact_engine.sv:24$2200_EN[511:0]$2204 [0] $0$memwr$\memory$cap_pdb_parallel_compact_engine.sv:24$2200_EN[511:0]$2204 [0] $0$memwr$\memory$cap_pdb_parallel_compact_engine.sv:24$2200_EN[511:0]$2204 [0] $0$memwr$\memory$cap_pdb_parallel_compact_engine.sv:24$2200_EN[511:0]$2204 [0] $0$memwr$\memory$cap_pdb_parallel_compact_engine.sv:24$2200_EN[511:0]$2204 [0] $0$memwr$\memory$cap_pdb_parallel_compact_engine.sv:24$2200_EN[511:0]$2204 [0] $0$memwr$\memory$cap_pdb_parallel_compact_engine.sv:24$2200_EN[511:0]$2204 [0] $0$memwr$\memory$cap_pdb_parallel_compact_engine.sv:24$2200_EN[511:0]$2204 [0] $0$memwr$\memory$cap_pdb_parallel_compact_engine.sv:24$2200_EN[511:0]$2204 [0] $0$memwr$\memory$cap_pdb_parallel_compact_engine.sv:24$2200_EN[511:0]$2204 [0] $0$memwr$\memory$cap_pdb_parallel_compact_engine.sv:24$2200_EN[511:0]$2204 [0] $0$memwr$\memory$cap_pdb_parallel_compact_engine.sv:24$2200_EN[511:0]$2204 [0] $0$memwr$\memory$cap_pdb_parallel_compact_engine.sv:24$2200_EN[511:0]$2204 [0] $0$memwr$\memory$cap_pdb_parallel_compact_engine.sv:24$2200_EN[511:0]$2204 [0] $0$memwr$\memory$cap_pdb_parallel_compact_engine.sv:24$2200_EN[511:0]$2204 [0] $0$memwr$\memory$cap_pdb_parallel_compact_engine.sv:24$2200_EN[511:0]$2204 [0] $0$memwr$\memory$cap_pdb_parallel_compact_engine.sv:24$2200_EN[511:0]$2204 [0] $0$memwr$\memory$cap_pdb_parallel_compact_engine.sv:24$2200_EN[511:0]$2204 [0] $0$memwr$\memory$cap_pdb_parallel_compact_engine.sv:24$2200_EN[511:0]$2204 [0] $0$memwr$\memory$cap_pdb_parallel_compact_engine.sv:24$2200_EN[511:0]$2204 [0] $0$memwr$\memory$cap_pdb_parallel_compact_engine.sv:24$2200_EN[511:0]$2204 [0] $0$memwr$\memory$cap_pdb_parallel_compact_engine.sv:24$2200_EN[511:0]$2204 [0] $0$memwr$\memory$cap_pdb_parallel_compact_engine.sv:24$2200_EN[511:0]$2204 [0] $0$memwr$\memory$cap_pdb_parallel_compact_engine.sv:24$2200_EN[511:0]$2204 [0] $0$memwr$\memory$cap_pdb_parallel_compact_engine.sv:24$2200_EN[511:0]$2204 [0] $0$memwr$\memory$cap_pdb_parallel_compact_engine.sv:24$2200_EN[511:0]$2204 [0] $0$memwr$\memory$cap_pdb_parallel_compact_engine.sv:24$2200_EN[511:0]$2204 [0] $0$memwr$\memory$cap_pdb_parallel_compact_engine.sv:24$2200_EN[511:0]$2204 [0] $0$memwr$\memory$cap_pdb_parallel_compact_engine.sv:24$2200_EN[511:0]$2204 [0] $0$memwr$\memory$cap_pdb_parallel_compact_engine.sv:24$2200_EN[511:0]$2204 [0] $0$memwr$\memory$cap_pdb_parallel_compact_engine.sv:24$2200_EN[511:0]$2204 [0] $0$memwr$\memory$cap_pdb_parallel_compact_engine.sv:24$2200_EN[511:0]$2204 [0] $0$memwr$\memory$cap_pdb_parallel_compact_engine.sv:24$2200_EN[511:0]$2204 [0] $0$memwr$\memory$cap_pdb_parallel_compact_engine.sv:24$2200_EN[511:0]$2204 [0] $0$memwr$\memory$cap_pdb_parallel_compact_engine.sv:24$2200_EN[511:0]$2204 [0] $0$memwr$\memory$cap_pdb_parallel_compact_engine.sv:24$2200_EN[511:0]$2204 [0] $0$memwr$\memory$cap_pdb_parallel_compact_engine.sv:24$2200_EN[511:0]$2204 [0] $0$memwr$\memory$cap_pdb_parallel_compact_engine.sv:24$2200_EN[511:0]$2204 [0] $0$memwr$\memory$cap_pdb_parallel_compact_engine.sv:24$2200_EN[511:0]$2204 [0] $0$memwr$\memory$cap_pdb_parallel_compact_engine.sv:24$2200_EN[511:0]$2204 [0] $0$memwr$\memory$cap_pdb_parallel_compact_engine.sv:24$2200_EN[511:0]$2204 [0] $0$memwr$\memory$cap_pdb_parallel_compact_engine.sv:24$2200_EN[511:0]$2204 [0] $0$memwr$\memory$cap_pdb_parallel_compact_engine.sv:24$2200_EN[511:0]$2204 [0] $0$memwr$\memory$cap_pdb_parallel_compact_engine.sv:24$2200_EN[511:0]$2204 [0] $0$memwr$\memory$cap_pdb_parallel_compact_engine.sv:24$2200_EN[511:0]$2204 [0] $0$memwr$\memory$cap_pdb_parallel_compact_engine.sv:24$2200_EN[511:0]$2204 [0] $0$memwr$\memory$cap_pdb_parallel_compact_engine.sv:24$2200_EN[511:0]$2204 [0] $0$memwr$\memory$cap_pdb_parallel_compact_engine.sv:24$2200_EN[511:0]$2204 [0] $0$memwr$\memory$cap_pdb_parallel_compact_engine.sv:24$2200_EN[511:0]$2204 [0] $0$memwr$\memory$cap_pdb_parallel_compact_engine.sv:24$2200_EN[511:0]$2204 [0] $0$memwr$\memory$cap_pdb_parallel_compact_engine.sv:24$2200_EN[511:0]$2204 [0] $0$memwr$\memory$cap_pdb_parallel_compact_engine.sv:24$2200_EN[511:0]$2204 [0] $0$memwr$\memory$cap_pdb_parallel_compact_engine.sv:24$2200_EN[511:0]$2204 [0] $0$memwr$\memory$cap_pdb_parallel_compact_engine.sv:24$2200_EN[511:0]$2204 [0] $0$memwr$\memory$cap_pdb_parallel_compact_engine.sv:24$2200_EN[511:0]$2204 [0] $0$memwr$\memory$cap_pdb_parallel_compact_engine.sv:24$2200_EN[511:0]$2204 [0] $0$memwr$\memory$cap_pdb_parallel_compact_engine.sv:24$2200_EN[511:0]$2204 [0] $0$memwr$\memory$cap_pdb_parallel_compact_engine.sv:24$2200_EN[511:0]$2204 [0] $0$memwr$\memory$cap_pdb_parallel_compact_engine.sv:24$2200_EN[511:0]$2204 [0] $0$memwr$\memory$cap_pdb_parallel_compact_engine.sv:24$2200_EN[511:0]$2204 [0] $0$memwr$\memory$cap_pdb_parallel_compact_engine.sv:24$2200_EN[511:0]$2204 [0] $0$memwr$\memory$cap_pdb_parallel_compact_engine.sv:24$2200_EN[511:0]$2204 [0] $0$memwr$\memory$cap_pdb_parallel_compact_engine.sv:24$2200_EN[511:0]$2204 [0] $0$memwr$\memory$cap_pdb_parallel_compact_engine.sv:24$2200_EN[511:0]$2204 [0] $0$memwr$\memory$cap_pdb_parallel_compact_engine.sv:24$2200_EN[511:0]$2204 [0] $0$memwr$\memory$cap_pdb_parallel_compact_engine.sv:24$2200_EN[511:0]$2204 [0] $0$memwr$\memory$cap_pdb_parallel_compact_engine.sv:24$2200_EN[511:0]$2204 [0] $0$memwr$\memory$cap_pdb_parallel_compact_engine.sv:24$2200_EN[511:0]$2204 [0] $0$memwr$\memory$cap_pdb_parallel_compact_engine.sv:24$2200_EN[511:0]$2204 [0] $0$memwr$\memory$cap_pdb_parallel_compact_engine.sv:24$2200_EN[511:0]$2204 [0] $0$memwr$\memory$cap_pdb_parallel_compact_engine.sv:24$2200_EN[511:0]$2204 [0] $0$memwr$\memory$cap_pdb_parallel_compact_engine.sv:24$2200_EN[511:0]$2204 [0] $0$memwr$\memory$cap_pdb_parallel_compact_engine.sv:24$2200_EN[511:0]$2204 [0] $0$memwr$\memory$cap_pdb_parallel_compact_engine.sv:24$2200_EN[511:0]$2204 [0] $0$memwr$\memory$cap_pdb_parallel_compact_engine.sv:24$2200_EN[511:0]$2204 [0] $0$memwr$\memory$cap_pdb_parallel_compact_engine.sv:24$2200_EN[511:0]$2204 [0] $0$memwr$\memory$cap_pdb_parallel_compact_engine.sv:24$2200_EN[511:0]$2204 [0] $0$memwr$\memory$cap_pdb_parallel_compact_engine.sv:24$2200_EN[511:0]$2204 [0] $0$memwr$\memory$cap_pdb_parallel_compact_engine.sv:24$2200_EN[511:0]$2204 [0] $0$memwr$\memory$cap_pdb_parallel_compact_engine.sv:24$2200_EN[511:0]$2204 [0] $0$memwr$\memory$cap_pdb_parallel_compact_engine.sv:24$2200_EN[511:0]$2204 [0] $0$memwr$\memory$cap_pdb_parallel_compact_engine.sv:24$2200_EN[511:0]$2204 [0] $0$memwr$\memory$cap_pdb_parallel_compact_engine.sv:24$2200_EN[511:0]$2204 [0] $0$memwr$\memory$cap_pdb_parallel_compact_engine.sv:24$2200_EN[511:0]$2204 [0] $0$memwr$\memory$cap_pdb_parallel_compact_engine.sv:24$2200_EN[511:0]$2204 [0] $0$memwr$\memory$cap_pdb_parallel_compact_engine.sv:24$2200_EN[511:0]$2204 [0] $0$memwr$\memory$cap_pdb_parallel_compact_engine.sv:24$2200_EN[511:0]$2204 [0] $0$memwr$\memory$cap_pdb_parallel_compact_engine.sv:24$2200_EN[511:0]$2204 [0] $0$memwr$\memory$cap_pdb_parallel_compact_engine.sv:24$2200_EN[511:0]$2204 [0] $0$memwr$\memory$cap_pdb_parallel_compact_engine.sv:24$2200_EN[511:0]$2204 [0] $0$memwr$\memory$cap_pdb_parallel_compact_engine.sv:24$2200_EN[511:0]$2204 [0] $0$memwr$\memory$cap_pdb_parallel_compact_engine.sv:24$2200_EN[511:0]$2204 [0] $0$memwr$\memory$cap_pdb_parallel_compact_engine.sv:24$2200_EN[511:0]$2204 [0] $0$memwr$\memory$cap_pdb_parallel_compact_engine.sv:24$2200_EN[511:0]$2204 [0] $0$memwr$\memory$cap_pdb_parallel_compact_engine.sv:24$2200_EN[511:0]$2204 [0] $0$memwr$\memory$cap_pdb_parallel_compact_engine.sv:24$2200_EN[511:0]$2204 [0] $0$memwr$\memory$cap_pdb_parallel_compact_engine.sv:24$2200_EN[511:0]$2204 [0] $0$memwr$\memory$cap_pdb_parallel_compact_engine.sv:24$2200_EN[511:0]$2204 [0] $0$memwr$\memory$cap_pdb_parallel_compact_engine.sv:24$2200_EN[511:0]$2204 [0] $0$memwr$\memory$cap_pdb_parallel_compact_engine.sv:24$2200_EN[511:0]$2204 [0] $0$memwr$\memory$cap_pdb_parallel_compact_engine.sv:24$2200_EN[511:0]$2204 [0] $0$memwr$\memory$cap_pdb_parallel_compact_engine.sv:24$2200_EN[511:0]$2204 [0] $0$memwr$\memory$cap_pdb_parallel_compact_engine.sv:24$2200_EN[511:0]$2204 [0] $0$memwr$\memory$cap_pdb_parallel_compact_engine.sv:24$2200_EN[511:0]$2204 [0] $0$memwr$\memory$cap_pdb_parallel_compact_engine.sv:24$2200_EN[511:0]$2204 [0] $0$memwr$\memory$cap_pdb_parallel_compact_engine.sv:24$2200_EN[511:0]$2204 [0] $0$memwr$\memory$cap_pdb_parallel_compact_engine.sv:24$2200_EN[511:0]$2204 [0] $0$memwr$\memory$cap_pdb_parallel_compact_engine.sv:24$2200_EN[511:0]$2204 [0] $0$memwr$\memory$cap_pdb_parallel_compact_engine.sv:24$2200_EN[511:0]$2204 [0] $0$memwr$\memory$cap_pdb_parallel_compact_engine.sv:24$2200_EN[511:0]$2204 [0] $0$memwr$\memory$cap_pdb_parallel_compact_engine.sv:24$2200_EN[511:0]$2204 [0] $0$memwr$\memory$cap_pdb_parallel_compact_engine.sv:24$2200_EN[511:0]$2204 [0] $0$memwr$\memory$cap_pdb_parallel_compact_engine.sv:24$2200_EN[511:0]$2204 [0] $0$memwr$\memory$cap_pdb_parallel_compact_engine.sv:24$2200_EN[511:0]$2204 [0] $0$memwr$\memory$cap_pdb_parallel_compact_engine.sv:24$2200_EN[511:0]$2204 [0] $0$memwr$\memory$cap_pdb_parallel_compact_engine.sv:24$2200_EN[511:0]$2204 [0] $0$memwr$\memory$cap_pdb_parallel_compact_engine.sv:24$2200_EN[511:0]$2204 [0] $0$memwr$\memory$cap_pdb_parallel_compact_engine.sv:24$2200_EN[511:0]$2204 [0] $0$memwr$\memory$cap_pdb_parallel_compact_engine.sv:24$2200_EN[511:0]$2204 [0] $0$memwr$\memory$cap_pdb_parallel_compact_engine.sv:24$2200_EN[511:0]$2204 [0] $0$memwr$\memory$cap_pdb_parallel_compact_engine.sv:24$2200_EN[511:0]$2204 [0] $0$memwr$\memory$cap_pdb_parallel_compact_engine.sv:24$2200_EN[511:0]$2204 [0] $0$memwr$\memory$cap_pdb_parallel_compact_engine.sv:24$2200_EN[511:0]$2204 [0] $0$memwr$\memory$cap_pdb_parallel_compact_engine.sv:24$2200_EN[511:0]$2204 [0] $0$memwr$\memory$cap_pdb_parallel_compact_engine.sv:24$2200_EN[511:0]$2204 [0] $0$memwr$\memory$cap_pdb_parallel_compact_engine.sv:24$2200_EN[511:0]$2204 [0] $0$memwr$\memory$cap_pdb_parallel_compact_engine.sv:24$2200_EN[511:0]$2204 [0] $0$memwr$\memory$cap_pdb_parallel_compact_engine.sv:24$2200_EN[511:0]$2204 [0] $0$memwr$\memory$cap_pdb_parallel_compact_engine.sv:24$2200_EN[511:0]$2204 [0] $0$memwr$\memory$cap_pdb_parallel_compact_engine.sv:24$2200_EN[511:0]$2204 [0] $0$memwr$\memory$cap_pdb_parallel_compact_engine.sv:24$2200_EN[511:0]$2204 [0] $0$memwr$\memory$cap_pdb_parallel_compact_engine.sv:24$2200_EN[511:0]$2204 [0] $0$memwr$\memory$cap_pdb_parallel_compact_engine.sv:24$2200_EN[511:0]$2204 [0] $0$memwr$\memory$cap_pdb_parallel_compact_engine.sv:24$2200_EN[511:0]$2204 [0] $0$memwr$\memory$cap_pdb_parallel_compact_engine.sv:24$2200_EN[511:0]$2204 [0] $0$memwr$\memory$cap_pdb_parallel_compact_engine.sv:24$2200_EN[511:0]$2204 [0] $0$memwr$\memory$cap_pdb_parallel_compact_engine.sv:24$2200_EN[511:0]$2204 [0] $0$memwr$\memory$cap_pdb_parallel_compact_engine.sv:24$2200_EN[511:0]$2204 [0] $0$memwr$\memory$cap_pdb_parallel_compact_engine.sv:24$2200_EN[511:0]$2204 [0] $0$memwr$\memory$cap_pdb_parallel_compact_engine.sv:24$2200_EN[511:0]$2204 [0] $0$memwr$\memory$cap_pdb_parallel_compact_engine.sv:24$2200_EN[511:0]$2204 [0] $0$memwr$\memory$cap_pdb_parallel_compact_engine.sv:24$2200_EN[511:0]$2204 [0] $0$memwr$\memory$cap_pdb_parallel_compact_engine.sv:24$2200_EN[511:0]$2204 [0] $0$memwr$\memory$cap_pdb_parallel_compact_engine.sv:24$2200_EN[511:0]$2204 [0] $0$memwr$\memory$cap_pdb_parallel_compact_engine.sv:24$2200_EN[511:0]$2204 [0] $0$memwr$\memory$cap_pdb_parallel_compact_engine.sv:24$2200_EN[511:0]$2204 [0] $0$memwr$\memory$cap_pdb_parallel_compact_engine.sv:24$2200_EN[511:0]$2204 [0] $0$memwr$\memory$cap_pdb_parallel_compact_engine.sv:24$2200_EN[511:0]$2204 [0] $0$memwr$\memory$cap_pdb_parallel_compact_engine.sv:24$2200_EN[511:0]$2204 [0] $0$memwr$\memory$cap_pdb_parallel_compact_engine.sv:24$2200_EN[511:0]$2204 [0] $0$memwr$\memory$cap_pdb_parallel_compact_engine.sv:24$2200_EN[511:0]$2204 [0] $0$memwr$\memory$cap_pdb_parallel_compact_engine.sv:24$2200_EN[511:0]$2204 [0] $0$memwr$\memory$cap_pdb_parallel_compact_engine.sv:24$2200_EN[511:0]$2204 [0] $0$memwr$\memory$cap_pdb_parallel_compact_engine.sv:24$2200_EN[511:0]$2204 [0] $0$memwr$\memory$cap_pdb_parallel_compact_engine.sv:24$2200_EN[511:0]$2204 [0] $0$memwr$\memory$cap_pdb_parallel_compact_engine.sv:24$2200_EN[511:0]$2204 [0] $0$memwr$\memory$cap_pdb_parallel_compact_engine.sv:24$2200_EN[511:0]$2204 [0] $0$memwr$\memory$cap_pdb_parallel_compact_engine.sv:24$2200_EN[511:0]$2204 [0] $0$memwr$\memory$cap_pdb_parallel_compact_engine.sv:24$2200_EN[511:0]$2204 [0] $0$memwr$\memory$cap_pdb_parallel_compact_engine.sv:24$2200_EN[511:0]$2204 [0] $0$memwr$\memory$cap_pdb_parallel_compact_engine.sv:24$2200_EN[511:0]$2204 [0] $0$memwr$\memory$cap_pdb_parallel_compact_engine.sv:24$2200_EN[511:0]$2204 [0] $0$memwr$\memory$cap_pdb_parallel_compact_engine.sv:24$2200_EN[511:0]$2204 [0] $0$memwr$\memory$cap_pdb_parallel_compact_engine.sv:24$2200_EN[511:0]$2204 [0] $0$memwr$\memory$cap_pdb_parallel_compact_engine.sv:24$2200_EN[511:0]$2204 [0] $0$memwr$\memory$cap_pdb_parallel_compact_engine.sv:24$2200_EN[511:0]$2204 [0] $0$memwr$\memory$cap_pdb_parallel_compact_engine.sv:24$2200_EN[511:0]$2204 [0] $0$memwr$\memory$cap_pdb_parallel_compact_engine.sv:24$2200_EN[511:0]$2204 [0] $0$memwr$\memory$cap_pdb_parallel_compact_engine.sv:24$2200_EN[511:0]$2204 [0] $0$memwr$\memory$cap_pdb_parallel_compact_engine.sv:24$2200_EN[511:0]$2204 [0] $0$memwr$\memory$cap_pdb_parallel_compact_engine.sv:24$2200_EN[511:0]$2204 [0] $0$memwr$\memory$cap_pdb_parallel_compact_engine.sv:24$2200_EN[511:0]$2204 [0] $0$memwr$\memory$cap_pdb_parallel_compact_engine.sv:24$2200_EN[511:0]$2204 [0] $0$memwr$\memory$cap_pdb_parallel_compact_engine.sv:24$2200_EN[511:0]$2204 [0] $0$memwr$\memory$cap_pdb_parallel_compact_engine.sv:24$2200_EN[511:0]$2204 [0] $0$memwr$\memory$cap_pdb_parallel_compact_engine.sv:24$2200_EN[511:0]$2204 [0] $0$memwr$\memory$cap_pdb_parallel_compact_engine.sv:24$2200_EN[511:0]$2204 [0] $0$memwr$\memory$cap_pdb_parallel_compact_engine.sv:24$2200_EN[511:0]$2204 [0] $0$memwr$\memory$cap_pdb_parallel_compact_engine.sv:24$2200_EN[511:0]$2204 [0] $0$memwr$\memory$cap_pdb_parallel_compact_engine.sv:24$2200_EN[511:0]$2204 [0] $0$memwr$\memory$cap_pdb_parallel_compact_engine.sv:24$2200_EN[511:0]$2204 [0] $0$memwr$\memory$cap_pdb_parallel_compact_engine.sv:24$2200_EN[511:0]$2204 [0] $0$memwr$\memory$cap_pdb_parallel_compact_engine.sv:24$2200_EN[511:0]$2204 [0] $0$memwr$\memory$cap_pdb_parallel_compact_engine.sv:24$2200_EN[511:0]$2204 [0] $0$memwr$\memory$cap_pdb_parallel_compact_engine.sv:24$2200_EN[511:0]$2204 [0] $0$memwr$\memory$cap_pdb_parallel_compact_engine.sv:24$2200_EN[511:0]$2204 [0] $0$memwr$\memory$cap_pdb_parallel_compact_engine.sv:24$2200_EN[511:0]$2204 [0] $0$memwr$\memory$cap_pdb_parallel_compact_engine.sv:24$2200_EN[511:0]$2204 [0] $0$memwr$\memory$cap_pdb_parallel_compact_engine.sv:24$2200_EN[511:0]$2204 [0] $0$memwr$\memory$cap_pdb_parallel_compact_engine.sv:24$2200_EN[511:0]$2204 [0] $0$memwr$\memory$cap_pdb_parallel_compact_engine.sv:24$2200_EN[511:0]$2204 [0] $0$memwr$\memory$cap_pdb_parallel_compact_engine.sv:24$2200_EN[511:0]$2204 [0] $0$memwr$\memory$cap_pdb_parallel_compact_engine.sv:24$2200_EN[511:0]$2204 [0] $0$memwr$\memory$cap_pdb_parallel_compact_engine.sv:24$2200_EN[511:0]$2204 [0] $0$memwr$\memory$cap_pdb_parallel_compact_engine.sv:24$2200_EN[511:0]$2204 [0] $0$memwr$\memory$cap_pdb_parallel_compact_engine.sv:24$2200_EN[511:0]$2204 [0] $0$memwr$\memory$cap_pdb_parallel_compact_engine.sv:24$2200_EN[511:0]$2204 [0] $0$memwr$\memory$cap_pdb_parallel_compact_engine.sv:24$2200_EN[511:0]$2204 [0] $0$memwr$\memory$cap_pdb_parallel_compact_engine.sv:24$2200_EN[511:0]$2204 [0] $0$memwr$\memory$cap_pdb_parallel_compact_engine.sv:24$2200_EN[511:0]$2204 [0] $0$memwr$\memory$cap_pdb_parallel_compact_engine.sv:24$2200_EN[511:0]$2204 [0] $0$memwr$\memory$cap_pdb_parallel_compact_engine.sv:24$2200_EN[511:0]$2204 [0] $0$memwr$\memory$cap_pdb_parallel_compact_engine.sv:24$2200_EN[511:0]$2204 [0] $0$memwr$\memory$cap_pdb_parallel_compact_engine.sv:24$2200_EN[511:0]$2204 [0] $0$memwr$\memory$cap_pdb_parallel_compact_engine.sv:24$2200_EN[511:0]$2204 [0] $0$memwr$\memory$cap_pdb_parallel_compact_engine.sv:24$2200_EN[511:0]$2204 [0] $0$memwr$\memory$cap_pdb_parallel_compact_engine.sv:24$2200_EN[511:0]$2204 [0] $0$memwr$\memory$cap_pdb_parallel_compact_engine.sv:24$2200_EN[511:0]$2204 [0] $0$memwr$\memory$cap_pdb_parallel_compact_engine.sv:24$2200_EN[511:0]$2204 [0] $0$memwr$\memory$cap_pdb_parallel_compact_engine.sv:24$2200_EN[511:0]$2204 [0] $0$memwr$\memory$cap_pdb_parallel_compact_engine.sv:24$2200_EN[511:0]$2204 [0] $0$memwr$\memory$cap_pdb_parallel_compact_engine.sv:24$2200_EN[511:0]$2204 [0] $0$memwr$\memory$cap_pdb_parallel_compact_engine.sv:24$2200_EN[511:0]$2204 [0] $0$memwr$\memory$cap_pdb_parallel_compact_engine.sv:24$2200_EN[511:0]$2204 [0] $0$memwr$\memory$cap_pdb_parallel_compact_engine.sv:24$2200_EN[511:0]$2204 [0] $0$memwr$\memory$cap_pdb_parallel_compact_engine.sv:24$2200_EN[511:0]$2204 [0] $0$memwr$\memory$cap_pdb_parallel_compact_engine.sv:24$2200_EN[511:0]$2204 [0] $0$memwr$\memory$cap_pdb_parallel_compact_engine.sv:24$2200_EN[511:0]$2204 [0] $0$memwr$\memory$cap_pdb_parallel_compact_engine.sv:24$2200_EN[511:0]$2204 [0] $0$memwr$\memory$cap_pdb_parallel_compact_engine.sv:24$2200_EN[511:0]$2204 [0] $0$memwr$\memory$cap_pdb_parallel_compact_engine.sv:24$2200_EN[511:0]$2204 [0] $0$memwr$\memory$cap_pdb_parallel_compact_engine.sv:24$2200_EN[511:0]$2204 [0] $0$memwr$\memory$cap_pdb_parallel_compact_engine.sv:24$2200_EN[511:0]$2204 [0] $0$memwr$\memory$cap_pdb_parallel_compact_engine.sv:24$2200_EN[511:0]$2204 [0] $0$memwr$\memory$cap_pdb_parallel_compact_engine.sv:24$2200_EN[511:0]$2204 [0] $0$memwr$\memory$cap_pdb_parallel_compact_engine.sv:24$2200_EN[511:0]$2204 [0] $0$memwr$\memory$cap_pdb_parallel_compact_engine.sv:24$2200_EN[511:0]$2204 [0] $0$memwr$\memory$cap_pdb_parallel_compact_engine.sv:24$2200_EN[511:0]$2204 [0] $0$memwr$\memory$cap_pdb_parallel_compact_engine.sv:24$2200_EN[511:0]$2204 [0] $0$memwr$\memory$cap_pdb_parallel_compact_engine.sv:24$2200_EN[511:0]$2204 [0] $0$memwr$\memory$cap_pdb_parallel_compact_engine.sv:24$2200_EN[511:0]$2204 [0] $0$memwr$\memory$cap_pdb_parallel_compact_engine.sv:24$2200_EN[511:0]$2204 [0] $0$memwr$\memory$cap_pdb_parallel_compact_engine.sv:24$2200_EN[511:0]$2204 [0] $0$memwr$\memory$cap_pdb_parallel_compact_engine.sv:24$2200_EN[511:0]$2204 [0] $0$memwr$\memory$cap_pdb_parallel_compact_engine.sv:24$2200_EN[511:0]$2204 [0] $0$memwr$\memory$cap_pdb_parallel_compact_engine.sv:24$2200_EN[511:0]$2204 [0] $0$memwr$\memory$cap_pdb_parallel_compact_engine.sv:24$2200_EN[511:0]$2204 [0] $0$memwr$\memory$cap_pdb_parallel_compact_engine.sv:24$2200_EN[511:0]$2204 [0] $0$memwr$\memory$cap_pdb_parallel_compact_engine.sv:24$2200_EN[511:0]$2204 [0] $0$memwr$\memory$cap_pdb_parallel_compact_engine.sv:24$2200_EN[511:0]$2204 [0] $0$memwr$\memory$cap_pdb_parallel_compact_engine.sv:24$2200_EN[511:0]$2204 [0] $0$memwr$\memory$cap_pdb_parallel_compact_engine.sv:24$2200_EN[511:0]$2204 [0] $0$memwr$\memory$cap_pdb_parallel_compact_engine.sv:24$2200_EN[511:0]$2204 [0] $0$memwr$\memory$cap_pdb_parallel_compact_engine.sv:24$2200_EN[511:0]$2204 [0] $0$memwr$\memory$cap_pdb_parallel_compact_engine.sv:24$2200_EN[511:0]$2204 [0] $0$memwr$\memory$cap_pdb_parallel_compact_engine.sv:24$2200_EN[511:0]$2204 [0] $0$memwr$\memory$cap_pdb_parallel_compact_engine.sv:24$2200_EN[511:0]$2204 [0] $0$memwr$\memory$cap_pdb_parallel_compact_engine.sv:24$2200_EN[511:0]$2204 [0] $0$memwr$\memory$cap_pdb_parallel_compact_engine.sv:24$2200_EN[511:0]$2204 [0] $0$memwr$\memory$cap_pdb_parallel_compact_engine.sv:24$2200_EN[511:0]$2204 [0] $0$memwr$\memory$cap_pdb_parallel_compact_engine.sv:24$2200_EN[511:0]$2204 [0] $0$memwr$\memory$cap_pdb_parallel_compact_engine.sv:24$2200_EN[511:0]$2204 [0] $0$memwr$\memory$cap_pdb_parallel_compact_engine.sv:24$2200_EN[511:0]$2204 [0] $0$memwr$\memory$cap_pdb_parallel_compact_engine.sv:24$2200_EN[511:0]$2204 [0] $0$memwr$\memory$cap_pdb_parallel_compact_engine.sv:24$2200_EN[511:0]$2204 [0] $0$memwr$\memory$cap_pdb_parallel_compact_engine.sv:24$2200_EN[511:0]$2204 [0] $0$memwr$\memory$cap_pdb_parallel_compact_engine.sv:24$2200_EN[511:0]$2204 [0] $0$memwr$\memory$cap_pdb_parallel_compact_engine.sv:24$2200_EN[511:0]$2204 [0] $0$memwr$\memory$cap_pdb_parallel_compact_engine.sv:24$2200_EN[511:0]$2204 [0] $0$memwr$\memory$cap_pdb_parallel_compact_engine.sv:24$2200_EN[511:0]$2204 [0] $0$memwr$\memory$cap_pdb_parallel_compact_engine.sv:24$2200_EN[511:0]$2204 [0] $0$memwr$\memory$cap_pdb_parallel_compact_engine.sv:24$2200_EN[511:0]$2204 [0] $0$memwr$\memory$cap_pdb_parallel_compact_engine.sv:24$2200_EN[511:0]$2204 [0] $0$memwr$\memory$cap_pdb_parallel_compact_engine.sv:24$2200_EN[511:0]$2204 [0] $0$memwr$\memory$cap_pdb_parallel_compact_engine.sv:24$2200_EN[511:0]$2204 [0] $0$memwr$\memory$cap_pdb_parallel_compact_engine.sv:24$2200_EN[511:0]$2204 [0] $0$memwr$\memory$cap_pdb_parallel_compact_engine.sv:24$2200_EN[511:0]$2204 [0] $0$memwr$\memory$cap_pdb_parallel_compact_engine.sv:24$2200_EN[511:0]$2204 [0] $0$memwr$\memory$cap_pdb_parallel_compact_engine.sv:24$2200_EN[511:0]$2204 [0] $0$memwr$\memory$cap_pdb_parallel_compact_engine.sv:24$2200_EN[511:0]$2204 [0] $0$memwr$\memory$cap_pdb_parallel_compact_engine.sv:24$2200_EN[511:0]$2204 [0] $0$memwr$\memory$cap_pdb_parallel_compact_engine.sv:24$2200_EN[511:0]$2204 [0] $0$memwr$\memory$cap_pdb_parallel_compact_engine.sv:24$2200_EN[511:0]$2204 [0] $0$memwr$\memory$cap_pdb_parallel_compact_engine.sv:24$2200_EN[511:0]$2204 [0] $0$memwr$\memory$cap_pdb_parallel_compact_engine.sv:24$2200_EN[511:0]$2204 [0] $0$memwr$\memory$cap_pdb_parallel_compact_engine.sv:24$2200_EN[511:0]$2204 [0] $0$memwr$\memory$cap_pdb_parallel_compact_engine.sv:24$2200_EN[511:0]$2204 [0] $0$memwr$\memory$cap_pdb_parallel_compact_engine.sv:24$2200_EN[511:0]$2204 [0] $0$memwr$\memory$cap_pdb_parallel_compact_engine.sv:24$2200_EN[511:0]$2204 [0] $0$memwr$\memory$cap_pdb_parallel_compact_engine.sv:24$2200_EN[511:0]$2204 [0] $0$memwr$\memory$cap_pdb_parallel_compact_engine.sv:24$2200_EN[511:0]$2204 [0] $0$memwr$\memory$cap_pdb_parallel_compact_engine.sv:24$2200_EN[511:0]$2204 [0] $0$memwr$\memory$cap_pdb_parallel_compact_engine.sv:24$2200_EN[511:0]$2204 [0] $0$memwr$\memory$cap_pdb_parallel_compact_engine.sv:24$2200_EN[511:0]$2204 [0] $0$memwr$\memory$cap_pdb_parallel_compact_engine.sv:24$2200_EN[511:0]$2204 [0] $0$memwr$\memory$cap_pdb_parallel_compact_engine.sv:24$2200_EN[511:0]$2204 [0] $0$memwr$\memory$cap_pdb_parallel_compact_engine.sv:24$2200_EN[511:0]$2204 [0] $0$memwr$\memory$cap_pdb_parallel_compact_engine.sv:24$2200_EN[511:0]$2204 [0] $0$memwr$\memory$cap_pdb_parallel_compact_engine.sv:24$2200_EN[511:0]$2204 [0] $0$memwr$\memory$cap_pdb_parallel_compact_engine.sv:24$2200_EN[511:0]$2204 [0] $0$memwr$\memory$cap_pdb_parallel_compact_engine.sv:24$2200_EN[511:0]$2204 [0] $0$memwr$\memory$cap_pdb_parallel_compact_engine.sv:24$2200_EN[511:0]$2204 [0] $0$memwr$\memory$cap_pdb_parallel_compact_engine.sv:24$2200_EN[511:0]$2204 [0] $0$memwr$\memory$cap_pdb_parallel_compact_engine.sv:24$2200_EN[511:0]$2204 [0] $0$memwr$\memory$cap_pdb_parallel_compact_engine.sv:24$2200_EN[511:0]$2204 [0] $0$memwr$\memory$cap_pdb_parallel_compact_engine.sv:24$2200_EN[511:0]$2204 [0] $0$memwr$\memory$cap_pdb_parallel_compact_engine.sv:24$2200_EN[511:0]$2204 [0] $0$memwr$\memory$cap_pdb_parallel_compact_engine.sv:24$2200_EN[511:0]$2204 [0] $0$memwr$\memory$cap_pdb_parallel_compact_engine.sv:24$2200_EN[511:0]$2204 [0] $0$memwr$\memory$cap_pdb_parallel_compact_engine.sv:24$2200_EN[511:0]$2204 [0] $0$memwr$\memory$cap_pdb_parallel_compact_engine.sv:24$2200_EN[511:0]$2204 [0] $0$memwr$\memory$cap_pdb_parallel_compact_engine.sv:24$2200_EN[511:0]$2204 [0] $0$memwr$\memory$cap_pdb_parallel_compact_engine.sv:24$2200_EN[511:0]$2204 [0] $0$memwr$\memory$cap_pdb_parallel_compact_engine.sv:24$2200_EN[511:0]$2204 [0] $0$memwr$\memory$cap_pdb_parallel_compact_engine.sv:24$2200_EN[511:0]$2204 [0] $0$memwr$\memory$cap_pdb_parallel_compact_engine.sv:24$2200_EN[511:0]$2204 [0] $0$memwr$\memory$cap_pdb_parallel_compact_engine.sv:24$2200_EN[511:0]$2204 [0] $0$memwr$\memory$cap_pdb_parallel_compact_engine.sv:24$2200_EN[511:0]$2204 [0] $0$memwr$\memory$cap_pdb_parallel_compact_engine.sv:24$2200_EN[511:0]$2204 [0] $0$memwr$\memory$cap_pdb_parallel_compact_engine.sv:24$2200_EN[511:0]$2204 [0] $0$memwr$\memory$cap_pdb_parallel_compact_engine.sv:24$2200_EN[511:0]$2204 [0] $0$memwr$\memory$cap_pdb_parallel_compact_engine.sv:24$2200_EN[511:0]$2204 [0] $0$memwr$\memory$cap_pdb_parallel_compact_engine.sv:24$2200_EN[511:0]$2204 [0] $0$memwr$\memory$cap_pdb_parallel_compact_engine.sv:24$2200_EN[511:0]$2204 [0] $0$memwr$\memory$cap_pdb_parallel_compact_engine.sv:24$2200_EN[511:0]$2204 [0] $0$memwr$\memory$cap_pdb_parallel_compact_engine.sv:24$2200_EN[511:0]$2204 [0] $0$memwr$\memory$cap_pdb_parallel_compact_engine.sv:24$2200_EN[511:0]$2204 [0] $0$memwr$\memory$cap_pdb_parallel_compact_engine.sv:24$2200_EN[511:0]$2204 [0] $0$memwr$\memory$cap_pdb_parallel_compact_engine.sv:24$2200_EN[511:0]$2204 [0] $0$memwr$\memory$cap_pdb_parallel_compact_engine.sv:24$2200_EN[511:0]$2204 [0] $0$memwr$\memory$cap_pdb_parallel_compact_engine.sv:24$2200_EN[511:0]$2204 [0] $0$memwr$\memory$cap_pdb_parallel_compact_engine.sv:24$2200_EN[511:0]$2204 [0] $0$memwr$\memory$cap_pdb_parallel_compact_engine.sv:24$2200_EN[511:0]$2204 [0] $0$memwr$\memory$cap_pdb_parallel_compact_engine.sv:24$2200_EN[511:0]$2204 [0] $0$memwr$\memory$cap_pdb_parallel_compact_engine.sv:24$2200_EN[511:0]$2204 [0] $0$memwr$\memory$cap_pdb_parallel_compact_engine.sv:24$2200_EN[511:0]$2204 [0] $0$memwr$\memory$cap_pdb_parallel_compact_engine.sv:24$2200_EN[511:0]$2204 [0] $0$memwr$\memory$cap_pdb_parallel_compact_engine.sv:24$2200_EN[511:0]$2204 [0] $0$memwr$\memory$cap_pdb_parallel_compact_engine.sv:24$2200_EN[511:0]$2204 [0] $0$memwr$\memory$cap_pdb_parallel_compact_engine.sv:24$2200_EN[511:0]$2204 [0] $0$memwr$\memory$cap_pdb_parallel_compact_engine.sv:24$2200_EN[511:0]$2204 [0] $0$memwr$\memory$cap_pdb_parallel_compact_engine.sv:24$2200_EN[511:0]$2204 [0] $0$memwr$\memory$cap_pdb_parallel_compact_engine.sv:24$2200_EN[511:0]$2204 [0] $0$memwr$\memory$cap_pdb_parallel_compact_engine.sv:24$2200_EN[511:0]$2204 [0] $0$memwr$\memory$cap_pdb_parallel_compact_engine.sv:24$2200_EN[511:0]$2204 [0] $0$memwr$\memory$cap_pdb_parallel_compact_engine.sv:24$2200_EN[511:0]$2204 [0] $0$memwr$\memory$cap_pdb_parallel_compact_engine.sv:24$2200_EN[511:0]$2204 [0] $0$memwr$\memory$cap_pdb_parallel_compact_engine.sv:24$2200_EN[511:0]$2204 [0] $0$memwr$\memory$cap_pdb_parallel_compact_engine.sv:24$2200_EN[511:0]$2204 [0] $0$memwr$\memory$cap_pdb_parallel_compact_engine.sv:24$2200_EN[511:0]$2204 [0] $0$memwr$\memory$cap_pdb_parallel_compact_engine.sv:24$2200_EN[511:0]$2204 [0] $0$memwr$\memory$cap_pdb_parallel_compact_engine.sv:24$2200_EN[511:0]$2204 [0] $0$memwr$\memory$cap_pdb_parallel_compact_engine.sv:24$2200_EN[511:0]$2204 [0] $0$memwr$\memory$cap_pdb_parallel_compact_engine.sv:24$2200_EN[511:0]$2204 [0] $0$memwr$\memory$cap_pdb_parallel_compact_engine.sv:24$2200_EN[511:0]$2204 [0] $0$memwr$\memory$cap_pdb_parallel_compact_engine.sv:24$2200_EN[511:0]$2204 [0] $0$memwr$\memory$cap_pdb_parallel_compact_engine.sv:24$2200_EN[511:0]$2204 [0] $0$memwr$\memory$cap_pdb_parallel_compact_engine.sv:24$2200_EN[511:0]$2204 [0] $0$memwr$\memory$cap_pdb_parallel_compact_engine.sv:24$2200_EN[511:0]$2204 [0] $0$memwr$\memory$cap_pdb_parallel_compact_engine.sv:24$2200_EN[511:0]$2204 [0] $0$memwr$\memory$cap_pdb_parallel_compact_engine.sv:24$2200_EN[511:0]$2204 [0] $0$memwr$\memory$cap_pdb_parallel_compact_engine.sv:24$2200_EN[511:0]$2204 [0] $0$memwr$\memory$cap_pdb_parallel_compact_engine.sv:24$2200_EN[511:0]$2204 [0] $0$memwr$\memory$cap_pdb_parallel_compact_engine.sv:24$2200_EN[511:0]$2204 [0] $0$memwr$\memory$cap_pdb_parallel_compact_engine.sv:24$2200_EN[511:0]$2204 [0] $0$memwr$\memory$cap_pdb_parallel_compact_engine.sv:24$2200_EN[511:0]$2204 [0] $0$memwr$\memory$cap_pdb_parallel_compact_engine.sv:24$2200_EN[511:0]$2204 [0] $0$memwr$\memory$cap_pdb_parallel_compact_engine.sv:24$2200_EN[511:0]$2204 [0] $0$memwr$\memory$cap_pdb_parallel_compact_engine.sv:24$2200_EN[511:0]$2204 [0] $0$memwr$\memory$cap_pdb_parallel_compact_engine.sv:24$2200_EN[511:0]$2204 [0] $0$memwr$\memory$cap_pdb_parallel_compact_engine.sv:24$2200_EN[511:0]$2204 [0] $0$memwr$\memory$cap_pdb_parallel_compact_engine.sv:24$2200_EN[511:0]$2204 [0] $0$memwr$\memory$cap_pdb_parallel_compact_engine.sv:24$2200_EN[511:0]$2204 [0] $0$memwr$\memory$cap_pdb_parallel_compact_engine.sv:24$2200_EN[511:0]$2204 [0] $0$memwr$\memory$cap_pdb_parallel_compact_engine.sv:24$2200_EN[511:0]$2204 [0] $0$memwr$\memory$cap_pdb_parallel_compact_engine.sv:24$2200_EN[511:0]$2204 [0] $0$memwr$\memory$cap_pdb_parallel_compact_engine.sv:24$2200_EN[511:0]$2204 [0] $0$memwr$\memory$cap_pdb_parallel_compact_engine.sv:24$2200_EN[511:0]$2204 [0] $0$memwr$\memory$cap_pdb_parallel_compact_engine.sv:24$2200_EN[511:0]$2204 [0] $0$memwr$\memory$cap_pdb_parallel_compact_engine.sv:24$2200_EN[511:0]$2204 [0] $0$memwr$\memory$cap_pdb_parallel_compact_engine.sv:24$2200_EN[511:0]$2204 [0] $0$memwr$\memory$cap_pdb_parallel_compact_engine.sv:24$2200_EN[511:0]$2204 [0] $0$memwr$\memory$cap_pdb_parallel_compact_engine.sv:24$2200_EN[511:0]$2204 [0] $0$memwr$\memory$cap_pdb_parallel_compact_engine.sv:24$2200_EN[511:0]$2204 [0] $0$memwr$\memory$cap_pdb_parallel_compact_engine.sv:24$2200_EN[511:0]$2204 [0] $0$memwr$\memory$cap_pdb_parallel_compact_engine.sv:24$2200_EN[511:0]$2204 [0] $0$memwr$\memory$cap_pdb_parallel_compact_engine.sv:24$2200_EN[511:0]$2204 [0] $0$memwr$\memory$cap_pdb_parallel_compact_engine.sv:24$2200_EN[511:0]$2204 [0] $0$memwr$\memory$cap_pdb_parallel_compact_engine.sv:24$2200_EN[511:0]$2204 [0] $0$memwr$\memory$cap_pdb_parallel_compact_engine.sv:24$2200_EN[511:0]$2204 [0] $0$memwr$\memory$cap_pdb_parallel_compact_engine.sv:24$2200_EN[511:0]$2204 [0] $0$memwr$\memory$cap_pdb_parallel_compact_engine.sv:24$2200_EN[511:0]$2204 [0] $0$memwr$\memory$cap_pdb_parallel_compact_engine.sv:24$2200_EN[511:0]$2204 [0] $0$memwr$\memory$cap_pdb_parallel_compact_engine.sv:24$2200_EN[511:0]$2204 [0] $0$memwr$\memory$cap_pdb_parallel_compact_engine.sv:24$2200_EN[511:0]$2204 [0] $0$memwr$\memory$cap_pdb_parallel_compact_engine.sv:24$2200_EN[511:0]$2204 [0] $0$memwr$\memory$cap_pdb_parallel_compact_engine.sv:24$2200_EN[511:0]$2204 [0] $0$memwr$\memory$cap_pdb_parallel_compact_engine.sv:24$2200_EN[511:0]$2204 [0] $0$memwr$\memory$cap_pdb_parallel_compact_engine.sv:24$2200_EN[511:0]$2204 [0] $0$memwr$\memory$cap_pdb_parallel_compact_engine.sv:24$2200_EN[511:0]$2204 [0] $0$memwr$\memory$cap_pdb_parallel_compact_engine.sv:24$2200_EN[511:0]$2204 [0] $0$memwr$\memory$cap_pdb_parallel_compact_engine.sv:24$2200_EN[511:0]$2204 [0] $0$memwr$\memory$cap_pdb_parallel_compact_engine.sv:24$2200_EN[511:0]$2204 [0] $0$memwr$\memory$cap_pdb_parallel_compact_engine.sv:24$2200_EN[511:0]$2204 [0] $0$memwr$\memory$cap_pdb_parallel_compact_engine.sv:24$2200_EN[511:0]$2204 [0] $0$memwr$\memory$cap_pdb_parallel_compact_engine.sv:24$2200_EN[511:0]$2204 [0] $0$memwr$\memory$cap_pdb_parallel_compact_engine.sv:24$2200_EN[511:0]$2204 [0] $0$memwr$\memory$cap_pdb_parallel_compact_engine.sv:24$2200_EN[511:0]$2204 [0] $0$memwr$\memory$cap_pdb_parallel_compact_engine.sv:24$2200_EN[511:0]$2204 [0] $0$memwr$\memory$cap_pdb_parallel_compact_engine.sv:24$2200_EN[511:0]$2204 [0] $0$memwr$\memory$cap_pdb_parallel_compact_engine.sv:24$2200_EN[511:0]$2204 [0] $0$memwr$\memory$cap_pdb_parallel_compact_engine.sv:24$2200_EN[511:0]$2204 [0] $0$memwr$\memory$cap_pdb_parallel_compact_engine.sv:24$2200_EN[511:0]$2204 [0] $0$memwr$\memory$cap_pdb_parallel_compact_engine.sv:24$2200_EN[511:0]$2204 [0] $0$memwr$\memory$cap_pdb_parallel_compact_engine.sv:24$2200_EN[511:0]$2204 [0] $0$memwr$\memory$cap_pdb_parallel_compact_engine.sv:24$2200_EN[511:0]$2204 [0] $0$memwr$\memory$cap_pdb_parallel_compact_engine.sv:24$2200_EN[511:0]$2204 [0] $0$memwr$\memory$cap_pdb_parallel_compact_engine.sv:24$2200_EN[511:0]$2204 [0] $0$memwr$\memory$cap_pdb_parallel_compact_engine.sv:24$2200_EN[511:0]$2204 [0] $0$memwr$\memory$cap_pdb_parallel_compact_engine.sv:24$2200_EN[511:0]$2204 [0] $0$memwr$\memory$cap_pdb_parallel_compact_engine.sv:24$2200_EN[511:0]$2204 [0] $0$memwr$\memory$cap_pdb_parallel_compact_engine.sv:24$2200_EN[511:0]$2204 [0] $0$memwr$\memory$cap_pdb_parallel_compact_engine.sv:24$2200_EN[511:0]$2204 [0] $0$memwr$\memory$cap_pdb_parallel_compact_engine.sv:24$2200_EN[511:0]$2204 [0] $0$memwr$\memory$cap_pdb_parallel_compact_engine.sv:24$2200_EN[511:0]$2204 [0] $0$memwr$\memory$cap_pdb_parallel_compact_engine.sv:24$2200_EN[511:0]$2204 [0] $0$memwr$\memory$cap_pdb_parallel_compact_engine.sv:24$2200_EN[511:0]$2204 [0] $0$memwr$\memory$cap_pdb_parallel_compact_engine.sv:24$2200_EN[511:0]$2204 [0] $0$memwr$\memory$cap_pdb_parallel_compact_engine.sv:24$2200_EN[511:0]$2204 [0] $0$memwr$\memory$cap_pdb_parallel_compact_engine.sv:24$2200_EN[511:0]$2204 [0] $0$memwr$\memory$cap_pdb_parallel_compact_engine.sv:24$2200_EN[511:0]$2204 [0] $0$memwr$\memory$cap_pdb_parallel_compact_engine.sv:24$2200_EN[511:0]$2204 [0] $0$memwr$\memory$cap_pdb_parallel_compact_engine.sv:24$2200_EN[511:0]$2204 [0] $0$memwr$\memory$cap_pdb_parallel_compact_engine.sv:24$2200_EN[511:0]$2204 [0] $0$memwr$\memory$cap_pdb_parallel_compact_engine.sv:24$2200_EN[511:0]$2204 [0] $0$memwr$\memory$cap_pdb_parallel_compact_engine.sv:24$2200_EN[511:0]$2204 [0] $0$memwr$\memory$cap_pdb_parallel_compact_engine.sv:24$2200_EN[511:0]$2204 [0] }
  Optimizing cells in module $paramod$b5bfe1d4fce40940586b6e35fec61194ae5a8fde\cap_pdb_state_wide_bank.
Performed a total of 1 changes.

5.10.5. Executing OPT_MERGE pass (detect identical cells).
Finding identical cells in module `\cap_pdb_parallel_compact_allocation_engine'.
Computing hashes of 590 cells of `\cap_pdb_parallel_compact_allocation_engine'.
Finding duplicate cells in `\cap_pdb_parallel_compact_allocation_engine'.
Computing hashes of 577 cells of `\cap_pdb_parallel_compact_allocation_engine'.
Finding duplicate cells in `\cap_pdb_parallel_compact_allocation_engine'.
<suppressed ~39 debug messages>
Finding identical cells in module `$paramod$cbc3189b30a0f0ae8c16e45df15b3f5a54303a8f\cap_pdb_masked_min32'.
Computing hashes of 94 cells of `$paramod$cbc3189b30a0f0ae8c16e45df15b3f5a54303a8f\cap_pdb_masked_min32'.
Finding duplicate cells in `$paramod$cbc3189b30a0f0ae8c16e45df15b3f5a54303a8f\cap_pdb_masked_min32'.
Finding identical cells in module `$paramod$b5bfe1d4fce40940586b6e35fec61194ae5a8fde\cap_pdb_state_wide_bank'.
Computing hashes of 7 cells of `$paramod$b5bfe1d4fce40940586b6e35fec61194ae5a8fde\cap_pdb_state_wide_bank'.
Finding duplicate cells in `$paramod$b5bfe1d4fce40940586b6e35fec61194ae5a8fde\cap_pdb_state_wide_bank'.
Removed a total of 13 cells.

5.10.6. Executing OPT_DFF pass (perform DFF optimizations).

5.10.7. Executing OPT_CLEAN pass (remove unused cells and wires).
Finding unused cells or wires in module \cap_pdb_parallel_compact_allocation_engine..
Finding unused cells or wires in module $paramod$cbc3189b30a0f0ae8c16e45df15b3f5a54303a8f\cap_pdb_masked_min32..
Finding unused cells or wires in module $paramod$b5bfe1d4fce40940586b6e35fec61194ae5a8fde\cap_pdb_state_wide_bank..
Removed 0 unused cells and 97 unused wires.
<suppressed ~1 debug messages>

5.10.8. Executing OPT_EXPR pass (perform const folding).
Optimizing module cap_pdb_parallel_compact_allocation_engine.
Optimizing module $paramod$cbc3189b30a0f0ae8c16e45df15b3f5a54303a8f\cap_pdb_masked_min32.
Optimizing module $paramod$b5bfe1d4fce40940586b6e35fec61194ae5a8fde\cap_pdb_state_wide_bank.

5.10.9. Rerunning OPT passes. (Maybe there is more to do..)

5.10.10. Executing OPT_MUXTREE pass (detect dead branches in mux trees).
Running muxtree optimizer on module \cap_pdb_parallel_compact_allocation_engine..
  Creating internal representation of mux trees.
  Evaluating internal representation of mux trees.
  Analyzing evaluation results.
Running muxtree optimizer on module $paramod$cbc3189b30a0f0ae8c16e45df15b3f5a54303a8f\cap_pdb_masked_min32..
  Creating internal representation of mux trees.
  Evaluating internal representation of mux trees.
  Analyzing evaluation results.
Running muxtree optimizer on module $paramod$b5bfe1d4fce40940586b6e35fec61194ae5a8fde\cap_pdb_state_wide_bank..
  Creating internal representation of mux trees.
  Evaluating internal representation of mux trees.
  Analyzing evaluation results.
Removed 0 multiplexer ports.
<suppressed ~451 debug messages>

5.10.11. Executing OPT_REDUCE pass (consolidate $*mux and $reduce_* inputs).
  Optimizing cells in module \cap_pdb_parallel_compact_allocation_engine.
  Optimizing cells in module $paramod$cbc3189b30a0f0ae8c16e45df15b3f5a54303a8f\cap_pdb_masked_min32.
  Optimizing cells in module $paramod$b5bfe1d4fce40940586b6e35fec61194ae5a8fde\cap_pdb_state_wide_bank.
Performed a total of 0 changes.

5.10.12. Executing OPT_MERGE pass (detect identical cells).
Finding identical cells in module `\cap_pdb_parallel_compact_allocation_engine'.
Computing hashes of 577 cells of `\cap_pdb_parallel_compact_allocation_engine'.
Finding duplicate cells in `\cap_pdb_parallel_compact_allocation_engine'.
Finding identical cells in module `$paramod$cbc3189b30a0f0ae8c16e45df15b3f5a54303a8f\cap_pdb_masked_min32'.
Computing hashes of 94 cells of `$paramod$cbc3189b30a0f0ae8c16e45df15b3f5a54303a8f\cap_pdb_masked_min32'.
Finding duplicate cells in `$paramod$cbc3189b30a0f0ae8c16e45df15b3f5a54303a8f\cap_pdb_masked_min32'.
Finding identical cells in module `$paramod$b5bfe1d4fce40940586b6e35fec61194ae5a8fde\cap_pdb_state_wide_bank'.
Computing hashes of 7 cells of `$paramod$b5bfe1d4fce40940586b6e35fec61194ae5a8fde\cap_pdb_state_wide_bank'.
Finding duplicate cells in `$paramod$b5bfe1d4fce40940586b6e35fec61194ae5a8fde\cap_pdb_state_wide_bank'.
Removed a total of 0 cells.

5.10.13. Executing OPT_DFF pass (perform DFF optimizations).

5.10.14. Executing OPT_CLEAN pass (remove unused cells and wires).
Finding unused cells or wires in module \cap_pdb_parallel_compact_allocation_engine..
Finding unused cells or wires in module $paramod$cbc3189b30a0f0ae8c16e45df15b3f5a54303a8f\cap_pdb_masked_min32..
Finding unused cells or wires in module $paramod$b5bfe1d4fce40940586b6e35fec61194ae5a8fde\cap_pdb_state_wide_bank..

5.10.15. Executing OPT_EXPR pass (perform const folding).
Optimizing module cap_pdb_parallel_compact_allocation_engine.
Optimizing module $paramod$cbc3189b30a0f0ae8c16e45df15b3f5a54303a8f\cap_pdb_masked_min32.
Optimizing module $paramod$b5bfe1d4fce40940586b6e35fec61194ae5a8fde\cap_pdb_state_wide_bank.

5.10.16. Finished fast OPT passes. (There is nothing left to do.)

5.11. Executing FSM pass (extract and optimize FSM).

5.11.1. Executing FSM_DETECT pass (finding FSMs in design).
Found FSM state register cap_pdb_parallel_compact_allocation_engine.phase.

5.11.2. Executing FSM_EXTRACT pass (extracting FSM from design).
Extracting FSM `\phase' from module `\cap_pdb_parallel_compact_allocation_engine'.
  found $dff cell for state register: $procdff$3891
  root of input selection tree: $0\phase[1:0]
  found reset state: 2'00 (guessed from mux tree)
  found ctrl input: \rst
  found ctrl input: $procmux$3502_CMP
  found ctrl input: $eq$cap_pdb_parallel_compact_engine.sv:180$1682_Y
  found ctrl input: $procmux$3514_CMP
  found state code: 2'00
  found ctrl input: \all_after_empty
  found state code: 2'10
  found ctrl input: \start
  found state code: 2'01
  found ctrl output: $eq$cap_pdb_parallel_compact_engine.sv:180$1682_Y
  found ctrl output: $procmux$3502_CMP
  found ctrl output: $procmux$3514_CMP
  ctrl inputs: { \all_after_empty \start \rst }
  ctrl outputs: { $procmux$3514_CMP $procmux$3502_CMP $eq$cap_pdb_parallel_compact_engine.sv:180$1682_Y $0\phase[1:0] }
  transition:       2'00 3'-00 ->       2'00 5'10000
  transition:       2'00 3'-10 ->       2'01 5'10001
  transition:       2'00 3'--1 ->       2'00 5'10000
  transition:       2'10 3'0-0 ->       2'10 5'01010
  transition:       2'10 3'1-0 ->       2'00 5'01000
  transition:       2'10 3'--1 ->       2'00 5'01000
  transition:       2'01 3'--0 ->       2'10 5'00110
  transition:       2'01 3'--1 ->       2'00 5'00100

5.11.3. Executing FSM_OPT pass (simple optimizations of FSMs).
Optimizing FSM `$fsm$\phase$3924' from module `\cap_pdb_parallel_compact_allocation_engine'.

5.11.4. Executing OPT_CLEAN pass (remove unused cells and wires).
Finding unused cells or wires in module \cap_pdb_parallel_compact_allocation_engine..
Finding unused cells or wires in module $paramod$cbc3189b30a0f0ae8c16e45df15b3f5a54303a8f\cap_pdb_masked_min32..
Finding unused cells or wires in module $paramod$b5bfe1d4fce40940586b6e35fec61194ae5a8fde\cap_pdb_state_wide_bank..
Removed 8 unused cells and 8 unused wires.
<suppressed ~9 debug messages>

5.11.5. Executing FSM_OPT pass (simple optimizations of FSMs).
Optimizing FSM `$fsm$\phase$3924' from module `\cap_pdb_parallel_compact_allocation_engine'.
  Removing unused output signal $0\phase[1:0] [0].
  Removing unused output signal $0\phase[1:0] [1].

5.11.6. Executing FSM_RECODE pass (re-assigning FSM state encoding).
Recoding FSM `$fsm$\phase$3924' from module `\cap_pdb_parallel_compact_allocation_engine' using `auto' encoding:
  mapping auto encoding to `one-hot` for this FSM.
  00 -> --1
  10 -> -1-
  01 -> 1--

5.11.7. Executing FSM_INFO pass (dumping all available information on FSM cells).

FSM `$fsm$\phase$3924' from module `cap_pdb_parallel_compact_allocation_engine':
-------------------------------------

  Information on FSM $fsm$\phase$3924 (\phase):

  Number of input signals:    3
  Number of output signals:   3
  Number of state bits:       3

  Input signals:
    0: \rst
    1: \start
    2: \all_after_empty

  Output signals:
    0: $eq$cap_pdb_parallel_compact_engine.sv:180$1682_Y
    1: $procmux$3502_CMP
    2: $procmux$3514_CMP

  State encoding:
    0:      3'--1  <RESET STATE>
    1:      3'-1-
    2:      3'1--

  Transition Table (state_in, ctrl_in, state_out, ctrl_out):
      0:     0 3'-00   ->     0 3'100
      1:     0 3'--1   ->     0 3'100
      2:     0 3'-10   ->     2 3'100
      3:     1 3'1-0   ->     0 3'010
      4:     1 3'--1   ->     0 3'010
      5:     1 3'0-0   ->     1 3'010
      6:     2 3'--1   ->     0 3'001
      7:     2 3'--0   ->     1 3'001

-------------------------------------

5.11.8. Executing FSM_MAP pass (mapping FSMs to basic logic).
Mapping FSM `$fsm$\phase$3924' from module `\cap_pdb_parallel_compact_allocation_engine'.

5.12. Executing OPT pass (performing simple optimizations).

5.12.1. Executing OPT_EXPR pass (perform const folding).
Optimizing module cap_pdb_parallel_compact_allocation_engine.
<suppressed ~4 debug messages>
Optimizing module $paramod$cbc3189b30a0f0ae8c16e45df15b3f5a54303a8f\cap_pdb_masked_min32.
Optimizing module $paramod$b5bfe1d4fce40940586b6e35fec61194ae5a8fde\cap_pdb_state_wide_bank.

5.12.2. Executing OPT_MERGE pass (detect identical cells).
Finding identical cells in module `\cap_pdb_parallel_compact_allocation_engine'.
Computing hashes of 582 cells of `\cap_pdb_parallel_compact_allocation_engine'.
Finding duplicate cells in `\cap_pdb_parallel_compact_allocation_engine'.
Finding identical cells in module `$paramod$cbc3189b30a0f0ae8c16e45df15b3f5a54303a8f\cap_pdb_masked_min32'.
Computing hashes of 94 cells of `$paramod$cbc3189b30a0f0ae8c16e45df15b3f5a54303a8f\cap_pdb_masked_min32'.
Finding duplicate cells in `$paramod$cbc3189b30a0f0ae8c16e45df15b3f5a54303a8f\cap_pdb_masked_min32'.
Finding identical cells in module `$paramod$b5bfe1d4fce40940586b6e35fec61194ae5a8fde\cap_pdb_state_wide_bank'.
Computing hashes of 7 cells of `$paramod$b5bfe1d4fce40940586b6e35fec61194ae5a8fde\cap_pdb_state_wide_bank'.
Finding duplicate cells in `$paramod$b5bfe1d4fce40940586b6e35fec61194ae5a8fde\cap_pdb_state_wide_bank'.
Removed a total of 0 cells.

5.12.3. Executing OPT_MUXTREE pass (detect dead branches in mux trees).
Running muxtree optimizer on module \cap_pdb_parallel_compact_allocation_engine..
  Creating internal representation of mux trees.
  Evaluating internal representation of mux trees.
  Analyzing evaluation results.
Running muxtree optimizer on module $paramod$cbc3189b30a0f0ae8c16e45df15b3f5a54303a8f\cap_pdb_masked_min32..
  Creating internal representation of mux trees.
  Evaluating internal representation of mux trees.
  Analyzing evaluation results.
Running muxtree optimizer on module $paramod$b5bfe1d4fce40940586b6e35fec61194ae5a8fde\cap_pdb_state_wide_bank..
  Creating internal representation of mux trees.
  Evaluating internal representation of mux trees.
  Analyzing evaluation results.
Removed 0 multiplexer ports.
<suppressed ~446 debug messages>

5.12.4. Executing OPT_REDUCE pass (consolidate $*mux and $reduce_* inputs).
  Optimizing cells in module \cap_pdb_parallel_compact_allocation_engine.
  Optimizing cells in module $paramod$cbc3189b30a0f0ae8c16e45df15b3f5a54303a8f\cap_pdb_masked_min32.
  Optimizing cells in module $paramod$b5bfe1d4fce40940586b6e35fec61194ae5a8fde\cap_pdb_state_wide_bank.
Performed a total of 0 changes.

5.12.5. Executing OPT_MERGE pass (detect identical cells).
Finding identical cells in module `\cap_pdb_parallel_compact_allocation_engine'.
Computing hashes of 582 cells of `\cap_pdb_parallel_compact_allocation_engine'.
Finding duplicate cells in `\cap_pdb_parallel_compact_allocation_engine'.
Finding identical cells in module `$paramod$cbc3189b30a0f0ae8c16e45df15b3f5a54303a8f\cap_pdb_masked_min32'.
Computing hashes of 94 cells of `$paramod$cbc3189b30a0f0ae8c16e45df15b3f5a54303a8f\cap_pdb_masked_min32'.
Finding duplicate cells in `$paramod$cbc3189b30a0f0ae8c16e45df15b3f5a54303a8f\cap_pdb_masked_min32'.
Finding identical cells in module `$paramod$b5bfe1d4fce40940586b6e35fec61194ae5a8fde\cap_pdb_state_wide_bank'.
Computing hashes of 7 cells of `$paramod$b5bfe1d4fce40940586b6e35fec61194ae5a8fde\cap_pdb_state_wide_bank'.
Finding duplicate cells in `$paramod$b5bfe1d4fce40940586b6e35fec61194ae5a8fde\cap_pdb_state_wide_bank'.
Removed a total of 0 cells.

5.12.6. Executing OPT_DFF pass (perform DFF optimizations).
Adding SRST signal on $procdff$3909 ($dff) from module cap_pdb_parallel_compact_allocation_engine (D = $procmux$3617_Y, Q = \group_minimum[3], rval = 16'1111111111111111).
Adding EN signal on $auto$ff.cc:337:slice$3957 ($sdff) from module cap_pdb_parallel_compact_allocation_engine (D = $procmux$3617_Y, Q = \group_minimum[3]).
Adding SRST signal on $procdff$3910 ($dff) from module cap_pdb_parallel_compact_allocation_engine (D = $procmux$3605_Y, Q = \group_minimum[4], rval = 16'1111111111111111).
Adding EN signal on $auto$ff.cc:337:slice$3965 ($sdff) from module cap_pdb_parallel_compact_allocation_engine (D = $procmux$3605_Y, Q = \group_minimum[4]).
Adding SRST signal on $procdff$3911 ($dff) from module cap_pdb_parallel_compact_allocation_engine (D = $procmux$3593_Y, Q = \group_minimum[5], rval = 16'1111111111111111).
Adding EN signal on $auto$ff.cc:337:slice$3973 ($sdff) from module cap_pdb_parallel_compact_allocation_engine (D = $procmux$3593_Y, Q = \group_minimum[5]).
Adding SRST signal on $procdff$3912 ($dff) from module cap_pdb_parallel_compact_allocation_engine (D = $procmux$3581_Y, Q = \group_minimum[6], rval = 16'1111111111111111).
Adding EN signal on $auto$ff.cc:337:slice$3981 ($sdff) from module cap_pdb_parallel_compact_allocation_engine (D = $procmux$3581_Y, Q = \group_minimum[6]).
Adding SRST signal on $procdff$3913 ($dff) from module cap_pdb_parallel_compact_allocation_engine (D = $procmux$3569_Y, Q = \group_minimum[7], rval = 16'1111111111111111).
Adding EN signal on $auto$ff.cc:337:slice$3989 ($sdff) from module cap_pdb_parallel_compact_allocation_engine (D = $procmux$3569_Y, Q = \group_minimum[7]).
Adding SRST signal on $procdff$3914 ($dff) from module cap_pdb_parallel_compact_allocation_engine (D = $procmux$3557_Y, Q = \group_minimum[8], rval = 16'1111111111111111).
Adding EN signal on $auto$ff.cc:337:slice$3997 ($sdff) from module cap_pdb_parallel_compact_allocation_engine (D = $procmux$3557_Y, Q = \group_minimum[8]).
Adding SRST signal on $procdff$3915 ($dff) from module cap_pdb_parallel_compact_allocation_engine (D = $procmux$3545_Y, Q = \group_minimum[9], rval = 16'1111111111111111).
Adding EN signal on $auto$ff.cc:337:slice$4005 ($sdff) from module cap_pdb_parallel_compact_allocation_engine (D = $procmux$3545_Y, Q = \group_minimum[9]).
Adding SRST signal on $procdff$3886 ($dff) from module cap_pdb_parallel_compact_allocation_engine (D = $procmux$3866_Y, Q = \busy, rval = 1'0).
Adding EN signal on $auto$ff.cc:337:slice$4013 ($sdff) from module cap_pdb_parallel_compact_allocation_engine (D = $procmux$3866_Y, Q = \busy).
Adding SRST signal on $procdff$3887 ($dff) from module cap_pdb_parallel_compact_allocation_engine (D = $procmux$3499_Y, Q = \done, rval = 1'0).
Adding SRST signal on $procdff$3888 ($dff) from module cap_pdb_parallel_compact_allocation_engine (D = $procmux$3858_Y, Q = \valid, rval = 1'0).
Adding EN signal on $auto$ff.cc:337:slice$4028 ($sdff) from module cap_pdb_parallel_compact_allocation_engine (D = $procmux$3854_Y, Q = \valid).
Adding SRST signal on $procdff$3889 ($dff) from module cap_pdb_parallel_compact_allocation_engine (D = $procmux$3821_Y, Q = \group_cost_sum, rval = 24'000000000000000000000000).
Adding EN signal on $auto$ff.cc:337:slice$4032 ($sdff) from module cap_pdb_parallel_compact_allocation_engine (D = \final_sum, Q = \group_cost_sum).
Adding SRST signal on $procdff$3890 ($dff) from module cap_pdb_parallel_compact_allocation_engine (D = $procmux$3813_Y, Q = \cycles, rval = 16'0000000000000000).
Adding SRST signal on $procdff$3917 ($dff) from module cap_pdb_parallel_compact_allocation_engine (D = $procmux$3521_Y, Q = \group_minimum[11], rval = 16'1111111111111111).
Adding EN signal on $auto$ff.cc:337:slice$4037 ($sdff) from module cap_pdb_parallel_compact_allocation_engine (D = $procmux$3521_Y, Q = \group_minimum[11]).
Adding SRST signal on $procdff$3893 ($dff) from module cap_pdb_parallel_compact_allocation_engine (D = $procmux$3783_Y, Q = \remaining[0], rval = 0).
Adding EN signal on $auto$ff.cc:337:slice$4045 ($sdff) from module cap_pdb_parallel_compact_allocation_engine (D = $procmux$3783_Y, Q = \remaining[0]).
Adding SRST signal on $procdff$3894 ($dff) from module cap_pdb_parallel_compact_allocation_engine (D = $procmux$3773_Y, Q = \remaining[1], rval = 0).
Adding EN signal on $auto$ff.cc:337:slice$4053 ($sdff) from module cap_pdb_parallel_compact_allocation_engine (D = $procmux$3773_Y, Q = \remaining[1]).
Adding SRST signal on $procdff$3895 ($dff) from module cap_pdb_parallel_compact_allocation_engine (D = $procmux$3763_Y, Q = \remaining[2], rval = 0).
Adding EN signal on $auto$ff.cc:337:slice$4061 ($sdff) from module cap_pdb_parallel_compact_allocation_engine (D = $procmux$3763_Y, Q = \remaining[2]).
Adding SRST signal on $procdff$3896 ($dff) from module cap_pdb_parallel_compact_allocation_engine (D = $procmux$3753_Y, Q = \remaining[3], rval = 0).
Adding EN signal on $auto$ff.cc:337:slice$4069 ($sdff) from module cap_pdb_parallel_compact_allocation_engine (D = $procmux$3753_Y, Q = \remaining[3]).
Adding SRST signal on $procdff$3897 ($dff) from module cap_pdb_parallel_compact_allocation_engine (D = $procmux$3743_Y, Q = \remaining[4], rval = 0).
Adding EN signal on $auto$ff.cc:337:slice$4077 ($sdff) from module cap_pdb_parallel_compact_allocation_engine (D = $procmux$3743_Y, Q = \remaining[4]).
Adding SRST signal on $procdff$3898 ($dff) from module cap_pdb_parallel_compact_allocation_engine (D = $procmux$3733_Y, Q = \remaining[5], rval = 0).
Adding EN signal on $auto$ff.cc:337:slice$4085 ($sdff) from module cap_pdb_parallel_compact_allocation_engine (D = $procmux$3733_Y, Q = \remaining[5]).
Adding SRST signal on $procdff$3899 ($dff) from module cap_pdb_parallel_compact_allocation_engine (D = $procmux$3723_Y, Q = \remaining[6], rval = 0).
Adding EN signal on $auto$ff.cc:337:slice$4093 ($sdff) from module cap_pdb_parallel_compact_allocation_engine (D = $procmux$3723_Y, Q = \remaining[6]).
Adding SRST signal on $procdff$3900 ($dff) from module cap_pdb_parallel_compact_allocation_engine (D = $procmux$3713_Y, Q = \remaining[7], rval = 0).
Adding EN signal on $auto$ff.cc:337:slice$4101 ($sdff) from module cap_pdb_parallel_compact_allocation_engine (D = $procmux$3713_Y, Q = \remaining[7]).
Adding SRST signal on $procdff$3901 ($dff) from module cap_pdb_parallel_compact_allocation_engine (D = $procmux$3703_Y, Q = \remaining[8], rval = 0).
Adding EN signal on $auto$ff.cc:337:slice$4109 ($sdff) from module cap_pdb_parallel_compact_allocation_engine (D = $procmux$3703_Y, Q = \remaining[8]).
Adding SRST signal on $procdff$3902 ($dff) from module cap_pdb_parallel_compact_allocation_engine (D = $procmux$3693_Y, Q = \remaining[9], rval = 0).
Adding EN signal on $auto$ff.cc:337:slice$4117 ($sdff) from module cap_pdb_parallel_compact_allocation_engine (D = $procmux$3693_Y, Q = \remaining[9]).
Adding SRST signal on $procdff$3903 ($dff) from module cap_pdb_parallel_compact_allocation_engine (D = $procmux$3683_Y, Q = \remaining[10], rval = 0).
Adding EN signal on $auto$ff.cc:337:slice$4125 ($sdff) from module cap_pdb_parallel_compact_allocation_engine (D = $procmux$3683_Y, Q = \remaining[10]).
Adding SRST signal on $procdff$3904 ($dff) from module cap_pdb_parallel_compact_allocation_engine (D = $procmux$3673_Y, Q = \remaining[11], rval = 0).
Adding EN signal on $auto$ff.cc:337:slice$4133 ($sdff) from module cap_pdb_parallel_compact_allocation_engine (D = $procmux$3673_Y, Q = \remaining[11]).
Adding SRST signal on $procdff$3905 ($dff) from module cap_pdb_parallel_compact_allocation_engine (D = $procmux$3663_Y, Q = \remaining[12], rval = 0).
Adding EN signal on $auto$ff.cc:337:slice$4141 ($sdff) from module cap_pdb_parallel_compact_allocation_engine (D = $procmux$3663_Y, Q = \remaining[12]).
Adding SRST signal on $procdff$3916 ($dff) from module cap_pdb_parallel_compact_allocation_engine (D = $procmux$3533_Y, Q = \group_minimum[10], rval = 16'1111111111111111).
Adding EN signal on $auto$ff.cc:337:slice$4149 ($sdff) from module cap_pdb_parallel_compact_allocation_engine (D = $procmux$3533_Y, Q = \group_minimum[10]).
Adding SRST signal on $procdff$3918 ($dff) from module cap_pdb_parallel_compact_allocation_engine (D = $procmux$3509_Y, Q = \group_minimum[12], rval = 16'1111111111111111).
Adding EN signal on $auto$ff.cc:337:slice$4157 ($sdff) from module cap_pdb_parallel_compact_allocation_engine (D = $procmux$3509_Y, Q = \group_minimum[12]).
Adding SRST signal on $procdff$3906 ($dff) from module cap_pdb_parallel_compact_allocation_engine (D = $procmux$3653_Y, Q = \group_minimum[0], rval = 16'1111111111111111).
Adding EN signal on $auto$ff.cc:337:slice$4165 ($sdff) from module cap_pdb_parallel_compact_allocation_engine (D = $procmux$3653_Y, Q = \group_minimum[0]).
Adding SRST signal on $procdff$3907 ($dff) from module cap_pdb_parallel_compact_allocation_engine (D = $procmux$3641_Y, Q = \group_minimum[1], rval = 16'1111111111111111).
Adding EN signal on $auto$ff.cc:337:slice$4173 ($sdff) from module cap_pdb_parallel_compact_allocation_engine (D = $procmux$3641_Y, Q = \group_minimum[1]).
Adding SRST signal on $procdff$3908 ($dff) from module cap_pdb_parallel_compact_allocation_engine (D = $procmux$3629_Y, Q = \group_minimum[2], rval = 16'1111111111111111).
Adding EN signal on $auto$ff.cc:337:slice$4181 ($sdff) from module cap_pdb_parallel_compact_allocation_engine (D = $procmux$3629_Y, Q = \group_minimum[2]).
Adding EN signal on $procdff$3919 ($dff) from module $paramod$b5bfe1d4fce40940586b6e35fec61194ae5a8fde\cap_pdb_state_wide_bank (D = $memrd$\memory$cap_pdb_parallel_compact_engine.sv:26$2208_DATA, Q = \rdata).

5.12.7. Executing OPT_CLEAN pass (remove unused cells and wires).
Finding unused cells or wires in module \cap_pdb_parallel_compact_allocation_engine..
Finding unused cells or wires in module $paramod$cbc3189b30a0f0ae8c16e45df15b3f5a54303a8f\cap_pdb_masked_min32..
Finding unused cells or wires in module $paramod$b5bfe1d4fce40940586b6e35fec61194ae5a8fde\cap_pdb_state_wide_bank..
Removed 37 unused cells and 44 unused wires.
<suppressed ~39 debug messages>

5.12.8. Executing OPT_EXPR pass (perform const folding).
Optimizing module cap_pdb_parallel_compact_allocation_engine.
<suppressed ~27 debug messages>
Optimizing module $paramod$cbc3189b30a0f0ae8c16e45df15b3f5a54303a8f\cap_pdb_masked_min32.
Optimizing module $paramod$b5bfe1d4fce40940586b6e35fec61194ae5a8fde\cap_pdb_state_wide_bank.

5.12.9. Rerunning OPT passes. (Maybe there is more to do..)

5.12.10. Executing OPT_MUXTREE pass (detect dead branches in mux trees).
Running muxtree optimizer on module \cap_pdb_parallel_compact_allocation_engine..
  Creating internal representation of mux trees.
  Evaluating internal representation of mux trees.
  Analyzing evaluation results.
Running muxtree optimizer on module $paramod$cbc3189b30a0f0ae8c16e45df15b3f5a54303a8f\cap_pdb_masked_min32..
  Creating internal representation of mux trees.
  Evaluating internal representation of mux trees.
  Analyzing evaluation results.
Running muxtree optimizer on module $paramod$b5bfe1d4fce40940586b6e35fec61194ae5a8fde\cap_pdb_state_wide_bank..
  Creating internal representation of mux trees.
  Evaluating internal representation of mux trees.
  Analyzing evaluation results.
Removed 0 multiplexer ports.
<suppressed ~407 debug messages>

5.12.11. Executing OPT_REDUCE pass (consolidate $*mux and $reduce_* inputs).
  Optimizing cells in module \cap_pdb_parallel_compact_allocation_engine.
  Optimizing cells in module $paramod$cbc3189b30a0f0ae8c16e45df15b3f5a54303a8f\cap_pdb_masked_min32.
  Optimizing cells in module $paramod$b5bfe1d4fce40940586b6e35fec61194ae5a8fde\cap_pdb_state_wide_bank.
Performed a total of 0 changes.

5.12.12. Executing OPT_MERGE pass (detect identical cells).
Finding identical cells in module `\cap_pdb_parallel_compact_allocation_engine'.
Computing hashes of 632 cells of `\cap_pdb_parallel_compact_allocation_engine'.
Finding duplicate cells in `\cap_pdb_parallel_compact_allocation_engine'.
Computing hashes of 568 cells of `\cap_pdb_parallel_compact_allocation_engine'.
Finding duplicate cells in `\cap_pdb_parallel_compact_allocation_engine'.
Computing hashes of 543 cells of `\cap_pdb_parallel_compact_allocation_engine'.
Finding duplicate cells in `\cap_pdb_parallel_compact_allocation_engine'.
<suppressed ~267 debug messages>
Finding identical cells in module `$paramod$cbc3189b30a0f0ae8c16e45df15b3f5a54303a8f\cap_pdb_masked_min32'.
Computing hashes of 94 cells of `$paramod$cbc3189b30a0f0ae8c16e45df15b3f5a54303a8f\cap_pdb_masked_min32'.
Finding duplicate cells in `$paramod$cbc3189b30a0f0ae8c16e45df15b3f5a54303a8f\cap_pdb_masked_min32'.
Finding identical cells in module `$paramod$b5bfe1d4fce40940586b6e35fec61194ae5a8fde\cap_pdb_state_wide_bank'.
Computing hashes of 6 cells of `$paramod$b5bfe1d4fce40940586b6e35fec61194ae5a8fde\cap_pdb_state_wide_bank'.
Finding duplicate cells in `$paramod$b5bfe1d4fce40940586b6e35fec61194ae5a8fde\cap_pdb_state_wide_bank'.
Removed a total of 89 cells.

5.12.13. Executing OPT_DFF pass (perform DFF optimizations).

5.12.14. Executing OPT_CLEAN pass (remove unused cells and wires).
Finding unused cells or wires in module \cap_pdb_parallel_compact_allocation_engine..
Finding unused cells or wires in module $paramod$cbc3189b30a0f0ae8c16e45df15b3f5a54303a8f\cap_pdb_masked_min32..
Finding unused cells or wires in module $paramod$b5bfe1d4fce40940586b6e35fec61194ae5a8fde\cap_pdb_state_wide_bank..
Removed 0 unused cells and 89 unused wires.
<suppressed ~1 debug messages>

5.12.15. Executing OPT_EXPR pass (perform const folding).
Optimizing module cap_pdb_parallel_compact_allocation_engine.
Optimizing module $paramod$cbc3189b30a0f0ae8c16e45df15b3f5a54303a8f\cap_pdb_masked_min32.
Optimizing module $paramod$b5bfe1d4fce40940586b6e35fec61194ae5a8fde\cap_pdb_state_wide_bank.

5.12.16. Rerunning OPT passes. (Maybe there is more to do..)

5.12.17. Executing OPT_MUXTREE pass (detect dead branches in mux trees).
Running muxtree optimizer on module \cap_pdb_parallel_compact_allocation_engine..
  Creating internal representation of mux trees.
  Evaluating internal representation of mux trees.
  Analyzing evaluation results.
Running muxtree optimizer on module $paramod$cbc3189b30a0f0ae8c16e45df15b3f5a54303a8f\cap_pdb_masked_min32..
  Creating internal representation of mux trees.
  Evaluating internal representation of mux trees.
  Analyzing evaluation results.
Running muxtree optimizer on module $paramod$b5bfe1d4fce40940586b6e35fec61194ae5a8fde\cap_pdb_state_wide_bank..
  Creating internal representation of mux trees.
  Evaluating internal representation of mux trees.
  Analyzing evaluation results.
Removed 0 multiplexer ports.
<suppressed ~409 debug messages>

5.12.18. Executing OPT_REDUCE pass (consolidate $*mux and $reduce_* inputs).
  Optimizing cells in module \cap_pdb_parallel_compact_allocation_engine.
  Optimizing cells in module $paramod$cbc3189b30a0f0ae8c16e45df15b3f5a54303a8f\cap_pdb_masked_min32.
  Optimizing cells in module $paramod$b5bfe1d4fce40940586b6e35fec61194ae5a8fde\cap_pdb_state_wide_bank.
Performed a total of 0 changes.

5.12.19. Executing OPT_MERGE pass (detect identical cells).
Finding identical cells in module `\cap_pdb_parallel_compact_allocation_engine'.
Computing hashes of 543 cells of `\cap_pdb_parallel_compact_allocation_engine'.
Finding duplicate cells in `\cap_pdb_parallel_compact_allocation_engine'.
Finding identical cells in module `$paramod$cbc3189b30a0f0ae8c16e45df15b3f5a54303a8f\cap_pdb_masked_min32'.
Computing hashes of 94 cells of `$paramod$cbc3189b30a0f0ae8c16e45df15b3f5a54303a8f\cap_pdb_masked_min32'.
Finding duplicate cells in `$paramod$cbc3189b30a0f0ae8c16e45df15b3f5a54303a8f\cap_pdb_masked_min32'.
Finding identical cells in module `$paramod$b5bfe1d4fce40940586b6e35fec61194ae5a8fde\cap_pdb_state_wide_bank'.
Computing hashes of 6 cells of `$paramod$b5bfe1d4fce40940586b6e35fec61194ae5a8fde\cap_pdb_state_wide_bank'.
Finding duplicate cells in `$paramod$b5bfe1d4fce40940586b6e35fec61194ae5a8fde\cap_pdb_state_wide_bank'.
Removed a total of 0 cells.

5.12.20. Executing OPT_DFF pass (perform DFF optimizations).

5.12.21. Executing OPT_CLEAN pass (remove unused cells and wires).
Finding unused cells or wires in module \cap_pdb_parallel_compact_allocation_engine..
Finding unused cells or wires in module $paramod$cbc3189b30a0f0ae8c16e45df15b3f5a54303a8f\cap_pdb_masked_min32..
Finding unused cells or wires in module $paramod$b5bfe1d4fce40940586b6e35fec61194ae5a8fde\cap_pdb_state_wide_bank..

5.12.22. Executing OPT_EXPR pass (perform const folding).
Optimizing module cap_pdb_parallel_compact_allocation_engine.
Optimizing module $paramod$cbc3189b30a0f0ae8c16e45df15b3f5a54303a8f\cap_pdb_masked_min32.
Optimizing module $paramod$b5bfe1d4fce40940586b6e35fec61194ae5a8fde\cap_pdb_state_wide_bank.

5.12.23. Finished fast OPT passes. (There is nothing left to do.)

5.13. Executing WREDUCE pass (reducing word size of cells).
Removed top 1 bits (of 2) from port B of cell cap_pdb_parallel_compact_allocation_engine.$auto$opt_dff.cc:235:make_patterns_logic$4020 ($ne).
Removed top 24 bits (of 32) from port A of cell cap_pdb_parallel_compact_allocation_engine.$add$cap_pdb_parallel_compact_engine.sv:166$1415 ($add).
Removed top 23 bits (of 32) from port Y of cell cap_pdb_parallel_compact_allocation_engine.$add$cap_pdb_parallel_compact_engine.sv:166$1415 ($add).
Removed top 31 bits (of 32) from port B of cell cap_pdb_parallel_compact_allocation_engine.$add$cap_pdb_parallel_compact_engine.sv:218$1418 ($add).
Removed top 31 bits (of 32) from port B of cell cap_pdb_parallel_compact_allocation_engine.$add$cap_pdb_parallel_compact_engine.sv:218$1424 ($add).
Removed top 31 bits (of 32) from port B of cell cap_pdb_parallel_compact_allocation_engine.$add$cap_pdb_parallel_compact_engine.sv:218$1430 ($add).
Removed top 31 bits (of 32) from port B of cell cap_pdb_parallel_compact_allocation_engine.$add$cap_pdb_parallel_compact_engine.sv:218$1436 ($add).
Removed top 31 bits (of 32) from port B of cell cap_pdb_parallel_compact_allocation_engine.$add$cap_pdb_parallel_compact_engine.sv:218$1442 ($add).
Removed top 31 bits (of 32) from port B of cell cap_pdb_parallel_compact_allocation_engine.$add$cap_pdb_parallel_compact_engine.sv:218$1448 ($add).
Removed top 31 bits (of 32) from port B of cell cap_pdb_parallel_compact_allocation_engine.$add$cap_pdb_parallel_compact_engine.sv:218$1454 ($add).
Removed top 31 bits (of 32) from port B of cell cap_pdb_parallel_compact_allocation_engine.$add$cap_pdb_parallel_compact_engine.sv:218$1460 ($add).
Removed top 31 bits (of 32) from port B of cell cap_pdb_parallel_compact_allocation_engine.$add$cap_pdb_parallel_compact_engine.sv:218$1466 ($add).
Removed top 31 bits (of 32) from port B of cell cap_pdb_parallel_compact_allocation_engine.$add$cap_pdb_parallel_compact_engine.sv:218$1472 ($add).
Removed top 31 bits (of 32) from port B of cell cap_pdb_parallel_compact_allocation_engine.$add$cap_pdb_parallel_compact_engine.sv:218$1478 ($add).
Removed top 31 bits (of 32) from port B of cell cap_pdb_parallel_compact_allocation_engine.$add$cap_pdb_parallel_compact_engine.sv:218$1484 ($add).
Removed top 31 bits (of 32) from port B of cell cap_pdb_parallel_compact_allocation_engine.$add$cap_pdb_parallel_compact_engine.sv:218$1490 ($add).
Removed top 31 bits (of 32) from port B of cell cap_pdb_parallel_compact_allocation_engine.$add$cap_pdb_parallel_compact_engine.sv:218$1496 ($add).
Removed top 31 bits (of 32) from port B of cell cap_pdb_parallel_compact_allocation_engine.$add$cap_pdb_parallel_compact_engine.sv:218$1502 ($add).
Removed top 31 bits (of 32) from port B of cell cap_pdb_parallel_compact_allocation_engine.$add$cap_pdb_parallel_compact_engine.sv:218$1508 ($add).
Removed top 31 bits (of 32) from port B of cell cap_pdb_parallel_compact_allocation_engine.$add$cap_pdb_parallel_compact_engine.sv:218$1514 ($add).
Removed top 31 bits (of 32) from port B of cell cap_pdb_parallel_compact_allocation_engine.$add$cap_pdb_parallel_compact_engine.sv:218$1520 ($add).
Removed top 31 bits (of 32) from port B of cell cap_pdb_parallel_compact_allocation_engine.$add$cap_pdb_parallel_compact_engine.sv:218$1526 ($add).
Removed top 31 bits (of 32) from port B of cell cap_pdb_parallel_compact_allocation_engine.$add$cap_pdb_parallel_compact_engine.sv:218$1532 ($add).
Removed top 31 bits (of 32) from port B of cell cap_pdb_parallel_compact_allocation_engine.$add$cap_pdb_parallel_compact_engine.sv:218$1538 ($add).
Removed top 31 bits (of 32) from port B of cell cap_pdb_parallel_compact_allocation_engine.$add$cap_pdb_parallel_compact_engine.sv:218$1544 ($add).
Removed top 31 bits (of 32) from port B of cell cap_pdb_parallel_compact_allocation_engine.$add$cap_pdb_parallel_compact_engine.sv:218$1550 ($add).
Removed top 31 bits (of 32) from port B of cell cap_pdb_parallel_compact_allocation_engine.$add$cap_pdb_parallel_compact_engine.sv:218$1556 ($add).
Removed top 31 bits (of 32) from port B of cell cap_pdb_parallel_compact_allocation_engine.$add$cap_pdb_parallel_compact_engine.sv:218$1562 ($add).
Removed top 31 bits (of 32) from port B of cell cap_pdb_parallel_compact_allocation_engine.$add$cap_pdb_parallel_compact_engine.sv:218$1568 ($add).
Removed top 8 bits (of 24) from port A of cell cap_pdb_parallel_compact_allocation_engine.$add$cap_pdb_parallel_compact_engine.sv:245$1579 ($add).
Removed top 7 bits (of 24) from port Y of cell cap_pdb_parallel_compact_allocation_engine.$add$cap_pdb_parallel_compact_engine.sv:245$1579 ($add).
Removed top 7 bits (of 24) from port A of cell cap_pdb_parallel_compact_allocation_engine.$add$cap_pdb_parallel_compact_engine.sv:245$1582 ($add).
Removed top 6 bits (of 24) from port Y of cell cap_pdb_parallel_compact_allocation_engine.$add$cap_pdb_parallel_compact_engine.sv:245$1582 ($add).
Removed top 6 bits (of 24) from port A of cell cap_pdb_parallel_compact_allocation_engine.$add$cap_pdb_parallel_compact_engine.sv:245$1585 ($add).
Removed top 5 bits (of 24) from port Y of cell cap_pdb_parallel_compact_allocation_engine.$add$cap_pdb_parallel_compact_engine.sv:245$1585 ($add).
Removed top 5 bits (of 24) from port A of cell cap_pdb_parallel_compact_allocation_engine.$add$cap_pdb_parallel_compact_engine.sv:245$1588 ($add).
Removed top 4 bits (of 24) from port Y of cell cap_pdb_parallel_compact_allocation_engine.$add$cap_pdb_parallel_compact_engine.sv:245$1588 ($add).
Removed top 4 bits (of 24) from port A of cell cap_pdb_parallel_compact_allocation_engine.$add$cap_pdb_parallel_compact_engine.sv:245$1591 ($add).
Removed top 3 bits (of 24) from port Y of cell cap_pdb_parallel_compact_allocation_engine.$add$cap_pdb_parallel_compact_engine.sv:245$1591 ($add).
Removed top 3 bits (of 24) from port A of cell cap_pdb_parallel_compact_allocation_engine.$add$cap_pdb_parallel_compact_engine.sv:245$1594 ($add).
Removed top 2 bits (of 24) from port Y of cell cap_pdb_parallel_compact_allocation_engine.$add$cap_pdb_parallel_compact_engine.sv:245$1594 ($add).
Removed top 2 bits (of 24) from port A of cell cap_pdb_parallel_compact_allocation_engine.$add$cap_pdb_parallel_compact_engine.sv:245$1597 ($add).
Removed top 1 bits (of 24) from port Y of cell cap_pdb_parallel_compact_allocation_engine.$add$cap_pdb_parallel_compact_engine.sv:245$1597 ($add).
Removed top 1 bits (of 24) from port A of cell cap_pdb_parallel_compact_allocation_engine.$add$cap_pdb_parallel_compact_engine.sv:245$1600 ($add).
Removed top 1 bits (of 32) from port A of cell cap_pdb_parallel_compact_allocation_engine.$or$cap_pdb_parallel_compact_engine.sv:144$1696 ($or).
Removed top 2 bits (of 32) from port A of cell cap_pdb_parallel_compact_allocation_engine.$or$cap_pdb_parallel_compact_engine.sv:148$1702 ($or).
Removed top 4 bits (of 32) from port A of cell cap_pdb_parallel_compact_allocation_engine.$or$cap_pdb_parallel_compact_engine.sv:152$1708 ($or).
Removed top 8 bits (of 32) from port A of cell cap_pdb_parallel_compact_allocation_engine.$or$cap_pdb_parallel_compact_engine.sv:156$1714 ($or).
Removed top 16 bits (of 32) from port A of cell cap_pdb_parallel_compact_allocation_engine.$or$cap_pdb_parallel_compact_engine.sv:160$1718 ($or).
Removed top 3 bits (of 4) from port B of cell cap_pdb_parallel_compact_allocation_engine.$eq$cap_pdb_parallel_compact_engine.sv:177$1720 ($eq).
Removed top 1 bits (of 32) from port A of cell cap_pdb_parallel_compact_allocation_engine.$or$cap_pdb_parallel_compact_engine.sv:144$1736 ($or).
Removed top 2 bits (of 32) from port A of cell cap_pdb_parallel_compact_allocation_engine.$or$cap_pdb_parallel_compact_engine.sv:148$1742 ($or).
Removed top 4 bits (of 32) from port A of cell cap_pdb_parallel_compact_allocation_engine.$or$cap_pdb_parallel_compact_engine.sv:152$1748 ($or).
Removed top 8 bits (of 32) from port A of cell cap_pdb_parallel_compact_allocation_engine.$or$cap_pdb_parallel_compact_engine.sv:156$1754 ($or).
Removed top 16 bits (of 32) from port A of cell cap_pdb_parallel_compact_allocation_engine.$or$cap_pdb_parallel_compact_engine.sv:160$1758 ($or).
Removed top 2 bits (of 4) from port B of cell cap_pdb_parallel_compact_allocation_engine.$eq$cap_pdb_parallel_compact_engine.sv:177$1760 ($eq).
Removed top 1 bits (of 32) from port A of cell cap_pdb_parallel_compact_allocation_engine.$or$cap_pdb_parallel_compact_engine.sv:144$1776 ($or).
Removed top 2 bits (of 32) from port A of cell cap_pdb_parallel_compact_allocation_engine.$or$cap_pdb_parallel_compact_engine.sv:148$1782 ($or).
Removed top 4 bits (of 32) from port A of cell cap_pdb_parallel_compact_allocation_engine.$or$cap_pdb_parallel_compact_engine.sv:152$1788 ($or).
Removed top 8 bits (of 32) from port A of cell cap_pdb_parallel_compact_allocation_engine.$or$cap_pdb_parallel_compact_engine.sv:156$1794 ($or).
Removed top 16 bits (of 32) from port A of cell cap_pdb_parallel_compact_allocation_engine.$or$cap_pdb_parallel_compact_engine.sv:160$1798 ($or).
Removed top 2 bits (of 4) from port B of cell cap_pdb_parallel_compact_allocation_engine.$eq$cap_pdb_parallel_compact_engine.sv:177$1800 ($eq).
Removed top 1 bits (of 32) from port A of cell cap_pdb_parallel_compact_allocation_engine.$or$cap_pdb_parallel_compact_engine.sv:144$1816 ($or).
Removed top 2 bits (of 32) from port A of cell cap_pdb_parallel_compact_allocation_engine.$or$cap_pdb_parallel_compact_engine.sv:148$1822 ($or).
Removed top 4 bits (of 32) from port A of cell cap_pdb_parallel_compact_allocation_engine.$or$cap_pdb_parallel_compact_engine.sv:152$1828 ($or).
Removed top 8 bits (of 32) from port A of cell cap_pdb_parallel_compact_allocation_engine.$or$cap_pdb_parallel_compact_engine.sv:156$1834 ($or).
Removed top 16 bits (of 32) from port A of cell cap_pdb_parallel_compact_allocation_engine.$or$cap_pdb_parallel_compact_engine.sv:160$1838 ($or).
Removed top 1 bits (of 4) from port B of cell cap_pdb_parallel_compact_allocation_engine.$eq$cap_pdb_parallel_compact_engine.sv:177$1840 ($eq).
Removed top 1 bits (of 32) from port A of cell cap_pdb_parallel_compact_allocation_engine.$or$cap_pdb_parallel_compact_engine.sv:144$1856 ($or).
Removed top 2 bits (of 32) from port A of cell cap_pdb_parallel_compact_allocation_engine.$or$cap_pdb_parallel_compact_engine.sv:148$1862 ($or).
Removed top 4 bits (of 32) from port A of cell cap_pdb_parallel_compact_allocation_engine.$or$cap_pdb_parallel_compact_engine.sv:152$1868 ($or).
Removed top 8 bits (of 32) from port A of cell cap_pdb_parallel_compact_allocation_engine.$or$cap_pdb_parallel_compact_engine.sv:156$1874 ($or).
Removed top 16 bits (of 32) from port A of cell cap_pdb_parallel_compact_allocation_engine.$or$cap_pdb_parallel_compact_engine.sv:160$1878 ($or).
Removed top 1 bits (of 4) from port B of cell cap_pdb_parallel_compact_allocation_engine.$eq$cap_pdb_parallel_compact_engine.sv:177$1880 ($eq).
Removed top 1 bits (of 32) from port A of cell cap_pdb_parallel_compact_allocation_engine.$or$cap_pdb_parallel_compact_engine.sv:144$1896 ($or).
Removed top 2 bits (of 32) from port A of cell cap_pdb_parallel_compact_allocation_engine.$or$cap_pdb_parallel_compact_engine.sv:148$1902 ($or).
Removed top 4 bits (of 32) from port A of cell cap_pdb_parallel_compact_allocation_engine.$or$cap_pdb_parallel_compact_engine.sv:152$1908 ($or).
Removed top 8 bits (of 32) from port A of cell cap_pdb_parallel_compact_allocation_engine.$or$cap_pdb_parallel_compact_engine.sv:156$1914 ($or).
Removed top 16 bits (of 32) from port A of cell cap_pdb_parallel_compact_allocation_engine.$or$cap_pdb_parallel_compact_engine.sv:160$1918 ($or).
Removed top 1 bits (of 4) from port B of cell cap_pdb_parallel_compact_allocation_engine.$eq$cap_pdb_parallel_compact_engine.sv:177$1920 ($eq).
Removed top 1 bits (of 32) from port A of cell cap_pdb_parallel_compact_allocation_engine.$or$cap_pdb_parallel_compact_engine.sv:144$1936 ($or).
Removed top 2 bits (of 32) from port A of cell cap_pdb_parallel_compact_allocation_engine.$or$cap_pdb_parallel_compact_engine.sv:148$1942 ($or).
Removed top 4 bits (of 32) from port A of cell cap_pdb_parallel_compact_allocation_engine.$or$cap_pdb_parallel_compact_engine.sv:152$1948 ($or).
Removed top 8 bits (of 32) from port A of cell cap_pdb_parallel_compact_allocation_engine.$or$cap_pdb_parallel_compact_engine.sv:156$1954 ($or).
Removed top 16 bits (of 32) from port A of cell cap_pdb_parallel_compact_allocation_engine.$or$cap_pdb_parallel_compact_engine.sv:160$1958 ($or).
Removed top 1 bits (of 4) from port B of cell cap_pdb_parallel_compact_allocation_engine.$eq$cap_pdb_parallel_compact_engine.sv:177$1960 ($eq).
Removed top 1 bits (of 32) from port A of cell cap_pdb_parallel_compact_allocation_engine.$or$cap_pdb_parallel_compact_engine.sv:144$1976 ($or).
Removed top 2 bits (of 32) from port A of cell cap_pdb_parallel_compact_allocation_engine.$or$cap_pdb_parallel_compact_engine.sv:148$1982 ($or).
Removed top 4 bits (of 32) from port A of cell cap_pdb_parallel_compact_allocation_engine.$or$cap_pdb_parallel_compact_engine.sv:152$1988 ($or).
Removed top 8 bits (of 32) from port A of cell cap_pdb_parallel_compact_allocation_engine.$or$cap_pdb_parallel_compact_engine.sv:156$1994 ($or).
Removed top 16 bits (of 32) from port A of cell cap_pdb_parallel_compact_allocation_engine.$or$cap_pdb_parallel_compact_engine.sv:160$1998 ($or).
Removed top 1 bits (of 32) from port A of cell cap_pdb_parallel_compact_allocation_engine.$or$cap_pdb_parallel_compact_engine.sv:144$2016 ($or).
Removed top 2 bits (of 32) from port A of cell cap_pdb_parallel_compact_allocation_engine.$or$cap_pdb_parallel_compact_engine.sv:148$2022 ($or).
Removed top 4 bits (of 32) from port A of cell cap_pdb_parallel_compact_allocation_engine.$or$cap_pdb_parallel_compact_engine.sv:152$2028 ($or).
Removed top 8 bits (of 32) from port A of cell cap_pdb_parallel_compact_allocation_engine.$or$cap_pdb_parallel_compact_engine.sv:156$2034 ($or).
Removed top 16 bits (of 32) from port A of cell cap_pdb_parallel_compact_allocation_engine.$or$cap_pdb_parallel_compact_engine.sv:160$2038 ($or).
Removed top 1 bits (of 32) from port A of cell cap_pdb_parallel_compact_allocation_engine.$or$cap_pdb_parallel_compact_engine.sv:144$2056 ($or).
Removed top 2 bits (of 32) from port A of cell cap_pdb_parallel_compact_allocation_engine.$or$cap_pdb_parallel_compact_engine.sv:148$2062 ($or).
Removed top 4 bits (of 32) from port A of cell cap_pdb_parallel_compact_allocation_engine.$or$cap_pdb_parallel_compact_engine.sv:152$2068 ($or).
Removed top 8 bits (of 32) from port A of cell cap_pdb_parallel_compact_allocation_engine.$or$cap_pdb_parallel_compact_engine.sv:156$2074 ($or).
Removed top 16 bits (of 32) from port A of cell cap_pdb_parallel_compact_allocation_engine.$or$cap_pdb_parallel_compact_engine.sv:160$2078 ($or).
Removed top 1 bits (of 32) from port A of cell cap_pdb_parallel_compact_allocation_engine.$or$cap_pdb_parallel_compact_engine.sv:144$2096 ($or).
Removed top 2 bits (of 32) from port A of cell cap_pdb_parallel_compact_allocation_engine.$or$cap_pdb_parallel_compact_engine.sv:148$2102 ($or).
Removed top 4 bits (of 32) from port A of cell cap_pdb_parallel_compact_allocation_engine.$or$cap_pdb_parallel_compact_engine.sv:152$2108 ($or).
Removed top 8 bits (of 32) from port A of cell cap_pdb_parallel_compact_allocation_engine.$or$cap_pdb_parallel_compact_engine.sv:156$2114 ($or).
Removed top 16 bits (of 32) from port A of cell cap_pdb_parallel_compact_allocation_engine.$or$cap_pdb_parallel_compact_engine.sv:160$2118 ($or).
Removed top 1 bits (of 32) from port A of cell cap_pdb_parallel_compact_allocation_engine.$or$cap_pdb_parallel_compact_engine.sv:144$2136 ($or).
Removed top 2 bits (of 32) from port A of cell cap_pdb_parallel_compact_allocation_engine.$or$cap_pdb_parallel_compact_engine.sv:148$2142 ($or).
Removed top 4 bits (of 32) from port A of cell cap_pdb_parallel_compact_allocation_engine.$or$cap_pdb_parallel_compact_engine.sv:152$2148 ($or).
Removed top 8 bits (of 32) from port A of cell cap_pdb_parallel_compact_allocation_engine.$or$cap_pdb_parallel_compact_engine.sv:156$2154 ($or).
Removed top 16 bits (of 32) from port A of cell cap_pdb_parallel_compact_allocation_engine.$or$cap_pdb_parallel_compact_engine.sv:160$2158 ($or).
Removed top 1 bits (of 32) from port A of cell cap_pdb_parallel_compact_allocation_engine.$or$cap_pdb_parallel_compact_engine.sv:144$2176 ($or).
Removed top 2 bits (of 32) from port A of cell cap_pdb_parallel_compact_allocation_engine.$or$cap_pdb_parallel_compact_engine.sv:148$2182 ($or).
Removed top 4 bits (of 32) from port A of cell cap_pdb_parallel_compact_allocation_engine.$or$cap_pdb_parallel_compact_engine.sv:152$2188 ($or).
Removed top 8 bits (of 32) from port A of cell cap_pdb_parallel_compact_allocation_engine.$or$cap_pdb_parallel_compact_engine.sv:156$2194 ($or).
Removed top 16 bits (of 32) from port A of cell cap_pdb_parallel_compact_allocation_engine.$or$cap_pdb_parallel_compact_engine.sv:160$2198 ($or).
Removed top 1 bits (of 24) from wire cap_pdb_parallel_compact_allocation_engine.$add$cap_pdb_parallel_compact_engine.sv:245$1597_Y.
Removed top 2 bits (of 24) from wire cap_pdb_parallel_compact_allocation_engine.$add$cap_pdb_parallel_compact_engine.sv:245$1594_Y.
Removed top 3 bits (of 24) from wire cap_pdb_parallel_compact_allocation_engine.$add$cap_pdb_parallel_compact_engine.sv:245$1591_Y.
Removed top 4 bits (of 24) from wire cap_pdb_parallel_compact_allocation_engine.$add$cap_pdb_parallel_compact_engine.sv:245$1588_Y.
Removed top 5 bits (of 24) from wire cap_pdb_parallel_compact_allocation_engine.$add$cap_pdb_parallel_compact_engine.sv:245$1585_Y.
Removed top 6 bits (of 24) from wire cap_pdb_parallel_compact_allocation_engine.$add$cap_pdb_parallel_compact_engine.sv:245$1582_Y.
Removed top 7 bits (of 24) from wire cap_pdb_parallel_compact_allocation_engine.$add$cap_pdb_parallel_compact_engine.sv:245$1579_Y.

5.14. Executing PEEPOPT pass (run peephole optimizers).

5.15. Executing OPT_CLEAN pass (remove unused cells and wires).
Finding unused cells or wires in module \cap_pdb_parallel_compact_allocation_engine..
Finding unused cells or wires in module $paramod$cbc3189b30a0f0ae8c16e45df15b3f5a54303a8f\cap_pdb_masked_min32..
Finding unused cells or wires in module $paramod$b5bfe1d4fce40940586b6e35fec61194ae5a8fde\cap_pdb_state_wide_bank..
Removed 0 unused cells and 8 unused wires.
<suppressed ~1 debug messages>

5.16. Executing PMUX2SHIFTX pass.

5.17. Executing SORT pass.

5.18. Executing MEMORY_DFF pass (merging $dff cells to $memrd).
Checking read port `\memory'[0] in module `$paramod$b5bfe1d4fce40940586b6e35fec61194ae5a8fde\cap_pdb_state_wide_bank': merging output FF to cell.
    Write port 0: non-transparent.

5.19. Executing TECHMAP pass (map to technology primitives).

5.19.1. Executing Verilog-2005 frontend: /share/mul2dsp.v
Parsing Verilog input from `/share/mul2dsp.v' to AST representation.
Generating RTLIL representation for module `\_80_mul'.
Generating RTLIL representation for module `\_90_soft_mul'.
Successfully finished Verilog frontend.

5.19.2. Executing Verilog-2005 frontend: /share/xilinx/xc7_dsp_map.v
Parsing Verilog input from `/share/xilinx/xc7_dsp_map.v' to AST representation.
Generating RTLIL representation for module `$__MUL25X18'.
Successfully finished Verilog frontend.

5.19.3. Continuing TECHMAP pass.
No more expansions possible.
<suppressed ~5 debug messages>

5.20. Executing OPT_EXPR pass (perform const folding).

5.21. Executing WREDUCE pass (reducing word size of cells).

5.22. Executing XILINX_DSP pass (pack resources into DSPs).

5.23. Executing TECHMAP pass (map to technology primitives).

5.23.1. Executing Verilog-2005 frontend: /share/cmp2lut.v
Parsing Verilog input from `/share/cmp2lut.v' to AST representation.
Generating RTLIL representation for module `\_90_lut_cmp_'.
Successfully finished Verilog frontend.

5.23.2. Executing Verilog-2005 frontend: /share/cmp2lcu.v
Parsing Verilog input from `/share/cmp2lcu.v' to AST representation.
Generating RTLIL representation for module `\_80_lcu_cmp_'.
Generating RTLIL representation for module `$__CMP2LCU'.
Successfully finished Verilog frontend.

5.23.3. Continuing TECHMAP pass.
Using template $paramod$259894106d2ad198d0d04618b21dd2497b1cfb96\_80_lcu_cmp_ for cells of type $lt.
Using template $paramod$7471c16ccde3ba74bc45d1b0191ea15669d59841\_80_lcu_cmp_ for cells of type $gt.
Using template $paramod$7ba114902243d21bd55ce01b611b70b410e2e654$__CMP2LCU for cells of type $__CMP2LCU.
Using template $paramod$31b1a571242f9f4829f81336a5502c11fcf7a47e$__CMP2LCU for cells of type $__CMP2LCU.
Using template $paramod$7122c373bb4ab1d7b945a769762d7fa3026e99fd$__CMP2LCU for cells of type $__CMP2LCU.
Using template $paramod$68e7ca95ca1d435d5aa6b2e401153157bceeb4a1$__CMP2LCU for cells of type $__CMP2LCU.
Using template $paramod$1ce9fe9e230307a292c219ac14dd22cc37330d2f$__CMP2LCU for cells of type $__CMP2LCU.
Using template $paramod$0de3d8274f0197fb77c79bd31785e7ea6542f21b$__CMP2LCU for cells of type $__CMP2LCU.
Using template $paramod$84911796413521a630725231ea17edc1fc0dcf02$__CMP2LCU for cells of type $__CMP2LCU.
Using template $paramod$5eb4a0dbaf2222b6ef39dcca85e4741982855102$__CMP2LCU for cells of type $__CMP2LCU.
Using template $paramod$7c1994b5db40c652af589ec588d8f67a62bd9380$__CMP2LCU for cells of type $__CMP2LCU.
Using template $paramod$a60672850351e0dbeb479fc7362697b4565fb452$__CMP2LCU for cells of type $__CMP2LCU.
Using template $paramod$9c853ba77d3a615418bb2553d15b3c214f8d2525$__CMP2LCU for cells of type $__CMP2LCU.
Using template $paramod$cec77f66a4d8897a287b98157b2c8a8e9c5f9dd0$__CMP2LCU for cells of type $__CMP2LCU.
Using template $paramod$8157e526e0cb4739ae7b3fdd730271b7acde68f0$__CMP2LCU for cells of type $__CMP2LCU.
Using template $paramod$58cbbacf63264ad79714b909f7dcafd3ccbc957c$__CMP2LCU for cells of type $__CMP2LCU.
Using template $paramod$3163fe788e80b2c48455a5eff67ff379a8db8576$__CMP2LCU for cells of type $__CMP2LCU.
Using template $paramod$eb3e785e88f4d5608f1252b704619f0d061620e9$__CMP2LCU for cells of type $__CMP2LCU.
Using template $paramod$f91eb00affa8600780b6c3973d8a69ce06d163df$__CMP2LCU for cells of type $__CMP2LCU.
Using template $paramod$c3f23b5bb0a3ce78bf2fdfe159e34ea69a3cb907$__CMP2LCU for cells of type $__CMP2LCU.
Using template $paramod$5b6ae47d72852e5de4f8381bc51b0a64939f86a0$__CMP2LCU for cells of type $__CMP2LCU.
Using template $paramod$8260b90de545e2d4ced5fd3634cc52b27f0c4454$__CMP2LCU for cells of type $__CMP2LCU.
Using template $paramod$62fadfd2b95ee4a1ee0b935e9b4ba08c94989766$__CMP2LCU for cells of type $__CMP2LCU.
Using template $paramod$958978196da32f112a582668a1d7787b67706636$__CMP2LCU for cells of type $__CMP2LCU.
No more expansions possible.
<suppressed ~1655 debug messages>

5.24. Executing ALUMACC pass (create $alu and $macc cells).
Extracting $alu and $macc cells in module $paramod$b5bfe1d4fce40940586b6e35fec61194ae5a8fde\cap_pdb_state_wide_bank:
  created 0 $alu and 0 $macc cells.
Extracting $alu and $macc cells in module $paramod$cbc3189b30a0f0ae8c16e45df15b3f5a54303a8f\cap_pdb_masked_min32:
  created 0 $alu and 0 $macc cells.
Extracting $alu and $macc cells in module cap_pdb_parallel_compact_allocation_engine:
  creating $macc model for $add$cap_pdb_parallel_compact_engine.sv:218$1418 ($add).
  creating $macc model for $add$cap_pdb_parallel_compact_engine.sv:218$1424 ($add).
  creating $macc model for $add$cap_pdb_parallel_compact_engine.sv:218$1430 ($add).
  creating $macc model for $add$cap_pdb_parallel_compact_engine.sv:218$1436 ($add).
  creating $macc model for $add$cap_pdb_parallel_compact_engine.sv:218$1442 ($add).
  creating $macc model for $add$cap_pdb_parallel_compact_engine.sv:218$1448 ($add).
  creating $macc model for $add$cap_pdb_parallel_compact_engine.sv:218$1454 ($add).
  creating $macc model for $add$cap_pdb_parallel_compact_engine.sv:218$1460 ($add).
  creating $macc model for $add$cap_pdb_parallel_compact_engine.sv:218$1466 ($add).
  creating $macc model for $add$cap_pdb_parallel_compact_engine.sv:218$1472 ($add).
  creating $macc model for $add$cap_pdb_parallel_compact_engine.sv:218$1478 ($add).
  creating $macc model for $add$cap_pdb_parallel_compact_engine.sv:218$1484 ($add).
  creating $macc model for $add$cap_pdb_parallel_compact_engine.sv:218$1490 ($add).
  creating $macc model for $add$cap_pdb_parallel_compact_engine.sv:218$1496 ($add).
  creating $macc model for $add$cap_pdb_parallel_compact_engine.sv:218$1502 ($add).
  creating $macc model for $add$cap_pdb_parallel_compact_engine.sv:218$1508 ($add).
  creating $macc model for $add$cap_pdb_parallel_compact_engine.sv:218$1514 ($add).
  creating $macc model for $add$cap_pdb_parallel_compact_engine.sv:218$1520 ($add).
  creating $macc model for $add$cap_pdb_parallel_compact_engine.sv:218$1526 ($add).
  creating $macc model for $add$cap_pdb_parallel_compact_engine.sv:218$1532 ($add).
  creating $macc model for $add$cap_pdb_parallel_compact_engine.sv:218$1538 ($add).
  creating $macc model for $add$cap_pdb_parallel_compact_engine.sv:218$1544 ($add).
  creating $macc model for $add$cap_pdb_parallel_compact_engine.sv:218$1550 ($add).
  creating $macc model for $add$cap_pdb_parallel_compact_engine.sv:218$1556 ($add).
  creating $macc model for $add$cap_pdb_parallel_compact_engine.sv:218$1562 ($add).
  creating $macc model for $add$cap_pdb_parallel_compact_engine.sv:218$1568 ($add).
  creating $macc model for $add$cap_pdb_parallel_compact_engine.sv:245$1579 ($add).
  creating $macc model for $add$cap_pdb_parallel_compact_engine.sv:245$1582 ($add).
  creating $macc model for $add$cap_pdb_parallel_compact_engine.sv:245$1585 ($add).
  creating $macc model for $add$cap_pdb_parallel_compact_engine.sv:245$1588 ($add).
  creating $macc model for $add$cap_pdb_parallel_compact_engine.sv:245$1591 ($add).
  creating $macc model for $add$cap_pdb_parallel_compact_engine.sv:245$1594 ($add).
  creating $macc model for $add$cap_pdb_parallel_compact_engine.sv:245$1597 ($add).
  creating $macc model for $add$cap_pdb_parallel_compact_engine.sv:245$1600 ($add).
  creating $macc model for $add$cap_pdb_parallel_compact_engine.sv:245$1603 ($add).
  creating $macc model for $add$cap_pdb_parallel_compact_engine.sv:245$1606 ($add).
  creating $macc model for $add$cap_pdb_parallel_compact_engine.sv:245$1609 ($add).
  creating $macc model for $add$cap_pdb_parallel_compact_engine.sv:245$1612 ($add).
  creating $macc model for $add$cap_pdb_parallel_compact_engine.sv:264$1614 ($add).
  creating $macc model for $add$cap_pdb_parallel_compact_engine.sv:166$1415 ($add).
  merging $macc model for $add$cap_pdb_parallel_compact_engine.sv:245$1609 into $add$cap_pdb_parallel_compact_engine.sv:245$1612.
  merging $macc model for $add$cap_pdb_parallel_compact_engine.sv:245$1606 into $add$cap_pdb_parallel_compact_engine.sv:245$1612.
  merging $macc model for $add$cap_pdb_parallel_compact_engine.sv:245$1603 into $add$cap_pdb_parallel_compact_engine.sv:245$1612.
  merging $macc model for $add$cap_pdb_parallel_compact_engine.sv:245$1600 into $add$cap_pdb_parallel_compact_engine.sv:245$1612.
  merging $macc model for $add$cap_pdb_parallel_compact_engine.sv:245$1597 into $add$cap_pdb_parallel_compact_engine.sv:245$1612.
  merging $macc model for $add$cap_pdb_parallel_compact_engine.sv:245$1594 into $add$cap_pdb_parallel_compact_engine.sv:245$1612.
  merging $macc model for $add$cap_pdb_parallel_compact_engine.sv:245$1591 into $add$cap_pdb_parallel_compact_engine.sv:245$1612.
  merging $macc model for $add$cap_pdb_parallel_compact_engine.sv:245$1588 into $add$cap_pdb_parallel_compact_engine.sv:245$1612.
  merging $macc model for $add$cap_pdb_parallel_compact_engine.sv:245$1585 into $add$cap_pdb_parallel_compact_engine.sv:245$1612.
  merging $macc model for $add$cap_pdb_parallel_compact_engine.sv:245$1582 into $add$cap_pdb_parallel_compact_engine.sv:245$1612.
  merging $macc model for $add$cap_pdb_parallel_compact_engine.sv:245$1579 into $add$cap_pdb_parallel_compact_engine.sv:245$1612.
  creating $alu model for $macc $add$cap_pdb_parallel_compact_engine.sv:264$1614.
  creating $alu model for $macc $add$cap_pdb_parallel_compact_engine.sv:166$1415.
  creating $alu model for $macc $add$cap_pdb_parallel_compact_engine.sv:218$1568.
  creating $alu model for $macc $add$cap_pdb_parallel_compact_engine.sv:218$1562.
  creating $alu model for $macc $add$cap_pdb_parallel_compact_engine.sv:218$1556.
  creating $alu model for $macc $add$cap_pdb_parallel_compact_engine.sv:218$1550.
  creating $alu model for $macc $add$cap_pdb_parallel_compact_engine.sv:218$1544.
  creating $alu model for $macc $add$cap_pdb_parallel_compact_engine.sv:218$1538.
  creating $alu model for $macc $add$cap_pdb_parallel_compact_engine.sv:218$1532.
  creating $alu model for $macc $add$cap_pdb_parallel_compact_engine.sv:218$1526.
  creating $alu model for $macc $add$cap_pdb_parallel_compact_engine.sv:218$1520.
  creating $alu model for $macc $add$cap_pdb_parallel_compact_engine.sv:218$1514.
  creating $alu model for $macc $add$cap_pdb_parallel_compact_engine.sv:218$1508.
  creating $alu model for $macc $add$cap_pdb_parallel_compact_engine.sv:218$1502.
  creating $alu model for $macc $add$cap_pdb_parallel_compact_engine.sv:218$1496.
  creating $alu model for $macc $add$cap_pdb_parallel_compact_engine.sv:218$1490.
  creating $alu model for $macc $add$cap_pdb_parallel_compact_engine.sv:218$1484.
  creating $alu model for $macc $add$cap_pdb_parallel_compact_engine.sv:218$1478.
  creating $alu model for $macc $add$cap_pdb_parallel_compact_engine.sv:218$1472.
  creating $alu model for $macc $add$cap_pdb_parallel_compact_engine.sv:218$1466.
  creating $alu model for $macc $add$cap_pdb_parallel_compact_engine.sv:218$1460.
  creating $alu model for $macc $add$cap_pdb_parallel_compact_engine.sv:218$1454.
  creating $alu model for $macc $add$cap_pdb_parallel_compact_engine.sv:218$1448.
  creating $alu model for $macc $add$cap_pdb_parallel_compact_engine.sv:218$1442.
  creating $alu model for $macc $add$cap_pdb_parallel_compact_engine.sv:218$1436.
  creating $alu model for $macc $add$cap_pdb_parallel_compact_engine.sv:218$1430.
  creating $alu model for $macc $add$cap_pdb_parallel_compact_engine.sv:218$1424.
  creating $alu model for $macc $add$cap_pdb_parallel_compact_engine.sv:218$1418.
  creating $macc cell for $add$cap_pdb_parallel_compact_engine.sv:245$1612: $auto$alumacc.cc:382:replace_macc$5863
  creating $alu cell for $add$cap_pdb_parallel_compact_engine.sv:218$1418: $auto$alumacc.cc:512:replace_alu$5864
  creating $alu cell for $add$cap_pdb_parallel_compact_engine.sv:218$1424: $auto$alumacc.cc:512:replace_alu$5867
  creating $alu cell for $add$cap_pdb_parallel_compact_engine.sv:218$1430: $auto$alumacc.cc:512:replace_alu$5870
  creating $alu cell for $add$cap_pdb_parallel_compact_engine.sv:218$1436: $auto$alumacc.cc:512:replace_alu$5873
  creating $alu cell for $add$cap_pdb_parallel_compact_engine.sv:218$1442: $auto$alumacc.cc:512:replace_alu$5876
  creating $alu cell for $add$cap_pdb_parallel_compact_engine.sv:218$1448: $auto$alumacc.cc:512:replace_alu$5879
  creating $alu cell for $add$cap_pdb_parallel_compact_engine.sv:218$1454: $auto$alumacc.cc:512:replace_alu$5882
  creating $alu cell for $add$cap_pdb_parallel_compact_engine.sv:218$1460: $auto$alumacc.cc:512:replace_alu$5885
  creating $alu cell for $add$cap_pdb_parallel_compact_engine.sv:218$1466: $auto$alumacc.cc:512:replace_alu$5888
  creating $alu cell for $add$cap_pdb_parallel_compact_engine.sv:218$1472: $auto$alumacc.cc:512:replace_alu$5891
  creating $alu cell for $add$cap_pdb_parallel_compact_engine.sv:218$1478: $auto$alumacc.cc:512:replace_alu$5894
  creating $alu cell for $add$cap_pdb_parallel_compact_engine.sv:218$1484: $auto$alumacc.cc:512:replace_alu$5897
  creating $alu cell for $add$cap_pdb_parallel_compact_engine.sv:218$1490: $auto$alumacc.cc:512:replace_alu$5900
  creating $alu cell for $add$cap_pdb_parallel_compact_engine.sv:218$1496: $auto$alumacc.cc:512:replace_alu$5903
  creating $alu cell for $add$cap_pdb_parallel_compact_engine.sv:218$1502: $auto$alumacc.cc:512:replace_alu$5906
  creating $alu cell for $add$cap_pdb_parallel_compact_engine.sv:218$1508: $auto$alumacc.cc:512:replace_alu$5909
  creating $alu cell for $add$cap_pdb_parallel_compact_engine.sv:218$1514: $auto$alumacc.cc:512:replace_alu$5912
  creating $alu cell for $add$cap_pdb_parallel_compact_engine.sv:218$1520: $auto$alumacc.cc:512:replace_alu$5915
  creating $alu cell for $add$cap_pdb_parallel_compact_engine.sv:218$1526: $auto$alumacc.cc:512:replace_alu$5918
  creating $alu cell for $add$cap_pdb_parallel_compact_engine.sv:218$1532: $auto$alumacc.cc:512:replace_alu$5921
  creating $alu cell for $add$cap_pdb_parallel_compact_engine.sv:218$1538: $auto$alumacc.cc:512:replace_alu$5924
  creating $alu cell for $add$cap_pdb_parallel_compact_engine.sv:218$1544: $auto$alumacc.cc:512:replace_alu$5927
  creating $alu cell for $add$cap_pdb_parallel_compact_engine.sv:218$1550: $auto$alumacc.cc:512:replace_alu$5930
  creating $alu cell for $add$cap_pdb_parallel_compact_engine.sv:218$1556: $auto$alumacc.cc:512:replace_alu$5933
  creating $alu cell for $add$cap_pdb_parallel_compact_engine.sv:218$1562: $auto$alumacc.cc:512:replace_alu$5936
  creating $alu cell for $add$cap_pdb_parallel_compact_engine.sv:218$1568: $auto$alumacc.cc:512:replace_alu$5939
  creating $alu cell for $add$cap_pdb_parallel_compact_engine.sv:166$1415: $auto$alumacc.cc:512:replace_alu$5942
  creating $alu cell for $add$cap_pdb_parallel_compact_engine.sv:264$1614: $auto$alumacc.cc:512:replace_alu$5945
  created 28 $alu and 1 $macc cells.

5.25. Executing SHARE pass (SAT-based resource sharing).

5.26. Executing OPT pass (performing simple optimizations).

5.26.1. Executing OPT_EXPR pass (perform const folding).
Optimizing module $paramod$b5bfe1d4fce40940586b6e35fec61194ae5a8fde\cap_pdb_state_wide_bank.
Optimizing module $paramod$cbc3189b30a0f0ae8c16e45df15b3f5a54303a8f\cap_pdb_masked_min32.
<suppressed ~527 debug messages>
Optimizing module cap_pdb_parallel_compact_allocation_engine.
<suppressed ~221 debug messages>

5.26.2. Executing OPT_MERGE pass (detect identical cells).
Finding identical cells in module `$paramod$b5bfe1d4fce40940586b6e35fec61194ae5a8fde\cap_pdb_state_wide_bank'.
Computing hashes of 6 cells of `$paramod$b5bfe1d4fce40940586b6e35fec61194ae5a8fde\cap_pdb_state_wide_bank'.
Finding duplicate cells in `$paramod$b5bfe1d4fce40940586b6e35fec61194ae5a8fde\cap_pdb_state_wide_bank'.
Finding identical cells in module `$paramod$cbc3189b30a0f0ae8c16e45df15b3f5a54303a8f\cap_pdb_masked_min32'.
Computing hashes of 2512 cells of `$paramod$cbc3189b30a0f0ae8c16e45df15b3f5a54303a8f\cap_pdb_masked_min32'.
Finding duplicate cells in `$paramod$cbc3189b30a0f0ae8c16e45df15b3f5a54303a8f\cap_pdb_masked_min32'.
Finding identical cells in module `\cap_pdb_parallel_compact_allocation_engine'.
Computing hashes of 1557 cells of `\cap_pdb_parallel_compact_allocation_engine'.
Finding duplicate cells in `\cap_pdb_parallel_compact_allocation_engine'.
Removed a total of 0 cells.

5.26.3. Executing OPT_MUXTREE pass (detect dead branches in mux trees).
Running muxtree optimizer on module $paramod$b5bfe1d4fce40940586b6e35fec61194ae5a8fde\cap_pdb_state_wide_bank..
  Creating internal representation of mux trees.
  Evaluating internal representation of mux trees.
  Analyzing evaluation results.
Running muxtree optimizer on module $paramod$cbc3189b30a0f0ae8c16e45df15b3f5a54303a8f\cap_pdb_masked_min32..
  Creating internal representation of mux trees.
  Evaluating internal representation of mux trees.
  Analyzing evaluation results.
Running muxtree optimizer on module \cap_pdb_parallel_compact_allocation_engine..
  Creating internal representation of mux trees.
  Evaluating internal representation of mux trees.
  Analyzing evaluation results.
Removed 0 multiplexer ports.
<suppressed ~409 debug messages>

5.26.4. Executing OPT_REDUCE pass (consolidate $*mux and $reduce_* inputs).
  Optimizing cells in module $paramod$b5bfe1d4fce40940586b6e35fec61194ae5a8fde\cap_pdb_state_wide_bank.
  Optimizing cells in module $paramod$cbc3189b30a0f0ae8c16e45df15b3f5a54303a8f\cap_pdb_masked_min32.
  Optimizing cells in module \cap_pdb_parallel_compact_allocation_engine.
Performed a total of 0 changes.

5.26.5. Executing OPT_MERGE pass (detect identical cells).
Finding identical cells in module `$paramod$b5bfe1d4fce40940586b6e35fec61194ae5a8fde\cap_pdb_state_wide_bank'.
Computing hashes of 6 cells of `$paramod$b5bfe1d4fce40940586b6e35fec61194ae5a8fde\cap_pdb_state_wide_bank'.
Finding duplicate cells in `$paramod$b5bfe1d4fce40940586b6e35fec61194ae5a8fde\cap_pdb_state_wide_bank'.
Finding identical cells in module `$paramod$cbc3189b30a0f0ae8c16e45df15b3f5a54303a8f\cap_pdb_masked_min32'.
Computing hashes of 2512 cells of `$paramod$cbc3189b30a0f0ae8c16e45df15b3f5a54303a8f\cap_pdb_masked_min32'.
Finding duplicate cells in `$paramod$cbc3189b30a0f0ae8c16e45df15b3f5a54303a8f\cap_pdb_masked_min32'.
Finding identical cells in module `\cap_pdb_parallel_compact_allocation_engine'.
Computing hashes of 1557 cells of `\cap_pdb_parallel_compact_allocation_engine'.
Finding duplicate cells in `\cap_pdb_parallel_compact_allocation_engine'.
Removed a total of 0 cells.

5.26.6. Executing OPT_DFF pass (perform DFF optimizations).

5.26.7. Executing OPT_CLEAN pass (remove unused cells and wires).
Finding unused cells or wires in module $paramod$b5bfe1d4fce40940586b6e35fec61194ae5a8fde\cap_pdb_state_wide_bank..
Finding unused cells or wires in module $paramod$cbc3189b30a0f0ae8c16e45df15b3f5a54303a8f\cap_pdb_masked_min32..
Finding unused cells or wires in module \cap_pdb_parallel_compact_allocation_engine..
Removed 12 unused cells and 9280 unused wires.
<suppressed ~15 debug messages>

5.26.8. Executing OPT_EXPR pass (perform const folding).
Optimizing module $paramod$b5bfe1d4fce40940586b6e35fec61194ae5a8fde\cap_pdb_state_wide_bank.
Optimizing module $paramod$cbc3189b30a0f0ae8c16e45df15b3f5a54303a8f\cap_pdb_masked_min32.
Optimizing module cap_pdb_parallel_compact_allocation_engine.

5.26.9. Rerunning OPT passes. (Maybe there is more to do..)

5.26.10. Executing OPT_MUXTREE pass (detect dead branches in mux trees).
Running muxtree optimizer on module $paramod$b5bfe1d4fce40940586b6e35fec61194ae5a8fde\cap_pdb_state_wide_bank..
  Creating internal representation of mux trees.
  Evaluating internal representation of mux trees.
  Analyzing evaluation results.
Running muxtree optimizer on module $paramod$cbc3189b30a0f0ae8c16e45df15b3f5a54303a8f\cap_pdb_masked_min32..
  Creating internal representation of mux trees.
  Evaluating internal representation of mux trees.
  Analyzing evaluation results.
Running muxtree optimizer on module \cap_pdb_parallel_compact_allocation_engine..
  Creating internal representation of mux trees.
  Evaluating internal representation of mux trees.
  Analyzing evaluation results.
Removed 0 multiplexer ports.
<suppressed ~409 debug messages>

5.26.11. Executing OPT_REDUCE pass (consolidate $*mux and $reduce_* inputs).
  Optimizing cells in module $paramod$b5bfe1d4fce40940586b6e35fec61194ae5a8fde\cap_pdb_state_wide_bank.
  Optimizing cells in module $paramod$cbc3189b30a0f0ae8c16e45df15b3f5a54303a8f\cap_pdb_masked_min32.
  Optimizing cells in module \cap_pdb_parallel_compact_allocation_engine.
Performed a total of 0 changes.

5.26.12. Executing OPT_MERGE pass (detect identical cells).
Finding identical cells in module `$paramod$b5bfe1d4fce40940586b6e35fec61194ae5a8fde\cap_pdb_state_wide_bank'.
Computing hashes of 5 cells of `$paramod$b5bfe1d4fce40940586b6e35fec61194ae5a8fde\cap_pdb_state_wide_bank'.
Finding duplicate cells in `$paramod$b5bfe1d4fce40940586b6e35fec61194ae5a8fde\cap_pdb_state_wide_bank'.
Finding identical cells in module `$paramod$cbc3189b30a0f0ae8c16e45df15b3f5a54303a8f\cap_pdb_masked_min32'.
Computing hashes of 2512 cells of `$paramod$cbc3189b30a0f0ae8c16e45df15b3f5a54303a8f\cap_pdb_masked_min32'.
Finding duplicate cells in `$paramod$cbc3189b30a0f0ae8c16e45df15b3f5a54303a8f\cap_pdb_masked_min32'.
Finding identical cells in module `\cap_pdb_parallel_compact_allocation_engine'.
Computing hashes of 1546 cells of `\cap_pdb_parallel_compact_allocation_engine'.
Finding duplicate cells in `\cap_pdb_parallel_compact_allocation_engine'.
Removed a total of 0 cells.

5.26.13. Executing OPT_DFF pass (perform DFF optimizations).

5.26.14. Executing OPT_CLEAN pass (remove unused cells and wires).
Finding unused cells or wires in module $paramod$b5bfe1d4fce40940586b6e35fec61194ae5a8fde\cap_pdb_state_wide_bank..
Finding unused cells or wires in module $paramod$cbc3189b30a0f0ae8c16e45df15b3f5a54303a8f\cap_pdb_masked_min32..
Finding unused cells or wires in module \cap_pdb_parallel_compact_allocation_engine..

5.26.15. Executing OPT_EXPR pass (perform const folding).
Optimizing module $paramod$b5bfe1d4fce40940586b6e35fec61194ae5a8fde\cap_pdb_state_wide_bank.
Optimizing module $paramod$cbc3189b30a0f0ae8c16e45df15b3f5a54303a8f\cap_pdb_masked_min32.
Optimizing module cap_pdb_parallel_compact_allocation_engine.

5.26.16. Finished fast OPT passes. (There is nothing left to do.)

5.27. Executing MEMORY pass.

5.27.1. Executing OPT_MEM pass (optimize memories).
Performed a total of 0 transformations.

5.27.2. Executing OPT_MEM_PRIORITY pass (removing unnecessary memory write priority relations).
Performed a total of 0 transformations.

5.27.3. Executing OPT_MEM_FEEDBACK pass (finding memory read-to-write feedback paths).

5.27.4. Executing MEMORY_BMUX2ROM pass (converting muxes to ROMs).

5.27.5. Executing MEMORY_DFF pass (merging $dff cells to $memrd).

5.27.6. Executing OPT_CLEAN pass (remove unused cells and wires).
Finding unused cells or wires in module $paramod$b5bfe1d4fce40940586b6e35fec61194ae5a8fde\cap_pdb_state_wide_bank..
Finding unused cells or wires in module $paramod$cbc3189b30a0f0ae8c16e45df15b3f5a54303a8f\cap_pdb_masked_min32..
Finding unused cells or wires in module \cap_pdb_parallel_compact_allocation_engine..

5.27.7. Executing MEMORY_SHARE pass (consolidating $memrd/$memwr cells).

5.27.8. Executing OPT_MEM_WIDEN pass (optimize memories where all ports are wide).
Performed a total of 0 transformations.

5.27.9. Executing OPT_CLEAN pass (remove unused cells and wires).
Finding unused cells or wires in module $paramod$b5bfe1d4fce40940586b6e35fec61194ae5a8fde\cap_pdb_state_wide_bank..
Finding unused cells or wires in module $paramod$cbc3189b30a0f0ae8c16e45df15b3f5a54303a8f\cap_pdb_masked_min32..
Finding unused cells or wires in module \cap_pdb_parallel_compact_allocation_engine..

5.27.10. Executing MEMORY_COLLECT pass (generating $mem cells).

5.28. Executing OPT_CLEAN pass (remove unused cells and wires).
Finding unused cells or wires in module $paramod$b5bfe1d4fce40940586b6e35fec61194ae5a8fde\cap_pdb_state_wide_bank..
Finding unused cells or wires in module $paramod$cbc3189b30a0f0ae8c16e45df15b3f5a54303a8f\cap_pdb_masked_min32..
Finding unused cells or wires in module \cap_pdb_parallel_compact_allocation_engine..

5.29. Executing MEMORY_LIBMAP pass (mapping memories to cells).
found attribute 'ram_style = block' on memory $paramod$b5bfe1d4fce40940586b6e35fec61194ae5a8fde\cap_pdb_state_wide_bank.memory, forced mapping to block RAM
mapping memory $paramod$b5bfe1d4fce40940586b6e35fec61194ae5a8fde\cap_pdb_state_wide_bank.memory via $__XILINX_BLOCKRAM_SDP_
<suppressed ~1490 debug messages>

5.30. Executing TECHMAP pass (map to technology primitives).

5.30.1. Executing Verilog-2005 frontend: /share/xilinx/lutrams_xc5v_map.v
Parsing Verilog input from `/share/xilinx/lutrams_xc5v_map.v' to AST representation.
Generating RTLIL representation for module `$__XILINX_LUTRAM_SP_'.
Generating RTLIL representation for module `$__XILINX_LUTRAM_DP_'.
Generating RTLIL representation for module `$__XILINX_LUTRAM_QP_'.
Generating RTLIL representation for module `$__XILINX_LUTRAM_OP_'.
Generating RTLIL representation for module `$__XILINX_LUTRAM_SDP_'.
Generating RTLIL representation for module `$__XILINX_LUTRAM_64X8SW_'.
Generating RTLIL representation for module `$__XILINX_LUTRAM_32X16DR8_'.
Successfully finished Verilog frontend.

5.30.2. Continuing TECHMAP pass.
No more expansions possible.
<suppressed ~9 debug messages>

5.31. Executing TECHMAP pass (map to technology primitives).

5.31.1. Executing Verilog-2005 frontend: /share/xilinx/brams_xc6v_map.v
Parsing Verilog input from `/share/xilinx/brams_xc6v_map.v' to AST representation.
Generating RTLIL representation for module `$__XILINX_BLOCKRAM_TDP_'.
Generating RTLIL representation for module `$__XILINX_BLOCKRAM_SDP_'.
Successfully finished Verilog frontend.

5.31.2. Continuing TECHMAP pass.
Using template $paramod$c1bd90735c5c5bb498202293dba419900b8a996d$__XILINX_BLOCKRAM_SDP_ for cells of type $__XILINX_BLOCKRAM_SDP_.
No more expansions possible.
<suppressed ~48 debug messages>

5.32. Executing OPT pass (performing simple optimizations).

5.32.1. Executing OPT_EXPR pass (perform const folding).
Optimizing module $paramod$b5bfe1d4fce40940586b6e35fec61194ae5a8fde\cap_pdb_state_wide_bank.
<suppressed ~3 debug messages>
Optimizing module $paramod$cbc3189b30a0f0ae8c16e45df15b3f5a54303a8f\cap_pdb_masked_min32.
Optimizing module cap_pdb_parallel_compact_allocation_engine.
<suppressed ~67 debug messages>

5.32.2. Executing OPT_MERGE pass (detect identical cells).
Finding identical cells in module `$paramod$b5bfe1d4fce40940586b6e35fec61194ae5a8fde\cap_pdb_state_wide_bank'.
Computing hashes of 15 cells of `$paramod$b5bfe1d4fce40940586b6e35fec61194ae5a8fde\cap_pdb_state_wide_bank'.
Finding duplicate cells in `$paramod$b5bfe1d4fce40940586b6e35fec61194ae5a8fde\cap_pdb_state_wide_bank'.
Finding identical cells in module `$paramod$cbc3189b30a0f0ae8c16e45df15b3f5a54303a8f\cap_pdb_masked_min32'.
Computing hashes of 2512 cells of `$paramod$cbc3189b30a0f0ae8c16e45df15b3f5a54303a8f\cap_pdb_masked_min32'.
Finding duplicate cells in `$paramod$cbc3189b30a0f0ae8c16e45df15b3f5a54303a8f\cap_pdb_masked_min32'.
Finding identical cells in module `\cap_pdb_parallel_compact_allocation_engine'.
Computing hashes of 1527 cells of `\cap_pdb_parallel_compact_allocation_engine'.
Finding duplicate cells in `\cap_pdb_parallel_compact_allocation_engine'.
Removed a total of 0 cells.

5.32.3. Executing OPT_DFF pass (perform DFF optimizations).

5.32.4. Executing OPT_CLEAN pass (remove unused cells and wires).
Finding unused cells or wires in module $paramod$b5bfe1d4fce40940586b6e35fec61194ae5a8fde\cap_pdb_state_wide_bank..
Finding unused cells or wires in module $paramod$cbc3189b30a0f0ae8c16e45df15b3f5a54303a8f\cap_pdb_masked_min32..
Finding unused cells or wires in module \cap_pdb_parallel_compact_allocation_engine..
Removed 0 unused cells and 279 unused wires.
<suppressed ~2 debug messages>

5.32.5. Finished fast OPT passes.

5.33. Executing MEMORY_MAP pass (converting memories to logic and flip-flops).

5.34. Executing OPT pass (performing simple optimizations).

5.34.1. Executing OPT_EXPR pass (perform const folding).
Optimizing module $paramod$b5bfe1d4fce40940586b6e35fec61194ae5a8fde\cap_pdb_state_wide_bank.
Optimizing module $paramod$cbc3189b30a0f0ae8c16e45df15b3f5a54303a8f\cap_pdb_masked_min32.
Optimizing module cap_pdb_parallel_compact_allocation_engine.
<suppressed ~1 debug messages>

5.34.2. Executing OPT_MERGE pass (detect identical cells).
Finding identical cells in module `$paramod$b5bfe1d4fce40940586b6e35fec61194ae5a8fde\cap_pdb_state_wide_bank'.
Computing hashes of 15 cells of `$paramod$b5bfe1d4fce40940586b6e35fec61194ae5a8fde\cap_pdb_state_wide_bank'.
Finding duplicate cells in `$paramod$b5bfe1d4fce40940586b6e35fec61194ae5a8fde\cap_pdb_state_wide_bank'.
Finding identical cells in module `$paramod$cbc3189b30a0f0ae8c16e45df15b3f5a54303a8f\cap_pdb_masked_min32'.
Computing hashes of 2512 cells of `$paramod$cbc3189b30a0f0ae8c16e45df15b3f5a54303a8f\cap_pdb_masked_min32'.
Finding duplicate cells in `$paramod$cbc3189b30a0f0ae8c16e45df15b3f5a54303a8f\cap_pdb_masked_min32'.
Finding identical cells in module `\cap_pdb_parallel_compact_allocation_engine'.
Computing hashes of 1527 cells of `\cap_pdb_parallel_compact_allocation_engine'.
Finding duplicate cells in `\cap_pdb_parallel_compact_allocation_engine'.
Computing hashes of 1526 cells of `\cap_pdb_parallel_compact_allocation_engine'.
Finding duplicate cells in `\cap_pdb_parallel_compact_allocation_engine'.
<suppressed ~3 debug messages>
Removed a total of 1 cells.

5.34.3. Executing OPT_MUXTREE pass (detect dead branches in mux trees).
Running muxtree optimizer on module $paramod$b5bfe1d4fce40940586b6e35fec61194ae5a8fde\cap_pdb_state_wide_bank..
  Creating internal representation of mux trees.
  No muxes found in this module.
Running muxtree optimizer on module $paramod$cbc3189b30a0f0ae8c16e45df15b3f5a54303a8f\cap_pdb_masked_min32..
  Creating internal representation of mux trees.
  Evaluating internal representation of mux trees.
  Analyzing evaluation results.
Running muxtree optimizer on module \cap_pdb_parallel_compact_allocation_engine..
  Creating internal representation of mux trees.
  Evaluating internal representation of mux trees.
  Analyzing evaluation results.
Removed 0 multiplexer ports.
<suppressed ~354 debug messages>

5.34.4. Executing OPT_REDUCE pass (consolidate $*mux and $reduce_* inputs).
  Optimizing cells in module $paramod$b5bfe1d4fce40940586b6e35fec61194ae5a8fde\cap_pdb_state_wide_bank.
  Optimizing cells in module $paramod$cbc3189b30a0f0ae8c16e45df15b3f5a54303a8f\cap_pdb_masked_min32.
  Optimizing cells in module \cap_pdb_parallel_compact_allocation_engine.
Performed a total of 0 changes.

5.34.5. Executing OPT_MERGE pass (detect identical cells).
Finding identical cells in module `$paramod$b5bfe1d4fce40940586b6e35fec61194ae5a8fde\cap_pdb_state_wide_bank'.
Computing hashes of 15 cells of `$paramod$b5bfe1d4fce40940586b6e35fec61194ae5a8fde\cap_pdb_state_wide_bank'.
Finding duplicate cells in `$paramod$b5bfe1d4fce40940586b6e35fec61194ae5a8fde\cap_pdb_state_wide_bank'.
Finding identical cells in module `$paramod$cbc3189b30a0f0ae8c16e45df15b3f5a54303a8f\cap_pdb_masked_min32'.
Computing hashes of 2512 cells of `$paramod$cbc3189b30a0f0ae8c16e45df15b3f5a54303a8f\cap_pdb_masked_min32'.
Finding duplicate cells in `$paramod$cbc3189b30a0f0ae8c16e45df15b3f5a54303a8f\cap_pdb_masked_min32'.
Finding identical cells in module `\cap_pdb_parallel_compact_allocation_engine'.
Computing hashes of 1526 cells of `\cap_pdb_parallel_compact_allocation_engine'.
Finding duplicate cells in `\cap_pdb_parallel_compact_allocation_engine'.
Removed a total of 0 cells.

5.34.6. Executing OPT_SHARE pass.

5.34.7. Executing OPT_DFF pass (perform DFF optimizations).

5.34.8. Executing OPT_CLEAN pass (remove unused cells and wires).
Finding unused cells or wires in module $paramod$b5bfe1d4fce40940586b6e35fec61194ae5a8fde\cap_pdb_state_wide_bank..
Finding unused cells or wires in module $paramod$cbc3189b30a0f0ae8c16e45df15b3f5a54303a8f\cap_pdb_masked_min32..
Finding unused cells or wires in module \cap_pdb_parallel_compact_allocation_engine..
Removed 0 unused cells and 1 unused wires.
<suppressed ~1 debug messages>

5.34.9. Executing OPT_EXPR pass (perform const folding).
Optimizing module $paramod$b5bfe1d4fce40940586b6e35fec61194ae5a8fde\cap_pdb_state_wide_bank.
Optimizing module $paramod$cbc3189b30a0f0ae8c16e45df15b3f5a54303a8f\cap_pdb_masked_min32.
Optimizing module cap_pdb_parallel_compact_allocation_engine.

5.34.10. Rerunning OPT passes. (Maybe there is more to do..)

5.34.11. Executing OPT_MUXTREE pass (detect dead branches in mux trees).
Running muxtree optimizer on module $paramod$b5bfe1d4fce40940586b6e35fec61194ae5a8fde\cap_pdb_state_wide_bank..
  Creating internal representation of mux trees.
  No muxes found in this module.
Running muxtree optimizer on module $paramod$cbc3189b30a0f0ae8c16e45df15b3f5a54303a8f\cap_pdb_masked_min32..
  Creating internal representation of mux trees.
  Evaluating internal representation of mux trees.
  Analyzing evaluation results.
Running muxtree optimizer on module \cap_pdb_parallel_compact_allocation_engine..
  Creating internal representation of mux trees.
  Evaluating internal representation of mux trees.
  Analyzing evaluation results.
Removed 0 multiplexer ports.
<suppressed ~354 debug messages>

5.34.12. Executing OPT_REDUCE pass (consolidate $*mux and $reduce_* inputs).
  Optimizing cells in module $paramod$b5bfe1d4fce40940586b6e35fec61194ae5a8fde\cap_pdb_state_wide_bank.
  Optimizing cells in module $paramod$cbc3189b30a0f0ae8c16e45df15b3f5a54303a8f\cap_pdb_masked_min32.
  Optimizing cells in module \cap_pdb_parallel_compact_allocation_engine.
Performed a total of 0 changes.

5.34.13. Executing OPT_MERGE pass (detect identical cells).
Finding identical cells in module `$paramod$b5bfe1d4fce40940586b6e35fec61194ae5a8fde\cap_pdb_state_wide_bank'.
Computing hashes of 15 cells of `$paramod$b5bfe1d4fce40940586b6e35fec61194ae5a8fde\cap_pdb_state_wide_bank'.
Finding duplicate cells in `$paramod$b5bfe1d4fce40940586b6e35fec61194ae5a8fde\cap_pdb_state_wide_bank'.
Finding identical cells in module `$paramod$cbc3189b30a0f0ae8c16e45df15b3f5a54303a8f\cap_pdb_masked_min32'.
Computing hashes of 2512 cells of `$paramod$cbc3189b30a0f0ae8c16e45df15b3f5a54303a8f\cap_pdb_masked_min32'.
Finding duplicate cells in `$paramod$cbc3189b30a0f0ae8c16e45df15b3f5a54303a8f\cap_pdb_masked_min32'.
Finding identical cells in module `\cap_pdb_parallel_compact_allocation_engine'.
Computing hashes of 1526 cells of `\cap_pdb_parallel_compact_allocation_engine'.
Finding duplicate cells in `\cap_pdb_parallel_compact_allocation_engine'.
Removed a total of 0 cells.

5.34.14. Executing OPT_SHARE pass.

5.34.15. Executing OPT_DFF pass (perform DFF optimizations).

5.34.16. Executing OPT_CLEAN pass (remove unused cells and wires).
Finding unused cells or wires in module $paramod$b5bfe1d4fce40940586b6e35fec61194ae5a8fde\cap_pdb_state_wide_bank..
Finding unused cells or wires in module $paramod$cbc3189b30a0f0ae8c16e45df15b3f5a54303a8f\cap_pdb_masked_min32..
Finding unused cells or wires in module \cap_pdb_parallel_compact_allocation_engine..

5.34.17. Executing OPT_EXPR pass (perform const folding).
Optimizing module $paramod$b5bfe1d4fce40940586b6e35fec61194ae5a8fde\cap_pdb_state_wide_bank.
Optimizing module $paramod$cbc3189b30a0f0ae8c16e45df15b3f5a54303a8f\cap_pdb_masked_min32.
Optimizing module cap_pdb_parallel_compact_allocation_engine.

5.34.18. Finished fast OPT passes. (There is nothing left to do.)

5.35. Executing XILINX_SRL pass (Xilinx shift register extraction).

5.36. Executing TECHMAP pass (map to technology primitives).

5.36.1. Executing Verilog-2005 frontend: /share/techmap.v
Parsing Verilog input from `/share/techmap.v' to AST representation.
Generating RTLIL representation for module `\_90_simplemap_bool_ops'.
Generating RTLIL representation for module `\_90_simplemap_reduce_ops'.
Generating RTLIL representation for module `\_90_simplemap_logic_ops'.
Generating RTLIL representation for module `\_90_simplemap_compare_ops'.
Generating RTLIL representation for module `\_90_simplemap_various'.
Generating RTLIL representation for module `\_90_simplemap_registers'.
Generating RTLIL representation for module `\_90_shift_ops_shr_shl_sshl_sshr'.
Generating RTLIL representation for module `\_90_shift_shiftx'.
Generating RTLIL representation for module `\_90_fa'.
Generating RTLIL representation for module `\_90_lcu_brent_kung'.
Generating RTLIL representation for module `\_90_alu'.
Generating RTLIL representation for module `\_90_macc'.
Generating RTLIL representation for module `\_90_alumacc'.
Generating RTLIL representation for module `$__div_mod_u'.
Generating RTLIL representation for module `$__div_mod_trunc'.
Generating RTLIL representation for module `\_90_div'.
Generating RTLIL representation for module `\_90_mod'.
Generating RTLIL representation for module `$__div_mod_floor'.
Generating RTLIL representation for module `\_90_divfloor'.
Generating RTLIL representation for module `\_90_modfloor'.
Generating RTLIL representation for module `\_90_pow'.
Generating RTLIL representation for module `\_90_demux'.
Generating RTLIL representation for module `\_90_lut'.
Generating RTLIL representation for module `$connect'.
Generating RTLIL representation for module `$input_port'.
Successfully finished Verilog frontend.

5.36.2. Executing Verilog-2005 frontend: /share/xilinx/arith_map.v
Parsing Verilog input from `/share/xilinx/arith_map.v' to AST representation.
Generating RTLIL representation for module `\_80_xilinx_lcu'.
Generating RTLIL representation for module `\_80_xilinx_alu'.
Successfully finished Verilog frontend.

5.36.3. Continuing TECHMAP pass.
Using template $paramod$817919053e360e32f1a00d067c5411f16a07f712\_80_xilinx_alu for cells of type $alu.
Using template $paramod$d735c1bd8e4aaeb55e846141d44dc1e2c1104582\_80_xilinx_alu for cells of type $alu.
Using extmapper maccmap for cells of type $macc_v2.
  add $1\final_group_minimum[15:0] (16 bits, unsigned)
  add \final_group_minimum (16 bits, unsigned)
  add $12\final_group_minimum[15:0] (16 bits, unsigned)
  add $11\final_group_minimum[15:0] (16 bits, unsigned)
  add $10\final_group_minimum[15:0] (16 bits, unsigned)
  add $9\final_group_minimum[15:0] (16 bits, unsigned)
  add $8\final_group_minimum[15:0] (16 bits, unsigned)
  add $7\final_group_minimum[15:0] (16 bits, unsigned)
  add $6\final_group_minimum[15:0] (16 bits, unsigned)
  add $5\final_group_minimum[15:0] (16 bits, unsigned)
  add $4\final_group_minimum[15:0] (16 bits, unsigned)
  add $3\final_group_minimum[15:0] (16 bits, unsigned)
  add $2\final_group_minimum[15:0] (16 bits, unsigned)
Using extmapper simplemap for cells of type $sdffe.
Using extmapper simplemap for cells of type $reduce_bool.
Using extmapper simplemap for cells of type $ne.
Using extmapper simplemap for cells of type $reduce_and.
Using extmapper simplemap for cells of type $sdff.
Using extmapper simplemap for cells of type $reduce_or.
Using extmapper simplemap for cells of type $not.
Using extmapper simplemap for cells of type $and.
Using extmapper simplemap for cells of type $eq.
Using extmapper simplemap for cells of type $logic_not.
Using extmapper simplemap for cells of type $dff.
Using extmapper simplemap for cells of type $or.
Using extmapper simplemap for cells of type $xnor.
Using template $paramod\_80_xilinx_lcu\WIDTH=s32'00000000000000000000000000000110 for cells of type $lcu.
Using extmapper simplemap for cells of type $logic_and.
Using extmapper simplemap for cells of type $mux.
Using template $paramod\_90_fa\WIDTH=32'00000000000000000000000000010000 for cells of type $fa.
Using template $paramod\_90_fa\WIDTH=32'00000000000000000000000000010001 for cells of type $fa.
Using template $paramod\_90_fa\WIDTH=32'00000000000000000000000000010010 for cells of type $fa.
Using template $paramod\_90_fa\WIDTH=32'00000000000000000000000000010011 for cells of type $fa.
Using template $paramod\_90_fa\WIDTH=32'00000000000000000000000000010100 for cells of type $fa.
Using template $paramod$ad0678f72e5eed11ec01a0c5d1190efdf3061355\_80_xilinx_alu for cells of type $alu.
Using extmapper simplemap for cells of type $pos.
Using extmapper simplemap for cells of type $xor.
No more expansions possible.
<suppressed ~4519 debug messages>

5.37. Executing OPT pass (performing simple optimizations).

5.37.1. Executing OPT_EXPR pass (perform const folding).
Optimizing module $paramod$b5bfe1d4fce40940586b6e35fec61194ae5a8fde\cap_pdb_state_wide_bank.
Optimizing module $paramod$cbc3189b30a0f0ae8c16e45df15b3f5a54303a8f\cap_pdb_masked_min32.
Optimizing module cap_pdb_parallel_compact_allocation_engine.
<suppressed ~4802 debug messages>

5.37.2. Executing OPT_MERGE pass (detect identical cells).
Finding identical cells in module `$paramod$b5bfe1d4fce40940586b6e35fec61194ae5a8fde\cap_pdb_state_wide_bank'.
Computing hashes of 15 cells of `$paramod$b5bfe1d4fce40940586b6e35fec61194ae5a8fde\cap_pdb_state_wide_bank'.
Finding duplicate cells in `$paramod$b5bfe1d4fce40940586b6e35fec61194ae5a8fde\cap_pdb_state_wide_bank'.
Finding identical cells in module `$paramod$cbc3189b30a0f0ae8c16e45df15b3f5a54303a8f\cap_pdb_masked_min32'.
Computing hashes of 3860 cells of `$paramod$cbc3189b30a0f0ae8c16e45df15b3f5a54303a8f\cap_pdb_masked_min32'.
Finding duplicate cells in `$paramod$cbc3189b30a0f0ae8c16e45df15b3f5a54303a8f\cap_pdb_masked_min32'.
Finding identical cells in module `\cap_pdb_parallel_compact_allocation_engine'.
Computing hashes of 11522 cells of `\cap_pdb_parallel_compact_allocation_engine'.
Finding duplicate cells in `\cap_pdb_parallel_compact_allocation_engine'.
Computing hashes of 11496 cells of `\cap_pdb_parallel_compact_allocation_engine'.
Finding duplicate cells in `\cap_pdb_parallel_compact_allocation_engine'.
Computing hashes of 11484 cells of `\cap_pdb_parallel_compact_allocation_engine'.
Finding duplicate cells in `\cap_pdb_parallel_compact_allocation_engine'.
<suppressed ~114 debug messages>
Removed a total of 38 cells.

5.37.3. Executing OPT_DFF pass (perform DFF optimizations).

5.37.4. Executing OPT_CLEAN pass (remove unused cells and wires).
Finding unused cells or wires in module $paramod$b5bfe1d4fce40940586b6e35fec61194ae5a8fde\cap_pdb_state_wide_bank..
Finding unused cells or wires in module $paramod$cbc3189b30a0f0ae8c16e45df15b3f5a54303a8f\cap_pdb_masked_min32..
Finding unused cells or wires in module \cap_pdb_parallel_compact_allocation_engine..
Removed 58 unused cells and 1500 unused wires.
<suppressed ~60 debug messages>

5.37.5. Finished fast OPT passes.

5.38. Executing IOPADMAP pass (mapping inputs/outputs to IO-PAD cells).
Mapping port cap_pdb_parallel_compact_allocation_engine.busy using OBUF.
Mapping port cap_pdb_parallel_compact_allocation_engine.clk using IBUF.
Mapping port cap_pdb_parallel_compact_allocation_engine.cycles using OBUF.
Mapping port cap_pdb_parallel_compact_allocation_engine.done using OBUF.
Mapping port cap_pdb_parallel_compact_allocation_engine.group_cost_sum using OBUF.
Mapping port cap_pdb_parallel_compact_allocation_engine.group_state using IBUF.
Mapping port cap_pdb_parallel_compact_allocation_engine.reachable_effects using IBUF.
Mapping port cap_pdb_parallel_compact_allocation_engine.right_weight using IBUF.
Mapping port cap_pdb_parallel_compact_allocation_engine.rst using IBUF.
Mapping port cap_pdb_parallel_compact_allocation_engine.start using IBUF.
Mapping port cap_pdb_parallel_compact_allocation_engine.table_wdata using IBUF.
Mapping port cap_pdb_parallel_compact_allocation_engine.table_we using IBUF.
Mapping port cap_pdb_parallel_compact_allocation_engine.table_wgroup using IBUF.
Mapping port cap_pdb_parallel_compact_allocation_engine.table_wrow using IBUF.
Mapping port cap_pdb_parallel_compact_allocation_engine.valid using OBUF.

5.39. Executing TECHMAP pass (map to technology primitives).

5.39.1. Executing Verilog-2005 frontend: /share/techmap.v
Parsing Verilog input from `/share/techmap.v' to AST representation.
Generating RTLIL representation for module `\_90_simplemap_bool_ops'.
Generating RTLIL representation for module `\_90_simplemap_reduce_ops'.
Generating RTLIL representation for module `\_90_simplemap_logic_ops'.
Generating RTLIL representation for module `\_90_simplemap_compare_ops'.
Generating RTLIL representation for module `\_90_simplemap_various'.
Generating RTLIL representation for module `\_90_simplemap_registers'.
Generating RTLIL representation for module `\_90_shift_ops_shr_shl_sshl_sshr'.
Generating RTLIL representation for module `\_90_shift_shiftx'.
Generating RTLIL representation for module `\_90_fa'.
Generating RTLIL representation for module `\_90_lcu_brent_kung'.
Generating RTLIL representation for module `\_90_alu'.
Generating RTLIL representation for module `\_90_macc'.
Generating RTLIL representation for module `\_90_alumacc'.
Generating RTLIL representation for module `$__div_mod_u'.
Generating RTLIL representation for module `$__div_mod_trunc'.
Generating RTLIL representation for module `\_90_div'.
Generating RTLIL representation for module `\_90_mod'.
Generating RTLIL representation for module `$__div_mod_floor'.
Generating RTLIL representation for module `\_90_divfloor'.
Generating RTLIL representation for module `\_90_modfloor'.
Generating RTLIL representation for module `\_90_pow'.
Generating RTLIL representation for module `\_90_demux'.
Generating RTLIL representation for module `\_90_lut'.
Generating RTLIL representation for module `$connect'.
Generating RTLIL representation for module `$input_port'.
Successfully finished Verilog frontend.

5.39.2. Executing Verilog-2005 frontend: /share/xilinx/cells_map.v
Parsing Verilog input from `/share/xilinx/cells_map.v' to AST representation.
Generating RTLIL representation for module `$__SHREG_'.
Generating RTLIL representation for module `$__XILINX_SHREG_'.
Generating RTLIL representation for module `$__XILINX_MUXF78'.
Successfully finished Verilog frontend.

5.39.3. Continuing TECHMAP pass.
No more expansions possible.
<suppressed ~80 debug messages>
Removed 0 unused cells and 1 unused wires.

5.40. Executing DFFLEGALIZE pass (convert FFs to types supported by the target).

5.41. Executing OPT_EXPR pass (perform const folding).
Optimizing module $paramod$b5bfe1d4fce40940586b6e35fec61194ae5a8fde\cap_pdb_state_wide_bank.
Optimizing module $paramod$cbc3189b30a0f0ae8c16e45df15b3f5a54303a8f\cap_pdb_masked_min32.
Optimizing module cap_pdb_parallel_compact_allocation_engine.

5.42. Executing ABC pass (technology mapping using ABC).

5.42.1. Extracting gate netlist of module `$paramod$b5bfe1d4fce40940586b6e35fec61194ae5a8fde\cap_pdb_state_wide_bank' to `<abc-temp-dir>/input.blif'..

5.42.1.1. Executed ABC.
Extracted 0 gates and 0 wires to a netlist network with 0 inputs and 0 outputs.
Don't call ABC as there is nothing to map.
Removing temp directory.

5.42.2. Extracting gate netlist of module `$paramod$cbc3189b30a0f0ae8c16e45df15b3f5a54303a8f\cap_pdb_masked_min32' to `<abc-temp-dir>/input.blif'..

5.42.2.1. Executed ABC.
Extracted 3798 gates and 4374 wires to a netlist network with 575 inputs and 388 outputs.
Running ABC script: <abc-temp-dir>/abc.script
ABC: ======== ABC command line "source <abc-temp-dir>/abc.script"
ABC: + read_blif <abc-temp-dir>/input.blif
ABC: + read_lut <abc-temp-dir>/lutdefs.txt
ABC: + strash
ABC: + &get -n
ABC: + &fraig -x
ABC: + &put
ABC: + scorr
ABC: Warning: The network is combinational (run "fraig" or "fraig_sweep").
ABC: + dc2
ABC: + dretime
ABC: + strash
ABC: + dch -f
ABC: + if
ABC: + mfs2
ABC: + write_blif <abc-temp-dir>/output.blif

5.42.2.2. Re-integrating ABC results.
ABC RESULTS:              $lut cells:     1137
ABC RESULTS:        internal signals:     3411
ABC RESULTS:           input signals:      575
ABC RESULTS:          output signals:      388
Removing temp directory.

5.42.3. Extracting gate netlist of module `\cap_pdb_parallel_compact_allocation_engine' to `<abc-temp-dir>/input.blif'..

5.42.3.1. Executed ABC.
Extracted 10486 gates and 12689 wires to a netlist network with 2201 inputs and 2092 outputs.
Running ABC script: <abc-temp-dir>/abc.script
ABC: ======== ABC command line "source <abc-temp-dir>/abc.script"
ABC: + read_blif <abc-temp-dir>/input.blif
ABC: + read_lut <abc-temp-dir>/lutdefs.txt
ABC: + strash
ABC: + &get -n
ABC: + &fraig -x
ABC: + &put
ABC: + scorr
ABC: Warning: The network is combinational (run "fraig" or "fraig_sweep").
ABC: + dc2
ABC: + dretime
ABC: + strash
ABC: + dch -f
ABC: + if
ABC: + mfs2
ABC: + write_blif <abc-temp-dir>/output.blif

5.42.3.2. Re-integrating ABC results.
ABC RESULTS:              $lut cells:     4454
ABC RESULTS:        internal signals:     8396
ABC RESULTS:           input signals:     2201
ABC RESULTS:          output signals:     2092
Removing temp directory.
Removing global temp directory.
Removed 0 unused cells and 7624 unused wires.

5.43. Executing TECHMAP pass (map to technology primitives).

5.43.1. Executing Verilog-2005 frontend: /share/xilinx/ff_map.v
Parsing Verilog input from `/share/xilinx/ff_map.v' to AST representation.
Generating RTLIL representation for module `$_DFFE_NP0P_'.
Generating RTLIL representation for module `$_DFFE_PP0P_'.
Generating RTLIL representation for module `$_DFFE_NP1P_'.
Generating RTLIL representation for module `$_DFFE_PP1P_'.
Generating RTLIL representation for module `$_DFFSRE_NPPP_'.
Generating RTLIL representation for module `$_DFFSRE_PPPP_'.
Generating RTLIL representation for module `$_SDFFE_NP0P_'.
Generating RTLIL representation for module `$_SDFFE_PP0P_'.
Generating RTLIL representation for module `$_SDFFE_NP1P_'.
Generating RTLIL representation for module `$_SDFFE_PP1P_'.
Generating RTLIL representation for module `$_DLATCH_NP0_'.
Generating RTLIL representation for module `$_DLATCH_PP0_'.
Generating RTLIL representation for module `$_DLATCH_NP1_'.
Generating RTLIL representation for module `$_DLATCH_PP1_'.
Generating RTLIL representation for module `$_DLATCH_NPP_'.
Generating RTLIL representation for module `$_DLATCH_PPP_'.
Successfully finished Verilog frontend.

5.43.2. Continuing TECHMAP pass.
Using template $paramod$_SDFFE_PP0P_\_TECHMAP_WIREINIT_Q_=1'x for cells of type $_SDFFE_PP0P_.
Using template $paramod$_SDFFE_PP1P_\_TECHMAP_WIREINIT_Q_=1'x for cells of type $_SDFFE_PP1P_.
No more expansions possible.
<suppressed ~710 debug messages>

5.44. Executing XILINX_SRL pass (Xilinx shift register extraction).

5.45. Executing TECHMAP pass (map to technology primitives).

5.45.1. Executing Verilog-2005 frontend: /share/xilinx/lut_map.v
Parsing Verilog input from `/share/xilinx/lut_map.v' to AST representation.
Generating RTLIL representation for module `$lut'.
Successfully finished Verilog frontend.

5.45.2. Executing Verilog-2005 frontend: /share/xilinx/cells_map.v
Parsing Verilog input from `/share/xilinx/cells_map.v' to AST representation.
Generating RTLIL representation for module `$__SHREG_'.
Generating RTLIL representation for module `$__XILINX_SHREG_'.
Generating RTLIL representation for module `$__XILINX_MUXF78'.
Successfully finished Verilog frontend.

5.45.3. Continuing TECHMAP pass.
Using template $paramod$lut\WIDTH=32'00000000000000000000000000000001\LUT=2'01 for cells of type $lut.
Using template $paramod$lut\WIDTH=32'00000000000000000000000000000011\LUT=8'11100000 for cells of type $lut.
Using template $paramod$lut\WIDTH=32'00000000000000000000000000000011\LUT=8'01010011 for cells of type $lut.
Using template $paramod$lut\WIDTH=32'00000000000000000000000000000011\LUT=8'00110101 for cells of type $lut.
Using template $paramod$fe4be41ca99978dcdb8f8c64fa471e60bfede3a5$lut for cells of type $lut.
Using template $paramod$lut\WIDTH=32'00000000000000000000000000000010\LUT=4'0001 for cells of type $lut.
Using template $paramod$lut\WIDTH=32'00000000000000000000000000000010\LUT=4'0100 for cells of type $lut.
Using template $paramod$371fe52b7730fd7254b5eb1e2c1182401575cbe8$lut for cells of type $lut.
Using template $paramod$3ef319efded008eed5f930491a82ee1762b3c0df$lut for cells of type $lut.
Using template $paramod$d2ef43814113ff73f9ebc73be6b7b228fcced45d$lut for cells of type $lut.
Using template $paramod$778cfa89a311116b4664a0be7522bd19e4c50232$lut for cells of type $lut.
Using template $paramod$eeed37ce45abdda29d3e180f2d1dfc0c4c376530$lut for cells of type $lut.
Using template $paramod$b6d7a549a2689b95d5fe0bd09af8c9a0f9304e36$lut for cells of type $lut.
Using template $paramod$8e34e782f9ef59eee1c50ab93ef54fb5ebb3e307$lut for cells of type $lut.
Using template $paramod$dc41e9665158f6caac97365e95c1c2f88dcb2656$lut for cells of type $lut.
Using template $paramod$20c5ad12ccc49d33d0222ea30b89634b120418ca$lut for cells of type $lut.
Using template $paramod$02eefd9b74acf66558bff242fcbe62a514559f6a$lut for cells of type $lut.
Using template $paramod$ea36bd5fe47297df065c2abf5033329f95c6a5a8$lut for cells of type $lut.
Using template $paramod$90687826ecc50762f08b06e0c2f0be8f8b42044c$lut for cells of type $lut.
Using template $paramod$345e594e3e86fb5714f53304e99d8ef40a9499ad$lut for cells of type $lut.
Using template $paramod$1de2313c6bda9264cd9ab91900297c11beaea855$lut for cells of type $lut.
Using template $paramod$0c6b5885c408d7fee7bdcd2b7a944e5e1af1ee0a$lut for cells of type $lut.
Using template $paramod$ee19d45db61acb4c70d938b97483a4ed4b792645$lut for cells of type $lut.
Using template $paramod$eba7de026ff587370e320127e266317dae097a89$lut for cells of type $lut.
Using template $paramod$658b9ed803f0d3d335616d3858b53e0a2522f1e8$lut for cells of type $lut.
Using template $paramod$200337237619ba4c0bed9a492562f1d1b57fb569$lut for cells of type $lut.
Using template $paramod$lut\WIDTH=32'00000000000000000000000000000011\LUT=8'01000000 for cells of type $lut.
Using template $paramod$9ae0f136c9ed34a2deb323e9b2a3a520eea61514$lut for cells of type $lut.
Using template $paramod$lut\WIDTH=32'00000000000000000000000000000011\LUT=8'00000001 for cells of type $lut.
Using template $paramod$9bdc414229f06e785dc8fd97a243faa9336e164a$lut for cells of type $lut.
Using template $paramod$a7dad16c080c08c1647c7e1b9706a59a123d8bcd$lut for cells of type $lut.
Using template $paramod$lut\WIDTH=32'00000000000000000000000000000010\LUT=4'1000 for cells of type $lut.
Using template $paramod$0168072450226b493f7201bdb9fc41a6a0b6f539$lut for cells of type $lut.
Using template $paramod$c362ad8dedc7d166ed978091aca319ab1e81a2d4$lut for cells of type $lut.
Using template $paramod$ba82fb3eadd5cbe40f1451e04a124c85f0c6bc85$lut for cells of type $lut.
Using template $paramod$9cf044275e70b6dc34d2f815a6f8ffc23f9694a0$lut for cells of type $lut.
Using template $paramod$6d6beead1425af15cf78b27fd9b11b41b5d4bce8$lut for cells of type $lut.
Using template $paramod$lut\WIDTH=32'00000000000000000000000000000011\LUT=8'00010000 for cells of type $lut.
Using template $paramod$016ffb95eb0e6c561cdb57f8627f6452eea71e92$lut for cells of type $lut.
Using template $paramod$973818279bc95792902f3c09371fd2407d04a2a5$lut for cells of type $lut.
Using template $paramod$lut\WIDTH=32'00000000000000000000000000000011\LUT=8'11001010 for cells of type $lut.
Using template $paramod$lut\WIDTH=32'00000000000000000000000000000010\LUT=4'1011 for cells of type $lut.
Using template $paramod$19ec49f31a8d230a567aa44ce3ea81a03c101e2b$lut for cells of type $lut.
Using template $paramod$lut\WIDTH=32'00000000000000000000000000000010\LUT=4'0111 for cells of type $lut.
Using template $paramod$0f3edd20afc2f657425fb3779201f5be4128c825$lut for cells of type $lut.
Using template $paramod$8b09f347504cfc0d3d65fbb4601497936543b1b3$lut for cells of type $lut.
Using template $paramod$lut\WIDTH=32'00000000000000000000000000000011\LUT=8'10000000 for cells of type $lut.
Using template $paramod$bf0916c6d7935eef0257c8c924841f67bcefce14$lut for cells of type $lut.
Using template $paramod$7bb6a37e65823eeb4b38c370fec30ab082759a14$lut for cells of type $lut.
Using template $paramod$7b9dc6156dd78b34b12ae10c2d6088528fc71207$lut for cells of type $lut.
Using template $paramod$33c889c5ce29efc68c22e553a6d1ad9caab4d534$lut for cells of type $lut.
Using template $paramod$6f9324703e8fcc3b6df2bc2bec54ec19a446ae96$lut for cells of type $lut.
Using template $paramod$33e58adf67c6b686a154c9ce8ebbc4b04b8cabc5$lut for cells of type $lut.
Using template $paramod$43779580bfffd5d5a9f321249a174febf1dac288$lut for cells of type $lut.
Using template $paramod$6344b6a9e05da861a196b83f80ce4c3a000333f6$lut for cells of type $lut.
Using template $paramod$6069048ea7c45159713a0558424cdfb243a46dfe$lut for cells of type $lut.
Using template $paramod$571404c0889eaf57f492cb5e37f8acb5df5852f9$lut for cells of type $lut.
Using template $paramod$c441dbd41fa7b52ce609b1fb3e8a706905598601$lut for cells of type $lut.
Using template $paramod$525425bfbe66d72ee88210d059d9a74f55ab8de8$lut for cells of type $lut.
Using template $paramod$251994398653c4cf8de320f1e306e535d5d2d624$lut for cells of type $lut.
Using template $paramod$055cca5c33be7071ea2c95c54d4ca51aff6c6dd5$lut for cells of type $lut.
Using template $paramod$61d5f9833e659b2370668b6682e0ad93b0b2100a$lut for cells of type $lut.
Using template $paramod$lut\WIDTH=32'00000000000000000000000000000011\LUT=8'00001011 for cells of type $lut.
Using template $paramod$34e4c5369e45fd857651d92213ac59cdcf3d383b$lut for cells of type $lut.
Using template $paramod$14121ddfc79b1e9d3996f60e48080fb38d5018a6$lut for cells of type $lut.
Using template $paramod$1a7a480486efc550211a507b6ca42c979ebb3016$lut for cells of type $lut.
Using template $paramod$8cf3f119651e436ed48e45999dcdec9bb3372a9f$lut for cells of type $lut.
Using template $paramod$c456a64fe19e989eb763ac6534d34857c12718a4$lut for cells of type $lut.
Using template $paramod$dd288559789a486d7438832e5bd9f8c547318dcd$lut for cells of type $lut.
Using template $paramod$lut\WIDTH=32'00000000000000000000000000000011\LUT=8'10110010 for cells of type $lut.
Using template $paramod$23ebc5c51572d16ec3720e55b06a82d3c49f3af3$lut for cells of type $lut.
Using template $paramod$0ac02ffab4ae75b52b79dc2fa0947f9130551292$lut for cells of type $lut.
Using template $paramod$1815623b7556098951f4c2b6e61dfa384c84803e$lut for cells of type $lut.
Using template $paramod$f29797211bbc10389ded87c140730bb0ac5b18c9$lut for cells of type $lut.
Using template $paramod$dd2d293c5a457c808823760e2678dc850c355143$lut for cells of type $lut.
Using template $paramod$5ddb3e5fd362fb03262a0c3580c337ff6002b4e8$lut for cells of type $lut.
Using template $paramod$lut\WIDTH=32'00000000000000000000000000000011\LUT=8'10010110 for cells of type $lut.
Using template $paramod$310c87a991b0f36860093cebb55ba9ba34046100$lut for cells of type $lut.
Using template $paramod$f20dc80df3124f54af6334db8b26a8ea5d2479fb$lut for cells of type $lut.
Using template $paramod$381c3e9e62e078f6a5f7656a7fadc1074682f468$lut for cells of type $lut.
Using template $paramod$759fefb288aec1bf12cae3223e8c59089c7fcc5c$lut for cells of type $lut.
Using template $paramod$lut\WIDTH=32'00000000000000000000000000000010\LUT=4'1001 for cells of type $lut.
Using template $paramod$f5c5f595015aee4de78d8a59fd7b7003b8956fde$lut for cells of type $lut.
Using template $paramod$891e76347cfefe738978394f6982e214e5561ae9$lut for cells of type $lut.
Using template $paramod$d109d40440ca8e9f4072b7969be85c7ea9f4efcb$lut for cells of type $lut.
Using template $paramod$f566830f99cc6cd86ae2ab05a8000341ee25af23$lut for cells of type $lut.
Using template $paramod$183442abdd94c2ce880811c0f17474d28c7e1987$lut for cells of type $lut.
Using template $paramod$3c7334fd59cb29254446299050bdd1fc7d99952f$lut for cells of type $lut.
Using template $paramod$9cd552b281440a2eaea0692c2f84b5233375d287$lut for cells of type $lut.
Using template $paramod$bcdebcacc8fc0d70b643c45f4d1674e885cf09ca$lut for cells of type $lut.
Using template $paramod$4cef69dc1889f0f79f23a0de0c4537b0a3c96b7e$lut for cells of type $lut.
Using template $paramod$ed056783c91223396f8bbc4430a7476e3326a2b9$lut for cells of type $lut.
Using template $paramod$ad5fa4c993dc43c3e00419e69284cb50b42316d6$lut for cells of type $lut.
Using template $paramod$lut\WIDTH=32'00000000000000000000000000000011\LUT=8'11101000 for cells of type $lut.
Using template $paramod$lut\WIDTH=32'00000000000000000000000000000011\LUT=8'01101001 for cells of type $lut.
Using template $paramod$lut\WIDTH=32'00000000000000000000000000000010\LUT=4'0110 for cells of type $lut.
Using template $paramod$6b88af12b57ed3e6382c9c3622c40d8a00fa4883$lut for cells of type $lut.
Using template $paramod$91a52896467950c4e4fe04611a762207930a69c8$lut for cells of type $lut.
Using template $paramod$e16b43a937d184108d0fd6b10ad564c9ce02b8fe$lut for cells of type $lut.
Using template $paramod$8ac5b9c4d4b4eaef537ed1dd03e76eff6d261ad3$lut for cells of type $lut.
Using template $paramod$8b8c544cce4549bea0cb3d7060a08479bf869058$lut for cells of type $lut.
Using template $paramod$5964dec528c7ded1ee9f528024feacf1107270a1$lut for cells of type $lut.
Using template $paramod$1a4987da337db4cee07843b638ea12feff347983$lut for cells of type $lut.
Using template $paramod$e958aef58dea1b912260cbf486d6db37a2443a47$lut for cells of type $lut.
Using template $paramod$c10962e8f1c82181a9b3d4d3c0d3608d2d0188de$lut for cells of type $lut.
Using template $paramod$b922726d44d6ae651b8a94be373a492021525920$lut for cells of type $lut.
Using template $paramod$ec8f389d3b0c4ac15bc66a5f07b2ffe4e8f89d74$lut for cells of type $lut.
Using template $paramod$452467d43e4b065d6cedb529792aa854b54ad305$lut for cells of type $lut.
Using template $paramod$e9da3de86f237bcb085ba1689fb89690cf1237d9$lut for cells of type $lut.
Using template $paramod$1f8dd3815e30dfa1d340c86d19e460ecbfad641b$lut for cells of type $lut.
Using template $paramod$8d9b43d756970f3f84c647110ec823e47bcf52c1$lut for cells of type $lut.
Using template $paramod$ae9b8abdb4f811ce37985dd5106af9cd21223954$lut for cells of type $lut.
Using template $paramod$97921bef99b13a183291ca393cc34eff844803a9$lut for cells of type $lut.
Using template $paramod$bdec683abe8d21ee6d29d173763bff1b2684738e$lut for cells of type $lut.
Using template $paramod$2d96af5a2c84d5bd062fd0a0eabe5499231e7dac$lut for cells of type $lut.
Using template $paramod$c1ecd13b5e2feb77a725850b71cc8207f7841c40$lut for cells of type $lut.
Using template $paramod$c70a1903c8f8afd45929a06a1a54552d774ce785$lut for cells of type $lut.
Using template $paramod$fd904e9e35cfd343a9df248824bd3f1408724879$lut for cells of type $lut.
Using template $paramod$f05d4b8888c79762c43743d193b4196209b4613e$lut for cells of type $lut.
Using template $paramod$bd0a0d477b0e63593ddffae65183e1cc71d34de7$lut for cells of type $lut.
Using template $paramod$21a9cf1c7cffed4ea7970972274e8bcced7c7005$lut for cells of type $lut.
Using template $paramod$2ea69c779d6c1b79ac5a87b0d1523c67d5628dba$lut for cells of type $lut.
Using template $paramod$4282def8dbd6df3d1248ad282c629bee684502c2$lut for cells of type $lut.
Using template $paramod$868427562418b5dc988caeac6a54689ec9c9025e$lut for cells of type $lut.
Using template $paramod$9d4f6d07a25f3fd6e69e2752945cb9ddf010c2ba$lut for cells of type $lut.
Using template $paramod$1f45c22d27982f156949cccd6f9677d67d0ae883$lut for cells of type $lut.
Using template $paramod$274d54d746ad898c0a412ccbe06ac81a83bb306e$lut for cells of type $lut.
Using template $paramod$77dc13b1a8ed1bd865492b5afa1235221533c43b$lut for cells of type $lut.
Using template $paramod$defbbf50bcfad578f02ddb444e6d9470b4ff7f3c$lut for cells of type $lut.
Using template $paramod$154bc29d4d27e3ea3fb8a1218357bc909c2b5a6c$lut for cells of type $lut.
Using template $paramod$9b1e825f0145a1d40c30fb3a0be5fa3e860a23e3$lut for cells of type $lut.
Using template $paramod$40b53a5781d3a7d27b8891148c3684c9fa71719d$lut for cells of type $lut.
Using template $paramod$f4cfcbb63a0d8245775432ef124f6f579617c995$lut for cells of type $lut.
Using template $paramod$9c10ca67e660fbc0157c86e157164e1b675de305$lut for cells of type $lut.
Using template $paramod$ba8fec3c1811cf88d03e9b6103b06fb923d318e6$lut for cells of type $lut.
Using template $paramod$7860c9a893007bd7aec1fbf6fc7d224de32105d3$lut for cells of type $lut.
Using template $paramod$6a72a5afa31e9c052b13830d50b22441394e48cc$lut for cells of type $lut.
Using template $paramod$51bae83709e53c13b4b502ae8fea14a5641a26b7$lut for cells of type $lut.
Using template $paramod$5ea586604f03ae89270aa8ded210640985dc87db$lut for cells of type $lut.
Using template $paramod$3bb60fccd8813787083fe4ba1c51c2bf9964dc14$lut for cells of type $lut.
Using template $paramod$5609204615a43e622ec643410bb23e15710a47e0$lut for cells of type $lut.
Using template $paramod$59d7ea02a43dfd9865348b00a7f7d1f2727dd353$lut for cells of type $lut.
Using template $paramod$57fd0020f714c9791c7a27db2261c41193e85962$lut for cells of type $lut.
Using template $paramod$d5b003ea6938e1f0e6cc25ad642e0e2f43870452$lut for cells of type $lut.
Using template $paramod$dfd57607b12cbcfa0282cd45553eece614a60bf8$lut for cells of type $lut.
Using template $paramod$692927e279b3d5c42ee4aacb287247c0b34943ed$lut for cells of type $lut.
Using template $paramod$a2b4ddfa3906001b2ef9f2414d79c3048f2a3a6e$lut for cells of type $lut.
Using template $paramod$1d70a4f9239695d913200642f4c4f845d4f794a4$lut for cells of type $lut.
Using template $paramod$162fef26d1af41d1c9a2e284a4968a0a9a312508$lut for cells of type $lut.
Using template $paramod$5f7acd58d1c2f3a0002c0112a4b3367969ec8768$lut for cells of type $lut.
Using template $paramod$06583bed2e2ece85f7f0e69f79e39ff231db83d1$lut for cells of type $lut.
Using template $paramod$cd8bd19f22a828e9ca9dbce8251af0e68cfabf09$lut for cells of type $lut.
Using template $paramod$a159c0ff2da5d34f36f6787f671370b4bd777fdf$lut for cells of type $lut.
Using template $paramod$eee6eccfe3d92dcac07af33b1b434992adb044fd$lut for cells of type $lut.
Using template $paramod$b407a19b9455785e82a7c3b8003ec7c939716514$lut for cells of type $lut.
Using template $paramod$9079c52aa509e5b7eff78e9eb4f6876b34bbec54$lut for cells of type $lut.
Using template $paramod$436da1ed4df9e383f770e19f097123d7f09097ba$lut for cells of type $lut.
Using template $paramod$1f1a15b33d612782bfc1a6aef538d832aecdd1b9$lut for cells of type $lut.
Using template $paramod$lut\WIDTH=32'00000000000000000000000000000011\LUT=8'10101100 for cells of type $lut.
Using template $paramod$a722f0f83de4cb9b1def5d088895df3f21e85509$lut for cells of type $lut.
Using template $paramod$ea88a06962d1884df863d9765f42571fd11bcb32$lut for cells of type $lut.
Using template $paramod$d9a4cfa05abc1158b901c98727274f245bd8b1a2$lut for cells of type $lut.
Using template $paramod$2360bc47b08d6f8b0c336c027432137bdcd778a1$lut for cells of type $lut.
Using template $paramod$c4385cb6d4bb7f89c2f072295bb3e30a5d438725$lut for cells of type $lut.
Using template $paramod$eb74b335dedae809bd0f3e8ac058c7aa4a539670$lut for cells of type $lut.
Using template $paramod$302751d338f9904d284740db4fe9cee5122b9419$lut for cells of type $lut.
Using template $paramod$fefdd18314f809f1ba4e6eeb86ebedbe26c2ce45$lut for cells of type $lut.
Using template $paramod$41326ad8644342a66dfb051d050f2b6fbf15015b$lut for cells of type $lut.
Using template $paramod$d142a891b33bac736e25ae2077c7a4d88b1a883d$lut for cells of type $lut.
Using template $paramod$d2845ee2da121e591069744d16cf238f53bde61d$lut for cells of type $lut.
Using template $paramod$90588117036ea9570e86c36002ea9705f0a8f776$lut for cells of type $lut.
Using template $paramod$08b18b26eeae24f49fe8b59aa26e66cd3e302419$lut for cells of type $lut.
Using template $paramod$95913469ad661c2be2ab77afbf6f8b3f95d69ea0$lut for cells of type $lut.
Using template $paramod$ce66c2d06a26d50d879ed8a9f41c99a3a12eb958$lut for cells of type $lut.
Using template $paramod$lut\WIDTH=32'00000000000000000000000000000011\LUT=8'10010000 for cells of type $lut.
Using template $paramod$c3f119ca459967416ee835056bcc76571d275d81$lut for cells of type $lut.
Using template $paramod$d4fae2c0d9ad2966369cd4e39b81c71bcd1327c9$lut for cells of type $lut.
Using template $paramod$0c3e774de9dd361dcefc4f2747cf32a3c22f2154$lut for cells of type $lut.
Using template $paramod$622ea16b335c699fafeb68bb04a9ce4e2bdfaae0$lut for cells of type $lut.
Using template $paramod$db50504a7d27c6a27ee7333920724d29ca86f385$lut for cells of type $lut.
Using template $paramod$fea2779a6ae24794d95013e9a9a897c12474221e$lut for cells of type $lut.
Using template $paramod$b34250cf522ee25aae0479c904244ad8eb6374cc$lut for cells of type $lut.
Using template $paramod$30828bd0296dc776d04e807f9570f839f8c1212e$lut for cells of type $lut.
Using template $paramod$2c67814f601655eca5f6ffd9555e719b198943e4$lut for cells of type $lut.
No more expansions possible.
<suppressed ~8387 debug messages>

5.46. Executing XILINX_DFFOPT pass (optimize FF control signal usage).
Optimizing FFs in $paramod$b5bfe1d4fce40940586b6e35fec61194ae5a8fde\cap_pdb_state_wide_bank.
Optimizing FFs in $paramod$cbc3189b30a0f0ae8c16e45df15b3f5a54303a8f\cap_pdb_masked_min32.
Optimizing FFs in cap_pdb_parallel_compact_allocation_engine.
  Merging D + CE LUTs for $auto$ff.cc:337:slice$6515/group_minimum[2] (2 -> 5)
  Merging D + CE LUTs for $auto$ff.cc:337:slice$6662/remaining[10] (3 -> 6)
  Merging D + CE LUTs for $auto$ff.cc:337:slice$6661/remaining[10] (3 -> 6)
  Merging D + CE LUTs for $auto$ff.cc:337:slice$6660/remaining[10] (3 -> 6)
  Merging D + CE LUTs for $auto$ff.cc:337:slice$6658/remaining[11] (3 -> 6)
  Merging D + CE LUTs for $auto$ff.cc:337:slice$6657/remaining[11] (3 -> 6)
  Merging D + CE LUTs for $auto$ff.cc:337:slice$6656/remaining[11] (3 -> 6)
  Merging D + CE LUTs for $auto$ff.cc:337:slice$6655/remaining[11] (4 -> 6)
  Merging D + CE LUTs for $auto$ff.cc:337:slice$6654/remaining[11] (3 -> 6)
  Merging D + CE LUTs for $auto$ff.cc:337:slice$6653/remaining[11] (3 -> 6)
  Merging D + CE LUTs for $auto$ff.cc:337:slice$6652/remaining[11] (3 -> 6)
  Merging D + CE LUTs for $auto$ff.cc:337:slice$6651/remaining[11] (3 -> 6)
  Merging D + CE LUTs for $auto$ff.cc:337:slice$6650/remaining[11] (3 -> 6)
  Merging D + CE LUTs for $auto$ff.cc:337:slice$6649/remaining[11] (3 -> 6)
  Merging D + CE LUTs for $auto$ff.cc:337:slice$6648/remaining[11] (3 -> 6)
  Merging D + CE LUTs for $auto$ff.cc:337:slice$6647/remaining[11] (4 -> 6)
  Merging D + CE LUTs for $auto$ff.cc:337:slice$6646/remaining[11] (3 -> 6)
  Merging D + CE LUTs for $auto$ff.cc:337:slice$6645/remaining[11] (3 -> 6)
  Merging D + CE LUTs for $auto$ff.cc:337:slice$6644/remaining[11] (3 -> 6)
  Merging D + CE LUTs for $auto$ff.cc:337:slice$6643/remaining[11] (3 -> 6)
  Merging D + CE LUTs for $auto$ff.cc:337:slice$6642/remaining[11] (3 -> 6)
  Merging D + CE LUTs for $auto$ff.cc:337:slice$6641/remaining[11] (3 -> 6)
  Merging D + CE LUTs for $auto$ff.cc:337:slice$6640/remaining[11] (3 -> 6)
  Merging D + CE LUTs for $auto$ff.cc:337:slice$6639/remaining[11] (3 -> 6)
  Merging D + CE LUTs for $auto$ff.cc:337:slice$6638/remaining[11] (3 -> 6)
  Merging D + CE LUTs for $auto$ff.cc:337:slice$6637/remaining[11] (3 -> 6)
  Merging D + CE LUTs for $auto$ff.cc:337:slice$6636/remaining[11] (3 -> 6)
  Merging D + CE LUTs for $auto$ff.cc:337:slice$6635/remaining[11] (3 -> 6)
  Merging D + CE LUTs for $auto$ff.cc:337:slice$6634/remaining[11] (3 -> 6)
  Merging D + CE LUTs for $auto$ff.cc:337:slice$6633/remaining[11] (3 -> 6)
  Merging D + CE LUTs for $auto$ff.cc:337:slice$6632/remaining[11] (3 -> 6)
  Merging D + CE LUTs for $auto$ff.cc:337:slice$6631/remaining[11] (3 -> 6)
  Merging D + CE LUTs for $auto$ff.cc:337:slice$6630/remaining[11] (3 -> 6)
  Merging D + CE LUTs for $auto$ff.cc:337:slice$6629/remaining[11] (3 -> 6)
  Merging D + CE LUTs for $auto$ff.cc:337:slice$6628/remaining[11] (4 -> 6)
  Merging D + CE LUTs for $auto$ff.cc:337:slice$6626/remaining[12] (3 -> 6)
  Merging D + CE LUTs for $auto$ff.cc:337:slice$6625/remaining[12] (3 -> 6)
  Merging D + CE LUTs for $auto$ff.cc:337:slice$6624/remaining[12] (3 -> 6)
  Merging D + CE LUTs for $auto$ff.cc:337:slice$6623/remaining[12] (3 -> 6)
  Merging D + CE LUTs for $auto$ff.cc:337:slice$6622/remaining[12] (3 -> 6)
  Merging D + CE LUTs for $auto$ff.cc:337:slice$6621/remaining[12] (3 -> 6)
  Merging D + CE LUTs for $auto$ff.cc:337:slice$6620/remaining[12] (3 -> 6)
  Merging D + CE LUTs for $auto$ff.cc:337:slice$6619/remaining[12] (3 -> 6)
  Merging D + CE LUTs for $auto$ff.cc:337:slice$6618/remaining[12] (3 -> 6)
  Merging D + CE LUTs for $auto$ff.cc:337:slice$6617/remaining[12] (3 -> 6)
  Merging D + CE LUTs for $auto$ff.cc:337:slice$6616/remaining[12] (3 -> 6)
  Merging D + CE LUTs for $auto$ff.cc:337:slice$6615/remaining[12] (3 -> 6)
  Merging D + CE LUTs for $auto$ff.cc:337:slice$6614/remaining[12] (3 -> 6)
  Merging D + CE LUTs for $auto$ff.cc:337:slice$6613/remaining[12] (3 -> 6)
  Merging D + CE LUTs for $auto$ff.cc:337:slice$6612/remaining[12] (4 -> 6)
  Merging D + CE LUTs for $auto$ff.cc:337:slice$6611/remaining[12] (3 -> 6)
  Merging D + CE LUTs for $auto$ff.cc:337:slice$6610/remaining[12] (3 -> 6)
  Merging D + CE LUTs for $auto$ff.cc:337:slice$6609/remaining[12] (3 -> 6)
  Merging D + CE LUTs for $auto$ff.cc:337:slice$6608/remaining[12] (3 -> 6)
  Merging D + CE LUTs for $auto$ff.cc:337:slice$6607/remaining[12] (3 -> 6)
  Merging D + CE LUTs for $auto$ff.cc:337:slice$6606/remaining[12] (3 -> 6)
  Merging D + CE LUTs for $auto$ff.cc:337:slice$6605/remaining[12] (3 -> 6)
  Merging D + CE LUTs for $auto$ff.cc:337:slice$6604/remaining[12] (3 -> 6)
  Merging D + CE LUTs for $auto$ff.cc:337:slice$6603/remaining[12] (3 -> 6)
  Merging D + CE LUTs for $auto$ff.cc:337:slice$6602/remaining[12] (3 -> 6)
  Merging D + CE LUTs for $auto$ff.cc:337:slice$6601/remaining[12] (3 -> 6)
  Merging D + CE LUTs for $auto$ff.cc:337:slice$6600/remaining[12] (3 -> 6)
  Merging D + CE LUTs for $auto$ff.cc:337:slice$6599/remaining[12] (3 -> 6)
  Merging D + CE LUTs for $auto$ff.cc:337:slice$6598/remaining[12] (3 -> 6)
  Merging D + CE LUTs for $auto$ff.cc:337:slice$6597/remaining[12] (3 -> 6)
  Merging D + CE LUTs for $auto$ff.cc:337:slice$6596/remaining[12] (3 -> 6)
  Merging D + CE LUTs for $auto$ff.cc:337:slice$6594/group_minimum[10] (2 -> 5)
  Merging D + CE LUTs for $auto$ff.cc:337:slice$6593/group_minimum[10] (2 -> 5)
  Merging D + CE LUTs for $auto$ff.cc:337:slice$6592/group_minimum[10] (2 -> 5)
  Merging D + CE LUTs for $auto$ff.cc:337:slice$6591/group_minimum[10] (2 -> 5)
  Merging D + CE LUTs for $auto$ff.cc:337:slice$6590/group_minimum[10] (2 -> 5)
  Merging D + CE LUTs for $auto$ff.cc:337:slice$6589/group_minimum[10] (2 -> 5)
  Merging D + CE LUTs for $auto$ff.cc:337:slice$6588/group_minimum[10] (2 -> 5)
  Merging D + CE LUTs for $auto$ff.cc:337:slice$6587/group_minimum[10] (2 -> 5)
  Merging D + CE LUTs for $auto$ff.cc:337:slice$6586/group_minimum[10] (2 -> 5)
  Merging D + CE LUTs for $auto$ff.cc:337:slice$6585/group_minimum[10] (2 -> 5)
  Merging D + CE LUTs for $auto$ff.cc:337:slice$6584/group_minimum[10] (2 -> 5)
  Merging D + CE LUTs for $auto$ff.cc:337:slice$6583/group_minimum[10] (2 -> 5)
  Merging D + CE LUTs for $auto$ff.cc:337:slice$6582/group_minimum[10] (2 -> 5)
  Merging D + CE LUTs for $auto$ff.cc:337:slice$6581/group_minimum[10] (2 -> 5)
  Merging D + CE LUTs for $auto$ff.cc:337:slice$6580/group_minimum[10] (2 -> 5)
  Merging D + CE LUTs for $auto$ff.cc:337:slice$6578/group_minimum[12] (2 -> 5)
  Merging D + CE LUTs for $auto$ff.cc:337:slice$6577/group_minimum[12] (2 -> 5)
  Merging D + CE LUTs for $auto$ff.cc:337:slice$6576/group_minimum[12] (2 -> 5)
  Merging D + CE LUTs for $auto$ff.cc:337:slice$6575/group_minimum[12] (2 -> 5)
  Merging D + CE LUTs for $auto$ff.cc:337:slice$6574/group_minimum[12] (2 -> 5)
  Merging D + CE LUTs for $auto$ff.cc:337:slice$6573/group_minimum[12] (2 -> 5)
  Merging D + CE LUTs for $auto$ff.cc:337:slice$6572/group_minimum[12] (2 -> 5)
  Merging D + CE LUTs for $auto$ff.cc:337:slice$6571/group_minimum[12] (2 -> 5)
  Merging D + CE LUTs for $auto$ff.cc:337:slice$6570/group_minimum[12] (2 -> 5)
  Merging D + CE LUTs for $auto$ff.cc:337:slice$6569/group_minimum[12] (2 -> 5)
  Merging D + CE LUTs for $auto$ff.cc:337:slice$6568/group_minimum[12] (2 -> 5)
  Merging D + CE LUTs for $auto$ff.cc:337:slice$6567/group_minimum[12] (2 -> 5)
  Merging D + CE LUTs for $auto$ff.cc:337:slice$6566/group_minimum[12] (2 -> 5)
  Merging D + CE LUTs for $auto$ff.cc:337:slice$6565/group_minimum[12] (2 -> 5)
  Merging D + CE LUTs for $auto$ff.cc:337:slice$6564/group_minimum[12] (2 -> 5)
  Merging D + CE LUTs for $auto$ff.cc:337:slice$6562/group_minimum[0] (2 -> 5)
  Merging D + CE LUTs for $auto$ff.cc:337:slice$6561/group_minimum[0] (2 -> 5)
  Merging D + CE LUTs for $auto$ff.cc:337:slice$6560/group_minimum[0] (2 -> 5)
  Merging D + CE LUTs for $auto$ff.cc:337:slice$6559/group_minimum[0] (2 -> 5)
  Merging D + CE LUTs for $auto$ff.cc:337:slice$6558/group_minimum[0] (2 -> 5)
  Merging D + CE LUTs for $auto$ff.cc:337:slice$6557/group_minimum[0] (2 -> 5)
  Merging D + CE LUTs for $auto$ff.cc:337:slice$6556/group_minimum[0] (2 -> 5)
  Merging D + CE LUTs for $auto$ff.cc:337:slice$6555/group_minimum[0] (2 -> 5)
  Merging D + CE LUTs for $auto$ff.cc:337:slice$6554/group_minimum[0] (2 -> 5)
  Merging D + CE LUTs for $auto$ff.cc:337:slice$6553/group_minimum[0] (2 -> 5)
  Merging D + CE LUTs for $auto$ff.cc:337:slice$6552/group_minimum[0] (2 -> 5)
  Merging D + CE LUTs for $auto$ff.cc:337:slice$6551/group_minimum[0] (2 -> 5)
  Merging D + CE LUTs for $auto$ff.cc:337:slice$6550/group_minimum[0] (2 -> 5)
  Merging D + CE LUTs for $auto$ff.cc:337:slice$6549/group_minimum[0] (2 -> 5)
  Merging D + CE LUTs for $auto$ff.cc:337:slice$6548/group_minimum[0] (2 -> 5)
  Merging D + CE LUTs for $auto$ff.cc:337:slice$6546/group_minimum[1] (2 -> 5)
  Merging D + CE LUTs for $auto$ff.cc:337:slice$6545/group_minimum[1] (2 -> 5)
  Merging D + CE LUTs for $auto$ff.cc:337:slice$6544/group_minimum[1] (2 -> 5)
  Merging D + CE LUTs for $auto$ff.cc:337:slice$6543/group_minimum[1] (2 -> 5)
  Merging D + CE LUTs for $auto$ff.cc:337:slice$6542/group_minimum[1] (2 -> 5)
  Merging D + CE LUTs for $auto$ff.cc:337:slice$6541/group_minimum[1] (2 -> 5)
  Merging D + CE LUTs for $auto$ff.cc:337:slice$6540/group_minimum[1] (2 -> 5)
  Merging D + CE LUTs for $auto$ff.cc:337:slice$6539/group_minimum[1] (2 -> 5)
  Merging D + CE LUTs for $auto$ff.cc:337:slice$6538/group_minimum[1] (2 -> 5)
  Merging D + CE LUTs for $auto$ff.cc:337:slice$6537/group_minimum[1] (2 -> 5)
  Merging D + CE LUTs for $auto$ff.cc:337:slice$6536/group_minimum[1] (2 -> 5)
  Merging D + CE LUTs for $auto$ff.cc:337:slice$6535/group_minimum[1] (2 -> 5)
  Merging D + CE LUTs for $auto$ff.cc:337:slice$6534/group_minimum[1] (2 -> 5)
  Merging D + CE LUTs for $auto$ff.cc:337:slice$6533/group_minimum[1] (2 -> 5)
  Merging D + CE LUTs for $auto$ff.cc:337:slice$6532/group_minimum[1] (2 -> 5)
  Merging D + CE LUTs for $auto$ff.cc:337:slice$6530/group_minimum[2] (2 -> 5)
  Merging D + CE LUTs for $auto$ff.cc:337:slice$6529/group_minimum[2] (2 -> 5)
  Merging D + CE LUTs for $auto$ff.cc:337:slice$6528/group_minimum[2] (2 -> 5)
  Merging D + CE LUTs for $auto$ff.cc:337:slice$6527/group_minimum[2] (2 -> 5)
  Merging D + CE LUTs for $auto$ff.cc:337:slice$6526/group_minimum[2] (2 -> 5)
  Merging D + CE LUTs for $auto$ff.cc:337:slice$6525/group_minimum[2] (2 -> 5)
  Merging D + CE LUTs for $auto$ff.cc:337:slice$6524/group_minimum[2] (2 -> 5)
  Merging D + CE LUTs for $auto$ff.cc:337:slice$6523/group_minimum[2] (2 -> 5)
  Merging D + CE LUTs for $auto$ff.cc:337:slice$6522/group_minimum[2] (2 -> 5)
  Merging D + CE LUTs for $auto$ff.cc:337:slice$6521/group_minimum[2] (2 -> 5)
  Merging D + CE LUTs for $auto$ff.cc:337:slice$6520/group_minimum[2] (2 -> 5)
  Merging D + CE LUTs for $auto$ff.cc:337:slice$6519/group_minimum[2] (2 -> 5)
  Merging D + CE LUTs for $auto$ff.cc:337:slice$6518/group_minimum[2] (2 -> 5)
  Merging D + CE LUTs for $auto$ff.cc:337:slice$6517/group_minimum[2] (2 -> 5)
  Merging D + CE LUTs for $auto$ff.cc:337:slice$7210/group_minimum[3] (2 -> 5)
  Merging D + CE LUTs for $auto$ff.cc:337:slice$7209/group_minimum[3] (2 -> 5)
  Merging D + CE LUTs for $auto$ff.cc:337:slice$7208/group_minimum[3] (2 -> 5)
  Merging D + CE LUTs for $auto$ff.cc:337:slice$7207/group_minimum[3] (2 -> 5)
  Merging D + CE LUTs for $auto$ff.cc:337:slice$7206/group_minimum[3] (2 -> 5)
  Merging D + CE LUTs for $auto$ff.cc:337:slice$7205/group_minimum[3] (2 -> 5)
  Merging D + CE LUTs for $auto$ff.cc:337:slice$7204/group_minimum[3] (2 -> 5)
  Merging D + CE LUTs for $auto$ff.cc:337:slice$7203/group_minimum[3] (2 -> 5)
  Merging D + CE LUTs for $auto$ff.cc:337:slice$7202/group_minimum[3] (2 -> 5)
  Merging D + CE LUTs for $auto$ff.cc:337:slice$7201/group_minimum[3] (2 -> 5)
  Merging D + CE LUTs for $auto$ff.cc:337:slice$7200/group_minimum[3] (2 -> 5)
  Merging D + CE LUTs for $auto$ff.cc:337:slice$7199/group_minimum[3] (2 -> 5)
  Merging D + CE LUTs for $auto$ff.cc:337:slice$7198/group_minimum[3] (2 -> 5)
  Merging D + CE LUTs for $auto$ff.cc:337:slice$7197/group_minimum[3] (2 -> 5)
  Merging D + CE LUTs for $auto$ff.cc:337:slice$7196/group_minimum[3] (2 -> 5)
  Merging D + CE LUTs for $auto$ff.cc:337:slice$7194/group_minimum[4] (2 -> 5)
  Merging D + CE LUTs for $auto$ff.cc:337:slice$7193/group_minimum[4] (2 -> 5)
  Merging D + CE LUTs for $auto$ff.cc:337:slice$7192/group_minimum[4] (2 -> 5)
  Merging D + CE LUTs for $auto$ff.cc:337:slice$7191/group_minimum[4] (2 -> 5)
  Merging D + CE LUTs for $auto$ff.cc:337:slice$7190/group_minimum[4] (2 -> 5)
  Merging D + CE LUTs for $auto$ff.cc:337:slice$7189/group_minimum[4] (2 -> 5)
  Merging D + CE LUTs for $auto$ff.cc:337:slice$7188/group_minimum[4] (2 -> 5)
  Merging D + CE LUTs for $auto$ff.cc:337:slice$7187/group_minimum[4] (2 -> 5)
  Merging D + CE LUTs for $auto$ff.cc:337:slice$7186/group_minimum[4] (2 -> 5)
  Merging D + CE LUTs for $auto$ff.cc:337:slice$7185/group_minimum[4] (2 -> 5)
  Merging D + CE LUTs for $auto$ff.cc:337:slice$7184/group_minimum[4] (2 -> 5)
  Merging D + CE LUTs for $auto$ff.cc:337:slice$7183/group_minimum[4] (2 -> 5)
  Merging D + CE LUTs for $auto$ff.cc:337:slice$7182/group_minimum[4] (2 -> 5)
  Merging D + CE LUTs for $auto$ff.cc:337:slice$7181/group_minimum[4] (2 -> 5)
  Merging D + CE LUTs for $auto$ff.cc:337:slice$7180/group_minimum[4] (2 -> 5)
  Merging D + CE LUTs for $auto$ff.cc:337:slice$7178/group_minimum[5] (2 -> 5)
  Merging D + CE LUTs for $auto$ff.cc:337:slice$7177/group_minimum[5] (2 -> 5)
  Merging D + CE LUTs for $auto$ff.cc:337:slice$7176/group_minimum[5] (2 -> 5)
  Merging D + CE LUTs for $auto$ff.cc:337:slice$7175/group_minimum[5] (2 -> 5)
  Merging D + CE LUTs for $auto$ff.cc:337:slice$7174/group_minimum[5] (2 -> 5)
  Merging D + CE LUTs for $auto$ff.cc:337:slice$7173/group_minimum[5] (2 -> 5)
  Merging D + CE LUTs for $auto$ff.cc:337:slice$7172/group_minimum[5] (2 -> 5)
  Merging D + CE LUTs for $auto$ff.cc:337:slice$7171/group_minimum[5] (2 -> 5)
  Merging D + CE LUTs for $auto$ff.cc:337:slice$7170/group_minimum[5] (2 -> 5)
  Merging D + CE LUTs for $auto$ff.cc:337:slice$7169/group_minimum[5] (2 -> 5)
  Merging D + CE LUTs for $auto$ff.cc:337:slice$7168/group_minimum[5] (2 -> 5)
  Merging D + CE LUTs for $auto$ff.cc:337:slice$7167/group_minimum[5] (2 -> 5)
  Merging D + CE LUTs for $auto$ff.cc:337:slice$7166/group_minimum[5] (2 -> 5)
  Merging D + CE LUTs for $auto$ff.cc:337:slice$7165/group_minimum[5] (2 -> 5)
  Merging D + CE LUTs for $auto$ff.cc:337:slice$7164/group_minimum[5] (2 -> 5)
  Merging D + CE LUTs for $auto$ff.cc:337:slice$7162/group_minimum[6] (2 -> 5)
  Merging D + CE LUTs for $auto$ff.cc:337:slice$7161/group_minimum[6] (2 -> 5)
  Merging D + CE LUTs for $auto$ff.cc:337:slice$7160/group_minimum[6] (2 -> 5)
  Merging D + CE LUTs for $auto$ff.cc:337:slice$7159/group_minimum[6] (2 -> 5)
  Merging D + CE LUTs for $auto$ff.cc:337:slice$7158/group_minimum[6] (2 -> 5)
  Merging D + CE LUTs for $auto$ff.cc:337:slice$7157/group_minimum[6] (2 -> 5)
  Merging D + CE LUTs for $auto$ff.cc:337:slice$7156/group_minimum[6] (2 -> 5)
  Merging D + CE LUTs for $auto$ff.cc:337:slice$7155/group_minimum[6] (2 -> 5)
  Merging D + CE LUTs for $auto$ff.cc:337:slice$7154/group_minimum[6] (2 -> 5)
  Merging D + CE LUTs for $auto$ff.cc:337:slice$7153/group_minimum[6] (2 -> 5)
  Merging D + CE LUTs for $auto$ff.cc:337:slice$7152/group_minimum[6] (2 -> 5)
  Merging D + CE LUTs for $auto$ff.cc:337:slice$7151/group_minimum[6] (2 -> 5)
  Merging D + CE LUTs for $auto$ff.cc:337:slice$7150/group_minimum[6] (2 -> 5)
  Merging D + CE LUTs for $auto$ff.cc:337:slice$7149/group_minimum[6] (2 -> 5)
  Merging D + CE LUTs for $auto$ff.cc:337:slice$7148/group_minimum[6] (2 -> 5)
  Merging D + CE LUTs for $auto$ff.cc:337:slice$7146/group_minimum[7] (2 -> 5)
  Merging D + CE LUTs for $auto$ff.cc:337:slice$7145/group_minimum[7] (2 -> 5)
  Merging D + CE LUTs for $auto$ff.cc:337:slice$7144/group_minimum[7] (2 -> 5)
  Merging D + CE LUTs for $auto$ff.cc:337:slice$7143/group_minimum[7] (2 -> 5)
  Merging D + CE LUTs for $auto$ff.cc:337:slice$7142/group_minimum[7] (2 -> 5)
  Merging D + CE LUTs for $auto$ff.cc:337:slice$7141/group_minimum[7] (2 -> 5)
  Merging D + CE LUTs for $auto$ff.cc:337:slice$7140/group_minimum[7] (2 -> 5)
  Merging D + CE LUTs for $auto$ff.cc:337:slice$7139/group_minimum[7] (2 -> 5)
  Merging D + CE LUTs for $auto$ff.cc:337:slice$7138/group_minimum[7] (2 -> 5)
  Merging D + CE LUTs for $auto$ff.cc:337:slice$7137/group_minimum[7] (2 -> 5)
  Merging D + CE LUTs for $auto$ff.cc:337:slice$7136/group_minimum[7] (2 -> 5)
  Merging D + CE LUTs for $auto$ff.cc:337:slice$7135/group_minimum[7] (2 -> 5)
  Merging D + CE LUTs for $auto$ff.cc:337:slice$7134/group_minimum[7] (2 -> 5)
  Merging D + CE LUTs for $auto$ff.cc:337:slice$7133/group_minimum[7] (2 -> 5)
  Merging D + CE LUTs for $auto$ff.cc:337:slice$7132/group_minimum[7] (2 -> 5)
  Merging D + CE LUTs for $auto$ff.cc:337:slice$7130/group_minimum[8] (2 -> 5)
  Merging D + CE LUTs for $auto$ff.cc:337:slice$7129/group_minimum[8] (2 -> 5)
  Merging D + CE LUTs for $auto$ff.cc:337:slice$7128/group_minimum[8] (2 -> 5)
  Merging D + CE LUTs for $auto$ff.cc:337:slice$7127/group_minimum[8] (2 -> 5)
  Merging D + CE LUTs for $auto$ff.cc:337:slice$7126/group_minimum[8] (2 -> 5)
  Merging D + CE LUTs for $auto$ff.cc:337:slice$7125/group_minimum[8] (2 -> 5)
  Merging D + CE LUTs for $auto$ff.cc:337:slice$7124/group_minimum[8] (2 -> 5)
  Merging D + CE LUTs for $auto$ff.cc:337:slice$7123/group_minimum[8] (2 -> 5)
  Merging D + CE LUTs for $auto$ff.cc:337:slice$7122/group_minimum[8] (2 -> 5)
  Merging D + CE LUTs for $auto$ff.cc:337:slice$7121/group_minimum[8] (2 -> 5)
  Merging D + CE LUTs for $auto$ff.cc:337:slice$7120/group_minimum[8] (2 -> 5)
  Merging D + CE LUTs for $auto$ff.cc:337:slice$7119/group_minimum[8] (2 -> 5)
  Merging D + CE LUTs for $auto$ff.cc:337:slice$7118/group_minimum[8] (2 -> 5)
  Merging D + CE LUTs for $auto$ff.cc:337:slice$7117/group_minimum[8] (2 -> 5)
  Merging D + CE LUTs for $auto$ff.cc:337:slice$7116/group_minimum[8] (2 -> 5)
  Merging D + CE LUTs for $auto$ff.cc:337:slice$7114/group_minimum[9] (2 -> 5)
  Merging D + CE LUTs for $auto$ff.cc:337:slice$7113/group_minimum[9] (2 -> 5)
  Merging D + CE LUTs for $auto$ff.cc:337:slice$7112/group_minimum[9] (2 -> 5)
  Merging D + CE LUTs for $auto$ff.cc:337:slice$7111/group_minimum[9] (2 -> 5)
  Merging D + CE LUTs for $auto$ff.cc:337:slice$7110/group_minimum[9] (2 -> 5)
  Merging D + CE LUTs for $auto$ff.cc:337:slice$7109/group_minimum[9] (2 -> 5)
  Merging D + CE LUTs for $auto$ff.cc:337:slice$7108/group_minimum[9] (2 -> 5)
  Merging D + CE LUTs for $auto$ff.cc:337:slice$7107/group_minimum[9] (2 -> 5)
  Merging D + CE LUTs for $auto$ff.cc:337:slice$7106/group_minimum[9] (2 -> 5)
  Merging D + CE LUTs for $auto$ff.cc:337:slice$7105/group_minimum[9] (2 -> 5)
  Merging D + CE LUTs for $auto$ff.cc:337:slice$7104/group_minimum[9] (2 -> 5)
  Merging D + CE LUTs for $auto$ff.cc:337:slice$7103/group_minimum[9] (2 -> 5)
  Merging D + CE LUTs for $auto$ff.cc:337:slice$7102/group_minimum[9] (2 -> 5)
  Merging D + CE LUTs for $auto$ff.cc:337:slice$7101/group_minimum[9] (2 -> 5)
  Merging D + CE LUTs for $auto$ff.cc:337:slice$7100/group_minimum[9] (2 -> 5)
  Merging D + CE LUTs for $auto$ff.cc:337:slice$6516/group_minimum[2] (2 -> 5)
  Merging D + CE LUTs for $auto$ff.cc:337:slice$7195/group_minimum[3] (2 -> 5)
  Merging D + CE LUTs for $auto$ff.cc:337:slice$7179/group_minimum[4] (2 -> 5)
  Merging D + CE LUTs for $auto$ff.cc:337:slice$7163/group_minimum[5] (2 -> 5)
  Merging D + CE LUTs for $auto$ff.cc:337:slice$7147/group_minimum[6] (2 -> 5)
  Merging D + CE LUTs for $auto$ff.cc:337:slice$7131/group_minimum[7] (2 -> 5)
  Merging D + CE LUTs for $auto$ff.cc:337:slice$7115/group_minimum[8] (2 -> 5)
  Merging D + CE LUTs for $auto$ff.cc:337:slice$7099/group_minimum[9] (2 -> 5)
  Merging D + R LUTs for $auto$ff.cc:337:slice$7086/$iopadmap$done (4 -> 6)
  Merging D + CE LUTs for $auto$ff.cc:337:slice$7022/group_minimum[11] (2 -> 5)
  Merging D + CE LUTs for $auto$ff.cc:337:slice$6990/remaining[0] (3 -> 6)
  Merging D + CE LUTs for $auto$ff.cc:337:slice$6958/remaining[1] (3 -> 6)
  Merging D + CE LUTs for $auto$ff.cc:337:slice$6926/remaining[2] (3 -> 6)
  Merging D + CE LUTs for $auto$ff.cc:337:slice$6894/remaining[3] (3 -> 6)
  Merging D + CE LUTs for $auto$ff.cc:337:slice$6860/remaining[4] (3 -> 6)
  Merging D + CE LUTs for $auto$ff.cc:337:slice$6828/remaining[5] (4 -> 6)
  Merging D + CE LUTs for $auto$ff.cc:337:slice$6787/remaining[6] (3 -> 6)
  Merging D + CE LUTs for $auto$ff.cc:337:slice$6755/remaining[7] (3 -> 6)
  Merging D + CE LUTs for $auto$ff.cc:337:slice$6723/remaining[8] (3 -> 6)
  Merging D + CE LUTs for $auto$ff.cc:337:slice$6691/remaining[9] (3 -> 6)
  Merging D + CE LUTs for $auto$ff.cc:337:slice$6659/remaining[10] (3 -> 6)
  Merging D + CE LUTs for $auto$ff.cc:337:slice$6627/remaining[11] (3 -> 6)
  Merging D + CE LUTs for $auto$ff.cc:337:slice$6595/remaining[12] (3 -> 6)
  Merging D + CE LUTs for $auto$ff.cc:337:slice$6579/group_minimum[10] (2 -> 5)
  Merging D + CE LUTs for $auto$ff.cc:337:slice$6563/group_minimum[12] (2 -> 5)
  Merging D + CE LUTs for $auto$ff.cc:337:slice$6547/group_minimum[0] (2 -> 5)
  Merging D + CE LUTs for $auto$ff.cc:337:slice$6531/group_minimum[1] (2 -> 5)
  Merging D + CE LUTs for $auto$ff.cc:337:slice$7037/group_minimum[11] (2 -> 5)
  Merging D + CE LUTs for $auto$ff.cc:337:slice$7036/group_minimum[11] (2 -> 5)
  Merging D + CE LUTs for $auto$ff.cc:337:slice$7035/group_minimum[11] (2 -> 5)
  Merging D + CE LUTs for $auto$ff.cc:337:slice$7034/group_minimum[11] (2 -> 5)
  Merging D + CE LUTs for $auto$ff.cc:337:slice$7033/group_minimum[11] (2 -> 5)
  Merging D + CE LUTs for $auto$ff.cc:337:slice$7032/group_minimum[11] (2 -> 5)
  Merging D + CE LUTs for $auto$ff.cc:337:slice$7031/group_minimum[11] (2 -> 5)
  Merging D + CE LUTs for $auto$ff.cc:337:slice$7030/group_minimum[11] (2 -> 5)
  Merging D + CE LUTs for $auto$ff.cc:337:slice$7029/group_minimum[11] (2 -> 5)
  Merging D + CE LUTs for $auto$ff.cc:337:slice$7028/group_minimum[11] (2 -> 5)
  Merging D + CE LUTs for $auto$ff.cc:337:slice$7027/group_minimum[11] (2 -> 5)
  Merging D + CE LUTs for $auto$ff.cc:337:slice$7026/group_minimum[11] (2 -> 5)
  Merging D + CE LUTs for $auto$ff.cc:337:slice$7025/group_minimum[11] (2 -> 5)
  Merging D + CE LUTs for $auto$ff.cc:337:slice$7024/group_minimum[11] (2 -> 5)
  Merging D + CE LUTs for $auto$ff.cc:337:slice$7023/group_minimum[11] (2 -> 5)
  Merging D + CE LUTs for $auto$ff.cc:337:slice$7021/remaining[0] (3 -> 6)
  Merging D + CE LUTs for $auto$ff.cc:337:slice$7020/remaining[0] (3 -> 6)
  Merging D + CE LUTs for $auto$ff.cc:337:slice$7019/remaining[0] (3 -> 6)
  Merging D + CE LUTs for $auto$ff.cc:337:slice$7018/remaining[0] (3 -> 6)
  Merging D + CE LUTs for $auto$ff.cc:337:slice$7017/remaining[0] (3 -> 6)
  Merging D + CE LUTs for $auto$ff.cc:337:slice$7016/remaining[0] (4 -> 6)
  Merging D + CE LUTs for $auto$ff.cc:337:slice$7015/remaining[0] (3 -> 6)
  Merging D + CE LUTs for $auto$ff.cc:337:slice$7014/remaining[0] (3 -> 6)
  Merging D + CE LUTs for $auto$ff.cc:337:slice$7013/remaining[0] (3 -> 6)
  Merging D + CE LUTs for $auto$ff.cc:337:slice$7012/remaining[0] (3 -> 6)
  Merging D + CE LUTs for $auto$ff.cc:337:slice$7011/remaining[0] (3 -> 6)
  Merging D + CE LUTs for $auto$ff.cc:337:slice$7010/remaining[0] (3 -> 6)
  Merging D + CE LUTs for $auto$ff.cc:337:slice$7009/remaining[0] (3 -> 6)
  Merging D + CE LUTs for $auto$ff.cc:337:slice$7008/remaining[0] (3 -> 6)
  Merging D + CE LUTs for $auto$ff.cc:337:slice$7007/remaining[0] (3 -> 6)
  Merging D + CE LUTs for $auto$ff.cc:337:slice$7006/remaining[0] (3 -> 6)
  Merging D + CE LUTs for $auto$ff.cc:337:slice$7005/remaining[0] (3 -> 6)
  Merging D + CE LUTs for $auto$ff.cc:337:slice$7004/remaining[0] (3 -> 6)
  Merging D + CE LUTs for $auto$ff.cc:337:slice$7003/remaining[0] (3 -> 6)
  Merging D + CE LUTs for $auto$ff.cc:337:slice$7002/remaining[0] (3 -> 6)
  Merging D + CE LUTs for $auto$ff.cc:337:slice$7001/remaining[0] (4 -> 6)
  Merging D + CE LUTs for $auto$ff.cc:337:slice$7000/remaining[0] (3 -> 6)
  Merging D + CE LUTs for $auto$ff.cc:337:slice$6999/remaining[0] (4 -> 6)
  Merging D + CE LUTs for $auto$ff.cc:337:slice$6998/remaining[0] (3 -> 6)
  Merging D + CE LUTs for $auto$ff.cc:337:slice$6997/remaining[0] (3 -> 6)
  Merging D + CE LUTs for $auto$ff.cc:337:slice$6996/remaining[0] (3 -> 6)
  Merging D + CE LUTs for $auto$ff.cc:337:slice$6995/remaining[0] (4 -> 6)
  Merging D + CE LUTs for $auto$ff.cc:337:slice$6994/remaining[0] (3 -> 6)
  Merging D + CE LUTs for $auto$ff.cc:337:slice$6993/remaining[0] (4 -> 6)
  Merging D + CE LUTs for $auto$ff.cc:337:slice$6992/remaining[0] (4 -> 6)
  Merging D + CE LUTs for $auto$ff.cc:337:slice$6991/remaining[0] (3 -> 6)
  Merging D + CE LUTs for $auto$ff.cc:337:slice$6989/remaining[1] (3 -> 6)
  Merging D + CE LUTs for $auto$ff.cc:337:slice$6988/remaining[1] (3 -> 6)
  Merging D + CE LUTs for $auto$ff.cc:337:slice$6987/remaining[1] (3 -> 6)
  Merging D + CE LUTs for $auto$ff.cc:337:slice$6986/remaining[1] (3 -> 6)
  Merging D + CE LUTs for $auto$ff.cc:337:slice$6985/remaining[1] (4 -> 6)
  Merging D + CE LUTs for $auto$ff.cc:337:slice$6984/remaining[1] (4 -> 6)
  Merging D + CE LUTs for $auto$ff.cc:337:slice$6983/remaining[1] (3 -> 6)
  Merging D + CE LUTs for $auto$ff.cc:337:slice$6982/remaining[1] (3 -> 6)
  Merging D + CE LUTs for $auto$ff.cc:337:slice$6981/remaining[1] (3 -> 6)
  Merging D + CE LUTs for $auto$ff.cc:337:slice$6980/remaining[1] (3 -> 6)
  Merging D + CE LUTs for $auto$ff.cc:337:slice$6979/remaining[1] (3 -> 6)
  Merging D + CE LUTs for $auto$ff.cc:337:slice$6978/remaining[1] (3 -> 6)
  Merging D + CE LUTs for $auto$ff.cc:337:slice$6977/remaining[1] (3 -> 6)
  Merging D + CE LUTs for $auto$ff.cc:337:slice$6976/remaining[1] (3 -> 6)
  Merging D + CE LUTs for $auto$ff.cc:337:slice$6975/remaining[1] (3 -> 6)
  Merging D + CE LUTs for $auto$ff.cc:337:slice$6974/remaining[1] (3 -> 6)
  Merging D + CE LUTs for $auto$ff.cc:337:slice$6973/remaining[1] (4 -> 6)
  Merging D + CE LUTs for $auto$ff.cc:337:slice$6972/remaining[1] (3 -> 6)
  Merging D + CE LUTs for $auto$ff.cc:337:slice$6971/remaining[1] (3 -> 6)
  Merging D + CE LUTs for $auto$ff.cc:337:slice$6970/remaining[1] (3 -> 6)
  Merging D + CE LUTs for $auto$ff.cc:337:slice$6969/remaining[1] (3 -> 6)
  Merging D + CE LUTs for $auto$ff.cc:337:slice$6968/remaining[1] (3 -> 6)
  Merging D + CE LUTs for $auto$ff.cc:337:slice$6967/remaining[1] (3 -> 6)
  Merging D + CE LUTs for $auto$ff.cc:337:slice$6966/remaining[1] (3 -> 6)
  Merging D + CE LUTs for $auto$ff.cc:337:slice$6965/remaining[1] (3 -> 6)
  Merging D + CE LUTs for $auto$ff.cc:337:slice$6964/remaining[1] (4 -> 6)
  Merging D + CE LUTs for $auto$ff.cc:337:slice$6963/remaining[1] (3 -> 6)
  Merging D + CE LUTs for $auto$ff.cc:337:slice$6962/remaining[1] (3 -> 6)
  Merging D + CE LUTs for $auto$ff.cc:337:slice$6961/remaining[1] (3 -> 6)
  Merging D + CE LUTs for $auto$ff.cc:337:slice$6960/remaining[1] (3 -> 6)
  Merging D + CE LUTs for $auto$ff.cc:337:slice$6959/remaining[1] (3 -> 6)
  Merging D + CE LUTs for $auto$ff.cc:337:slice$6957/remaining[2] (3 -> 6)
  Merging D + CE LUTs for $auto$ff.cc:337:slice$6956/remaining[2] (3 -> 6)
  Merging D + CE LUTs for $auto$ff.cc:337:slice$6955/remaining[2] (3 -> 6)
  Merging D + CE LUTs for $auto$ff.cc:337:slice$6954/remaining[2] (3 -> 6)
  Merging D + CE LUTs for $auto$ff.cc:337:slice$6953/remaining[2] (3 -> 6)
  Merging D + CE LUTs for $auto$ff.cc:337:slice$6952/remaining[2] (4 -> 6)
  Merging D + CE LUTs for $auto$ff.cc:337:slice$6951/remaining[2] (4 -> 6)
  Merging D + CE LUTs for $auto$ff.cc:337:slice$6950/remaining[2] (3 -> 6)
  Merging D + CE LUTs for $auto$ff.cc:337:slice$6949/remaining[2] (4 -> 6)
  Merging D + CE LUTs for $auto$ff.cc:337:slice$6948/remaining[2] (3 -> 6)
  Merging D + CE LUTs for $auto$ff.cc:337:slice$6947/remaining[2] (3 -> 6)
  Merging D + CE LUTs for $auto$ff.cc:337:slice$6946/remaining[2] (3 -> 6)
  Merging D + CE LUTs for $auto$ff.cc:337:slice$6945/remaining[2] (3 -> 6)
  Merging D + CE LUTs for $auto$ff.cc:337:slice$6944/remaining[2] (3 -> 6)
  Merging D + CE LUTs for $auto$ff.cc:337:slice$6943/remaining[2] (3 -> 6)
  Merging D + CE LUTs for $auto$ff.cc:337:slice$6942/remaining[2] (3 -> 6)
  Merging D + CE LUTs for $auto$ff.cc:337:slice$6941/remaining[2] (3 -> 6)
  Merging D + CE LUTs for $auto$ff.cc:337:slice$6940/remaining[2] (4 -> 6)
  Merging D + CE LUTs for $auto$ff.cc:337:slice$6939/remaining[2] (3 -> 6)
  Merging D + CE LUTs for $auto$ff.cc:337:slice$6938/remaining[2] (3 -> 6)
  Merging D + CE LUTs for $auto$ff.cc:337:slice$6937/remaining[2] (3 -> 6)
  Merging D + CE LUTs for $auto$ff.cc:337:slice$6936/remaining[2] (4 -> 6)
  Merging D + CE LUTs for $auto$ff.cc:337:slice$6935/remaining[2] (3 -> 6)
  Merging D + CE LUTs for $auto$ff.cc:337:slice$6934/remaining[2] (3 -> 6)
  Merging D + CE LUTs for $auto$ff.cc:337:slice$6933/remaining[2] (3 -> 6)
  Merging D + CE LUTs for $auto$ff.cc:337:slice$6932/remaining[2] (3 -> 6)
  Merging D + CE LUTs for $auto$ff.cc:337:slice$6931/remaining[2] (3 -> 6)
  Merging D + CE LUTs for $auto$ff.cc:337:slice$6930/remaining[2] (3 -> 6)
  Merging D + CE LUTs for $auto$ff.cc:337:slice$6929/remaining[2] (3 -> 6)
  Merging D + CE LUTs for $auto$ff.cc:337:slice$6928/remaining[2] (3 -> 6)
  Merging D + CE LUTs for $auto$ff.cc:337:slice$6927/remaining[2] (3 -> 6)
  Merging D + CE LUTs for $auto$ff.cc:337:slice$6925/remaining[3] (3 -> 6)
  Merging D + CE LUTs for $auto$ff.cc:337:slice$6924/remaining[3] (3 -> 6)
  Merging D + CE LUTs for $auto$ff.cc:337:slice$6923/remaining[3] (3 -> 6)
  Merging D + CE LUTs for $auto$ff.cc:337:slice$6922/remaining[3] (3 -> 6)
  Merging D + CE LUTs for $auto$ff.cc:337:slice$6921/remaining[3] (3 -> 6)
  Merging D + CE LUTs for $auto$ff.cc:337:slice$6920/remaining[3] (3 -> 6)
  Merging D + CE LUTs for $auto$ff.cc:337:slice$6919/remaining[3] (3 -> 6)
  Merging D + CE LUTs for $auto$ff.cc:337:slice$6918/remaining[3] (3 -> 6)
  Merging D + CE LUTs for $auto$ff.cc:337:slice$6917/remaining[3] (4 -> 6)
  Merging D + CE LUTs for $auto$ff.cc:337:slice$6916/remaining[3] (3 -> 6)
  Merging D + CE LUTs for $auto$ff.cc:337:slice$6915/remaining[3] (3 -> 6)
  Merging D + CE LUTs for $auto$ff.cc:337:slice$6914/remaining[3] (3 -> 6)
  Merging D + CE LUTs for $auto$ff.cc:337:slice$6913/remaining[3] (3 -> 6)
  Merging D + CE LUTs for $auto$ff.cc:337:slice$6912/remaining[3] (4 -> 6)
  Merging D + CE LUTs for $auto$ff.cc:337:slice$6911/remaining[3] (3 -> 6)
  Merging D + CE LUTs for $auto$ff.cc:337:slice$6910/remaining[3] (4 -> 6)
  Merging D + CE LUTs for $auto$ff.cc:337:slice$6909/remaining[3] (3 -> 6)
  Merging D + CE LUTs for $auto$ff.cc:337:slice$6908/remaining[3] (3 -> 6)
  Merging D + CE LUTs for $auto$ff.cc:337:slice$6907/remaining[3] (4 -> 6)
  Merging D + CE LUTs for $auto$ff.cc:337:slice$6906/remaining[3] (3 -> 6)
  Merging D + CE LUTs for $auto$ff.cc:337:slice$6905/remaining[3] (3 -> 6)
  Merging D + CE LUTs for $auto$ff.cc:337:slice$6904/remaining[3] (3 -> 6)
  Merging D + CE LUTs for $auto$ff.cc:337:slice$6903/remaining[3] (3 -> 6)
  Merging D + CE LUTs for $auto$ff.cc:337:slice$6902/remaining[3] (3 -> 6)
  Merging D + CE LUTs for $auto$ff.cc:337:slice$6901/remaining[3] (3 -> 6)
  Merging D + CE LUTs for $auto$ff.cc:337:slice$6900/remaining[3] (3 -> 6)
  Merging D + CE LUTs for $auto$ff.cc:337:slice$6899/remaining[3] (3 -> 6)
  Merging D + CE LUTs for $auto$ff.cc:337:slice$6898/remaining[3] (4 -> 6)
  Merging D + CE LUTs for $auto$ff.cc:337:slice$6897/remaining[3] (3 -> 6)
  Merging D + CE LUTs for $auto$ff.cc:337:slice$6896/remaining[3] (3 -> 6)
  Merging D + CE LUTs for $auto$ff.cc:337:slice$6895/remaining[3] (4 -> 6)
  Merging D + CE LUTs for $auto$ff.cc:337:slice$6891/remaining[4] (3 -> 6)
  Merging D + CE LUTs for $auto$ff.cc:337:slice$6890/remaining[4] (3 -> 6)
  Merging D + CE LUTs for $auto$ff.cc:337:slice$6889/remaining[4] (4 -> 6)
  Merging D + CE LUTs for $auto$ff.cc:337:slice$6888/remaining[4] (3 -> 6)
  Merging D + CE LUTs for $auto$ff.cc:337:slice$6887/remaining[4] (3 -> 6)
  Merging D + CE LUTs for $auto$ff.cc:337:slice$6886/remaining[4] (3 -> 6)
  Merging D + CE LUTs for $auto$ff.cc:337:slice$6885/remaining[4] (3 -> 6)
  Merging D + CE LUTs for $auto$ff.cc:337:slice$6884/remaining[4] (3 -> 6)
  Merging D + CE LUTs for $auto$ff.cc:337:slice$6883/remaining[4] (3 -> 6)
  Merging D + CE LUTs for $auto$ff.cc:337:slice$6882/remaining[4] (3 -> 6)
  Merging D + CE LUTs for $auto$ff.cc:337:slice$6881/remaining[4] (3 -> 6)
  Merging D + CE LUTs for $auto$ff.cc:337:slice$6880/remaining[4] (3 -> 6)
  Merging D + CE LUTs for $auto$ff.cc:337:slice$6879/remaining[4] (4 -> 6)
  Merging D + CE LUTs for $auto$ff.cc:337:slice$6878/remaining[4] (4 -> 6)
  Merging D + CE LUTs for $auto$ff.cc:337:slice$6877/remaining[4] (3 -> 6)
  Merging D + CE LUTs for $auto$ff.cc:337:slice$6876/remaining[4] (3 -> 6)
  Merging D + CE LUTs for $auto$ff.cc:337:slice$6875/remaining[4] (3 -> 6)
  Merging D + CE LUTs for $auto$ff.cc:337:slice$6874/remaining[4] (3 -> 6)
  Merging D + CE LUTs for $auto$ff.cc:337:slice$6873/remaining[4] (3 -> 6)
  Merging D + CE LUTs for $auto$ff.cc:337:slice$6872/remaining[4] (3 -> 6)
  Merging D + CE LUTs for $auto$ff.cc:337:slice$6871/remaining[4] (3 -> 6)
  Merging D + CE LUTs for $auto$ff.cc:337:slice$6870/remaining[4] (3 -> 6)
  Merging D + CE LUTs for $auto$ff.cc:337:slice$6869/remaining[4] (3 -> 6)
  Merging D + CE LUTs for $auto$ff.cc:337:slice$6868/remaining[4] (3 -> 6)
  Merging D + CE LUTs for $auto$ff.cc:337:slice$6867/remaining[4] (4 -> 6)
  Merging D + CE LUTs for $auto$ff.cc:337:slice$6866/remaining[4] (3 -> 6)
  Merging D + CE LUTs for $auto$ff.cc:337:slice$6865/remaining[4] (3 -> 6)
  Merging D + CE LUTs for $auto$ff.cc:337:slice$6864/remaining[4] (3 -> 6)
  Merging D + CE LUTs for $auto$ff.cc:337:slice$6863/remaining[4] (3 -> 6)
  Merging D + CE LUTs for $auto$ff.cc:337:slice$6862/remaining[4] (3 -> 6)
  Merging D + CE LUTs for $auto$ff.cc:337:slice$6861/remaining[4] (3 -> 6)
  Merging D + CE LUTs for $auto$ff.cc:337:slice$6859/remaining[5] (3 -> 6)
  Merging D + CE LUTs for $auto$ff.cc:337:slice$6858/remaining[5] (3 -> 6)
  Merging D + CE LUTs for $auto$ff.cc:337:slice$6857/remaining[5] (4 -> 6)
  Merging D + CE LUTs for $auto$ff.cc:337:slice$6856/remaining[5] (3 -> 6)
  Merging D + CE LUTs for $auto$ff.cc:337:slice$6855/remaining[5] (3 -> 6)
  Merging D + CE LUTs for $auto$ff.cc:337:slice$6854/remaining[5] (3 -> 6)
  Merging D + CE LUTs for $auto$ff.cc:337:slice$6853/remaining[5] (4 -> 6)
  Merging D + CE LUTs for $auto$ff.cc:337:slice$6852/remaining[5] (3 -> 6)
  Merging D + CE LUTs for $auto$ff.cc:337:slice$6851/remaining[5] (4 -> 6)
  Merging D + CE LUTs for $auto$ff.cc:337:slice$6850/remaining[5] (3 -> 6)
  Merging D + CE LUTs for $auto$ff.cc:337:slice$6849/remaining[5] (4 -> 6)
  Merging D + CE LUTs for $auto$ff.cc:337:slice$6848/remaining[5] (3 -> 6)
  Merging D + CE LUTs for $auto$ff.cc:337:slice$6847/remaining[5] (3 -> 6)
  Merging D + CE LUTs for $auto$ff.cc:337:slice$6846/remaining[5] (3 -> 6)
  Merging D + CE LUTs for $auto$ff.cc:337:slice$6845/remaining[5] (3 -> 6)
  Merging D + CE LUTs for $auto$ff.cc:337:slice$6844/remaining[5] (3 -> 6)
  Merging D + CE LUTs for $auto$ff.cc:337:slice$6843/remaining[5] (3 -> 6)
  Merging D + CE LUTs for $auto$ff.cc:337:slice$6842/remaining[5] (3 -> 6)
  Merging D + CE LUTs for $auto$ff.cc:337:slice$6841/remaining[5] (3 -> 6)
  Merging D + CE LUTs for $auto$ff.cc:337:slice$6840/remaining[5] (3 -> 6)
  Merging D + CE LUTs for $auto$ff.cc:337:slice$6839/remaining[5] (3 -> 6)
  Merging D + CE LUTs for $auto$ff.cc:337:slice$6838/remaining[5] (3 -> 6)
  Merging D + CE LUTs for $auto$ff.cc:337:slice$6837/remaining[5] (3 -> 6)
  Merging D + CE LUTs for $auto$ff.cc:337:slice$6836/remaining[5] (3 -> 6)
  Merging D + CE LUTs for $auto$ff.cc:337:slice$6835/remaining[5] (4 -> 6)
  Merging D + CE LUTs for $auto$ff.cc:337:slice$6834/remaining[5] (3 -> 6)
  Merging D + CE LUTs for $auto$ff.cc:337:slice$6833/remaining[5] (3 -> 6)
  Merging D + CE LUTs for $auto$ff.cc:337:slice$6832/remaining[5] (3 -> 6)
  Merging D + CE LUTs for $auto$ff.cc:337:slice$6831/remaining[5] (3 -> 6)
  Merging D + CE LUTs for $auto$ff.cc:337:slice$6830/remaining[5] (3 -> 6)
  Merging D + CE LUTs for $auto$ff.cc:337:slice$6829/remaining[5] (3 -> 6)
  Merging D + CE LUTs for $auto$ff.cc:337:slice$6818/remaining[6] (3 -> 6)
  Merging D + CE LUTs for $auto$ff.cc:337:slice$6817/remaining[6] (3 -> 6)
  Merging D + CE LUTs for $auto$ff.cc:337:slice$6816/remaining[6] (4 -> 6)
  Merging D + CE LUTs for $auto$ff.cc:337:slice$6815/remaining[6] (3 -> 6)
  Merging D + CE LUTs for $auto$ff.cc:337:slice$6814/remaining[6] (3 -> 6)
  Merging D + CE LUTs for $auto$ff.cc:337:slice$6813/remaining[6] (3 -> 6)
  Merging D + CE LUTs for $auto$ff.cc:337:slice$6812/remaining[6] (3 -> 6)
  Merging D + CE LUTs for $auto$ff.cc:337:slice$6811/remaining[6] (3 -> 6)
  Merging D + CE LUTs for $auto$ff.cc:337:slice$6810/remaining[6] (3 -> 6)
  Merging D + CE LUTs for $auto$ff.cc:337:slice$6809/remaining[6] (3 -> 6)
  Merging D + CE LUTs for $auto$ff.cc:337:slice$6808/remaining[6] (4 -> 6)
  Merging D + CE LUTs for $auto$ff.cc:337:slice$6807/remaining[6] (3 -> 6)
  Merging D + CE LUTs for $auto$ff.cc:337:slice$6806/remaining[6] (4 -> 6)
  Merging D + CE LUTs for $auto$ff.cc:337:slice$6805/remaining[6] (3 -> 6)
  Merging D + CE LUTs for $auto$ff.cc:337:slice$6804/remaining[6] (3 -> 6)
  Merging D + CE LUTs for $auto$ff.cc:337:slice$6803/remaining[6] (3 -> 6)
  Merging D + CE LUTs for $auto$ff.cc:337:slice$6802/remaining[6] (3 -> 6)
  Merging D + CE LUTs for $auto$ff.cc:337:slice$6801/remaining[6] (3 -> 6)
  Merging D + CE LUTs for $auto$ff.cc:337:slice$6800/remaining[6] (3 -> 6)
  Merging D + CE LUTs for $auto$ff.cc:337:slice$6799/remaining[6] (4 -> 6)
  Merging D + CE LUTs for $auto$ff.cc:337:slice$6798/remaining[6] (3 -> 6)
  Merging D + CE LUTs for $auto$ff.cc:337:slice$6797/remaining[6] (3 -> 6)
  Merging D + CE LUTs for $auto$ff.cc:337:slice$6796/remaining[6] (3 -> 6)
  Merging D + CE LUTs for $auto$ff.cc:337:slice$6795/remaining[6] (3 -> 6)
  Merging D + CE LUTs for $auto$ff.cc:337:slice$6794/remaining[6] (3 -> 6)
  Merging D + CE LUTs for $auto$ff.cc:337:slice$6793/remaining[6] (3 -> 6)
  Merging D + CE LUTs for $auto$ff.cc:337:slice$6792/remaining[6] (3 -> 6)
  Merging D + CE LUTs for $auto$ff.cc:337:slice$6791/remaining[6] (3 -> 6)
  Merging D + CE LUTs for $auto$ff.cc:337:slice$6790/remaining[6] (3 -> 6)
  Merging D + CE LUTs for $auto$ff.cc:337:slice$6789/remaining[6] (3 -> 6)
  Merging D + CE LUTs for $auto$ff.cc:337:slice$6788/remaining[6] (3 -> 6)
  Merging D + CE LUTs for $auto$ff.cc:337:slice$6786/remaining[7] (3 -> 6)
  Merging D + CE LUTs for $auto$ff.cc:337:slice$6785/remaining[7] (4 -> 6)
  Merging D + CE LUTs for $auto$ff.cc:337:slice$6784/remaining[7] (4 -> 6)
  Merging D + CE LUTs for $auto$ff.cc:337:slice$6783/remaining[7] (4 -> 6)
  Merging D + CE LUTs for $auto$ff.cc:337:slice$6782/remaining[7] (3 -> 6)
  Merging D + CE LUTs for $auto$ff.cc:337:slice$6781/remaining[7] (3 -> 6)
  Merging D + CE LUTs for $auto$ff.cc:337:slice$6780/remaining[7] (3 -> 6)
  Merging D + CE LUTs for $auto$ff.cc:337:slice$6779/remaining[7] (3 -> 6)
  Merging D + CE LUTs for $auto$ff.cc:337:slice$6778/remaining[7] (3 -> 6)
  Merging D + CE LUTs for $auto$ff.cc:337:slice$6777/remaining[7] (3 -> 6)
  Merging D + CE LUTs for $auto$ff.cc:337:slice$6776/remaining[7] (3 -> 6)
  Merging D + CE LUTs for $auto$ff.cc:337:slice$6775/remaining[7] (3 -> 6)
  Merging D + CE LUTs for $auto$ff.cc:337:slice$6774/remaining[7] (3 -> 6)
  Merging D + CE LUTs for $auto$ff.cc:337:slice$6773/remaining[7] (3 -> 6)
  Merging D + CE LUTs for $auto$ff.cc:337:slice$6772/remaining[7] (4 -> 6)
  Merging D + CE LUTs for $auto$ff.cc:337:slice$6771/remaining[7] (3 -> 6)
  Merging D + CE LUTs for $auto$ff.cc:337:slice$6770/remaining[7] (4 -> 6)
  Merging D + CE LUTs for $auto$ff.cc:337:slice$6769/remaining[7] (3 -> 6)
  Merging D + CE LUTs for $auto$ff.cc:337:slice$6768/remaining[7] (4 -> 6)
  Merging D + CE LUTs for $auto$ff.cc:337:slice$6767/remaining[7] (3 -> 6)
  Merging D + CE LUTs for $auto$ff.cc:337:slice$6766/remaining[7] (4 -> 6)
  Merging D + CE LUTs for $auto$ff.cc:337:slice$6765/remaining[7] (3 -> 6)
  Merging D + CE LUTs for $auto$ff.cc:337:slice$6764/remaining[7] (3 -> 6)
  Merging D + CE LUTs for $auto$ff.cc:337:slice$6763/remaining[7] (3 -> 6)
  Merging D + CE LUTs for $auto$ff.cc:337:slice$6762/remaining[7] (3 -> 6)
  Merging D + CE LUTs for $auto$ff.cc:337:slice$6761/remaining[7] (4 -> 6)
  Merging D + CE LUTs for $auto$ff.cc:337:slice$6760/remaining[7] (4 -> 6)
  Merging D + CE LUTs for $auto$ff.cc:337:slice$6759/remaining[7] (3 -> 6)
  Merging D + CE LUTs for $auto$ff.cc:337:slice$6758/remaining[7] (3 -> 6)
  Merging D + CE LUTs for $auto$ff.cc:337:slice$6757/remaining[7] (3 -> 6)
  Merging D + CE LUTs for $auto$ff.cc:337:slice$6756/remaining[7] (3 -> 6)
  Merging D + CE LUTs for $auto$ff.cc:337:slice$6754/remaining[8] (3 -> 6)
  Merging D + CE LUTs for $auto$ff.cc:337:slice$6753/remaining[8] (3 -> 6)
  Merging D + CE LUTs for $auto$ff.cc:337:slice$6752/remaining[8] (3 -> 6)
  Merging D + CE LUTs for $auto$ff.cc:337:slice$6751/remaining[8] (3 -> 6)
  Merging D + CE LUTs for $auto$ff.cc:337:slice$6750/remaining[8] (3 -> 6)
  Merging D + CE LUTs for $auto$ff.cc:337:slice$6749/remaining[8] (3 -> 6)
  Merging D + CE LUTs for $auto$ff.cc:337:slice$6748/remaining[8] (3 -> 6)
  Merging D + CE LUTs for $auto$ff.cc:337:slice$6747/remaining[8] (3 -> 6)
  Merging D + CE LUTs for $auto$ff.cc:337:slice$6746/remaining[8] (3 -> 6)
  Merging D + CE LUTs for $auto$ff.cc:337:slice$6745/remaining[8] (4 -> 6)
  Merging D + CE LUTs for $auto$ff.cc:337:slice$6744/remaining[8] (3 -> 6)
  Merging D + CE LUTs for $auto$ff.cc:337:slice$6743/remaining[8] (3 -> 6)
  Merging D + CE LUTs for $auto$ff.cc:337:slice$6742/remaining[8] (3 -> 6)
  Merging D + CE LUTs for $auto$ff.cc:337:slice$6741/remaining[8] (3 -> 6)
  Merging D + CE LUTs for $auto$ff.cc:337:slice$6740/remaining[8] (3 -> 6)
  Merging D + CE LUTs for $auto$ff.cc:337:slice$6739/remaining[8] (3 -> 6)
  Merging D + CE LUTs for $auto$ff.cc:337:slice$6738/remaining[8] (3 -> 6)
  Merging D + CE LUTs for $auto$ff.cc:337:slice$6737/remaining[8] (3 -> 6)
  Merging D + CE LUTs for $auto$ff.cc:337:slice$6736/remaining[8] (3 -> 6)
  Merging D + CE LUTs for $auto$ff.cc:337:slice$6735/remaining[8] (4 -> 6)
  Merging D + CE LUTs for $auto$ff.cc:337:slice$6734/remaining[8] (3 -> 6)
  Merging D + CE LUTs for $auto$ff.cc:337:slice$6733/remaining[8] (3 -> 6)
  Merging D + CE LUTs for $auto$ff.cc:337:slice$6732/remaining[8] (3 -> 6)
  Merging D + CE LUTs for $auto$ff.cc:337:slice$6731/remaining[8] (4 -> 6)
  Merging D + CE LUTs for $auto$ff.cc:337:slice$6730/remaining[8] (4 -> 6)
  Merging D + CE LUTs for $auto$ff.cc:337:slice$6729/remaining[8] (4 -> 6)
  Merging D + CE LUTs for $auto$ff.cc:337:slice$6728/remaining[8] (4 -> 6)
  Merging D + CE LUTs for $auto$ff.cc:337:slice$6727/remaining[8] (4 -> 6)
  Merging D + CE LUTs for $auto$ff.cc:337:slice$6726/remaining[8] (4 -> 6)
  Merging D + CE LUTs for $auto$ff.cc:337:slice$6725/remaining[8] (3 -> 6)
  Merging D + CE LUTs for $auto$ff.cc:337:slice$6724/remaining[8] (3 -> 6)
  Merging D + CE LUTs for $auto$ff.cc:337:slice$6721/remaining[9] (3 -> 6)
  Merging D + CE LUTs for $auto$ff.cc:337:slice$6720/remaining[9] (4 -> 6)
  Merging D + CE LUTs for $auto$ff.cc:337:slice$6719/remaining[9] (3 -> 6)
  Merging D + CE LUTs for $auto$ff.cc:337:slice$6718/remaining[9] (3 -> 6)
  Merging D + CE LUTs for $auto$ff.cc:337:slice$6717/remaining[9] (3 -> 6)
  Merging D + CE LUTs for $auto$ff.cc:337:slice$6716/remaining[9] (3 -> 6)
  Merging D + CE LUTs for $auto$ff.cc:337:slice$6715/remaining[9] (3 -> 6)
  Merging D + CE LUTs for $auto$ff.cc:337:slice$6714/remaining[9] (3 -> 6)
  Merging D + CE LUTs for $auto$ff.cc:337:slice$6713/remaining[9] (3 -> 6)
  Merging D + CE LUTs for $auto$ff.cc:337:slice$6712/remaining[9] (3 -> 6)
  Merging D + CE LUTs for $auto$ff.cc:337:slice$6711/remaining[9] (3 -> 6)
  Merging D + CE LUTs for $auto$ff.cc:337:slice$6710/remaining[9] (3 -> 6)
  Merging D + CE LUTs for $auto$ff.cc:337:slice$6709/remaining[9] (3 -> 6)
  Merging D + CE LUTs for $auto$ff.cc:337:slice$6708/remaining[9] (3 -> 6)
  Merging D + CE LUTs for $auto$ff.cc:337:slice$6707/remaining[9] (3 -> 6)
  Merging D + CE LUTs for $auto$ff.cc:337:slice$6706/remaining[9] (3 -> 6)
  Merging D + CE LUTs for $auto$ff.cc:337:slice$6705/remaining[9] (3 -> 6)
  Merging D + CE LUTs for $auto$ff.cc:337:slice$6704/remaining[9] (3 -> 6)
  Merging D + CE LUTs for $auto$ff.cc:337:slice$6703/remaining[9] (3 -> 6)
  Merging D + CE LUTs for $auto$ff.cc:337:slice$6702/remaining[9] (3 -> 6)
  Merging D + CE LUTs for $auto$ff.cc:337:slice$6701/remaining[9] (3 -> 6)
  Merging D + CE LUTs for $auto$ff.cc:337:slice$6700/remaining[9] (3 -> 6)
  Merging D + CE LUTs for $auto$ff.cc:337:slice$6699/remaining[9] (3 -> 6)
  Merging D + CE LUTs for $auto$ff.cc:337:slice$6698/remaining[9] (3 -> 6)
  Merging D + CE LUTs for $auto$ff.cc:337:slice$6697/remaining[9] (3 -> 6)
  Merging D + CE LUTs for $auto$ff.cc:337:slice$6696/remaining[9] (3 -> 6)
  Merging D + CE LUTs for $auto$ff.cc:337:slice$6695/remaining[9] (3 -> 6)
  Merging D + CE LUTs for $auto$ff.cc:337:slice$6694/remaining[9] (3 -> 6)
  Merging D + CE LUTs for $auto$ff.cc:337:slice$6693/remaining[9] (3 -> 6)
  Merging D + CE LUTs for $auto$ff.cc:337:slice$6692/remaining[9] (3 -> 6)
  Merging D + CE LUTs for $auto$ff.cc:337:slice$6690/remaining[10] (3 -> 6)
  Merging D + CE LUTs for $auto$ff.cc:337:slice$6689/remaining[10] (4 -> 6)
  Merging D + CE LUTs for $auto$ff.cc:337:slice$6688/remaining[10] (4 -> 6)
  Merging D + CE LUTs for $auto$ff.cc:337:slice$6687/remaining[10] (3 -> 6)
  Merging D + CE LUTs for $auto$ff.cc:337:slice$6686/remaining[10] (3 -> 6)
  Merging D + CE LUTs for $auto$ff.cc:337:slice$6685/remaining[10] (3 -> 6)
  Merging D + CE LUTs for $auto$ff.cc:337:slice$6684/remaining[10] (3 -> 6)
  Merging D + CE LUTs for $auto$ff.cc:337:slice$6683/remaining[10] (3 -> 6)
  Merging D + CE LUTs for $auto$ff.cc:337:slice$6682/remaining[10] (3 -> 6)
  Merging D + CE LUTs for $auto$ff.cc:337:slice$6681/remaining[10] (4 -> 6)
  Merging D + CE LUTs for $auto$ff.cc:337:slice$6680/remaining[10] (3 -> 6)
  Merging D + CE LUTs for $auto$ff.cc:337:slice$6679/remaining[10] (3 -> 6)
  Merging D + CE LUTs for $auto$ff.cc:337:slice$6678/remaining[10] (3 -> 6)
  Merging D + CE LUTs for $auto$ff.cc:337:slice$6677/remaining[10] (3 -> 6)
  Merging D + CE LUTs for $auto$ff.cc:337:slice$6676/remaining[10] (3 -> 6)
  Merging D + CE LUTs for $auto$ff.cc:337:slice$6675/remaining[10] (3 -> 6)
  Merging D + CE LUTs for $auto$ff.cc:337:slice$6674/remaining[10] (3 -> 6)
  Merging D + CE LUTs for $auto$ff.cc:337:slice$6673/remaining[10] (3 -> 6)
  Merging D + CE LUTs for $auto$ff.cc:337:slice$6672/remaining[10] (3 -> 6)
  Merging D + CE LUTs for $auto$ff.cc:337:slice$6671/remaining[10] (3 -> 6)
  Merging D + CE LUTs for $auto$ff.cc:337:slice$6670/remaining[10] (3 -> 6)
  Merging D + CE LUTs for $auto$ff.cc:337:slice$6669/remaining[10] (3 -> 6)
  Merging D + CE LUTs for $auto$ff.cc:337:slice$6667/remaining[10] (3 -> 6)
  Merging D + CE LUTs for $auto$ff.cc:337:slice$6666/remaining[10] (4 -> 6)
  Merging D + CE LUTs for $auto$ff.cc:337:slice$6665/remaining[10] (3 -> 6)
  Merging D + CE LUTs for $auto$ff.cc:337:slice$6664/remaining[10] (3 -> 6)
  Merging D + CE LUTs for $auto$ff.cc:337:slice$6663/remaining[10] (3 -> 6)

5.47. Executing OPT_LUT_INS pass (discard unused LUT inputs).
Optimizing LUTs in $paramod$b5bfe1d4fce40940586b6e35fec61194ae5a8fde\cap_pdb_state_wide_bank.
Optimizing LUTs in $paramod$cbc3189b30a0f0ae8c16e45df15b3f5a54303a8f\cap_pdb_masked_min32.
  Optimizing lut $abc$26773$auto$blifparse.cc:557:parse_blif$27859.genblk1.genblk1.genblk1.genblk1.genblk1.genblk1.genblk1.genblk1.genblk1.lut0 (6 -> 3)
  Optimizing lut $abc$26773$auto$blifparse.cc:557:parse_blif$26776.genblk1.genblk1.genblk1.genblk1.genblk1.genblk1.genblk1.genblk1.genblk1.lut0 (6 -> 3)
  Optimizing lut $abc$26773$auto$blifparse.cc:557:parse_blif$26776.genblk1.genblk1.genblk1.genblk1.genblk1.genblk1.genblk1.genblk1.genblk1.lut1 (6 -> 3)
  Optimizing lut $abc$26773$auto$blifparse.cc:557:parse_blif$26781.genblk1.genblk1.genblk1.genblk1.genblk1.genblk1.genblk1.genblk1.genblk1.lut1 (6 -> 3)
  Optimizing lut $abc$26773$auto$blifparse.cc:557:parse_blif$26787.genblk1.genblk1.genblk1.genblk1.genblk1.genblk1.genblk1.genblk1.genblk1.lut0 (6 -> 3)
  Optimizing lut $abc$26773$auto$blifparse.cc:557:parse_blif$26787.genblk1.genblk1.genblk1.genblk1.genblk1.genblk1.genblk1.genblk1.genblk1.lut1 (6 -> 3)
  Optimizing lut $abc$26773$auto$blifparse.cc:557:parse_blif$26792.genblk1.genblk1.genblk1.genblk1.genblk1.genblk1.genblk1.genblk1.genblk1.lut1 (6 -> 3)
  Optimizing lut $abc$26773$auto$blifparse.cc:557:parse_blif$26781.genblk1.genblk1.genblk1.genblk1.genblk1.genblk1.genblk1.genblk1.genblk1.lut0 (6 -> 3)
  Optimizing lut $abc$26773$auto$blifparse.cc:557:parse_blif$26798.genblk1.genblk1.genblk1.genblk1.genblk1.genblk1.genblk1.genblk1.genblk1.lut0 (6 -> 3)
  Optimizing lut $abc$26773$auto$blifparse.cc:557:parse_blif$26798.genblk1.genblk1.genblk1.genblk1.genblk1.genblk1.genblk1.genblk1.genblk1.lut1 (6 -> 3)
  Optimizing lut $abc$26773$auto$blifparse.cc:557:parse_blif$26803.genblk1.genblk1.genblk1.genblk1.genblk1.genblk1.genblk1.genblk1.genblk1.lut1 (6 -> 3)
  Optimizing lut $abc$26773$auto$blifparse.cc:557:parse_blif$26792.genblk1.genblk1.genblk1.genblk1.genblk1.genblk1.genblk1.genblk1.genblk1.lut0 (6 -> 3)
  Optimizing lut $abc$26773$auto$blifparse.cc:557:parse_blif$26809.genblk1.genblk1.genblk1.genblk1.genblk1.genblk1.genblk1.genblk1.genblk1.lut0 (6 -> 3)
  Optimizing lut $abc$26773$auto$blifparse.cc:557:parse_blif$26809.genblk1.genblk1.genblk1.genblk1.genblk1.genblk1.genblk1.genblk1.genblk1.lut1 (6 -> 3)
  Optimizing lut $abc$26773$auto$blifparse.cc:557:parse_blif$26814.genblk1.genblk1.genblk1.genblk1.genblk1.genblk1.genblk1.genblk1.genblk1.lut1 (6 -> 3)
  Optimizing lut $abc$26773$auto$blifparse.cc:557:parse_blif$26803.genblk1.genblk1.genblk1.genblk1.genblk1.genblk1.genblk1.genblk1.genblk1.lut0 (6 -> 3)
  Optimizing lut $abc$26773$auto$blifparse.cc:557:parse_blif$26820.genblk1.genblk1.genblk1.genblk1.genblk1.genblk1.genblk1.genblk1.genblk1.lut0 (6 -> 3)
  Optimizing lut $abc$26773$auto$blifparse.cc:557:parse_blif$26820.genblk1.genblk1.genblk1.genblk1.genblk1.genblk1.genblk1.genblk1.genblk1.lut1 (6 -> 3)
  Optimizing lut $abc$26773$auto$blifparse.cc:557:parse_blif$26825.genblk1.genblk1.genblk1.genblk1.genblk1.genblk1.genblk1.genblk1.genblk1.lut1 (6 -> 3)
  Optimizing lut $abc$26773$auto$blifparse.cc:557:parse_blif$26814.genblk1.genblk1.genblk1.genblk1.genblk1.genblk1.genblk1.genblk1.genblk1.lut0 (6 -> 3)
  Optimizing lut $abc$26773$auto$blifparse.cc:557:parse_blif$26831.genblk1.genblk1.genblk1.genblk1.genblk1.genblk1.genblk1.genblk1.genblk1.lut0 (6 -> 3)
  Optimizing lut $abc$26773$auto$blifparse.cc:557:parse_blif$26831.genblk1.genblk1.genblk1.genblk1.genblk1.genblk1.genblk1.genblk1.genblk1.lut1 (6 -> 3)
  Optimizing lut $abc$26773$auto$blifparse.cc:557:parse_blif$26836.genblk1.genblk1.genblk1.genblk1.genblk1.genblk1.genblk1.genblk1.genblk1.lut1 (6 -> 3)
  Optimizing lut $abc$26773$auto$blifparse.cc:557:parse_blif$26825.genblk1.genblk1.genblk1.genblk1.genblk1.genblk1.genblk1.genblk1.genblk1.lut0 (6 -> 3)
  Optimizing lut $abc$26773$auto$blifparse.cc:557:parse_blif$26843.genblk1.genblk1.genblk1.genblk1.genblk1.genblk1.genblk1.genblk1.genblk1.lut0 (6 -> 3)
  Optimizing lut $abc$26773$auto$blifparse.cc:557:parse_blif$26843.genblk1.genblk1.genblk1.genblk1.genblk1.genblk1.genblk1.genblk1.genblk1.lut1 (6 -> 3)
  Optimizing lut $abc$26773$auto$blifparse.cc:557:parse_blif$26848.genblk1.genblk1.genblk1.genblk1.genblk1.genblk1.genblk1.genblk1.genblk1.lut1 (6 -> 3)
  Optimizing lut $abc$26773$auto$blifparse.cc:557:parse_blif$26836.genblk1.genblk1.genblk1.genblk1.genblk1.genblk1.genblk1.genblk1.genblk1.lut0 (6 -> 3)
  Optimizing lut $abc$26773$auto$blifparse.cc:557:parse_blif$26854.genblk1.genblk1.genblk1.genblk1.genblk1.genblk1.genblk1.genblk1.genblk1.lut0 (6 -> 3)
  Optimizing lut $abc$26773$auto$blifparse.cc:557:parse_blif$26854.genblk1.genblk1.genblk1.genblk1.genblk1.genblk1.genblk1.genblk1.genblk1.lut1 (6 -> 3)
  Optimizing lut $abc$26773$auto$blifparse.cc:557:parse_blif$26859.genblk1.genblk1.genblk1.genblk1.genblk1.genblk1.genblk1.genblk1.genblk1.lut1 (6 -> 3)
  Optimizing lut $abc$26773$auto$blifparse.cc:557:parse_blif$26848.genblk1.genblk1.genblk1.genblk1.genblk1.genblk1.genblk1.genblk1.genblk1.lut0 (6 -> 3)
  Optimizing lut $abc$26773$auto$blifparse.cc:557:parse_blif$26865.genblk1.genblk1.genblk1.genblk1.genblk1.genblk1.genblk1.genblk1.genblk1.lut0 (6 -> 3)
  Optimizing lut $abc$26773$auto$blifparse.cc:557:parse_blif$26865.genblk1.genblk1.genblk1.genblk1.genblk1.genblk1.genblk1.genblk1.genblk1.lut1 (6 -> 3)
  Optimizing lut $abc$26773$auto$blifparse.cc:557:parse_blif$26870.genblk1.genblk1.genblk1.genblk1.genblk1.genblk1.genblk1.genblk1.genblk1.lut1 (6 -> 3)
  Optimizing lut $abc$26773$auto$blifparse.cc:557:parse_blif$26859.genblk1.genblk1.genblk1.genblk1.genblk1.genblk1.genblk1.genblk1.genblk1.lut0 (6 -> 3)
  Optimizing lut $abc$26773$auto$blifparse.cc:557:parse_blif$26876.genblk1.genblk1.genblk1.genblk1.genblk1.genblk1.genblk1.genblk1.genblk1.lut0 (6 -> 3)
  Optimizing lut $abc$26773$auto$blifparse.cc:557:parse_blif$26876.genblk1.genblk1.genblk1.genblk1.genblk1.genblk1.genblk1.genblk1.genblk1.lut1 (6 -> 3)
  Optimizing lut $abc$26773$auto$blifparse.cc:557:parse_blif$26881.genblk1.genblk1.genblk1.genblk1.genblk1.genblk1.genblk1.genblk1.genblk1.lut1 (6 -> 3)
  Optimizing lut $abc$26773$auto$blifparse.cc:557:parse_blif$26870.genblk1.genblk1.genblk1.genblk1.genblk1.genblk1.genblk1.genblk1.genblk1.lut0 (6 -> 3)
  Optimizing lut $abc$26773$auto$blifparse.cc:557:parse_blif$26887.genblk1.genblk1.genblk1.genblk1.genblk1.genblk1.genblk1.genblk1.genblk1.lut0 (6 -> 3)
  Optimizing lut $abc$26773$auto$blifparse.cc:557:parse_blif$26887.genblk1.genblk1.genblk1.genblk1.genblk1.genblk1.genblk1.genblk1.genblk1.lut1 (6 -> 3)
  Optimizing lut $abc$26773$auto$blifparse.cc:557:parse_blif$26892.genblk1.genblk1.genblk1.genblk1.genblk1.genblk1.genblk1.genblk1.genblk1.lut1 (6 -> 3)
  Optimizing lut $abc$26773$auto$blifparse.cc:557:parse_blif$26881.genblk1.genblk1.genblk1.genblk1.genblk1.genblk1.genblk1.genblk1.genblk1.lut0 (6 -> 3)
  Optimizing lut $abc$26773$auto$blifparse.cc:557:parse_blif$26898.genblk1.genblk1.genblk1.genblk1.genblk1.genblk1.genblk1.genblk1.genblk1.lut0 (6 -> 3)
  Optimizing lut $abc$26773$auto$blifparse.cc:557:parse_blif$26898.genblk1.genblk1.genblk1.genblk1.genblk1.genblk1.genblk1.genblk1.genblk1.lut1 (6 -> 3)
  Optimizing lut $abc$26773$auto$blifparse.cc:557:parse_blif$26903.genblk1.genblk1.genblk1.genblk1.genblk1.genblk1.genblk1.genblk1.genblk1.lut1 (6 -> 3)
  Optimizing lut $abc$26773$auto$blifparse.cc:557:parse_blif$26892.genblk1.genblk1.genblk1.genblk1.genblk1.genblk1.genblk1.genblk1.genblk1.lut0 (6 -> 3)
  Optimizing lut $abc$26773$auto$blifparse.cc:557:parse_blif$26910.genblk1.genblk1.genblk1.genblk1.genblk1.genblk1.genblk1.genblk1.genblk1.lut0 (6 -> 3)
  Optimizing lut $abc$26773$auto$blifparse.cc:557:parse_blif$26910.genblk1.genblk1.genblk1.genblk1.genblk1.genblk1.genblk1.genblk1.genblk1.lut1 (6 -> 3)
  Optimizing lut $abc$26773$auto$blifparse.cc:557:parse_blif$26915.genblk1.genblk1.genblk1.genblk1.genblk1.genblk1.genblk1.genblk1.genblk1.lut1 (6 -> 3)
  Optimizing lut $abc$26773$auto$blifparse.cc:557:parse_blif$26903.genblk1.genblk1.genblk1.genblk1.genblk1.genblk1.genblk1.genblk1.genblk1.lut0 (6 -> 3)
  Optimizing lut $abc$26773$auto$blifparse.cc:557:parse_blif$26921.genblk1.genblk1.genblk1.genblk1.genblk1.genblk1.genblk1.genblk1.genblk1.lut0 (6 -> 3)
  Optimizing lut $abc$26773$auto$blifparse.cc:557:parse_blif$26921.genblk1.genblk1.genblk1.genblk1.genblk1.genblk1.genblk1.genblk1.genblk1.lut1 (6 -> 3)
  Optimizing lut $abc$26773$auto$blifparse.cc:557:parse_blif$26926.genblk1.genblk1.genblk1.genblk1.genblk1.genblk1.genblk1.genblk1.genblk1.lut1 (6 -> 3)
  Optimizing lut $abc$26773$auto$blifparse.cc:557:parse_blif$26915.genblk1.genblk1.genblk1.genblk1.genblk1.genblk1.genblk1.genblk1.genblk1.lut0 (6 -> 3)
  Optimizing lut $abc$26773$auto$blifparse.cc:557:parse_blif$26932.genblk1.genblk1.genblk1.genblk1.genblk1.genblk1.genblk1.genblk1.genblk1.lut0 (6 -> 3)
  Optimizing lut $abc$26773$auto$blifparse.cc:557:parse_blif$26932.genblk1.genblk1.genblk1.genblk1.genblk1.genblk1.genblk1.genblk1.genblk1.lut1 (6 -> 3)
  Optimizing lut $abc$26773$auto$blifparse.cc:557:parse_blif$26937.genblk1.genblk1.genblk1.genblk1.genblk1.genblk1.genblk1.genblk1.genblk1.lut1 (6 -> 3)
  Optimizing lut $abc$26773$auto$blifparse.cc:557:parse_blif$26926.genblk1.genblk1.genblk1.genblk1.genblk1.genblk1.genblk1.genblk1.genblk1.lut0 (6 -> 3)
  Optimizing lut $abc$26773$auto$blifparse.cc:557:parse_blif$26943.genblk1.genblk1.genblk1.genblk1.genblk1.genblk1.genblk1.genblk1.genblk1.lut0 (6 -> 3)
  Optimizing lut $abc$26773$auto$blifparse.cc:557:parse_blif$26943.genblk1.genblk1.genblk1.genblk1.genblk1.genblk1.genblk1.genblk1.genblk1.lut1 (6 -> 3)
  Optimizing lut $abc$26773$auto$blifparse.cc:557:parse_blif$26948.genblk1.genblk1.genblk1.genblk1.genblk1.genblk1.genblk1.genblk1.genblk1.lut1 (6 -> 3)
  Optimizing lut $abc$26773$auto$blifparse.cc:557:parse_blif$26937.genblk1.genblk1.genblk1.genblk1.genblk1.genblk1.genblk1.genblk1.genblk1.lut0 (6 -> 3)
  Optimizing lut $abc$26773$auto$blifparse.cc:557:parse_blif$26954.genblk1.genblk1.genblk1.genblk1.genblk1.genblk1.genblk1.genblk1.genblk1.lut0 (6 -> 3)
  Optimizing lut $abc$26773$auto$blifparse.cc:557:parse_blif$26954.genblk1.genblk1.genblk1.genblk1.genblk1.genblk1.genblk1.genblk1.genblk1.lut1 (6 -> 3)
  Optimizing lut $abc$26773$auto$blifparse.cc:557:parse_blif$26959.genblk1.genblk1.genblk1.genblk1.genblk1.genblk1.genblk1.genblk1.genblk1.lut1 (6 -> 3)
  Optimizing lut $abc$26773$auto$blifparse.cc:557:parse_blif$26948.genblk1.genblk1.genblk1.genblk1.genblk1.genblk1.genblk1.genblk1.genblk1.lut0 (6 -> 3)
  Optimizing lut $abc$26773$auto$blifparse.cc:557:parse_blif$26965.genblk1.genblk1.genblk1.genblk1.genblk1.genblk1.genblk1.genblk1.genblk1.lut0 (6 -> 3)
  Optimizing lut $abc$26773$auto$blifparse.cc:557:parse_blif$26965.genblk1.genblk1.genblk1.genblk1.genblk1.genblk1.genblk1.genblk1.genblk1.lut1 (6 -> 3)
  Optimizing lut $abc$26773$auto$blifparse.cc:557:parse_blif$26970.genblk1.genblk1.genblk1.genblk1.genblk1.genblk1.genblk1.genblk1.genblk1.lut1 (6 -> 3)
  Optimizing lut $abc$26773$auto$blifparse.cc:557:parse_blif$26959.genblk1.genblk1.genblk1.genblk1.genblk1.genblk1.genblk1.genblk1.genblk1.lut0 (6 -> 3)
  Optimizing lut $abc$26773$auto$blifparse.cc:557:parse_blif$26977.genblk1.genblk1.genblk1.genblk1.genblk1.genblk1.genblk1.genblk1.genblk1.lut0 (6 -> 3)
  Optimizing lut $abc$26773$auto$blifparse.cc:557:parse_blif$26977.genblk1.genblk1.genblk1.genblk1.genblk1.genblk1.genblk1.genblk1.genblk1.lut1 (6 -> 3)
  Optimizing lut $abc$26773$auto$blifparse.cc:557:parse_blif$26982.genblk1.genblk1.genblk1.genblk1.genblk1.genblk1.genblk1.genblk1.genblk1.lut1 (6 -> 3)
  Optimizing lut $abc$26773$auto$blifparse.cc:557:parse_blif$26970.genblk1.genblk1.genblk1.genblk1.genblk1.genblk1.genblk1.genblk1.genblk1.lut0 (6 -> 3)
  Optimizing lut $abc$26773$auto$blifparse.cc:557:parse_blif$26988.genblk1.genblk1.genblk1.genblk1.genblk1.genblk1.genblk1.genblk1.genblk1.lut0 (6 -> 3)
  Optimizing lut $abc$26773$auto$blifparse.cc:557:parse_blif$26988.genblk1.genblk1.genblk1.genblk1.genblk1.genblk1.genblk1.genblk1.genblk1.lut1 (6 -> 3)
  Optimizing lut $abc$26773$auto$blifparse.cc:557:parse_blif$26993.genblk1.genblk1.genblk1.genblk1.genblk1.genblk1.genblk1.genblk1.genblk1.lut1 (6 -> 3)
  Optimizing lut $abc$26773$auto$blifparse.cc:557:parse_blif$26982.genblk1.genblk1.genblk1.genblk1.genblk1.genblk1.genblk1.genblk1.genblk1.lut0 (6 -> 3)
  Optimizing lut $abc$26773$auto$blifparse.cc:557:parse_blif$26999.genblk1.genblk1.genblk1.genblk1.genblk1.genblk1.genblk1.genblk1.genblk1.lut0 (6 -> 3)
  Optimizing lut $abc$26773$auto$blifparse.cc:557:parse_blif$26999.genblk1.genblk1.genblk1.genblk1.genblk1.genblk1.genblk1.genblk1.genblk1.lut1 (6 -> 3)
  Optimizing lut $abc$26773$auto$blifparse.cc:557:parse_blif$27004.genblk1.genblk1.genblk1.genblk1.genblk1.genblk1.genblk1.genblk1.genblk1.lut1 (6 -> 3)
  Optimizing lut $abc$26773$auto$blifparse.cc:557:parse_blif$26993.genblk1.genblk1.genblk1.genblk1.genblk1.genblk1.genblk1.genblk1.genblk1.lut0 (6 -> 3)
  Optimizing lut $abc$26773$auto$blifparse.cc:557:parse_blif$27010.genblk1.genblk1.genblk1.genblk1.genblk1.genblk1.genblk1.genblk1.genblk1.lut0 (6 -> 3)
  Optimizing lut $abc$26773$auto$blifparse.cc:557:parse_blif$27010.genblk1.genblk1.genblk1.genblk1.genblk1.genblk1.genblk1.genblk1.genblk1.lut1 (6 -> 3)
  Optimizing lut $abc$26773$auto$blifparse.cc:557:parse_blif$27015.genblk1.genblk1.genblk1.genblk1.genblk1.genblk1.genblk1.genblk1.genblk1.lut1 (6 -> 3)
  Optimizing lut $abc$26773$auto$blifparse.cc:557:parse_blif$27004.genblk1.genblk1.genblk1.genblk1.genblk1.genblk1.genblk1.genblk1.genblk1.lut0 (6 -> 3)
  Optimizing lut $abc$26773$auto$blifparse.cc:557:parse_blif$27021.genblk1.genblk1.genblk1.genblk1.genblk1.genblk1.genblk1.genblk1.genblk1.lut0 (6 -> 3)
  Optimizing lut $abc$26773$auto$blifparse.cc:557:parse_blif$27021.genblk1.genblk1.genblk1.genblk1.genblk1.genblk1.genblk1.genblk1.genblk1.lut1 (6 -> 3)
  Optimizing lut $abc$26773$auto$blifparse.cc:557:parse_blif$27026.genblk1.genblk1.genblk1.genblk1.genblk1.genblk1.genblk1.genblk1.genblk1.lut1 (6 -> 3)
  Optimizing lut $abc$26773$auto$blifparse.cc:557:parse_blif$27015.genblk1.genblk1.genblk1.genblk1.genblk1.genblk1.genblk1.genblk1.genblk1.lut0 (6 -> 3)
  Optimizing lut $abc$26773$auto$blifparse.cc:557:parse_blif$27032.genblk1.genblk1.genblk1.genblk1.genblk1.genblk1.genblk1.genblk1.genblk1.lut0 (6 -> 3)
  Optimizing lut $abc$26773$auto$blifparse.cc:557:parse_blif$27032.genblk1.genblk1.genblk1.genblk1.genblk1.genblk1.genblk1.genblk1.genblk1.lut1 (6 -> 3)
  Optimizing lut $abc$26773$auto$blifparse.cc:557:parse_blif$27037.genblk1.genblk1.genblk1.genblk1.genblk1.genblk1.genblk1.genblk1.genblk1.lut1 (6 -> 3)
  Optimizing lut $abc$26773$auto$blifparse.cc:557:parse_blif$27026.genblk1.genblk1.genblk1.genblk1.genblk1.genblk1.genblk1.genblk1.genblk1.lut0 (6 -> 3)
  Optimizing lut $abc$26773$auto$blifparse.cc:557:parse_blif$27069.genblk1.genblk1.genblk1.genblk1.genblk1.genblk1.genblk1.genblk1.genblk1.lut0 (6 -> 3)
  Optimizing lut $abc$26773$auto$blifparse.cc:557:parse_blif$27043.genblk1.genblk1.genblk1.genblk1.genblk1.genblk1.genblk1.genblk1.genblk1.lut1 (6 -> 3)
  Optimizing lut $abc$26773$auto$blifparse.cc:557:parse_blif$27056.genblk1.genblk1.genblk1.genblk1.genblk1.genblk1.genblk1.genblk1.genblk1.lut1 (6 -> 3)
  Optimizing lut $abc$26773$auto$blifparse.cc:557:parse_blif$27037.genblk1.genblk1.genblk1.genblk1.genblk1.genblk1.genblk1.genblk1.genblk1.lut0 (6 -> 3)
  Optimizing lut $abc$26773$auto$blifparse.cc:557:parse_blif$27069.genblk1.genblk1.genblk1.genblk1.genblk1.genblk1.genblk1.genblk1.genblk1.lut1 (6 -> 3)
  Optimizing lut $abc$26773$auto$blifparse.cc:557:parse_blif$27043.genblk1.genblk1.genblk1.genblk1.genblk1.genblk1.genblk1.genblk1.genblk1.lut0 (6 -> 3)
  Optimizing lut $abc$26773$auto$blifparse.cc:557:parse_blif$27082.genblk1.genblk1.genblk1.genblk1.genblk1.genblk1.genblk1.genblk1.genblk1.lut1 (6 -> 3)
  Optimizing lut $abc$26773$auto$blifparse.cc:557:parse_blif$27056.genblk1.genblk1.genblk1.genblk1.genblk1.genblk1.genblk1.genblk1.genblk1.lut0 (6 -> 3)
  Optimizing lut $abc$26773$auto$blifparse.cc:557:parse_blif$27714.genblk1.genblk1.genblk1.genblk1.genblk1.genblk1.genblk1.genblk1.genblk1.lut0 (6 -> 3)
  Optimizing lut $abc$26773$auto$blifparse.cc:557:parse_blif$27694.genblk1.genblk1.genblk1.genblk1.genblk1.genblk1.genblk1.genblk1.genblk1.lut1 (6 -> 3)
  Optimizing lut $abc$26773$auto$blifparse.cc:557:parse_blif$27699.genblk1.genblk1.genblk1.genblk1.genblk1.genblk1.genblk1.genblk1.genblk1.lut1 (6 -> 3)
  Optimizing lut $abc$26773$auto$blifparse.cc:557:parse_blif$27082.genblk1.genblk1.genblk1.genblk1.genblk1.genblk1.genblk1.genblk1.genblk1.lut0 (6 -> 3)
  Optimizing lut $abc$26773$auto$blifparse.cc:557:parse_blif$27704.genblk1.genblk1.genblk1.genblk1.genblk1.genblk1.genblk1.genblk1.genblk1.lut1 (6 -> 3)
  Optimizing lut $abc$26773$auto$blifparse.cc:557:parse_blif$27694.genblk1.genblk1.genblk1.genblk1.genblk1.genblk1.genblk1.genblk1.genblk1.lut0 (6 -> 3)
  Optimizing lut $abc$26773$auto$blifparse.cc:557:parse_blif$27709.genblk1.genblk1.genblk1.genblk1.genblk1.genblk1.genblk1.genblk1.genblk1.lut1 (6 -> 3)
  Optimizing lut $abc$26773$auto$blifparse.cc:557:parse_blif$27699.genblk1.genblk1.genblk1.genblk1.genblk1.genblk1.genblk1.genblk1.genblk1.lut0 (6 -> 3)
  Optimizing lut $abc$26773$auto$blifparse.cc:557:parse_blif$27714.genblk1.genblk1.genblk1.genblk1.genblk1.genblk1.genblk1.genblk1.genblk1.lut1 (6 -> 3)
  Optimizing lut $abc$26773$auto$blifparse.cc:557:parse_blif$27704.genblk1.genblk1.genblk1.genblk1.genblk1.genblk1.genblk1.genblk1.genblk1.lut0 (6 -> 3)
  Optimizing lut $abc$26773$auto$blifparse.cc:557:parse_blif$27719.genblk1.genblk1.genblk1.genblk1.genblk1.genblk1.genblk1.genblk1.genblk1.lut1 (6 -> 3)
  Optimizing lut $abc$26773$auto$blifparse.cc:557:parse_blif$27709.genblk1.genblk1.genblk1.genblk1.genblk1.genblk1.genblk1.genblk1.genblk1.lut0 (6 -> 3)
  Optimizing lut $abc$26773$auto$blifparse.cc:557:parse_blif$27745.genblk1.genblk1.genblk1.genblk1.genblk1.genblk1.genblk1.genblk1.genblk1.lut0 (6 -> 3)
  Optimizing lut $abc$26773$auto$blifparse.cc:557:parse_blif$27725.genblk1.genblk1.genblk1.genblk1.genblk1.genblk1.genblk1.genblk1.genblk1.lut1 (6 -> 3)
  Optimizing lut $abc$26773$auto$blifparse.cc:557:parse_blif$27730.genblk1.genblk1.genblk1.genblk1.genblk1.genblk1.genblk1.genblk1.genblk1.lut1 (6 -> 3)
  Optimizing lut $abc$26773$auto$blifparse.cc:557:parse_blif$27719.genblk1.genblk1.genblk1.genblk1.genblk1.genblk1.genblk1.genblk1.genblk1.lut0 (6 -> 3)
  Optimizing lut $abc$26773$auto$blifparse.cc:557:parse_blif$27735.genblk1.genblk1.genblk1.genblk1.genblk1.genblk1.genblk1.genblk1.genblk1.lut1 (6 -> 3)
  Optimizing lut $abc$26773$auto$blifparse.cc:557:parse_blif$27725.genblk1.genblk1.genblk1.genblk1.genblk1.genblk1.genblk1.genblk1.genblk1.lut0 (6 -> 3)
  Optimizing lut $abc$26773$auto$blifparse.cc:557:parse_blif$27740.genblk1.genblk1.genblk1.genblk1.genblk1.genblk1.genblk1.genblk1.genblk1.lut1 (6 -> 3)
  Optimizing lut $abc$26773$auto$blifparse.cc:557:parse_blif$27730.genblk1.genblk1.genblk1.genblk1.genblk1.genblk1.genblk1.genblk1.genblk1.lut0 (6 -> 3)
  Optimizing lut $abc$26773$auto$blifparse.cc:557:parse_blif$27745.genblk1.genblk1.genblk1.genblk1.genblk1.genblk1.genblk1.genblk1.genblk1.lut1 (6 -> 3)
  Optimizing lut $abc$26773$auto$blifparse.cc:557:parse_blif$27735.genblk1.genblk1.genblk1.genblk1.genblk1.genblk1.genblk1.genblk1.genblk1.lut0 (6 -> 3)
  Optimizing lut $abc$26773$auto$blifparse.cc:557:parse_blif$27750.genblk1.genblk1.genblk1.genblk1.genblk1.genblk1.genblk1.genblk1.genblk1.lut1 (6 -> 3)
  Optimizing lut $abc$26773$auto$blifparse.cc:557:parse_blif$27740.genblk1.genblk1.genblk1.genblk1.genblk1.genblk1.genblk1.genblk1.genblk1.lut0 (6 -> 3)
  Optimizing lut $abc$26773$auto$blifparse.cc:557:parse_blif$27859.genblk1.genblk1.genblk1.genblk1.genblk1.genblk1.genblk1.genblk1.genblk1.lut1 (6 -> 3)
  Optimizing lut $abc$26773$auto$blifparse.cc:557:parse_blif$27750.genblk1.genblk1.genblk1.genblk1.genblk1.genblk1.genblk1.genblk1.genblk1.lut0 (6 -> 3)
Optimizing LUTs in cap_pdb_parallel_compact_allocation_engine.
  Optimizing lut $abc$27911$auto$blifparse.cc:557:parse_blif$31637.genblk1.genblk1.genblk1.genblk1.genblk1.genblk1.genblk1.genblk1.genblk1.lut1 (6 -> 0)
  Optimizing lut $abc$27911$auto$blifparse.cc:557:parse_blif$31705.genblk1.genblk1.genblk1.genblk1.genblk1.genblk1.genblk1.genblk1.genblk1.lut1 (6 -> 0)
  Optimizing lut $abc$27911$auto$blifparse.cc:557:parse_blif$31616.genblk1.genblk1.genblk1.genblk1.genblk1.genblk1.genblk1.genblk1.genblk1.lut0 (6 -> 0)
  Optimizing lut $abc$27911$auto$blifparse.cc:557:parse_blif$31638.genblk1.genblk1.genblk1.genblk1.genblk1.genblk1.genblk1.genblk1.genblk1.genblk1.lut1.genblk1.genblk1.genblk1.genblk1.genblk1.genblk1.genblk1.genblk1.genblk1.lut1 (6 -> 0)
  Optimizing lut $abc$27911$auto$blifparse.cc:557:parse_blif$31614.genblk1.genblk1.genblk1.genblk1.genblk1.genblk1.genblk1.genblk1.genblk1.lut0 (6 -> 0)
  Optimizing lut $abc$27911$auto$blifparse.cc:557:parse_blif$31746.genblk1.genblk1.genblk1.genblk1.genblk1.genblk1.genblk1.genblk1.genblk1.lut1 (6 -> 1)
  Optimizing lut $abc$27911$auto$blifparse.cc:557:parse_blif$31575.genblk1.genblk1.genblk1.genblk1.genblk1.genblk1.genblk1.genblk1.genblk1.lut1 (6 -> 0)
  Optimizing lut $abc$27911$auto$blifparse.cc:557:parse_blif$31635.genblk1.genblk1.genblk1.genblk1.genblk1.genblk1.genblk1.genblk1.genblk1.lut0 (6 -> 0)
  Optimizing lut $abc$27911$auto$blifparse.cc:557:parse_blif$31638.genblk1.genblk1.genblk1.genblk1.genblk1.genblk1.genblk1.genblk1.genblk1.genblk1.lut0.genblk1.genblk1.genblk1.genblk1.genblk1.genblk1.genblk1.genblk1.genblk1.lut1 (6 -> 0)
  Optimizing lut $abc$27911$auto$blifparse.cc:557:parse_blif$31638.genblk1.genblk1.genblk1.genblk1.genblk1.genblk1.genblk1.genblk1.genblk1.genblk1.lut0.genblk1.genblk1.genblk1.genblk1.genblk1.genblk1.genblk1.genblk1.genblk1.lut0 (6 -> 0)
  Optimizing lut $abc$27911$auto$blifparse.cc:557:parse_blif$31640.genblk1.genblk1.genblk1.genblk1.genblk1.genblk1.genblk1.genblk1.genblk1.lut1 (6 -> 0)
  Optimizing lut $abc$27911$auto$blifparse.cc:557:parse_blif$31685.genblk1.genblk1.genblk1.genblk1.genblk1.genblk1.genblk1.genblk1.genblk1.lut1 (6 -> 0)
  Optimizing lut $abc$27911$auto$blifparse.cc:557:parse_blif$31690.genblk1.genblk1.genblk1.genblk1.genblk1.genblk1.genblk1.genblk1.genblk1.lut1 (6 -> 0)

5.48. Executing CLKBUFMAP pass (inserting clock buffers).
Inserting BUFG on cap_pdb_parallel_compact_allocation_engine.$iopadmap$clk[0].
Removed 624 unused cells and 19073 unused wires.

5.49. Executing HIERARCHY pass (managing design hierarchy).
Attribute `top' found on module `cap_pdb_parallel_compact_allocation_engine'. Setting top module to cap_pdb_parallel_compact_allocation_engine.

5.49.1. Analyzing design hierarchy..
Top module:  \cap_pdb_parallel_compact_allocation_engine
Used module:     $paramod$cbc3189b30a0f0ae8c16e45df15b3f5a54303a8f\cap_pdb_masked_min32
Used module:     $paramod$b5bfe1d4fce40940586b6e35fec61194ae5a8fde\cap_pdb_state_wide_bank

5.49.2. Analyzing design hierarchy..
Top module:  \cap_pdb_parallel_compact_allocation_engine
Used module:     $paramod$cbc3189b30a0f0ae8c16e45df15b3f5a54303a8f\cap_pdb_masked_min32
Used module:     $paramod$b5bfe1d4fce40940586b6e35fec61194ae5a8fde\cap_pdb_state_wide_bank
Removed 0 unused modules.

5.50. Printing statistics.

=== $paramod$b5bfe1d4fce40940586b6e35fec61194ae5a8fde\cap_pdb_state_wide_bank ===

        +----------Local Count, excluding submodules.
        |
        8 wires
     1081 wire bits
        7 public wires
     1045 public wire bits
        7 ports
     1045 port bits
       15 cells
       15   RAMB18E1

   Estimated number of LCs:          0

=== $paramod$cbc3189b30a0f0ae8c16e45df15b3f5a54303a8f\cap_pdb_masked_min32 ===

        +----------Local Count, excluding submodules.
        |
      638 wires
     3348 wire bits
        3 public wires
      560 public wire bits
        3 ports
      560 port bits
     1202 cells
      144   LUT2
      320   LUT3
       20   LUT4
      367   LUT5
      351   LUT6
      127 submodules
       62   CARRY4
       65   MUXF7

   Estimated number of LCs:       1058

=== cap_pdb_parallel_compact_allocation_engine ===

        +----------Local Count, excluding submodules.
        |
     2086 wires
    19905 wire bits
      140 public wires
    11237 public wire bits
       15 ports
     1056 port bits
     5632 cells
        1   BUFG
     1013   IBUF
      405   INV
        1   LUT1
      744   LUT2
     1291   LUT3
       32   LUT4
      234   LUT5
     1868   LUT6
       43   OBUF
     1074 submodules
       13   $paramod$b5bfe1d4fce40940586b6e35fec61194ae5a8fde\cap_pdb_state_wide_bank
       13   $paramod$cbc3189b30a0f0ae8c16e45df15b3f5a54303a8f\cap_pdb_masked_min32
      244   CARRY4
      462   FDRE
      208   FDSE
      103   MUXF7
       31   MUXF8

   Estimated number of LCs:      17179

=== design hierarchy ===

        +----------Count including submodules.
        |
    21453 cap_pdb_parallel_compact_allocation_engine
       15 $paramod$b5bfe1d4fce40940586b6e35fec61194ae5a8fde\cap_pdb_state_wide_bank
     1202 $paramod$cbc3189b30a0f0ae8c16e45df15b3f5a54303a8f\cap_pdb_masked_min32

        +----------Count including submodules.
        |
    10484 wires
    77482 wire bits
      270 public wires
    32102 public wire bits
      145 ports
    21921 port bits
        - memories
        - memory bits
        - processes
    21453 cells
        1   BUFG
     1013   IBUF
      405   INV
        1   LUT1
     2616   LUT2
     5451   LUT3
      292   LUT4
     5005   LUT5
     6431   LUT6
       43   OBUF
      195   RAMB18E1
     1074 submodules
       13   $paramod$b5bfe1d4fce40940586b6e35fec61194ae5a8fde\cap_pdb_state_wide_bank
       13   $paramod$cbc3189b30a0f0ae8c16e45df15b3f5a54303a8f\cap_pdb_masked_min32
      244   CARRY4
      462   FDRE
      208   FDSE
      103   MUXF7
       31   MUXF8

   Estimated number of LCs:      17179

5.51. Executing CHECK pass (checking for obvious problems).
Checking module $paramod$b5bfe1d4fce40940586b6e35fec61194ae5a8fde\cap_pdb_state_wide_bank...
Checking module $paramod$cbc3189b30a0f0ae8c16e45df15b3f5a54303a8f\cap_pdb_masked_min32...
Checking module cap_pdb_parallel_compact_allocation_engine...
Found and reported 0 problems.

6. Executing CHECK pass (checking for obvious problems).
Checking module $paramod$b5bfe1d4fce40940586b6e35fec61194ae5a8fde\cap_pdb_state_wide_bank...
Checking module $paramod$cbc3189b30a0f0ae8c16e45df15b3f5a54303a8f\cap_pdb_masked_min32...
Checking module cap_pdb_parallel_compact_allocation_engine...
Found and reported 0 problems.

7. Printing statistics.

=== $paramod$b5bfe1d4fce40940586b6e35fec61194ae5a8fde\cap_pdb_state_wide_bank ===

        +----------Local Count, excluding submodules.
        |
        8 wires
     1081 wire bits
        7 public wires
     1045 public wire bits
        7 ports
     1045 port bits
       15 cells
       15   RAMB18E1

=== $paramod$cbc3189b30a0f0ae8c16e45df15b3f5a54303a8f\cap_pdb_masked_min32 ===

        +----------Local Count, excluding submodules.
        |
      638 wires
     3348 wire bits
        3 public wires
      560 public wire bits
        3 ports
      560 port bits
     1329 cells
       62   CARRY4
      144   LUT2
      320   LUT3
       20   LUT4
      367   LUT5
      351   LUT6
       65   MUXF7

=== cap_pdb_parallel_compact_allocation_engine ===

        +----------Local Count, excluding submodules.
        |
     2086 wires
    19905 wire bits
      140 public wires
    11237 public wire bits
       15 ports
     1056 port bits
     6680 cells
        1   BUFG
      244   CARRY4
      462   FDRE
      208   FDSE
     1013   IBUF
      405   INV
        1   LUT1
      744   LUT2
     1291   LUT3
       32   LUT4
      234   LUT5
     1868   LUT6
      103   MUXF7
       31   MUXF8
       43   OBUF
       26 submodules
       13   $paramod$b5bfe1d4fce40940586b6e35fec61194ae5a8fde\cap_pdb_state_wide_bank
       13   $paramod$cbc3189b30a0f0ae8c16e45df15b3f5a54303a8f\cap_pdb_masked_min32

=== design hierarchy ===

        +----------Count including submodules.
        |
    24152 cap_pdb_parallel_compact_allocation_engine
       15 $paramod$b5bfe1d4fce40940586b6e35fec61194ae5a8fde\cap_pdb_state_wide_bank
     1329 $paramod$cbc3189b30a0f0ae8c16e45df15b3f5a54303a8f\cap_pdb_masked_min32

        +----------Count including submodules.
        |
    10484 wires
    77482 wire bits
      270 public wires
    32102 public wire bits
      145 ports
    21921 port bits
        - memories
        - memory bits
        - processes
    24152 cells
        1   BUFG
     1050   CARRY4
      462   FDRE
      208   FDSE
     1013   IBUF
      405   INV
        1   LUT1
     2616   LUT2
     5451   LUT3
      292   LUT4
     5005   LUT5
     6431   LUT6
      948   MUXF7
       31   MUXF8
       43   OBUF
      195   RAMB18E1
       26 submodules
       13   $paramod$b5bfe1d4fce40940586b6e35fec61194ae5a8fde\cap_pdb_state_wide_bank
       13   $paramod$cbc3189b30a0f0ae8c16e45df15b3f5a54303a8f\cap_pdb_masked_min32

Warnings: 2 unique messages, 4 total
End of script. Logfile hash: 274578b9d4, time: 25.38s, user: 25.40s, system: 0.00s
Yosys 0.64 (git sha1 ca8886890, ccache clang++  -O3 -fwasm-exceptions -mllvm) [yowasp/yosys at release]
Time spent: 72% 1x abc (18 sec), 9% 19x read_verilog (2 sec), ...
