yowasp-yosys: fetched 0% (0 / 53963000)
yowasp-yosys: fetched 20% (10618880 / 53963000)
yowasp-yosys: fetched 100% (53926307 / 53963000)
yowasp-yosys: fetched 100% (53960988 / 53963000)
yowasp-yosys: fetched 100% (53962370 / 53963000)
yowasp-yosys: fetched 100% (53963000 / 53963000)

 /----------------------------------------------------------------------------\
 |  yosys -- Yosys Open SYnthesis Suite                                       |
 |  Copyright (C) 2012 - 2026  Claire Xenia Wolf <claire@yosyshq.com>         |
 |  Distributed under an ISC-like license, type "license" to see terms        |
 \----------------------------------------------------------------------------/
 Yosys 0.64 (git sha1 ca8886890, ccache clang++  -O3 -fwasm-exceptions -mllvm) [yowasp/yosys at release]

-- Running command `read_verilog -sv cap_pdb_parallel_compact_engine.sv; chparam -set K 64 -set ORDER 4 -set GROUPS 13 -set STATE_BITS 5 -set COST_W 16 -set ACC_W 24 -set SPLIT 48 -set LANES 8 cap_pdb_parallel_compact_allocation_engine; hierarchy -top cap_pdb_parallel_compact_allocation_engine; check -assert; synth_xilinx -family xc7 -top cap_pdb_parallel_compact_allocation_engine; check -assert; stat' --

1. Executing Verilog-2005 frontend: cap_pdb_parallel_compact_engine.sv
Parsing SystemVerilog input from `cap_pdb_parallel_compact_engine.sv' to AST representation.
Generating RTLIL representation for module `\cap_pdb_state_wide_bank'.
Generating RTLIL representation for module `\cap_pdb_masked_min32'.
Generating RTLIL representation for module `\cap_pdb_parallel_compact_allocation_engine'.
Warning: Replacing memory \group_minimum with list of registers. See cap_pdb_parallel_compact_engine.sv:259
Warning: Replacing memory \remaining with list of registers. See cap_pdb_parallel_compact_engine.sv:258
Successfully finished Verilog frontend.
Parameter \K = 64
Parameter \ORDER = 4
Parameter \GROUPS = 13
Parameter \STATE_BITS = 5
Parameter \COST_W = 16
Parameter \ACC_W = 24
Parameter \SPLIT = 48
Parameter \LANES = 8

2. Executing AST frontend in derive mode using pre-parsed AST for module `\cap_pdb_parallel_compact_allocation_engine'.
Parameter \K = 64
Parameter \ORDER = 4
Parameter \GROUPS = 13
Parameter \STATE_BITS = 5
Parameter \COST_W = 16
Parameter \ACC_W = 24
Parameter \SPLIT = 48
Parameter \LANES = 8
Generating RTLIL representation for module `$paramod$2134ce54996b147a6361532987bccd88cf4ea44f\cap_pdb_parallel_compact_allocation_engine'.
Warning: Replacing memory \group_minimum with list of registers. See cap_pdb_parallel_compact_engine.sv:259
Warning: Replacing memory \remaining with list of registers. See cap_pdb_parallel_compact_engine.sv:258

3. Executing HIERARCHY pass (managing design hierarchy).

3.1. Analyzing design hierarchy..
Top module:  \cap_pdb_parallel_compact_allocation_engine
Used module:     \cap_pdb_state_wide_bank
Used module:     \cap_pdb_masked_min32
Parameter \ROWS = 325
Parameter \ROW_ADDR_W = 9
Parameter \WORD_W = 512

3.2. Executing AST frontend in derive mode using pre-parsed AST for module `\cap_pdb_state_wide_bank'.
Parameter \ROWS = 325
Parameter \ROW_ADDR_W = 9
Parameter \WORD_W = 512
Generating RTLIL representation for module `$paramod$b5bfe1d4fce40940586b6e35fec61194ae5a8fde\cap_pdb_state_wide_bank'.
Parameter \COST_W = 16
Parameter \INF = 16'1111111111111111

3.3. Executing AST frontend in derive mode using pre-parsed AST for module `\cap_pdb_masked_min32'.
Parameter \COST_W = 16
Parameter \INF = 16'1111111111111111
Generating RTLIL representation for module `$paramod$cbc3189b30a0f0ae8c16e45df15b3f5a54303a8f\cap_pdb_masked_min32'.
Parameter \ROWS = 325
Parameter \ROW_ADDR_W = 9
Parameter \WORD_W = 512
Found cached RTLIL representation for module `$paramod$b5bfe1d4fce40940586b6e35fec61194ae5a8fde\cap_pdb_state_wide_bank'.
Parameter \COST_W = 16
Parameter \INF = 16'1111111111111111
Found cached RTLIL representation for module `$paramod$cbc3189b30a0f0ae8c16e45df15b3f5a54303a8f\cap_pdb_masked_min32'.
Parameter \ROWS = 325
Parameter \ROW_ADDR_W = 9
Parameter \WORD_W = 512
Found cached RTLIL representation for module `$paramod$b5bfe1d4fce40940586b6e35fec61194ae5a8fde\cap_pdb_state_wide_bank'.
Parameter \COST_W = 16
Parameter \INF = 16'1111111111111111
Found cached RTLIL representation for module `$paramod$cbc3189b30a0f0ae8c16e45df15b3f5a54303a8f\cap_pdb_masked_min32'.
Parameter \ROWS = 325
Parameter \ROW_ADDR_W = 9
Parameter \WORD_W = 512
Found cached RTLIL representation for module `$paramod$b5bfe1d4fce40940586b6e35fec61194ae5a8fde\cap_pdb_state_wide_bank'.
Parameter \COST_W = 16
Parameter \INF = 16'1111111111111111
Found cached RTLIL representation for module `$paramod$cbc3189b30a0f0ae8c16e45df15b3f5a54303a8f\cap_pdb_masked_min32'.
Parameter \ROWS = 325
Parameter \ROW_ADDR_W = 9
Parameter \WORD_W = 512
Found cached RTLIL representation for module `$paramod$b5bfe1d4fce40940586b6e35fec61194ae5a8fde\cap_pdb_state_wide_bank'.
Parameter \COST_W = 16
Parameter \INF = 16'1111111111111111
Found cached RTLIL representation for module `$paramod$cbc3189b30a0f0ae8c16e45df15b3f5a54303a8f\cap_pdb_masked_min32'.
Parameter \ROWS = 325
Parameter \ROW_ADDR_W = 9
Parameter \WORD_W = 512
Found cached RTLIL representation for module `$paramod$b5bfe1d4fce40940586b6e35fec61194ae5a8fde\cap_pdb_state_wide_bank'.
Parameter \COST_W = 16
Parameter \INF = 16'1111111111111111
Found cached RTLIL representation for module `$paramod$cbc3189b30a0f0ae8c16e45df15b3f5a54303a8f\cap_pdb_masked_min32'.
Parameter \ROWS = 325
Parameter \ROW_ADDR_W = 9
Parameter \WORD_W = 512
Found cached RTLIL representation for module `$paramod$b5bfe1d4fce40940586b6e35fec61194ae5a8fde\cap_pdb_state_wide_bank'.
Parameter \COST_W = 16
Parameter \INF = 16'1111111111111111
Found cached RTLIL representation for module `$paramod$cbc3189b30a0f0ae8c16e45df15b3f5a54303a8f\cap_pdb_masked_min32'.
Parameter \ROWS = 325
Parameter \ROW_ADDR_W = 9
Parameter \WORD_W = 512
Found cached RTLIL representation for module `$paramod$b5bfe1d4fce40940586b6e35fec61194ae5a8fde\cap_pdb_state_wide_bank'.
Parameter \COST_W = 16
Parameter \INF = 16'1111111111111111
Found cached RTLIL representation for module `$paramod$cbc3189b30a0f0ae8c16e45df15b3f5a54303a8f\cap_pdb_masked_min32'.
Parameter \ROWS = 325
Parameter \ROW_ADDR_W = 9
Parameter \WORD_W = 512
Found cached RTLIL representation for module `$paramod$b5bfe1d4fce40940586b6e35fec61194ae5a8fde\cap_pdb_state_wide_bank'.
Parameter \COST_W = 16
Parameter \INF = 16'1111111111111111
Found cached RTLIL representation for module `$paramod$cbc3189b30a0f0ae8c16e45df15b3f5a54303a8f\cap_pdb_masked_min32'.
Parameter \ROWS = 325
Parameter \ROW_ADDR_W = 9
Parameter \WORD_W = 512
Found cached RTLIL representation for module `$paramod$b5bfe1d4fce40940586b6e35fec61194ae5a8fde\cap_pdb_state_wide_bank'.
Parameter \COST_W = 16
Parameter \INF = 16'1111111111111111
Found cached RTLIL representation for module `$paramod$cbc3189b30a0f0ae8c16e45df15b3f5a54303a8f\cap_pdb_masked_min32'.
Parameter \ROWS = 325
Parameter \ROW_ADDR_W = 9
Parameter \WORD_W = 512
Found cached RTLIL representation for module `$paramod$b5bfe1d4fce40940586b6e35fec61194ae5a8fde\cap_pdb_state_wide_bank'.
Parameter \COST_W = 16
Parameter \INF = 16'1111111111111111
Found cached RTLIL representation for module `$paramod$cbc3189b30a0f0ae8c16e45df15b3f5a54303a8f\cap_pdb_masked_min32'.
Parameter \ROWS = 325
Parameter \ROW_ADDR_W = 9
Parameter \WORD_W = 512
Found cached RTLIL representation for module `$paramod$b5bfe1d4fce40940586b6e35fec61194ae5a8fde\cap_pdb_state_wide_bank'.
Parameter \COST_W = 16
Parameter \INF = 16'1111111111111111
Found cached RTLIL representation for module `$paramod$cbc3189b30a0f0ae8c16e45df15b3f5a54303a8f\cap_pdb_masked_min32'.
Parameter \ROWS = 325
Parameter \ROW_ADDR_W = 9
Parameter \WORD_W = 512
Found cached RTLIL representation for module `$paramod$b5bfe1d4fce40940586b6e35fec61194ae5a8fde\cap_pdb_state_wide_bank'.
Parameter \COST_W = 16
Parameter \INF = 16'1111111111111111
Found cached RTLIL representation for module `$paramod$cbc3189b30a0f0ae8c16e45df15b3f5a54303a8f\cap_pdb_masked_min32'.

3.4. Analyzing design hierarchy..
Top module:  \cap_pdb_parallel_compact_allocation_engine
Used module:     $paramod$b5bfe1d4fce40940586b6e35fec61194ae5a8fde\cap_pdb_state_wide_bank
Used module:     $paramod$cbc3189b30a0f0ae8c16e45df15b3f5a54303a8f\cap_pdb_masked_min32

3.5. Analyzing design hierarchy..
Top module:  \cap_pdb_parallel_compact_allocation_engine
Used module:     $paramod$b5bfe1d4fce40940586b6e35fec61194ae5a8fde\cap_pdb_state_wide_bank
Used module:     $paramod$cbc3189b30a0f0ae8c16e45df15b3f5a54303a8f\cap_pdb_masked_min32
Removing unused module `\cap_pdb_masked_min32'.
Removing unused module `\cap_pdb_state_wide_bank'.
Removed 2 unused modules.

4. Executing CHECK pass (checking for obvious problems).
Checking module cap_pdb_parallel_compact_allocation_engine...
Checking module $paramod$cbc3189b30a0f0ae8c16e45df15b3f5a54303a8f\cap_pdb_masked_min32...
Checking module $paramod$b5bfe1d4fce40940586b6e35fec61194ae5a8fde\cap_pdb_state_wide_bank...
Found and reported 0 problems.

5. Executing SYNTH_XILINX pass.

5.1. Executing Verilog-2005 frontend: /share/xilinx/cells_sim.v
Parsing Verilog input from `/share/xilinx/cells_sim.v' to AST representation.
Generating RTLIL representation for module `\VCC'.
Generating RTLIL representation for module `\GND'.
Generating RTLIL representation for module `\IBUF'.
Generating RTLIL representation for module `\IBUFG'.
Generating RTLIL representation for module `\OBUF'.
Generating RTLIL representation for module `\IOBUF'.
Generating RTLIL representation for module `\OBUFT'.
Generating RTLIL representation for module `\BUFG'.
Generating RTLIL representation for module `\BUFGCTRL'.
Generating RTLIL representation for module `\BUFHCE'.
Generating RTLIL representation for module `\INV'.
Generating RTLIL representation for module `\LUT1'.
Generating RTLIL representation for module `\LUT2'.
Generating RTLIL representation for module `\LUT3'.
Generating RTLIL representation for module `\LUT4'.
Generating RTLIL representation for module `\LUT5'.
Generating RTLIL representation for module `\LUT6'.
Generating RTLIL representation for module `\LUT6_2'.
Generating RTLIL representation for module `\$__ABC9_LUT7'.
Generating RTLIL representation for module `\$__ABC9_LUT8'.
Generating RTLIL representation for module `\MUXCY'.
Generating RTLIL representation for module `\MUXF5'.
Generating RTLIL representation for module `\MUXF6'.
Generating RTLIL representation for module `\MUXF7'.
Generating RTLIL representation for module `\MUXF8'.
Generating RTLIL representation for module `\MUXF9'.
Generating RTLIL representation for module `\XORCY'.
Generating RTLIL representation for module `\CARRY4'.
Generating RTLIL representation for module `\CARRY8'.
Generating RTLIL representation for module `\ORCY'.
Generating RTLIL representation for module `\MULT_AND'.
Generating RTLIL representation for module `\FDRE'.
Generating RTLIL representation for module `\FDRE_1'.
Generating RTLIL representation for module `\FDSE'.
Generating RTLIL representation for module `\FDSE_1'.
Generating RTLIL representation for module `\FDRSE'.
Generating RTLIL representation for module `\FDRSE_1'.
Generating RTLIL representation for module `\FDCE'.
Generating RTLIL representation for module `\FDCE_1'.
Generating RTLIL representation for module `\FDPE'.
Generating RTLIL representation for module `\FDPE_1'.
Generating RTLIL representation for module `\FDCPE'.
Generating RTLIL representation for module `\FDCPE_1'.
Generating RTLIL representation for module `\LDCE'.
Generating RTLIL representation for module `\LDPE'.
Generating RTLIL representation for module `\LDCPE'.
Generating RTLIL representation for module `\AND2B1L'.
Generating RTLIL representation for module `\OR2L'.
Generating RTLIL representation for module `\RAM16X1S'.
Generating RTLIL representation for module `\RAM16X1S_1'.
Generating RTLIL representation for module `\RAM32X1S'.
Generating RTLIL representation for module `\RAM32X1S_1'.
Generating RTLIL representation for module `\RAM64X1S'.
Generating RTLIL representation for module `\RAM64X1S_1'.
Generating RTLIL representation for module `\RAM128X1S'.
Generating RTLIL representation for module `\RAM128X1S_1'.
Generating RTLIL representation for module `\RAM256X1S'.
Generating RTLIL representation for module `\RAM512X1S'.
Generating RTLIL representation for module `\RAM16X2S'.
Generating RTLIL representation for module `\RAM32X2S'.
Generating RTLIL representation for module `\RAM64X2S'.
Generating RTLIL representation for module `\RAM16X4S'.
Generating RTLIL representation for module `\RAM32X4S'.
Generating RTLIL representation for module `\RAM16X8S'.
Generating RTLIL representation for module `\RAM32X8S'.
Generating RTLIL representation for module `\RAM16X1D'.
Generating RTLIL representation for module `\RAM16X1D_1'.
Generating RTLIL representation for module `\RAM32X1D'.
Generating RTLIL representation for module `\RAM32X1D_1'.
Generating RTLIL representation for module `\RAM64X1D'.
Generating RTLIL representation for module `\RAM64X1D_1'.
Generating RTLIL representation for module `\RAM128X1D'.
Generating RTLIL representation for module `\RAM256X1D'.
Generating RTLIL representation for module `\RAM32M'.
Generating RTLIL representation for module `\RAM32M16'.
Generating RTLIL representation for module `\RAM64M'.
Generating RTLIL representation for module `\RAM64M8'.
Generating RTLIL representation for module `\RAM32X16DR8'.
Generating RTLIL representation for module `\RAM64X8SW'.
Generating RTLIL representation for module `\ROM16X1'.
Generating RTLIL representation for module `\ROM32X1'.
Generating RTLIL representation for module `\ROM64X1'.
Generating RTLIL representation for module `\ROM128X1'.
Generating RTLIL representation for module `\ROM256X1'.
Generating RTLIL representation for module `\SRL16'.
Generating RTLIL representation for module `\SRL16E'.
Generating RTLIL representation for module `\SRLC16'.
Generating RTLIL representation for module `\SRLC16E'.
Generating RTLIL representation for module `\SRLC32E'.
Generating RTLIL representation for module `\CFGLUT5'.
Generating RTLIL representation for module `\MULT18X18'.
Generating RTLIL representation for module `\MULT18X18S'.
Generating RTLIL representation for module `\MULT18X18SIO'.
Generating RTLIL representation for module `\DSP48A'.
Generating RTLIL representation for module `\DSP48A1'.
Generating RTLIL representation for module `\DSP48'.
Generating RTLIL representation for module `\DSP48E1'.
Generating RTLIL representation for module `\RAMB18E1'.
Generating RTLIL representation for module `\RAMB36E1'.
Successfully finished Verilog frontend.

5.2. Executing Verilog-2005 frontend: /share/xilinx/cells_xtra.v
Parsing Verilog input from `/share/xilinx/cells_xtra.v' to AST representation.
Generating RTLIL representation for module `\RAMB4_S1'.
Generating RTLIL representation for module `\RAMB4_S2'.
Generating RTLIL representation for module `\RAMB4_S4'.
Generating RTLIL representation for module `\RAMB4_S8'.
Generating RTLIL representation for module `\RAMB4_S16'.
Generating RTLIL representation for module `\RAMB4_S1_S1'.
Generating RTLIL representation for module `\RAMB4_S1_S2'.
Generating RTLIL representation for module `\RAMB4_S1_S4'.
Generating RTLIL representation for module `\RAMB4_S1_S8'.
Generating RTLIL representation for module `\RAMB4_S1_S16'.
Generating RTLIL representation for module `\RAMB4_S2_S2'.
Generating RTLIL representation for module `\RAMB4_S2_S4'.
Generating RTLIL representation for module `\RAMB4_S2_S8'.
Generating RTLIL representation for module `\RAMB4_S2_S16'.
Generating RTLIL representation for module `\RAMB4_S4_S4'.
Generating RTLIL representation for module `\RAMB4_S4_S8'.
Generating RTLIL representation for module `\RAMB4_S4_S16'.
Generating RTLIL representation for module `\RAMB4_S8_S8'.
Generating RTLIL representation for module `\RAMB4_S8_S16'.
Generating RTLIL representation for module `\RAMB4_S16_S16'.
Generating RTLIL representation for module `\RAMB16_S1'.
Generating RTLIL representation for module `\RAMB16_S2'.
Generating RTLIL representation for module `\RAMB16_S4'.
Generating RTLIL representation for module `\RAMB16_S9'.
Generating RTLIL representation for module `\RAMB16_S18'.
Generating RTLIL representation for module `\RAMB16_S36'.
Generating RTLIL representation for module `\RAMB16_S1_S1'.
Generating RTLIL representation for module `\RAMB16_S1_S2'.
Generating RTLIL representation for module `\RAMB16_S1_S4'.
Generating RTLIL representation for module `\RAMB16_S1_S9'.
Generating RTLIL representation for module `\RAMB16_S1_S18'.
Generating RTLIL representation for module `\RAMB16_S1_S36'.
Generating RTLIL representation for module `\RAMB16_S2_S2'.
Generating RTLIL representation for module `\RAMB16_S2_S4'.
Generating RTLIL representation for module `\RAMB16_S2_S9'.
Generating RTLIL representation for module `\RAMB16_S2_S18'.
Generating RTLIL representation for module `\RAMB16_S2_S36'.
Generating RTLIL representation for module `\RAMB16_S4_S4'.
Generating RTLIL representation for module `\RAMB16_S4_S9'.
Generating RTLIL representation for module `\RAMB16_S4_S18'.
Generating RTLIL representation for module `\RAMB16_S4_S36'.
Generating RTLIL representation for module `\RAMB16_S9_S9'.
Generating RTLIL representation for module `\RAMB16_S9_S18'.
Generating RTLIL representation for module `\RAMB16_S9_S36'.
Generating RTLIL representation for module `\RAMB16_S18_S18'.
Generating RTLIL representation for module `\RAMB16_S18_S36'.
Generating RTLIL representation for module `\RAMB16_S36_S36'.
Generating RTLIL representation for module `\RAMB16BWE_S18'.
Generating RTLIL representation for module `\RAMB16BWE_S36'.
Generating RTLIL representation for module `\RAMB16BWE_S18_S9'.
Generating RTLIL representation for module `\RAMB16BWE_S18_S18'.
Generating RTLIL representation for module `\RAMB16BWE_S36_S9'.
Generating RTLIL representation for module `\RAMB16BWE_S36_S18'.
Generating RTLIL representation for module `\RAMB16BWE_S36_S36'.
Generating RTLIL representation for module `\RAMB16BWER'.
Generating RTLIL representation for module `\RAMB8BWER'.
Generating RTLIL representation for module `\FIFO16'.
Generating RTLIL representation for module `\RAMB16'.
Generating RTLIL representation for module `\RAMB32_S64_ECC'.
Generating RTLIL representation for module `\FIFO18'.
Generating RTLIL representation for module `\FIFO18_36'.
Generating RTLIL representation for module `\FIFO36'.
Generating RTLIL representation for module `\FIFO36_72'.
Generating RTLIL representation for module `\RAMB18'.
Generating RTLIL representation for module `\RAMB36'.
Generating RTLIL representation for module `\RAMB18SDP'.
Generating RTLIL representation for module `\RAMB36SDP'.
Generating RTLIL representation for module `\FIFO18E1'.
Generating RTLIL representation for module `\FIFO36E1'.
Generating RTLIL representation for module `\FIFO18E2'.
Generating RTLIL representation for module `\FIFO36E2'.
Generating RTLIL representation for module `\RAMB18E2'.
Generating RTLIL representation for module `\RAMB36E2'.
Generating RTLIL representation for module `\URAM288'.
Generating RTLIL representation for module `\URAM288_BASE'.
Generating RTLIL representation for module `\DSP48E'.
Generating RTLIL representation for module `\DSP48E2'.
Generating RTLIL representation for module `\FDDRCPE'.
Generating RTLIL representation for module `\FDDRRSE'.
Generating RTLIL representation for module `\IFDDRCPE'.
Generating RTLIL representation for module `\IFDDRRSE'.
Generating RTLIL representation for module `\OFDDRCPE'.
Generating RTLIL representation for module `\OFDDRRSE'.
Generating RTLIL representation for module `\OFDDRTCPE'.
Generating RTLIL representation for module `\OFDDRTRSE'.
Generating RTLIL representation for module `\IDDR2'.
Generating RTLIL representation for module `\ODDR2'.
Generating RTLIL representation for module `\IDDR'.
Generating RTLIL representation for module `\IDDR_2CLK'.
Generating RTLIL representation for module `\ODDR'.
Generating RTLIL representation for module `\IDELAYCTRL'.
Generating RTLIL representation for module `\IDELAY'.
Generating RTLIL representation for module `\ISERDES'.
Generating RTLIL representation for module `\OSERDES'.
Generating RTLIL representation for module `\IODELAY'.
Generating RTLIL representation for module `\ISERDES_NODELAY'.
Generating RTLIL representation for module `\IODELAYE1'.
Generating RTLIL representation for module `\ISERDESE1'.
Generating RTLIL representation for module `\OSERDESE1'.
Generating RTLIL representation for module `\IDELAYE2'.
Generating RTLIL representation for module `\ODELAYE2'.
Generating RTLIL representation for module `\ISERDESE2'.
Generating RTLIL representation for module `\OSERDESE2'.
Generating RTLIL representation for module `\PHASER_IN'.
Generating RTLIL representation for module `\PHASER_IN_PHY'.
Generating RTLIL representation for module `\PHASER_OUT'.
Generating RTLIL representation for module `\PHASER_OUT_PHY'.
Generating RTLIL representation for module `\PHASER_REF'.
Generating RTLIL representation for module `\PHY_CONTROL'.
Generating RTLIL representation for module `\IDDRE1'.
Generating RTLIL representation for module `\ODDRE1'.
Generating RTLIL representation for module `\IDELAYE3'.
Generating RTLIL representation for module `\ODELAYE3'.
Generating RTLIL representation for module `\ISERDESE3'.
Generating RTLIL representation for module `\OSERDESE3'.
Generating RTLIL representation for module `\BITSLICE_CONTROL'.
Generating RTLIL representation for module `\RIU_OR'.
Generating RTLIL representation for module `\RX_BITSLICE'.
Generating RTLIL representation for module `\RXTX_BITSLICE'.
Generating RTLIL representation for module `\TX_BITSLICE'.
Generating RTLIL representation for module `\TX_BITSLICE_TRI'.
Generating RTLIL representation for module `\IODELAY2'.
Generating RTLIL representation for module `\IODRP2'.
Generating RTLIL representation for module `\IODRP2_MCB'.
Generating RTLIL representation for module `\ISERDES2'.
Generating RTLIL representation for module `\OSERDES2'.
Generating RTLIL representation for module `\IBUF_DLY_ADJ'.
Generating RTLIL representation for module `\IBUF_IBUFDISABLE'.
Generating RTLIL representation for module `\IBUF_INTERMDISABLE'.
Generating RTLIL representation for module `\IBUF_ANALOG'.
Generating RTLIL representation for module `\IBUFE3'.
Generating RTLIL representation for module `\IBUFDS'.
Generating RTLIL representation for module `\IBUFDS_DLY_ADJ'.
Generating RTLIL representation for module `\IBUFDS_IBUFDISABLE'.
Generating RTLIL representation for module `\IBUFDS_INTERMDISABLE'.
Generating RTLIL representation for module `\IBUFDS_DIFF_OUT'.
Generating RTLIL representation for module `\IBUFDS_DIFF_OUT_IBUFDISABLE'.
Generating RTLIL representation for module `\IBUFDS_DIFF_OUT_INTERMDISABLE'.
Generating RTLIL representation for module `\IBUFDSE3'.
Generating RTLIL representation for module `\IBUFDS_DPHY'.
Generating RTLIL representation for module `\IBUFGDS'.
Generating RTLIL representation for module `\IBUFGDS_DIFF_OUT'.
Generating RTLIL representation for module `\IOBUF_DCIEN'.
Generating RTLIL representation for module `\IOBUF_INTERMDISABLE'.
Generating RTLIL representation for module `\IOBUFE3'.
Generating RTLIL representation for module `\IOBUFDS'.
Generating RTLIL representation for module `\IOBUFDS_DCIEN'.
Generating RTLIL representation for module `\IOBUFDS_INTERMDISABLE'.
Generating RTLIL representation for module `\IOBUFDS_DIFF_OUT'.
Generating RTLIL representation for module `\IOBUFDS_DIFF_OUT_DCIEN'.
Generating RTLIL representation for module `\IOBUFDS_DIFF_OUT_INTERMDISABLE'.
Generating RTLIL representation for module `\IOBUFDSE3'.
Generating RTLIL representation for module `\OBUFDS'.
Generating RTLIL representation for module `\OBUFDS_DPHY'.
Generating RTLIL representation for module `\OBUFTDS'.
Generating RTLIL representation for module `\KEEPER'.
Generating RTLIL representation for module `\PULLDOWN'.
Generating RTLIL representation for module `\PULLUP'.
Generating RTLIL representation for module `\DCIRESET'.
Generating RTLIL representation for module `\HPIO_VREF'.
Generating RTLIL representation for module `\BUFGCE'.
Generating RTLIL representation for module `\BUFGCE_1'.
Generating RTLIL representation for module `\BUFGMUX'.
Generating RTLIL representation for module `\BUFGMUX_1'.
Generating RTLIL representation for module `\BUFGMUX_CTRL'.
Generating RTLIL representation for module `\BUFGMUX_VIRTEX4'.
Generating RTLIL representation for module `\BUFG_GT'.
Generating RTLIL representation for module `\BUFG_GT_SYNC'.
Generating RTLIL representation for module `\BUFG_PS'.
Generating RTLIL representation for module `\BUFGCE_DIV'.
Generating RTLIL representation for module `\BUFH'.
Generating RTLIL representation for module `\BUFIO2'.
Generating RTLIL representation for module `\BUFIO2_2CLK'.
Generating RTLIL representation for module `\BUFIO2FB'.
Generating RTLIL representation for module `\BUFPLL'.
Generating RTLIL representation for module `\BUFPLL_MCB'.
Generating RTLIL representation for module `\BUFIO'.
Generating RTLIL representation for module `\BUFIODQS'.
Generating RTLIL representation for module `\BUFR'.
Generating RTLIL representation for module `\BUFMR'.
Generating RTLIL representation for module `\BUFMRCE'.
Generating RTLIL representation for module `\DCM'.
Generating RTLIL representation for module `\DCM_SP'.
Generating RTLIL representation for module `\DCM_CLKGEN'.
Generating RTLIL representation for module `\DCM_ADV'.
Generating RTLIL representation for module `\DCM_BASE'.
Generating RTLIL representation for module `\DCM_PS'.
Generating RTLIL representation for module `\PMCD'.
Generating RTLIL representation for module `\PLL_ADV'.
Generating RTLIL representation for module `\PLL_BASE'.
Generating RTLIL representation for module `\MMCM_ADV'.
Generating RTLIL representation for module `\MMCM_BASE'.
Generating RTLIL representation for module `\MMCME2_ADV'.
Generating RTLIL representation for module `\MMCME2_BASE'.
Generating RTLIL representation for module `\PLLE2_ADV'.
Generating RTLIL representation for module `\PLLE2_BASE'.
Generating RTLIL representation for module `\MMCME3_ADV'.
Generating RTLIL representation for module `\MMCME3_BASE'.
Generating RTLIL representation for module `\PLLE3_ADV'.
Generating RTLIL representation for module `\PLLE3_BASE'.
Generating RTLIL representation for module `\MMCME4_ADV'.
Generating RTLIL representation for module `\MMCME4_BASE'.
Generating RTLIL representation for module `\PLLE4_ADV'.
Generating RTLIL representation for module `\PLLE4_BASE'.
Generating RTLIL representation for module `\BUFT'.
Generating RTLIL representation for module `\IN_FIFO'.
Generating RTLIL representation for module `\OUT_FIFO'.
Generating RTLIL representation for module `\HARD_SYNC'.
Generating RTLIL representation for module `\STARTUP_SPARTAN3'.
Generating RTLIL representation for module `\STARTUP_SPARTAN3E'.
Generating RTLIL representation for module `\STARTUP_SPARTAN3A'.
Generating RTLIL representation for module `\STARTUP_SPARTAN6'.
Generating RTLIL representation for module `\STARTUP_VIRTEX4'.
Generating RTLIL representation for module `\STARTUP_VIRTEX5'.
Generating RTLIL representation for module `\STARTUP_VIRTEX6'.
Generating RTLIL representation for module `\STARTUPE2'.
Generating RTLIL representation for module `\STARTUPE3'.
Generating RTLIL representation for module `\CAPTURE_SPARTAN3'.
Generating RTLIL representation for module `\CAPTURE_SPARTAN3A'.
Generating RTLIL representation for module `\CAPTURE_VIRTEX4'.
Generating RTLIL representation for module `\CAPTURE_VIRTEX5'.
Generating RTLIL representation for module `\CAPTURE_VIRTEX6'.
Generating RTLIL representation for module `\CAPTUREE2'.
Generating RTLIL representation for module `\ICAP_SPARTAN3A'.
Generating RTLIL representation for module `\ICAP_SPARTAN6'.
Generating RTLIL representation for module `\ICAP_VIRTEX4'.
Generating RTLIL representation for module `\ICAP_VIRTEX5'.
Generating RTLIL representation for module `\ICAP_VIRTEX6'.
Generating RTLIL representation for module `\ICAPE2'.
Generating RTLIL representation for module `\ICAPE3'.
Generating RTLIL representation for module `\BSCAN_SPARTAN3'.
Generating RTLIL representation for module `\BSCAN_SPARTAN3A'.
Generating RTLIL representation for module `\BSCAN_SPARTAN6'.
Generating RTLIL representation for module `\BSCAN_VIRTEX4'.
Generating RTLIL representation for module `\BSCAN_VIRTEX5'.
Generating RTLIL representation for module `\BSCAN_VIRTEX6'.
Generating RTLIL representation for module `\BSCANE2'.
Generating RTLIL representation for module `\DNA_PORT'.
Generating RTLIL representation for module `\DNA_PORTE2'.
Generating RTLIL representation for module `\FRAME_ECC_VIRTEX4'.
Generating RTLIL representation for module `\FRAME_ECC_VIRTEX5'.
Generating RTLIL representation for module `\FRAME_ECC_VIRTEX6'.
Generating RTLIL representation for module `\FRAME_ECCE2'.
Generating RTLIL representation for module `\FRAME_ECCE3'.
Generating RTLIL representation for module `\FRAME_ECCE4'.
Generating RTLIL representation for module `\USR_ACCESS_VIRTEX4'.
Generating RTLIL representation for module `\USR_ACCESS_VIRTEX5'.
Generating RTLIL representation for module `\USR_ACCESS_VIRTEX6'.
Generating RTLIL representation for module `\USR_ACCESSE2'.
Generating RTLIL representation for module `\POST_CRC_INTERNAL'.
Generating RTLIL representation for module `\SUSPEND_SYNC'.
Generating RTLIL representation for module `\KEY_CLEAR'.
Generating RTLIL representation for module `\MASTER_JTAG'.
Generating RTLIL representation for module `\SPI_ACCESS'.
Generating RTLIL representation for module `\EFUSE_USR'.
Generating RTLIL representation for module `\SYSMON'.
Generating RTLIL representation for module `\XADC'.
Generating RTLIL representation for module `\SYSMONE1'.
Generating RTLIL representation for module `\SYSMONE4'.
Generating RTLIL representation for module `\GTPA1_DUAL'.
Generating RTLIL representation for module `\GT11_CUSTOM'.
Generating RTLIL representation for module `\GT11_DUAL'.
Generating RTLIL representation for module `\GT11CLK'.
Generating RTLIL representation for module `\GT11CLK_MGT'.
Generating RTLIL representation for module `\GTP_DUAL'.
Generating RTLIL representation for module `\GTX_DUAL'.
Generating RTLIL representation for module `\CRC32'.
Generating RTLIL representation for module `\CRC64'.
Generating RTLIL representation for module `\GTHE1_QUAD'.
Generating RTLIL representation for module `\GTXE1'.
Generating RTLIL representation for module `\IBUFDS_GTXE1'.
Generating RTLIL representation for module `\IBUFDS_GTHE1'.
Generating RTLIL representation for module `\GTHE2_CHANNEL'.
Generating RTLIL representation for module `\GTHE2_COMMON'.
Generating RTLIL representation for module `\GTPE2_CHANNEL'.
Generating RTLIL representation for module `\GTPE2_COMMON'.
Generating RTLIL representation for module `\GTXE2_CHANNEL'.
Generating RTLIL representation for module `\GTXE2_COMMON'.
Generating RTLIL representation for module `\IBUFDS_GTE2'.
Generating RTLIL representation for module `\GTHE3_CHANNEL'.
Generating RTLIL representation for module `\GTHE3_COMMON'.
Generating RTLIL representation for module `\GTYE3_CHANNEL'.
Generating RTLIL representation for module `\GTYE3_COMMON'.
Generating RTLIL representation for module `\IBUFDS_GTE3'.
Generating RTLIL representation for module `\OBUFDS_GTE3'.
Generating RTLIL representation for module `\OBUFDS_GTE3_ADV'.
Generating RTLIL representation for module `\GTHE4_CHANNEL'.
Generating RTLIL representation for module `\GTHE4_COMMON'.
Generating RTLIL representation for module `\GTYE4_CHANNEL'.
Generating RTLIL representation for module `\GTYE4_COMMON'.
Generating RTLIL representation for module `\IBUFDS_GTE4'.
Generating RTLIL representation for module `\OBUFDS_GTE4'.
Generating RTLIL representation for module `\OBUFDS_GTE4_ADV'.
Generating RTLIL representation for module `\GTM_DUAL'.
Generating RTLIL representation for module `\IBUFDS_GTM'.
Generating RTLIL representation for module `\OBUFDS_GTM'.
Generating RTLIL representation for module `\OBUFDS_GTM_ADV'.
Generating RTLIL representation for module `\HSDAC'.
Generating RTLIL representation for module `\HSADC'.
Generating RTLIL representation for module `\RFDAC'.
Generating RTLIL representation for module `\RFADC'.
Generating RTLIL representation for module `\PCIE_A1'.
Generating RTLIL representation for module `\PCIE_EP'.
Generating RTLIL representation for module `\PCIE_2_0'.
Generating RTLIL representation for module `\PCIE_2_1'.
Generating RTLIL representation for module `\PCIE_3_0'.
Generating RTLIL representation for module `\PCIE_3_1'.
Generating RTLIL representation for module `\PCIE40E4'.
Generating RTLIL representation for module `\PCIE4CE4'.
Generating RTLIL representation for module `\EMAC'.
Generating RTLIL representation for module `\TEMAC'.
Generating RTLIL representation for module `\TEMAC_SINGLE'.
Generating RTLIL representation for module `\CMAC'.
Generating RTLIL representation for module `\CMACE4'.
Generating RTLIL representation for module `\MCB'.
Generating RTLIL representation for module `\HBM_REF_CLK'.
Generating RTLIL representation for module `\HBM_SNGLBLI_INTF_APB'.
Generating RTLIL representation for module `\HBM_SNGLBLI_INTF_AXI'.
Generating RTLIL representation for module `\HBM_ONE_STACK_INTF'.
Generating RTLIL representation for module `\HBM_TWO_STACK_INTF'.
Generating RTLIL representation for module `\PPC405_ADV'.
Generating RTLIL representation for module `\PPC440'.
Generating RTLIL representation for module `\PS7'.
Generating RTLIL representation for module `\PS8'.
Generating RTLIL representation for module `\ILKN'.
Generating RTLIL representation for module `\ILKNE4'.
Generating RTLIL representation for module `\VCU'.
Generating RTLIL representation for module `\FE'.
Successfully finished Verilog frontend.

5.3. Executing HIERARCHY pass (managing design hierarchy).

5.3.1. Analyzing design hierarchy..
Top module:  \cap_pdb_parallel_compact_allocation_engine
Used module:     $paramod$b5bfe1d4fce40940586b6e35fec61194ae5a8fde\cap_pdb_state_wide_bank
Used module:     $paramod$cbc3189b30a0f0ae8c16e45df15b3f5a54303a8f\cap_pdb_masked_min32

5.3.2. Analyzing design hierarchy..
Top module:  \cap_pdb_parallel_compact_allocation_engine
Used module:     $paramod$b5bfe1d4fce40940586b6e35fec61194ae5a8fde\cap_pdb_state_wide_bank
Used module:     $paramod$cbc3189b30a0f0ae8c16e45df15b3f5a54303a8f\cap_pdb_masked_min32
Removed 0 unused modules.

5.4. Executing PROC pass (convert processes to netlists).

5.4.1. Executing PROC_CLEAN pass (remove empty switches from decision trees).
Cleaned up 0 empty switches.

5.4.2. Executing PROC_RMDEAD pass (remove dead branches from decision trees).
Marked 26 switch rules as full_case in process $proc$cap_pdb_parallel_compact_engine.sv:232$2041 in module cap_pdb_parallel_compact_allocation_engine.
Marked 3 switch rules as full_case in process $proc$cap_pdb_parallel_compact_engine.sv:249$2081 in module cap_pdb_parallel_compact_allocation_engine.
Marked 1 switch rules as full_case in process $proc$cap_pdb_parallel_compact_engine.sv:22$2669 in module $paramod$b5bfe1d4fce40940586b6e35fec61194ae5a8fde\cap_pdb_state_wide_bank.
Removed a total of 0 dead cases.

5.4.3. Executing PROC_PRUNE pass (remove redundant assignments in processes).
Removed 1 redundant assignment.
Promoted 142 assignments to connections.

5.4.4. Executing PROC_INIT pass (extract init attributes).

5.4.5. Executing PROC_ARST pass (detect async resets in processes).

5.4.6. Executing PROC_ROM pass (convert switches to ROMs).
Converted 0 switches.
<suppressed ~59 debug messages>

5.4.7. Executing PROC_MUX pass (convert decision trees to multiplexers).
Creating decoders for process `\cap_pdb_parallel_compact_allocation_engine.$proc$cap_pdb_parallel_compact_engine.sv:207$1416'.
Creating decoders for process `\cap_pdb_parallel_compact_allocation_engine.$proc$cap_pdb_parallel_compact_engine.sv:232$2041'.
     1/26: $13\final_group_minimum[15:0]
     2/26: $13\all_after_empty[0:0]
     3/26: $12\final_group_minimum[15:0]
     4/26: $12\all_after_empty[0:0]
     5/26: $11\final_group_minimum[15:0]
     6/26: $11\all_after_empty[0:0]
     7/26: $10\final_group_minimum[15:0]
     8/26: $10\all_after_empty[0:0]
     9/26: $9\final_group_minimum[15:0]
    10/26: $9\all_after_empty[0:0]
    11/26: $8\final_group_minimum[15:0]
    12/26: $8\all_after_empty[0:0]
    13/26: $7\final_group_minimum[15:0]
    14/26: $7\all_after_empty[0:0]
    15/26: $6\final_group_minimum[15:0]
    16/26: $6\all_after_empty[0:0]
    17/26: $5\final_group_minimum[15:0]
    18/26: $5\all_after_empty[0:0]
    19/26: $4\final_group_minimum[15:0]
    20/26: $4\all_after_empty[0:0]
    21/26: $3\final_group_minimum[15:0]
    22/26: $3\all_after_empty[0:0]
    23/26: $2\final_group_minimum[15:0]
    24/26: $2\all_after_empty[0:0]
    25/26: $1\final_group_minimum[15:0]
    26/26: $1\all_after_empty[0:0]
Creating decoders for process `\cap_pdb_parallel_compact_allocation_engine.$proc$cap_pdb_parallel_compact_engine.sv:249$2081'.
     1/35: $4\index[31:0]
     2/35: $3\index[31:0]
     3/35: $2\index[31:0]
     4/35: $0\done[0:0]
     5/35: $0\group_minimum[12][15:0]
     6/35: $0\group_minimum[11][15:0]
     7/35: $0\group_minimum[10][15:0]
     8/35: $0\group_minimum[9][15:0]
     9/35: $0\group_minimum[8][15:0]
    10/35: $0\group_minimum[7][15:0]
    11/35: $0\group_minimum[6][15:0]
    12/35: $0\group_minimum[5][15:0]
    13/35: $0\group_minimum[4][15:0]
    14/35: $0\group_minimum[3][15:0]
    15/35: $0\group_minimum[2][15:0]
    16/35: $0\group_minimum[1][15:0]
    17/35: $0\group_minimum[0][15:0]
    18/35: $0\remaining[12][31:0]
    19/35: $0\remaining[11][31:0]
    20/35: $0\remaining[10][31:0]
    21/35: $0\remaining[9][31:0]
    22/35: $0\remaining[8][31:0]
    23/35: $0\remaining[7][31:0]
    24/35: $0\remaining[6][31:0]
    25/35: $0\remaining[5][31:0]
    26/35: $0\remaining[4][31:0]
    27/35: $0\remaining[3][31:0]
    28/35: $0\remaining[2][31:0]
    29/35: $0\remaining[1][31:0]
    30/35: $0\remaining[0][31:0]
    31/35: $0\phase[1:0]
    32/35: $0\cycles[15:0]
    33/35: $0\group_cost_sum[23:0]
    34/35: $0\valid[0:0]
    35/35: $0\busy[0:0]
Creating decoders for process `\cap_pdb_parallel_compact_allocation_engine.$proc$cap_pdb_parallel_compact_engine.sv:185$2151'.
Creating decoders for process `\cap_pdb_parallel_compact_allocation_engine.$proc$cap_pdb_parallel_compact_engine.sv:185$2191'.
Creating decoders for process `\cap_pdb_parallel_compact_allocation_engine.$proc$cap_pdb_parallel_compact_engine.sv:185$2231'.
Creating decoders for process `\cap_pdb_parallel_compact_allocation_engine.$proc$cap_pdb_parallel_compact_engine.sv:185$2271'.
Creating decoders for process `\cap_pdb_parallel_compact_allocation_engine.$proc$cap_pdb_parallel_compact_engine.sv:185$2311'.
Creating decoders for process `\cap_pdb_parallel_compact_allocation_engine.$proc$cap_pdb_parallel_compact_engine.sv:185$2351'.
Creating decoders for process `\cap_pdb_parallel_compact_allocation_engine.$proc$cap_pdb_parallel_compact_engine.sv:185$2391'.
Creating decoders for process `\cap_pdb_parallel_compact_allocation_engine.$proc$cap_pdb_parallel_compact_engine.sv:185$2431'.
Creating decoders for process `\cap_pdb_parallel_compact_allocation_engine.$proc$cap_pdb_parallel_compact_engine.sv:185$2471'.
Creating decoders for process `\cap_pdb_parallel_compact_allocation_engine.$proc$cap_pdb_parallel_compact_engine.sv:185$2511'.
Creating decoders for process `\cap_pdb_parallel_compact_allocation_engine.$proc$cap_pdb_parallel_compact_engine.sv:185$2551'.
Creating decoders for process `\cap_pdb_parallel_compact_allocation_engine.$proc$cap_pdb_parallel_compact_engine.sv:185$2591'.
Creating decoders for process `\cap_pdb_parallel_compact_allocation_engine.$proc$cap_pdb_parallel_compact_engine.sv:185$2631'.
Creating decoders for process `$paramod$b5bfe1d4fce40940586b6e35fec61194ae5a8fde\cap_pdb_state_wide_bank.$proc$cap_pdb_parallel_compact_engine.sv:22$2669'.
     1/4: $1$memwr$\memory$cap_pdb_parallel_compact_engine.sv:24$2668_EN[511:0]$2675
     2/4: $1$memwr$\memory$cap_pdb_parallel_compact_engine.sv:24$2668_DATA[511:0]$2674
     3/4: $1$memwr$\memory$cap_pdb_parallel_compact_engine.sv:24$2668_ADDR[8:0]$2673
     4/4: $0\rdata[511:0]

5.4.8. Executing PROC_DLATCH pass (convert process syncs to latches).
No latch inferred for signal `\cap_pdb_parallel_compact_allocation_engine.\selected_effect_bus' from process `\cap_pdb_parallel_compact_allocation_engine.$proc$cap_pdb_parallel_compact_engine.sv:207$1416'.
No latch inferred for signal `\cap_pdb_parallel_compact_allocation_engine.\remaining_after_bus' from process `\cap_pdb_parallel_compact_allocation_engine.$proc$cap_pdb_parallel_compact_engine.sv:207$1416'.
No latch inferred for signal `\cap_pdb_parallel_compact_allocation_engine.\select_group' from process `\cap_pdb_parallel_compact_allocation_engine.$proc$cap_pdb_parallel_compact_engine.sv:207$1416'.
No latch inferred for signal `\cap_pdb_parallel_compact_allocation_engine.\select_lane' from process `\cap_pdb_parallel_compact_allocation_engine.$proc$cap_pdb_parallel_compact_engine.sv:207$1416'.
No latch inferred for signal `\cap_pdb_parallel_compact_allocation_engine.\select_pending' from process `\cap_pdb_parallel_compact_allocation_engine.$proc$cap_pdb_parallel_compact_engine.sv:207$1416'.
No latch inferred for signal `\cap_pdb_parallel_compact_allocation_engine.\select_least' from process `\cap_pdb_parallel_compact_allocation_engine.$proc$cap_pdb_parallel_compact_engine.sv:207$1416'.
No latch inferred for signal `\cap_pdb_parallel_compact_allocation_engine.\index' from process `\cap_pdb_parallel_compact_allocation_engine.$proc$cap_pdb_parallel_compact_engine.sv:232$2041'.
No latch inferred for signal `\cap_pdb_parallel_compact_allocation_engine.\all_after_empty' from process `\cap_pdb_parallel_compact_allocation_engine.$proc$cap_pdb_parallel_compact_engine.sv:232$2041'.
No latch inferred for signal `\cap_pdb_parallel_compact_allocation_engine.\final_sum' from process `\cap_pdb_parallel_compact_allocation_engine.$proc$cap_pdb_parallel_compact_engine.sv:232$2041'.
No latch inferred for signal `\cap_pdb_parallel_compact_allocation_engine.\final_group_minimum' from process `\cap_pdb_parallel_compact_allocation_engine.$proc$cap_pdb_parallel_compact_engine.sv:232$2041'.
No latch inferred for signal `\cap_pdb_parallel_compact_allocation_engine.\xor_permute_mask$func$cap_pdb_parallel_compact_engine.sv:185$1389.$result' from process `\cap_pdb_parallel_compact_allocation_engine.$proc$cap_pdb_parallel_compact_engine.sv:185$2151'.
No latch inferred for signal `\cap_pdb_parallel_compact_allocation_engine.\xor_permute_mask$func$cap_pdb_parallel_compact_engine.sv:185$1402.$result' from process `\cap_pdb_parallel_compact_allocation_engine.$proc$cap_pdb_parallel_compact_engine.sv:185$2151'.
No latch inferred for signal `\cap_pdb_parallel_compact_allocation_engine.\xor_permute_mask$func$cap_pdb_parallel_compact_engine.sv:185$1402.mask' from process `\cap_pdb_parallel_compact_allocation_engine.$proc$cap_pdb_parallel_compact_engine.sv:185$2151'.
No latch inferred for signal `\cap_pdb_parallel_compact_allocation_engine.\xor_permute_mask$func$cap_pdb_parallel_compact_engine.sv:185$1402.xor_state' from process `\cap_pdb_parallel_compact_allocation_engine.$proc$cap_pdb_parallel_compact_engine.sv:185$2151'.
No latch inferred for signal `\cap_pdb_parallel_compact_allocation_engine.\xor_permute_mask$func$cap_pdb_parallel_compact_engine.sv:185$1402.stage0' from process `\cap_pdb_parallel_compact_allocation_engine.$proc$cap_pdb_parallel_compact_engine.sv:185$2151'.
No latch inferred for signal `\cap_pdb_parallel_compact_allocation_engine.\xor_permute_mask$func$cap_pdb_parallel_compact_engine.sv:185$1402.stage1' from process `\cap_pdb_parallel_compact_allocation_engine.$proc$cap_pdb_parallel_compact_engine.sv:185$2151'.
No latch inferred for signal `\cap_pdb_parallel_compact_allocation_engine.\xor_permute_mask$func$cap_pdb_parallel_compact_engine.sv:185$1402.stage2' from process `\cap_pdb_parallel_compact_allocation_engine.$proc$cap_pdb_parallel_compact_engine.sv:185$2151'.
No latch inferred for signal `\cap_pdb_parallel_compact_allocation_engine.\xor_permute_mask$func$cap_pdb_parallel_compact_engine.sv:185$1402.stage3' from process `\cap_pdb_parallel_compact_allocation_engine.$proc$cap_pdb_parallel_compact_engine.sv:185$2151'.
No latch inferred for signal `\cap_pdb_parallel_compact_allocation_engine.\xor_permute_mask$func$cap_pdb_parallel_compact_engine.sv:185$1390.$result' from process `\cap_pdb_parallel_compact_allocation_engine.$proc$cap_pdb_parallel_compact_engine.sv:185$2191'.
No latch inferred for signal `\cap_pdb_parallel_compact_allocation_engine.\xor_permute_mask$func$cap_pdb_parallel_compact_engine.sv:185$1403.$result' from process `\cap_pdb_parallel_compact_allocation_engine.$proc$cap_pdb_parallel_compact_engine.sv:185$2191'.
No latch inferred for signal `\cap_pdb_parallel_compact_allocation_engine.\xor_permute_mask$func$cap_pdb_parallel_compact_engine.sv:185$1403.mask' from process `\cap_pdb_parallel_compact_allocation_engine.$proc$cap_pdb_parallel_compact_engine.sv:185$2191'.
No latch inferred for signal `\cap_pdb_parallel_compact_allocation_engine.\xor_permute_mask$func$cap_pdb_parallel_compact_engine.sv:185$1403.xor_state' from process `\cap_pdb_parallel_compact_allocation_engine.$proc$cap_pdb_parallel_compact_engine.sv:185$2191'.
No latch inferred for signal `\cap_pdb_parallel_compact_allocation_engine.\xor_permute_mask$func$cap_pdb_parallel_compact_engine.sv:185$1403.stage0' from process `\cap_pdb_parallel_compact_allocation_engine.$proc$cap_pdb_parallel_compact_engine.sv:185$2191'.
No latch inferred for signal `\cap_pdb_parallel_compact_allocation_engine.\xor_permute_mask$func$cap_pdb_parallel_compact_engine.sv:185$1403.stage1' from process `\cap_pdb_parallel_compact_allocation_engine.$proc$cap_pdb_parallel_compact_engine.sv:185$2191'.
No latch inferred for signal `\cap_pdb_parallel_compact_allocation_engine.\xor_permute_mask$func$cap_pdb_parallel_compact_engine.sv:185$1403.stage2' from process `\cap_pdb_parallel_compact_allocation_engine.$proc$cap_pdb_parallel_compact_engine.sv:185$2191'.
No latch inferred for signal `\cap_pdb_parallel_compact_allocation_engine.\xor_permute_mask$func$cap_pdb_parallel_compact_engine.sv:185$1403.stage3' from process `\cap_pdb_parallel_compact_allocation_engine.$proc$cap_pdb_parallel_compact_engine.sv:185$2191'.
No latch inferred for signal `\cap_pdb_parallel_compact_allocation_engine.\xor_permute_mask$func$cap_pdb_parallel_compact_engine.sv:185$1391.$result' from process `\cap_pdb_parallel_compact_allocation_engine.$proc$cap_pdb_parallel_compact_engine.sv:185$2231'.
No latch inferred for signal `\cap_pdb_parallel_compact_allocation_engine.\xor_permute_mask$func$cap_pdb_parallel_compact_engine.sv:185$1404.$result' from process `\cap_pdb_parallel_compact_allocation_engine.$proc$cap_pdb_parallel_compact_engine.sv:185$2231'.
No latch inferred for signal `\cap_pdb_parallel_compact_allocation_engine.\xor_permute_mask$func$cap_pdb_parallel_compact_engine.sv:185$1404.mask' from process `\cap_pdb_parallel_compact_allocation_engine.$proc$cap_pdb_parallel_compact_engine.sv:185$2231'.
No latch inferred for signal `\cap_pdb_parallel_compact_allocation_engine.\xor_permute_mask$func$cap_pdb_parallel_compact_engine.sv:185$1404.xor_state' from process `\cap_pdb_parallel_compact_allocation_engine.$proc$cap_pdb_parallel_compact_engine.sv:185$2231'.
No latch inferred for signal `\cap_pdb_parallel_compact_allocation_engine.\xor_permute_mask$func$cap_pdb_parallel_compact_engine.sv:185$1404.stage0' from process `\cap_pdb_parallel_compact_allocation_engine.$proc$cap_pdb_parallel_compact_engine.sv:185$2231'.
No latch inferred for signal `\cap_pdb_parallel_compact_allocation_engine.\xor_permute_mask$func$cap_pdb_parallel_compact_engine.sv:185$1404.stage1' from process `\cap_pdb_parallel_compact_allocation_engine.$proc$cap_pdb_parallel_compact_engine.sv:185$2231'.
No latch inferred for signal `\cap_pdb_parallel_compact_allocation_engine.\xor_permute_mask$func$cap_pdb_parallel_compact_engine.sv:185$1404.stage2' from process `\cap_pdb_parallel_compact_allocation_engine.$proc$cap_pdb_parallel_compact_engine.sv:185$2231'.
No latch inferred for signal `\cap_pdb_parallel_compact_allocation_engine.\xor_permute_mask$func$cap_pdb_parallel_compact_engine.sv:185$1404.stage3' from process `\cap_pdb_parallel_compact_allocation_engine.$proc$cap_pdb_parallel_compact_engine.sv:185$2231'.
No latch inferred for signal `\cap_pdb_parallel_compact_allocation_engine.\xor_permute_mask$func$cap_pdb_parallel_compact_engine.sv:185$1392.$result' from process `\cap_pdb_parallel_compact_allocation_engine.$proc$cap_pdb_parallel_compact_engine.sv:185$2271'.
No latch inferred for signal `\cap_pdb_parallel_compact_allocation_engine.\xor_permute_mask$func$cap_pdb_parallel_compact_engine.sv:185$1405.$result' from process `\cap_pdb_parallel_compact_allocation_engine.$proc$cap_pdb_parallel_compact_engine.sv:185$2271'.
No latch inferred for signal `\cap_pdb_parallel_compact_allocation_engine.\xor_permute_mask$func$cap_pdb_parallel_compact_engine.sv:185$1405.mask' from process `\cap_pdb_parallel_compact_allocation_engine.$proc$cap_pdb_parallel_compact_engine.sv:185$2271'.
No latch inferred for signal `\cap_pdb_parallel_compact_allocation_engine.\xor_permute_mask$func$cap_pdb_parallel_compact_engine.sv:185$1405.xor_state' from process `\cap_pdb_parallel_compact_allocation_engine.$proc$cap_pdb_parallel_compact_engine.sv:185$2271'.
No latch inferred for signal `\cap_pdb_parallel_compact_allocation_engine.\xor_permute_mask$func$cap_pdb_parallel_compact_engine.sv:185$1405.stage0' from process `\cap_pdb_parallel_compact_allocation_engine.$proc$cap_pdb_parallel_compact_engine.sv:185$2271'.
No latch inferred for signal `\cap_pdb_parallel_compact_allocation_engine.\xor_permute_mask$func$cap_pdb_parallel_compact_engine.sv:185$1405.stage1' from process `\cap_pdb_parallel_compact_allocation_engine.$proc$cap_pdb_parallel_compact_engine.sv:185$2271'.
No latch inferred for signal `\cap_pdb_parallel_compact_allocation_engine.\xor_permute_mask$func$cap_pdb_parallel_compact_engine.sv:185$1405.stage2' from process `\cap_pdb_parallel_compact_allocation_engine.$proc$cap_pdb_parallel_compact_engine.sv:185$2271'.
No latch inferred for signal `\cap_pdb_parallel_compact_allocation_engine.\xor_permute_mask$func$cap_pdb_parallel_compact_engine.sv:185$1405.stage3' from process `\cap_pdb_parallel_compact_allocation_engine.$proc$cap_pdb_parallel_compact_engine.sv:185$2271'.
No latch inferred for signal `\cap_pdb_parallel_compact_allocation_engine.\xor_permute_mask$func$cap_pdb_parallel_compact_engine.sv:185$1393.$result' from process `\cap_pdb_parallel_compact_allocation_engine.$proc$cap_pdb_parallel_compact_engine.sv:185$2311'.
No latch inferred for signal `\cap_pdb_parallel_compact_allocation_engine.\xor_permute_mask$func$cap_pdb_parallel_compact_engine.sv:185$1406.$result' from process `\cap_pdb_parallel_compact_allocation_engine.$proc$cap_pdb_parallel_compact_engine.sv:185$2311'.
No latch inferred for signal `\cap_pdb_parallel_compact_allocation_engine.\xor_permute_mask$func$cap_pdb_parallel_compact_engine.sv:185$1406.mask' from process `\cap_pdb_parallel_compact_allocation_engine.$proc$cap_pdb_parallel_compact_engine.sv:185$2311'.
No latch inferred for signal `\cap_pdb_parallel_compact_allocation_engine.\xor_permute_mask$func$cap_pdb_parallel_compact_engine.sv:185$1406.xor_state' from process `\cap_pdb_parallel_compact_allocation_engine.$proc$cap_pdb_parallel_compact_engine.sv:185$2311'.
No latch inferred for signal `\cap_pdb_parallel_compact_allocation_engine.\xor_permute_mask$func$cap_pdb_parallel_compact_engine.sv:185$1406.stage0' from process `\cap_pdb_parallel_compact_allocation_engine.$proc$cap_pdb_parallel_compact_engine.sv:185$2311'.
No latch inferred for signal `\cap_pdb_parallel_compact_allocation_engine.\xor_permute_mask$func$cap_pdb_parallel_compact_engine.sv:185$1406.stage1' from process `\cap_pdb_parallel_compact_allocation_engine.$proc$cap_pdb_parallel_compact_engine.sv:185$2311'.
No latch inferred for signal `\cap_pdb_parallel_compact_allocation_engine.\xor_permute_mask$func$cap_pdb_parallel_compact_engine.sv:185$1406.stage2' from process `\cap_pdb_parallel_compact_allocation_engine.$proc$cap_pdb_parallel_compact_engine.sv:185$2311'.
No latch inferred for signal `\cap_pdb_parallel_compact_allocation_engine.\xor_permute_mask$func$cap_pdb_parallel_compact_engine.sv:185$1406.stage3' from process `\cap_pdb_parallel_compact_allocation_engine.$proc$cap_pdb_parallel_compact_engine.sv:185$2311'.
No latch inferred for signal `\cap_pdb_parallel_compact_allocation_engine.\xor_permute_mask$func$cap_pdb_parallel_compact_engine.sv:185$1394.$result' from process `\cap_pdb_parallel_compact_allocation_engine.$proc$cap_pdb_parallel_compact_engine.sv:185$2351'.
No latch inferred for signal `\cap_pdb_parallel_compact_allocation_engine.\xor_permute_mask$func$cap_pdb_parallel_compact_engine.sv:185$1407.$result' from process `\cap_pdb_parallel_compact_allocation_engine.$proc$cap_pdb_parallel_compact_engine.sv:185$2351'.
No latch inferred for signal `\cap_pdb_parallel_compact_allocation_engine.\xor_permute_mask$func$cap_pdb_parallel_compact_engine.sv:185$1407.mask' from process `\cap_pdb_parallel_compact_allocation_engine.$proc$cap_pdb_parallel_compact_engine.sv:185$2351'.
No latch inferred for signal `\cap_pdb_parallel_compact_allocation_engine.\xor_permute_mask$func$cap_pdb_parallel_compact_engine.sv:185$1407.xor_state' from process `\cap_pdb_parallel_compact_allocation_engine.$proc$cap_pdb_parallel_compact_engine.sv:185$2351'.
No latch inferred for signal `\cap_pdb_parallel_compact_allocation_engine.\xor_permute_mask$func$cap_pdb_parallel_compact_engine.sv:185$1407.stage0' from process `\cap_pdb_parallel_compact_allocation_engine.$proc$cap_pdb_parallel_compact_engine.sv:185$2351'.
No latch inferred for signal `\cap_pdb_parallel_compact_allocation_engine.\xor_permute_mask$func$cap_pdb_parallel_compact_engine.sv:185$1407.stage1' from process `\cap_pdb_parallel_compact_allocation_engine.$proc$cap_pdb_parallel_compact_engine.sv:185$2351'.
No latch inferred for signal `\cap_pdb_parallel_compact_allocation_engine.\xor_permute_mask$func$cap_pdb_parallel_compact_engine.sv:185$1407.stage2' from process `\cap_pdb_parallel_compact_allocation_engine.$proc$cap_pdb_parallel_compact_engine.sv:185$2351'.
No latch inferred for signal `\cap_pdb_parallel_compact_allocation_engine.\xor_permute_mask$func$cap_pdb_parallel_compact_engine.sv:185$1407.stage3' from process `\cap_pdb_parallel_compact_allocation_engine.$proc$cap_pdb_parallel_compact_engine.sv:185$2351'.
No latch inferred for signal `\cap_pdb_parallel_compact_allocation_engine.\xor_permute_mask$func$cap_pdb_parallel_compact_engine.sv:185$1395.$result' from process `\cap_pdb_parallel_compact_allocation_engine.$proc$cap_pdb_parallel_compact_engine.sv:185$2391'.
No latch inferred for signal `\cap_pdb_parallel_compact_allocation_engine.\xor_permute_mask$func$cap_pdb_parallel_compact_engine.sv:185$1408.$result' from process `\cap_pdb_parallel_compact_allocation_engine.$proc$cap_pdb_parallel_compact_engine.sv:185$2391'.
No latch inferred for signal `\cap_pdb_parallel_compact_allocation_engine.\xor_permute_mask$func$cap_pdb_parallel_compact_engine.sv:185$1408.mask' from process `\cap_pdb_parallel_compact_allocation_engine.$proc$cap_pdb_parallel_compact_engine.sv:185$2391'.
No latch inferred for signal `\cap_pdb_parallel_compact_allocation_engine.\xor_permute_mask$func$cap_pdb_parallel_compact_engine.sv:185$1408.xor_state' from process `\cap_pdb_parallel_compact_allocation_engine.$proc$cap_pdb_parallel_compact_engine.sv:185$2391'.
No latch inferred for signal `\cap_pdb_parallel_compact_allocation_engine.\xor_permute_mask$func$cap_pdb_parallel_compact_engine.sv:185$1408.stage0' from process `\cap_pdb_parallel_compact_allocation_engine.$proc$cap_pdb_parallel_compact_engine.sv:185$2391'.
No latch inferred for signal `\cap_pdb_parallel_compact_allocation_engine.\xor_permute_mask$func$cap_pdb_parallel_compact_engine.sv:185$1408.stage1' from process `\cap_pdb_parallel_compact_allocation_engine.$proc$cap_pdb_parallel_compact_engine.sv:185$2391'.
No latch inferred for signal `\cap_pdb_parallel_compact_allocation_engine.\xor_permute_mask$func$cap_pdb_parallel_compact_engine.sv:185$1408.stage2' from process `\cap_pdb_parallel_compact_allocation_engine.$proc$cap_pdb_parallel_compact_engine.sv:185$2391'.
No latch inferred for signal `\cap_pdb_parallel_compact_allocation_engine.\xor_permute_mask$func$cap_pdb_parallel_compact_engine.sv:185$1408.stage3' from process `\cap_pdb_parallel_compact_allocation_engine.$proc$cap_pdb_parallel_compact_engine.sv:185$2391'.
No latch inferred for signal `\cap_pdb_parallel_compact_allocation_engine.\xor_permute_mask$func$cap_pdb_parallel_compact_engine.sv:185$1396.$result' from process `\cap_pdb_parallel_compact_allocation_engine.$proc$cap_pdb_parallel_compact_engine.sv:185$2431'.
No latch inferred for signal `\cap_pdb_parallel_compact_allocation_engine.\xor_permute_mask$func$cap_pdb_parallel_compact_engine.sv:185$1409.$result' from process `\cap_pdb_parallel_compact_allocation_engine.$proc$cap_pdb_parallel_compact_engine.sv:185$2431'.
No latch inferred for signal `\cap_pdb_parallel_compact_allocation_engine.\xor_permute_mask$func$cap_pdb_parallel_compact_engine.sv:185$1409.mask' from process `\cap_pdb_parallel_compact_allocation_engine.$proc$cap_pdb_parallel_compact_engine.sv:185$2431'.
No latch inferred for signal `\cap_pdb_parallel_compact_allocation_engine.\xor_permute_mask$func$cap_pdb_parallel_compact_engine.sv:185$1409.xor_state' from process `\cap_pdb_parallel_compact_allocation_engine.$proc$cap_pdb_parallel_compact_engine.sv:185$2431'.
No latch inferred for signal `\cap_pdb_parallel_compact_allocation_engine.\xor_permute_mask$func$cap_pdb_parallel_compact_engine.sv:185$1409.stage0' from process `\cap_pdb_parallel_compact_allocation_engine.$proc$cap_pdb_parallel_compact_engine.sv:185$2431'.
No latch inferred for signal `\cap_pdb_parallel_compact_allocation_engine.\xor_permute_mask$func$cap_pdb_parallel_compact_engine.sv:185$1409.stage1' from process `\cap_pdb_parallel_compact_allocation_engine.$proc$cap_pdb_parallel_compact_engine.sv:185$2431'.
No latch inferred for signal `\cap_pdb_parallel_compact_allocation_engine.\xor_permute_mask$func$cap_pdb_parallel_compact_engine.sv:185$1409.stage2' from process `\cap_pdb_parallel_compact_allocation_engine.$proc$cap_pdb_parallel_compact_engine.sv:185$2431'.
No latch inferred for signal `\cap_pdb_parallel_compact_allocation_engine.\xor_permute_mask$func$cap_pdb_parallel_compact_engine.sv:185$1409.stage3' from process `\cap_pdb_parallel_compact_allocation_engine.$proc$cap_pdb_parallel_compact_engine.sv:185$2431'.
No latch inferred for signal `\cap_pdb_parallel_compact_allocation_engine.\xor_permute_mask$func$cap_pdb_parallel_compact_engine.sv:185$1397.$result' from process `\cap_pdb_parallel_compact_allocation_engine.$proc$cap_pdb_parallel_compact_engine.sv:185$2471'.
No latch inferred for signal `\cap_pdb_parallel_compact_allocation_engine.\xor_permute_mask$func$cap_pdb_parallel_compact_engine.sv:185$1410.$result' from process `\cap_pdb_parallel_compact_allocation_engine.$proc$cap_pdb_parallel_compact_engine.sv:185$2471'.
No latch inferred for signal `\cap_pdb_parallel_compact_allocation_engine.\xor_permute_mask$func$cap_pdb_parallel_compact_engine.sv:185$1410.mask' from process `\cap_pdb_parallel_compact_allocation_engine.$proc$cap_pdb_parallel_compact_engine.sv:185$2471'.
No latch inferred for signal `\cap_pdb_parallel_compact_allocation_engine.\xor_permute_mask$func$cap_pdb_parallel_compact_engine.sv:185$1410.xor_state' from process `\cap_pdb_parallel_compact_allocation_engine.$proc$cap_pdb_parallel_compact_engine.sv:185$2471'.
No latch inferred for signal `\cap_pdb_parallel_compact_allocation_engine.\xor_permute_mask$func$cap_pdb_parallel_compact_engine.sv:185$1410.stage0' from process `\cap_pdb_parallel_compact_allocation_engine.$proc$cap_pdb_parallel_compact_engine.sv:185$2471'.
No latch inferred for signal `\cap_pdb_parallel_compact_allocation_engine.\xor_permute_mask$func$cap_pdb_parallel_compact_engine.sv:185$1410.stage1' from process `\cap_pdb_parallel_compact_allocation_engine.$proc$cap_pdb_parallel_compact_engine.sv:185$2471'.
No latch inferred for signal `\cap_pdb_parallel_compact_allocation_engine.\xor_permute_mask$func$cap_pdb_parallel_compact_engine.sv:185$1410.stage2' from process `\cap_pdb_parallel_compact_allocation_engine.$proc$cap_pdb_parallel_compact_engine.sv:185$2471'.
No latch inferred for signal `\cap_pdb_parallel_compact_allocation_engine.\xor_permute_mask$func$cap_pdb_parallel_compact_engine.sv:185$1410.stage3' from process `\cap_pdb_parallel_compact_allocation_engine.$proc$cap_pdb_parallel_compact_engine.sv:185$2471'.
No latch inferred for signal `\cap_pdb_parallel_compact_allocation_engine.\xor_permute_mask$func$cap_pdb_parallel_compact_engine.sv:185$1398.$result' from process `\cap_pdb_parallel_compact_allocation_engine.$proc$cap_pdb_parallel_compact_engine.sv:185$2511'.
No latch inferred for signal `\cap_pdb_parallel_compact_allocation_engine.\xor_permute_mask$func$cap_pdb_parallel_compact_engine.sv:185$1411.$result' from process `\cap_pdb_parallel_compact_allocation_engine.$proc$cap_pdb_parallel_compact_engine.sv:185$2511'.
No latch inferred for signal `\cap_pdb_parallel_compact_allocation_engine.\xor_permute_mask$func$cap_pdb_parallel_compact_engine.sv:185$1411.mask' from process `\cap_pdb_parallel_compact_allocation_engine.$proc$cap_pdb_parallel_compact_engine.sv:185$2511'.
No latch inferred for signal `\cap_pdb_parallel_compact_allocation_engine.\xor_permute_mask$func$cap_pdb_parallel_compact_engine.sv:185$1411.xor_state' from process `\cap_pdb_parallel_compact_allocation_engine.$proc$cap_pdb_parallel_compact_engine.sv:185$2511'.
No latch inferred for signal `\cap_pdb_parallel_compact_allocation_engine.\xor_permute_mask$func$cap_pdb_parallel_compact_engine.sv:185$1411.stage0' from process `\cap_pdb_parallel_compact_allocation_engine.$proc$cap_pdb_parallel_compact_engine.sv:185$2511'.
No latch inferred for signal `\cap_pdb_parallel_compact_allocation_engine.\xor_permute_mask$func$cap_pdb_parallel_compact_engine.sv:185$1411.stage1' from process `\cap_pdb_parallel_compact_allocation_engine.$proc$cap_pdb_parallel_compact_engine.sv:185$2511'.
No latch inferred for signal `\cap_pdb_parallel_compact_allocation_engine.\xor_permute_mask$func$cap_pdb_parallel_compact_engine.sv:185$1411.stage2' from process `\cap_pdb_parallel_compact_allocation_engine.$proc$cap_pdb_parallel_compact_engine.sv:185$2511'.
No latch inferred for signal `\cap_pdb_parallel_compact_allocation_engine.\xor_permute_mask$func$cap_pdb_parallel_compact_engine.sv:185$1411.stage3' from process `\cap_pdb_parallel_compact_allocation_engine.$proc$cap_pdb_parallel_compact_engine.sv:185$2511'.
No latch inferred for signal `\cap_pdb_parallel_compact_allocation_engine.\xor_permute_mask$func$cap_pdb_parallel_compact_engine.sv:185$1399.$result' from process `\cap_pdb_parallel_compact_allocation_engine.$proc$cap_pdb_parallel_compact_engine.sv:185$2551'.
No latch inferred for signal `\cap_pdb_parallel_compact_allocation_engine.\xor_permute_mask$func$cap_pdb_parallel_compact_engine.sv:185$1412.$result' from process `\cap_pdb_parallel_compact_allocation_engine.$proc$cap_pdb_parallel_compact_engine.sv:185$2551'.
No latch inferred for signal `\cap_pdb_parallel_compact_allocation_engine.\xor_permute_mask$func$cap_pdb_parallel_compact_engine.sv:185$1412.mask' from process `\cap_pdb_parallel_compact_allocation_engine.$proc$cap_pdb_parallel_compact_engine.sv:185$2551'.
No latch inferred for signal `\cap_pdb_parallel_compact_allocation_engine.\xor_permute_mask$func$cap_pdb_parallel_compact_engine.sv:185$1412.xor_state' from process `\cap_pdb_parallel_compact_allocation_engine.$proc$cap_pdb_parallel_compact_engine.sv:185$2551'.
No latch inferred for signal `\cap_pdb_parallel_compact_allocation_engine.\xor_permute_mask$func$cap_pdb_parallel_compact_engine.sv:185$1412.stage0' from process `\cap_pdb_parallel_compact_allocation_engine.$proc$cap_pdb_parallel_compact_engine.sv:185$2551'.
No latch inferred for signal `\cap_pdb_parallel_compact_allocation_engine.\xor_permute_mask$func$cap_pdb_parallel_compact_engine.sv:185$1412.stage1' from process `\cap_pdb_parallel_compact_allocation_engine.$proc$cap_pdb_parallel_compact_engine.sv:185$2551'.
No latch inferred for signal `\cap_pdb_parallel_compact_allocation_engine.\xor_permute_mask$func$cap_pdb_parallel_compact_engine.sv:185$1412.stage2' from process `\cap_pdb_parallel_compact_allocation_engine.$proc$cap_pdb_parallel_compact_engine.sv:185$2551'.
No latch inferred for signal `\cap_pdb_parallel_compact_allocation_engine.\xor_permute_mask$func$cap_pdb_parallel_compact_engine.sv:185$1412.stage3' from process `\cap_pdb_parallel_compact_allocation_engine.$proc$cap_pdb_parallel_compact_engine.sv:185$2551'.
No latch inferred for signal `\cap_pdb_parallel_compact_allocation_engine.\xor_permute_mask$func$cap_pdb_parallel_compact_engine.sv:185$1400.$result' from process `\cap_pdb_parallel_compact_allocation_engine.$proc$cap_pdb_parallel_compact_engine.sv:185$2591'.
No latch inferred for signal `\cap_pdb_parallel_compact_allocation_engine.\xor_permute_mask$func$cap_pdb_parallel_compact_engine.sv:185$1413.$result' from process `\cap_pdb_parallel_compact_allocation_engine.$proc$cap_pdb_parallel_compact_engine.sv:185$2591'.
No latch inferred for signal `\cap_pdb_parallel_compact_allocation_engine.\xor_permute_mask$func$cap_pdb_parallel_compact_engine.sv:185$1413.mask' from process `\cap_pdb_parallel_compact_allocation_engine.$proc$cap_pdb_parallel_compact_engine.sv:185$2591'.
No latch inferred for signal `\cap_pdb_parallel_compact_allocation_engine.\xor_permute_mask$func$cap_pdb_parallel_compact_engine.sv:185$1413.xor_state' from process `\cap_pdb_parallel_compact_allocation_engine.$proc$cap_pdb_parallel_compact_engine.sv:185$2591'.
No latch inferred for signal `\cap_pdb_parallel_compact_allocation_engine.\xor_permute_mask$func$cap_pdb_parallel_compact_engine.sv:185$1413.stage0' from process `\cap_pdb_parallel_compact_allocation_engine.$proc$cap_pdb_parallel_compact_engine.sv:185$2591'.
No latch inferred for signal `\cap_pdb_parallel_compact_allocation_engine.\xor_permute_mask$func$cap_pdb_parallel_compact_engine.sv:185$1413.stage1' from process `\cap_pdb_parallel_compact_allocation_engine.$proc$cap_pdb_parallel_compact_engine.sv:185$2591'.
No latch inferred for signal `\cap_pdb_parallel_compact_allocation_engine.\xor_permute_mask$func$cap_pdb_parallel_compact_engine.sv:185$1413.stage2' from process `\cap_pdb_parallel_compact_allocation_engine.$proc$cap_pdb_parallel_compact_engine.sv:185$2591'.
No latch inferred for signal `\cap_pdb_parallel_compact_allocation_engine.\xor_permute_mask$func$cap_pdb_parallel_compact_engine.sv:185$1413.stage3' from process `\cap_pdb_parallel_compact_allocation_engine.$proc$cap_pdb_parallel_compact_engine.sv:185$2591'.
No latch inferred for signal `\cap_pdb_parallel_compact_allocation_engine.\xor_permute_mask$func$cap_pdb_parallel_compact_engine.sv:185$1401.$result' from process `\cap_pdb_parallel_compact_allocation_engine.$proc$cap_pdb_parallel_compact_engine.sv:185$2631'.
No latch inferred for signal `\cap_pdb_parallel_compact_allocation_engine.\xor_permute_mask$func$cap_pdb_parallel_compact_engine.sv:185$1414.$result' from process `\cap_pdb_parallel_compact_allocation_engine.$proc$cap_pdb_parallel_compact_engine.sv:185$2631'.
No latch inferred for signal `\cap_pdb_parallel_compact_allocation_engine.\xor_permute_mask$func$cap_pdb_parallel_compact_engine.sv:185$1414.mask' from process `\cap_pdb_parallel_compact_allocation_engine.$proc$cap_pdb_parallel_compact_engine.sv:185$2631'.
No latch inferred for signal `\cap_pdb_parallel_compact_allocation_engine.\xor_permute_mask$func$cap_pdb_parallel_compact_engine.sv:185$1414.xor_state' from process `\cap_pdb_parallel_compact_allocation_engine.$proc$cap_pdb_parallel_compact_engine.sv:185$2631'.
No latch inferred for signal `\cap_pdb_parallel_compact_allocation_engine.\xor_permute_mask$func$cap_pdb_parallel_compact_engine.sv:185$1414.stage0' from process `\cap_pdb_parallel_compact_allocation_engine.$proc$cap_pdb_parallel_compact_engine.sv:185$2631'.
No latch inferred for signal `\cap_pdb_parallel_compact_allocation_engine.\xor_permute_mask$func$cap_pdb_parallel_compact_engine.sv:185$1414.stage1' from process `\cap_pdb_parallel_compact_allocation_engine.$proc$cap_pdb_parallel_compact_engine.sv:185$2631'.
No latch inferred for signal `\cap_pdb_parallel_compact_allocation_engine.\xor_permute_mask$func$cap_pdb_parallel_compact_engine.sv:185$1414.stage2' from process `\cap_pdb_parallel_compact_allocation_engine.$proc$cap_pdb_parallel_compact_engine.sv:185$2631'.
No latch inferred for signal `\cap_pdb_parallel_compact_allocation_engine.\xor_permute_mask$func$cap_pdb_parallel_compact_engine.sv:185$1414.stage3' from process `\cap_pdb_parallel_compact_allocation_engine.$proc$cap_pdb_parallel_compact_engine.sv:185$2631'.

5.4.9. Executing PROC_DFF pass (convert process syncs to FFs).
Creating register for signal `\cap_pdb_parallel_compact_allocation_engine.\busy' using process `\cap_pdb_parallel_compact_allocation_engine.$proc$cap_pdb_parallel_compact_engine.sv:249$2081'.
  created $dff cell `$procdff$4354' with positive edge clock.
Creating register for signal `\cap_pdb_parallel_compact_allocation_engine.\done' using process `\cap_pdb_parallel_compact_allocation_engine.$proc$cap_pdb_parallel_compact_engine.sv:249$2081'.
  created $dff cell `$procdff$4355' with positive edge clock.
Creating register for signal `\cap_pdb_parallel_compact_allocation_engine.\valid' using process `\cap_pdb_parallel_compact_allocation_engine.$proc$cap_pdb_parallel_compact_engine.sv:249$2081'.
  created $dff cell `$procdff$4356' with positive edge clock.
Creating register for signal `\cap_pdb_parallel_compact_allocation_engine.\group_cost_sum' using process `\cap_pdb_parallel_compact_allocation_engine.$proc$cap_pdb_parallel_compact_engine.sv:249$2081'.
  created $dff cell `$procdff$4357' with positive edge clock.
Creating register for signal `\cap_pdb_parallel_compact_allocation_engine.\cycles' using process `\cap_pdb_parallel_compact_allocation_engine.$proc$cap_pdb_parallel_compact_engine.sv:249$2081'.
  created $dff cell `$procdff$4358' with positive edge clock.
Creating register for signal `\cap_pdb_parallel_compact_allocation_engine.\phase' using process `\cap_pdb_parallel_compact_allocation_engine.$proc$cap_pdb_parallel_compact_engine.sv:249$2081'.
  created $dff cell `$procdff$4359' with positive edge clock.
Creating register for signal `\cap_pdb_parallel_compact_allocation_engine.\index' using process `\cap_pdb_parallel_compact_allocation_engine.$proc$cap_pdb_parallel_compact_engine.sv:249$2081'.
  created $dff cell `$procdff$4360' with positive edge clock.
Creating register for signal `\cap_pdb_parallel_compact_allocation_engine.\remaining[0]' using process `\cap_pdb_parallel_compact_allocation_engine.$proc$cap_pdb_parallel_compact_engine.sv:249$2081'.
  created $dff cell `$procdff$4361' with positive edge clock.
Creating register for signal `\cap_pdb_parallel_compact_allocation_engine.\remaining[1]' using process `\cap_pdb_parallel_compact_allocation_engine.$proc$cap_pdb_parallel_compact_engine.sv:249$2081'.
  created $dff cell `$procdff$4362' with positive edge clock.
Creating register for signal `\cap_pdb_parallel_compact_allocation_engine.\remaining[2]' using process `\cap_pdb_parallel_compact_allocation_engine.$proc$cap_pdb_parallel_compact_engine.sv:249$2081'.
  created $dff cell `$procdff$4363' with positive edge clock.
Creating register for signal `\cap_pdb_parallel_compact_allocation_engine.\remaining[3]' using process `\cap_pdb_parallel_compact_allocation_engine.$proc$cap_pdb_parallel_compact_engine.sv:249$2081'.
  created $dff cell `$procdff$4364' with positive edge clock.
Creating register for signal `\cap_pdb_parallel_compact_allocation_engine.\remaining[4]' using process `\cap_pdb_parallel_compact_allocation_engine.$proc$cap_pdb_parallel_compact_engine.sv:249$2081'.
  created $dff cell `$procdff$4365' with positive edge clock.
Creating register for signal `\cap_pdb_parallel_compact_allocation_engine.\remaining[5]' using process `\cap_pdb_parallel_compact_allocation_engine.$proc$cap_pdb_parallel_compact_engine.sv:249$2081'.
  created $dff cell `$procdff$4366' with positive edge clock.
Creating register for signal `\cap_pdb_parallel_compact_allocation_engine.\remaining[6]' using process `\cap_pdb_parallel_compact_allocation_engine.$proc$cap_pdb_parallel_compact_engine.sv:249$2081'.
  created $dff cell `$procdff$4367' with positive edge clock.
Creating register for signal `\cap_pdb_parallel_compact_allocation_engine.\remaining[7]' using process `\cap_pdb_parallel_compact_allocation_engine.$proc$cap_pdb_parallel_compact_engine.sv:249$2081'.
  created $dff cell `$procdff$4368' with positive edge clock.
Creating register for signal `\cap_pdb_parallel_compact_allocation_engine.\remaining[8]' using process `\cap_pdb_parallel_compact_allocation_engine.$proc$cap_pdb_parallel_compact_engine.sv:249$2081'.
  created $dff cell `$procdff$4369' with positive edge clock.
Creating register for signal `\cap_pdb_parallel_compact_allocation_engine.\remaining[9]' using process `\cap_pdb_parallel_compact_allocation_engine.$proc$cap_pdb_parallel_compact_engine.sv:249$2081'.
  created $dff cell `$procdff$4370' with positive edge clock.
Creating register for signal `\cap_pdb_parallel_compact_allocation_engine.\remaining[10]' using process `\cap_pdb_parallel_compact_allocation_engine.$proc$cap_pdb_parallel_compact_engine.sv:249$2081'.
  created $dff cell `$procdff$4371' with positive edge clock.
Creating register for signal `\cap_pdb_parallel_compact_allocation_engine.\remaining[11]' using process `\cap_pdb_parallel_compact_allocation_engine.$proc$cap_pdb_parallel_compact_engine.sv:249$2081'.
  created $dff cell `$procdff$4372' with positive edge clock.
Creating register for signal `\cap_pdb_parallel_compact_allocation_engine.\remaining[12]' using process `\cap_pdb_parallel_compact_allocation_engine.$proc$cap_pdb_parallel_compact_engine.sv:249$2081'.
  created $dff cell `$procdff$4373' with positive edge clock.
Creating register for signal `\cap_pdb_parallel_compact_allocation_engine.\group_minimum[0]' using process `\cap_pdb_parallel_compact_allocation_engine.$proc$cap_pdb_parallel_compact_engine.sv:249$2081'.
  created $dff cell `$procdff$4374' with positive edge clock.
Creating register for signal `\cap_pdb_parallel_compact_allocation_engine.\group_minimum[1]' using process `\cap_pdb_parallel_compact_allocation_engine.$proc$cap_pdb_parallel_compact_engine.sv:249$2081'.
  created $dff cell `$procdff$4375' with positive edge clock.
Creating register for signal `\cap_pdb_parallel_compact_allocation_engine.\group_minimum[2]' using process `\cap_pdb_parallel_compact_allocation_engine.$proc$cap_pdb_parallel_compact_engine.sv:249$2081'.
  created $dff cell `$procdff$4376' with positive edge clock.
Creating register for signal `\cap_pdb_parallel_compact_allocation_engine.\group_minimum[3]' using process `\cap_pdb_parallel_compact_allocation_engine.$proc$cap_pdb_parallel_compact_engine.sv:249$2081'.
  created $dff cell `$procdff$4377' with positive edge clock.
Creating register for signal `\cap_pdb_parallel_compact_allocation_engine.\group_minimum[4]' using process `\cap_pdb_parallel_compact_allocation_engine.$proc$cap_pdb_parallel_compact_engine.sv:249$2081'.
  created $dff cell `$procdff$4378' with positive edge clock.
Creating register for signal `\cap_pdb_parallel_compact_allocation_engine.\group_minimum[5]' using process `\cap_pdb_parallel_compact_allocation_engine.$proc$cap_pdb_parallel_compact_engine.sv:249$2081'.
  created $dff cell `$procdff$4379' with positive edge clock.
Creating register for signal `\cap_pdb_parallel_compact_allocation_engine.\group_minimum[6]' using process `\cap_pdb_parallel_compact_allocation_engine.$proc$cap_pdb_parallel_compact_engine.sv:249$2081'.
  created $dff cell `$procdff$4380' with positive edge clock.
Creating register for signal `\cap_pdb_parallel_compact_allocation_engine.\group_minimum[7]' using process `\cap_pdb_parallel_compact_allocation_engine.$proc$cap_pdb_parallel_compact_engine.sv:249$2081'.
  created $dff cell `$procdff$4381' with positive edge clock.
Creating register for signal `\cap_pdb_parallel_compact_allocation_engine.\group_minimum[8]' using process `\cap_pdb_parallel_compact_allocation_engine.$proc$cap_pdb_parallel_compact_engine.sv:249$2081'.
  created $dff cell `$procdff$4382' with positive edge clock.
Creating register for signal `\cap_pdb_parallel_compact_allocation_engine.\group_minimum[9]' using process `\cap_pdb_parallel_compact_allocation_engine.$proc$cap_pdb_parallel_compact_engine.sv:249$2081'.
  created $dff cell `$procdff$4383' with positive edge clock.
Creating register for signal `\cap_pdb_parallel_compact_allocation_engine.\group_minimum[10]' using process `\cap_pdb_parallel_compact_allocation_engine.$proc$cap_pdb_parallel_compact_engine.sv:249$2081'.
  created $dff cell `$procdff$4384' with positive edge clock.
Creating register for signal `\cap_pdb_parallel_compact_allocation_engine.\group_minimum[11]' using process `\cap_pdb_parallel_compact_allocation_engine.$proc$cap_pdb_parallel_compact_engine.sv:249$2081'.
  created $dff cell `$procdff$4385' with positive edge clock.
Creating register for signal `\cap_pdb_parallel_compact_allocation_engine.\group_minimum[12]' using process `\cap_pdb_parallel_compact_allocation_engine.$proc$cap_pdb_parallel_compact_engine.sv:249$2081'.
  created $dff cell `$procdff$4386' with positive edge clock.
Creating register for signal `$paramod$b5bfe1d4fce40940586b6e35fec61194ae5a8fde\cap_pdb_state_wide_bank.\rdata' using process `$paramod$b5bfe1d4fce40940586b6e35fec61194ae5a8fde\cap_pdb_state_wide_bank.$proc$cap_pdb_parallel_compact_engine.sv:22$2669'.
  created $dff cell `$procdff$4387' with positive edge clock.
Creating register for signal `$paramod$b5bfe1d4fce40940586b6e35fec61194ae5a8fde\cap_pdb_state_wide_bank.$memwr$\memory$cap_pdb_parallel_compact_engine.sv:24$2668_ADDR' using process `$paramod$b5bfe1d4fce40940586b6e35fec61194ae5a8fde\cap_pdb_state_wide_bank.$proc$cap_pdb_parallel_compact_engine.sv:22$2669'.
  created $dff cell `$procdff$4388' with positive edge clock.
Creating register for signal `$paramod$b5bfe1d4fce40940586b6e35fec61194ae5a8fde\cap_pdb_state_wide_bank.$memwr$\memory$cap_pdb_parallel_compact_engine.sv:24$2668_DATA' using process `$paramod$b5bfe1d4fce40940586b6e35fec61194ae5a8fde\cap_pdb_state_wide_bank.$proc$cap_pdb_parallel_compact_engine.sv:22$2669'.
  created $dff cell `$procdff$4389' with positive edge clock.
Creating register for signal `$paramod$b5bfe1d4fce40940586b6e35fec61194ae5a8fde\cap_pdb_state_wide_bank.$memwr$\memory$cap_pdb_parallel_compact_engine.sv:24$2668_EN' using process `$paramod$b5bfe1d4fce40940586b6e35fec61194ae5a8fde\cap_pdb_state_wide_bank.$proc$cap_pdb_parallel_compact_engine.sv:22$2669'.
  created $dff cell `$procdff$4390' with positive edge clock.

5.4.10. Executing PROC_MEMWR pass (convert process memory writes to cells).

5.4.11. Executing PROC_CLEAN pass (remove empty switches from decision trees).
Removing empty process `cap_pdb_parallel_compact_allocation_engine.$proc$cap_pdb_parallel_compact_engine.sv:207$1416'.
Found and cleaned up 26 empty switches in `\cap_pdb_parallel_compact_allocation_engine.$proc$cap_pdb_parallel_compact_engine.sv:232$2041'.
Removing empty process `cap_pdb_parallel_compact_allocation_engine.$proc$cap_pdb_parallel_compact_engine.sv:232$2041'.
Found and cleaned up 31 empty switches in `\cap_pdb_parallel_compact_allocation_engine.$proc$cap_pdb_parallel_compact_engine.sv:249$2081'.
Removing empty process `cap_pdb_parallel_compact_allocation_engine.$proc$cap_pdb_parallel_compact_engine.sv:249$2081'.
Removing empty process `cap_pdb_parallel_compact_allocation_engine.$proc$cap_pdb_parallel_compact_engine.sv:185$2151'.
Removing empty process `cap_pdb_parallel_compact_allocation_engine.$proc$cap_pdb_parallel_compact_engine.sv:185$2191'.
Removing empty process `cap_pdb_parallel_compact_allocation_engine.$proc$cap_pdb_parallel_compact_engine.sv:185$2231'.
Removing empty process `cap_pdb_parallel_compact_allocation_engine.$proc$cap_pdb_parallel_compact_engine.sv:185$2271'.
Removing empty process `cap_pdb_parallel_compact_allocation_engine.$proc$cap_pdb_parallel_compact_engine.sv:185$2311'.
Removing empty process `cap_pdb_parallel_compact_allocation_engine.$proc$cap_pdb_parallel_compact_engine.sv:185$2351'.
Removing empty process `cap_pdb_parallel_compact_allocation_engine.$proc$cap_pdb_parallel_compact_engine.sv:185$2391'.
Removing empty process `cap_pdb_parallel_compact_allocation_engine.$proc$cap_pdb_parallel_compact_engine.sv:185$2431'.
Removing empty process `cap_pdb_parallel_compact_allocation_engine.$proc$cap_pdb_parallel_compact_engine.sv:185$2471'.
Removing empty process `cap_pdb_parallel_compact_allocation_engine.$proc$cap_pdb_parallel_compact_engine.sv:185$2511'.
Removing empty process `cap_pdb_parallel_compact_allocation_engine.$proc$cap_pdb_parallel_compact_engine.sv:185$2551'.
Removing empty process `cap_pdb_parallel_compact_allocation_engine.$proc$cap_pdb_parallel_compact_engine.sv:185$2591'.
Removing empty process `cap_pdb_parallel_compact_allocation_engine.$proc$cap_pdb_parallel_compact_engine.sv:185$2631'.
Found and cleaned up 2 empty switches in `$paramod$b5bfe1d4fce40940586b6e35fec61194ae5a8fde\cap_pdb_state_wide_bank.$proc$cap_pdb_parallel_compact_engine.sv:22$2669'.
Removing empty process `$paramod$b5bfe1d4fce40940586b6e35fec61194ae5a8fde\cap_pdb_state_wide_bank.$proc$cap_pdb_parallel_compact_engine.sv:22$2669'.
Cleaned up 59 empty switches.

5.4.12. Executing OPT_EXPR pass (perform const folding).
Optimizing module cap_pdb_parallel_compact_allocation_engine.
<suppressed ~294 debug messages>
Optimizing module $paramod$cbc3189b30a0f0ae8c16e45df15b3f5a54303a8f\cap_pdb_masked_min32.
Optimizing module $paramod$b5bfe1d4fce40940586b6e35fec61194ae5a8fde\cap_pdb_state_wide_bank.

5.5. Executing TRIBUF pass.

5.6. Executing DEMINOUT pass (demote inout ports to input or output).

5.7. Executing OPT_EXPR pass (perform const folding).
Optimizing module cap_pdb_parallel_compact_allocation_engine.
<suppressed ~1 debug messages>
Optimizing module $paramod$cbc3189b30a0f0ae8c16e45df15b3f5a54303a8f\cap_pdb_masked_min32.
Optimizing module $paramod$b5bfe1d4fce40940586b6e35fec61194ae5a8fde\cap_pdb_state_wide_bank.

5.8. Executing OPT_CLEAN pass (remove unused cells and wires).
Finding unused cells or wires in module \cap_pdb_parallel_compact_allocation_engine..
Finding unused cells or wires in module $paramod$cbc3189b30a0f0ae8c16e45df15b3f5a54303a8f\cap_pdb_masked_min32..
Finding unused cells or wires in module $paramod$b5bfe1d4fce40940586b6e35fec61194ae5a8fde\cap_pdb_state_wide_bank..
Removed 25 unused cells and 715 unused wires.
<suppressed ~29 debug messages>

5.9. Executing CHECK pass (checking for obvious problems).
Checking module cap_pdb_parallel_compact_allocation_engine...
Checking module $paramod$cbc3189b30a0f0ae8c16e45df15b3f5a54303a8f\cap_pdb_masked_min32...
Checking module $paramod$b5bfe1d4fce40940586b6e35fec61194ae5a8fde\cap_pdb_state_wide_bank...
Found and reported 0 problems.

5.10. Executing OPT pass (performing simple optimizations).

5.10.1. Executing OPT_EXPR pass (perform const folding).
Optimizing module cap_pdb_parallel_compact_allocation_engine.
Optimizing module $paramod$cbc3189b30a0f0ae8c16e45df15b3f5a54303a8f\cap_pdb_masked_min32.
Optimizing module $paramod$b5bfe1d4fce40940586b6e35fec61194ae5a8fde\cap_pdb_state_wide_bank.

5.10.2. Executing OPT_MERGE pass (detect identical cells).
Finding identical cells in module `\cap_pdb_parallel_compact_allocation_engine'.
Computing hashes of 1142 cells of `\cap_pdb_parallel_compact_allocation_engine'.
Finding duplicate cells in `\cap_pdb_parallel_compact_allocation_engine'.
Computing hashes of 1058 cells of `\cap_pdb_parallel_compact_allocation_engine'.
Finding duplicate cells in `\cap_pdb_parallel_compact_allocation_engine'.
<suppressed ~252 debug messages>
Finding identical cells in module `$paramod$cbc3189b30a0f0ae8c16e45df15b3f5a54303a8f\cap_pdb_masked_min32'.
Computing hashes of 94 cells of `$paramod$cbc3189b30a0f0ae8c16e45df15b3f5a54303a8f\cap_pdb_masked_min32'.
Finding duplicate cells in `$paramod$cbc3189b30a0f0ae8c16e45df15b3f5a54303a8f\cap_pdb_masked_min32'.
Finding identical cells in module `$paramod$b5bfe1d4fce40940586b6e35fec61194ae5a8fde\cap_pdb_state_wide_bank'.
Computing hashes of 7 cells of `$paramod$b5bfe1d4fce40940586b6e35fec61194ae5a8fde\cap_pdb_state_wide_bank'.
Finding duplicate cells in `$paramod$b5bfe1d4fce40940586b6e35fec61194ae5a8fde\cap_pdb_state_wide_bank'.
Removed a total of 84 cells.

5.10.3. Executing OPT_MUXTREE pass (detect dead branches in mux trees).
Running muxtree optimizer on module \cap_pdb_parallel_compact_allocation_engine..
  Creating internal representation of mux trees.
  Evaluating internal representation of mux trees.
  Analyzing evaluation results.
Running muxtree optimizer on module $paramod$cbc3189b30a0f0ae8c16e45df15b3f5a54303a8f\cap_pdb_masked_min32..
  Creating internal representation of mux trees.
  Evaluating internal representation of mux trees.
  Analyzing evaluation results.
Running muxtree optimizer on module $paramod$b5bfe1d4fce40940586b6e35fec61194ae5a8fde\cap_pdb_state_wide_bank..
  Creating internal representation of mux trees.
  Evaluating internal representation of mux trees.
  Analyzing evaluation results.
Removed 0 multiplexer ports.
<suppressed ~464 debug messages>

5.10.4. Executing OPT_REDUCE pass (consolidate $*mux and $reduce_* inputs).
  Optimizing cells in module \cap_pdb_parallel_compact_allocation_engine.
  Optimizing cells in module $paramod$cbc3189b30a0f0ae8c16e45df15b3f5a54303a8f\cap_pdb_masked_min32.
  Optimizing cells in module $paramod$b5bfe1d4fce40940586b6e35fec61194ae5a8fde\cap_pdb_state_wide_bank.
    Consolidated identical input bits for $mux cell $procmux$4344:
      Old ports: A=512'00000000000000000000000000000000000000000000000000000000000000000000000000000000000000000000000000000000000000000000000000000000000000000000000000000000000000000000000000000000000000000000000000000000000000000000000000000000000000000000000000000000000000000000000000000000000000000000000000000000000000000000000000000000000000000000000000000000000000000000000000000000000000000000000000000000000000000000000000000000000000000000000000000000000000000000000000000000000000000000000000000000000000000000000000000000, B=512'11111111111111111111111111111111111111111111111111111111111111111111111111111111111111111111111111111111111111111111111111111111111111111111111111111111111111111111111111111111111111111111111111111111111111111111111111111111111111111111111111111111111111111111111111111111111111111111111111111111111111111111111111111111111111111111111111111111111111111111111111111111111111111111111111111111111111111111111111111111111111111111111111111111111111111111111111111111111111111111111111111111111111111111111111111111, Y=$0$memwr$\memory$cap_pdb_parallel_compact_engine.sv:24$2668_EN[511:0]$2672
      New ports: A=1'0, B=1'1, Y=$0$memwr$\memory$cap_pdb_parallel_compact_engine.sv:24$2668_EN[511:0]$2672 [0]
      New connections: $0$memwr$\memory$cap_pdb_parallel_compact_engine.sv:24$2668_EN[511:0]$2672 [511:1] = { $0$memwr$\memory$cap_pdb_parallel_compact_engine.sv:24$2668_EN[511:0]$2672 [0] $0$memwr$\memory$cap_pdb_parallel_compact_engine.sv:24$2668_EN[511:0]$2672 [0] $0$memwr$\memory$cap_pdb_parallel_compact_engine.sv:24$2668_EN[511:0]$2672 [0] $0$memwr$\memory$cap_pdb_parallel_compact_engine.sv:24$2668_EN[511:0]$2672 [0] $0$memwr$\memory$cap_pdb_parallel_compact_engine.sv:24$2668_EN[511:0]$2672 [0] $0$memwr$\memory$cap_pdb_parallel_compact_engine.sv:24$2668_EN[511:0]$2672 [0] $0$memwr$\memory$cap_pdb_parallel_compact_engine.sv:24$2668_EN[511:0]$2672 [0] $0$memwr$\memory$cap_pdb_parallel_compact_engine.sv:24$2668_EN[511:0]$2672 [0] $0$memwr$\memory$cap_pdb_parallel_compact_engine.sv:24$2668_EN[511:0]$2672 [0] $0$memwr$\memory$cap_pdb_parallel_compact_engine.sv:24$2668_EN[511:0]$2672 [0] $0$memwr$\memory$cap_pdb_parallel_compact_engine.sv:24$2668_EN[511:0]$2672 [0] $0$memwr$\memory$cap_pdb_parallel_compact_engine.sv:24$2668_EN[511:0]$2672 [0] $0$memwr$\memory$cap_pdb_parallel_compact_engine.sv:24$2668_EN[511:0]$2672 [0] $0$memwr$\memory$cap_pdb_parallel_compact_engine.sv:24$2668_EN[511:0]$2672 [0] $0$memwr$\memory$cap_pdb_parallel_compact_engine.sv:24$2668_EN[511:0]$2672 [0] $0$memwr$\memory$cap_pdb_parallel_compact_engine.sv:24$2668_EN[511:0]$2672 [0] $0$memwr$\memory$cap_pdb_parallel_compact_engine.sv:24$2668_EN[511:0]$2672 [0] $0$memwr$\memory$cap_pdb_parallel_compact_engine.sv:24$2668_EN[511:0]$2672 [0] $0$memwr$\memory$cap_pdb_parallel_compact_engine.sv:24$2668_EN[511:0]$2672 [0] $0$memwr$\memory$cap_pdb_parallel_compact_engine.sv:24$2668_EN[511:0]$2672 [0] $0$memwr$\memory$cap_pdb_parallel_compact_engine.sv:24$2668_EN[511:0]$2672 [0] $0$memwr$\memory$cap_pdb_parallel_compact_engine.sv:24$2668_EN[511:0]$2672 [0] $0$memwr$\memory$cap_pdb_parallel_compact_engine.sv:24$2668_EN[511:0]$2672 [0] $0$memwr$\memory$cap_pdb_parallel_compact_engine.sv:24$2668_EN[511:0]$2672 [0] $0$memwr$\memory$cap_pdb_parallel_compact_engine.sv:24$2668_EN[511:0]$2672 [0] $0$memwr$\memory$cap_pdb_parallel_compact_engine.sv:24$2668_EN[511:0]$2672 [0] $0$memwr$\memory$cap_pdb_parallel_compact_engine.sv:24$2668_EN[511:0]$2672 [0] $0$memwr$\memory$cap_pdb_parallel_compact_engine.sv:24$2668_EN[511:0]$2672 [0] $0$memwr$\memory$cap_pdb_parallel_compact_engine.sv:24$2668_EN[511:0]$2672 [0] $0$memwr$\memory$cap_pdb_parallel_compact_engine.sv:24$2668_EN[511:0]$2672 [0] $0$memwr$\memory$cap_pdb_parallel_compact_engine.sv:24$2668_EN[511:0]$2672 [0] $0$memwr$\memory$cap_pdb_parallel_compact_engine.sv:24$2668_EN[511:0]$2672 [0] $0$memwr$\memory$cap_pdb_parallel_compact_engine.sv:24$2668_EN[511:0]$2672 [0] $0$memwr$\memory$cap_pdb_parallel_compact_engine.sv:24$2668_EN[511:0]$2672 [0] $0$memwr$\memory$cap_pdb_parallel_compact_engine.sv:24$2668_EN[511:0]$2672 [0] $0$memwr$\memory$cap_pdb_parallel_compact_engine.sv:24$2668_EN[511:0]$2672 [0] $0$memwr$\memory$cap_pdb_parallel_compact_engine.sv:24$2668_EN[511:0]$2672 [0] $0$memwr$\memory$cap_pdb_parallel_compact_engine.sv:24$2668_EN[511:0]$2672 [0] $0$memwr$\memory$cap_pdb_parallel_compact_engine.sv:24$2668_EN[511:0]$2672 [0] $0$memwr$\memory$cap_pdb_parallel_compact_engine.sv:24$2668_EN[511:0]$2672 [0] $0$memwr$\memory$cap_pdb_parallel_compact_engine.sv:24$2668_EN[511:0]$2672 [0] $0$memwr$\memory$cap_pdb_parallel_compact_engine.sv:24$2668_EN[511:0]$2672 [0] $0$memwr$\memory$cap_pdb_parallel_compact_engine.sv:24$2668_EN[511:0]$2672 [0] $0$memwr$\memory$cap_pdb_parallel_compact_engine.sv:24$2668_EN[511:0]$2672 [0] $0$memwr$\memory$cap_pdb_parallel_compact_engine.sv:24$2668_EN[511:0]$2672 [0] $0$memwr$\memory$cap_pdb_parallel_compact_engine.sv:24$2668_EN[511:0]$2672 [0] $0$memwr$\memory$cap_pdb_parallel_compact_engine.sv:24$2668_EN[511:0]$2672 [0] $0$memwr$\memory$cap_pdb_parallel_compact_engine.sv:24$2668_EN[511:0]$2672 [0] $0$memwr$\memory$cap_pdb_parallel_compact_engine.sv:24$2668_EN[511:0]$2672 [0] $0$memwr$\memory$cap_pdb_parallel_compact_engine.sv:24$2668_EN[511:0]$2672 [0] $0$memwr$\memory$cap_pdb_parallel_compact_engine.sv:24$2668_EN[511:0]$2672 [0] $0$memwr$\memory$cap_pdb_parallel_compact_engine.sv:24$2668_EN[511:0]$2672 [0] $0$memwr$\memory$cap_pdb_parallel_compact_engine.sv:24$2668_EN[511:0]$2672 [0] $0$memwr$\memory$cap_pdb_parallel_compact_engine.sv:24$2668_EN[511:0]$2672 [0] $0$memwr$\memory$cap_pdb_parallel_compact_engine.sv:24$2668_EN[511:0]$2672 [0] $0$memwr$\memory$cap_pdb_parallel_compact_engine.sv:24$2668_EN[511:0]$2672 [0] $0$memwr$\memory$cap_pdb_parallel_compact_engine.sv:24$2668_EN[511:0]$2672 [0] $0$memwr$\memory$cap_pdb_parallel_compact_engine.sv:24$2668_EN[511:0]$2672 [0] $0$memwr$\memory$cap_pdb_parallel_compact_engine.sv:24$2668_EN[511:0]$2672 [0] $0$memwr$\memory$cap_pdb_parallel_compact_engine.sv:24$2668_EN[511:0]$2672 [0] $0$memwr$\memory$cap_pdb_parallel_compact_engine.sv:24$2668_EN[511:0]$2672 [0] $0$memwr$\memory$cap_pdb_parallel_compact_engine.sv:24$2668_EN[511:0]$2672 [0] $0$memwr$\memory$cap_pdb_parallel_compact_engine.sv:24$2668_EN[511:0]$2672 [0] $0$memwr$\memory$cap_pdb_parallel_compact_engine.sv:24$2668_EN[511:0]$2672 [0] $0$memwr$\memory$cap_pdb_parallel_compact_engine.sv:24$2668_EN[511:0]$2672 [0] $0$memwr$\memory$cap_pdb_parallel_compact_engine.sv:24$2668_EN[511:0]$2672 [0] $0$memwr$\memory$cap_pdb_parallel_compact_engine.sv:24$2668_EN[511:0]$2672 [0] $0$memwr$\memory$cap_pdb_parallel_compact_engine.sv:24$2668_EN[511:0]$2672 [0] $0$memwr$\memory$cap_pdb_parallel_compact_engine.sv:24$2668_EN[511:0]$2672 [0] $0$memwr$\memory$cap_pdb_parallel_compact_engine.sv:24$2668_EN[511:0]$2672 [0] $0$memwr$\memory$cap_pdb_parallel_compact_engine.sv:24$2668_EN[511:0]$2672 [0] $0$memwr$\memory$cap_pdb_parallel_compact_engine.sv:24$2668_EN[511:0]$2672 [0] $0$memwr$\memory$cap_pdb_parallel_compact_engine.sv:24$2668_EN[511:0]$2672 [0] $0$memwr$\memory$cap_pdb_parallel_compact_engine.sv:24$2668_EN[511:0]$2672 [0] $0$memwr$\memory$cap_pdb_parallel_compact_engine.sv:24$2668_EN[511:0]$2672 [0] $0$memwr$\memory$cap_pdb_parallel_compact_engine.sv:24$2668_EN[511:0]$2672 [0] $0$memwr$\memory$cap_pdb_parallel_compact_engine.sv:24$2668_EN[511:0]$2672 [0] $0$memwr$\memory$cap_pdb_parallel_compact_engine.sv:24$2668_EN[511:0]$2672 [0] $0$memwr$\memory$cap_pdb_parallel_compact_engine.sv:24$2668_EN[511:0]$2672 [0] $0$memwr$\memory$cap_pdb_parallel_compact_engine.sv:24$2668_EN[511:0]$2672 [0] $0$memwr$\memory$cap_pdb_parallel_compact_engine.sv:24$2668_EN[511:0]$2672 [0] $0$memwr$\memory$cap_pdb_parallel_compact_engine.sv:24$2668_EN[511:0]$2672 [0] $0$memwr$\memory$cap_pdb_parallel_compact_engine.sv:24$2668_EN[511:0]$2672 [0] $0$memwr$\memory$cap_pdb_parallel_compact_engine.sv:24$2668_EN[511:0]$2672 [0] $0$memwr$\memory$cap_pdb_parallel_compact_engine.sv:24$2668_EN[511:0]$2672 [0] $0$memwr$\memory$cap_pdb_parallel_compact_engine.sv:24$2668_EN[511:0]$2672 [0] $0$memwr$\memory$cap_pdb_parallel_compact_engine.sv:24$2668_EN[511:0]$2672 [0] $0$memwr$\memory$cap_pdb_parallel_compact_engine.sv:24$2668_EN[511:0]$2672 [0] $0$memwr$\memory$cap_pdb_parallel_compact_engine.sv:24$2668_EN[511:0]$2672 [0] $0$memwr$\memory$cap_pdb_parallel_compact_engine.sv:24$2668_EN[511:0]$2672 [0] $0$memwr$\memory$cap_pdb_parallel_compact_engine.sv:24$2668_EN[511:0]$2672 [0] $0$memwr$\memory$cap_pdb_parallel_compact_engine.sv:24$2668_EN[511:0]$2672 [0] $0$memwr$\memory$cap_pdb_parallel_compact_engine.sv:24$2668_EN[511:0]$2672 [0] $0$memwr$\memory$cap_pdb_parallel_compact_engine.sv:24$2668_EN[511:0]$2672 [0] $0$memwr$\memory$cap_pdb_parallel_compact_engine.sv:24$2668_EN[511:0]$2672 [0] $0$memwr$\memory$cap_pdb_parallel_compact_engine.sv:24$2668_EN[511:0]$2672 [0] $0$memwr$\memory$cap_pdb_parallel_compact_engine.sv:24$2668_EN[511:0]$2672 [0] $0$memwr$\memory$cap_pdb_parallel_compact_engine.sv:24$2668_EN[511:0]$2672 [0] $0$memwr$\memory$cap_pdb_parallel_compact_engine.sv:24$2668_EN[511:0]$2672 [0] $0$memwr$\memory$cap_pdb_parallel_compact_engine.sv:24$2668_EN[511:0]$2672 [0] $0$memwr$\memory$cap_pdb_parallel_compact_engine.sv:24$2668_EN[511:0]$2672 [0] $0$memwr$\memory$cap_pdb_parallel_compact_engine.sv:24$2668_EN[511:0]$2672 [0] $0$memwr$\memory$cap_pdb_parallel_compact_engine.sv:24$2668_EN[511:0]$2672 [0] $0$memwr$\memory$cap_pdb_parallel_compact_engine.sv:24$2668_EN[511:0]$2672 [0] $0$memwr$\memory$cap_pdb_parallel_compact_engine.sv:24$2668_EN[511:0]$2672 [0] $0$memwr$\memory$cap_pdb_parallel_compact_engine.sv:24$2668_EN[511:0]$2672 [0] $0$memwr$\memory$cap_pdb_parallel_compact_engine.sv:24$2668_EN[511:0]$2672 [0] $0$memwr$\memory$cap_pdb_parallel_compact_engine.sv:24$2668_EN[511:0]$2672 [0] $0$memwr$\memory$cap_pdb_parallel_compact_engine.sv:24$2668_EN[511:0]$2672 [0] $0$memwr$\memory$cap_pdb_parallel_compact_engine.sv:24$2668_EN[511:0]$2672 [0] $0$memwr$\memory$cap_pdb_parallel_compact_engine.sv:24$2668_EN[511:0]$2672 [0] $0$memwr$\memory$cap_pdb_parallel_compact_engine.sv:24$2668_EN[511:0]$2672 [0] $0$memwr$\memory$cap_pdb_parallel_compact_engine.sv:24$2668_EN[511:0]$2672 [0] $0$memwr$\memory$cap_pdb_parallel_compact_engine.sv:24$2668_EN[511:0]$2672 [0] $0$memwr$\memory$cap_pdb_parallel_compact_engine.sv:24$2668_EN[511:0]$2672 [0] $0$memwr$\memory$cap_pdb_parallel_compact_engine.sv:24$2668_EN[511:0]$2672 [0] $0$memwr$\memory$cap_pdb_parallel_compact_engine.sv:24$2668_EN[511:0]$2672 [0] $0$memwr$\memory$cap_pdb_parallel_compact_engine.sv:24$2668_EN[511:0]$2672 [0] $0$memwr$\memory$cap_pdb_parallel_compact_engine.sv:24$2668_EN[511:0]$2672 [0] $0$memwr$\memory$cap_pdb_parallel_compact_engine.sv:24$2668_EN[511:0]$2672 [0] $0$memwr$\memory$cap_pdb_parallel_compact_engine.sv:24$2668_EN[511:0]$2672 [0] $0$memwr$\memory$cap_pdb_parallel_compact_engine.sv:24$2668_EN[511:0]$2672 [0] $0$memwr$\memory$cap_pdb_parallel_compact_engine.sv:24$2668_EN[511:0]$2672 [0] $0$memwr$\memory$cap_pdb_parallel_compact_engine.sv:24$2668_EN[511:0]$2672 [0] $0$memwr$\memory$cap_pdb_parallel_compact_engine.sv:24$2668_EN[511:0]$2672 [0] $0$memwr$\memory$cap_pdb_parallel_compact_engine.sv:24$2668_EN[511:0]$2672 [0] $0$memwr$\memory$cap_pdb_parallel_compact_engine.sv:24$2668_EN[511:0]$2672 [0] $0$memwr$\memory$cap_pdb_parallel_compact_engine.sv:24$2668_EN[511:0]$2672 [0] $0$memwr$\memory$cap_pdb_parallel_compact_engine.sv:24$2668_EN[511:0]$2672 [0] $0$memwr$\memory$cap_pdb_parallel_compact_engine.sv:24$2668_EN[511:0]$2672 [0] $0$memwr$\memory$cap_pdb_parallel_compact_engine.sv:24$2668_EN[511:0]$2672 [0] $0$memwr$\memory$cap_pdb_parallel_compact_engine.sv:24$2668_EN[511:0]$2672 [0] $0$memwr$\memory$cap_pdb_parallel_compact_engine.sv:24$2668_EN[511:0]$2672 [0] $0$memwr$\memory$cap_pdb_parallel_compact_engine.sv:24$2668_EN[511:0]$2672 [0] $0$memwr$\memory$cap_pdb_parallel_compact_engine.sv:24$2668_EN[511:0]$2672 [0] $0$memwr$\memory$cap_pdb_parallel_compact_engine.sv:24$2668_EN[511:0]$2672 [0] $0$memwr$\memory$cap_pdb_parallel_compact_engine.sv:24$2668_EN[511:0]$2672 [0] $0$memwr$\memory$cap_pdb_parallel_compact_engine.sv:24$2668_EN[511:0]$2672 [0] $0$memwr$\memory$cap_pdb_parallel_compact_engine.sv:24$2668_EN[511:0]$2672 [0] $0$memwr$\memory$cap_pdb_parallel_compact_engine.sv:24$2668_EN[511:0]$2672 [0] $0$memwr$\memory$cap_pdb_parallel_compact_engine.sv:24$2668_EN[511:0]$2672 [0] $0$memwr$\memory$cap_pdb_parallel_compact_engine.sv:24$2668_EN[511:0]$2672 [0] $0$memwr$\memory$cap_pdb_parallel_compact_engine.sv:24$2668_EN[511:0]$2672 [0] $0$memwr$\memory$cap_pdb_parallel_compact_engine.sv:24$2668_EN[511:0]$2672 [0] $0$memwr$\memory$cap_pdb_parallel_compact_engine.sv:24$2668_EN[511:0]$2672 [0] $0$memwr$\memory$cap_pdb_parallel_compact_engine.sv:24$2668_EN[511:0]$2672 [0] $0$memwr$\memory$cap_pdb_parallel_compact_engine.sv:24$2668_EN[511:0]$2672 [0] $0$memwr$\memory$cap_pdb_parallel_compact_engine.sv:24$2668_EN[511:0]$2672 [0] $0$memwr$\memory$cap_pdb_parallel_compact_engine.sv:24$2668_EN[511:0]$2672 [0] $0$memwr$\memory$cap_pdb_parallel_compact_engine.sv:24$2668_EN[511:0]$2672 [0] $0$memwr$\memory$cap_pdb_parallel_compact_engine.sv:24$2668_EN[511:0]$2672 [0] $0$memwr$\memory$cap_pdb_parallel_compact_engine.sv:24$2668_EN[511:0]$2672 [0] $0$memwr$\memory$cap_pdb_parallel_compact_engine.sv:24$2668_EN[511:0]$2672 [0] $0$memwr$\memory$cap_pdb_parallel_compact_engine.sv:24$2668_EN[511:0]$2672 [0] $0$memwr$\memory$cap_pdb_parallel_compact_engine.sv:24$2668_EN[511:0]$2672 [0] $0$memwr$\memory$cap_pdb_parallel_compact_engine.sv:24$2668_EN[511:0]$2672 [0] $0$memwr$\memory$cap_pdb_parallel_compact_engine.sv:24$2668_EN[511:0]$2672 [0] $0$memwr$\memory$cap_pdb_parallel_compact_engine.sv:24$2668_EN[511:0]$2672 [0] $0$memwr$\memory$cap_pdb_parallel_compact_engine.sv:24$2668_EN[511:0]$2672 [0] $0$memwr$\memory$cap_pdb_parallel_compact_engine.sv:24$2668_EN[511:0]$2672 [0] $0$memwr$\memory$cap_pdb_parallel_compact_engine.sv:24$2668_EN[511:0]$2672 [0] $0$memwr$\memory$cap_pdb_parallel_compact_engine.sv:24$2668_EN[511:0]$2672 [0] $0$memwr$\memory$cap_pdb_parallel_compact_engine.sv:24$2668_EN[511:0]$2672 [0] $0$memwr$\memory$cap_pdb_parallel_compact_engine.sv:24$2668_EN[511:0]$2672 [0] $0$memwr$\memory$cap_pdb_parallel_compact_engine.sv:24$2668_EN[511:0]$2672 [0] $0$memwr$\memory$cap_pdb_parallel_compact_engine.sv:24$2668_EN[511:0]$2672 [0] $0$memwr$\memory$cap_pdb_parallel_compact_engine.sv:24$2668_EN[511:0]$2672 [0] $0$memwr$\memory$cap_pdb_parallel_compact_engine.sv:24$2668_EN[511:0]$2672 [0] $0$memwr$\memory$cap_pdb_parallel_compact_engine.sv:24$2668_EN[511:0]$2672 [0] $0$memwr$\memory$cap_pdb_parallel_compact_engine.sv:24$2668_EN[511:0]$2672 [0] $0$memwr$\memory$cap_pdb_parallel_compact_engine.sv:24$2668_EN[511:0]$2672 [0] $0$memwr$\memory$cap_pdb_parallel_compact_engine.sv:24$2668_EN[511:0]$2672 [0] $0$memwr$\memory$cap_pdb_parallel_compact_engine.sv:24$2668_EN[511:0]$2672 [0] $0$memwr$\memory$cap_pdb_parallel_compact_engine.sv:24$2668_EN[511:0]$2672 [0] $0$memwr$\memory$cap_pdb_parallel_compact_engine.sv:24$2668_EN[511:0]$2672 [0] $0$memwr$\memory$cap_pdb_parallel_compact_engine.sv:24$2668_EN[511:0]$2672 [0] $0$memwr$\memory$cap_pdb_parallel_compact_engine.sv:24$2668_EN[511:0]$2672 [0] $0$memwr$\memory$cap_pdb_parallel_compact_engine.sv:24$2668_EN[511:0]$2672 [0] $0$memwr$\memory$cap_pdb_parallel_compact_engine.sv:24$2668_EN[511:0]$2672 [0] $0$memwr$\memory$cap_pdb_parallel_compact_engine.sv:24$2668_EN[511:0]$2672 [0] $0$memwr$\memory$cap_pdb_parallel_compact_engine.sv:24$2668_EN[511:0]$2672 [0] $0$memwr$\memory$cap_pdb_parallel_compact_engine.sv:24$2668_EN[511:0]$2672 [0] $0$memwr$\memory$cap_pdb_parallel_compact_engine.sv:24$2668_EN[511:0]$2672 [0] $0$memwr$\memory$cap_pdb_parallel_compact_engine.sv:24$2668_EN[511:0]$2672 [0] $0$memwr$\memory$cap_pdb_parallel_compact_engine.sv:24$2668_EN[511:0]$2672 [0] $0$memwr$\memory$cap_pdb_parallel_compact_engine.sv:24$2668_EN[511:0]$2672 [0] $0$memwr$\memory$cap_pdb_parallel_compact_engine.sv:24$2668_EN[511:0]$2672 [0] $0$memwr$\memory$cap_pdb_parallel_compact_engine.sv:24$2668_EN[511:0]$2672 [0] $0$memwr$\memory$cap_pdb_parallel_compact_engine.sv:24$2668_EN[511:0]$2672 [0] $0$memwr$\memory$cap_pdb_parallel_compact_engine.sv:24$2668_EN[511:0]$2672 [0] $0$memwr$\memory$cap_pdb_parallel_compact_engine.sv:24$2668_EN[511:0]$2672 [0] $0$memwr$\memory$cap_pdb_parallel_compact_engine.sv:24$2668_EN[511:0]$2672 [0] $0$memwr$\memory$cap_pdb_parallel_compact_engine.sv:24$2668_EN[511:0]$2672 [0] $0$memwr$\memory$cap_pdb_parallel_compact_engine.sv:24$2668_EN[511:0]$2672 [0] $0$memwr$\memory$cap_pdb_parallel_compact_engine.sv:24$2668_EN[511:0]$2672 [0] $0$memwr$\memory$cap_pdb_parallel_compact_engine.sv:24$2668_EN[511:0]$2672 [0] $0$memwr$\memory$cap_pdb_parallel_compact_engine.sv:24$2668_EN[511:0]$2672 [0] $0$memwr$\memory$cap_pdb_parallel_compact_engine.sv:24$2668_EN[511:0]$2672 [0] $0$memwr$\memory$cap_pdb_parallel_compact_engine.sv:24$2668_EN[511:0]$2672 [0] $0$memwr$\memory$cap_pdb_parallel_compact_engine.sv:24$2668_EN[511:0]$2672 [0] $0$memwr$\memory$cap_pdb_parallel_compact_engine.sv:24$2668_EN[511:0]$2672 [0] $0$memwr$\memory$cap_pdb_parallel_compact_engine.sv:24$2668_EN[511:0]$2672 [0] $0$memwr$\memory$cap_pdb_parallel_compact_engine.sv:24$2668_EN[511:0]$2672 [0] $0$memwr$\memory$cap_pdb_parallel_compact_engine.sv:24$2668_EN[511:0]$2672 [0] $0$memwr$\memory$cap_pdb_parallel_compact_engine.sv:24$2668_EN[511:0]$2672 [0] $0$memwr$\memory$cap_pdb_parallel_compact_engine.sv:24$2668_EN[511:0]$2672 [0] $0$memwr$\memory$cap_pdb_parallel_compact_engine.sv:24$2668_EN[511:0]$2672 [0] $0$memwr$\memory$cap_pdb_parallel_compact_engine.sv:24$2668_EN[511:0]$2672 [0] $0$memwr$\memory$cap_pdb_parallel_compact_engine.sv:24$2668_EN[511:0]$2672 [0] $0$memwr$\memory$cap_pdb_parallel_compact_engine.sv:24$2668_EN[511:0]$2672 [0] $0$memwr$\memory$cap_pdb_parallel_compact_engine.sv:24$2668_EN[511:0]$2672 [0] $0$memwr$\memory$cap_pdb_parallel_compact_engine.sv:24$2668_EN[511:0]$2672 [0] $0$memwr$\memory$cap_pdb_parallel_compact_engine.sv:24$2668_EN[511:0]$2672 [0] $0$memwr$\memory$cap_pdb_parallel_compact_engine.sv:24$2668_EN[511:0]$2672 [0] $0$memwr$\memory$cap_pdb_parallel_compact_engine.sv:24$2668_EN[511:0]$2672 [0] $0$memwr$\memory$cap_pdb_parallel_compact_engine.sv:24$2668_EN[511:0]$2672 [0] $0$memwr$\memory$cap_pdb_parallel_compact_engine.sv:24$2668_EN[511:0]$2672 [0] $0$memwr$\memory$cap_pdb_parallel_compact_engine.sv:24$2668_EN[511:0]$2672 [0] $0$memwr$\memory$cap_pdb_parallel_compact_engine.sv:24$2668_EN[511:0]$2672 [0] $0$memwr$\memory$cap_pdb_parallel_compact_engine.sv:24$2668_EN[511:0]$2672 [0] $0$memwr$\memory$cap_pdb_parallel_compact_engine.sv:24$2668_EN[511:0]$2672 [0] $0$memwr$\memory$cap_pdb_parallel_compact_engine.sv:24$2668_EN[511:0]$2672 [0] $0$memwr$\memory$cap_pdb_parallel_compact_engine.sv:24$2668_EN[511:0]$2672 [0] $0$memwr$\memory$cap_pdb_parallel_compact_engine.sv:24$2668_EN[511:0]$2672 [0] $0$memwr$\memory$cap_pdb_parallel_compact_engine.sv:24$2668_EN[511:0]$2672 [0] $0$memwr$\memory$cap_pdb_parallel_compact_engine.sv:24$2668_EN[511:0]$2672 [0] $0$memwr$\memory$cap_pdb_parallel_compact_engine.sv:24$2668_EN[511:0]$2672 [0] $0$memwr$\memory$cap_pdb_parallel_compact_engine.sv:24$2668_EN[511:0]$2672 [0] $0$memwr$\memory$cap_pdb_parallel_compact_engine.sv:24$2668_EN[511:0]$2672 [0] $0$memwr$\memory$cap_pdb_parallel_compact_engine.sv:24$2668_EN[511:0]$2672 [0] $0$memwr$\memory$cap_pdb_parallel_compact_engine.sv:24$2668_EN[511:0]$2672 [0] $0$memwr$\memory$cap_pdb_parallel_compact_engine.sv:24$2668_EN[511:0]$2672 [0] $0$memwr$\memory$cap_pdb_parallel_compact_engine.sv:24$2668_EN[511:0]$2672 [0] $0$memwr$\memory$cap_pdb_parallel_compact_engine.sv:24$2668_EN[511:0]$2672 [0] $0$memwr$\memory$cap_pdb_parallel_compact_engine.sv:24$2668_EN[511:0]$2672 [0] $0$memwr$\memory$cap_pdb_parallel_compact_engine.sv:24$2668_EN[511:0]$2672 [0] $0$memwr$\memory$cap_pdb_parallel_compact_engine.sv:24$2668_EN[511:0]$2672 [0] $0$memwr$\memory$cap_pdb_parallel_compact_engine.sv:24$2668_EN[511:0]$2672 [0] $0$memwr$\memory$cap_pdb_parallel_compact_engine.sv:24$2668_EN[511:0]$2672 [0] $0$memwr$\memory$cap_pdb_parallel_compact_engine.sv:24$2668_EN[511:0]$2672 [0] $0$memwr$\memory$cap_pdb_parallel_compact_engine.sv:24$2668_EN[511:0]$2672 [0] $0$memwr$\memory$cap_pdb_parallel_compact_engine.sv:24$2668_EN[511:0]$2672 [0] $0$memwr$\memory$cap_pdb_parallel_compact_engine.sv:24$2668_EN[511:0]$2672 [0] $0$memwr$\memory$cap_pdb_parallel_compact_engine.sv:24$2668_EN[511:0]$2672 [0] $0$memwr$\memory$cap_pdb_parallel_compact_engine.sv:24$2668_EN[511:0]$2672 [0] $0$memwr$\memory$cap_pdb_parallel_compact_engine.sv:24$2668_EN[511:0]$2672 [0] $0$memwr$\memory$cap_pdb_parallel_compact_engine.sv:24$2668_EN[511:0]$2672 [0] $0$memwr$\memory$cap_pdb_parallel_compact_engine.sv:24$2668_EN[511:0]$2672 [0] $0$memwr$\memory$cap_pdb_parallel_compact_engine.sv:24$2668_EN[511:0]$2672 [0] $0$memwr$\memory$cap_pdb_parallel_compact_engine.sv:24$2668_EN[511:0]$2672 [0] $0$memwr$\memory$cap_pdb_parallel_compact_engine.sv:24$2668_EN[511:0]$2672 [0] $0$memwr$\memory$cap_pdb_parallel_compact_engine.sv:24$2668_EN[511:0]$2672 [0] $0$memwr$\memory$cap_pdb_parallel_compact_engine.sv:24$2668_EN[511:0]$2672 [0] $0$memwr$\memory$cap_pdb_parallel_compact_engine.sv:24$2668_EN[511:0]$2672 [0] $0$memwr$\memory$cap_pdb_parallel_compact_engine.sv:24$2668_EN[511:0]$2672 [0] $0$memwr$\memory$cap_pdb_parallel_compact_engine.sv:24$2668_EN[511:0]$2672 [0] $0$memwr$\memory$cap_pdb_parallel_compact_engine.sv:24$2668_EN[511:0]$2672 [0] $0$memwr$\memory$cap_pdb_parallel_compact_engine.sv:24$2668_EN[511:0]$2672 [0] $0$memwr$\memory$cap_pdb_parallel_compact_engine.sv:24$2668_EN[511:0]$2672 [0] $0$memwr$\memory$cap_pdb_parallel_compact_engine.sv:24$2668_EN[511:0]$2672 [0] $0$memwr$\memory$cap_pdb_parallel_compact_engine.sv:24$2668_EN[511:0]$2672 [0] $0$memwr$\memory$cap_pdb_parallel_compact_engine.sv:24$2668_EN[511:0]$2672 [0] $0$memwr$\memory$cap_pdb_parallel_compact_engine.sv:24$2668_EN[511:0]$2672 [0] $0$memwr$\memory$cap_pdb_parallel_compact_engine.sv:24$2668_EN[511:0]$2672 [0] $0$memwr$\memory$cap_pdb_parallel_compact_engine.sv:24$2668_EN[511:0]$2672 [0] $0$memwr$\memory$cap_pdb_parallel_compact_engine.sv:24$2668_EN[511:0]$2672 [0] $0$memwr$\memory$cap_pdb_parallel_compact_engine.sv:24$2668_EN[511:0]$2672 [0] $0$memwr$\memory$cap_pdb_parallel_compact_engine.sv:24$2668_EN[511:0]$2672 [0] $0$memwr$\memory$cap_pdb_parallel_compact_engine.sv:24$2668_EN[511:0]$2672 [0] $0$memwr$\memory$cap_pdb_parallel_compact_engine.sv:24$2668_EN[511:0]$2672 [0] $0$memwr$\memory$cap_pdb_parallel_compact_engine.sv:24$2668_EN[511:0]$2672 [0] $0$memwr$\memory$cap_pdb_parallel_compact_engine.sv:24$2668_EN[511:0]$2672 [0] $0$memwr$\memory$cap_pdb_parallel_compact_engine.sv:24$2668_EN[511:0]$2672 [0] $0$memwr$\memory$cap_pdb_parallel_compact_engine.sv:24$2668_EN[511:0]$2672 [0] $0$memwr$\memory$cap_pdb_parallel_compact_engine.sv:24$2668_EN[511:0]$2672 [0] $0$memwr$\memory$cap_pdb_parallel_compact_engine.sv:24$2668_EN[511:0]$2672 [0] $0$memwr$\memory$cap_pdb_parallel_compact_engine.sv:24$2668_EN[511:0]$2672 [0] $0$memwr$\memory$cap_pdb_parallel_compact_engine.sv:24$2668_EN[511:0]$2672 [0] $0$memwr$\memory$cap_pdb_parallel_compact_engine.sv:24$2668_EN[511:0]$2672 [0] $0$memwr$\memory$cap_pdb_parallel_compact_engine.sv:24$2668_EN[511:0]$2672 [0] $0$memwr$\memory$cap_pdb_parallel_compact_engine.sv:24$2668_EN[511:0]$2672 [0] $0$memwr$\memory$cap_pdb_parallel_compact_engine.sv:24$2668_EN[511:0]$2672 [0] $0$memwr$\memory$cap_pdb_parallel_compact_engine.sv:24$2668_EN[511:0]$2672 [0] $0$memwr$\memory$cap_pdb_parallel_compact_engine.sv:24$2668_EN[511:0]$2672 [0] $0$memwr$\memory$cap_pdb_parallel_compact_engine.sv:24$2668_EN[511:0]$2672 [0] $0$memwr$\memory$cap_pdb_parallel_compact_engine.sv:24$2668_EN[511:0]$2672 [0] $0$memwr$\memory$cap_pdb_parallel_compact_engine.sv:24$2668_EN[511:0]$2672 [0] $0$memwr$\memory$cap_pdb_parallel_compact_engine.sv:24$2668_EN[511:0]$2672 [0] $0$memwr$\memory$cap_pdb_parallel_compact_engine.sv:24$2668_EN[511:0]$2672 [0] $0$memwr$\memory$cap_pdb_parallel_compact_engine.sv:24$2668_EN[511:0]$2672 [0] $0$memwr$\memory$cap_pdb_parallel_compact_engine.sv:24$2668_EN[511:0]$2672 [0] $0$memwr$\memory$cap_pdb_parallel_compact_engine.sv:24$2668_EN[511:0]$2672 [0] $0$memwr$\memory$cap_pdb_parallel_compact_engine.sv:24$2668_EN[511:0]$2672 [0] $0$memwr$\memory$cap_pdb_parallel_compact_engine.sv:24$2668_EN[511:0]$2672 [0] $0$memwr$\memory$cap_pdb_parallel_compact_engine.sv:24$2668_EN[511:0]$2672 [0] $0$memwr$\memory$cap_pdb_parallel_compact_engine.sv:24$2668_EN[511:0]$2672 [0] $0$memwr$\memory$cap_pdb_parallel_compact_engine.sv:24$2668_EN[511:0]$2672 [0] $0$memwr$\memory$cap_pdb_parallel_compact_engine.sv:24$2668_EN[511:0]$2672 [0] $0$memwr$\memory$cap_pdb_parallel_compact_engine.sv:24$2668_EN[511:0]$2672 [0] $0$memwr$\memory$cap_pdb_parallel_compact_engine.sv:24$2668_EN[511:0]$2672 [0] $0$memwr$\memory$cap_pdb_parallel_compact_engine.sv:24$2668_EN[511:0]$2672 [0] $0$memwr$\memory$cap_pdb_parallel_compact_engine.sv:24$2668_EN[511:0]$2672 [0] $0$memwr$\memory$cap_pdb_parallel_compact_engine.sv:24$2668_EN[511:0]$2672 [0] $0$memwr$\memory$cap_pdb_parallel_compact_engine.sv:24$2668_EN[511:0]$2672 [0] $0$memwr$\memory$cap_pdb_parallel_compact_engine.sv:24$2668_EN[511:0]$2672 [0] $0$memwr$\memory$cap_pdb_parallel_compact_engine.sv:24$2668_EN[511:0]$2672 [0] $0$memwr$\memory$cap_pdb_parallel_compact_engine.sv:24$2668_EN[511:0]$2672 [0] $0$memwr$\memory$cap_pdb_parallel_compact_engine.sv:24$2668_EN[511:0]$2672 [0] $0$memwr$\memory$cap_pdb_parallel_compact_engine.sv:24$2668_EN[511:0]$2672 [0] $0$memwr$\memory$cap_pdb_parallel_compact_engine.sv:24$2668_EN[511:0]$2672 [0] $0$memwr$\memory$cap_pdb_parallel_compact_engine.sv:24$2668_EN[511:0]$2672 [0] $0$memwr$\memory$cap_pdb_parallel_compact_engine.sv:24$2668_EN[511:0]$2672 [0] $0$memwr$\memory$cap_pdb_parallel_compact_engine.sv:24$2668_EN[511:0]$2672 [0] $0$memwr$\memory$cap_pdb_parallel_compact_engine.sv:24$2668_EN[511:0]$2672 [0] $0$memwr$\memory$cap_pdb_parallel_compact_engine.sv:24$2668_EN[511:0]$2672 [0] $0$memwr$\memory$cap_pdb_parallel_compact_engine.sv:24$2668_EN[511:0]$2672 [0] $0$memwr$\memory$cap_pdb_parallel_compact_engine.sv:24$2668_EN[511:0]$2672 [0] $0$memwr$\memory$cap_pdb_parallel_compact_engine.sv:24$2668_EN[511:0]$2672 [0] $0$memwr$\memory$cap_pdb_parallel_compact_engine.sv:24$2668_EN[511:0]$2672 [0] $0$memwr$\memory$cap_pdb_parallel_compact_engine.sv:24$2668_EN[511:0]$2672 [0] $0$memwr$\memory$cap_pdb_parallel_compact_engine.sv:24$2668_EN[511:0]$2672 [0] $0$memwr$\memory$cap_pdb_parallel_compact_engine.sv:24$2668_EN[511:0]$2672 [0] $0$memwr$\memory$cap_pdb_parallel_compact_engine.sv:24$2668_EN[511:0]$2672 [0] $0$memwr$\memory$cap_pdb_parallel_compact_engine.sv:24$2668_EN[511:0]$2672 [0] $0$memwr$\memory$cap_pdb_parallel_compact_engine.sv:24$2668_EN[511:0]$2672 [0] $0$memwr$\memory$cap_pdb_parallel_compact_engine.sv:24$2668_EN[511:0]$2672 [0] $0$memwr$\memory$cap_pdb_parallel_compact_engine.sv:24$2668_EN[511:0]$2672 [0] $0$memwr$\memory$cap_pdb_parallel_compact_engine.sv:24$2668_EN[511:0]$2672 [0] $0$memwr$\memory$cap_pdb_parallel_compact_engine.sv:24$2668_EN[511:0]$2672 [0] $0$memwr$\memory$cap_pdb_parallel_compact_engine.sv:24$2668_EN[511:0]$2672 [0] $0$memwr$\memory$cap_pdb_parallel_compact_engine.sv:24$2668_EN[511:0]$2672 [0] $0$memwr$\memory$cap_pdb_parallel_compact_engine.sv:24$2668_EN[511:0]$2672 [0] $0$memwr$\memory$cap_pdb_parallel_compact_engine.sv:24$2668_EN[511:0]$2672 [0] $0$memwr$\memory$cap_pdb_parallel_compact_engine.sv:24$2668_EN[511:0]$2672 [0] $0$memwr$\memory$cap_pdb_parallel_compact_engine.sv:24$2668_EN[511:0]$2672 [0] $0$memwr$\memory$cap_pdb_parallel_compact_engine.sv:24$2668_EN[511:0]$2672 [0] $0$memwr$\memory$cap_pdb_parallel_compact_engine.sv:24$2668_EN[511:0]$2672 [0] $0$memwr$\memory$cap_pdb_parallel_compact_engine.sv:24$2668_EN[511:0]$2672 [0] $0$memwr$\memory$cap_pdb_parallel_compact_engine.sv:24$2668_EN[511:0]$2672 [0] $0$memwr$\memory$cap_pdb_parallel_compact_engine.sv:24$2668_EN[511:0]$2672 [0] $0$memwr$\memory$cap_pdb_parallel_compact_engine.sv:24$2668_EN[511:0]$2672 [0] $0$memwr$\memory$cap_pdb_parallel_compact_engine.sv:24$2668_EN[511:0]$2672 [0] $0$memwr$\memory$cap_pdb_parallel_compact_engine.sv:24$2668_EN[511:0]$2672 [0] $0$memwr$\memory$cap_pdb_parallel_compact_engine.sv:24$2668_EN[511:0]$2672 [0] $0$memwr$\memory$cap_pdb_parallel_compact_engine.sv:24$2668_EN[511:0]$2672 [0] $0$memwr$\memory$cap_pdb_parallel_compact_engine.sv:24$2668_EN[511:0]$2672 [0] $0$memwr$\memory$cap_pdb_parallel_compact_engine.sv:24$2668_EN[511:0]$2672 [0] $0$memwr$\memory$cap_pdb_parallel_compact_engine.sv:24$2668_EN[511:0]$2672 [0] $0$memwr$\memory$cap_pdb_parallel_compact_engine.sv:24$2668_EN[511:0]$2672 [0] $0$memwr$\memory$cap_pdb_parallel_compact_engine.sv:24$2668_EN[511:0]$2672 [0] $0$memwr$\memory$cap_pdb_parallel_compact_engine.sv:24$2668_EN[511:0]$2672 [0] $0$memwr$\memory$cap_pdb_parallel_compact_engine.sv:24$2668_EN[511:0]$2672 [0] $0$memwr$\memory$cap_pdb_parallel_compact_engine.sv:24$2668_EN[511:0]$2672 [0] $0$memwr$\memory$cap_pdb_parallel_compact_engine.sv:24$2668_EN[511:0]$2672 [0] $0$memwr$\memory$cap_pdb_parallel_compact_engine.sv:24$2668_EN[511:0]$2672 [0] $0$memwr$\memory$cap_pdb_parallel_compact_engine.sv:24$2668_EN[511:0]$2672 [0] $0$memwr$\memory$cap_pdb_parallel_compact_engine.sv:24$2668_EN[511:0]$2672 [0] $0$memwr$\memory$cap_pdb_parallel_compact_engine.sv:24$2668_EN[511:0]$2672 [0] $0$memwr$\memory$cap_pdb_parallel_compact_engine.sv:24$2668_EN[511:0]$2672 [0] $0$memwr$\memory$cap_pdb_parallel_compact_engine.sv:24$2668_EN[511:0]$2672 [0] $0$memwr$\memory$cap_pdb_parallel_compact_engine.sv:24$2668_EN[511:0]$2672 [0] $0$memwr$\memory$cap_pdb_parallel_compact_engine.sv:24$2668_EN[511:0]$2672 [0] $0$memwr$\memory$cap_pdb_parallel_compact_engine.sv:24$2668_EN[511:0]$2672 [0] $0$memwr$\memory$cap_pdb_parallel_compact_engine.sv:24$2668_EN[511:0]$2672 [0] $0$memwr$\memory$cap_pdb_parallel_compact_engine.sv:24$2668_EN[511:0]$2672 [0] $0$memwr$\memory$cap_pdb_parallel_compact_engine.sv:24$2668_EN[511:0]$2672 [0] $0$memwr$\memory$cap_pdb_parallel_compact_engine.sv:24$2668_EN[511:0]$2672 [0] $0$memwr$\memory$cap_pdb_parallel_compact_engine.sv:24$2668_EN[511:0]$2672 [0] $0$memwr$\memory$cap_pdb_parallel_compact_engine.sv:24$2668_EN[511:0]$2672 [0] $0$memwr$\memory$cap_pdb_parallel_compact_engine.sv:24$2668_EN[511:0]$2672 [0] $0$memwr$\memory$cap_pdb_parallel_compact_engine.sv:24$2668_EN[511:0]$2672 [0] $0$memwr$\memory$cap_pdb_parallel_compact_engine.sv:24$2668_EN[511:0]$2672 [0] $0$memwr$\memory$cap_pdb_parallel_compact_engine.sv:24$2668_EN[511:0]$2672 [0] $0$memwr$\memory$cap_pdb_parallel_compact_engine.sv:24$2668_EN[511:0]$2672 [0] $0$memwr$\memory$cap_pdb_parallel_compact_engine.sv:24$2668_EN[511:0]$2672 [0] $0$memwr$\memory$cap_pdb_parallel_compact_engine.sv:24$2668_EN[511:0]$2672 [0] $0$memwr$\memory$cap_pdb_parallel_compact_engine.sv:24$2668_EN[511:0]$2672 [0] $0$memwr$\memory$cap_pdb_parallel_compact_engine.sv:24$2668_EN[511:0]$2672 [0] $0$memwr$\memory$cap_pdb_parallel_compact_engine.sv:24$2668_EN[511:0]$2672 [0] $0$memwr$\memory$cap_pdb_parallel_compact_engine.sv:24$2668_EN[511:0]$2672 [0] $0$memwr$\memory$cap_pdb_parallel_compact_engine.sv:24$2668_EN[511:0]$2672 [0] $0$memwr$\memory$cap_pdb_parallel_compact_engine.sv:24$2668_EN[511:0]$2672 [0] $0$memwr$\memory$cap_pdb_parallel_compact_engine.sv:24$2668_EN[511:0]$2672 [0] $0$memwr$\memory$cap_pdb_parallel_compact_engine.sv:24$2668_EN[511:0]$2672 [0] $0$memwr$\memory$cap_pdb_parallel_compact_engine.sv:24$2668_EN[511:0]$2672 [0] $0$memwr$\memory$cap_pdb_parallel_compact_engine.sv:24$2668_EN[511:0]$2672 [0] $0$memwr$\memory$cap_pdb_parallel_compact_engine.sv:24$2668_EN[511:0]$2672 [0] $0$memwr$\memory$cap_pdb_parallel_compact_engine.sv:24$2668_EN[511:0]$2672 [0] $0$memwr$\memory$cap_pdb_parallel_compact_engine.sv:24$2668_EN[511:0]$2672 [0] $0$memwr$\memory$cap_pdb_parallel_compact_engine.sv:24$2668_EN[511:0]$2672 [0] $0$memwr$\memory$cap_pdb_parallel_compact_engine.sv:24$2668_EN[511:0]$2672 [0] $0$memwr$\memory$cap_pdb_parallel_compact_engine.sv:24$2668_EN[511:0]$2672 [0] $0$memwr$\memory$cap_pdb_parallel_compact_engine.sv:24$2668_EN[511:0]$2672 [0] $0$memwr$\memory$cap_pdb_parallel_compact_engine.sv:24$2668_EN[511:0]$2672 [0] $0$memwr$\memory$cap_pdb_parallel_compact_engine.sv:24$2668_EN[511:0]$2672 [0] $0$memwr$\memory$cap_pdb_parallel_compact_engine.sv:24$2668_EN[511:0]$2672 [0] $0$memwr$\memory$cap_pdb_parallel_compact_engine.sv:24$2668_EN[511:0]$2672 [0] $0$memwr$\memory$cap_pdb_parallel_compact_engine.sv:24$2668_EN[511:0]$2672 [0] $0$memwr$\memory$cap_pdb_parallel_compact_engine.sv:24$2668_EN[511:0]$2672 [0] $0$memwr$\memory$cap_pdb_parallel_compact_engine.sv:24$2668_EN[511:0]$2672 [0] $0$memwr$\memory$cap_pdb_parallel_compact_engine.sv:24$2668_EN[511:0]$2672 [0] $0$memwr$\memory$cap_pdb_parallel_compact_engine.sv:24$2668_EN[511:0]$2672 [0] $0$memwr$\memory$cap_pdb_parallel_compact_engine.sv:24$2668_EN[511:0]$2672 [0] $0$memwr$\memory$cap_pdb_parallel_compact_engine.sv:24$2668_EN[511:0]$2672 [0] $0$memwr$\memory$cap_pdb_parallel_compact_engine.sv:24$2668_EN[511:0]$2672 [0] $0$memwr$\memory$cap_pdb_parallel_compact_engine.sv:24$2668_EN[511:0]$2672 [0] $0$memwr$\memory$cap_pdb_parallel_compact_engine.sv:24$2668_EN[511:0]$2672 [0] $0$memwr$\memory$cap_pdb_parallel_compact_engine.sv:24$2668_EN[511:0]$2672 [0] $0$memwr$\memory$cap_pdb_parallel_compact_engine.sv:24$2668_EN[511:0]$2672 [0] $0$memwr$\memory$cap_pdb_parallel_compact_engine.sv:24$2668_EN[511:0]$2672 [0] $0$memwr$\memory$cap_pdb_parallel_compact_engine.sv:24$2668_EN[511:0]$2672 [0] $0$memwr$\memory$cap_pdb_parallel_compact_engine.sv:24$2668_EN[511:0]$2672 [0] $0$memwr$\memory$cap_pdb_parallel_compact_engine.sv:24$2668_EN[511:0]$2672 [0] $0$memwr$\memory$cap_pdb_parallel_compact_engine.sv:24$2668_EN[511:0]$2672 [0] $0$memwr$\memory$cap_pdb_parallel_compact_engine.sv:24$2668_EN[511:0]$2672 [0] $0$memwr$\memory$cap_pdb_parallel_compact_engine.sv:24$2668_EN[511:0]$2672 [0] $0$memwr$\memory$cap_pdb_parallel_compact_engine.sv:24$2668_EN[511:0]$2672 [0] $0$memwr$\memory$cap_pdb_parallel_compact_engine.sv:24$2668_EN[511:0]$2672 [0] $0$memwr$\memory$cap_pdb_parallel_compact_engine.sv:24$2668_EN[511:0]$2672 [0] $0$memwr$\memory$cap_pdb_parallel_compact_engine.sv:24$2668_EN[511:0]$2672 [0] $0$memwr$\memory$cap_pdb_parallel_compact_engine.sv:24$2668_EN[511:0]$2672 [0] $0$memwr$\memory$cap_pdb_parallel_compact_engine.sv:24$2668_EN[511:0]$2672 [0] $0$memwr$\memory$cap_pdb_parallel_compact_engine.sv:24$2668_EN[511:0]$2672 [0] $0$memwr$\memory$cap_pdb_parallel_compact_engine.sv:24$2668_EN[511:0]$2672 [0] $0$memwr$\memory$cap_pdb_parallel_compact_engine.sv:24$2668_EN[511:0]$2672 [0] $0$memwr$\memory$cap_pdb_parallel_compact_engine.sv:24$2668_EN[511:0]$2672 [0] $0$memwr$\memory$cap_pdb_parallel_compact_engine.sv:24$2668_EN[511:0]$2672 [0] $0$memwr$\memory$cap_pdb_parallel_compact_engine.sv:24$2668_EN[511:0]$2672 [0] $0$memwr$\memory$cap_pdb_parallel_compact_engine.sv:24$2668_EN[511:0]$2672 [0] $0$memwr$\memory$cap_pdb_parallel_compact_engine.sv:24$2668_EN[511:0]$2672 [0] $0$memwr$\memory$cap_pdb_parallel_compact_engine.sv:24$2668_EN[511:0]$2672 [0] $0$memwr$\memory$cap_pdb_parallel_compact_engine.sv:24$2668_EN[511:0]$2672 [0] $0$memwr$\memory$cap_pdb_parallel_compact_engine.sv:24$2668_EN[511:0]$2672 [0] $0$memwr$\memory$cap_pdb_parallel_compact_engine.sv:24$2668_EN[511:0]$2672 [0] $0$memwr$\memory$cap_pdb_parallel_compact_engine.sv:24$2668_EN[511:0]$2672 [0] $0$memwr$\memory$cap_pdb_parallel_compact_engine.sv:24$2668_EN[511:0]$2672 [0] $0$memwr$\memory$cap_pdb_parallel_compact_engine.sv:24$2668_EN[511:0]$2672 [0] $0$memwr$\memory$cap_pdb_parallel_compact_engine.sv:24$2668_EN[511:0]$2672 [0] $0$memwr$\memory$cap_pdb_parallel_compact_engine.sv:24$2668_EN[511:0]$2672 [0] $0$memwr$\memory$cap_pdb_parallel_compact_engine.sv:24$2668_EN[511:0]$2672 [0] $0$memwr$\memory$cap_pdb_parallel_compact_engine.sv:24$2668_EN[511:0]$2672 [0] $0$memwr$\memory$cap_pdb_parallel_compact_engine.sv:24$2668_EN[511:0]$2672 [0] $0$memwr$\memory$cap_pdb_parallel_compact_engine.sv:24$2668_EN[511:0]$2672 [0] $0$memwr$\memory$cap_pdb_parallel_compact_engine.sv:24$2668_EN[511:0]$2672 [0] $0$memwr$\memory$cap_pdb_parallel_compact_engine.sv:24$2668_EN[511:0]$2672 [0] $0$memwr$\memory$cap_pdb_parallel_compact_engine.sv:24$2668_EN[511:0]$2672 [0] $0$memwr$\memory$cap_pdb_parallel_compact_engine.sv:24$2668_EN[511:0]$2672 [0] $0$memwr$\memory$cap_pdb_parallel_compact_engine.sv:24$2668_EN[511:0]$2672 [0] $0$memwr$\memory$cap_pdb_parallel_compact_engine.sv:24$2668_EN[511:0]$2672 [0] $0$memwr$\memory$cap_pdb_parallel_compact_engine.sv:24$2668_EN[511:0]$2672 [0] $0$memwr$\memory$cap_pdb_parallel_compact_engine.sv:24$2668_EN[511:0]$2672 [0] $0$memwr$\memory$cap_pdb_parallel_compact_engine.sv:24$2668_EN[511:0]$2672 [0] $0$memwr$\memory$cap_pdb_parallel_compact_engine.sv:24$2668_EN[511:0]$2672 [0] $0$memwr$\memory$cap_pdb_parallel_compact_engine.sv:24$2668_EN[511:0]$2672 [0] $0$memwr$\memory$cap_pdb_parallel_compact_engine.sv:24$2668_EN[511:0]$2672 [0] $0$memwr$\memory$cap_pdb_parallel_compact_engine.sv:24$2668_EN[511:0]$2672 [0] $0$memwr$\memory$cap_pdb_parallel_compact_engine.sv:24$2668_EN[511:0]$2672 [0] $0$memwr$\memory$cap_pdb_parallel_compact_engine.sv:24$2668_EN[511:0]$2672 [0] $0$memwr$\memory$cap_pdb_parallel_compact_engine.sv:24$2668_EN[511:0]$2672 [0] $0$memwr$\memory$cap_pdb_parallel_compact_engine.sv:24$2668_EN[511:0]$2672 [0] $0$memwr$\memory$cap_pdb_parallel_compact_engine.sv:24$2668_EN[511:0]$2672 [0] $0$memwr$\memory$cap_pdb_parallel_compact_engine.sv:24$2668_EN[511:0]$2672 [0] $0$memwr$\memory$cap_pdb_parallel_compact_engine.sv:24$2668_EN[511:0]$2672 [0] $0$memwr$\memory$cap_pdb_parallel_compact_engine.sv:24$2668_EN[511:0]$2672 [0] $0$memwr$\memory$cap_pdb_parallel_compact_engine.sv:24$2668_EN[511:0]$2672 [0] $0$memwr$\memory$cap_pdb_parallel_compact_engine.sv:24$2668_EN[511:0]$2672 [0] $0$memwr$\memory$cap_pdb_parallel_compact_engine.sv:24$2668_EN[511:0]$2672 [0] $0$memwr$\memory$cap_pdb_parallel_compact_engine.sv:24$2668_EN[511:0]$2672 [0] $0$memwr$\memory$cap_pdb_parallel_compact_engine.sv:24$2668_EN[511:0]$2672 [0] $0$memwr$\memory$cap_pdb_parallel_compact_engine.sv:24$2668_EN[511:0]$2672 [0] $0$memwr$\memory$cap_pdb_parallel_compact_engine.sv:24$2668_EN[511:0]$2672 [0] $0$memwr$\memory$cap_pdb_parallel_compact_engine.sv:24$2668_EN[511:0]$2672 [0] $0$memwr$\memory$cap_pdb_parallel_compact_engine.sv:24$2668_EN[511:0]$2672 [0] $0$memwr$\memory$cap_pdb_parallel_compact_engine.sv:24$2668_EN[511:0]$2672 [0] $0$memwr$\memory$cap_pdb_parallel_compact_engine.sv:24$2668_EN[511:0]$2672 [0] $0$memwr$\memory$cap_pdb_parallel_compact_engine.sv:24$2668_EN[511:0]$2672 [0] $0$memwr$\memory$cap_pdb_parallel_compact_engine.sv:24$2668_EN[511:0]$2672 [0] $0$memwr$\memory$cap_pdb_parallel_compact_engine.sv:24$2668_EN[511:0]$2672 [0] $0$memwr$\memory$cap_pdb_parallel_compact_engine.sv:24$2668_EN[511:0]$2672 [0] $0$memwr$\memory$cap_pdb_parallel_compact_engine.sv:24$2668_EN[511:0]$2672 [0] $0$memwr$\memory$cap_pdb_parallel_compact_engine.sv:24$2668_EN[511:0]$2672 [0] $0$memwr$\memory$cap_pdb_parallel_compact_engine.sv:24$2668_EN[511:0]$2672 [0] $0$memwr$\memory$cap_pdb_parallel_compact_engine.sv:24$2668_EN[511:0]$2672 [0] $0$memwr$\memory$cap_pdb_parallel_compact_engine.sv:24$2668_EN[511:0]$2672 [0] $0$memwr$\memory$cap_pdb_parallel_compact_engine.sv:24$2668_EN[511:0]$2672 [0] $0$memwr$\memory$cap_pdb_parallel_compact_engine.sv:24$2668_EN[511:0]$2672 [0] $0$memwr$\memory$cap_pdb_parallel_compact_engine.sv:24$2668_EN[511:0]$2672 [0] $0$memwr$\memory$cap_pdb_parallel_compact_engine.sv:24$2668_EN[511:0]$2672 [0] $0$memwr$\memory$cap_pdb_parallel_compact_engine.sv:24$2668_EN[511:0]$2672 [0] $0$memwr$\memory$cap_pdb_parallel_compact_engine.sv:24$2668_EN[511:0]$2672 [0] $0$memwr$\memory$cap_pdb_parallel_compact_engine.sv:24$2668_EN[511:0]$2672 [0] $0$memwr$\memory$cap_pdb_parallel_compact_engine.sv:24$2668_EN[511:0]$2672 [0] $0$memwr$\memory$cap_pdb_parallel_compact_engine.sv:24$2668_EN[511:0]$2672 [0] $0$memwr$\memory$cap_pdb_parallel_compact_engine.sv:24$2668_EN[511:0]$2672 [0] $0$memwr$\memory$cap_pdb_parallel_compact_engine.sv:24$2668_EN[511:0]$2672 [0] $0$memwr$\memory$cap_pdb_parallel_compact_engine.sv:24$2668_EN[511:0]$2672 [0] $0$memwr$\memory$cap_pdb_parallel_compact_engine.sv:24$2668_EN[511:0]$2672 [0] $0$memwr$\memory$cap_pdb_parallel_compact_engine.sv:24$2668_EN[511:0]$2672 [0] $0$memwr$\memory$cap_pdb_parallel_compact_engine.sv:24$2668_EN[511:0]$2672 [0] $0$memwr$\memory$cap_pdb_parallel_compact_engine.sv:24$2668_EN[511:0]$2672 [0] $0$memwr$\memory$cap_pdb_parallel_compact_engine.sv:24$2668_EN[511:0]$2672 [0] $0$memwr$\memory$cap_pdb_parallel_compact_engine.sv:24$2668_EN[511:0]$2672 [0] $0$memwr$\memory$cap_pdb_parallel_compact_engine.sv:24$2668_EN[511:0]$2672 [0] $0$memwr$\memory$cap_pdb_parallel_compact_engine.sv:24$2668_EN[511:0]$2672 [0] $0$memwr$\memory$cap_pdb_parallel_compact_engine.sv:24$2668_EN[511:0]$2672 [0] $0$memwr$\memory$cap_pdb_parallel_compact_engine.sv:24$2668_EN[511:0]$2672 [0] $0$memwr$\memory$cap_pdb_parallel_compact_engine.sv:24$2668_EN[511:0]$2672 [0] $0$memwr$\memory$cap_pdb_parallel_compact_engine.sv:24$2668_EN[511:0]$2672 [0] $0$memwr$\memory$cap_pdb_parallel_compact_engine.sv:24$2668_EN[511:0]$2672 [0] $0$memwr$\memory$cap_pdb_parallel_compact_engine.sv:24$2668_EN[511:0]$2672 [0] $0$memwr$\memory$cap_pdb_parallel_compact_engine.sv:24$2668_EN[511:0]$2672 [0] }
  Optimizing cells in module $paramod$b5bfe1d4fce40940586b6e35fec61194ae5a8fde\cap_pdb_state_wide_bank.
Performed a total of 1 changes.

5.10.5. Executing OPT_MERGE pass (detect identical cells).
Finding identical cells in module `\cap_pdb_parallel_compact_allocation_engine'.
Computing hashes of 1058 cells of `\cap_pdb_parallel_compact_allocation_engine'.
Finding duplicate cells in `\cap_pdb_parallel_compact_allocation_engine'.
Computing hashes of 1045 cells of `\cap_pdb_parallel_compact_allocation_engine'.
Finding duplicate cells in `\cap_pdb_parallel_compact_allocation_engine'.
<suppressed ~39 debug messages>
Finding identical cells in module `$paramod$cbc3189b30a0f0ae8c16e45df15b3f5a54303a8f\cap_pdb_masked_min32'.
Computing hashes of 94 cells of `$paramod$cbc3189b30a0f0ae8c16e45df15b3f5a54303a8f\cap_pdb_masked_min32'.
Finding duplicate cells in `$paramod$cbc3189b30a0f0ae8c16e45df15b3f5a54303a8f\cap_pdb_masked_min32'.
Finding identical cells in module `$paramod$b5bfe1d4fce40940586b6e35fec61194ae5a8fde\cap_pdb_state_wide_bank'.
Computing hashes of 7 cells of `$paramod$b5bfe1d4fce40940586b6e35fec61194ae5a8fde\cap_pdb_state_wide_bank'.
Finding duplicate cells in `$paramod$b5bfe1d4fce40940586b6e35fec61194ae5a8fde\cap_pdb_state_wide_bank'.
Removed a total of 13 cells.

5.10.6. Executing OPT_DFF pass (perform DFF optimizations).

5.10.7. Executing OPT_CLEAN pass (remove unused cells and wires).
Finding unused cells or wires in module \cap_pdb_parallel_compact_allocation_engine..
Finding unused cells or wires in module $paramod$cbc3189b30a0f0ae8c16e45df15b3f5a54303a8f\cap_pdb_masked_min32..
Finding unused cells or wires in module $paramod$b5bfe1d4fce40940586b6e35fec61194ae5a8fde\cap_pdb_state_wide_bank..
Removed 0 unused cells and 97 unused wires.
<suppressed ~1 debug messages>

5.10.8. Executing OPT_EXPR pass (perform const folding).
Optimizing module cap_pdb_parallel_compact_allocation_engine.
Optimizing module $paramod$cbc3189b30a0f0ae8c16e45df15b3f5a54303a8f\cap_pdb_masked_min32.
Optimizing module $paramod$b5bfe1d4fce40940586b6e35fec61194ae5a8fde\cap_pdb_state_wide_bank.

5.10.9. Rerunning OPT passes. (Maybe there is more to do..)

5.10.10. Executing OPT_MUXTREE pass (detect dead branches in mux trees).
Running muxtree optimizer on module \cap_pdb_parallel_compact_allocation_engine..
  Creating internal representation of mux trees.
  Evaluating internal representation of mux trees.
  Analyzing evaluation results.
Running muxtree optimizer on module $paramod$cbc3189b30a0f0ae8c16e45df15b3f5a54303a8f\cap_pdb_masked_min32..
  Creating internal representation of mux trees.
  Evaluating internal representation of mux trees.
  Analyzing evaluation results.
Running muxtree optimizer on module $paramod$b5bfe1d4fce40940586b6e35fec61194ae5a8fde\cap_pdb_state_wide_bank..
  Creating internal representation of mux trees.
  Evaluating internal representation of mux trees.
  Analyzing evaluation results.
Removed 0 multiplexer ports.
<suppressed ~451 debug messages>

5.10.11. Executing OPT_REDUCE pass (consolidate $*mux and $reduce_* inputs).
  Optimizing cells in module \cap_pdb_parallel_compact_allocation_engine.
  Optimizing cells in module $paramod$cbc3189b30a0f0ae8c16e45df15b3f5a54303a8f\cap_pdb_masked_min32.
  Optimizing cells in module $paramod$b5bfe1d4fce40940586b6e35fec61194ae5a8fde\cap_pdb_state_wide_bank.
Performed a total of 0 changes.

5.10.12. Executing OPT_MERGE pass (detect identical cells).
Finding identical cells in module `\cap_pdb_parallel_compact_allocation_engine'.
Computing hashes of 1045 cells of `\cap_pdb_parallel_compact_allocation_engine'.
Finding duplicate cells in `\cap_pdb_parallel_compact_allocation_engine'.
Finding identical cells in module `$paramod$cbc3189b30a0f0ae8c16e45df15b3f5a54303a8f\cap_pdb_masked_min32'.
Computing hashes of 94 cells of `$paramod$cbc3189b30a0f0ae8c16e45df15b3f5a54303a8f\cap_pdb_masked_min32'.
Finding duplicate cells in `$paramod$cbc3189b30a0f0ae8c16e45df15b3f5a54303a8f\cap_pdb_masked_min32'.
Finding identical cells in module `$paramod$b5bfe1d4fce40940586b6e35fec61194ae5a8fde\cap_pdb_state_wide_bank'.
Computing hashes of 7 cells of `$paramod$b5bfe1d4fce40940586b6e35fec61194ae5a8fde\cap_pdb_state_wide_bank'.
Finding duplicate cells in `$paramod$b5bfe1d4fce40940586b6e35fec61194ae5a8fde\cap_pdb_state_wide_bank'.
Removed a total of 0 cells.

5.10.13. Executing OPT_DFF pass (perform DFF optimizations).

5.10.14. Executing OPT_CLEAN pass (remove unused cells and wires).
Finding unused cells or wires in module \cap_pdb_parallel_compact_allocation_engine..
Finding unused cells or wires in module $paramod$cbc3189b30a0f0ae8c16e45df15b3f5a54303a8f\cap_pdb_masked_min32..
Finding unused cells or wires in module $paramod$b5bfe1d4fce40940586b6e35fec61194ae5a8fde\cap_pdb_state_wide_bank..

5.10.15. Executing OPT_EXPR pass (perform const folding).
Optimizing module cap_pdb_parallel_compact_allocation_engine.
Optimizing module $paramod$cbc3189b30a0f0ae8c16e45df15b3f5a54303a8f\cap_pdb_masked_min32.
Optimizing module $paramod$b5bfe1d4fce40940586b6e35fec61194ae5a8fde\cap_pdb_state_wide_bank.

5.10.16. Finished fast OPT passes. (There is nothing left to do.)

5.11. Executing FSM pass (extract and optimize FSM).

5.11.1. Executing FSM_DETECT pass (finding FSMs in design).
Found FSM state register cap_pdb_parallel_compact_allocation_engine.phase.

5.11.2. Executing FSM_EXTRACT pass (extracting FSM from design).
Extracting FSM `\phase' from module `\cap_pdb_parallel_compact_allocation_engine'.
  found $dff cell for state register: $procdff$4359
  root of input selection tree: $0\phase[1:0]
  found reset state: 2'00 (guessed from mux tree)
  found ctrl input: \rst
  found ctrl input: $procmux$3970_CMP
  found ctrl input: $eq$cap_pdb_parallel_compact_engine.sv:180$2150_Y
  found ctrl input: $procmux$3982_CMP
  found state code: 2'00
  found ctrl input: \all_after_empty
  found state code: 2'10
  found ctrl input: \start
  found state code: 2'01
  found ctrl output: $eq$cap_pdb_parallel_compact_engine.sv:180$2150_Y
  found ctrl output: $procmux$3970_CMP
  found ctrl output: $procmux$3982_CMP
  ctrl inputs: { \all_after_empty \start \rst }
  ctrl outputs: { $procmux$3982_CMP $procmux$3970_CMP $eq$cap_pdb_parallel_compact_engine.sv:180$2150_Y $0\phase[1:0] }
  transition:       2'00 3'-00 ->       2'00 5'10000
  transition:       2'00 3'-10 ->       2'01 5'10001
  transition:       2'00 3'--1 ->       2'00 5'10000
  transition:       2'10 3'0-0 ->       2'10 5'01010
  transition:       2'10 3'1-0 ->       2'00 5'01000
  transition:       2'10 3'--1 ->       2'00 5'01000
  transition:       2'01 3'--0 ->       2'10 5'00110
  transition:       2'01 3'--1 ->       2'00 5'00100

5.11.3. Executing FSM_OPT pass (simple optimizations of FSMs).
Optimizing FSM `$fsm$\phase$4392' from module `\cap_pdb_parallel_compact_allocation_engine'.

5.11.4. Executing OPT_CLEAN pass (remove unused cells and wires).
Finding unused cells or wires in module \cap_pdb_parallel_compact_allocation_engine..
Finding unused cells or wires in module $paramod$cbc3189b30a0f0ae8c16e45df15b3f5a54303a8f\cap_pdb_masked_min32..
Finding unused cells or wires in module $paramod$b5bfe1d4fce40940586b6e35fec61194ae5a8fde\cap_pdb_state_wide_bank..
Removed 8 unused cells and 8 unused wires.
<suppressed ~9 debug messages>

5.11.5. Executing FSM_OPT pass (simple optimizations of FSMs).
Optimizing FSM `$fsm$\phase$4392' from module `\cap_pdb_parallel_compact_allocation_engine'.
  Removing unused output signal $0\phase[1:0] [0].
  Removing unused output signal $0\phase[1:0] [1].

5.11.6. Executing FSM_RECODE pass (re-assigning FSM state encoding).
Recoding FSM `$fsm$\phase$4392' from module `\cap_pdb_parallel_compact_allocation_engine' using `auto' encoding:
  mapping auto encoding to `one-hot` for this FSM.
  00 -> --1
  10 -> -1-
  01 -> 1--

5.11.7. Executing FSM_INFO pass (dumping all available information on FSM cells).

FSM `$fsm$\phase$4392' from module `cap_pdb_parallel_compact_allocation_engine':
-------------------------------------

  Information on FSM $fsm$\phase$4392 (\phase):

  Number of input signals:    3
  Number of output signals:   3
  Number of state bits:       3

  Input signals:
    0: \rst
    1: \start
    2: \all_after_empty

  Output signals:
    0: $eq$cap_pdb_parallel_compact_engine.sv:180$2150_Y
    1: $procmux$3970_CMP
    2: $procmux$3982_CMP

  State encoding:
    0:      3'--1  <RESET STATE>
    1:      3'-1-
    2:      3'1--

  Transition Table (state_in, ctrl_in, state_out, ctrl_out):
      0:     0 3'-00   ->     0 3'100
      1:     0 3'--1   ->     0 3'100
      2:     0 3'-10   ->     2 3'100
      3:     1 3'1-0   ->     0 3'010
      4:     1 3'--1   ->     0 3'010
      5:     1 3'0-0   ->     1 3'010
      6:     2 3'--1   ->     0 3'001
      7:     2 3'--0   ->     1 3'001

-------------------------------------

5.11.8. Executing FSM_MAP pass (mapping FSMs to basic logic).
Mapping FSM `$fsm$\phase$4392' from module `\cap_pdb_parallel_compact_allocation_engine'.

5.12. Executing OPT pass (performing simple optimizations).

5.12.1. Executing OPT_EXPR pass (perform const folding).
Optimizing module cap_pdb_parallel_compact_allocation_engine.
<suppressed ~4 debug messages>
Optimizing module $paramod$cbc3189b30a0f0ae8c16e45df15b3f5a54303a8f\cap_pdb_masked_min32.
Optimizing module $paramod$b5bfe1d4fce40940586b6e35fec61194ae5a8fde\cap_pdb_state_wide_bank.

5.12.2. Executing OPT_MERGE pass (detect identical cells).
Finding identical cells in module `\cap_pdb_parallel_compact_allocation_engine'.
Computing hashes of 1050 cells of `\cap_pdb_parallel_compact_allocation_engine'.
Finding duplicate cells in `\cap_pdb_parallel_compact_allocation_engine'.
Finding identical cells in module `$paramod$cbc3189b30a0f0ae8c16e45df15b3f5a54303a8f\cap_pdb_masked_min32'.
Computing hashes of 94 cells of `$paramod$cbc3189b30a0f0ae8c16e45df15b3f5a54303a8f\cap_pdb_masked_min32'.
Finding duplicate cells in `$paramod$cbc3189b30a0f0ae8c16e45df15b3f5a54303a8f\cap_pdb_masked_min32'.
Finding identical cells in module `$paramod$b5bfe1d4fce40940586b6e35fec61194ae5a8fde\cap_pdb_state_wide_bank'.
Computing hashes of 7 cells of `$paramod$b5bfe1d4fce40940586b6e35fec61194ae5a8fde\cap_pdb_state_wide_bank'.
Finding duplicate cells in `$paramod$b5bfe1d4fce40940586b6e35fec61194ae5a8fde\cap_pdb_state_wide_bank'.
Removed a total of 0 cells.

5.12.3. Executing OPT_MUXTREE pass (detect dead branches in mux trees).
Running muxtree optimizer on module \cap_pdb_parallel_compact_allocation_engine..
  Creating internal representation of mux trees.
  Evaluating internal representation of mux trees.
  Analyzing evaluation results.
Running muxtree optimizer on module $paramod$cbc3189b30a0f0ae8c16e45df15b3f5a54303a8f\cap_pdb_masked_min32..
  Creating internal representation of mux trees.
  Evaluating internal representation of mux trees.
  Analyzing evaluation results.
Running muxtree optimizer on module $paramod$b5bfe1d4fce40940586b6e35fec61194ae5a8fde\cap_pdb_state_wide_bank..
  Creating internal representation of mux trees.
  Evaluating internal representation of mux trees.
  Analyzing evaluation results.
Removed 0 multiplexer ports.
<suppressed ~446 debug messages>

5.12.4. Executing OPT_REDUCE pass (consolidate $*mux and $reduce_* inputs).
  Optimizing cells in module \cap_pdb_parallel_compact_allocation_engine.
  Optimizing cells in module $paramod$cbc3189b30a0f0ae8c16e45df15b3f5a54303a8f\cap_pdb_masked_min32.
  Optimizing cells in module $paramod$b5bfe1d4fce40940586b6e35fec61194ae5a8fde\cap_pdb_state_wide_bank.
Performed a total of 0 changes.

5.12.5. Executing OPT_MERGE pass (detect identical cells).
Finding identical cells in module `\cap_pdb_parallel_compact_allocation_engine'.
Computing hashes of 1050 cells of `\cap_pdb_parallel_compact_allocation_engine'.
Finding duplicate cells in `\cap_pdb_parallel_compact_allocation_engine'.
Finding identical cells in module `$paramod$cbc3189b30a0f0ae8c16e45df15b3f5a54303a8f\cap_pdb_masked_min32'.
Computing hashes of 94 cells of `$paramod$cbc3189b30a0f0ae8c16e45df15b3f5a54303a8f\cap_pdb_masked_min32'.
Finding duplicate cells in `$paramod$cbc3189b30a0f0ae8c16e45df15b3f5a54303a8f\cap_pdb_masked_min32'.
Finding identical cells in module `$paramod$b5bfe1d4fce40940586b6e35fec61194ae5a8fde\cap_pdb_state_wide_bank'.
Computing hashes of 7 cells of `$paramod$b5bfe1d4fce40940586b6e35fec61194ae5a8fde\cap_pdb_state_wide_bank'.
Finding duplicate cells in `$paramod$b5bfe1d4fce40940586b6e35fec61194ae5a8fde\cap_pdb_state_wide_bank'.
Removed a total of 0 cells.

5.12.6. Executing OPT_DFF pass (perform DFF optimizations).
Adding SRST signal on $procdff$4384 ($dff) from module cap_pdb_parallel_compact_allocation_engine (D = $procmux$4001_Y, Q = \group_minimum[10], rval = 16'1111111111111111).
Adding EN signal on $auto$ff.cc:337:slice$4425 ($sdff) from module cap_pdb_parallel_compact_allocation_engine (D = $procmux$4001_Y, Q = \group_minimum[10]).
Adding SRST signal on $procdff$4385 ($dff) from module cap_pdb_parallel_compact_allocation_engine (D = $procmux$3989_Y, Q = \group_minimum[11], rval = 16'1111111111111111).
Adding EN signal on $auto$ff.cc:337:slice$4433 ($sdff) from module cap_pdb_parallel_compact_allocation_engine (D = $procmux$3989_Y, Q = \group_minimum[11]).
Adding SRST signal on $procdff$4354 ($dff) from module cap_pdb_parallel_compact_allocation_engine (D = $procmux$4334_Y, Q = \busy, rval = 1'0).
Adding EN signal on $auto$ff.cc:337:slice$4441 ($sdff) from module cap_pdb_parallel_compact_allocation_engine (D = $procmux$4334_Y, Q = \busy).
Adding SRST signal on $procdff$4355 ($dff) from module cap_pdb_parallel_compact_allocation_engine (D = $procmux$3967_Y, Q = \done, rval = 1'0).
Adding SRST signal on $procdff$4356 ($dff) from module cap_pdb_parallel_compact_allocation_engine (D = $procmux$4326_Y, Q = \valid, rval = 1'0).
Adding EN signal on $auto$ff.cc:337:slice$4456 ($sdff) from module cap_pdb_parallel_compact_allocation_engine (D = $procmux$4322_Y, Q = \valid).
Adding SRST signal on $procdff$4357 ($dff) from module cap_pdb_parallel_compact_allocation_engine (D = $procmux$4289_Y, Q = \group_cost_sum, rval = 24'000000000000000000000000).
Adding EN signal on $auto$ff.cc:337:slice$4460 ($sdff) from module cap_pdb_parallel_compact_allocation_engine (D = \final_sum, Q = \group_cost_sum).
Adding SRST signal on $procdff$4358 ($dff) from module cap_pdb_parallel_compact_allocation_engine (D = $procmux$4281_Y, Q = \cycles, rval = 16'0000000000000000).
Adding SRST signal on $procdff$4361 ($dff) from module cap_pdb_parallel_compact_allocation_engine (D = $procmux$4251_Y, Q = \remaining[0], rval = 0).
Adding EN signal on $auto$ff.cc:337:slice$4465 ($sdff) from module cap_pdb_parallel_compact_allocation_engine (D = $procmux$4251_Y, Q = \remaining[0]).
Adding SRST signal on $procdff$4362 ($dff) from module cap_pdb_parallel_compact_allocation_engine (D = $procmux$4241_Y, Q = \remaining[1], rval = 0).
Adding EN signal on $auto$ff.cc:337:slice$4473 ($sdff) from module cap_pdb_parallel_compact_allocation_engine (D = $procmux$4241_Y, Q = \remaining[1]).
Adding SRST signal on $procdff$4363 ($dff) from module cap_pdb_parallel_compact_allocation_engine (D = $procmux$4231_Y, Q = \remaining[2], rval = 0).
Adding EN signal on $auto$ff.cc:337:slice$4481 ($sdff) from module cap_pdb_parallel_compact_allocation_engine (D = $procmux$4231_Y, Q = \remaining[2]).
Adding SRST signal on $procdff$4364 ($dff) from module cap_pdb_parallel_compact_allocation_engine (D = $procmux$4221_Y, Q = \remaining[3], rval = 0).
Adding EN signal on $auto$ff.cc:337:slice$4489 ($sdff) from module cap_pdb_parallel_compact_allocation_engine (D = $procmux$4221_Y, Q = \remaining[3]).
Adding SRST signal on $procdff$4365 ($dff) from module cap_pdb_parallel_compact_allocation_engine (D = $procmux$4211_Y, Q = \remaining[4], rval = 0).
Adding EN signal on $auto$ff.cc:337:slice$4497 ($sdff) from module cap_pdb_parallel_compact_allocation_engine (D = $procmux$4211_Y, Q = \remaining[4]).
Adding SRST signal on $procdff$4366 ($dff) from module cap_pdb_parallel_compact_allocation_engine (D = $procmux$4201_Y, Q = \remaining[5], rval = 0).
Adding EN signal on $auto$ff.cc:337:slice$4505 ($sdff) from module cap_pdb_parallel_compact_allocation_engine (D = $procmux$4201_Y, Q = \remaining[5]).
Adding SRST signal on $procdff$4367 ($dff) from module cap_pdb_parallel_compact_allocation_engine (D = $procmux$4191_Y, Q = \remaining[6], rval = 0).
Adding EN signal on $auto$ff.cc:337:slice$4513 ($sdff) from module cap_pdb_parallel_compact_allocation_engine (D = $procmux$4191_Y, Q = \remaining[6]).
Adding SRST signal on $procdff$4368 ($dff) from module cap_pdb_parallel_compact_allocation_engine (D = $procmux$4181_Y, Q = \remaining[7], rval = 0).
Adding EN signal on $auto$ff.cc:337:slice$4521 ($sdff) from module cap_pdb_parallel_compact_allocation_engine (D = $procmux$4181_Y, Q = \remaining[7]).
Adding SRST signal on $procdff$4369 ($dff) from module cap_pdb_parallel_compact_allocation_engine (D = $procmux$4171_Y, Q = \remaining[8], rval = 0).
Adding EN signal on $auto$ff.cc:337:slice$4529 ($sdff) from module cap_pdb_parallel_compact_allocation_engine (D = $procmux$4171_Y, Q = \remaining[8]).
Adding SRST signal on $procdff$4370 ($dff) from module cap_pdb_parallel_compact_allocation_engine (D = $procmux$4161_Y, Q = \remaining[9], rval = 0).
Adding EN signal on $auto$ff.cc:337:slice$4537 ($sdff) from module cap_pdb_parallel_compact_allocation_engine (D = $procmux$4161_Y, Q = \remaining[9]).
Adding SRST signal on $procdff$4371 ($dff) from module cap_pdb_parallel_compact_allocation_engine (D = $procmux$4151_Y, Q = \remaining[10], rval = 0).
Adding EN signal on $auto$ff.cc:337:slice$4545 ($sdff) from module cap_pdb_parallel_compact_allocation_engine (D = $procmux$4151_Y, Q = \remaining[10]).
Adding SRST signal on $procdff$4372 ($dff) from module cap_pdb_parallel_compact_allocation_engine (D = $procmux$4141_Y, Q = \remaining[11], rval = 0).
Adding EN signal on $auto$ff.cc:337:slice$4553 ($sdff) from module cap_pdb_parallel_compact_allocation_engine (D = $procmux$4141_Y, Q = \remaining[11]).
Adding SRST signal on $procdff$4373 ($dff) from module cap_pdb_parallel_compact_allocation_engine (D = $procmux$4131_Y, Q = \remaining[12], rval = 0).
Adding EN signal on $auto$ff.cc:337:slice$4561 ($sdff) from module cap_pdb_parallel_compact_allocation_engine (D = $procmux$4131_Y, Q = \remaining[12]).
Adding SRST signal on $procdff$4386 ($dff) from module cap_pdb_parallel_compact_allocation_engine (D = $procmux$3977_Y, Q = \group_minimum[12], rval = 16'1111111111111111).
Adding EN signal on $auto$ff.cc:337:slice$4569 ($sdff) from module cap_pdb_parallel_compact_allocation_engine (D = $procmux$3977_Y, Q = \group_minimum[12]).
Adding SRST signal on $procdff$4374 ($dff) from module cap_pdb_parallel_compact_allocation_engine (D = $procmux$4121_Y, Q = \group_minimum[0], rval = 16'1111111111111111).
Adding EN signal on $auto$ff.cc:337:slice$4577 ($sdff) from module cap_pdb_parallel_compact_allocation_engine (D = $procmux$4121_Y, Q = \group_minimum[0]).
Adding SRST signal on $procdff$4375 ($dff) from module cap_pdb_parallel_compact_allocation_engine (D = $procmux$4109_Y, Q = \group_minimum[1], rval = 16'1111111111111111).
Adding EN signal on $auto$ff.cc:337:slice$4585 ($sdff) from module cap_pdb_parallel_compact_allocation_engine (D = $procmux$4109_Y, Q = \group_minimum[1]).
Adding SRST signal on $procdff$4376 ($dff) from module cap_pdb_parallel_compact_allocation_engine (D = $procmux$4097_Y, Q = \group_minimum[2], rval = 16'1111111111111111).
Adding EN signal on $auto$ff.cc:337:slice$4593 ($sdff) from module cap_pdb_parallel_compact_allocation_engine (D = $procmux$4097_Y, Q = \group_minimum[2]).
Adding SRST signal on $procdff$4377 ($dff) from module cap_pdb_parallel_compact_allocation_engine (D = $procmux$4085_Y, Q = \group_minimum[3], rval = 16'1111111111111111).
Adding EN signal on $auto$ff.cc:337:slice$4601 ($sdff) from module cap_pdb_parallel_compact_allocation_engine (D = $procmux$4085_Y, Q = \group_minimum[3]).
Adding SRST signal on $procdff$4378 ($dff) from module cap_pdb_parallel_compact_allocation_engine (D = $procmux$4073_Y, Q = \group_minimum[4], rval = 16'1111111111111111).
Adding EN signal on $auto$ff.cc:337:slice$4609 ($sdff) from module cap_pdb_parallel_compact_allocation_engine (D = $procmux$4073_Y, Q = \group_minimum[4]).
Adding SRST signal on $procdff$4379 ($dff) from module cap_pdb_parallel_compact_allocation_engine (D = $procmux$4061_Y, Q = \group_minimum[5], rval = 16'1111111111111111).
Adding EN signal on $auto$ff.cc:337:slice$4617 ($sdff) from module cap_pdb_parallel_compact_allocation_engine (D = $procmux$4061_Y, Q = \group_minimum[5]).
Adding SRST signal on $procdff$4380 ($dff) from module cap_pdb_parallel_compact_allocation_engine (D = $procmux$4049_Y, Q = \group_minimum[6], rval = 16'1111111111111111).
Adding EN signal on $auto$ff.cc:337:slice$4625 ($sdff) from module cap_pdb_parallel_compact_allocation_engine (D = $procmux$4049_Y, Q = \group_minimum[6]).
Adding SRST signal on $procdff$4381 ($dff) from module cap_pdb_parallel_compact_allocation_engine (D = $procmux$4037_Y, Q = \group_minimum[7], rval = 16'1111111111111111).
Adding EN signal on $auto$ff.cc:337:slice$4633 ($sdff) from module cap_pdb_parallel_compact_allocation_engine (D = $procmux$4037_Y, Q = \group_minimum[7]).
Adding SRST signal on $procdff$4382 ($dff) from module cap_pdb_parallel_compact_allocation_engine (D = $procmux$4025_Y, Q = \group_minimum[8], rval = 16'1111111111111111).
Adding EN signal on $auto$ff.cc:337:slice$4641 ($sdff) from module cap_pdb_parallel_compact_allocation_engine (D = $procmux$4025_Y, Q = \group_minimum[8]).
Adding SRST signal on $procdff$4383 ($dff) from module cap_pdb_parallel_compact_allocation_engine (D = $procmux$4013_Y, Q = \group_minimum[9], rval = 16'1111111111111111).
Adding EN signal on $auto$ff.cc:337:slice$4649 ($sdff) from module cap_pdb_parallel_compact_allocation_engine (D = $procmux$4013_Y, Q = \group_minimum[9]).
Adding EN signal on $procdff$4387 ($dff) from module $paramod$b5bfe1d4fce40940586b6e35fec61194ae5a8fde\cap_pdb_state_wide_bank (D = $memrd$\memory$cap_pdb_parallel_compact_engine.sv:26$2676_DATA, Q = \rdata).

5.12.7. Executing OPT_CLEAN pass (remove unused cells and wires).
Finding unused cells or wires in module \cap_pdb_parallel_compact_allocation_engine..
Finding unused cells or wires in module $paramod$cbc3189b30a0f0ae8c16e45df15b3f5a54303a8f\cap_pdb_masked_min32..
Finding unused cells or wires in module $paramod$b5bfe1d4fce40940586b6e35fec61194ae5a8fde\cap_pdb_state_wide_bank..
Removed 37 unused cells and 44 unused wires.
<suppressed ~39 debug messages>

5.12.8. Executing OPT_EXPR pass (perform const folding).
Optimizing module cap_pdb_parallel_compact_allocation_engine.
<suppressed ~27 debug messages>
Optimizing module $paramod$cbc3189b30a0f0ae8c16e45df15b3f5a54303a8f\cap_pdb_masked_min32.
Optimizing module $paramod$b5bfe1d4fce40940586b6e35fec61194ae5a8fde\cap_pdb_state_wide_bank.

5.12.9. Rerunning OPT passes. (Maybe there is more to do..)

5.12.10. Executing OPT_MUXTREE pass (detect dead branches in mux trees).
Running muxtree optimizer on module \cap_pdb_parallel_compact_allocation_engine..
  Creating internal representation of mux trees.
  Evaluating internal representation of mux trees.
  Analyzing evaluation results.
Running muxtree optimizer on module $paramod$cbc3189b30a0f0ae8c16e45df15b3f5a54303a8f\cap_pdb_masked_min32..
  Creating internal representation of mux trees.
  Evaluating internal representation of mux trees.
  Analyzing evaluation results.
Running muxtree optimizer on module $paramod$b5bfe1d4fce40940586b6e35fec61194ae5a8fde\cap_pdb_state_wide_bank..
  Creating internal representation of mux trees.
  Evaluating internal representation of mux trees.
  Analyzing evaluation results.
Removed 0 multiplexer ports.
<suppressed ~407 debug messages>

5.12.11. Executing OPT_REDUCE pass (consolidate $*mux and $reduce_* inputs).
  Optimizing cells in module \cap_pdb_parallel_compact_allocation_engine.
  Optimizing cells in module $paramod$cbc3189b30a0f0ae8c16e45df15b3f5a54303a8f\cap_pdb_masked_min32.
  Optimizing cells in module $paramod$b5bfe1d4fce40940586b6e35fec61194ae5a8fde\cap_pdb_state_wide_bank.
Performed a total of 0 changes.

5.12.12. Executing OPT_MERGE pass (detect identical cells).
Finding identical cells in module `\cap_pdb_parallel_compact_allocation_engine'.
Computing hashes of 1100 cells of `\cap_pdb_parallel_compact_allocation_engine'.
Finding duplicate cells in `\cap_pdb_parallel_compact_allocation_engine'.
Computing hashes of 1036 cells of `\cap_pdb_parallel_compact_allocation_engine'.
Finding duplicate cells in `\cap_pdb_parallel_compact_allocation_engine'.
Computing hashes of 1011 cells of `\cap_pdb_parallel_compact_allocation_engine'.
Finding duplicate cells in `\cap_pdb_parallel_compact_allocation_engine'.
<suppressed ~267 debug messages>
Finding identical cells in module `$paramod$cbc3189b30a0f0ae8c16e45df15b3f5a54303a8f\cap_pdb_masked_min32'.
Computing hashes of 94 cells of `$paramod$cbc3189b30a0f0ae8c16e45df15b3f5a54303a8f\cap_pdb_masked_min32'.
Finding duplicate cells in `$paramod$cbc3189b30a0f0ae8c16e45df15b3f5a54303a8f\cap_pdb_masked_min32'.
Finding identical cells in module `$paramod$b5bfe1d4fce40940586b6e35fec61194ae5a8fde\cap_pdb_state_wide_bank'.
Computing hashes of 6 cells of `$paramod$b5bfe1d4fce40940586b6e35fec61194ae5a8fde\cap_pdb_state_wide_bank'.
Finding duplicate cells in `$paramod$b5bfe1d4fce40940586b6e35fec61194ae5a8fde\cap_pdb_state_wide_bank'.
Removed a total of 89 cells.

5.12.13. Executing OPT_DFF pass (perform DFF optimizations).

5.12.14. Executing OPT_CLEAN pass (remove unused cells and wires).
Finding unused cells or wires in module \cap_pdb_parallel_compact_allocation_engine..
Finding unused cells or wires in module $paramod$cbc3189b30a0f0ae8c16e45df15b3f5a54303a8f\cap_pdb_masked_min32..
Finding unused cells or wires in module $paramod$b5bfe1d4fce40940586b6e35fec61194ae5a8fde\cap_pdb_state_wide_bank..
Removed 0 unused cells and 89 unused wires.
<suppressed ~1 debug messages>

5.12.15. Executing OPT_EXPR pass (perform const folding).
Optimizing module cap_pdb_parallel_compact_allocation_engine.
Optimizing module $paramod$cbc3189b30a0f0ae8c16e45df15b3f5a54303a8f\cap_pdb_masked_min32.
Optimizing module $paramod$b5bfe1d4fce40940586b6e35fec61194ae5a8fde\cap_pdb_state_wide_bank.

5.12.16. Rerunning OPT passes. (Maybe there is more to do..)

5.12.17. Executing OPT_MUXTREE pass (detect dead branches in mux trees).
Running muxtree optimizer on module \cap_pdb_parallel_compact_allocation_engine..
  Creating internal representation of mux trees.
  Evaluating internal representation of mux trees.
  Analyzing evaluation results.
Running muxtree optimizer on module $paramod$cbc3189b30a0f0ae8c16e45df15b3f5a54303a8f\cap_pdb_masked_min32..
  Creating internal representation of mux trees.
  Evaluating internal representation of mux trees.
  Analyzing evaluation results.
Running muxtree optimizer on module $paramod$b5bfe1d4fce40940586b6e35fec61194ae5a8fde\cap_pdb_state_wide_bank..
  Creating internal representation of mux trees.
  Evaluating internal representation of mux trees.
  Analyzing evaluation results.
Removed 0 multiplexer ports.
<suppressed ~409 debug messages>

5.12.18. Executing OPT_REDUCE pass (consolidate $*mux and $reduce_* inputs).
  Optimizing cells in module \cap_pdb_parallel_compact_allocation_engine.
  Optimizing cells in module $paramod$cbc3189b30a0f0ae8c16e45df15b3f5a54303a8f\cap_pdb_masked_min32.
  Optimizing cells in module $paramod$b5bfe1d4fce40940586b6e35fec61194ae5a8fde\cap_pdb_state_wide_bank.
Performed a total of 0 changes.

5.12.19. Executing OPT_MERGE pass (detect identical cells).
Finding identical cells in module `\cap_pdb_parallel_compact_allocation_engine'.
Computing hashes of 1011 cells of `\cap_pdb_parallel_compact_allocation_engine'.
Finding duplicate cells in `\cap_pdb_parallel_compact_allocation_engine'.
Finding identical cells in module `$paramod$cbc3189b30a0f0ae8c16e45df15b3f5a54303a8f\cap_pdb_masked_min32'.
Computing hashes of 94 cells of `$paramod$cbc3189b30a0f0ae8c16e45df15b3f5a54303a8f\cap_pdb_masked_min32'.
Finding duplicate cells in `$paramod$cbc3189b30a0f0ae8c16e45df15b3f5a54303a8f\cap_pdb_masked_min32'.
Finding identical cells in module `$paramod$b5bfe1d4fce40940586b6e35fec61194ae5a8fde\cap_pdb_state_wide_bank'.
Computing hashes of 6 cells of `$paramod$b5bfe1d4fce40940586b6e35fec61194ae5a8fde\cap_pdb_state_wide_bank'.
Finding duplicate cells in `$paramod$b5bfe1d4fce40940586b6e35fec61194ae5a8fde\cap_pdb_state_wide_bank'.
Removed a total of 0 cells.

5.12.20. Executing OPT_DFF pass (perform DFF optimizations).

5.12.21. Executing OPT_CLEAN pass (remove unused cells and wires).
Finding unused cells or wires in module \cap_pdb_parallel_compact_allocation_engine..
Finding unused cells or wires in module $paramod$cbc3189b30a0f0ae8c16e45df15b3f5a54303a8f\cap_pdb_masked_min32..
Finding unused cells or wires in module $paramod$b5bfe1d4fce40940586b6e35fec61194ae5a8fde\cap_pdb_state_wide_bank..

5.12.22. Executing OPT_EXPR pass (perform const folding).
Optimizing module cap_pdb_parallel_compact_allocation_engine.
Optimizing module $paramod$cbc3189b30a0f0ae8c16e45df15b3f5a54303a8f\cap_pdb_masked_min32.
Optimizing module $paramod$b5bfe1d4fce40940586b6e35fec61194ae5a8fde\cap_pdb_state_wide_bank.

5.12.23. Finished fast OPT passes. (There is nothing left to do.)

5.13. Executing WREDUCE pass (reducing word size of cells).
Removed top 1 bits (of 2) from port B of cell cap_pdb_parallel_compact_allocation_engine.$auto$opt_dff.cc:235:make_patterns_logic$4448 ($ne).
Removed top 24 bits (of 32) from port A of cell cap_pdb_parallel_compact_allocation_engine.$add$cap_pdb_parallel_compact_engine.sv:166$1415 ($add).
Removed top 23 bits (of 32) from port Y of cell cap_pdb_parallel_compact_allocation_engine.$add$cap_pdb_parallel_compact_engine.sv:166$1415 ($add).
Removed top 31 bits (of 32) from port B of cell cap_pdb_parallel_compact_allocation_engine.$add$cap_pdb_parallel_compact_engine.sv:218$1418 ($add).
Removed top 31 bits (of 32) from port B of cell cap_pdb_parallel_compact_allocation_engine.$add$cap_pdb_parallel_compact_engine.sv:218$1424 ($add).
Removed top 31 bits (of 32) from port B of cell cap_pdb_parallel_compact_allocation_engine.$add$cap_pdb_parallel_compact_engine.sv:218$1430 ($add).
Removed top 31 bits (of 32) from port B of cell cap_pdb_parallel_compact_allocation_engine.$add$cap_pdb_parallel_compact_engine.sv:218$1436 ($add).
Removed top 31 bits (of 32) from port B of cell cap_pdb_parallel_compact_allocation_engine.$add$cap_pdb_parallel_compact_engine.sv:218$1442 ($add).
Removed top 31 bits (of 32) from port B of cell cap_pdb_parallel_compact_allocation_engine.$add$cap_pdb_parallel_compact_engine.sv:218$1448 ($add).
Removed top 31 bits (of 32) from port B of cell cap_pdb_parallel_compact_allocation_engine.$add$cap_pdb_parallel_compact_engine.sv:218$1454 ($add).
Removed top 31 bits (of 32) from port B of cell cap_pdb_parallel_compact_allocation_engine.$add$cap_pdb_parallel_compact_engine.sv:218$1460 ($add).
Removed top 31 bits (of 32) from port B of cell cap_pdb_parallel_compact_allocation_engine.$add$cap_pdb_parallel_compact_engine.sv:218$1466 ($add).
Removed top 31 bits (of 32) from port B of cell cap_pdb_parallel_compact_allocation_engine.$add$cap_pdb_parallel_compact_engine.sv:218$1472 ($add).
Removed top 31 bits (of 32) from port B of cell cap_pdb_parallel_compact_allocation_engine.$add$cap_pdb_parallel_compact_engine.sv:218$1478 ($add).
Removed top 31 bits (of 32) from port B of cell cap_pdb_parallel_compact_allocation_engine.$add$cap_pdb_parallel_compact_engine.sv:218$1484 ($add).
Removed top 31 bits (of 32) from port B of cell cap_pdb_parallel_compact_allocation_engine.$add$cap_pdb_parallel_compact_engine.sv:218$1490 ($add).
Removed top 31 bits (of 32) from port B of cell cap_pdb_parallel_compact_allocation_engine.$add$cap_pdb_parallel_compact_engine.sv:218$1496 ($add).
Removed top 31 bits (of 32) from port B of cell cap_pdb_parallel_compact_allocation_engine.$add$cap_pdb_parallel_compact_engine.sv:218$1502 ($add).
Removed top 31 bits (of 32) from port B of cell cap_pdb_parallel_compact_allocation_engine.$add$cap_pdb_parallel_compact_engine.sv:218$1508 ($add).
Removed top 31 bits (of 32) from port B of cell cap_pdb_parallel_compact_allocation_engine.$add$cap_pdb_parallel_compact_engine.sv:218$1514 ($add).
Removed top 31 bits (of 32) from port B of cell cap_pdb_parallel_compact_allocation_engine.$add$cap_pdb_parallel_compact_engine.sv:218$1520 ($add).
Removed top 31 bits (of 32) from port B of cell cap_pdb_parallel_compact_allocation_engine.$add$cap_pdb_parallel_compact_engine.sv:218$1526 ($add).
Removed top 31 bits (of 32) from port B of cell cap_pdb_parallel_compact_allocation_engine.$add$cap_pdb_parallel_compact_engine.sv:218$1532 ($add).
Removed top 31 bits (of 32) from port B of cell cap_pdb_parallel_compact_allocation_engine.$add$cap_pdb_parallel_compact_engine.sv:218$1538 ($add).
Removed top 31 bits (of 32) from port B of cell cap_pdb_parallel_compact_allocation_engine.$add$cap_pdb_parallel_compact_engine.sv:218$1544 ($add).
Removed top 31 bits (of 32) from port B of cell cap_pdb_parallel_compact_allocation_engine.$add$cap_pdb_parallel_compact_engine.sv:218$1550 ($add).
Removed top 31 bits (of 32) from port B of cell cap_pdb_parallel_compact_allocation_engine.$add$cap_pdb_parallel_compact_engine.sv:218$1556 ($add).
Removed top 31 bits (of 32) from port B of cell cap_pdb_parallel_compact_allocation_engine.$add$cap_pdb_parallel_compact_engine.sv:218$1562 ($add).
Removed top 31 bits (of 32) from port B of cell cap_pdb_parallel_compact_allocation_engine.$add$cap_pdb_parallel_compact_engine.sv:218$1568 ($add).
Removed top 31 bits (of 32) from port B of cell cap_pdb_parallel_compact_allocation_engine.$add$cap_pdb_parallel_compact_engine.sv:218$1574 ($add).
Removed top 31 bits (of 32) from port B of cell cap_pdb_parallel_compact_allocation_engine.$add$cap_pdb_parallel_compact_engine.sv:218$1580 ($add).
Removed top 31 bits (of 32) from port B of cell cap_pdb_parallel_compact_allocation_engine.$add$cap_pdb_parallel_compact_engine.sv:218$1586 ($add).
Removed top 31 bits (of 32) from port B of cell cap_pdb_parallel_compact_allocation_engine.$add$cap_pdb_parallel_compact_engine.sv:218$1592 ($add).
Removed top 31 bits (of 32) from port B of cell cap_pdb_parallel_compact_allocation_engine.$add$cap_pdb_parallel_compact_engine.sv:218$1598 ($add).
Removed top 31 bits (of 32) from port B of cell cap_pdb_parallel_compact_allocation_engine.$add$cap_pdb_parallel_compact_engine.sv:218$1604 ($add).
Removed top 31 bits (of 32) from port B of cell cap_pdb_parallel_compact_allocation_engine.$add$cap_pdb_parallel_compact_engine.sv:218$1610 ($add).
Removed top 31 bits (of 32) from port B of cell cap_pdb_parallel_compact_allocation_engine.$add$cap_pdb_parallel_compact_engine.sv:218$1616 ($add).
Removed top 31 bits (of 32) from port B of cell cap_pdb_parallel_compact_allocation_engine.$add$cap_pdb_parallel_compact_engine.sv:218$1622 ($add).
Removed top 31 bits (of 32) from port B of cell cap_pdb_parallel_compact_allocation_engine.$add$cap_pdb_parallel_compact_engine.sv:218$1628 ($add).
Removed top 31 bits (of 32) from port B of cell cap_pdb_parallel_compact_allocation_engine.$add$cap_pdb_parallel_compact_engine.sv:218$1634 ($add).
Removed top 31 bits (of 32) from port B of cell cap_pdb_parallel_compact_allocation_engine.$add$cap_pdb_parallel_compact_engine.sv:218$1640 ($add).
Removed top 31 bits (of 32) from port B of cell cap_pdb_parallel_compact_allocation_engine.$add$cap_pdb_parallel_compact_engine.sv:218$1646 ($add).
Removed top 31 bits (of 32) from port B of cell cap_pdb_parallel_compact_allocation_engine.$add$cap_pdb_parallel_compact_engine.sv:218$1652 ($add).
Removed top 31 bits (of 32) from port B of cell cap_pdb_parallel_compact_allocation_engine.$add$cap_pdb_parallel_compact_engine.sv:218$1658 ($add).
Removed top 31 bits (of 32) from port B of cell cap_pdb_parallel_compact_allocation_engine.$add$cap_pdb_parallel_compact_engine.sv:218$1664 ($add).
Removed top 31 bits (of 32) from port B of cell cap_pdb_parallel_compact_allocation_engine.$add$cap_pdb_parallel_compact_engine.sv:218$1670 ($add).
Removed top 31 bits (of 32) from port B of cell cap_pdb_parallel_compact_allocation_engine.$add$cap_pdb_parallel_compact_engine.sv:218$1676 ($add).
Removed top 31 bits (of 32) from port B of cell cap_pdb_parallel_compact_allocation_engine.$add$cap_pdb_parallel_compact_engine.sv:218$1682 ($add).
Removed top 31 bits (of 32) from port B of cell cap_pdb_parallel_compact_allocation_engine.$add$cap_pdb_parallel_compact_engine.sv:218$1688 ($add).
Removed top 31 bits (of 32) from port B of cell cap_pdb_parallel_compact_allocation_engine.$add$cap_pdb_parallel_compact_engine.sv:218$1694 ($add).
Removed top 31 bits (of 32) from port B of cell cap_pdb_parallel_compact_allocation_engine.$add$cap_pdb_parallel_compact_engine.sv:218$1700 ($add).
Removed top 31 bits (of 32) from port B of cell cap_pdb_parallel_compact_allocation_engine.$add$cap_pdb_parallel_compact_engine.sv:218$1706 ($add).
Removed top 31 bits (of 32) from port B of cell cap_pdb_parallel_compact_allocation_engine.$add$cap_pdb_parallel_compact_engine.sv:218$1712 ($add).
Removed top 31 bits (of 32) from port B of cell cap_pdb_parallel_compact_allocation_engine.$add$cap_pdb_parallel_compact_engine.sv:218$1718 ($add).
Removed top 31 bits (of 32) from port B of cell cap_pdb_parallel_compact_allocation_engine.$add$cap_pdb_parallel_compact_engine.sv:218$1724 ($add).
Removed top 31 bits (of 32) from port B of cell cap_pdb_parallel_compact_allocation_engine.$add$cap_pdb_parallel_compact_engine.sv:218$1730 ($add).
Removed top 31 bits (of 32) from port B of cell cap_pdb_parallel_compact_allocation_engine.$add$cap_pdb_parallel_compact_engine.sv:218$1736 ($add).
Removed top 31 bits (of 32) from port B of cell cap_pdb_parallel_compact_allocation_engine.$add$cap_pdb_parallel_compact_engine.sv:218$1742 ($add).
Removed top 31 bits (of 32) from port B of cell cap_pdb_parallel_compact_allocation_engine.$add$cap_pdb_parallel_compact_engine.sv:218$1748 ($add).
Removed top 31 bits (of 32) from port B of cell cap_pdb_parallel_compact_allocation_engine.$add$cap_pdb_parallel_compact_engine.sv:218$1754 ($add).
Removed top 31 bits (of 32) from port B of cell cap_pdb_parallel_compact_allocation_engine.$add$cap_pdb_parallel_compact_engine.sv:218$1760 ($add).
Removed top 31 bits (of 32) from port B of cell cap_pdb_parallel_compact_allocation_engine.$add$cap_pdb_parallel_compact_engine.sv:218$1766 ($add).
Removed top 31 bits (of 32) from port B of cell cap_pdb_parallel_compact_allocation_engine.$add$cap_pdb_parallel_compact_engine.sv:218$1772 ($add).
Removed top 31 bits (of 32) from port B of cell cap_pdb_parallel_compact_allocation_engine.$add$cap_pdb_parallel_compact_engine.sv:218$1778 ($add).
Removed top 31 bits (of 32) from port B of cell cap_pdb_parallel_compact_allocation_engine.$add$cap_pdb_parallel_compact_engine.sv:218$1784 ($add).
Removed top 31 bits (of 32) from port B of cell cap_pdb_parallel_compact_allocation_engine.$add$cap_pdb_parallel_compact_engine.sv:218$1790 ($add).
Removed top 31 bits (of 32) from port B of cell cap_pdb_parallel_compact_allocation_engine.$add$cap_pdb_parallel_compact_engine.sv:218$1796 ($add).
Removed top 31 bits (of 32) from port B of cell cap_pdb_parallel_compact_allocation_engine.$add$cap_pdb_parallel_compact_engine.sv:218$1802 ($add).
Removed top 31 bits (of 32) from port B of cell cap_pdb_parallel_compact_allocation_engine.$add$cap_pdb_parallel_compact_engine.sv:218$1808 ($add).
Removed top 31 bits (of 32) from port B of cell cap_pdb_parallel_compact_allocation_engine.$add$cap_pdb_parallel_compact_engine.sv:218$1814 ($add).
Removed top 31 bits (of 32) from port B of cell cap_pdb_parallel_compact_allocation_engine.$add$cap_pdb_parallel_compact_engine.sv:218$1820 ($add).
Removed top 31 bits (of 32) from port B of cell cap_pdb_parallel_compact_allocation_engine.$add$cap_pdb_parallel_compact_engine.sv:218$1826 ($add).
Removed top 31 bits (of 32) from port B of cell cap_pdb_parallel_compact_allocation_engine.$add$cap_pdb_parallel_compact_engine.sv:218$1832 ($add).
Removed top 31 bits (of 32) from port B of cell cap_pdb_parallel_compact_allocation_engine.$add$cap_pdb_parallel_compact_engine.sv:218$1838 ($add).
Removed top 31 bits (of 32) from port B of cell cap_pdb_parallel_compact_allocation_engine.$add$cap_pdb_parallel_compact_engine.sv:218$1844 ($add).
Removed top 31 bits (of 32) from port B of cell cap_pdb_parallel_compact_allocation_engine.$add$cap_pdb_parallel_compact_engine.sv:218$1850 ($add).
Removed top 31 bits (of 32) from port B of cell cap_pdb_parallel_compact_allocation_engine.$add$cap_pdb_parallel_compact_engine.sv:218$1856 ($add).
Removed top 31 bits (of 32) from port B of cell cap_pdb_parallel_compact_allocation_engine.$add$cap_pdb_parallel_compact_engine.sv:218$1862 ($add).
Removed top 31 bits (of 32) from port B of cell cap_pdb_parallel_compact_allocation_engine.$add$cap_pdb_parallel_compact_engine.sv:218$1868 ($add).
Removed top 31 bits (of 32) from port B of cell cap_pdb_parallel_compact_allocation_engine.$add$cap_pdb_parallel_compact_engine.sv:218$1874 ($add).
Removed top 31 bits (of 32) from port B of cell cap_pdb_parallel_compact_allocation_engine.$add$cap_pdb_parallel_compact_engine.sv:218$1880 ($add).
Removed top 31 bits (of 32) from port B of cell cap_pdb_parallel_compact_allocation_engine.$add$cap_pdb_parallel_compact_engine.sv:218$1886 ($add).
Removed top 31 bits (of 32) from port B of cell cap_pdb_parallel_compact_allocation_engine.$add$cap_pdb_parallel_compact_engine.sv:218$1892 ($add).
Removed top 31 bits (of 32) from port B of cell cap_pdb_parallel_compact_allocation_engine.$add$cap_pdb_parallel_compact_engine.sv:218$1898 ($add).
Removed top 31 bits (of 32) from port B of cell cap_pdb_parallel_compact_allocation_engine.$add$cap_pdb_parallel_compact_engine.sv:218$1904 ($add).
Removed top 31 bits (of 32) from port B of cell cap_pdb_parallel_compact_allocation_engine.$add$cap_pdb_parallel_compact_engine.sv:218$1910 ($add).
Removed top 31 bits (of 32) from port B of cell cap_pdb_parallel_compact_allocation_engine.$add$cap_pdb_parallel_compact_engine.sv:218$1916 ($add).
Removed top 31 bits (of 32) from port B of cell cap_pdb_parallel_compact_allocation_engine.$add$cap_pdb_parallel_compact_engine.sv:218$1922 ($add).
Removed top 31 bits (of 32) from port B of cell cap_pdb_parallel_compact_allocation_engine.$add$cap_pdb_parallel_compact_engine.sv:218$1928 ($add).
Removed top 31 bits (of 32) from port B of cell cap_pdb_parallel_compact_allocation_engine.$add$cap_pdb_parallel_compact_engine.sv:218$1934 ($add).
Removed top 31 bits (of 32) from port B of cell cap_pdb_parallel_compact_allocation_engine.$add$cap_pdb_parallel_compact_engine.sv:218$1940 ($add).
Removed top 31 bits (of 32) from port B of cell cap_pdb_parallel_compact_allocation_engine.$add$cap_pdb_parallel_compact_engine.sv:218$1946 ($add).
Removed top 31 bits (of 32) from port B of cell cap_pdb_parallel_compact_allocation_engine.$add$cap_pdb_parallel_compact_engine.sv:218$1952 ($add).
Removed top 31 bits (of 32) from port B of cell cap_pdb_parallel_compact_allocation_engine.$add$cap_pdb_parallel_compact_engine.sv:218$1958 ($add).
Removed top 31 bits (of 32) from port B of cell cap_pdb_parallel_compact_allocation_engine.$add$cap_pdb_parallel_compact_engine.sv:218$1964 ($add).
Removed top 31 bits (of 32) from port B of cell cap_pdb_parallel_compact_allocation_engine.$add$cap_pdb_parallel_compact_engine.sv:218$1970 ($add).
Removed top 31 bits (of 32) from port B of cell cap_pdb_parallel_compact_allocation_engine.$add$cap_pdb_parallel_compact_engine.sv:218$1976 ($add).
Removed top 31 bits (of 32) from port B of cell cap_pdb_parallel_compact_allocation_engine.$add$cap_pdb_parallel_compact_engine.sv:218$1982 ($add).
Removed top 31 bits (of 32) from port B of cell cap_pdb_parallel_compact_allocation_engine.$add$cap_pdb_parallel_compact_engine.sv:218$1988 ($add).
Removed top 31 bits (of 32) from port B of cell cap_pdb_parallel_compact_allocation_engine.$add$cap_pdb_parallel_compact_engine.sv:218$1994 ($add).
Removed top 31 bits (of 32) from port B of cell cap_pdb_parallel_compact_allocation_engine.$add$cap_pdb_parallel_compact_engine.sv:218$2000 ($add).
Removed top 31 bits (of 32) from port B of cell cap_pdb_parallel_compact_allocation_engine.$add$cap_pdb_parallel_compact_engine.sv:218$2006 ($add).
Removed top 31 bits (of 32) from port B of cell cap_pdb_parallel_compact_allocation_engine.$add$cap_pdb_parallel_compact_engine.sv:218$2012 ($add).
Removed top 31 bits (of 32) from port B of cell cap_pdb_parallel_compact_allocation_engine.$add$cap_pdb_parallel_compact_engine.sv:218$2018 ($add).
Removed top 31 bits (of 32) from port B of cell cap_pdb_parallel_compact_allocation_engine.$add$cap_pdb_parallel_compact_engine.sv:218$2024 ($add).
Removed top 31 bits (of 32) from port B of cell cap_pdb_parallel_compact_allocation_engine.$add$cap_pdb_parallel_compact_engine.sv:218$2030 ($add).
Removed top 31 bits (of 32) from port B of cell cap_pdb_parallel_compact_allocation_engine.$add$cap_pdb_parallel_compact_engine.sv:218$2036 ($add).
Removed top 8 bits (of 24) from port A of cell cap_pdb_parallel_compact_allocation_engine.$add$cap_pdb_parallel_compact_engine.sv:245$2047 ($add).
Removed top 7 bits (of 24) from port Y of cell cap_pdb_parallel_compact_allocation_engine.$add$cap_pdb_parallel_compact_engine.sv:245$2047 ($add).
Removed top 7 bits (of 24) from port A of cell cap_pdb_parallel_compact_allocation_engine.$add$cap_pdb_parallel_compact_engine.sv:245$2050 ($add).
Removed top 6 bits (of 24) from port Y of cell cap_pdb_parallel_compact_allocation_engine.$add$cap_pdb_parallel_compact_engine.sv:245$2050 ($add).
Removed top 6 bits (of 24) from port A of cell cap_pdb_parallel_compact_allocation_engine.$add$cap_pdb_parallel_compact_engine.sv:245$2053 ($add).
Removed top 5 bits (of 24) from port Y of cell cap_pdb_parallel_compact_allocation_engine.$add$cap_pdb_parallel_compact_engine.sv:245$2053 ($add).
Removed top 5 bits (of 24) from port A of cell cap_pdb_parallel_compact_allocation_engine.$add$cap_pdb_parallel_compact_engine.sv:245$2056 ($add).
Removed top 4 bits (of 24) from port Y of cell cap_pdb_parallel_compact_allocation_engine.$add$cap_pdb_parallel_compact_engine.sv:245$2056 ($add).
Removed top 4 bits (of 24) from port A of cell cap_pdb_parallel_compact_allocation_engine.$add$cap_pdb_parallel_compact_engine.sv:245$2059 ($add).
Removed top 3 bits (of 24) from port Y of cell cap_pdb_parallel_compact_allocation_engine.$add$cap_pdb_parallel_compact_engine.sv:245$2059 ($add).
Removed top 3 bits (of 24) from port A of cell cap_pdb_parallel_compact_allocation_engine.$add$cap_pdb_parallel_compact_engine.sv:245$2062 ($add).
Removed top 2 bits (of 24) from port Y of cell cap_pdb_parallel_compact_allocation_engine.$add$cap_pdb_parallel_compact_engine.sv:245$2062 ($add).
Removed top 2 bits (of 24) from port A of cell cap_pdb_parallel_compact_allocation_engine.$add$cap_pdb_parallel_compact_engine.sv:245$2065 ($add).
Removed top 1 bits (of 24) from port Y of cell cap_pdb_parallel_compact_allocation_engine.$add$cap_pdb_parallel_compact_engine.sv:245$2065 ($add).
Removed top 1 bits (of 24) from port A of cell cap_pdb_parallel_compact_allocation_engine.$add$cap_pdb_parallel_compact_engine.sv:245$2068 ($add).
Removed top 1 bits (of 32) from port A of cell cap_pdb_parallel_compact_allocation_engine.$or$cap_pdb_parallel_compact_engine.sv:144$2164 ($or).
Removed top 2 bits (of 32) from port A of cell cap_pdb_parallel_compact_allocation_engine.$or$cap_pdb_parallel_compact_engine.sv:148$2170 ($or).
Removed top 4 bits (of 32) from port A of cell cap_pdb_parallel_compact_allocation_engine.$or$cap_pdb_parallel_compact_engine.sv:152$2176 ($or).
Removed top 8 bits (of 32) from port A of cell cap_pdb_parallel_compact_allocation_engine.$or$cap_pdb_parallel_compact_engine.sv:156$2182 ($or).
Removed top 16 bits (of 32) from port A of cell cap_pdb_parallel_compact_allocation_engine.$or$cap_pdb_parallel_compact_engine.sv:160$2186 ($or).
Removed top 3 bits (of 4) from port B of cell cap_pdb_parallel_compact_allocation_engine.$eq$cap_pdb_parallel_compact_engine.sv:177$2188 ($eq).
Removed top 1 bits (of 32) from port A of cell cap_pdb_parallel_compact_allocation_engine.$or$cap_pdb_parallel_compact_engine.sv:144$2204 ($or).
Removed top 2 bits (of 32) from port A of cell cap_pdb_parallel_compact_allocation_engine.$or$cap_pdb_parallel_compact_engine.sv:148$2210 ($or).
Removed top 4 bits (of 32) from port A of cell cap_pdb_parallel_compact_allocation_engine.$or$cap_pdb_parallel_compact_engine.sv:152$2216 ($or).
Removed top 8 bits (of 32) from port A of cell cap_pdb_parallel_compact_allocation_engine.$or$cap_pdb_parallel_compact_engine.sv:156$2222 ($or).
Removed top 16 bits (of 32) from port A of cell cap_pdb_parallel_compact_allocation_engine.$or$cap_pdb_parallel_compact_engine.sv:160$2226 ($or).
Removed top 2 bits (of 4) from port B of cell cap_pdb_parallel_compact_allocation_engine.$eq$cap_pdb_parallel_compact_engine.sv:177$2228 ($eq).
Removed top 1 bits (of 32) from port A of cell cap_pdb_parallel_compact_allocation_engine.$or$cap_pdb_parallel_compact_engine.sv:144$2244 ($or).
Removed top 2 bits (of 32) from port A of cell cap_pdb_parallel_compact_allocation_engine.$or$cap_pdb_parallel_compact_engine.sv:148$2250 ($or).
Removed top 4 bits (of 32) from port A of cell cap_pdb_parallel_compact_allocation_engine.$or$cap_pdb_parallel_compact_engine.sv:152$2256 ($or).
Removed top 8 bits (of 32) from port A of cell cap_pdb_parallel_compact_allocation_engine.$or$cap_pdb_parallel_compact_engine.sv:156$2262 ($or).
Removed top 16 bits (of 32) from port A of cell cap_pdb_parallel_compact_allocation_engine.$or$cap_pdb_parallel_compact_engine.sv:160$2266 ($or).
Removed top 2 bits (of 4) from port B of cell cap_pdb_parallel_compact_allocation_engine.$eq$cap_pdb_parallel_compact_engine.sv:177$2268 ($eq).
Removed top 1 bits (of 32) from port A of cell cap_pdb_parallel_compact_allocation_engine.$or$cap_pdb_parallel_compact_engine.sv:144$2284 ($or).
Removed top 2 bits (of 32) from port A of cell cap_pdb_parallel_compact_allocation_engine.$or$cap_pdb_parallel_compact_engine.sv:148$2290 ($or).
Removed top 4 bits (of 32) from port A of cell cap_pdb_parallel_compact_allocation_engine.$or$cap_pdb_parallel_compact_engine.sv:152$2296 ($or).
Removed top 8 bits (of 32) from port A of cell cap_pdb_parallel_compact_allocation_engine.$or$cap_pdb_parallel_compact_engine.sv:156$2302 ($or).
Removed top 16 bits (of 32) from port A of cell cap_pdb_parallel_compact_allocation_engine.$or$cap_pdb_parallel_compact_engine.sv:160$2306 ($or).
Removed top 1 bits (of 4) from port B of cell cap_pdb_parallel_compact_allocation_engine.$eq$cap_pdb_parallel_compact_engine.sv:177$2308 ($eq).
Removed top 1 bits (of 32) from port A of cell cap_pdb_parallel_compact_allocation_engine.$or$cap_pdb_parallel_compact_engine.sv:144$2324 ($or).
Removed top 2 bits (of 32) from port A of cell cap_pdb_parallel_compact_allocation_engine.$or$cap_pdb_parallel_compact_engine.sv:148$2330 ($or).
Removed top 4 bits (of 32) from port A of cell cap_pdb_parallel_compact_allocation_engine.$or$cap_pdb_parallel_compact_engine.sv:152$2336 ($or).
Removed top 8 bits (of 32) from port A of cell cap_pdb_parallel_compact_allocation_engine.$or$cap_pdb_parallel_compact_engine.sv:156$2342 ($or).
Removed top 16 bits (of 32) from port A of cell cap_pdb_parallel_compact_allocation_engine.$or$cap_pdb_parallel_compact_engine.sv:160$2346 ($or).
Removed top 1 bits (of 4) from port B of cell cap_pdb_parallel_compact_allocation_engine.$eq$cap_pdb_parallel_compact_engine.sv:177$2348 ($eq).
Removed top 1 bits (of 32) from port A of cell cap_pdb_parallel_compact_allocation_engine.$or$cap_pdb_parallel_compact_engine.sv:144$2364 ($or).
Removed top 2 bits (of 32) from port A of cell cap_pdb_parallel_compact_allocation_engine.$or$cap_pdb_parallel_compact_engine.sv:148$2370 ($or).
Removed top 4 bits (of 32) from port A of cell cap_pdb_parallel_compact_allocation_engine.$or$cap_pdb_parallel_compact_engine.sv:152$2376 ($or).
Removed top 8 bits (of 32) from port A of cell cap_pdb_parallel_compact_allocation_engine.$or$cap_pdb_parallel_compact_engine.sv:156$2382 ($or).
Removed top 16 bits (of 32) from port A of cell cap_pdb_parallel_compact_allocation_engine.$or$cap_pdb_parallel_compact_engine.sv:160$2386 ($or).
Removed top 1 bits (of 4) from port B of cell cap_pdb_parallel_compact_allocation_engine.$eq$cap_pdb_parallel_compact_engine.sv:177$2388 ($eq).
Removed top 1 bits (of 32) from port A of cell cap_pdb_parallel_compact_allocation_engine.$or$cap_pdb_parallel_compact_engine.sv:144$2404 ($or).
Removed top 2 bits (of 32) from port A of cell cap_pdb_parallel_compact_allocation_engine.$or$cap_pdb_parallel_compact_engine.sv:148$2410 ($or).
Removed top 4 bits (of 32) from port A of cell cap_pdb_parallel_compact_allocation_engine.$or$cap_pdb_parallel_compact_engine.sv:152$2416 ($or).
Removed top 8 bits (of 32) from port A of cell cap_pdb_parallel_compact_allocation_engine.$or$cap_pdb_parallel_compact_engine.sv:156$2422 ($or).
Removed top 16 bits (of 32) from port A of cell cap_pdb_parallel_compact_allocation_engine.$or$cap_pdb_parallel_compact_engine.sv:160$2426 ($or).
Removed top 1 bits (of 4) from port B of cell cap_pdb_parallel_compact_allocation_engine.$eq$cap_pdb_parallel_compact_engine.sv:177$2428 ($eq).
Removed top 1 bits (of 32) from port A of cell cap_pdb_parallel_compact_allocation_engine.$or$cap_pdb_parallel_compact_engine.sv:144$2444 ($or).
Removed top 2 bits (of 32) from port A of cell cap_pdb_parallel_compact_allocation_engine.$or$cap_pdb_parallel_compact_engine.sv:148$2450 ($or).
Removed top 4 bits (of 32) from port A of cell cap_pdb_parallel_compact_allocation_engine.$or$cap_pdb_parallel_compact_engine.sv:152$2456 ($or).
Removed top 8 bits (of 32) from port A of cell cap_pdb_parallel_compact_allocation_engine.$or$cap_pdb_parallel_compact_engine.sv:156$2462 ($or).
Removed top 16 bits (of 32) from port A of cell cap_pdb_parallel_compact_allocation_engine.$or$cap_pdb_parallel_compact_engine.sv:160$2466 ($or).
Removed top 1 bits (of 32) from port A of cell cap_pdb_parallel_compact_allocation_engine.$or$cap_pdb_parallel_compact_engine.sv:144$2484 ($or).
Removed top 2 bits (of 32) from port A of cell cap_pdb_parallel_compact_allocation_engine.$or$cap_pdb_parallel_compact_engine.sv:148$2490 ($or).
Removed top 4 bits (of 32) from port A of cell cap_pdb_parallel_compact_allocation_engine.$or$cap_pdb_parallel_compact_engine.sv:152$2496 ($or).
Removed top 8 bits (of 32) from port A of cell cap_pdb_parallel_compact_allocation_engine.$or$cap_pdb_parallel_compact_engine.sv:156$2502 ($or).
Removed top 16 bits (of 32) from port A of cell cap_pdb_parallel_compact_allocation_engine.$or$cap_pdb_parallel_compact_engine.sv:160$2506 ($or).
Removed top 1 bits (of 32) from port A of cell cap_pdb_parallel_compact_allocation_engine.$or$cap_pdb_parallel_compact_engine.sv:144$2524 ($or).
Removed top 2 bits (of 32) from port A of cell cap_pdb_parallel_compact_allocation_engine.$or$cap_pdb_parallel_compact_engine.sv:148$2530 ($or).
Removed top 4 bits (of 32) from port A of cell cap_pdb_parallel_compact_allocation_engine.$or$cap_pdb_parallel_compact_engine.sv:152$2536 ($or).
Removed top 8 bits (of 32) from port A of cell cap_pdb_parallel_compact_allocation_engine.$or$cap_pdb_parallel_compact_engine.sv:156$2542 ($or).
Removed top 16 bits (of 32) from port A of cell cap_pdb_parallel_compact_allocation_engine.$or$cap_pdb_parallel_compact_engine.sv:160$2546 ($or).
Removed top 1 bits (of 32) from port A of cell cap_pdb_parallel_compact_allocation_engine.$or$cap_pdb_parallel_compact_engine.sv:144$2564 ($or).
Removed top 2 bits (of 32) from port A of cell cap_pdb_parallel_compact_allocation_engine.$or$cap_pdb_parallel_compact_engine.sv:148$2570 ($or).
Removed top 4 bits (of 32) from port A of cell cap_pdb_parallel_compact_allocation_engine.$or$cap_pdb_parallel_compact_engine.sv:152$2576 ($or).
Removed top 8 bits (of 32) from port A of cell cap_pdb_parallel_compact_allocation_engine.$or$cap_pdb_parallel_compact_engine.sv:156$2582 ($or).
Removed top 16 bits (of 32) from port A of cell cap_pdb_parallel_compact_allocation_engine.$or$cap_pdb_parallel_compact_engine.sv:160$2586 ($or).
Removed top 1 bits (of 32) from port A of cell cap_pdb_parallel_compact_allocation_engine.$or$cap_pdb_parallel_compact_engine.sv:144$2604 ($or).
Removed top 2 bits (of 32) from port A of cell cap_pdb_parallel_compact_allocation_engine.$or$cap_pdb_parallel_compact_engine.sv:148$2610 ($or).
Removed top 4 bits (of 32) from port A of cell cap_pdb_parallel_compact_allocation_engine.$or$cap_pdb_parallel_compact_engine.sv:152$2616 ($or).
Removed top 8 bits (of 32) from port A of cell cap_pdb_parallel_compact_allocation_engine.$or$cap_pdb_parallel_compact_engine.sv:156$2622 ($or).
Removed top 16 bits (of 32) from port A of cell cap_pdb_parallel_compact_allocation_engine.$or$cap_pdb_parallel_compact_engine.sv:160$2626 ($or).
Removed top 1 bits (of 32) from port A of cell cap_pdb_parallel_compact_allocation_engine.$or$cap_pdb_parallel_compact_engine.sv:144$2644 ($or).
Removed top 2 bits (of 32) from port A of cell cap_pdb_parallel_compact_allocation_engine.$or$cap_pdb_parallel_compact_engine.sv:148$2650 ($or).
Removed top 4 bits (of 32) from port A of cell cap_pdb_parallel_compact_allocation_engine.$or$cap_pdb_parallel_compact_engine.sv:152$2656 ($or).
Removed top 8 bits (of 32) from port A of cell cap_pdb_parallel_compact_allocation_engine.$or$cap_pdb_parallel_compact_engine.sv:156$2662 ($or).
Removed top 16 bits (of 32) from port A of cell cap_pdb_parallel_compact_allocation_engine.$or$cap_pdb_parallel_compact_engine.sv:160$2666 ($or).
Removed top 7 bits (of 24) from wire cap_pdb_parallel_compact_allocation_engine.$add$cap_pdb_parallel_compact_engine.sv:245$2047_Y.
Removed top 6 bits (of 24) from wire cap_pdb_parallel_compact_allocation_engine.$add$cap_pdb_parallel_compact_engine.sv:245$2050_Y.
Removed top 5 bits (of 24) from wire cap_pdb_parallel_compact_allocation_engine.$add$cap_pdb_parallel_compact_engine.sv:245$2053_Y.
Removed top 4 bits (of 24) from wire cap_pdb_parallel_compact_allocation_engine.$add$cap_pdb_parallel_compact_engine.sv:245$2056_Y.
Removed top 3 bits (of 24) from wire cap_pdb_parallel_compact_allocation_engine.$add$cap_pdb_parallel_compact_engine.sv:245$2059_Y.
Removed top 2 bits (of 24) from wire cap_pdb_parallel_compact_allocation_engine.$add$cap_pdb_parallel_compact_engine.sv:245$2062_Y.
Removed top 1 bits (of 24) from wire cap_pdb_parallel_compact_allocation_engine.$add$cap_pdb_parallel_compact_engine.sv:245$2065_Y.

5.14. Executing PEEPOPT pass (run peephole optimizers).

5.15. Executing OPT_CLEAN pass (remove unused cells and wires).
Finding unused cells or wires in module \cap_pdb_parallel_compact_allocation_engine..
Finding unused cells or wires in module $paramod$cbc3189b30a0f0ae8c16e45df15b3f5a54303a8f\cap_pdb_masked_min32..
Finding unused cells or wires in module $paramod$b5bfe1d4fce40940586b6e35fec61194ae5a8fde\cap_pdb_state_wide_bank..
Removed 0 unused cells and 8 unused wires.
<suppressed ~1 debug messages>

5.16. Executing PMUX2SHIFTX pass.

5.17. Executing SORT pass.

5.18. Executing MEMORY_DFF pass (merging $dff cells to $memrd).
Checking read port `\memory'[0] in module `$paramod$b5bfe1d4fce40940586b6e35fec61194ae5a8fde\cap_pdb_state_wide_bank': merging output FF to cell.
    Write port 0: non-transparent.

5.19. Executing TECHMAP pass (map to technology primitives).

5.19.1. Executing Verilog-2005 frontend: /share/mul2dsp.v
Parsing Verilog input from `/share/mul2dsp.v' to AST representation.
Generating RTLIL representation for module `\_80_mul'.
Generating RTLIL representation for module `\_90_soft_mul'.
Successfully finished Verilog frontend.

5.19.2. Executing Verilog-2005 frontend: /share/xilinx/xc7_dsp_map.v
Parsing Verilog input from `/share/xilinx/xc7_dsp_map.v' to AST representation.
Generating RTLIL representation for module `$__MUL25X18'.
Successfully finished Verilog frontend.

5.19.3. Continuing TECHMAP pass.
No more expansions possible.
<suppressed ~5 debug messages>

5.20. Executing OPT_EXPR pass (perform const folding).

5.21. Executing WREDUCE pass (reducing word size of cells).

5.22. Executing XILINX_DSP pass (pack resources into DSPs).

5.23. Executing TECHMAP pass (map to technology primitives).

5.23.1. Executing Verilog-2005 frontend: /share/cmp2lut.v
Parsing Verilog input from `/share/cmp2lut.v' to AST representation.
Generating RTLIL representation for module `\_90_lut_cmp_'.
Successfully finished Verilog frontend.

5.23.2. Executing Verilog-2005 frontend: /share/cmp2lcu.v
Parsing Verilog input from `/share/cmp2lcu.v' to AST representation.
Generating RTLIL representation for module `\_80_lcu_cmp_'.
Generating RTLIL representation for module `$__CMP2LCU'.
Successfully finished Verilog frontend.

5.23.3. Continuing TECHMAP pass.
Using template $paramod$259894106d2ad198d0d04618b21dd2497b1cfb96\_80_lcu_cmp_ for cells of type $lt.
Using template $paramod$7471c16ccde3ba74bc45d1b0191ea15669d59841\_80_lcu_cmp_ for cells of type $gt.
Using template $paramod$7ba114902243d21bd55ce01b611b70b410e2e654$__CMP2LCU for cells of type $__CMP2LCU.
Using template $paramod$31b1a571242f9f4829f81336a5502c11fcf7a47e$__CMP2LCU for cells of type $__CMP2LCU.
Using template $paramod$7122c373bb4ab1d7b945a769762d7fa3026e99fd$__CMP2LCU for cells of type $__CMP2LCU.
Using template $paramod$68e7ca95ca1d435d5aa6b2e401153157bceeb4a1$__CMP2LCU for cells of type $__CMP2LCU.
Using template $paramod$1ce9fe9e230307a292c219ac14dd22cc37330d2f$__CMP2LCU for cells of type $__CMP2LCU.
Using template $paramod$0de3d8274f0197fb77c79bd31785e7ea6542f21b$__CMP2LCU for cells of type $__CMP2LCU.
Using template $paramod$84911796413521a630725231ea17edc1fc0dcf02$__CMP2LCU for cells of type $__CMP2LCU.
Using template $paramod$5eb4a0dbaf2222b6ef39dcca85e4741982855102$__CMP2LCU for cells of type $__CMP2LCU.
Using template $paramod$7c1994b5db40c652af589ec588d8f67a62bd9380$__CMP2LCU for cells of type $__CMP2LCU.
Using template $paramod$a60672850351e0dbeb479fc7362697b4565fb452$__CMP2LCU for cells of type $__CMP2LCU.
Using template $paramod$9c853ba77d3a615418bb2553d15b3c214f8d2525$__CMP2LCU for cells of type $__CMP2LCU.
Using template $paramod$cec77f66a4d8897a287b98157b2c8a8e9c5f9dd0$__CMP2LCU for cells of type $__CMP2LCU.
Using template $paramod$8157e526e0cb4739ae7b3fdd730271b7acde68f0$__CMP2LCU for cells of type $__CMP2LCU.
Using template $paramod$58cbbacf63264ad79714b909f7dcafd3ccbc957c$__CMP2LCU for cells of type $__CMP2LCU.
Using template $paramod$3163fe788e80b2c48455a5eff67ff379a8db8576$__CMP2LCU for cells of type $__CMP2LCU.
Using template $paramod$eb3e785e88f4d5608f1252b704619f0d061620e9$__CMP2LCU for cells of type $__CMP2LCU.
Using template $paramod$f91eb00affa8600780b6c3973d8a69ce06d163df$__CMP2LCU for cells of type $__CMP2LCU.
Using template $paramod$c3f23b5bb0a3ce78bf2fdfe159e34ea69a3cb907$__CMP2LCU for cells of type $__CMP2LCU.
Using template $paramod$5b6ae47d72852e5de4f8381bc51b0a64939f86a0$__CMP2LCU for cells of type $__CMP2LCU.
Using template $paramod$8260b90de545e2d4ced5fd3634cc52b27f0c4454$__CMP2LCU for cells of type $__CMP2LCU.
Using template $paramod$62fadfd2b95ee4a1ee0b935e9b4ba08c94989766$__CMP2LCU for cells of type $__CMP2LCU.
Using template $paramod$958978196da32f112a582668a1d7787b67706636$__CMP2LCU for cells of type $__CMP2LCU.
No more expansions possible.
<suppressed ~1655 debug messages>

5.24. Executing ALUMACC pass (create $alu and $macc cells).
Extracting $alu and $macc cells in module $paramod$b5bfe1d4fce40940586b6e35fec61194ae5a8fde\cap_pdb_state_wide_bank:
  created 0 $alu and 0 $macc cells.
Extracting $alu and $macc cells in module $paramod$cbc3189b30a0f0ae8c16e45df15b3f5a54303a8f\cap_pdb_masked_min32:
  created 0 $alu and 0 $macc cells.
Extracting $alu and $macc cells in module cap_pdb_parallel_compact_allocation_engine:
  creating $macc model for $add$cap_pdb_parallel_compact_engine.sv:218$1418 ($add).
  creating $macc model for $add$cap_pdb_parallel_compact_engine.sv:218$1424 ($add).
  creating $macc model for $add$cap_pdb_parallel_compact_engine.sv:218$1430 ($add).
  creating $macc model for $add$cap_pdb_parallel_compact_engine.sv:218$1436 ($add).
  creating $macc model for $add$cap_pdb_parallel_compact_engine.sv:218$1442 ($add).
  creating $macc model for $add$cap_pdb_parallel_compact_engine.sv:218$1448 ($add).
  creating $macc model for $add$cap_pdb_parallel_compact_engine.sv:218$1454 ($add).
  creating $macc model for $add$cap_pdb_parallel_compact_engine.sv:218$1460 ($add).
  creating $macc model for $add$cap_pdb_parallel_compact_engine.sv:218$1466 ($add).
  creating $macc model for $add$cap_pdb_parallel_compact_engine.sv:218$1472 ($add).
  creating $macc model for $add$cap_pdb_parallel_compact_engine.sv:218$1478 ($add).
  creating $macc model for $add$cap_pdb_parallel_compact_engine.sv:218$1484 ($add).
  creating $macc model for $add$cap_pdb_parallel_compact_engine.sv:218$1490 ($add).
  creating $macc model for $add$cap_pdb_parallel_compact_engine.sv:218$1496 ($add).
  creating $macc model for $add$cap_pdb_parallel_compact_engine.sv:218$1502 ($add).
  creating $macc model for $add$cap_pdb_parallel_compact_engine.sv:218$1508 ($add).
  creating $macc model for $add$cap_pdb_parallel_compact_engine.sv:218$1514 ($add).
  creating $macc model for $add$cap_pdb_parallel_compact_engine.sv:218$1520 ($add).
  creating $macc model for $add$cap_pdb_parallel_compact_engine.sv:218$1526 ($add).
  creating $macc model for $add$cap_pdb_parallel_compact_engine.sv:218$1532 ($add).
  creating $macc model for $add$cap_pdb_parallel_compact_engine.sv:218$1538 ($add).
  creating $macc model for $add$cap_pdb_parallel_compact_engine.sv:218$1544 ($add).
  creating $macc model for $add$cap_pdb_parallel_compact_engine.sv:218$1550 ($add).
  creating $macc model for $add$cap_pdb_parallel_compact_engine.sv:218$1556 ($add).
  creating $macc model for $add$cap_pdb_parallel_compact_engine.sv:218$1562 ($add).
  creating $macc model for $add$cap_pdb_parallel_compact_engine.sv:218$1568 ($add).
  creating $macc model for $add$cap_pdb_parallel_compact_engine.sv:218$1574 ($add).
  creating $macc model for $add$cap_pdb_parallel_compact_engine.sv:218$1580 ($add).
  creating $macc model for $add$cap_pdb_parallel_compact_engine.sv:218$1586 ($add).
  creating $macc model for $add$cap_pdb_parallel_compact_engine.sv:218$1592 ($add).
  creating $macc model for $add$cap_pdb_parallel_compact_engine.sv:218$1598 ($add).
  creating $macc model for $add$cap_pdb_parallel_compact_engine.sv:218$1604 ($add).
  creating $macc model for $add$cap_pdb_parallel_compact_engine.sv:218$1610 ($add).
  creating $macc model for $add$cap_pdb_parallel_compact_engine.sv:218$1616 ($add).
  creating $macc model for $add$cap_pdb_parallel_compact_engine.sv:218$1622 ($add).
  creating $macc model for $add$cap_pdb_parallel_compact_engine.sv:218$1628 ($add).
  creating $macc model for $add$cap_pdb_parallel_compact_engine.sv:218$1634 ($add).
  creating $macc model for $add$cap_pdb_parallel_compact_engine.sv:218$1640 ($add).
  creating $macc model for $add$cap_pdb_parallel_compact_engine.sv:218$1646 ($add).
  creating $macc model for $add$cap_pdb_parallel_compact_engine.sv:218$1652 ($add).
  creating $macc model for $add$cap_pdb_parallel_compact_engine.sv:218$1658 ($add).
  creating $macc model for $add$cap_pdb_parallel_compact_engine.sv:218$1664 ($add).
  creating $macc model for $add$cap_pdb_parallel_compact_engine.sv:218$1670 ($add).
  creating $macc model for $add$cap_pdb_parallel_compact_engine.sv:218$1676 ($add).
  creating $macc model for $add$cap_pdb_parallel_compact_engine.sv:218$1682 ($add).
  creating $macc model for $add$cap_pdb_parallel_compact_engine.sv:218$1688 ($add).
  creating $macc model for $add$cap_pdb_parallel_compact_engine.sv:218$1694 ($add).
  creating $macc model for $add$cap_pdb_parallel_compact_engine.sv:218$1700 ($add).
  creating $macc model for $add$cap_pdb_parallel_compact_engine.sv:218$1706 ($add).
  creating $macc model for $add$cap_pdb_parallel_compact_engine.sv:218$1712 ($add).
  creating $macc model for $add$cap_pdb_parallel_compact_engine.sv:218$1718 ($add).
  creating $macc model for $add$cap_pdb_parallel_compact_engine.sv:218$1724 ($add).
  creating $macc model for $add$cap_pdb_parallel_compact_engine.sv:218$1730 ($add).
  creating $macc model for $add$cap_pdb_parallel_compact_engine.sv:218$1736 ($add).
  creating $macc model for $add$cap_pdb_parallel_compact_engine.sv:218$1742 ($add).
  creating $macc model for $add$cap_pdb_parallel_compact_engine.sv:218$1748 ($add).
  creating $macc model for $add$cap_pdb_parallel_compact_engine.sv:218$1754 ($add).
  creating $macc model for $add$cap_pdb_parallel_compact_engine.sv:218$1760 ($add).
  creating $macc model for $add$cap_pdb_parallel_compact_engine.sv:218$1766 ($add).
  creating $macc model for $add$cap_pdb_parallel_compact_engine.sv:218$1772 ($add).
  creating $macc model for $add$cap_pdb_parallel_compact_engine.sv:218$1778 ($add).
  creating $macc model for $add$cap_pdb_parallel_compact_engine.sv:218$1784 ($add).
  creating $macc model for $add$cap_pdb_parallel_compact_engine.sv:218$1790 ($add).
  creating $macc model for $add$cap_pdb_parallel_compact_engine.sv:218$1796 ($add).
  creating $macc model for $add$cap_pdb_parallel_compact_engine.sv:218$1802 ($add).
  creating $macc model for $add$cap_pdb_parallel_compact_engine.sv:218$1808 ($add).
  creating $macc model for $add$cap_pdb_parallel_compact_engine.sv:218$1814 ($add).
  creating $macc model for $add$cap_pdb_parallel_compact_engine.sv:218$1820 ($add).
  creating $macc model for $add$cap_pdb_parallel_compact_engine.sv:218$1826 ($add).
  creating $macc model for $add$cap_pdb_parallel_compact_engine.sv:218$1832 ($add).
  creating $macc model for $add$cap_pdb_parallel_compact_engine.sv:218$1838 ($add).
  creating $macc model for $add$cap_pdb_parallel_compact_engine.sv:218$1844 ($add).
  creating $macc model for $add$cap_pdb_parallel_compact_engine.sv:218$1850 ($add).
  creating $macc model for $add$cap_pdb_parallel_compact_engine.sv:218$1856 ($add).
  creating $macc model for $add$cap_pdb_parallel_compact_engine.sv:218$1862 ($add).
  creating $macc model for $add$cap_pdb_parallel_compact_engine.sv:218$1868 ($add).
  creating $macc model for $add$cap_pdb_parallel_compact_engine.sv:218$1874 ($add).
  creating $macc model for $add$cap_pdb_parallel_compact_engine.sv:218$1880 ($add).
  creating $macc model for $add$cap_pdb_parallel_compact_engine.sv:218$1886 ($add).
  creating $macc model for $add$cap_pdb_parallel_compact_engine.sv:218$1892 ($add).
  creating $macc model for $add$cap_pdb_parallel_compact_engine.sv:218$1898 ($add).
  creating $macc model for $add$cap_pdb_parallel_compact_engine.sv:218$1904 ($add).
  creating $macc model for $add$cap_pdb_parallel_compact_engine.sv:218$1910 ($add).
  creating $macc model for $add$cap_pdb_parallel_compact_engine.sv:218$1916 ($add).
  creating $macc model for $add$cap_pdb_parallel_compact_engine.sv:218$1922 ($add).
  creating $macc model for $add$cap_pdb_parallel_compact_engine.sv:218$1928 ($add).
  creating $macc model for $add$cap_pdb_parallel_compact_engine.sv:218$1934 ($add).
  creating $macc model for $add$cap_pdb_parallel_compact_engine.sv:218$1940 ($add).
  creating $macc model for $add$cap_pdb_parallel_compact_engine.sv:218$1946 ($add).
  creating $macc model for $add$cap_pdb_parallel_compact_engine.sv:218$1952 ($add).
  creating $macc model for $add$cap_pdb_parallel_compact_engine.sv:218$1958 ($add).
  creating $macc model for $add$cap_pdb_parallel_compact_engine.sv:218$1964 ($add).
  creating $macc model for $add$cap_pdb_parallel_compact_engine.sv:218$1970 ($add).
  creating $macc model for $add$cap_pdb_parallel_compact_engine.sv:218$1976 ($add).
  creating $macc model for $add$cap_pdb_parallel_compact_engine.sv:218$1982 ($add).
  creating $macc model for $add$cap_pdb_parallel_compact_engine.sv:218$1988 ($add).
  creating $macc model for $add$cap_pdb_parallel_compact_engine.sv:218$1994 ($add).
  creating $macc model for $add$cap_pdb_parallel_compact_engine.sv:218$2000 ($add).
  creating $macc model for $add$cap_pdb_parallel_compact_engine.sv:218$2006 ($add).
  creating $macc model for $add$cap_pdb_parallel_compact_engine.sv:218$2012 ($add).
  creating $macc model for $add$cap_pdb_parallel_compact_engine.sv:218$2018 ($add).
  creating $macc model for $add$cap_pdb_parallel_compact_engine.sv:218$2024 ($add).
  creating $macc model for $add$cap_pdb_parallel_compact_engine.sv:218$2030 ($add).
  creating $macc model for $add$cap_pdb_parallel_compact_engine.sv:218$2036 ($add).
  creating $macc model for $add$cap_pdb_parallel_compact_engine.sv:245$2047 ($add).
  creating $macc model for $add$cap_pdb_parallel_compact_engine.sv:245$2050 ($add).
  creating $macc model for $add$cap_pdb_parallel_compact_engine.sv:245$2053 ($add).
  creating $macc model for $add$cap_pdb_parallel_compact_engine.sv:245$2056 ($add).
  creating $macc model for $add$cap_pdb_parallel_compact_engine.sv:245$2059 ($add).
  creating $macc model for $add$cap_pdb_parallel_compact_engine.sv:245$2062 ($add).
  creating $macc model for $add$cap_pdb_parallel_compact_engine.sv:245$2065 ($add).
  creating $macc model for $add$cap_pdb_parallel_compact_engine.sv:245$2068 ($add).
  creating $macc model for $add$cap_pdb_parallel_compact_engine.sv:245$2071 ($add).
  creating $macc model for $add$cap_pdb_parallel_compact_engine.sv:245$2074 ($add).
  creating $macc model for $add$cap_pdb_parallel_compact_engine.sv:245$2077 ($add).
  creating $macc model for $add$cap_pdb_parallel_compact_engine.sv:245$2080 ($add).
  creating $macc model for $add$cap_pdb_parallel_compact_engine.sv:264$2082 ($add).
  creating $macc model for $add$cap_pdb_parallel_compact_engine.sv:166$1415 ($add).
  merging $macc model for $add$cap_pdb_parallel_compact_engine.sv:245$2077 into $add$cap_pdb_parallel_compact_engine.sv:245$2080.
  merging $macc model for $add$cap_pdb_parallel_compact_engine.sv:245$2074 into $add$cap_pdb_parallel_compact_engine.sv:245$2080.
  merging $macc model for $add$cap_pdb_parallel_compact_engine.sv:245$2071 into $add$cap_pdb_parallel_compact_engine.sv:245$2080.
  merging $macc model for $add$cap_pdb_parallel_compact_engine.sv:245$2068 into $add$cap_pdb_parallel_compact_engine.sv:245$2080.
  merging $macc model for $add$cap_pdb_parallel_compact_engine.sv:245$2065 into $add$cap_pdb_parallel_compact_engine.sv:245$2080.
  merging $macc model for $add$cap_pdb_parallel_compact_engine.sv:245$2062 into $add$cap_pdb_parallel_compact_engine.sv:245$2080.
  merging $macc model for $add$cap_pdb_parallel_compact_engine.sv:245$2059 into $add$cap_pdb_parallel_compact_engine.sv:245$2080.
  merging $macc model for $add$cap_pdb_parallel_compact_engine.sv:245$2056 into $add$cap_pdb_parallel_compact_engine.sv:245$2080.
  merging $macc model for $add$cap_pdb_parallel_compact_engine.sv:245$2053 into $add$cap_pdb_parallel_compact_engine.sv:245$2080.
  merging $macc model for $add$cap_pdb_parallel_compact_engine.sv:245$2050 into $add$cap_pdb_parallel_compact_engine.sv:245$2080.
  merging $macc model for $add$cap_pdb_parallel_compact_engine.sv:245$2047 into $add$cap_pdb_parallel_compact_engine.sv:245$2080.
  creating $alu model for $macc $add$cap_pdb_parallel_compact_engine.sv:264$2082.
  creating $alu model for $macc $add$cap_pdb_parallel_compact_engine.sv:166$1415.
  creating $alu model for $macc $add$cap_pdb_parallel_compact_engine.sv:218$2036.
  creating $alu model for $macc $add$cap_pdb_parallel_compact_engine.sv:218$2030.
  creating $alu model for $macc $add$cap_pdb_parallel_compact_engine.sv:218$2024.
  creating $alu model for $macc $add$cap_pdb_parallel_compact_engine.sv:218$2018.
  creating $alu model for $macc $add$cap_pdb_parallel_compact_engine.sv:218$2012.
  creating $alu model for $macc $add$cap_pdb_parallel_compact_engine.sv:218$2006.
  creating $alu model for $macc $add$cap_pdb_parallel_compact_engine.sv:218$2000.
  creating $alu model for $macc $add$cap_pdb_parallel_compact_engine.sv:218$1994.
  creating $alu model for $macc $add$cap_pdb_parallel_compact_engine.sv:218$1988.
  creating $alu model for $macc $add$cap_pdb_parallel_compact_engine.sv:218$1982.
  creating $alu model for $macc $add$cap_pdb_parallel_compact_engine.sv:218$1976.
  creating $alu model for $macc $add$cap_pdb_parallel_compact_engine.sv:218$1970.
  creating $alu model for $macc $add$cap_pdb_parallel_compact_engine.sv:218$1964.
  creating $alu model for $macc $add$cap_pdb_parallel_compact_engine.sv:218$1958.
  creating $alu model for $macc $add$cap_pdb_parallel_compact_engine.sv:218$1952.
  creating $alu model for $macc $add$cap_pdb_parallel_compact_engine.sv:218$1946.
  creating $alu model for $macc $add$cap_pdb_parallel_compact_engine.sv:218$1940.
  creating $alu model for $macc $add$cap_pdb_parallel_compact_engine.sv:218$1934.
  creating $alu model for $macc $add$cap_pdb_parallel_compact_engine.sv:218$1928.
  creating $alu model for $macc $add$cap_pdb_parallel_compact_engine.sv:218$1922.
  creating $alu model for $macc $add$cap_pdb_parallel_compact_engine.sv:218$1916.
  creating $alu model for $macc $add$cap_pdb_parallel_compact_engine.sv:218$1910.
  creating $alu model for $macc $add$cap_pdb_parallel_compact_engine.sv:218$1904.
  creating $alu model for $macc $add$cap_pdb_parallel_compact_engine.sv:218$1898.
  creating $alu model for $macc $add$cap_pdb_parallel_compact_engine.sv:218$1892.
  creating $alu model for $macc $add$cap_pdb_parallel_compact_engine.sv:218$1886.
  creating $alu model for $macc $add$cap_pdb_parallel_compact_engine.sv:218$1880.
  creating $alu model for $macc $add$cap_pdb_parallel_compact_engine.sv:218$1874.
  creating $alu model for $macc $add$cap_pdb_parallel_compact_engine.sv:218$1868.
  creating $alu model for $macc $add$cap_pdb_parallel_compact_engine.sv:218$1862.
  creating $alu model for $macc $add$cap_pdb_parallel_compact_engine.sv:218$1856.
  creating $alu model for $macc $add$cap_pdb_parallel_compact_engine.sv:218$1850.
  creating $alu model for $macc $add$cap_pdb_parallel_compact_engine.sv:218$1844.
  creating $alu model for $macc $add$cap_pdb_parallel_compact_engine.sv:218$1838.
  creating $alu model for $macc $add$cap_pdb_parallel_compact_engine.sv:218$1832.
  creating $alu model for $macc $add$cap_pdb_parallel_compact_engine.sv:218$1826.
  creating $alu model for $macc $add$cap_pdb_parallel_compact_engine.sv:218$1820.
  creating $alu model for $macc $add$cap_pdb_parallel_compact_engine.sv:218$1814.
  creating $alu model for $macc $add$cap_pdb_parallel_compact_engine.sv:218$1808.
  creating $alu model for $macc $add$cap_pdb_parallel_compact_engine.sv:218$1802.
  creating $alu model for $macc $add$cap_pdb_parallel_compact_engine.sv:218$1796.
  creating $alu model for $macc $add$cap_pdb_parallel_compact_engine.sv:218$1790.
  creating $alu model for $macc $add$cap_pdb_parallel_compact_engine.sv:218$1784.
  creating $alu model for $macc $add$cap_pdb_parallel_compact_engine.sv:218$1778.
  creating $alu model for $macc $add$cap_pdb_parallel_compact_engine.sv:218$1772.
  creating $alu model for $macc $add$cap_pdb_parallel_compact_engine.sv:218$1766.
  creating $alu model for $macc $add$cap_pdb_parallel_compact_engine.sv:218$1760.
  creating $alu model for $macc $add$cap_pdb_parallel_compact_engine.sv:218$1754.
  creating $alu model for $macc $add$cap_pdb_parallel_compact_engine.sv:218$1748.
  creating $alu model for $macc $add$cap_pdb_parallel_compact_engine.sv:218$1742.
  creating $alu model for $macc $add$cap_pdb_parallel_compact_engine.sv:218$1736.
  creating $alu model for $macc $add$cap_pdb_parallel_compact_engine.sv:218$1730.
  creating $alu model for $macc $add$cap_pdb_parallel_compact_engine.sv:218$1724.
  creating $alu model for $macc $add$cap_pdb_parallel_compact_engine.sv:218$1718.
  creating $alu model for $macc $add$cap_pdb_parallel_compact_engine.sv:218$1712.
  creating $alu model for $macc $add$cap_pdb_parallel_compact_engine.sv:218$1706.
  creating $alu model for $macc $add$cap_pdb_parallel_compact_engine.sv:218$1700.
  creating $alu model for $macc $add$cap_pdb_parallel_compact_engine.sv:218$1694.
  creating $alu model for $macc $add$cap_pdb_parallel_compact_engine.sv:218$1688.
  creating $alu model for $macc $add$cap_pdb_parallel_compact_engine.sv:218$1682.
  creating $alu model for $macc $add$cap_pdb_parallel_compact_engine.sv:218$1676.
  creating $alu model for $macc $add$cap_pdb_parallel_compact_engine.sv:218$1670.
  creating $alu model for $macc $add$cap_pdb_parallel_compact_engine.sv:218$1664.
  creating $alu model for $macc $add$cap_pdb_parallel_compact_engine.sv:218$1658.
  creating $alu model for $macc $add$cap_pdb_parallel_compact_engine.sv:218$1652.
  creating $alu model for $macc $add$cap_pdb_parallel_compact_engine.sv:218$1646.
  creating $alu model for $macc $add$cap_pdb_parallel_compact_engine.sv:218$1640.
  creating $alu model for $macc $add$cap_pdb_parallel_compact_engine.sv:218$1634.
  creating $alu model for $macc $add$cap_pdb_parallel_compact_engine.sv:218$1628.
  creating $alu model for $macc $add$cap_pdb_parallel_compact_engine.sv:218$1622.
  creating $alu model for $macc $add$cap_pdb_parallel_compact_engine.sv:218$1616.
  creating $alu model for $macc $add$cap_pdb_parallel_compact_engine.sv:218$1610.
  creating $alu model for $macc $add$cap_pdb_parallel_compact_engine.sv:218$1604.
  creating $alu model for $macc $add$cap_pdb_parallel_compact_engine.sv:218$1598.
  creating $alu model for $macc $add$cap_pdb_parallel_compact_engine.sv:218$1592.
  creating $alu model for $macc $add$cap_pdb_parallel_compact_engine.sv:218$1586.
  creating $alu model for $macc $add$cap_pdb_parallel_compact_engine.sv:218$1580.
  creating $alu model for $macc $add$cap_pdb_parallel_compact_engine.sv:218$1574.
  creating $alu model for $macc $add$cap_pdb_parallel_compact_engine.sv:218$1568.
  creating $alu model for $macc $add$cap_pdb_parallel_compact_engine.sv:218$1562.
  creating $alu model for $macc $add$cap_pdb_parallel_compact_engine.sv:218$1556.
  creating $alu model for $macc $add$cap_pdb_parallel_compact_engine.sv:218$1550.
  creating $alu model for $macc $add$cap_pdb_parallel_compact_engine.sv:218$1544.
  creating $alu model for $macc $add$cap_pdb_parallel_compact_engine.sv:218$1538.
  creating $alu model for $macc $add$cap_pdb_parallel_compact_engine.sv:218$1532.
  creating $alu model for $macc $add$cap_pdb_parallel_compact_engine.sv:218$1526.
  creating $alu model for $macc $add$cap_pdb_parallel_compact_engine.sv:218$1520.
  creating $alu model for $macc $add$cap_pdb_parallel_compact_engine.sv:218$1514.
  creating $alu model for $macc $add$cap_pdb_parallel_compact_engine.sv:218$1508.
  creating $alu model for $macc $add$cap_pdb_parallel_compact_engine.sv:218$1502.
  creating $alu model for $macc $add$cap_pdb_parallel_compact_engine.sv:218$1496.
  creating $alu model for $macc $add$cap_pdb_parallel_compact_engine.sv:218$1490.
  creating $alu model for $macc $add$cap_pdb_parallel_compact_engine.sv:218$1484.
  creating $alu model for $macc $add$cap_pdb_parallel_compact_engine.sv:218$1478.
  creating $alu model for $macc $add$cap_pdb_parallel_compact_engine.sv:218$1472.
  creating $alu model for $macc $add$cap_pdb_parallel_compact_engine.sv:218$1466.
  creating $alu model for $macc $add$cap_pdb_parallel_compact_engine.sv:218$1460.
  creating $alu model for $macc $add$cap_pdb_parallel_compact_engine.sv:218$1454.
  creating $alu model for $macc $add$cap_pdb_parallel_compact_engine.sv:218$1448.
  creating $alu model for $macc $add$cap_pdb_parallel_compact_engine.sv:218$1442.
  creating $alu model for $macc $add$cap_pdb_parallel_compact_engine.sv:218$1436.
  creating $alu model for $macc $add$cap_pdb_parallel_compact_engine.sv:218$1430.
  creating $alu model for $macc $add$cap_pdb_parallel_compact_engine.sv:218$1424.
  creating $alu model for $macc $add$cap_pdb_parallel_compact_engine.sv:218$1418.
  creating $macc cell for $add$cap_pdb_parallel_compact_engine.sv:245$2080: $auto$alumacc.cc:382:replace_macc$6331
  creating $alu cell for $add$cap_pdb_parallel_compact_engine.sv:218$1418: $auto$alumacc.cc:512:replace_alu$6332
  creating $alu cell for $add$cap_pdb_parallel_compact_engine.sv:218$1424: $auto$alumacc.cc:512:replace_alu$6335
  creating $alu cell for $add$cap_pdb_parallel_compact_engine.sv:218$1430: $auto$alumacc.cc:512:replace_alu$6338
  creating $alu cell for $add$cap_pdb_parallel_compact_engine.sv:218$1436: $auto$alumacc.cc:512:replace_alu$6341
  creating $alu cell for $add$cap_pdb_parallel_compact_engine.sv:218$1442: $auto$alumacc.cc:512:replace_alu$6344
  creating $alu cell for $add$cap_pdb_parallel_compact_engine.sv:218$1448: $auto$alumacc.cc:512:replace_alu$6347
  creating $alu cell for $add$cap_pdb_parallel_compact_engine.sv:218$1454: $auto$alumacc.cc:512:replace_alu$6350
  creating $alu cell for $add$cap_pdb_parallel_compact_engine.sv:218$1460: $auto$alumacc.cc:512:replace_alu$6353
  creating $alu cell for $add$cap_pdb_parallel_compact_engine.sv:218$1466: $auto$alumacc.cc:512:replace_alu$6356
  creating $alu cell for $add$cap_pdb_parallel_compact_engine.sv:218$1472: $auto$alumacc.cc:512:replace_alu$6359
  creating $alu cell for $add$cap_pdb_parallel_compact_engine.sv:218$1478: $auto$alumacc.cc:512:replace_alu$6362
  creating $alu cell for $add$cap_pdb_parallel_compact_engine.sv:218$1484: $auto$alumacc.cc:512:replace_alu$6365
  creating $alu cell for $add$cap_pdb_parallel_compact_engine.sv:218$1490: $auto$alumacc.cc:512:replace_alu$6368
  creating $alu cell for $add$cap_pdb_parallel_compact_engine.sv:218$1496: $auto$alumacc.cc:512:replace_alu$6371
  creating $alu cell for $add$cap_pdb_parallel_compact_engine.sv:218$1502: $auto$alumacc.cc:512:replace_alu$6374
  creating $alu cell for $add$cap_pdb_parallel_compact_engine.sv:218$1508: $auto$alumacc.cc:512:replace_alu$6377
  creating $alu cell for $add$cap_pdb_parallel_compact_engine.sv:218$1514: $auto$alumacc.cc:512:replace_alu$6380
  creating $alu cell for $add$cap_pdb_parallel_compact_engine.sv:218$1520: $auto$alumacc.cc:512:replace_alu$6383
  creating $alu cell for $add$cap_pdb_parallel_compact_engine.sv:218$1526: $auto$alumacc.cc:512:replace_alu$6386
  creating $alu cell for $add$cap_pdb_parallel_compact_engine.sv:218$1532: $auto$alumacc.cc:512:replace_alu$6389
  creating $alu cell for $add$cap_pdb_parallel_compact_engine.sv:218$1538: $auto$alumacc.cc:512:replace_alu$6392
  creating $alu cell for $add$cap_pdb_parallel_compact_engine.sv:218$1544: $auto$alumacc.cc:512:replace_alu$6395
  creating $alu cell for $add$cap_pdb_parallel_compact_engine.sv:218$1550: $auto$alumacc.cc:512:replace_alu$6398
  creating $alu cell for $add$cap_pdb_parallel_compact_engine.sv:218$1556: $auto$alumacc.cc:512:replace_alu$6401
  creating $alu cell for $add$cap_pdb_parallel_compact_engine.sv:218$1562: $auto$alumacc.cc:512:replace_alu$6404
  creating $alu cell for $add$cap_pdb_parallel_compact_engine.sv:218$1568: $auto$alumacc.cc:512:replace_alu$6407
  creating $alu cell for $add$cap_pdb_parallel_compact_engine.sv:218$1574: $auto$alumacc.cc:512:replace_alu$6410
  creating $alu cell for $add$cap_pdb_parallel_compact_engine.sv:218$1580: $auto$alumacc.cc:512:replace_alu$6413
  creating $alu cell for $add$cap_pdb_parallel_compact_engine.sv:218$1586: $auto$alumacc.cc:512:replace_alu$6416
  creating $alu cell for $add$cap_pdb_parallel_compact_engine.sv:218$1592: $auto$alumacc.cc:512:replace_alu$6419
  creating $alu cell for $add$cap_pdb_parallel_compact_engine.sv:218$1598: $auto$alumacc.cc:512:replace_alu$6422
  creating $alu cell for $add$cap_pdb_parallel_compact_engine.sv:218$1604: $auto$alumacc.cc:512:replace_alu$6425
  creating $alu cell for $add$cap_pdb_parallel_compact_engine.sv:218$1610: $auto$alumacc.cc:512:replace_alu$6428
  creating $alu cell for $add$cap_pdb_parallel_compact_engine.sv:218$1616: $auto$alumacc.cc:512:replace_alu$6431
  creating $alu cell for $add$cap_pdb_parallel_compact_engine.sv:218$1622: $auto$alumacc.cc:512:replace_alu$6434
  creating $alu cell for $add$cap_pdb_parallel_compact_engine.sv:218$1628: $auto$alumacc.cc:512:replace_alu$6437
  creating $alu cell for $add$cap_pdb_parallel_compact_engine.sv:218$1634: $auto$alumacc.cc:512:replace_alu$6440
  creating $alu cell for $add$cap_pdb_parallel_compact_engine.sv:218$1640: $auto$alumacc.cc:512:replace_alu$6443
  creating $alu cell for $add$cap_pdb_parallel_compact_engine.sv:218$1646: $auto$alumacc.cc:512:replace_alu$6446
  creating $alu cell for $add$cap_pdb_parallel_compact_engine.sv:218$1652: $auto$alumacc.cc:512:replace_alu$6449
  creating $alu cell for $add$cap_pdb_parallel_compact_engine.sv:218$1658: $auto$alumacc.cc:512:replace_alu$6452
  creating $alu cell for $add$cap_pdb_parallel_compact_engine.sv:218$1664: $auto$alumacc.cc:512:replace_alu$6455
  creating $alu cell for $add$cap_pdb_parallel_compact_engine.sv:218$1670: $auto$alumacc.cc:512:replace_alu$6458
  creating $alu cell for $add$cap_pdb_parallel_compact_engine.sv:218$1676: $auto$alumacc.cc:512:replace_alu$6461
  creating $alu cell for $add$cap_pdb_parallel_compact_engine.sv:218$1682: $auto$alumacc.cc:512:replace_alu$6464
  creating $alu cell for $add$cap_pdb_parallel_compact_engine.sv:218$1688: $auto$alumacc.cc:512:replace_alu$6467
  creating $alu cell for $add$cap_pdb_parallel_compact_engine.sv:218$1694: $auto$alumacc.cc:512:replace_alu$6470
  creating $alu cell for $add$cap_pdb_parallel_compact_engine.sv:218$1700: $auto$alumacc.cc:512:replace_alu$6473
  creating $alu cell for $add$cap_pdb_parallel_compact_engine.sv:218$1706: $auto$alumacc.cc:512:replace_alu$6476
  creating $alu cell for $add$cap_pdb_parallel_compact_engine.sv:218$1712: $auto$alumacc.cc:512:replace_alu$6479
  creating $alu cell for $add$cap_pdb_parallel_compact_engine.sv:218$1718: $auto$alumacc.cc:512:replace_alu$6482
  creating $alu cell for $add$cap_pdb_parallel_compact_engine.sv:218$1724: $auto$alumacc.cc:512:replace_alu$6485
  creating $alu cell for $add$cap_pdb_parallel_compact_engine.sv:218$1730: $auto$alumacc.cc:512:replace_alu$6488
  creating $alu cell for $add$cap_pdb_parallel_compact_engine.sv:218$1736: $auto$alumacc.cc:512:replace_alu$6491
  creating $alu cell for $add$cap_pdb_parallel_compact_engine.sv:218$1742: $auto$alumacc.cc:512:replace_alu$6494
  creating $alu cell for $add$cap_pdb_parallel_compact_engine.sv:218$1748: $auto$alumacc.cc:512:replace_alu$6497
  creating $alu cell for $add$cap_pdb_parallel_compact_engine.sv:218$1754: $auto$alumacc.cc:512:replace_alu$6500
  creating $alu cell for $add$cap_pdb_parallel_compact_engine.sv:218$1760: $auto$alumacc.cc:512:replace_alu$6503
  creating $alu cell for $add$cap_pdb_parallel_compact_engine.sv:218$1766: $auto$alumacc.cc:512:replace_alu$6506
  creating $alu cell for $add$cap_pdb_parallel_compact_engine.sv:218$1772: $auto$alumacc.cc:512:replace_alu$6509
  creating $alu cell for $add$cap_pdb_parallel_compact_engine.sv:218$1778: $auto$alumacc.cc:512:replace_alu$6512
  creating $alu cell for $add$cap_pdb_parallel_compact_engine.sv:218$1784: $auto$alumacc.cc:512:replace_alu$6515
  creating $alu cell for $add$cap_pdb_parallel_compact_engine.sv:218$1790: $auto$alumacc.cc:512:replace_alu$6518
  creating $alu cell for $add$cap_pdb_parallel_compact_engine.sv:218$1796: $auto$alumacc.cc:512:replace_alu$6521
  creating $alu cell for $add$cap_pdb_parallel_compact_engine.sv:218$1802: $auto$alumacc.cc:512:replace_alu$6524
  creating $alu cell for $add$cap_pdb_parallel_compact_engine.sv:218$1808: $auto$alumacc.cc:512:replace_alu$6527
  creating $alu cell for $add$cap_pdb_parallel_compact_engine.sv:218$1814: $auto$alumacc.cc:512:replace_alu$6530
  creating $alu cell for $add$cap_pdb_parallel_compact_engine.sv:218$1820: $auto$alumacc.cc:512:replace_alu$6533
  creating $alu cell for $add$cap_pdb_parallel_compact_engine.sv:218$1826: $auto$alumacc.cc:512:replace_alu$6536
  creating $alu cell for $add$cap_pdb_parallel_compact_engine.sv:218$1832: $auto$alumacc.cc:512:replace_alu$6539
  creating $alu cell for $add$cap_pdb_parallel_compact_engine.sv:218$1838: $auto$alumacc.cc:512:replace_alu$6542
  creating $alu cell for $add$cap_pdb_parallel_compact_engine.sv:218$1844: $auto$alumacc.cc:512:replace_alu$6545
  creating $alu cell for $add$cap_pdb_parallel_compact_engine.sv:218$1850: $auto$alumacc.cc:512:replace_alu$6548
  creating $alu cell for $add$cap_pdb_parallel_compact_engine.sv:218$1856: $auto$alumacc.cc:512:replace_alu$6551
  creating $alu cell for $add$cap_pdb_parallel_compact_engine.sv:218$1862: $auto$alumacc.cc:512:replace_alu$6554
  creating $alu cell for $add$cap_pdb_parallel_compact_engine.sv:218$1868: $auto$alumacc.cc:512:replace_alu$6557
  creating $alu cell for $add$cap_pdb_parallel_compact_engine.sv:218$1874: $auto$alumacc.cc:512:replace_alu$6560
  creating $alu cell for $add$cap_pdb_parallel_compact_engine.sv:218$1880: $auto$alumacc.cc:512:replace_alu$6563
  creating $alu cell for $add$cap_pdb_parallel_compact_engine.sv:218$1886: $auto$alumacc.cc:512:replace_alu$6566
  creating $alu cell for $add$cap_pdb_parallel_compact_engine.sv:218$1892: $auto$alumacc.cc:512:replace_alu$6569
  creating $alu cell for $add$cap_pdb_parallel_compact_engine.sv:218$1898: $auto$alumacc.cc:512:replace_alu$6572
  creating $alu cell for $add$cap_pdb_parallel_compact_engine.sv:218$1904: $auto$alumacc.cc:512:replace_alu$6575
  creating $alu cell for $add$cap_pdb_parallel_compact_engine.sv:218$1910: $auto$alumacc.cc:512:replace_alu$6578
  creating $alu cell for $add$cap_pdb_parallel_compact_engine.sv:218$1916: $auto$alumacc.cc:512:replace_alu$6581
  creating $alu cell for $add$cap_pdb_parallel_compact_engine.sv:218$1922: $auto$alumacc.cc:512:replace_alu$6584
  creating $alu cell for $add$cap_pdb_parallel_compact_engine.sv:218$1928: $auto$alumacc.cc:512:replace_alu$6587
  creating $alu cell for $add$cap_pdb_parallel_compact_engine.sv:218$1934: $auto$alumacc.cc:512:replace_alu$6590
  creating $alu cell for $add$cap_pdb_parallel_compact_engine.sv:218$1940: $auto$alumacc.cc:512:replace_alu$6593
  creating $alu cell for $add$cap_pdb_parallel_compact_engine.sv:218$1946: $auto$alumacc.cc:512:replace_alu$6596
  creating $alu cell for $add$cap_pdb_parallel_compact_engine.sv:218$1952: $auto$alumacc.cc:512:replace_alu$6599
  creating $alu cell for $add$cap_pdb_parallel_compact_engine.sv:218$1958: $auto$alumacc.cc:512:replace_alu$6602
  creating $alu cell for $add$cap_pdb_parallel_compact_engine.sv:218$1964: $auto$alumacc.cc:512:replace_alu$6605
  creating $alu cell for $add$cap_pdb_parallel_compact_engine.sv:218$1970: $auto$alumacc.cc:512:replace_alu$6608
  creating $alu cell for $add$cap_pdb_parallel_compact_engine.sv:218$1976: $auto$alumacc.cc:512:replace_alu$6611
  creating $alu cell for $add$cap_pdb_parallel_compact_engine.sv:218$1982: $auto$alumacc.cc:512:replace_alu$6614
  creating $alu cell for $add$cap_pdb_parallel_compact_engine.sv:218$1988: $auto$alumacc.cc:512:replace_alu$6617
  creating $alu cell for $add$cap_pdb_parallel_compact_engine.sv:218$1994: $auto$alumacc.cc:512:replace_alu$6620
  creating $alu cell for $add$cap_pdb_parallel_compact_engine.sv:218$2000: $auto$alumacc.cc:512:replace_alu$6623
  creating $alu cell for $add$cap_pdb_parallel_compact_engine.sv:218$2006: $auto$alumacc.cc:512:replace_alu$6626
  creating $alu cell for $add$cap_pdb_parallel_compact_engine.sv:218$2012: $auto$alumacc.cc:512:replace_alu$6629
  creating $alu cell for $add$cap_pdb_parallel_compact_engine.sv:218$2018: $auto$alumacc.cc:512:replace_alu$6632
  creating $alu cell for $add$cap_pdb_parallel_compact_engine.sv:218$2024: $auto$alumacc.cc:512:replace_alu$6635
  creating $alu cell for $add$cap_pdb_parallel_compact_engine.sv:218$2030: $auto$alumacc.cc:512:replace_alu$6638
  creating $alu cell for $add$cap_pdb_parallel_compact_engine.sv:218$2036: $auto$alumacc.cc:512:replace_alu$6641
  creating $alu cell for $add$cap_pdb_parallel_compact_engine.sv:166$1415: $auto$alumacc.cc:512:replace_alu$6644
  creating $alu cell for $add$cap_pdb_parallel_compact_engine.sv:264$2082: $auto$alumacc.cc:512:replace_alu$6647
  created 106 $alu and 1 $macc cells.

5.25. Executing SHARE pass (SAT-based resource sharing).

5.26. Executing OPT pass (performing simple optimizations).

5.26.1. Executing OPT_EXPR pass (perform const folding).
Optimizing module $paramod$b5bfe1d4fce40940586b6e35fec61194ae5a8fde\cap_pdb_state_wide_bank.
Optimizing module $paramod$cbc3189b30a0f0ae8c16e45df15b3f5a54303a8f\cap_pdb_masked_min32.
<suppressed ~527 debug messages>
Optimizing module cap_pdb_parallel_compact_allocation_engine.
<suppressed ~221 debug messages>

5.26.2. Executing OPT_MERGE pass (detect identical cells).
Finding identical cells in module `$paramod$b5bfe1d4fce40940586b6e35fec61194ae5a8fde\cap_pdb_state_wide_bank'.
Computing hashes of 6 cells of `$paramod$b5bfe1d4fce40940586b6e35fec61194ae5a8fde\cap_pdb_state_wide_bank'.
Finding duplicate cells in `$paramod$b5bfe1d4fce40940586b6e35fec61194ae5a8fde\cap_pdb_state_wide_bank'.
Finding identical cells in module `$paramod$cbc3189b30a0f0ae8c16e45df15b3f5a54303a8f\cap_pdb_masked_min32'.
Computing hashes of 2512 cells of `$paramod$cbc3189b30a0f0ae8c16e45df15b3f5a54303a8f\cap_pdb_masked_min32'.
Finding duplicate cells in `$paramod$cbc3189b30a0f0ae8c16e45df15b3f5a54303a8f\cap_pdb_masked_min32'.
Finding identical cells in module `\cap_pdb_parallel_compact_allocation_engine'.
Computing hashes of 2025 cells of `\cap_pdb_parallel_compact_allocation_engine'.
Finding duplicate cells in `\cap_pdb_parallel_compact_allocation_engine'.
Removed a total of 0 cells.

5.26.3. Executing OPT_MUXTREE pass (detect dead branches in mux trees).
Running muxtree optimizer on module $paramod$b5bfe1d4fce40940586b6e35fec61194ae5a8fde\cap_pdb_state_wide_bank..
  Creating internal representation of mux trees.
  Evaluating internal representation of mux trees.
  Analyzing evaluation results.
Running muxtree optimizer on module $paramod$cbc3189b30a0f0ae8c16e45df15b3f5a54303a8f\cap_pdb_masked_min32..
  Creating internal representation of mux trees.
  Evaluating internal representation of mux trees.
  Analyzing evaluation results.
Running muxtree optimizer on module \cap_pdb_parallel_compact_allocation_engine..
  Creating internal representation of mux trees.
  Evaluating internal representation of mux trees.
  Analyzing evaluation results.
Removed 0 multiplexer ports.
<suppressed ~409 debug messages>

5.26.4. Executing OPT_REDUCE pass (consolidate $*mux and $reduce_* inputs).
  Optimizing cells in module $paramod$b5bfe1d4fce40940586b6e35fec61194ae5a8fde\cap_pdb_state_wide_bank.
  Optimizing cells in module $paramod$cbc3189b30a0f0ae8c16e45df15b3f5a54303a8f\cap_pdb_masked_min32.
  Optimizing cells in module \cap_pdb_parallel_compact_allocation_engine.
Performed a total of 0 changes.

5.26.5. Executing OPT_MERGE pass (detect identical cells).
Finding identical cells in module `$paramod$b5bfe1d4fce40940586b6e35fec61194ae5a8fde\cap_pdb_state_wide_bank'.
Computing hashes of 6 cells of `$paramod$b5bfe1d4fce40940586b6e35fec61194ae5a8fde\cap_pdb_state_wide_bank'.
Finding duplicate cells in `$paramod$b5bfe1d4fce40940586b6e35fec61194ae5a8fde\cap_pdb_state_wide_bank'.
Finding identical cells in module `$paramod$cbc3189b30a0f0ae8c16e45df15b3f5a54303a8f\cap_pdb_masked_min32'.
Computing hashes of 2512 cells of `$paramod$cbc3189b30a0f0ae8c16e45df15b3f5a54303a8f\cap_pdb_masked_min32'.
Finding duplicate cells in `$paramod$cbc3189b30a0f0ae8c16e45df15b3f5a54303a8f\cap_pdb_masked_min32'.
Finding identical cells in module `\cap_pdb_parallel_compact_allocation_engine'.
Computing hashes of 2025 cells of `\cap_pdb_parallel_compact_allocation_engine'.
Finding duplicate cells in `\cap_pdb_parallel_compact_allocation_engine'.
Removed a total of 0 cells.

5.26.6. Executing OPT_DFF pass (perform DFF optimizations).

5.26.7. Executing OPT_CLEAN pass (remove unused cells and wires).
Finding unused cells or wires in module $paramod$b5bfe1d4fce40940586b6e35fec61194ae5a8fde\cap_pdb_state_wide_bank..
Finding unused cells or wires in module $paramod$cbc3189b30a0f0ae8c16e45df15b3f5a54303a8f\cap_pdb_masked_min32..
Finding unused cells or wires in module \cap_pdb_parallel_compact_allocation_engine..
Removed 12 unused cells and 9280 unused wires.
<suppressed ~15 debug messages>

5.26.8. Executing OPT_EXPR pass (perform const folding).
Optimizing module $paramod$b5bfe1d4fce40940586b6e35fec61194ae5a8fde\cap_pdb_state_wide_bank.
Optimizing module $paramod$cbc3189b30a0f0ae8c16e45df15b3f5a54303a8f\cap_pdb_masked_min32.
Optimizing module cap_pdb_parallel_compact_allocation_engine.

5.26.9. Rerunning OPT passes. (Maybe there is more to do..)

5.26.10. Executing OPT_MUXTREE pass (detect dead branches in mux trees).
Running muxtree optimizer on module $paramod$b5bfe1d4fce40940586b6e35fec61194ae5a8fde\cap_pdb_state_wide_bank..
  Creating internal representation of mux trees.
  Evaluating internal representation of mux trees.
  Analyzing evaluation results.
Running muxtree optimizer on module $paramod$cbc3189b30a0f0ae8c16e45df15b3f5a54303a8f\cap_pdb_masked_min32..
  Creating internal representation of mux trees.
  Evaluating internal representation of mux trees.
  Analyzing evaluation results.
Running muxtree optimizer on module \cap_pdb_parallel_compact_allocation_engine..
  Creating internal representation of mux trees.
  Evaluating internal representation of mux trees.
  Analyzing evaluation results.
Removed 0 multiplexer ports.
<suppressed ~409 debug messages>

5.26.11. Executing OPT_REDUCE pass (consolidate $*mux and $reduce_* inputs).
  Optimizing cells in module $paramod$b5bfe1d4fce40940586b6e35fec61194ae5a8fde\cap_pdb_state_wide_bank.
  Optimizing cells in module $paramod$cbc3189b30a0f0ae8c16e45df15b3f5a54303a8f\cap_pdb_masked_min32.
  Optimizing cells in module \cap_pdb_parallel_compact_allocation_engine.
Performed a total of 0 changes.

5.26.12. Executing OPT_MERGE pass (detect identical cells).
Finding identical cells in module `$paramod$b5bfe1d4fce40940586b6e35fec61194ae5a8fde\cap_pdb_state_wide_bank'.
Computing hashes of 5 cells of `$paramod$b5bfe1d4fce40940586b6e35fec61194ae5a8fde\cap_pdb_state_wide_bank'.
Finding duplicate cells in `$paramod$b5bfe1d4fce40940586b6e35fec61194ae5a8fde\cap_pdb_state_wide_bank'.
Finding identical cells in module `$paramod$cbc3189b30a0f0ae8c16e45df15b3f5a54303a8f\cap_pdb_masked_min32'.
Computing hashes of 2512 cells of `$paramod$cbc3189b30a0f0ae8c16e45df15b3f5a54303a8f\cap_pdb_masked_min32'.
Finding duplicate cells in `$paramod$cbc3189b30a0f0ae8c16e45df15b3f5a54303a8f\cap_pdb_masked_min32'.
Finding identical cells in module `\cap_pdb_parallel_compact_allocation_engine'.
Computing hashes of 2014 cells of `\cap_pdb_parallel_compact_allocation_engine'.
Finding duplicate cells in `\cap_pdb_parallel_compact_allocation_engine'.
Removed a total of 0 cells.

5.26.13. Executing OPT_DFF pass (perform DFF optimizations).

5.26.14. Executing OPT_CLEAN pass (remove unused cells and wires).
Finding unused cells or wires in module $paramod$b5bfe1d4fce40940586b6e35fec61194ae5a8fde\cap_pdb_state_wide_bank..
Finding unused cells or wires in module $paramod$cbc3189b30a0f0ae8c16e45df15b3f5a54303a8f\cap_pdb_masked_min32..
Finding unused cells or wires in module \cap_pdb_parallel_compact_allocation_engine..

5.26.15. Executing OPT_EXPR pass (perform const folding).
Optimizing module $paramod$b5bfe1d4fce40940586b6e35fec61194ae5a8fde\cap_pdb_state_wide_bank.
Optimizing module $paramod$cbc3189b30a0f0ae8c16e45df15b3f5a54303a8f\cap_pdb_masked_min32.
Optimizing module cap_pdb_parallel_compact_allocation_engine.

5.26.16. Finished fast OPT passes. (There is nothing left to do.)

5.27. Executing MEMORY pass.

5.27.1. Executing OPT_MEM pass (optimize memories).
Performed a total of 0 transformations.

5.27.2. Executing OPT_MEM_PRIORITY pass (removing unnecessary memory write priority relations).
Performed a total of 0 transformations.

5.27.3. Executing OPT_MEM_FEEDBACK pass (finding memory read-to-write feedback paths).

5.27.4. Executing MEMORY_BMUX2ROM pass (converting muxes to ROMs).

5.27.5. Executing MEMORY_DFF pass (merging $dff cells to $memrd).

5.27.6. Executing OPT_CLEAN pass (remove unused cells and wires).
Finding unused cells or wires in module $paramod$b5bfe1d4fce40940586b6e35fec61194ae5a8fde\cap_pdb_state_wide_bank..
Finding unused cells or wires in module $paramod$cbc3189b30a0f0ae8c16e45df15b3f5a54303a8f\cap_pdb_masked_min32..
Finding unused cells or wires in module \cap_pdb_parallel_compact_allocation_engine..

5.27.7. Executing MEMORY_SHARE pass (consolidating $memrd/$memwr cells).

5.27.8. Executing OPT_MEM_WIDEN pass (optimize memories where all ports are wide).
Performed a total of 0 transformations.

5.27.9. Executing OPT_CLEAN pass (remove unused cells and wires).
Finding unused cells or wires in module $paramod$b5bfe1d4fce40940586b6e35fec61194ae5a8fde\cap_pdb_state_wide_bank..
Finding unused cells or wires in module $paramod$cbc3189b30a0f0ae8c16e45df15b3f5a54303a8f\cap_pdb_masked_min32..
Finding unused cells or wires in module \cap_pdb_parallel_compact_allocation_engine..

5.27.10. Executing MEMORY_COLLECT pass (generating $mem cells).

5.28. Executing OPT_CLEAN pass (remove unused cells and wires).
Finding unused cells or wires in module $paramod$b5bfe1d4fce40940586b6e35fec61194ae5a8fde\cap_pdb_state_wide_bank..
Finding unused cells or wires in module $paramod$cbc3189b30a0f0ae8c16e45df15b3f5a54303a8f\cap_pdb_masked_min32..
Finding unused cells or wires in module \cap_pdb_parallel_compact_allocation_engine..

5.29. Executing MEMORY_LIBMAP pass (mapping memories to cells).
found attribute 'ram_style = block' on memory $paramod$b5bfe1d4fce40940586b6e35fec61194ae5a8fde\cap_pdb_state_wide_bank.memory, forced mapping to block RAM
mapping memory $paramod$b5bfe1d4fce40940586b6e35fec61194ae5a8fde\cap_pdb_state_wide_bank.memory via $__XILINX_BLOCKRAM_SDP_
<suppressed ~1490 debug messages>

5.30. Executing TECHMAP pass (map to technology primitives).

5.30.1. Executing Verilog-2005 frontend: /share/xilinx/lutrams_xc5v_map.v
Parsing Verilog input from `/share/xilinx/lutrams_xc5v_map.v' to AST representation.
Generating RTLIL representation for module `$__XILINX_LUTRAM_SP_'.
Generating RTLIL representation for module `$__XILINX_LUTRAM_DP_'.
Generating RTLIL representation for module `$__XILINX_LUTRAM_QP_'.
Generating RTLIL representation for module `$__XILINX_LUTRAM_OP_'.
Generating RTLIL representation for module `$__XILINX_LUTRAM_SDP_'.
Generating RTLIL representation for module `$__XILINX_LUTRAM_64X8SW_'.
Generating RTLIL representation for module `$__XILINX_LUTRAM_32X16DR8_'.
Successfully finished Verilog frontend.

5.30.2. Continuing TECHMAP pass.
No more expansions possible.
<suppressed ~9 debug messages>

5.31. Executing TECHMAP pass (map to technology primitives).

5.31.1. Executing Verilog-2005 frontend: /share/xilinx/brams_xc6v_map.v
Parsing Verilog input from `/share/xilinx/brams_xc6v_map.v' to AST representation.
Generating RTLIL representation for module `$__XILINX_BLOCKRAM_TDP_'.
Generating RTLIL representation for module `$__XILINX_BLOCKRAM_SDP_'.
Successfully finished Verilog frontend.

5.31.2. Continuing TECHMAP pass.
Using template $paramod$c1bd90735c5c5bb498202293dba419900b8a996d$__XILINX_BLOCKRAM_SDP_ for cells of type $__XILINX_BLOCKRAM_SDP_.
No more expansions possible.
<suppressed ~48 debug messages>

5.32. Executing OPT pass (performing simple optimizations).

5.32.1. Executing OPT_EXPR pass (perform const folding).
Optimizing module $paramod$b5bfe1d4fce40940586b6e35fec61194ae5a8fde\cap_pdb_state_wide_bank.
<suppressed ~3 debug messages>
Optimizing module $paramod$cbc3189b30a0f0ae8c16e45df15b3f5a54303a8f\cap_pdb_masked_min32.
Optimizing module cap_pdb_parallel_compact_allocation_engine.
<suppressed ~67 debug messages>

5.32.2. Executing OPT_MERGE pass (detect identical cells).
Finding identical cells in module `$paramod$b5bfe1d4fce40940586b6e35fec61194ae5a8fde\cap_pdb_state_wide_bank'.
Computing hashes of 15 cells of `$paramod$b5bfe1d4fce40940586b6e35fec61194ae5a8fde\cap_pdb_state_wide_bank'.
Finding duplicate cells in `$paramod$b5bfe1d4fce40940586b6e35fec61194ae5a8fde\cap_pdb_state_wide_bank'.
Finding identical cells in module `$paramod$cbc3189b30a0f0ae8c16e45df15b3f5a54303a8f\cap_pdb_masked_min32'.
Computing hashes of 2512 cells of `$paramod$cbc3189b30a0f0ae8c16e45df15b3f5a54303a8f\cap_pdb_masked_min32'.
Finding duplicate cells in `$paramod$cbc3189b30a0f0ae8c16e45df15b3f5a54303a8f\cap_pdb_masked_min32'.
Finding identical cells in module `\cap_pdb_parallel_compact_allocation_engine'.
Computing hashes of 1995 cells of `\cap_pdb_parallel_compact_allocation_engine'.
Finding duplicate cells in `\cap_pdb_parallel_compact_allocation_engine'.
Removed a total of 0 cells.

5.32.3. Executing OPT_DFF pass (perform DFF optimizations).

5.32.4. Executing OPT_CLEAN pass (remove unused cells and wires).
Finding unused cells or wires in module $paramod$b5bfe1d4fce40940586b6e35fec61194ae5a8fde\cap_pdb_state_wide_bank..
Finding unused cells or wires in module $paramod$cbc3189b30a0f0ae8c16e45df15b3f5a54303a8f\cap_pdb_masked_min32..
Finding unused cells or wires in module \cap_pdb_parallel_compact_allocation_engine..
Removed 0 unused cells and 279 unused wires.
<suppressed ~2 debug messages>

5.32.5. Finished fast OPT passes.

5.33. Executing MEMORY_MAP pass (converting memories to logic and flip-flops).

5.34. Executing OPT pass (performing simple optimizations).

5.34.1. Executing OPT_EXPR pass (perform const folding).
Optimizing module $paramod$b5bfe1d4fce40940586b6e35fec61194ae5a8fde\cap_pdb_state_wide_bank.
Optimizing module $paramod$cbc3189b30a0f0ae8c16e45df15b3f5a54303a8f\cap_pdb_masked_min32.
Optimizing module cap_pdb_parallel_compact_allocation_engine.
<suppressed ~1 debug messages>

5.34.2. Executing OPT_MERGE pass (detect identical cells).
Finding identical cells in module `$paramod$b5bfe1d4fce40940586b6e35fec61194ae5a8fde\cap_pdb_state_wide_bank'.
Computing hashes of 15 cells of `$paramod$b5bfe1d4fce40940586b6e35fec61194ae5a8fde\cap_pdb_state_wide_bank'.
Finding duplicate cells in `$paramod$b5bfe1d4fce40940586b6e35fec61194ae5a8fde\cap_pdb_state_wide_bank'.
Finding identical cells in module `$paramod$cbc3189b30a0f0ae8c16e45df15b3f5a54303a8f\cap_pdb_masked_min32'.
Computing hashes of 2512 cells of `$paramod$cbc3189b30a0f0ae8c16e45df15b3f5a54303a8f\cap_pdb_masked_min32'.
Finding duplicate cells in `$paramod$cbc3189b30a0f0ae8c16e45df15b3f5a54303a8f\cap_pdb_masked_min32'.
Finding identical cells in module `\cap_pdb_parallel_compact_allocation_engine'.
Computing hashes of 1995 cells of `\cap_pdb_parallel_compact_allocation_engine'.
Finding duplicate cells in `\cap_pdb_parallel_compact_allocation_engine'.
Computing hashes of 1994 cells of `\cap_pdb_parallel_compact_allocation_engine'.
Finding duplicate cells in `\cap_pdb_parallel_compact_allocation_engine'.
<suppressed ~3 debug messages>
Removed a total of 1 cells.

5.34.3. Executing OPT_MUXTREE pass (detect dead branches in mux trees).
Running muxtree optimizer on module $paramod$b5bfe1d4fce40940586b6e35fec61194ae5a8fde\cap_pdb_state_wide_bank..
  Creating internal representation of mux trees.
  No muxes found in this module.
Running muxtree optimizer on module $paramod$cbc3189b30a0f0ae8c16e45df15b3f5a54303a8f\cap_pdb_masked_min32..
  Creating internal representation of mux trees.
  Evaluating internal representation of mux trees.
  Analyzing evaluation results.
Running muxtree optimizer on module \cap_pdb_parallel_compact_allocation_engine..
  Creating internal representation of mux trees.
  Evaluating internal representation of mux trees.
  Analyzing evaluation results.
Removed 0 multiplexer ports.
<suppressed ~354 debug messages>

5.34.4. Executing OPT_REDUCE pass (consolidate $*mux and $reduce_* inputs).
  Optimizing cells in module $paramod$b5bfe1d4fce40940586b6e35fec61194ae5a8fde\cap_pdb_state_wide_bank.
  Optimizing cells in module $paramod$cbc3189b30a0f0ae8c16e45df15b3f5a54303a8f\cap_pdb_masked_min32.
  Optimizing cells in module \cap_pdb_parallel_compact_allocation_engine.
Performed a total of 0 changes.

5.34.5. Executing OPT_MERGE pass (detect identical cells).
Finding identical cells in module `$paramod$b5bfe1d4fce40940586b6e35fec61194ae5a8fde\cap_pdb_state_wide_bank'.
Computing hashes of 15 cells of `$paramod$b5bfe1d4fce40940586b6e35fec61194ae5a8fde\cap_pdb_state_wide_bank'.
Finding duplicate cells in `$paramod$b5bfe1d4fce40940586b6e35fec61194ae5a8fde\cap_pdb_state_wide_bank'.
Finding identical cells in module `$paramod$cbc3189b30a0f0ae8c16e45df15b3f5a54303a8f\cap_pdb_masked_min32'.
Computing hashes of 2512 cells of `$paramod$cbc3189b30a0f0ae8c16e45df15b3f5a54303a8f\cap_pdb_masked_min32'.
Finding duplicate cells in `$paramod$cbc3189b30a0f0ae8c16e45df15b3f5a54303a8f\cap_pdb_masked_min32'.
Finding identical cells in module `\cap_pdb_parallel_compact_allocation_engine'.
Computing hashes of 1994 cells of `\cap_pdb_parallel_compact_allocation_engine'.
Finding duplicate cells in `\cap_pdb_parallel_compact_allocation_engine'.
Removed a total of 0 cells.

5.34.6. Executing OPT_SHARE pass.

5.34.7. Executing OPT_DFF pass (perform DFF optimizations).

5.34.8. Executing OPT_CLEAN pass (remove unused cells and wires).
Finding unused cells or wires in module $paramod$b5bfe1d4fce40940586b6e35fec61194ae5a8fde\cap_pdb_state_wide_bank..
Finding unused cells or wires in module $paramod$cbc3189b30a0f0ae8c16e45df15b3f5a54303a8f\cap_pdb_masked_min32..
Finding unused cells or wires in module \cap_pdb_parallel_compact_allocation_engine..
Removed 0 unused cells and 1 unused wires.
<suppressed ~1 debug messages>

5.34.9. Executing OPT_EXPR pass (perform const folding).
Optimizing module $paramod$b5bfe1d4fce40940586b6e35fec61194ae5a8fde\cap_pdb_state_wide_bank.
Optimizing module $paramod$cbc3189b30a0f0ae8c16e45df15b3f5a54303a8f\cap_pdb_masked_min32.
Optimizing module cap_pdb_parallel_compact_allocation_engine.

5.34.10. Rerunning OPT passes. (Maybe there is more to do..)

5.34.11. Executing OPT_MUXTREE pass (detect dead branches in mux trees).
Running muxtree optimizer on module $paramod$b5bfe1d4fce40940586b6e35fec61194ae5a8fde\cap_pdb_state_wide_bank..
  Creating internal representation of mux trees.
  No muxes found in this module.
Running muxtree optimizer on module $paramod$cbc3189b30a0f0ae8c16e45df15b3f5a54303a8f\cap_pdb_masked_min32..
  Creating internal representation of mux trees.
  Evaluating internal representation of mux trees.
  Analyzing evaluation results.
Running muxtree optimizer on module \cap_pdb_parallel_compact_allocation_engine..
  Creating internal representation of mux trees.
  Evaluating internal representation of mux trees.
  Analyzing evaluation results.
Removed 0 multiplexer ports.
<suppressed ~354 debug messages>

5.34.12. Executing OPT_REDUCE pass (consolidate $*mux and $reduce_* inputs).
  Optimizing cells in module $paramod$b5bfe1d4fce40940586b6e35fec61194ae5a8fde\cap_pdb_state_wide_bank.
  Optimizing cells in module $paramod$cbc3189b30a0f0ae8c16e45df15b3f5a54303a8f\cap_pdb_masked_min32.
  Optimizing cells in module \cap_pdb_parallel_compact_allocation_engine.
Performed a total of 0 changes.

5.34.13. Executing OPT_MERGE pass (detect identical cells).
Finding identical cells in module `$paramod$b5bfe1d4fce40940586b6e35fec61194ae5a8fde\cap_pdb_state_wide_bank'.
Computing hashes of 15 cells of `$paramod$b5bfe1d4fce40940586b6e35fec61194ae5a8fde\cap_pdb_state_wide_bank'.
Finding duplicate cells in `$paramod$b5bfe1d4fce40940586b6e35fec61194ae5a8fde\cap_pdb_state_wide_bank'.
Finding identical cells in module `$paramod$cbc3189b30a0f0ae8c16e45df15b3f5a54303a8f\cap_pdb_masked_min32'.
Computing hashes of 2512 cells of `$paramod$cbc3189b30a0f0ae8c16e45df15b3f5a54303a8f\cap_pdb_masked_min32'.
Finding duplicate cells in `$paramod$cbc3189b30a0f0ae8c16e45df15b3f5a54303a8f\cap_pdb_masked_min32'.
Finding identical cells in module `\cap_pdb_parallel_compact_allocation_engine'.
Computing hashes of 1994 cells of `\cap_pdb_parallel_compact_allocation_engine'.
Finding duplicate cells in `\cap_pdb_parallel_compact_allocation_engine'.
Removed a total of 0 cells.

5.34.14. Executing OPT_SHARE pass.

5.34.15. Executing OPT_DFF pass (perform DFF optimizations).

5.34.16. Executing OPT_CLEAN pass (remove unused cells and wires).
Finding unused cells or wires in module $paramod$b5bfe1d4fce40940586b6e35fec61194ae5a8fde\cap_pdb_state_wide_bank..
Finding unused cells or wires in module $paramod$cbc3189b30a0f0ae8c16e45df15b3f5a54303a8f\cap_pdb_masked_min32..
Finding unused cells or wires in module \cap_pdb_parallel_compact_allocation_engine..

5.34.17. Executing OPT_EXPR pass (perform const folding).
Optimizing module $paramod$b5bfe1d4fce40940586b6e35fec61194ae5a8fde\cap_pdb_state_wide_bank.
Optimizing module $paramod$cbc3189b30a0f0ae8c16e45df15b3f5a54303a8f\cap_pdb_masked_min32.
Optimizing module cap_pdb_parallel_compact_allocation_engine.

5.34.18. Finished fast OPT passes. (There is nothing left to do.)

5.35. Executing XILINX_SRL pass (Xilinx shift register extraction).

5.36. Executing TECHMAP pass (map to technology primitives).

5.36.1. Executing Verilog-2005 frontend: /share/techmap.v
Parsing Verilog input from `/share/techmap.v' to AST representation.
Generating RTLIL representation for module `\_90_simplemap_bool_ops'.
Generating RTLIL representation for module `\_90_simplemap_reduce_ops'.
Generating RTLIL representation for module `\_90_simplemap_logic_ops'.
Generating RTLIL representation for module `\_90_simplemap_compare_ops'.
Generating RTLIL representation for module `\_90_simplemap_various'.
Generating RTLIL representation for module `\_90_simplemap_registers'.
Generating RTLIL representation for module `\_90_shift_ops_shr_shl_sshl_sshr'.
Generating RTLIL representation for module `\_90_shift_shiftx'.
Generating RTLIL representation for module `\_90_fa'.
Generating RTLIL representation for module `\_90_lcu_brent_kung'.
Generating RTLIL representation for module `\_90_alu'.
Generating RTLIL representation for module `\_90_macc'.
Generating RTLIL representation for module `\_90_alumacc'.
Generating RTLIL representation for module `$__div_mod_u'.
Generating RTLIL representation for module `$__div_mod_trunc'.
Generating RTLIL representation for module `\_90_div'.
Generating RTLIL representation for module `\_90_mod'.
Generating RTLIL representation for module `$__div_mod_floor'.
Generating RTLIL representation for module `\_90_divfloor'.
Generating RTLIL representation for module `\_90_modfloor'.
Generating RTLIL representation for module `\_90_pow'.
Generating RTLIL representation for module `\_90_demux'.
Generating RTLIL representation for module `\_90_lut'.
Generating RTLIL representation for module `$connect'.
Generating RTLIL representation for module `$input_port'.
Successfully finished Verilog frontend.

5.36.2. Executing Verilog-2005 frontend: /share/xilinx/arith_map.v
Parsing Verilog input from `/share/xilinx/arith_map.v' to AST representation.
Generating RTLIL representation for module `\_80_xilinx_lcu'.
Generating RTLIL representation for module `\_80_xilinx_alu'.
Successfully finished Verilog frontend.

5.36.3. Continuing TECHMAP pass.
Using template $paramod$817919053e360e32f1a00d067c5411f16a07f712\_80_xilinx_alu for cells of type $alu.
Using template $paramod$d735c1bd8e4aaeb55e846141d44dc1e2c1104582\_80_xilinx_alu for cells of type $alu.
Using extmapper maccmap for cells of type $macc_v2.
  add $1\final_group_minimum[15:0] (16 bits, unsigned)
  add \final_group_minimum (16 bits, unsigned)
  add $12\final_group_minimum[15:0] (16 bits, unsigned)
  add $11\final_group_minimum[15:0] (16 bits, unsigned)
  add $10\final_group_minimum[15:0] (16 bits, unsigned)
  add $9\final_group_minimum[15:0] (16 bits, unsigned)
  add $8\final_group_minimum[15:0] (16 bits, unsigned)
  add $7\final_group_minimum[15:0] (16 bits, unsigned)
  add $6\final_group_minimum[15:0] (16 bits, unsigned)
  add $5\final_group_minimum[15:0] (16 bits, unsigned)
  add $4\final_group_minimum[15:0] (16 bits, unsigned)
  add $3\final_group_minimum[15:0] (16 bits, unsigned)
  add $2\final_group_minimum[15:0] (16 bits, unsigned)
Using extmapper simplemap for cells of type $sdffe.
Using extmapper simplemap for cells of type $reduce_bool.
Using extmapper simplemap for cells of type $ne.
Using extmapper simplemap for cells of type $reduce_and.
Using extmapper simplemap for cells of type $sdff.
Using extmapper simplemap for cells of type $reduce_or.
Using extmapper simplemap for cells of type $not.
Using extmapper simplemap for cells of type $and.
Using extmapper simplemap for cells of type $eq.
Using extmapper simplemap for cells of type $logic_not.
Using extmapper simplemap for cells of type $dff.
Using extmapper simplemap for cells of type $or.
Using extmapper simplemap for cells of type $xnor.
Using template $paramod\_80_xilinx_lcu\WIDTH=s32'00000000000000000000000000000110 for cells of type $lcu.
Using extmapper simplemap for cells of type $logic_and.
Using extmapper simplemap for cells of type $mux.
Using template $paramod\_90_fa\WIDTH=32'00000000000000000000000000010000 for cells of type $fa.
Using template $paramod\_90_fa\WIDTH=32'00000000000000000000000000010001 for cells of type $fa.
Using template $paramod\_90_fa\WIDTH=32'00000000000000000000000000010010 for cells of type $fa.
Using template $paramod\_90_fa\WIDTH=32'00000000000000000000000000010011 for cells of type $fa.
Using template $paramod\_90_fa\WIDTH=32'00000000000000000000000000010100 for cells of type $fa.
Using template $paramod$ad0678f72e5eed11ec01a0c5d1190efdf3061355\_80_xilinx_alu for cells of type $alu.
Using extmapper simplemap for cells of type $pos.
Using extmapper simplemap for cells of type $xor.
No more expansions possible.
<suppressed ~5377 debug messages>

5.37. Executing OPT pass (performing simple optimizations).

5.37.1. Executing OPT_EXPR pass (perform const folding).
Optimizing module $paramod$b5bfe1d4fce40940586b6e35fec61194ae5a8fde\cap_pdb_state_wide_bank.
Optimizing module $paramod$cbc3189b30a0f0ae8c16e45df15b3f5a54303a8f\cap_pdb_masked_min32.
Optimizing module cap_pdb_parallel_compact_allocation_engine.
<suppressed ~12368 debug messages>

5.37.2. Executing OPT_MERGE pass (detect identical cells).
Finding identical cells in module `$paramod$b5bfe1d4fce40940586b6e35fec61194ae5a8fde\cap_pdb_state_wide_bank'.
Computing hashes of 15 cells of `$paramod$b5bfe1d4fce40940586b6e35fec61194ae5a8fde\cap_pdb_state_wide_bank'.
Finding duplicate cells in `$paramod$b5bfe1d4fce40940586b6e35fec61194ae5a8fde\cap_pdb_state_wide_bank'.
Finding identical cells in module `$paramod$cbc3189b30a0f0ae8c16e45df15b3f5a54303a8f\cap_pdb_masked_min32'.
Computing hashes of 3860 cells of `$paramod$cbc3189b30a0f0ae8c16e45df15b3f5a54303a8f\cap_pdb_masked_min32'.
Finding duplicate cells in `$paramod$cbc3189b30a0f0ae8c16e45df15b3f5a54303a8f\cap_pdb_masked_min32'.
Finding identical cells in module `\cap_pdb_parallel_compact_allocation_engine'.
Computing hashes of 24626 cells of `\cap_pdb_parallel_compact_allocation_engine'.
Finding duplicate cells in `\cap_pdb_parallel_compact_allocation_engine'.
Computing hashes of 24600 cells of `\cap_pdb_parallel_compact_allocation_engine'.
Finding duplicate cells in `\cap_pdb_parallel_compact_allocation_engine'.
Computing hashes of 24588 cells of `\cap_pdb_parallel_compact_allocation_engine'.
Finding duplicate cells in `\cap_pdb_parallel_compact_allocation_engine'.
<suppressed ~114 debug messages>
Removed a total of 38 cells.

5.37.3. Executing OPT_DFF pass (perform DFF optimizations).

5.37.4. Executing OPT_CLEAN pass (remove unused cells and wires).
Finding unused cells or wires in module $paramod$b5bfe1d4fce40940586b6e35fec61194ae5a8fde\cap_pdb_state_wide_bank..
Finding unused cells or wires in module $paramod$cbc3189b30a0f0ae8c16e45df15b3f5a54303a8f\cap_pdb_masked_min32..
Finding unused cells or wires in module \cap_pdb_parallel_compact_allocation_engine..
Removed 136 unused cells and 3060 unused wires.
<suppressed ~138 debug messages>

5.37.5. Finished fast OPT passes.

5.38. Executing IOPADMAP pass (mapping inputs/outputs to IO-PAD cells).
Mapping port cap_pdb_parallel_compact_allocation_engine.busy using OBUF.
Mapping port cap_pdb_parallel_compact_allocation_engine.clk using IBUF.
Mapping port cap_pdb_parallel_compact_allocation_engine.cycles using OBUF.
Mapping port cap_pdb_parallel_compact_allocation_engine.done using OBUF.
Mapping port cap_pdb_parallel_compact_allocation_engine.group_cost_sum using OBUF.
Mapping port cap_pdb_parallel_compact_allocation_engine.group_state using IBUF.
Mapping port cap_pdb_parallel_compact_allocation_engine.reachable_effects using IBUF.
Mapping port cap_pdb_parallel_compact_allocation_engine.right_weight using IBUF.
Mapping port cap_pdb_parallel_compact_allocation_engine.rst using IBUF.
Mapping port cap_pdb_parallel_compact_allocation_engine.start using IBUF.
Mapping port cap_pdb_parallel_compact_allocation_engine.table_wdata using IBUF.
Mapping port cap_pdb_parallel_compact_allocation_engine.table_we using IBUF.
Mapping port cap_pdb_parallel_compact_allocation_engine.table_wgroup using IBUF.
Mapping port cap_pdb_parallel_compact_allocation_engine.table_wrow using IBUF.
Mapping port cap_pdb_parallel_compact_allocation_engine.valid using OBUF.

5.39. Executing TECHMAP pass (map to technology primitives).

5.39.1. Executing Verilog-2005 frontend: /share/techmap.v
Parsing Verilog input from `/share/techmap.v' to AST representation.
Generating RTLIL representation for module `\_90_simplemap_bool_ops'.
Generating RTLIL representation for module `\_90_simplemap_reduce_ops'.
Generating RTLIL representation for module `\_90_simplemap_logic_ops'.
Generating RTLIL representation for module `\_90_simplemap_compare_ops'.
Generating RTLIL representation for module `\_90_simplemap_various'.
Generating RTLIL representation for module `\_90_simplemap_registers'.
Generating RTLIL representation for module `\_90_shift_ops_shr_shl_sshl_sshr'.
Generating RTLIL representation for module `\_90_shift_shiftx'.
Generating RTLIL representation for module `\_90_fa'.
Generating RTLIL representation for module `\_90_lcu_brent_kung'.
Generating RTLIL representation for module `\_90_alu'.
Generating RTLIL representation for module `\_90_macc'.
Generating RTLIL representation for module `\_90_alumacc'.
Generating RTLIL representation for module `$__div_mod_u'.
Generating RTLIL representation for module `$__div_mod_trunc'.
Generating RTLIL representation for module `\_90_div'.
Generating RTLIL representation for module `\_90_mod'.
Generating RTLIL representation for module `$__div_mod_floor'.
Generating RTLIL representation for module `\_90_divfloor'.
Generating RTLIL representation for module `\_90_modfloor'.
Generating RTLIL representation for module `\_90_pow'.
Generating RTLIL representation for module `\_90_demux'.
Generating RTLIL representation for module `\_90_lut'.
Generating RTLIL representation for module `$connect'.
Generating RTLIL representation for module `$input_port'.
Successfully finished Verilog frontend.

5.39.2. Executing Verilog-2005 frontend: /share/xilinx/cells_map.v
Parsing Verilog input from `/share/xilinx/cells_map.v' to AST representation.
Generating RTLIL representation for module `$__SHREG_'.
Generating RTLIL representation for module `$__XILINX_SHREG_'.
Generating RTLIL representation for module `$__XILINX_MUXF78'.
Successfully finished Verilog frontend.

5.39.3. Continuing TECHMAP pass.
No more expansions possible.
<suppressed ~80 debug messages>
Removed 0 unused cells and 1 unused wires.

5.40. Executing DFFLEGALIZE pass (convert FFs to types supported by the target).

5.41. Executing OPT_EXPR pass (perform const folding).
Optimizing module $paramod$b5bfe1d4fce40940586b6e35fec61194ae5a8fde\cap_pdb_state_wide_bank.
Optimizing module $paramod$cbc3189b30a0f0ae8c16e45df15b3f5a54303a8f\cap_pdb_masked_min32.
Optimizing module cap_pdb_parallel_compact_allocation_engine.

5.42. Executing ABC pass (technology mapping using ABC).

5.42.1. Extracting gate netlist of module `$paramod$b5bfe1d4fce40940586b6e35fec61194ae5a8fde\cap_pdb_state_wide_bank' to `<abc-temp-dir>/input.blif'..

5.42.1.1. Executed ABC.
Extracted 0 gates and 0 wires to a netlist network with 0 inputs and 0 outputs.
Don't call ABC as there is nothing to map.
Removing temp directory.

5.42.2. Extracting gate netlist of module `$paramod$cbc3189b30a0f0ae8c16e45df15b3f5a54303a8f\cap_pdb_masked_min32' to `<abc-temp-dir>/input.blif'..

5.42.2.1. Executed ABC.
Extracted 3798 gates and 4374 wires to a netlist network with 575 inputs and 388 outputs.
Running ABC script: <abc-temp-dir>/abc.script
ABC: ======== ABC command line "source <abc-temp-dir>/abc.script"
ABC: + read_blif <abc-temp-dir>/input.blif
ABC: + read_lut <abc-temp-dir>/lutdefs.txt
ABC: + strash
ABC: + &get -n
ABC: + &fraig -x
ABC: + &put
ABC: + scorr
ABC: Warning: The network is combinational (run "fraig" or "fraig_sweep").
ABC: + dc2
ABC: + dretime
ABC: + strash
ABC: + dch -f
ABC: + if
ABC: + mfs2
ABC: + write_blif <abc-temp-dir>/output.blif

5.42.2.2. Re-integrating ABC results.
ABC RESULTS:              $lut cells:     1137
ABC RESULTS:        internal signals:     3411
ABC RESULTS:           input signals:      575
ABC RESULTS:          output signals:      388
Removing temp directory.

5.42.3. Extracting gate netlist of module `\cap_pdb_parallel_compact_allocation_engine' to `<abc-temp-dir>/input.blif'..

5.42.3.1. Executed ABC.
Extracted 22888 gates and 27587 wires to a netlist network with 4697 inputs and 4588 outputs.
Running ABC script: <abc-temp-dir>/abc.script
ABC: ======== ABC command line "source <abc-temp-dir>/abc.script"
ABC: + read_blif <abc-temp-dir>/input.blif
ABC: + read_lut <abc-temp-dir>/lutdefs.txt
ABC: + strash
ABC: + &get -n
ABC: + &fraig -x
ABC: + &put
ABC: + scorr
ABC: Warning: The network is combinational (run "fraig" or "fraig_sweep").
ABC: + dc2
ABC: + dretime
ABC: + strash
ABC: + dch -f
ABC: + if
ABC: + mfs2
ABC: + write_blif <abc-temp-dir>/output.blif

5.42.3.2. Re-integrating ABC results.
ABC RESULTS:              $lut cells:     7560
ABC RESULTS:        internal signals:    18302
ABC RESULTS:           input signals:     4697
ABC RESULTS:          output signals:     4588
Removing temp directory.
Removing global temp directory.
Removed 0 unused cells and 12928 unused wires.

5.43. Executing TECHMAP pass (map to technology primitives).

5.43.1. Executing Verilog-2005 frontend: /share/xilinx/ff_map.v
Parsing Verilog input from `/share/xilinx/ff_map.v' to AST representation.
Generating RTLIL representation for module `$_DFFE_NP0P_'.
Generating RTLIL representation for module `$_DFFE_PP0P_'.
Generating RTLIL representation for module `$_DFFE_NP1P_'.
Generating RTLIL representation for module `$_DFFE_PP1P_'.
Generating RTLIL representation for module `$_DFFSRE_NPPP_'.
Generating RTLIL representation for module `$_DFFSRE_PPPP_'.
Generating RTLIL representation for module `$_SDFFE_NP0P_'.
Generating RTLIL representation for module `$_SDFFE_PP0P_'.
Generating RTLIL representation for module `$_SDFFE_NP1P_'.
Generating RTLIL representation for module `$_SDFFE_PP1P_'.
Generating RTLIL representation for module `$_DLATCH_NP0_'.
Generating RTLIL representation for module `$_DLATCH_PP0_'.
Generating RTLIL representation for module `$_DLATCH_NP1_'.
Generating RTLIL representation for module `$_DLATCH_PP1_'.
Generating RTLIL representation for module `$_DLATCH_NPP_'.
Generating RTLIL representation for module `$_DLATCH_PPP_'.
Successfully finished Verilog frontend.

5.43.2. Continuing TECHMAP pass.
Using template $paramod$_SDFFE_PP0P_\_TECHMAP_WIREINIT_Q_=1'x for cells of type $_SDFFE_PP0P_.
Using template $paramod$_SDFFE_PP1P_\_TECHMAP_WIREINIT_Q_=1'x for cells of type $_SDFFE_PP1P_.
No more expansions possible.
<suppressed ~710 debug messages>

5.44. Executing XILINX_SRL pass (Xilinx shift register extraction).

5.45. Executing TECHMAP pass (map to technology primitives).

5.45.1. Executing Verilog-2005 frontend: /share/xilinx/lut_map.v
Parsing Verilog input from `/share/xilinx/lut_map.v' to AST representation.
Generating RTLIL representation for module `$lut'.
Successfully finished Verilog frontend.

5.45.2. Executing Verilog-2005 frontend: /share/xilinx/cells_map.v
Parsing Verilog input from `/share/xilinx/cells_map.v' to AST representation.
Generating RTLIL representation for module `$__SHREG_'.
Generating RTLIL representation for module `$__XILINX_SHREG_'.
Generating RTLIL representation for module `$__XILINX_MUXF78'.
Successfully finished Verilog frontend.

5.45.3. Continuing TECHMAP pass.
Using template $paramod$lut\WIDTH=32'00000000000000000000000000000001\LUT=2'01 for cells of type $lut.
Using template $paramod$658b9ed803f0d3d335616d3858b53e0a2522f1e8$lut for cells of type $lut.
Using template $paramod$fd3ed3a223484aac184d1b7412ec4cfe4ca64c32$lut for cells of type $lut.
Using template $paramod$fe89c52e83c5b0456317806a3190c48a5e8494e5$lut for cells of type $lut.
Using template $paramod$lut\WIDTH=32'00000000000000000000000000000011\LUT=8'00001110 for cells of type $lut.
Using template $paramod$lut\WIDTH=32'00000000000000000000000000000010\LUT=4'0100 for cells of type $lut.
Using template $paramod$lut\WIDTH=32'00000000000000000000000000000010\LUT=4'0001 for cells of type $lut.
Using template $paramod$3a456086f9aadd68ee04d4d7afbad8c702368bc8$lut for cells of type $lut.
Using template $paramod$df0b68f8e63b2deb6710e23abd8b8ff0796d4897$lut for cells of type $lut.
Using template $paramod$9bdc414229f06e785dc8fd97a243faa9336e164a$lut for cells of type $lut.
Using template $paramod$d802bfd161a60ac6d6585cf3ee597d8274675b81$lut for cells of type $lut.
Using template $paramod$530d6b88751d1ca9547b867b22c4962dd93e699f$lut for cells of type $lut.
Using template $paramod$ee19d45db61acb4c70d938b97483a4ed4b792645$lut for cells of type $lut.
Using template $paramod$bce7a2967dbee27a571be27bd222865849844a64$lut for cells of type $lut.
Using template $paramod$147df4e0b8965217e1f6e16dadd0f41be2fbff31$lut for cells of type $lut.
Using template $paramod$3d507797ec8b10e7a96b91df34be0880011f512c$lut for cells of type $lut.
Using template $paramod$eba7de026ff587370e320127e266317dae097a89$lut for cells of type $lut.
Using template $paramod$lut\WIDTH=32'00000000000000000000000000000011\LUT=8'00001011 for cells of type $lut.
Using template $paramod$d35161d1d7976dcc02e7c7d51172431be85143b4$lut for cells of type $lut.
Using template $paramod$lut\WIDTH=32'00000000000000000000000000000010\LUT=4'1000 for cells of type $lut.
Using template $paramod$lut\WIDTH=32'00000000000000000000000000000011\LUT=8'00000001 for cells of type $lut.
Using template $paramod$c336f72d09060c9f8734030f982623117744dfdc$lut for cells of type $lut.
Using template $paramod$71f617377ea71efc1172976dc5be0acd884a512d$lut for cells of type $lut.
Using template $paramod$fcca17bb2b2f71bcbc418f3b8a1811f665e6bbd2$lut for cells of type $lut.
Using template $paramod$d6cf0a4b6f6ccd87588da28c41b5b6c258da2509$lut for cells of type $lut.
Using template $paramod$c9259688dfaffa396aaff58d59279135aa54dabb$lut for cells of type $lut.
Using template $paramod$90687826ecc50762f08b06e0c2f0be8f8b42044c$lut for cells of type $lut.
Using template $paramod$f5c5f595015aee4de78d8a59fd7b7003b8956fde$lut for cells of type $lut.
Using template $paramod$8eadbc9139801602d3711d81605e04d50401f3ec$lut for cells of type $lut.
Using template $paramod$2d9afc4fcdaefc1aa926013768e4628d50e32e31$lut for cells of type $lut.
Using template $paramod$71d951b20e73043168c1656217d126e617052faa$lut for cells of type $lut.
Using template $paramod$lut\WIDTH=32'00000000000000000000000000000011\LUT=8'01110101 for cells of type $lut.
Using template $paramod$4e7a03299d8e03d6683ea981b19001ad6b83c87b$lut for cells of type $lut.
Using template $paramod$19fb16d943e794aca09960ef04d6d01647609403$lut for cells of type $lut.
Using template $paramod$461151e91ac916adeb2782c81069438ef0e777c9$lut for cells of type $lut.
Using template $paramod$3a2a86a8926ce6a227218fe32456c354bbf9ba38$lut for cells of type $lut.
Using template $paramod$b4d0f4738a5ce50c7f36c2aa2ecc09cfb874f2b6$lut for cells of type $lut.
Using template $paramod$c06093f193b0b3a7e549062d3d1127e5b845c176$lut for cells of type $lut.
Using template $paramod$lut\WIDTH=32'00000000000000000000000000000011\LUT=8'01010111 for cells of type $lut.
Using template $paramod$a389bfa96c5077c9aedf3b034860c541086c75fa$lut for cells of type $lut.
Using template $paramod$c39b4ae3eed03ff4e0ef2a41844cc5ea3df00d09$lut for cells of type $lut.
Using template $paramod$647ce6afcae13ee3cbc0f5774d59f3d83a2d9d24$lut for cells of type $lut.
Using template $paramod$lut\WIDTH=32'00000000000000000000000000000011\LUT=8'11010000 for cells of type $lut.
Using template $paramod$fe43231c71553ccb577d53a2a7626953208468ac$lut for cells of type $lut.
Using template $paramod$lut\WIDTH=32'00000000000000000000000000000011\LUT=8'11100000 for cells of type $lut.
Using template $paramod$892f09c166ac66d081a83c58c4c973fa8f6776c4$lut for cells of type $lut.
Using template $paramod$6b122f180c4ddc2b3b87b0e9fcfbd25a5072d704$lut for cells of type $lut.
Using template $paramod$b297295e19b03521716155b85537bbe86d6a9ae6$lut for cells of type $lut.
Using template $paramod$6344b6a9e05da861a196b83f80ce4c3a000333f6$lut for cells of type $lut.
Using template $paramod$lut\WIDTH=32'00000000000000000000000000000011\LUT=8'01011101 for cells of type $lut.
Using template $paramod$f827948ca69938f9bf6ff1c1bd3ea5826dc0b97d$lut for cells of type $lut.
Using template $paramod$5afdc7428159757eedf89ce514f7efa32b31c8e7$lut for cells of type $lut.
Using template $paramod$dc41e9665158f6caac97365e95c1c2f88dcb2656$lut for cells of type $lut.
Using template $paramod$lut\WIDTH=32'00000000000000000000000000000011\LUT=8'00110101 for cells of type $lut.
Using template $paramod$lut\WIDTH=32'00000000000000000000000000000011\LUT=8'00001101 for cells of type $lut.
Using template $paramod$8e38fc8d66139c61c09a670269414f64f4447fee$lut for cells of type $lut.
Using template $paramod$179512a187da069f3b79ef6612a41e494e7d54b6$lut for cells of type $lut.
Using template $paramod$2ea1fb3c898213b517f004039e06cad8b4c83df1$lut for cells of type $lut.
Using template $paramod$lut\WIDTH=32'00000000000000000000000000000011\LUT=8'00110111 for cells of type $lut.
Using template $paramod$eeed37ce45abdda29d3e180f2d1dfc0c4c376530$lut for cells of type $lut.
Using template $paramod$f37968911bfc76a2908410ed9cd7db5eee6e7127$lut for cells of type $lut.
Using template $paramod$5df807e8cce4d1f2140a2a6e736c29fd44f5096a$lut for cells of type $lut.
Using template $paramod$5e865bea9e03392806de2a06a64f966d8342f3dd$lut for cells of type $lut.
Using template $paramod$9709783aa6b7fb87e796c8e2983d953620f244ba$lut for cells of type $lut.
Using template $paramod$2db53a3721fbc50cfac93f50f3f8ae632dcf71e4$lut for cells of type $lut.
Using template $paramod$39655fcd02de62d6d9fa1888df26313b12512549$lut for cells of type $lut.
Using template $paramod$d13eae9d961e0453afa87fe22b9af0086311fa4f$lut for cells of type $lut.
Using template $paramod$0f462d30e97e3a95497ed3ed4c5670bec4507088$lut for cells of type $lut.
Using template $paramod$a4e96f70220c8c72bfba8aef01ed46347df8de63$lut for cells of type $lut.
Using template $paramod$eb5584e2af6b6d891f3152a97d3e9007a57f0cfb$lut for cells of type $lut.
Using template $paramod$fe4be41ca99978dcdb8f8c64fa471e60bfede3a5$lut for cells of type $lut.
Using template $paramod$db5e2802f42829459be952f16c3bc37871e7f3b4$lut for cells of type $lut.
Using template $paramod$baa88887c4630803f83ac99e16ebe1294bd45a7a$lut for cells of type $lut.
Using template $paramod$19ec49f31a8d230a567aa44ce3ea81a03c101e2b$lut for cells of type $lut.
Using template $paramod$7378e969976bb1cadcab0c0652436cbf14b45280$lut for cells of type $lut.
Using template $paramod$fb5f2da6d60a3c1ead5433c070b2eb5da21d5ed5$lut for cells of type $lut.
Using template $paramod$04b674496422df8889c01c3744b94097628ccfbc$lut for cells of type $lut.
Using template $paramod$4976b5f7a7b9f6e596e742c7d9dd919d8c62448f$lut for cells of type $lut.
Using template $paramod$009cadbdbbd1337a43372665e251e4111ed5106d$lut for cells of type $lut.
Using template $paramod$40be4653294ca86bfa8ee3545fb1d4900695ff06$lut for cells of type $lut.
Using template $paramod$e1b6bee774d4af460682f04c0e22951c904ad6ba$lut for cells of type $lut.
Using template $paramod$lut\WIDTH=32'00000000000000000000000000000011\LUT=8'11001010 for cells of type $lut.
Using template $paramod$4c0945bedc48b527ee2e7bf235c7d06df5e5aec4$lut for cells of type $lut.
Using template $paramod$7c1490fc4950838968a4797fb4cffe55f929f283$lut for cells of type $lut.
Using template $paramod$1bf62ab10e48d71d6497bccacf5c70420c470fe9$lut for cells of type $lut.
Using template $paramod$9b037dc663d1a65c715228736d3f93959534a131$lut for cells of type $lut.
Using template $paramod$8f852789cac37708a0efdee66b8b4b0c25923739$lut for cells of type $lut.
Using template $paramod$17b57b92784d71a354ac65291c2fef4840db6e08$lut for cells of type $lut.
Using template $paramod$b5842fd5088a25bfd82f09bd3638f28c098211a6$lut for cells of type $lut.
Using template $paramod$59e4080f7601bb191642ff44d79058c92d9e7ca5$lut for cells of type $lut.
Using template $paramod$dd30864f24142ea461c5a2e6ea739f039359f643$lut for cells of type $lut.
Using template $paramod$f57ef67161201254e57fafa887e175f2e7aff75e$lut for cells of type $lut.
Using template $paramod$2d57d58f92daa4c74a2f50ce4395396b4a9f2708$lut for cells of type $lut.
Using template $paramod$b98dc5c6d62e7b4d43df5b1b8405cd9d5481fee5$lut for cells of type $lut.
Using template $paramod$1ba8b4da21a1564f6f07f96a1192136742a91920$lut for cells of type $lut.
Using template $paramod$34b17f77706522e1a0ca42440133f62d76a4b72f$lut for cells of type $lut.
Using template $paramod$4c95bdff5d842ab85bf332a23fe200c407cf9d5b$lut for cells of type $lut.
Using template $paramod$001d9634602f00137f774620efde4c651c7a59ca$lut for cells of type $lut.
Using template $paramod$8153092568bec0a070585c48726e5808c07f3d64$lut for cells of type $lut.
Using template $paramod$d0a31ccdbf781ccc7d7a70570616827fea78cef6$lut for cells of type $lut.
Using template $paramod$cbb2dfe31d344d3326d567c2ed5a4b2a29f63219$lut for cells of type $lut.
Using template $paramod$4da6fe9957da309dc16b8f31a6b80b19c05c808d$lut for cells of type $lut.
Using template $paramod$dd2073801c4ab0ec8d6ed613a24429db6177ad21$lut for cells of type $lut.
Using template $paramod$3e11962a137eec22ac7eac3dbd04a242c8dc35af$lut for cells of type $lut.
Using template $paramod$6e3b22478ca21c5590744f2e30b92938c4d90996$lut for cells of type $lut.
Using template $paramod$b8bc93a50860defb026422e051b1b5c80f73638b$lut for cells of type $lut.
Using template $paramod$478e4a53d21c4a6adf4356e643f2e3ccffe11b9e$lut for cells of type $lut.
Using template $paramod$e9febabab61008900112c12d7e49ba2ecba28d35$lut for cells of type $lut.
Using template $paramod$3bf1aa9c25111bb858489be91dd2f7839fce50c1$lut for cells of type $lut.
Using template $paramod$6cb380c280e54bf8f85be8a66338ba53ef59e14d$lut for cells of type $lut.
Using template $paramod$a5d7a720c1486250bee0366ba8ff996983de4b42$lut for cells of type $lut.
Using template $paramod$lut\WIDTH=32'00000000000000000000000000000010\LUT=4'1011 for cells of type $lut.
Using template $paramod$8555e23429e9c56332f9d70253ea7c9ae42cc583$lut for cells of type $lut.
Using template $paramod$e5759512db67494ff77fbdfc66dff4006376568f$lut for cells of type $lut.
Using template $paramod$3e3f8bbcfdf6c34f83da2b243179d1fb39aed53e$lut for cells of type $lut.
Using template $paramod$45d617c2ce0041e27b541f62b0fc3c3ce441a616$lut for cells of type $lut.
Using template $paramod$57372edd6dfa570c470c4ed0f815ce400d88e241$lut for cells of type $lut.
Using template $paramod$95f133dd4fdec6a5ac9b80d084b3603fe4a7af62$lut for cells of type $lut.
Using template $paramod$980253f3629a83855502886dbe42feb2aba35b9b$lut for cells of type $lut.
Using template $paramod$d233c9a83f4570357024edafbcd614f1ea37cd01$lut for cells of type $lut.
Using template $paramod$d753d1b38493bb477637ae81307d974afa599740$lut for cells of type $lut.
Using template $paramod$2a06f07e559c3ecbd6ba67a17b79a2a3e9eafb08$lut for cells of type $lut.
Using template $paramod$e0f426c20398db78434c2a1297cbcad3d1cfa2aa$lut for cells of type $lut.
Using template $paramod$5a621b016c894274d07edef48c49b401a15fd796$lut for cells of type $lut.
Using template $paramod$268070be9ed15bf369dc56689dc51c1e8015d966$lut for cells of type $lut.
Using template $paramod$b7217621c76800ca7fc51aa7873c721025eb9656$lut for cells of type $lut.
Using template $paramod$27813cad9a586a711daa58556b817040b008c0eb$lut for cells of type $lut.
Using template $paramod$a31a4d9b5f628f5e915fe1982ba1e2a83aac6599$lut for cells of type $lut.
Using template $paramod$a5423464d7fb73caf997ca9bef94eb072039ffa3$lut for cells of type $lut.
Using template $paramod$a4404e742e43b8bf8bde71df8b64cbe0c6ba02bd$lut for cells of type $lut.
Using template $paramod$fc1505c5da4faf7e1f689b59fea2e8b4d126ef72$lut for cells of type $lut.
Using template $paramod$4938bde02857d674bdfb683583bfb24c058dc287$lut for cells of type $lut.
Using template $paramod$03713b66ce96efa784f19c964b0a772654956acf$lut for cells of type $lut.
Using template $paramod$37d22a331e6ab522c91d7233bf99163e97297a5b$lut for cells of type $lut.
Using template $paramod$38f9bf4dd2329347b8471f0a98443dd323386889$lut for cells of type $lut.
Using template $paramod$18ca78a7d8a036ae5b0a1863b4811586a933a591$lut for cells of type $lut.
Using template $paramod$b50fb153b95c0f99ffd98ce08f1483b9748138a4$lut for cells of type $lut.
Using template $paramod$210d0f61f387746c4f49107392eba9e493829297$lut for cells of type $lut.
Using template $paramod$060fda82bd76c7c37fe0af23735c95b15a7d6818$lut for cells of type $lut.
Using template $paramod$4ef6e6098a3ccd9bd87660b261f7c8ebb6947c76$lut for cells of type $lut.
Using template $paramod$c1fa8e9e027d5d047243fa211f76d10e2e405a2f$lut for cells of type $lut.
Using template $paramod$bf0916c6d7935eef0257c8c924841f67bcefce14$lut for cells of type $lut.
Using template $paramod$b4410865e8124402796f9dfbf73ef8d279fdbd08$lut for cells of type $lut.
Using template $paramod$c5f3c57a6d466a2f42208bafb8985b96ce884440$lut for cells of type $lut.
Using template $paramod$2acfe2857896717e25647ffde8e560230101c869$lut for cells of type $lut.
Using template $paramod$lut\WIDTH=32'00000000000000000000000000000011\LUT=8'00000111 for cells of type $lut.
Using template $paramod$200337237619ba4c0bed9a492562f1d1b57fb569$lut for cells of type $lut.
Using template $paramod$c362ad8dedc7d166ed978091aca319ab1e81a2d4$lut for cells of type $lut.
Using template $paramod$9ae0f136c9ed34a2deb323e9b2a3a520eea61514$lut for cells of type $lut.
Using template $paramod$9cf044275e70b6dc34d2f815a6f8ffc23f9694a0$lut for cells of type $lut.
Using template $paramod$lut\WIDTH=32'00000000000000000000000000000011\LUT=8'00010000 for cells of type $lut.
Using template $paramod$e54349d9a634ecff5f53629ed023a0262d334efb$lut for cells of type $lut.
Using template $paramod$lut\WIDTH=32'00000000000000000000000000000011\LUT=8'10000000 for cells of type $lut.
Using template $paramod$6e238df02989b317f10820a22773676e71120644$lut for cells of type $lut.
Using template $paramod$7bb6a37e65823eeb4b38c370fec30ab082759a14$lut for cells of type $lut.
Using template $paramod$cf652acbfbf67d2248e3045cd0f09c58ca55886c$lut for cells of type $lut.
Using template $paramod$973818279bc95792902f3c09371fd2407d04a2a5$lut for cells of type $lut.
Using template $paramod$2e7a95e82db1d690ae9ba5d10f68b175fa2cb467$lut for cells of type $lut.
Using template $paramod$lut\WIDTH=32'00000000000000000000000000000010\LUT=4'0111 for cells of type $lut.
Using template $paramod$ae9b8abdb4f811ce37985dd5106af9cd21223954$lut for cells of type $lut.
Using template $paramod$lut\WIDTH=32'00000000000000000000000000000010\LUT=4'1110 for cells of type $lut.
Using template $paramod$5250b444ec064586d4cb3cbf57b2fc8920707f61$lut for cells of type $lut.
Using template $paramod$0a9a9e73db44f72c92950558e625b4a051258424$lut for cells of type $lut.
Using template $paramod$e67a734265b24b5a298bb20b2d3a340b564bd834$lut for cells of type $lut.
Using template $paramod$0c6b5885c408d7fee7bdcd2b7a944e5e1af1ee0a$lut for cells of type $lut.
Using template $paramod$6c2f5ee4d9711a9a0701dc5c137b14536a31e4c6$lut for cells of type $lut.
Using template $paramod$d2ef43814113ff73f9ebc73be6b7b228fcced45d$lut for cells of type $lut.
Using template $paramod$f9c112f5fe2c17715d8c265f1ad593784a1e8114$lut for cells of type $lut.
Using template $paramod$710645b9ce682a6a224eb4af498b7d54bd606638$lut for cells of type $lut.
Using template $paramod$2912c41f9c1ca8b2a34e55f5e88edda8ce956010$lut for cells of type $lut.
Using template $paramod$bbcc77815bb7d456dc75cfaaa090039d6d6b60e7$lut for cells of type $lut.
Using template $paramod$8b09f347504cfc0d3d65fbb4601497936543b1b3$lut for cells of type $lut.
Using template $paramod$3ef319efded008eed5f930491a82ee1762b3c0df$lut for cells of type $lut.
Using template $paramod$82a548f3be318d6fcd108aa50ed5930b08ca8344$lut for cells of type $lut.
Using template $paramod$371fe52b7730fd7254b5eb1e2c1182401575cbe8$lut for cells of type $lut.
Using template $paramod$b3284ebc008605c174cfcdd7480ede66cbd474e5$lut for cells of type $lut.
Using template $paramod$98fd46dece4500ea4836d6bdfed86e2dcf97581b$lut for cells of type $lut.
Using template $paramod$6220b0db9b49cef512df243b0dbceabab2e44ea3$lut for cells of type $lut.
Using template $paramod$58064ec02c801390e44dc478e073e485332571e2$lut for cells of type $lut.
Using template $paramod$778cfa89a311116b4664a0be7522bd19e4c50232$lut for cells of type $lut.
Using template $paramod$bb7ce9fcc33a05952fa29861f7b7054beffbba5e$lut for cells of type $lut.
Using template $paramod$ace97e10dcb0b0b3d54c44fafb8192e75af14061$lut for cells of type $lut.
Using template $paramod$219553feff21a9c204cd1559ccba2f8eef660228$lut for cells of type $lut.
Using template $paramod$b6808beb02fa650322edfe92a3f19185c13a82d7$lut for cells of type $lut.
Using template $paramod$bba54c1ef87367812b4c15f4aed5ac70773df775$lut for cells of type $lut.
Using template $paramod$9e3fd55c701490b21caa77cf5f257729d76e015f$lut for cells of type $lut.
Using template $paramod$4cd73c4f24a53b1f97e33f98ca91f067d791d6ee$lut for cells of type $lut.
Using template $paramod$0f87ae7ac6a533e1eca8d987742537d615308c9f$lut for cells of type $lut.
Using template $paramod$58712475ccd434cb71088143d991c5e0d80b9653$lut for cells of type $lut.
Using template $paramod$8d261c994c78b6383b6e94ac200a2f4b8653a775$lut for cells of type $lut.
Using template $paramod$9144c19a833929df3069bdb8ef26b16fee112354$lut for cells of type $lut.
Using template $paramod$4e115fda7df2e35206b57277c1e9b791162b6f83$lut for cells of type $lut.
Using template $paramod$601e548d974382bec6b5899c64d4ba810d1b929e$lut for cells of type $lut.
Using template $paramod$0208a20bd1e55a921338d6dcde93e532329eeaf2$lut for cells of type $lut.
Using template $paramod$ae20722c7e5b8993c9f405d25f2ddbce664baaf9$lut for cells of type $lut.
Using template $paramod$20c5ad12ccc49d33d0222ea30b89634b120418ca$lut for cells of type $lut.
Using template $paramod$lut\WIDTH=32'00000000000000000000000000000011\LUT=8'11111110 for cells of type $lut.
Using template $paramod$da7ba85a5b8bc259c9da58e4923c102e21ac3d85$lut for cells of type $lut.
Using template $paramod$b83f4a21de67066a01d67e0f01738171ee1ff3d8$lut for cells of type $lut.
Using template $paramod$20798777255c214e32de3304ce8faa1fdfa2f474$lut for cells of type $lut.
Using template $paramod$86d4343dcd0f12922d7670b5d67cd62ac0544b44$lut for cells of type $lut.
Using template $paramod$decd7d44aed8170c3826b15dbafe01496fe539f9$lut for cells of type $lut.
Using template $paramod$1d7cedde55e6ba00511eedca0b4f779eae9d93be$lut for cells of type $lut.
Using template $paramod$ba69a0194aedc1a531e17f4925f102a9a5c458e2$lut for cells of type $lut.
Using template $paramod$2d73cf21e7a3b53006ebbae47ecc48e73975ec46$lut for cells of type $lut.
Using template $paramod$bc2cf779e63d76e73795d1dc8ca343e3a0f2e4a7$lut for cells of type $lut.
Using template $paramod$40882341c54dcd36f630f00dd7e46a35652abd36$lut for cells of type $lut.
Using template $paramod$9b7d3c421fe4ed2fadfbfbd529ad397468e6f44a$lut for cells of type $lut.
Using template $paramod$33e58adf67c6b686a154c9ce8ebbc4b04b8cabc5$lut for cells of type $lut.
Using template $paramod$525425bfbe66d72ee88210d059d9a74f55ab8de8$lut for cells of type $lut.
Using template $paramod$0fabb2d4f00fb73a614b89cc18d14d09056d9e3e$lut for cells of type $lut.
Using template $paramod$608f40069c27841a5b3bdf03643a34bdc8974072$lut for cells of type $lut.
Using template $paramod$695bd59ec760d62fa3879b0a16d70992e44e5d0e$lut for cells of type $lut.
Using template $paramod$e7dae0e75ef88f622f9268b2d0ebd23e42ebd640$lut for cells of type $lut.
Using template $paramod$c008a0e04a619fae7dc24ad8d9ced1ac0a77c787$lut for cells of type $lut.
Using template $paramod$cd551e659545458ac7ad2d0f4c47e7c7140896c4$lut for cells of type $lut.
Using template $paramod$e6cfc2a250ad5b0b3da266fa46a057a6eca6e3d9$lut for cells of type $lut.
Using template $paramod$70584433677bebb1f97d6827c9ba85513c8c682b$lut for cells of type $lut.
Using template $paramod$3dd55233a1188a522a3b7ae699c101fcda377e96$lut for cells of type $lut.
Using template $paramod$f92ba658c38d84b8730c2c8d574e56d641649c7f$lut for cells of type $lut.
Using template $paramod$2bd28feda78d329435981a0871ae8026098b79e7$lut for cells of type $lut.
Using template $paramod$251994398653c4cf8de320f1e306e535d5d2d624$lut for cells of type $lut.
Using template $paramod$eb6def17f6bd161dd60cbf4db8f364c130a22597$lut for cells of type $lut.
Using template $paramod$a14ef4e8ccb24b5438efb2acd17364a7f086da8e$lut for cells of type $lut.
Using template $paramod$508c736203938637c83d78f25d9a9937f854667e$lut for cells of type $lut.
Using template $paramod$41e353a1fb79426df71a4406e5b37852332445b5$lut for cells of type $lut.
Using template $paramod$7ff1ce52024418603f0694d0a48ceed12acd367a$lut for cells of type $lut.
Using template $paramod$5aca8820b79faadb22325de7529454fe67da6931$lut for cells of type $lut.
Using template $paramod$6709909fcfe67290308c26f2fbfa2a1ff7f45866$lut for cells of type $lut.
Using template $paramod$c23f9e1864cebeaf5cf7954d58bc33383a1153ef$lut for cells of type $lut.
Using template $paramod$39a4626a3fa71d4139e356b84dca1b71a4ab0821$lut for cells of type $lut.
Using template $paramod$0b1e6052cff20f671c44e2829ff3ac32c0950d39$lut for cells of type $lut.
Using template $paramod$07b1b12ce0305f55108770e958fd02caedfebdf8$lut for cells of type $lut.
Using template $paramod$lut\WIDTH=32'00000000000000000000000000000011\LUT=8'00100000 for cells of type $lut.
Using template $paramod$lut\WIDTH=32'00000000000000000000000000000011\LUT=8'00000100 for cells of type $lut.
Using template $paramod$7562591c3bc7c6604ad78ee509201bbf2678b52a$lut for cells of type $lut.
Using template $paramod$0108c0b60075e9341f105ba2c49a44a94870d053$lut for cells of type $lut.
Using template $paramod$571404c0889eaf57f492cb5e37f8acb5df5852f9$lut for cells of type $lut.
Using template $paramod$272652f6c6fbe9a75eff76e45cc7e2788835518b$lut for cells of type $lut.
Using template $paramod$1a727feb4ba05702ece5a973a65418ce2556eaa7$lut for cells of type $lut.
Using template $paramod$ec532a5172c0d2e2cd700bfb0aad532a38b6f70d$lut for cells of type $lut.
Using template $paramod$9b1afb2861e46c84e3c4ed36b1ddfa2c258820d4$lut for cells of type $lut.
Using template $paramod$91eabc852f1fa480a5fe95fc63dac65527d9a58a$lut for cells of type $lut.
Using template $paramod$7cfc5fb5c3ce86041481cd3ea09fc8be89129c97$lut for cells of type $lut.
Using template $paramod$4074c8c7c80d651abba2e33f89a497548248cf36$lut for cells of type $lut.
Using template $paramod$fa4f9b366e9253c4a2a22fe16973aa8a9118e5d1$lut for cells of type $lut.
Using template $paramod$a1bd9af54deaaca17c0612b92a4da407d83d104b$lut for cells of type $lut.
Using template $paramod$928430e4f050ad30a2bf5ee1542cb65ad4486e64$lut for cells of type $lut.
Using template $paramod$14121ddfc79b1e9d3996f60e48080fb38d5018a6$lut for cells of type $lut.
Using template $paramod$1a7a480486efc550211a507b6ca42c979ebb3016$lut for cells of type $lut.
Using template $paramod$8cf3f119651e436ed48e45999dcdec9bb3372a9f$lut for cells of type $lut.
Using template $paramod$lut\WIDTH=32'00000000000000000000000000000011\LUT=8'01010011 for cells of type $lut.
Using template $paramod$dd288559789a486d7438832e5bd9f8c547318dcd$lut for cells of type $lut.
Using template $paramod$lut\WIDTH=32'00000000000000000000000000000011\LUT=8'10010110 for cells of type $lut.
Using template $paramod$f29797211bbc10389ded87c140730bb0ac5b18c9$lut for cells of type $lut.
Using template $paramod$23ebc5c51572d16ec3720e55b06a82d3c49f3af3$lut for cells of type $lut.
Using template $paramod$c456a64fe19e989eb763ac6534d34857c12718a4$lut for cells of type $lut.
Using template $paramod$0ac02ffab4ae75b52b79dc2fa0947f9130551292$lut for cells of type $lut.
Using template $paramod$1815623b7556098951f4c2b6e61dfa384c84803e$lut for cells of type $lut.
Using template $paramod$310c87a991b0f36860093cebb55ba9ba34046100$lut for cells of type $lut.
Using template $paramod$f566830f99cc6cd86ae2ab05a8000341ee25af23$lut for cells of type $lut.
Using template $paramod$183442abdd94c2ce880811c0f17474d28c7e1987$lut for cells of type $lut.
Using template $paramod$5ddb3e5fd362fb03262a0c3580c337ff6002b4e8$lut for cells of type $lut.
Using template $paramod$381c3e9e62e078f6a5f7656a7fadc1074682f468$lut for cells of type $lut.
Using template $paramod$lut\WIDTH=32'00000000000000000000000000000011\LUT=8'10110010 for cells of type $lut.
Using template $paramod$f20dc80df3124f54af6334db8b26a8ea5d2479fb$lut for cells of type $lut.
Using template $paramod$dd2d293c5a457c808823760e2678dc850c355143$lut for cells of type $lut.
Using template $paramod$759fefb288aec1bf12cae3223e8c59089c7fcc5c$lut for cells of type $lut.
Using template $paramod$lut\WIDTH=32'00000000000000000000000000000010\LUT=4'1001 for cells of type $lut.
Using template $paramod$3c7334fd59cb29254446299050bdd1fc7d99952f$lut for cells of type $lut.
Using template $paramod$891e76347cfefe738978394f6982e214e5561ae9$lut for cells of type $lut.
Using template $paramod$d109d40440ca8e9f4072b7969be85c7ea9f4efcb$lut for cells of type $lut.
Using template $paramod$cd5a3da6a19a2924909991492b4d5dc746955be4$lut for cells of type $lut.
Using template $paramod$9cd552b281440a2eaea0692c2f84b5233375d287$lut for cells of type $lut.
Using template $paramod$bcdebcacc8fc0d70b643c45f4d1674e885cf09ca$lut for cells of type $lut.
Using template $paramod$bb89eb30d2ffcdff2d9896e9363bcb9a8bbb75d5$lut for cells of type $lut.
Using template $paramod$ed056783c91223396f8bbc4430a7476e3326a2b9$lut for cells of type $lut.
Using template $paramod$ad5fa4c993dc43c3e00419e69284cb50b42316d6$lut for cells of type $lut.
Using template $paramod$lut\WIDTH=32'00000000000000000000000000000011\LUT=8'11101000 for cells of type $lut.
Using template $paramod$lut\WIDTH=32'00000000000000000000000000000011\LUT=8'01101001 for cells of type $lut.
Using template $paramod$lut\WIDTH=32'00000000000000000000000000000010\LUT=4'0110 for cells of type $lut.
Using template $paramod$6b88af12b57ed3e6382c9c3622c40d8a00fa4883$lut for cells of type $lut.
Using template $paramod$91a52896467950c4e4fe04611a762207930a69c8$lut for cells of type $lut.
Using template $paramod$e16b43a937d184108d0fd6b10ad564c9ce02b8fe$lut for cells of type $lut.
Using template $paramod$8ac5b9c4d4b4eaef537ed1dd03e76eff6d261ad3$lut for cells of type $lut.
Using template $paramod$8b8c544cce4549bea0cb3d7060a08479bf869058$lut for cells of type $lut.
Using template $paramod$5964dec528c7ded1ee9f528024feacf1107270a1$lut for cells of type $lut.
Using template $paramod$1a4987da337db4cee07843b638ea12feff347983$lut for cells of type $lut.
Using template $paramod$e958aef58dea1b912260cbf486d6db37a2443a47$lut for cells of type $lut.
Using template $paramod$c10962e8f1c82181a9b3d4d3c0d3608d2d0188de$lut for cells of type $lut.
Using template $paramod$bdec683abe8d21ee6d29d173763bff1b2684738e$lut for cells of type $lut.
Using template $paramod$fd904e9e35cfd343a9df248824bd3f1408724879$lut for cells of type $lut.
Using template $paramod$f05d4b8888c79762c43743d193b4196209b4613e$lut for cells of type $lut.
Using template $paramod$bd0a0d477b0e63593ddffae65183e1cc71d34de7$lut for cells of type $lut.
Using template $paramod$5f139771f0cdb8a940928ed208bcea7658a7b72d$lut for cells of type $lut.
Using template $paramod$2d96af5a2c84d5bd062fd0a0eabe5499231e7dac$lut for cells of type $lut.
Using template $paramod$c1ecd13b5e2feb77a725850b71cc8207f7841c40$lut for cells of type $lut.
Using template $paramod$21a9cf1c7cffed4ea7970972274e8bcced7c7005$lut for cells of type $lut.
Using template $paramod$4282def8dbd6df3d1248ad282c629bee684502c2$lut for cells of type $lut.
Using template $paramod$d07e6f78e690df8ae9a58e59314df836e41fc9c9$lut for cells of type $lut.
Using template $paramod$3898189f874535a9db3f79a5c75e82a03ed58794$lut for cells of type $lut.
Using template $paramod$4c9548574da982fe3900f27a239d6db87b4853ec$lut for cells of type $lut.
Using template $paramod$5784398f160420a838da015761d082a51332b3d2$lut for cells of type $lut.
Using template $paramod$a1c44abe5099c2bda5cf3edee8a21902aede4ce8$lut for cells of type $lut.
Using template $paramod$3e2b592da99e9688efdfabc17640870d769b1398$lut for cells of type $lut.
Using template $paramod$a3d35548c4991d9bb4d77028d5a7385dcd6f2eb4$lut for cells of type $lut.
Using template $paramod$2d01869ec8c43623856b96355d6606082360b6c9$lut for cells of type $lut.
Using template $paramod$def51e77f6457e875d72701b9bff7f2dea29fe4c$lut for cells of type $lut.
Using template $paramod$lut\WIDTH=32'00000000000000000000000000000011\LUT=8'11101111 for cells of type $lut.
Using template $paramod$359fe4e746656bf9c72aecaff84fc7bdea9f55a5$lut for cells of type $lut.
Using template $paramod$dd9ec35e5ebbf1a1b19c6f9ab9ea1135233c2f43$lut for cells of type $lut.
Using template $paramod$e84cbadb272cf6e7c0969270fa68324ae967d086$lut for cells of type $lut.
Using template $paramod$c70a1903c8f8afd45929a06a1a54552d774ce785$lut for cells of type $lut.
Using template $paramod$9d4f6d07a25f3fd6e69e2752945cb9ddf010c2ba$lut for cells of type $lut.
Using template $paramod$0515563fc34fd55e03b15f3ab3496bb839ec9303$lut for cells of type $lut.
Using template $paramod$8d083598d1e521e0c018cbb38873ad1e07cd7ec4$lut for cells of type $lut.
Using template $paramod$66a521c31814088913b7f4918e3f2457233378a6$lut for cells of type $lut.
Using template $paramod$8eb41c7dd3e946d2e3b66574f23f2c980395454e$lut for cells of type $lut.
Using template $paramod$5ca0a761b43d35f9af4fd138d09ce8f9eec7c5e1$lut for cells of type $lut.
Using template $paramod$d80d628c9e425fa9c9150804fa4d80a7460329ae$lut for cells of type $lut.
Using template $paramod$8bdbc7444e4805c84399d2fef78e34887ff14d3b$lut for cells of type $lut.
Using template $paramod$af763bca85949884aefa417266a961f9c91132de$lut for cells of type $lut.
Using template $paramod$013ce9a2c85b1546c8bfbcf14196a25554429563$lut for cells of type $lut.
Using template $paramod$498daa9936ffa1c0b12d774cacc95a35d14b818e$lut for cells of type $lut.
Using template $paramod$41326ad8644342a66dfb051d050f2b6fbf15015b$lut for cells of type $lut.
Using template $paramod$832d90ee8092be044cfd7e8727905d6261543ae0$lut for cells of type $lut.
Using template $paramod$73d15bbbd96e0172a3f5b5d616f604e95962bb2d$lut for cells of type $lut.
Using template $paramod$fd1fd8459e38fdeb3b96f56cc864c61b64c7c6d2$lut for cells of type $lut.
Using template $paramod$478e33feeac3aa53ff57d491aada044b8aedceae$lut for cells of type $lut.
Using template $paramod$41ff62965eda29858cd25755ed58c71560bbffd9$lut for cells of type $lut.
Using template $paramod$23d7c0cb527407734b49093f60afc5f491ac238f$lut for cells of type $lut.
Using template $paramod$258364be1fa0ab0cc603122687b77f8d325f87be$lut for cells of type $lut.
Using template $paramod$415c32ed7feac36fdb401957dfb1c2262cf66c1b$lut for cells of type $lut.
Using template $paramod$867e9bb8625319581cdee70a376e3d3e97d9230e$lut for cells of type $lut.
Using template $paramod$64ea9db94bd91f7d821c7712d1a7c2196090b1c5$lut for cells of type $lut.
Using template $paramod$eff6a8ddaac99d842903ca24f0901487edb28b6e$lut for cells of type $lut.
Using template $paramod$a091281cacf0bb9eed9ab1e6c8e3de6c819726d5$lut for cells of type $lut.
Using template $paramod$4dae892b4921244e25e75f05c9bbd92f52e0e7bd$lut for cells of type $lut.
Using template $paramod$868427562418b5dc988caeac6a54689ec9c9025e$lut for cells of type $lut.
Using template $paramod$5144b7ca6e4237d7e7d5ee3ebdfb612df493e5ba$lut for cells of type $lut.
Using template $paramod$06474e0ce72a847213aafcc147c7c07855b229f0$lut for cells of type $lut.
Using template $paramod$520f3ab9048f0fe05eeb4364a3059b6d89737e18$lut for cells of type $lut.
Using template $paramod$34ce050e9628bfc533536f2716963d420cee2d67$lut for cells of type $lut.
Using template $paramod$d9bf66cfeb564b46b4f77b50fdfe3e433c808b7c$lut for cells of type $lut.
Using template $paramod$8b24407096beec47292ddeb1567a058197a320b9$lut for cells of type $lut.
Using template $paramod$532b3c1e0220e6656442119ec0a13fbce456d758$lut for cells of type $lut.
Using template $paramod$e2df5e094b8d89c15052b55c017d347c558cc444$lut for cells of type $lut.
Using template $paramod$8aa00a62fea1e6b77bba2fabcc3806f68f5ced98$lut for cells of type $lut.
Using template $paramod$e5e9da8fed769f971686eed8c5eea50e61f73aaa$lut for cells of type $lut.
Using template $paramod$a5c09bb042633724860b374b3e6a03742ab99f62$lut for cells of type $lut.
Using template $paramod$ca8a2db8b9d15854b4ea3b17589473506480794c$lut for cells of type $lut.
Using template $paramod$a260c5fe2e1a2423728949afcfa42be3e447ed9c$lut for cells of type $lut.
Using template $paramod$8387a689ebaa59b3b17760cf564f5e2008e42fdc$lut for cells of type $lut.
Using template $paramod$96ca4c664bfdc8d017a8e17676e9b4361aa18e9d$lut for cells of type $lut.
Using template $paramod$c5c9ab27d7b5dd55050cb5744a67bba65066f598$lut for cells of type $lut.
Using template $paramod$81243430d7539d28bf680c1b3a9171d365529aeb$lut for cells of type $lut.
Using template $paramod$85a668b6e4afaa9bb5c64c15ba35f894ca8ef324$lut for cells of type $lut.
Using template $paramod$952e1573d8c6ae986face7b358f0be63a4540814$lut for cells of type $lut.
Using template $paramod$9b2aae409d6ccd2cf524fc6da81acc23b1b3f257$lut for cells of type $lut.
Using template $paramod$6c0eaadf6f1b5affba15ca53c311cd46be52a8f3$lut for cells of type $lut.
Using template $paramod$7004ff8d87eab1aa67dba02762e82252ae41edf3$lut for cells of type $lut.
Using template $paramod$703a13a751e631ef123f38f7d2125aeabec0f94c$lut for cells of type $lut.
Using template $paramod$382d82b16c434593aea91ab0a6673c7fa994904e$lut for cells of type $lut.
Using template $paramod$102df890754656d0e4cf021a989b2185f5629c9b$lut for cells of type $lut.
Using template $paramod$42f707e8f7287710bcd60a51e81d431768c39121$lut for cells of type $lut.
Using template $paramod$ebf9273ff121237e96884dde6bd8edce0a311f42$lut for cells of type $lut.
Using template $paramod$180984447619db1740f969f7108d5e2822718519$lut for cells of type $lut.
Using template $paramod$4e9ba7ae12ee345ac8cf8ab7724dd67f12ca775d$lut for cells of type $lut.
Using template $paramod$5c744da6639a5036ec92b27e87f01bbb9791d018$lut for cells of type $lut.
Using template $paramod$b53c4e0a437cc24bd169b42179198f89ee58aded$lut for cells of type $lut.
Using template $paramod$21cdf6cf59d4034673de18088c1482554d91f528$lut for cells of type $lut.
Using template $paramod$976092fdda749874898b05fcfead10b9a4d2e25c$lut for cells of type $lut.
Using template $paramod$71cafc8b7e22d32f11d1eee7f7d79c4b38ca450c$lut for cells of type $lut.
Using template $paramod$ec8f389d3b0c4ac15bc66a5f07b2ffe4e8f89d74$lut for cells of type $lut.
Using template $paramod$5cb2dc53a48087486f8585058aba3dbb642f947b$lut for cells of type $lut.
Using template $paramod$a193f5affaf86bc14fe086f0d87ba6bcce2653e5$lut for cells of type $lut.
Using template $paramod$52a8aad97f43ca2c5b690d4a8f355f59e0a32dcd$lut for cells of type $lut.
Using template $paramod$3c65f7ac20b156948b1b353df9ac7c0431a6851c$lut for cells of type $lut.
Using template $paramod$2160d707936b7c675add9a20d3da966e1fca893f$lut for cells of type $lut.
Using template $paramod$1d922192991e3fdb71d1be3a9ddb8133b46203f5$lut for cells of type $lut.
Using template $paramod$68094446b490863b95ff95ee3fafb3e2ec6fc940$lut for cells of type $lut.
Using template $paramod$18ebe07cc2161ee245def2237f9080e7e579cabd$lut for cells of type $lut.
Using template $paramod$48da96ef9b3f20650562825ef9132cc6a5614d41$lut for cells of type $lut.
Using template $paramod$ff8d1e42cce403747862ceb156d382d165d209ba$lut for cells of type $lut.
Using template $paramod$c43c8aa9f7c82b353234f99dae8f42a695598618$lut for cells of type $lut.
Using template $paramod$2a035a86c1fbb731064974371e6dca17e2abe8ad$lut for cells of type $lut.
Using template $paramod$181151337b5cce5a21ddff8f5039caa010857f6d$lut for cells of type $lut.
Using template $paramod$099153cad878471cad9acb0def5d90fad779ac9f$lut for cells of type $lut.
Using template $paramod$ccc93f2c387b7dd87654c9ed8e6de9499d7caa94$lut for cells of type $lut.
Using template $paramod$60c8f65020c50f1f5800d5ec7ae6820ae40c0d20$lut for cells of type $lut.
Using template $paramod$ec99bf9f2d9880fef62954e833f8a518d8543706$lut for cells of type $lut.
Using template $paramod$9b542daf39568f7d0d4bf20af0e2ddf45bcfab5f$lut for cells of type $lut.
Using template $paramod$9cf83e29ae1c8f8c5630302af14d44e670567a7f$lut for cells of type $lut.
Using template $paramod$7192272ad71675d1d29c1fbd78dd129dae02605c$lut for cells of type $lut.
Using template $paramod$d364f0bea06ae8cde04d505cb289302cbbe84ef8$lut for cells of type $lut.
Using template $paramod$991ec755255127d511cbd464315decddc7ed55b6$lut for cells of type $lut.
Using template $paramod$361884b450d85ce5147d9ac525db634e91f2c519$lut for cells of type $lut.
Using template $paramod$15337a820d912421466a2e40a95f457aff106019$lut for cells of type $lut.
Using template $paramod$e391317f6a53a285be35f562608e8fe1fc6bafbc$lut for cells of type $lut.
Using template $paramod$01ebd73224e9b57f5af41563cb41d45cfddab9d1$lut for cells of type $lut.
Using template $paramod$8b5a8d6cd676d69037b47f305a19e9e3fe2befb1$lut for cells of type $lut.
Using template $paramod$lut\WIDTH=32'00000000000000000000000000000011\LUT=8'10101100 for cells of type $lut.
Using template $paramod$e5dd3907b23644c012574ab466f34ac9acd0572a$lut for cells of type $lut.
Using template $paramod$92c1fd69b6189e09db20cc587d675ce5a7e2a5a3$lut for cells of type $lut.
Using template $paramod$6f309d67474cb0c8cacbed3e080b02ddef32d02a$lut for cells of type $lut.
Using template $paramod$94ce30eef9a6f02167bb75aa7d12b5f5da6cfcd8$lut for cells of type $lut.
Using template $paramod$547104f51848efe43e4f4cc8f292dde3b51b380b$lut for cells of type $lut.
Using template $paramod$b56bd6d271cb0ade7c71e664f112251adcbb600d$lut for cells of type $lut.
Using template $paramod$f7741277cc89ee34c1ea13791457647b4e9e8c99$lut for cells of type $lut.
Using template $paramod$21d2e9371d6cee72207cd3d1c557af77487cca08$lut for cells of type $lut.
Using template $paramod$60c48d0c49db8656328361b0c33691b6753a6f9d$lut for cells of type $lut.
Using template $paramod$f87c3337432db426fdba003a24be3575c0ef3702$lut for cells of type $lut.
Using template $paramod$993ee431481a29c374ccf7faa8a87ad1eb4a11d8$lut for cells of type $lut.
Using template $paramod$2678e0cdadb9d109401f5a15f33f234bc9968327$lut for cells of type $lut.
Using template $paramod$77d70353bf4c4b1608ab241ed4f37f18d4ccd852$lut for cells of type $lut.
Using template $paramod$631f2eb3f120ecb24ebfd5fdebd522f2e4e5c0fe$lut for cells of type $lut.
Using template $paramod$0d957f78a6dfd625f3e249a7c12590711512fbe2$lut for cells of type $lut.
Using template $paramod$afbd7d1d4725dbd5f63c4de47fc262da327406d5$lut for cells of type $lut.
Using template $paramod$c2a496d0bb282971ed557fbbc26c9eca33500fd7$lut for cells of type $lut.
Using template $paramod$ac95cb18ee157c31e058ac6046ed9fb4f0f49730$lut for cells of type $lut.
Using template $paramod$080737fb7ab616d71f5d51fb08c0c81d6e6d57d1$lut for cells of type $lut.
Using template $paramod$3a859531648857b7ffc6785a23e529c172a23d77$lut for cells of type $lut.
Using template $paramod$eaf6221313bbe52aa8cca13dfd09864bbcbf54f7$lut for cells of type $lut.
Using template $paramod$7450750bcf8408caf2d78c8a93f458cadbb7b948$lut for cells of type $lut.
Using template $paramod$0b6a1965d6875ec5d7baaae2d526409350f00cf2$lut for cells of type $lut.
Using template $paramod$956349cd6c50ed1fc835859b67ea77f23a53f997$lut for cells of type $lut.
Using template $paramod$5f7fcb756e43f28e1975d779eedb5e4cf14e5a2b$lut for cells of type $lut.
Using template $paramod$17fb515e4ebab04c7f494ee146f20963014e8980$lut for cells of type $lut.
Using template $paramod$24c1584bb7dc77e748d8c020f3a489fce46c68b4$lut for cells of type $lut.
Using template $paramod$a7425572fc2177f22984d3abf0db649dc6e1bd24$lut for cells of type $lut.
Using template $paramod$9f70fca18371086158a6606f52a7817d71de0dbf$lut for cells of type $lut.
Using template $paramod$f0da9909476a70d1a0b1d9f4291baebea1473092$lut for cells of type $lut.
Using template $paramod$a46e996fe0a5c19000c8b8f6af170de3fb409623$lut for cells of type $lut.
Using template $paramod$81fac80dc4fb484c75274929895a71513885e92a$lut for cells of type $lut.
Using template $paramod$cc119a8104d0f11ab47c3712f5468750ee309e58$lut for cells of type $lut.
Using template $paramod$f893cd09ef0207857fd0fd8a4ffe9855d93d1a8c$lut for cells of type $lut.
Using template $paramod$f2c2253739da195f4801437496b091d4b39d9051$lut for cells of type $lut.
Using template $paramod$d0c67b84b8f364e2c49bbd843ea8951c66d572c1$lut for cells of type $lut.
Using template $paramod$5cbe82697b4d8d93f655541a4b4dd4b2435bf572$lut for cells of type $lut.
Using template $paramod$c6d6159924e531378b431f76ce8ab4a88bdb0ed3$lut for cells of type $lut.
Using template $paramod$6bffe43b98672c156cb1c512fea9c35a2d6b112a$lut for cells of type $lut.
Using template $paramod$40169e9c5b1ebf4af0bc17c8dffe8df8de8a6dca$lut for cells of type $lut.
Using template $paramod$f08e57a10173247f99350341fea28b359f22dec1$lut for cells of type $lut.
Using template $paramod$d14ad95bded2b667afa97670e151697087b7de83$lut for cells of type $lut.
Using template $paramod$b585f10082f96ae961544034d5d15b80255448bf$lut for cells of type $lut.
Using template $paramod$cfe26f2a7a38ac259a9d57d3318058dae7c35500$lut for cells of type $lut.
Using template $paramod$90802e3eab6cdb12c6f422b76d2e13b226ce95ca$lut for cells of type $lut.
Using template $paramod$bf832234d18fbc50ea76bf71ee7c596913b21b11$lut for cells of type $lut.
Using template $paramod$c93a4e0ddc8655dc305d5d5370f32c316749b08d$lut for cells of type $lut.
Using template $paramod$c24ed72ebb67e9ead6029e42e909ef7fc0abbb11$lut for cells of type $lut.
Using template $paramod$cdb9b8ef7021245116709db854db3ff1fe27b882$lut for cells of type $lut.
Using template $paramod$0d7ad4fa1b47609d129ae81c78db1b63fa3ba1c1$lut for cells of type $lut.
Using template $paramod$4694b472b4da25f9827103711c0db2a176c9f600$lut for cells of type $lut.
Using template $paramod$e5de742d99f93147d89a0c550ac15e3573e52f65$lut for cells of type $lut.
Using template $paramod$2ea69c779d6c1b79ac5a87b0d1523c67d5628dba$lut for cells of type $lut.
Using template $paramod$bc4e11bea7bc909d39762c165088bbce7500911a$lut for cells of type $lut.
Using template $paramod$47e9905a80da58e4de253a6346068415381751c3$lut for cells of type $lut.
Using template $paramod$8c7a8b751790c485723c1a595b85f142cc9a9c00$lut for cells of type $lut.
Using template $paramod$692927e279b3d5c42ee4aacb287247c0b34943ed$lut for cells of type $lut.
Using template $paramod$235ce2f39bd07ec0a1b6ac6f4306857e5afdeb5b$lut for cells of type $lut.
Using template $paramod$e765915999b90dc8ea048adeb1bff4ab579861d1$lut for cells of type $lut.
Using template $paramod$37b8a1ac5e6933d02675fe695a240a0895b147a8$lut for cells of type $lut.
Using template $paramod$47706a5246c1d7d86d36dc9f0f001fac8f99fb75$lut for cells of type $lut.
Using template $paramod$4c916c291b657cf24336f9ad522fc7c1e6f18e2e$lut for cells of type $lut.
Using template $paramod$f2e2623ed09af39c2e585773f06d087d9b4f283d$lut for cells of type $lut.
Using template $paramod$af8d2ee5e933de0d7c101495f671a25d8016826f$lut for cells of type $lut.
Using template $paramod$95cb9adcebec71d4a434addff8a4c63927936ffc$lut for cells of type $lut.
Using template $paramod$20006be5cf4234516b1c1f0aac4c22d4ad7d64d9$lut for cells of type $lut.
Using template $paramod$f4ee5d3ca71518910b4c5d756fd15cc155e9254b$lut for cells of type $lut.
Using template $paramod$3cf167a1f0e01ef937f32749eb184f73e55a5c2a$lut for cells of type $lut.
Using template $paramod$e77e254f2f726f255af0b2e2390106aef88bbf41$lut for cells of type $lut.
Using template $paramod$ea14b6ce0ef2ed22570ae88ec4fb3b3d536ef4a5$lut for cells of type $lut.
Using template $paramod$5d16c8be1350954453c047dd8faef7f3e6aae96b$lut for cells of type $lut.
Using template $paramod$ad3ed79f1eb86dae857ba0707f96648dd2dd2a47$lut for cells of type $lut.
Using template $paramod$3e05f4324c2032d0eff88610afe398d8a13c094b$lut for cells of type $lut.
Using template $paramod$de19a7912096505912606726465df97c4ddc02a6$lut for cells of type $lut.
Using template $paramod$a21ca60d7d83d9b88963794396b0a5096c6df9a4$lut for cells of type $lut.
Using template $paramod$726ccd69ca8f026972c48f4853b30e63d5498ea3$lut for cells of type $lut.
Using template $paramod$493eede14ea020e77ef303f6230ca6cc51acb0a1$lut for cells of type $lut.
Using template $paramod$80ddcb2f18a338014757940043ac38a08f997f54$lut for cells of type $lut.
Using template $paramod$226d699eee4496df985c12244d8dff63255fc3e9$lut for cells of type $lut.
Using template $paramod$50234db06c5aa9c52c8849cbe3fe66d670e5ee6d$lut for cells of type $lut.
Using template $paramod$bd6037509ae190fc99b22fbd0fb0ff5089771ded$lut for cells of type $lut.
Using template $paramod$dd4f66841156914c2d888842c47fe59fad190e52$lut for cells of type $lut.
Using template $paramod$0fcad4d3bd256dc3d434987fb791c152dcafc3e4$lut for cells of type $lut.
Using template $paramod$f098186b66c91e4958c77b8765a3772d24b21e7c$lut for cells of type $lut.
Using template $paramod$62e70583da271737262414c56de719573e094040$lut for cells of type $lut.
Using template $paramod$8826f25a01b2606ceeffff6ab3fa3d84b57f390c$lut for cells of type $lut.
Using template $paramod$326cab8f732a23fb45e8ff8450b6b24d62950314$lut for cells of type $lut.
Using template $paramod$1900ba6066b0c9837efc28563a9443ad40d146ba$lut for cells of type $lut.
Using template $paramod$9f203e8d2bf7272a2d4fcfb96f7febbf06ddaaa5$lut for cells of type $lut.
Using template $paramod$fd657d02355bbcc4d25eab87b67f7bab42cf7ca9$lut for cells of type $lut.
Using template $paramod$748055d3de87ae3c305f4cdb31d2cd503acac254$lut for cells of type $lut.
Using template $paramod$adbf8f69182437d53aba8d44abcf695e6347f918$lut for cells of type $lut.
Using template $paramod$7a3f74671fc44db21379caf2883711966c8c710b$lut for cells of type $lut.
Using template $paramod$f6ad937ea850841e6e0d3261e03ed2b63272934f$lut for cells of type $lut.
Using template $paramod$ec68bd8d3fc0a71e9f7a2b26d614fbcaa7a8b7fa$lut for cells of type $lut.
Using template $paramod$ebc2a33dc07863a14587a3392e2fede4283bfeeb$lut for cells of type $lut.
Using template $paramod$3ac5af7bfbbc12768136e32fa4f2c33268b2e47c$lut for cells of type $lut.
Using template $paramod$5c6d148862351320fa42b1682fbf2159dd6bfbff$lut for cells of type $lut.
Using template $paramod$ef4e30e43dbb376409c671c67d1a599bbdc0f233$lut for cells of type $lut.
Using template $paramod$c8536781004b9fb0845bf4580369f5a9bdb92a92$lut for cells of type $lut.
Using template $paramod$0a86aa702288cc5effa9a81d2531ddbd0e8803f7$lut for cells of type $lut.
Using template $paramod$f6bc6acfe874c6be9d46d84d98ca702f2cc95183$lut for cells of type $lut.
Using template $paramod$36da6a1c4eb81f9df17608ef4f0e808cf6b570c1$lut for cells of type $lut.
Using template $paramod$e504d31e4de89d83598114c2aa133162cf88bfa1$lut for cells of type $lut.
Using template $paramod$29ab1d89073c0cec3a3fcad5ed7088cb78afbb9e$lut for cells of type $lut.
Using template $paramod$c15f82ac51034d82a5f54ab56430c411ac1c01e0$lut for cells of type $lut.
Using template $paramod$a19dc300bab8841cd28535d9056dab10d4e5a784$lut for cells of type $lut.
Using template $paramod$49ccdef258d18e84fd93cbdb9dbb087115cc61c5$lut for cells of type $lut.
Using template $paramod$4adfb29343462bef201052c56cc471b0c519d936$lut for cells of type $lut.
Using template $paramod$9e91ec33c0528ba6eaa06389b9b13e48d98304f5$lut for cells of type $lut.
Using template $paramod$e52f011ec7fe24c012f3bc5978385f57d37a1209$lut for cells of type $lut.
Using template $paramod$f7aac9b6dc0a5a937c22a3349ccf8a5dfafbace7$lut for cells of type $lut.
Using template $paramod$41d0fe1b103ca824f92bc53dcd643d4286feba1e$lut for cells of type $lut.
Using template $paramod$353571b52c5f8e3d08386fc30d0be81191e71dc1$lut for cells of type $lut.
Using template $paramod$bc703c03a5cb343aafc534119fccc6b27ac338ea$lut for cells of type $lut.
Using template $paramod$46ee05238461aae8bed95c35779c06601c01ab19$lut for cells of type $lut.
Using template $paramod$09d5d0055eb7b215c94c045f24858bc54d2d2614$lut for cells of type $lut.
Using template $paramod$8f81f0c38ae541f955ad17f9f86b131d06265ffa$lut for cells of type $lut.
Using template $paramod$c64b7517fc2f663fc967e3272ed8f33ff1184910$lut for cells of type $lut.
Using template $paramod$2bafd661042682cd0ed05904628523c4f2a9c6c1$lut for cells of type $lut.
Using template $paramod$c2dc37716b17bd51439fa8583c553843a9fef169$lut for cells of type $lut.
Using template $paramod$d72d6469f3aa457392ffb4addffbd01cfe8379ab$lut for cells of type $lut.
Using template $paramod$7235a18cc65aa5118e962015e9bf5227c75dbc9c$lut for cells of type $lut.
Using template $paramod$1f45c22d27982f156949cccd6f9677d67d0ae883$lut for cells of type $lut.
Using template $paramod$274d54d746ad898c0a412ccbe06ac81a83bb306e$lut for cells of type $lut.
Using template $paramod$77dc13b1a8ed1bd865492b5afa1235221533c43b$lut for cells of type $lut.
Using template $paramod$defbbf50bcfad578f02ddb444e6d9470b4ff7f3c$lut for cells of type $lut.
Using template $paramod$154bc29d4d27e3ea3fb8a1218357bc909c2b5a6c$lut for cells of type $lut.
Using template $paramod$9b1e825f0145a1d40c30fb3a0be5fa3e860a23e3$lut for cells of type $lut.
Using template $paramod$40b53a5781d3a7d27b8891148c3684c9fa71719d$lut for cells of type $lut.
Using template $paramod$6a72a5afa31e9c052b13830d50b22441394e48cc$lut for cells of type $lut.
Using template $paramod$51bae83709e53c13b4b502ae8fea14a5641a26b7$lut for cells of type $lut.
Using template $paramod$57fd0020f714c9791c7a27db2261c41193e85962$lut for cells of type $lut.
Using template $paramod$f4cfcbb63a0d8245775432ef124f6f579617c995$lut for cells of type $lut.
Using template $paramod$9c10ca67e660fbc0157c86e157164e1b675de305$lut for cells of type $lut.
Using template $paramod$3b75601d94336aff95d7b81ee035465c6bc5710e$lut for cells of type $lut.
Using template $paramod$a2af08685bcbd905d6311b654564318c2214ba0b$lut for cells of type $lut.
Using template $paramod$ba8fec3c1811cf88d03e9b6103b06fb923d318e6$lut for cells of type $lut.
Using template $paramod$7860c9a893007bd7aec1fbf6fc7d224de32105d3$lut for cells of type $lut.
Using template $paramod$5ea586604f03ae89270aa8ded210640985dc87db$lut for cells of type $lut.
Using template $paramod$3bb60fccd8813787083fe4ba1c51c2bf9964dc14$lut for cells of type $lut.
Using template $paramod$c315fd171a22ad0b563d890e3adda172ea240769$lut for cells of type $lut.
Using template $paramod$597e4a636a539656f679964dcd9268ec89b5e38e$lut for cells of type $lut.
Using template $paramod$c1b42c9e20e80acc6a1f921e807fc1d46182cb38$lut for cells of type $lut.
Using template $paramod$fd8d52fd9947b5e7bdfe9341cbec91532e7771f9$lut for cells of type $lut.
Using template $paramod$a2b4ddfa3906001b2ef9f2414d79c3048f2a3a6e$lut for cells of type $lut.
Using template $paramod$50848314c99915089ec6ec821c294ba36b59ca7c$lut for cells of type $lut.
Using template $paramod$7282ca3119ff13da54cc6cf7e5d3b1521333fdc7$lut for cells of type $lut.
Using template $paramod$6b8ea9d5b6fe52fb1a74d7c34a76aac4e34295d9$lut for cells of type $lut.
Using template $paramod$a52099cef019bbe114de53cfbdef9b6de0e07cac$lut for cells of type $lut.
Using template $paramod$44d8fbd17a62a34b7a70178e7bf40cd80f534ec5$lut for cells of type $lut.
Using template $paramod$a1aea08bca56cd9956c3a2a47cc1678e52c8be08$lut for cells of type $lut.
Using template $paramod$d75baa96c7aac6b3e2c7046faa5da5b812e56cd8$lut for cells of type $lut.
Using template $paramod$739b647d1cafb004c1ea5daaad3faff815010ca9$lut for cells of type $lut.
Using template $paramod$1bd9701305e639de8b88208df540948293bcbe49$lut for cells of type $lut.
Using template $paramod$032d25046fccf891a4343a688b0b16ef47898c49$lut for cells of type $lut.
Using template $paramod$465710effc0a96039556b00ab82665b3b2d33599$lut for cells of type $lut.
Using template $paramod$10d5e24f37959cb127d06c81b3c885b719b970b5$lut for cells of type $lut.
Using template $paramod$d8a411453f69e71857c7268dfa8994454050ad16$lut for cells of type $lut.
Using template $paramod$75bd864a9bb454f81effe3d4358df239afa6b520$lut for cells of type $lut.
Using template $paramod$3fc85a824bd2ca5b1a1f914103a2d2f362f2d3d2$lut for cells of type $lut.
Using template $paramod$491ff8e529cd6d760d428a938e1eb5e1f4468386$lut for cells of type $lut.
Using template $paramod$2057fd71be9469bf1f8385f75382099b6eb79ceb$lut for cells of type $lut.
Using template $paramod$511dcdcea878da7b26176426b1b8e91e20564f04$lut for cells of type $lut.
Using template $paramod$cdd77819ce2a00af3a8d8304ebd5e09fda5098f7$lut for cells of type $lut.
Using template $paramod$5d3cf3d2621786d09dbe2a50b0984febf5472adc$lut for cells of type $lut.
Using template $paramod$065236ba191cf5c79bde9f139bbd9f77c9196682$lut for cells of type $lut.
Using template $paramod$2343e64156bba575acc6ba2075272bc649a75654$lut for cells of type $lut.
Using template $paramod$3d822c8fccbb909cfb3d8923e8bba1a5b0860164$lut for cells of type $lut.
Using template $paramod$431c37b1a819679a528fbeec9e368d842407de16$lut for cells of type $lut.
Using template $paramod$34be47658fc2ea54de14d173ff8b914acdfb17d5$lut for cells of type $lut.
Using template $paramod$3c2c41a3dfa511b9d0c6ddbf4ddb8fe22bb4f3cf$lut for cells of type $lut.
Using template $paramod$05a013c604a8fd8dad9e08dab16a8727fc55d01a$lut for cells of type $lut.
Using template $paramod$679967ef1962a06ca70132bf4c9189c00d461c00$lut for cells of type $lut.
Using template $paramod$a8f0b66d6442d140b08ba5dde7bccc974236df60$lut for cells of type $lut.
Using template $paramod$da06373b71a3bf8480d7490b5a2a962e4b25975b$lut for cells of type $lut.
Using template $paramod$ceffbb18cc79c8e6cc554d91a7851155926ba2a7$lut for cells of type $lut.
Using template $paramod$4226a5f6ae38675df4217e2ce9791be8b2fef588$lut for cells of type $lut.
Using template $paramod$2633deaa89f7386940469a88698434123acb439c$lut for cells of type $lut.
Using template $paramod$00d72f2e8185cf35239a053cecc9283cfc68f3d7$lut for cells of type $lut.
Using template $paramod$a61d0b0202390535390069549d54e8c85117b7ad$lut for cells of type $lut.
Using template $paramod$0b4b4997c98c48319830ee01b0f521eb3d03a18e$lut for cells of type $lut.
Using template $paramod$6a2d75644ceb81af27b072a1f39af613f846c04f$lut for cells of type $lut.
Using template $paramod$3ad19ded3f6bf68be2f54e44207da88207e06b9a$lut for cells of type $lut.
Using template $paramod$9cf49ceb09ee84d9ce15ae45afdd083de1fe866c$lut for cells of type $lut.
Using template $paramod$8124aeec5b4c1bbf69e18c27aa3c84236fd6d847$lut for cells of type $lut.
Using template $paramod$14757f7e19e03a83789c8f6983139274c0addc3e$lut for cells of type $lut.
Using template $paramod$5f7ffcf185ed761ba0cfe54455dacda8504cf03f$lut for cells of type $lut.
Using template $paramod$49c85c651012401860c22ec5fb320c097425058e$lut for cells of type $lut.
Using template $paramod$98f8cd4851bc00e10795164eded06c65cab6ab3b$lut for cells of type $lut.
Using template $paramod$214a1c8afafe959e3f71fb2dbd4bb92c49653951$lut for cells of type $lut.
Using template $paramod$5f9247c7162498a5674dea87ffbcf9eca735ed86$lut for cells of type $lut.
Using template $paramod$ad70b5a7d1ebdb9b679a71a640974e2d37f9039c$lut for cells of type $lut.
Using template $paramod$ddbe71b5663ef92fe2d05daf9c2d927a45266af8$lut for cells of type $lut.
Using template $paramod$76ad283d0273a415424183baa0cbaede54b2afc1$lut for cells of type $lut.
Using template $paramod$ea7f486419707470519f6f994c58e79a146a28f3$lut for cells of type $lut.
Using template $paramod$fe75cbda5e3b503557eb3621e783f5a11cde99cb$lut for cells of type $lut.
Using template $paramod$4d62180528306eeb3c8ec363ea81ea1e87e7f817$lut for cells of type $lut.
Using template $paramod$72827be4ec0c05f407d6ac20f8866f8741e360c6$lut for cells of type $lut.
Using template $paramod$79ef87045a5ce9a98fa80fd2d6db73bb801fb21f$lut for cells of type $lut.
Using template $paramod$c0dcfcbec77b89e09e7759f175e3a397d197968a$lut for cells of type $lut.
Using template $paramod$80cce05df99f8eff2e4c08fce2402453dece1f6d$lut for cells of type $lut.
Using template $paramod$2c59a5bf1bd1d2f779d94863607d3c7c63f7416e$lut for cells of type $lut.
Using template $paramod$99687db3ca2889bd3bba6f29dcd7e9b3f11102c0$lut for cells of type $lut.
Using template $paramod$a964f8ed466638f11766930007624f9261481a37$lut for cells of type $lut.
Using template $paramod$6a1356ec93ceb6fd67ef4cb59e52c7878da23071$lut for cells of type $lut.
Using template $paramod$e2c74232b475ad71eb2fb078d9bdc27cbed2ceda$lut for cells of type $lut.
Using template $paramod$6ac63e260ac9358393ce55a25a74c7e990c673c3$lut for cells of type $lut.
Using template $paramod$1d70a4f9239695d913200642f4c4f845d4f794a4$lut for cells of type $lut.
Using template $paramod$162fef26d1af41d1c9a2e284a4968a0a9a312508$lut for cells of type $lut.
Using template $paramod$06583bed2e2ece85f7f0e69f79e39ff231db83d1$lut for cells of type $lut.
Using template $paramod$cd8bd19f22a828e9ca9dbce8251af0e68cfabf09$lut for cells of type $lut.
Using template $paramod$5f7acd58d1c2f3a0002c0112a4b3367969ec8768$lut for cells of type $lut.
Using template $paramod$c9fc15ca3532f589ee2a4adf0a3980825042aaf9$lut for cells of type $lut.
Using template $paramod$bfb400b708af11c589c2dbd9dd84f569ed7ca5a1$lut for cells of type $lut.
Using template $paramod$a159c0ff2da5d34f36f6787f671370b4bd777fdf$lut for cells of type $lut.
Using template $paramod$eee6eccfe3d92dcac07af33b1b434992adb044fd$lut for cells of type $lut.
Using template $paramod$33631c0b9314690a4bcc54202207c075694cf41c$lut for cells of type $lut.
Using template $paramod$e2d027500fc972592e1aa6715aef0f2ab403fcca$lut for cells of type $lut.
Using template $paramod$9b997518edfb4aa14fea84092eb1268ae2f1557a$lut for cells of type $lut.
Using template $paramod$b00911e1d9bff0f8103e6c1a936ccd397928b397$lut for cells of type $lut.
Using template $paramod$436da1ed4df9e383f770e19f097123d7f09097ba$lut for cells of type $lut.
Using template $paramod$1f1a15b33d612782bfc1a6aef538d832aecdd1b9$lut for cells of type $lut.
Using template $paramod$a722f0f83de4cb9b1def5d088895df3f21e85509$lut for cells of type $lut.
Using template $paramod$ea88a06962d1884df863d9765f42571fd11bcb32$lut for cells of type $lut.
Using template $paramod$d9a4cfa05abc1158b901c98727274f245bd8b1a2$lut for cells of type $lut.
Using template $paramod$2360bc47b08d6f8b0c336c027432137bdcd778a1$lut for cells of type $lut.
Using template $paramod$c4385cb6d4bb7f89c2f072295bb3e30a5d438725$lut for cells of type $lut.
Using template $paramod$eb74b335dedae809bd0f3e8ac058c7aa4a539670$lut for cells of type $lut.
Using template $paramod$302751d338f9904d284740db4fe9cee5122b9419$lut for cells of type $lut.
Using template $paramod$fefdd18314f809f1ba4e6eeb86ebedbe26c2ce45$lut for cells of type $lut.
Using template $paramod$d142a891b33bac736e25ae2077c7a4d88b1a883d$lut for cells of type $lut.
Using template $paramod$d2845ee2da121e591069744d16cf238f53bde61d$lut for cells of type $lut.
Using template $paramod$90588117036ea9570e86c36002ea9705f0a8f776$lut for cells of type $lut.
Using template $paramod$08b18b26eeae24f49fe8b59aa26e66cd3e302419$lut for cells of type $lut.
Using template $paramod$95913469ad661c2be2ab77afbf6f8b3f95d69ea0$lut for cells of type $lut.
Using template $paramod$ce66c2d06a26d50d879ed8a9f41c99a3a12eb958$lut for cells of type $lut.
Using template $paramod$lut\WIDTH=32'00000000000000000000000000000011\LUT=8'10010000 for cells of type $lut.
Using template $paramod$c3f119ca459967416ee835056bcc76571d275d81$lut for cells of type $lut.
Using template $paramod$d4fae2c0d9ad2966369cd4e39b81c71bcd1327c9$lut for cells of type $lut.
Using template $paramod$0c3e774de9dd361dcefc4f2747cf32a3c22f2154$lut for cells of type $lut.
Using template $paramod$622ea16b335c699fafeb68bb04a9ce4e2bdfaae0$lut for cells of type $lut.
Using template $paramod$db50504a7d27c6a27ee7333920724d29ca86f385$lut for cells of type $lut.
Using template $paramod$fea2779a6ae24794d95013e9a9a897c12474221e$lut for cells of type $lut.
Using template $paramod$b34250cf522ee25aae0479c904244ad8eb6374cc$lut for cells of type $lut.
Using template $paramod$30828bd0296dc776d04e807f9570f839f8c1212e$lut for cells of type $lut.
Using template $paramod$2c67814f601655eca5f6ffd9555e719b198943e4$lut for cells of type $lut.
No more expansions possible.
<suppressed ~19798 debug messages>

5.46. Executing XILINX_DFFOPT pass (optimize FF control signal usage).
Optimizing FFs in $paramod$b5bfe1d4fce40940586b6e35fec61194ae5a8fde\cap_pdb_state_wide_bank.
Optimizing FFs in $paramod$cbc3189b30a0f0ae8c16e45df15b3f5a54303a8f\cap_pdb_masked_min32.
Optimizing FFs in cap_pdb_parallel_compact_allocation_engine.
  Merging D + CE LUTs for $auto$ff.cc:337:slice$7217/group_minimum[9] (2 -> 5)
  Merging D + CE LUTs for $auto$ff.cc:337:slice$7912/group_minimum[10] (2 -> 5)
  Merging D + CE LUTs for $auto$ff.cc:337:slice$7911/group_minimum[10] (2 -> 5)
  Merging D + CE LUTs for $auto$ff.cc:337:slice$7910/group_minimum[10] (2 -> 5)
  Merging D + CE LUTs for $auto$ff.cc:337:slice$7909/group_minimum[10] (2 -> 5)
  Merging D + CE LUTs for $auto$ff.cc:337:slice$7908/group_minimum[10] (2 -> 5)
  Merging D + CE LUTs for $auto$ff.cc:337:slice$7907/group_minimum[10] (2 -> 5)
  Merging D + CE LUTs for $auto$ff.cc:337:slice$7906/group_minimum[10] (2 -> 5)
  Merging D + CE LUTs for $auto$ff.cc:337:slice$7905/group_minimum[10] (2 -> 5)
  Merging D + CE LUTs for $auto$ff.cc:337:slice$7904/group_minimum[10] (2 -> 5)
  Merging D + CE LUTs for $auto$ff.cc:337:slice$7903/group_minimum[10] (2 -> 5)
  Merging D + CE LUTs for $auto$ff.cc:337:slice$7902/group_minimum[10] (2 -> 5)
  Merging D + CE LUTs for $auto$ff.cc:337:slice$7901/group_minimum[10] (2 -> 5)
  Merging D + CE LUTs for $auto$ff.cc:337:slice$7900/group_minimum[10] (2 -> 5)
  Merging D + CE LUTs for $auto$ff.cc:337:slice$7899/group_minimum[10] (2 -> 5)
  Merging D + CE LUTs for $auto$ff.cc:337:slice$7898/group_minimum[10] (2 -> 5)
  Merging D + CE LUTs for $auto$ff.cc:337:slice$7896/group_minimum[11] (2 -> 5)
  Merging D + CE LUTs for $auto$ff.cc:337:slice$7895/group_minimum[11] (2 -> 5)
  Merging D + CE LUTs for $auto$ff.cc:337:slice$7894/group_minimum[11] (2 -> 5)
  Merging D + CE LUTs for $auto$ff.cc:337:slice$7893/group_minimum[11] (2 -> 5)
  Merging D + CE LUTs for $auto$ff.cc:337:slice$7892/group_minimum[11] (2 -> 5)
  Merging D + CE LUTs for $auto$ff.cc:337:slice$7891/group_minimum[11] (2 -> 5)
  Merging D + CE LUTs for $auto$ff.cc:337:slice$7890/group_minimum[11] (2 -> 5)
  Merging D + CE LUTs for $auto$ff.cc:337:slice$7889/group_minimum[11] (2 -> 5)
  Merging D + CE LUTs for $auto$ff.cc:337:slice$7888/group_minimum[11] (2 -> 5)
  Merging D + CE LUTs for $auto$ff.cc:337:slice$7887/group_minimum[11] (2 -> 5)
  Merging D + CE LUTs for $auto$ff.cc:337:slice$7886/group_minimum[11] (2 -> 5)
  Merging D + CE LUTs for $auto$ff.cc:337:slice$7885/group_minimum[11] (2 -> 5)
  Merging D + CE LUTs for $auto$ff.cc:337:slice$7884/group_minimum[11] (2 -> 5)
  Merging D + CE LUTs for $auto$ff.cc:337:slice$7883/group_minimum[11] (2 -> 5)
  Merging D + CE LUTs for $auto$ff.cc:337:slice$7882/group_minimum[11] (2 -> 5)
  Merging D + CE LUTs for $auto$ff.cc:337:slice$7819/remaining[0] (4 -> 6)
  Merging D + CE LUTs for $auto$ff.cc:337:slice$7817/remaining[0] (3 -> 6)
  Merging D + CE LUTs for $auto$ff.cc:337:slice$7813/remaining[0] (4 -> 6)
  Merging D + CE LUTs for $auto$ff.cc:337:slice$7812/remaining[0] (3 -> 6)
  Merging D + CE LUTs for $auto$ff.cc:337:slice$7811/remaining[0] (4 -> 6)
  Merging D + CE LUTs for $auto$ff.cc:337:slice$7810/remaining[0] (4 -> 6)
  Merging D + CE LUTs for $auto$ff.cc:337:slice$7808/remaining[0] (4 -> 6)
  Merging D + CE LUTs for $auto$ff.cc:337:slice$7803/remaining[0] (4 -> 6)
  Merging D + CE LUTs for $auto$ff.cc:337:slice$7800/remaining[0] (3 -> 6)
  Merging D + CE LUTs for $auto$ff.cc:337:slice$7797/remaining[0] (4 -> 6)
  Merging D + CE LUTs for $auto$ff.cc:337:slice$7796/remaining[0] (4 -> 6)
  Merging D + CE LUTs for $auto$ff.cc:337:slice$7792/remaining[0] (4 -> 6)
  Merging D + CE LUTs for $auto$ff.cc:337:slice$7790/remaining[0] (3 -> 6)
  Merging D + CE LUTs for $auto$ff.cc:337:slice$7789/remaining[0] (4 -> 6)
  Merging D + CE LUTs for $auto$ff.cc:337:slice$7785/remaining[1] (3 -> 6)
  Merging D + CE LUTs for $auto$ff.cc:337:slice$7784/remaining[1] (3 -> 6)
  Merging D + CE LUTs for $auto$ff.cc:337:slice$7783/remaining[1] (3 -> 6)
  Merging D + CE LUTs for $auto$ff.cc:337:slice$7782/remaining[1] (4 -> 6)
  Merging D + CE LUTs for $auto$ff.cc:337:slice$7780/remaining[1] (4 -> 6)
  Merging D + CE LUTs for $auto$ff.cc:337:slice$7779/remaining[1] (4 -> 6)
  Merging D + CE LUTs for $auto$ff.cc:337:slice$7776/remaining[1] (3 -> 6)
  Merging D + CE LUTs for $auto$ff.cc:337:slice$7774/remaining[1] (4 -> 6)
  Merging D + CE LUTs for $auto$ff.cc:337:slice$7773/remaining[1] (4 -> 6)
  Merging D + CE LUTs for $auto$ff.cc:337:slice$7772/remaining[1] (4 -> 6)
  Merging D + CE LUTs for $auto$ff.cc:337:slice$7771/remaining[1] (3 -> 6)
  Merging D + CE LUTs for $auto$ff.cc:337:slice$7769/remaining[1] (4 -> 6)
  Merging D + CE LUTs for $auto$ff.cc:337:slice$7767/remaining[1] (4 -> 6)
  Merging D + CE LUTs for $auto$ff.cc:337:slice$7763/remaining[1] (3 -> 6)
  Merging D + CE LUTs for $auto$ff.cc:337:slice$7761/remaining[1] (3 -> 6)
  Merging D + CE LUTs for $auto$ff.cc:337:slice$7760/remaining[1] (4 -> 6)
  Merging D + CE LUTs for $auto$ff.cc:337:slice$7755/remaining[2] (4 -> 6)
  Merging D + CE LUTs for $auto$ff.cc:337:slice$7753/remaining[2] (4 -> 6)
  Merging D + CE LUTs for $auto$ff.cc:337:slice$7752/remaining[2] (3 -> 6)
  Merging D + CE LUTs for $auto$ff.cc:337:slice$7750/remaining[2] (4 -> 6)
  Merging D + CE LUTs for $auto$ff.cc:337:slice$7749/remaining[2] (3 -> 6)
  Merging D + CE LUTs for $auto$ff.cc:337:slice$7746/remaining[2] (4 -> 6)
  Merging D + CE LUTs for $auto$ff.cc:337:slice$7742/remaining[2] (3 -> 6)
  Merging D + CE LUTs for $auto$ff.cc:337:slice$7738/remaining[2] (4 -> 6)
  Merging D + CE LUTs for $auto$ff.cc:337:slice$7737/remaining[2] (3 -> 6)
  Merging D + CE LUTs for $auto$ff.cc:337:slice$7735/remaining[2] (3 -> 6)
  Merging D + CE LUTs for $auto$ff.cc:337:slice$7733/remaining[2] (4 -> 6)
  Merging D + CE LUTs for $auto$ff.cc:337:slice$7731/remaining[2] (4 -> 6)
  Merging D + CE LUTs for $auto$ff.cc:337:slice$7730/remaining[2] (4 -> 6)
  Merging D + CE LUTs for $auto$ff.cc:337:slice$7729/remaining[2] (4 -> 6)
  Merging D + CE LUTs for $auto$ff.cc:337:slice$7728/remaining[2] (3 -> 6)
  Merging D + CE LUTs for $auto$ff.cc:337:slice$7722/remaining[3] (3 -> 6)
  Merging D + CE LUTs for $auto$ff.cc:337:slice$7721/remaining[3] (4 -> 6)
  Merging D + CE LUTs for $auto$ff.cc:337:slice$7720/remaining[3] (4 -> 6)
  Merging D + CE LUTs for $auto$ff.cc:337:slice$7719/remaining[3] (3 -> 6)
  Merging D + CE LUTs for $auto$ff.cc:337:slice$7716/remaining[3] (3 -> 6)
  Merging D + CE LUTs for $auto$ff.cc:337:slice$7713/remaining[3] (3 -> 6)
  Merging D + CE LUTs for $auto$ff.cc:337:slice$7712/remaining[3] (4 -> 6)
  Merging D + CE LUTs for $auto$ff.cc:337:slice$7710/remaining[3] (3 -> 6)
  Merging D + CE LUTs for $auto$ff.cc:337:slice$7709/remaining[3] (4 -> 6)
  Merging D + CE LUTs for $auto$ff.cc:337:slice$7707/remaining[3] (3 -> 6)
  Merging D + CE LUTs for $auto$ff.cc:337:slice$7706/remaining[3] (3 -> 6)
  Merging D + CE LUTs for $auto$ff.cc:337:slice$7705/remaining[3] (4 -> 6)
  Merging D + CE LUTs for $auto$ff.cc:337:slice$7704/remaining[3] (3 -> 6)
  Merging D + CE LUTs for $auto$ff.cc:337:slice$7702/remaining[3] (3 -> 6)
  Merging D + CE LUTs for $auto$ff.cc:337:slice$7701/remaining[3] (3 -> 6)
  Merging D + CE LUTs for $auto$ff.cc:337:slice$7699/remaining[3] (3 -> 6)
  Merging D + CE LUTs for $auto$ff.cc:337:slice$7698/remaining[3] (3 -> 6)
  Merging D + CE LUTs for $auto$ff.cc:337:slice$7697/remaining[3] (3 -> 6)
  Merging D + CE LUTs for $auto$ff.cc:337:slice$7696/remaining[3] (3 -> 6)
  Merging D + CE LUTs for $auto$ff.cc:337:slice$7695/remaining[3] (3 -> 6)
  Merging D + CE LUTs for $auto$ff.cc:337:slice$7694/remaining[3] (3 -> 6)
  Merging D + CE LUTs for $auto$ff.cc:337:slice$7693/remaining[3] (3 -> 6)
  Merging D + CE LUTs for $auto$ff.cc:337:slice$7691/remaining[4] (4 -> 6)
  Merging D + CE LUTs for $auto$ff.cc:337:slice$7689/remaining[4] (4 -> 6)
  Merging D + CE LUTs for $auto$ff.cc:337:slice$7688/remaining[4] (4 -> 6)
  Merging D + CE LUTs for $auto$ff.cc:337:slice$7687/remaining[4] (4 -> 6)
  Merging D + CE LUTs for $auto$ff.cc:337:slice$7686/remaining[4] (4 -> 6)
  Merging D + CE LUTs for $auto$ff.cc:337:slice$7684/remaining[4] (4 -> 6)
  Merging D + CE LUTs for $auto$ff.cc:337:slice$7683/remaining[4] (3 -> 6)
  Merging D + CE LUTs for $auto$ff.cc:337:slice$7681/remaining[4] (3 -> 6)
  Merging D + CE LUTs for $auto$ff.cc:337:slice$7680/remaining[4] (4 -> 6)
  Merging D + CE LUTs for $auto$ff.cc:337:slice$7679/remaining[4] (4 -> 6)
  Merging D + CE LUTs for $auto$ff.cc:337:slice$7678/remaining[4] (4 -> 6)
  Merging D + CE LUTs for $auto$ff.cc:337:slice$7675/remaining[4] (4 -> 6)
  Merging D + CE LUTs for $auto$ff.cc:337:slice$7674/remaining[4] (4 -> 6)
  Merging D + CE LUTs for $auto$ff.cc:337:slice$7673/remaining[4] (4 -> 6)
  Merging D + CE LUTs for $auto$ff.cc:337:slice$7672/remaining[4] (4 -> 6)
  Merging D + CE LUTs for $auto$ff.cc:337:slice$7671/remaining[4] (4 -> 6)
  Merging D + CE LUTs for $auto$ff.cc:337:slice$7670/remaining[4] (4 -> 6)
  Merging D + CE LUTs for $auto$ff.cc:337:slice$7667/remaining[4] (4 -> 6)
  Merging D + CE LUTs for $auto$ff.cc:337:slice$7666/remaining[4] (4 -> 6)
  Merging D + CE LUTs for $auto$ff.cc:337:slice$7665/remaining[4] (4 -> 6)
  Merging D + CE LUTs for $auto$ff.cc:337:slice$7663/remaining[4] (4 -> 6)
  Merging D + CE LUTs for $auto$ff.cc:337:slice$7662/remaining[4] (4 -> 6)
  Merging D + CE LUTs for $auto$ff.cc:337:slice$7659/remaining[5] (4 -> 6)
  Merging D + CE LUTs for $auto$ff.cc:337:slice$7657/remaining[5] (4 -> 6)
  Merging D + CE LUTs for $auto$ff.cc:337:slice$7656/remaining[5] (4 -> 6)
  Merging D + CE LUTs for $auto$ff.cc:337:slice$7654/remaining[5] (4 -> 6)
  Merging D + CE LUTs for $auto$ff.cc:337:slice$7653/remaining[5] (4 -> 6)
  Merging D + CE LUTs for $auto$ff.cc:337:slice$7652/remaining[5] (4 -> 6)
  Merging D + CE LUTs for $auto$ff.cc:337:slice$7647/remaining[5] (4 -> 6)
  Merging D + CE LUTs for $auto$ff.cc:337:slice$7646/remaining[5] (4 -> 6)
  Merging D + CE LUTs for $auto$ff.cc:337:slice$7639/remaining[5] (4 -> 6)
  Merging D + CE LUTs for $auto$ff.cc:337:slice$7635/remaining[5] (4 -> 6)
  Merging D + CE LUTs for $auto$ff.cc:337:slice$7634/remaining[5] (4 -> 6)
  Merging D + CE LUTs for $auto$ff.cc:337:slice$7631/remaining[5] (4 -> 6)
  Merging D + CE LUTs for $auto$ff.cc:337:slice$7629/remaining[5] (4 -> 6)
  Merging D + CE LUTs for $auto$ff.cc:337:slice$7625/remaining[6] (4 -> 6)
  Merging D + CE LUTs for $auto$ff.cc:337:slice$7624/remaining[6] (4 -> 6)
  Merging D + CE LUTs for $auto$ff.cc:337:slice$7622/remaining[6] (4 -> 6)
  Merging D + CE LUTs for $auto$ff.cc:337:slice$7621/remaining[6] (4 -> 6)
  Merging D + CE LUTs for $auto$ff.cc:337:slice$7619/remaining[6] (4 -> 6)
  Merging D + CE LUTs for $auto$ff.cc:337:slice$7618/remaining[6] (4 -> 6)
  Merging D + CE LUTs for $auto$ff.cc:337:slice$7617/remaining[6] (4 -> 6)
  Merging D + CE LUTs for $auto$ff.cc:337:slice$7616/remaining[6] (4 -> 6)
  Merging D + CE LUTs for $auto$ff.cc:337:slice$7615/remaining[6] (4 -> 6)
  Merging D + CE LUTs for $auto$ff.cc:337:slice$7613/remaining[6] (4 -> 6)
  Merging D + CE LUTs for $auto$ff.cc:337:slice$7608/remaining[6] (3 -> 6)
  Merging D + CE LUTs for $auto$ff.cc:337:slice$7607/remaining[6] (4 -> 6)
  Merging D + CE LUTs for $auto$ff.cc:337:slice$7606/remaining[6] (4 -> 6)
  Merging D + CE LUTs for $auto$ff.cc:337:slice$7602/remaining[6] (4 -> 6)
  Merging D + CE LUTs for $auto$ff.cc:337:slice$7600/remaining[6] (4 -> 6)
  Merging D + CE LUTs for $auto$ff.cc:337:slice$7599/remaining[6] (4 -> 6)
  Merging D + CE LUTs for $auto$ff.cc:337:slice$7592/remaining[7] (4 -> 6)
  Merging D + CE LUTs for $auto$ff.cc:337:slice$7591/remaining[7] (4 -> 6)
  Merging D + CE LUTs for $auto$ff.cc:337:slice$7590/remaining[7] (4 -> 6)
  Merging D + CE LUTs for $auto$ff.cc:337:slice$7588/remaining[7] (4 -> 6)
  Merging D + CE LUTs for $auto$ff.cc:337:slice$7583/remaining[7] (4 -> 6)
  Merging D + CE LUTs for $auto$ff.cc:337:slice$7582/remaining[7] (4 -> 6)
  Merging D + CE LUTs for $auto$ff.cc:337:slice$7580/remaining[7] (4 -> 6)
  Merging D + CE LUTs for $auto$ff.cc:337:slice$7575/remaining[7] (4 -> 6)
  Merging D + CE LUTs for $auto$ff.cc:337:slice$7574/remaining[7] (3 -> 6)
  Merging D + CE LUTs for $auto$ff.cc:337:slice$7570/remaining[7] (4 -> 6)
  Merging D + CE LUTs for $auto$ff.cc:337:slice$7568/remaining[7] (4 -> 6)
  Merging D + CE LUTs for $auto$ff.cc:337:slice$7567/remaining[7] (4 -> 6)
  Merging D + CE LUTs for $auto$ff.cc:337:slice$7566/remaining[7] (4 -> 6)
  Merging D + CE LUTs for $auto$ff.cc:337:slice$7557/remaining[8] (4 -> 6)
  Merging D + CE LUTs for $auto$ff.cc:337:slice$7555/remaining[8] (4 -> 6)
  Merging D + CE LUTs for $auto$ff.cc:337:slice$7554/remaining[8] (4 -> 6)
  Merging D + CE LUTs for $auto$ff.cc:337:slice$7553/remaining[8] (4 -> 6)
  Merging D + CE LUTs for $auto$ff.cc:337:slice$7552/remaining[8] (4 -> 6)
  Merging D + CE LUTs for $auto$ff.cc:337:slice$7549/remaining[8] (4 -> 6)
  Merging D + CE LUTs for $auto$ff.cc:337:slice$7548/remaining[8] (4 -> 6)
  Merging D + CE LUTs for $auto$ff.cc:337:slice$7547/remaining[8] (4 -> 6)
  Merging D + CE LUTs for $auto$ff.cc:337:slice$7546/remaining[8] (4 -> 6)
  Merging D + CE LUTs for $auto$ff.cc:337:slice$7545/remaining[8] (4 -> 6)
  Merging D + CE LUTs for $auto$ff.cc:337:slice$7544/remaining[8] (4 -> 6)
  Merging D + CE LUTs for $auto$ff.cc:337:slice$7543/remaining[8] (4 -> 6)
  Merging D + CE LUTs for $auto$ff.cc:337:slice$7542/remaining[8] (3 -> 6)
  Merging D + CE LUTs for $auto$ff.cc:337:slice$7541/remaining[8] (4 -> 6)
  Merging D + CE LUTs for $auto$ff.cc:337:slice$7540/remaining[8] (4 -> 6)
  Merging D + CE LUTs for $auto$ff.cc:337:slice$7534/remaining[8] (4 -> 6)
  Merging D + CE LUTs for $auto$ff.cc:337:slice$7530/remaining[9] (3 -> 6)
  Merging D + CE LUTs for $auto$ff.cc:337:slice$7529/remaining[9] (4 -> 6)
  Merging D + CE LUTs for $auto$ff.cc:337:slice$7528/remaining[9] (4 -> 6)
  Merging D + CE LUTs for $auto$ff.cc:337:slice$7523/remaining[9] (4 -> 6)
  Merging D + CE LUTs for $auto$ff.cc:337:slice$7522/remaining[9] (4 -> 6)
  Merging D + CE LUTs for $auto$ff.cc:337:slice$7521/remaining[9] (4 -> 6)
  Merging D + CE LUTs for $auto$ff.cc:337:slice$7520/remaining[9] (4 -> 6)
  Merging D + CE LUTs for $auto$ff.cc:337:slice$7518/remaining[9] (4 -> 6)
  Merging D + CE LUTs for $auto$ff.cc:337:slice$7517/remaining[9] (4 -> 6)
  Merging D + CE LUTs for $auto$ff.cc:337:slice$7515/remaining[9] (4 -> 6)
  Merging D + CE LUTs for $auto$ff.cc:337:slice$7514/remaining[9] (4 -> 6)
  Merging D + CE LUTs for $auto$ff.cc:337:slice$7513/remaining[9] (4 -> 6)
  Merging D + CE LUTs for $auto$ff.cc:337:slice$7509/remaining[9] (4 -> 6)
  Merging D + CE LUTs for $auto$ff.cc:337:slice$7507/remaining[9] (4 -> 6)
  Merging D + CE LUTs for $auto$ff.cc:337:slice$7506/remaining[9] (4 -> 6)
  Merging D + CE LUTs for $auto$ff.cc:337:slice$7505/remaining[9] (4 -> 6)
  Merging D + CE LUTs for $auto$ff.cc:337:slice$7504/remaining[9] (4 -> 6)
  Merging D + CE LUTs for $auto$ff.cc:337:slice$7503/remaining[9] (4 -> 6)
  Merging D + CE LUTs for $auto$ff.cc:337:slice$7501/remaining[9] (4 -> 6)
  Merging D + CE LUTs for $auto$ff.cc:337:slice$7495/remaining[10] (4 -> 6)
  Merging D + CE LUTs for $auto$ff.cc:337:slice$7494/remaining[10] (4 -> 6)
  Merging D + CE LUTs for $auto$ff.cc:337:slice$7493/remaining[10] (4 -> 6)
  Merging D + CE LUTs for $auto$ff.cc:337:slice$7492/remaining[10] (4 -> 6)
  Merging D + CE LUTs for $auto$ff.cc:337:slice$7491/remaining[10] (4 -> 6)
  Merging D + CE LUTs for $auto$ff.cc:337:slice$7490/remaining[10] (4 -> 6)
  Merging D + CE LUTs for $auto$ff.cc:337:slice$7488/remaining[10] (4 -> 6)
  Merging D + CE LUTs for $auto$ff.cc:337:slice$7484/remaining[10] (4 -> 6)
  Merging D + CE LUTs for $auto$ff.cc:337:slice$7481/remaining[10] (3 -> 6)
  Merging D + CE LUTs for $auto$ff.cc:337:slice$7480/remaining[10] (4 -> 6)
  Merging D + CE LUTs for $auto$ff.cc:337:slice$7478/remaining[10] (4 -> 6)
  Merging D + CE LUTs for $auto$ff.cc:337:slice$7477/remaining[10] (3 -> 6)
  Merging D + CE LUTs for $auto$ff.cc:337:slice$7475/remaining[10] (3 -> 6)
  Merging D + CE LUTs for $auto$ff.cc:337:slice$7473/remaining[10] (4 -> 6)
  Merging D + CE LUTs for $auto$ff.cc:337:slice$7472/remaining[10] (4 -> 6)
  Merging D + CE LUTs for $auto$ff.cc:337:slice$7471/remaining[10] (4 -> 6)
  Merging D + CE LUTs for $auto$ff.cc:337:slice$7470/remaining[10] (4 -> 6)
  Merging D + CE LUTs for $auto$ff.cc:337:slice$7469/remaining[10] (4 -> 6)
  Merging D + CE LUTs for $auto$ff.cc:337:slice$7464/remaining[11] (4 -> 6)
  Merging D + CE LUTs for $auto$ff.cc:337:slice$7461/remaining[11] (4 -> 6)
  Merging D + CE LUTs for $auto$ff.cc:337:slice$7460/remaining[11] (4 -> 6)
  Merging D + CE LUTs for $auto$ff.cc:337:slice$7455/remaining[11] (3 -> 6)
  Merging D + CE LUTs for $auto$ff.cc:337:slice$7451/remaining[11] (4 -> 6)
  Merging D + CE LUTs for $auto$ff.cc:337:slice$7443/remaining[11] (4 -> 6)
  Merging D + CE LUTs for $auto$ff.cc:337:slice$7436/remaining[11] (4 -> 6)
  Merging D + CE LUTs for $auto$ff.cc:337:slice$7435/remaining[11] (4 -> 6)
  Merging D + CE LUTs for $auto$ff.cc:337:slice$7423/remaining[12] (4 -> 6)
  Merging D + CE LUTs for $auto$ff.cc:337:slice$7422/remaining[12] (4 -> 6)
  Merging D + CE LUTs for $auto$ff.cc:337:slice$7421/remaining[12] (3 -> 6)
  Merging D + CE LUTs for $auto$ff.cc:337:slice$7420/remaining[12] (4 -> 6)
  Merging D + CE LUTs for $auto$ff.cc:337:slice$7419/remaining[12] (4 -> 6)
  Merging D + CE LUTs for $auto$ff.cc:337:slice$7418/remaining[12] (4 -> 6)
  Merging D + CE LUTs for $auto$ff.cc:337:slice$7417/remaining[12] (4 -> 6)
  Merging D + CE LUTs for $auto$ff.cc:337:slice$7416/remaining[12] (4 -> 6)
  Merging D + CE LUTs for $auto$ff.cc:337:slice$7415/remaining[12] (4 -> 6)
  Merging D + CE LUTs for $auto$ff.cc:337:slice$7414/remaining[12] (4 -> 6)
  Merging D + CE LUTs for $auto$ff.cc:337:slice$7413/remaining[12] (3 -> 6)
  Merging D + CE LUTs for $auto$ff.cc:337:slice$7412/remaining[12] (4 -> 6)
  Merging D + CE LUTs for $auto$ff.cc:337:slice$7411/remaining[12] (4 -> 6)
  Merging D + CE LUTs for $auto$ff.cc:337:slice$7410/remaining[12] (4 -> 6)
  Merging D + CE LUTs for $auto$ff.cc:337:slice$7409/remaining[12] (4 -> 6)
  Merging D + CE LUTs for $auto$ff.cc:337:slice$7408/remaining[12] (4 -> 6)
  Merging D + CE LUTs for $auto$ff.cc:337:slice$7407/remaining[12] (4 -> 6)
  Merging D + CE LUTs for $auto$ff.cc:337:slice$7406/remaining[12] (3 -> 6)
  Merging D + CE LUTs for $auto$ff.cc:337:slice$7405/remaining[12] (4 -> 6)
  Merging D + CE LUTs for $auto$ff.cc:337:slice$7404/remaining[12] (3 -> 6)
  Merging D + CE LUTs for $auto$ff.cc:337:slice$7403/remaining[12] (3 -> 6)
  Merging D + CE LUTs for $auto$ff.cc:337:slice$7402/remaining[12] (4 -> 6)
  Merging D + CE LUTs for $auto$ff.cc:337:slice$7401/remaining[12] (3 -> 6)
  Merging D + CE LUTs for $auto$ff.cc:337:slice$7400/remaining[12] (3 -> 6)
  Merging D + CE LUTs for $auto$ff.cc:337:slice$7399/remaining[12] (4 -> 6)
  Merging D + CE LUTs for $auto$ff.cc:337:slice$7398/remaining[12] (3 -> 6)
  Merging D + CE LUTs for $auto$ff.cc:337:slice$7397/remaining[12] (3 -> 6)
  Merging D + CE LUTs for $auto$ff.cc:337:slice$7396/remaining[12] (3 -> 6)
  Merging D + CE LUTs for $auto$ff.cc:337:slice$7395/remaining[12] (4 -> 6)
  Merging D + CE LUTs for $auto$ff.cc:337:slice$7394/remaining[12] (3 -> 6)
  Merging D + CE LUTs for $auto$ff.cc:337:slice$7392/group_minimum[12] (2 -> 5)
  Merging D + CE LUTs for $auto$ff.cc:337:slice$7391/group_minimum[12] (2 -> 5)
  Merging D + CE LUTs for $auto$ff.cc:337:slice$7390/group_minimum[12] (2 -> 5)
  Merging D + CE LUTs for $auto$ff.cc:337:slice$7389/group_minimum[12] (2 -> 5)
  Merging D + CE LUTs for $auto$ff.cc:337:slice$7388/group_minimum[12] (2 -> 5)
  Merging D + CE LUTs for $auto$ff.cc:337:slice$7387/group_minimum[12] (2 -> 5)
  Merging D + CE LUTs for $auto$ff.cc:337:slice$7386/group_minimum[12] (2 -> 5)
  Merging D + CE LUTs for $auto$ff.cc:337:slice$7385/group_minimum[12] (2 -> 5)
  Merging D + CE LUTs for $auto$ff.cc:337:slice$7384/group_minimum[12] (2 -> 5)
  Merging D + CE LUTs for $auto$ff.cc:337:slice$7383/group_minimum[12] (2 -> 5)
  Merging D + CE LUTs for $auto$ff.cc:337:slice$7382/group_minimum[12] (2 -> 5)
  Merging D + CE LUTs for $auto$ff.cc:337:slice$7381/group_minimum[12] (2 -> 5)
  Merging D + CE LUTs for $auto$ff.cc:337:slice$7380/group_minimum[12] (2 -> 5)
  Merging D + CE LUTs for $auto$ff.cc:337:slice$7379/group_minimum[12] (2 -> 5)
  Merging D + CE LUTs for $auto$ff.cc:337:slice$7378/group_minimum[12] (2 -> 5)
  Merging D + CE LUTs for $auto$ff.cc:337:slice$7376/group_minimum[0] (2 -> 5)
  Merging D + CE LUTs for $auto$ff.cc:337:slice$7375/group_minimum[0] (2 -> 5)
  Merging D + CE LUTs for $auto$ff.cc:337:slice$7374/group_minimum[0] (2 -> 5)
  Merging D + CE LUTs for $auto$ff.cc:337:slice$7373/group_minimum[0] (2 -> 5)
  Merging D + CE LUTs for $auto$ff.cc:337:slice$7372/group_minimum[0] (2 -> 5)
  Merging D + CE LUTs for $auto$ff.cc:337:slice$7371/group_minimum[0] (2 -> 5)
  Merging D + CE LUTs for $auto$ff.cc:337:slice$7370/group_minimum[0] (2 -> 5)
  Merging D + CE LUTs for $auto$ff.cc:337:slice$7369/group_minimum[0] (2 -> 5)
  Merging D + CE LUTs for $auto$ff.cc:337:slice$7368/group_minimum[0] (2 -> 5)
  Merging D + CE LUTs for $auto$ff.cc:337:slice$7367/group_minimum[0] (2 -> 5)
  Merging D + CE LUTs for $auto$ff.cc:337:slice$7366/group_minimum[0] (2 -> 5)
  Merging D + CE LUTs for $auto$ff.cc:337:slice$7365/group_minimum[0] (2 -> 5)
  Merging D + CE LUTs for $auto$ff.cc:337:slice$7364/group_minimum[0] (2 -> 5)
  Merging D + CE LUTs for $auto$ff.cc:337:slice$7363/group_minimum[0] (2 -> 5)
  Merging D + CE LUTs for $auto$ff.cc:337:slice$7362/group_minimum[0] (2 -> 5)
  Merging D + CE LUTs for $auto$ff.cc:337:slice$7360/group_minimum[1] (2 -> 5)
  Merging D + CE LUTs for $auto$ff.cc:337:slice$7359/group_minimum[1] (2 -> 5)
  Merging D + CE LUTs for $auto$ff.cc:337:slice$7358/group_minimum[1] (2 -> 5)
  Merging D + CE LUTs for $auto$ff.cc:337:slice$7357/group_minimum[1] (2 -> 5)
  Merging D + CE LUTs for $auto$ff.cc:337:slice$7356/group_minimum[1] (2 -> 5)
  Merging D + CE LUTs for $auto$ff.cc:337:slice$7355/group_minimum[1] (2 -> 5)
  Merging D + CE LUTs for $auto$ff.cc:337:slice$7354/group_minimum[1] (2 -> 5)
  Merging D + CE LUTs for $auto$ff.cc:337:slice$7353/group_minimum[1] (2 -> 5)
  Merging D + CE LUTs for $auto$ff.cc:337:slice$7352/group_minimum[1] (2 -> 5)
  Merging D + CE LUTs for $auto$ff.cc:337:slice$7351/group_minimum[1] (2 -> 5)
  Merging D + CE LUTs for $auto$ff.cc:337:slice$7350/group_minimum[1] (2 -> 5)
  Merging D + CE LUTs for $auto$ff.cc:337:slice$7349/group_minimum[1] (2 -> 5)
  Merging D + CE LUTs for $auto$ff.cc:337:slice$7348/group_minimum[1] (2 -> 5)
  Merging D + CE LUTs for $auto$ff.cc:337:slice$7347/group_minimum[1] (2 -> 5)
  Merging D + CE LUTs for $auto$ff.cc:337:slice$7346/group_minimum[1] (2 -> 5)
  Merging D + CE LUTs for $auto$ff.cc:337:slice$7344/group_minimum[2] (2 -> 5)
  Merging D + CE LUTs for $auto$ff.cc:337:slice$7343/group_minimum[2] (2 -> 5)
  Merging D + CE LUTs for $auto$ff.cc:337:slice$7342/group_minimum[2] (2 -> 5)
  Merging D + CE LUTs for $auto$ff.cc:337:slice$7341/group_minimum[2] (2 -> 5)
  Merging D + CE LUTs for $auto$ff.cc:337:slice$7340/group_minimum[2] (2 -> 5)
  Merging D + CE LUTs for $auto$ff.cc:337:slice$7339/group_minimum[2] (2 -> 5)
  Merging D + CE LUTs for $auto$ff.cc:337:slice$7338/group_minimum[2] (2 -> 5)
  Merging D + CE LUTs for $auto$ff.cc:337:slice$7337/group_minimum[2] (2 -> 5)
  Merging D + CE LUTs for $auto$ff.cc:337:slice$7336/group_minimum[2] (2 -> 5)
  Merging D + CE LUTs for $auto$ff.cc:337:slice$7335/group_minimum[2] (2 -> 5)
  Merging D + CE LUTs for $auto$ff.cc:337:slice$7334/group_minimum[2] (2 -> 5)
  Merging D + CE LUTs for $auto$ff.cc:337:slice$7333/group_minimum[2] (2 -> 5)
  Merging D + CE LUTs for $auto$ff.cc:337:slice$7332/group_minimum[2] (2 -> 5)
  Merging D + CE LUTs for $auto$ff.cc:337:slice$7331/group_minimum[2] (2 -> 5)
  Merging D + CE LUTs for $auto$ff.cc:337:slice$7330/group_minimum[2] (2 -> 5)
  Merging D + CE LUTs for $auto$ff.cc:337:slice$7328/group_minimum[3] (2 -> 5)
  Merging D + CE LUTs for $auto$ff.cc:337:slice$7327/group_minimum[3] (2 -> 5)
  Merging D + CE LUTs for $auto$ff.cc:337:slice$7326/group_minimum[3] (2 -> 5)
  Merging D + CE LUTs for $auto$ff.cc:337:slice$7325/group_minimum[3] (2 -> 5)
  Merging D + CE LUTs for $auto$ff.cc:337:slice$7324/group_minimum[3] (2 -> 5)
  Merging D + CE LUTs for $auto$ff.cc:337:slice$7323/group_minimum[3] (2 -> 5)
  Merging D + CE LUTs for $auto$ff.cc:337:slice$7322/group_minimum[3] (2 -> 5)
  Merging D + CE LUTs for $auto$ff.cc:337:slice$7321/group_minimum[3] (2 -> 5)
  Merging D + CE LUTs for $auto$ff.cc:337:slice$7320/group_minimum[3] (2 -> 5)
  Merging D + CE LUTs for $auto$ff.cc:337:slice$7319/group_minimum[3] (2 -> 5)
  Merging D + CE LUTs for $auto$ff.cc:337:slice$7318/group_minimum[3] (2 -> 5)
  Merging D + CE LUTs for $auto$ff.cc:337:slice$7317/group_minimum[3] (2 -> 5)
  Merging D + CE LUTs for $auto$ff.cc:337:slice$7316/group_minimum[3] (2 -> 5)
  Merging D + CE LUTs for $auto$ff.cc:337:slice$7315/group_minimum[3] (2 -> 5)
  Merging D + CE LUTs for $auto$ff.cc:337:slice$7314/group_minimum[3] (2 -> 5)
  Merging D + CE LUTs for $auto$ff.cc:337:slice$7312/group_minimum[4] (2 -> 5)
  Merging D + CE LUTs for $auto$ff.cc:337:slice$7311/group_minimum[4] (2 -> 5)
  Merging D + CE LUTs for $auto$ff.cc:337:slice$7310/group_minimum[4] (2 -> 5)
  Merging D + CE LUTs for $auto$ff.cc:337:slice$7309/group_minimum[4] (2 -> 5)
  Merging D + CE LUTs for $auto$ff.cc:337:slice$7308/group_minimum[4] (2 -> 5)
  Merging D + CE LUTs for $auto$ff.cc:337:slice$7307/group_minimum[4] (2 -> 5)
  Merging D + CE LUTs for $auto$ff.cc:337:slice$7306/group_minimum[4] (2 -> 5)
  Merging D + CE LUTs for $auto$ff.cc:337:slice$7305/group_minimum[4] (2 -> 5)
  Merging D + CE LUTs for $auto$ff.cc:337:slice$7304/group_minimum[4] (2 -> 5)
  Merging D + CE LUTs for $auto$ff.cc:337:slice$7303/group_minimum[4] (2 -> 5)
  Merging D + CE LUTs for $auto$ff.cc:337:slice$7302/group_minimum[4] (2 -> 5)
  Merging D + CE LUTs for $auto$ff.cc:337:slice$7301/group_minimum[4] (2 -> 5)
  Merging D + CE LUTs for $auto$ff.cc:337:slice$7300/group_minimum[4] (2 -> 5)
  Merging D + CE LUTs for $auto$ff.cc:337:slice$7299/group_minimum[4] (2 -> 5)
  Merging D + CE LUTs for $auto$ff.cc:337:slice$7298/group_minimum[4] (2 -> 5)
  Merging D + CE LUTs for $auto$ff.cc:337:slice$7296/group_minimum[5] (2 -> 5)
  Merging D + CE LUTs for $auto$ff.cc:337:slice$7295/group_minimum[5] (2 -> 5)
  Merging D + CE LUTs for $auto$ff.cc:337:slice$7294/group_minimum[5] (2 -> 5)
  Merging D + CE LUTs for $auto$ff.cc:337:slice$7293/group_minimum[5] (2 -> 5)
  Merging D + CE LUTs for $auto$ff.cc:337:slice$7292/group_minimum[5] (2 -> 5)
  Merging D + CE LUTs for $auto$ff.cc:337:slice$7291/group_minimum[5] (2 -> 5)
  Merging D + CE LUTs for $auto$ff.cc:337:slice$7290/group_minimum[5] (2 -> 5)
  Merging D + CE LUTs for $auto$ff.cc:337:slice$7289/group_minimum[5] (2 -> 5)
  Merging D + CE LUTs for $auto$ff.cc:337:slice$7288/group_minimum[5] (2 -> 5)
  Merging D + CE LUTs for $auto$ff.cc:337:slice$7287/group_minimum[5] (2 -> 5)
  Merging D + CE LUTs for $auto$ff.cc:337:slice$7286/group_minimum[5] (2 -> 5)
  Merging D + CE LUTs for $auto$ff.cc:337:slice$7285/group_minimum[5] (2 -> 5)
  Merging D + CE LUTs for $auto$ff.cc:337:slice$7284/group_minimum[5] (2 -> 5)
  Merging D + CE LUTs for $auto$ff.cc:337:slice$7283/group_minimum[5] (2 -> 5)
  Merging D + CE LUTs for $auto$ff.cc:337:slice$7282/group_minimum[5] (2 -> 5)
  Merging D + CE LUTs for $auto$ff.cc:337:slice$7280/group_minimum[6] (2 -> 5)
  Merging D + CE LUTs for $auto$ff.cc:337:slice$7279/group_minimum[6] (2 -> 5)
  Merging D + CE LUTs for $auto$ff.cc:337:slice$7278/group_minimum[6] (2 -> 5)
  Merging D + CE LUTs for $auto$ff.cc:337:slice$7277/group_minimum[6] (2 -> 5)
  Merging D + CE LUTs for $auto$ff.cc:337:slice$7276/group_minimum[6] (2 -> 5)
  Merging D + CE LUTs for $auto$ff.cc:337:slice$7275/group_minimum[6] (2 -> 5)
  Merging D + CE LUTs for $auto$ff.cc:337:slice$7274/group_minimum[6] (2 -> 5)
  Merging D + CE LUTs for $auto$ff.cc:337:slice$7273/group_minimum[6] (2 -> 5)
  Merging D + CE LUTs for $auto$ff.cc:337:slice$7272/group_minimum[6] (2 -> 5)
  Merging D + CE LUTs for $auto$ff.cc:337:slice$7271/group_minimum[6] (2 -> 5)
  Merging D + CE LUTs for $auto$ff.cc:337:slice$7270/group_minimum[6] (2 -> 5)
  Merging D + CE LUTs for $auto$ff.cc:337:slice$7269/group_minimum[6] (2 -> 5)
  Merging D + CE LUTs for $auto$ff.cc:337:slice$7268/group_minimum[6] (2 -> 5)
  Merging D + CE LUTs for $auto$ff.cc:337:slice$7267/group_minimum[6] (2 -> 5)
  Merging D + CE LUTs for $auto$ff.cc:337:slice$7266/group_minimum[6] (2 -> 5)
  Merging D + CE LUTs for $auto$ff.cc:337:slice$7264/group_minimum[7] (2 -> 5)
  Merging D + CE LUTs for $auto$ff.cc:337:slice$7263/group_minimum[7] (2 -> 5)
  Merging D + CE LUTs for $auto$ff.cc:337:slice$7262/group_minimum[7] (2 -> 5)
  Merging D + CE LUTs for $auto$ff.cc:337:slice$7261/group_minimum[7] (2 -> 5)
  Merging D + CE LUTs for $auto$ff.cc:337:slice$7260/group_minimum[7] (2 -> 5)
  Merging D + CE LUTs for $auto$ff.cc:337:slice$7259/group_minimum[7] (2 -> 5)
  Merging D + CE LUTs for $auto$ff.cc:337:slice$7258/group_minimum[7] (2 -> 5)
  Merging D + CE LUTs for $auto$ff.cc:337:slice$7257/group_minimum[7] (2 -> 5)
  Merging D + CE LUTs for $auto$ff.cc:337:slice$7256/group_minimum[7] (2 -> 5)
  Merging D + CE LUTs for $auto$ff.cc:337:slice$7255/group_minimum[7] (2 -> 5)
  Merging D + CE LUTs for $auto$ff.cc:337:slice$7254/group_minimum[7] (2 -> 5)
  Merging D + CE LUTs for $auto$ff.cc:337:slice$7253/group_minimum[7] (2 -> 5)
  Merging D + CE LUTs for $auto$ff.cc:337:slice$7252/group_minimum[7] (2 -> 5)
  Merging D + CE LUTs for $auto$ff.cc:337:slice$7251/group_minimum[7] (2 -> 5)
  Merging D + CE LUTs for $auto$ff.cc:337:slice$7250/group_minimum[7] (2 -> 5)
  Merging D + CE LUTs for $auto$ff.cc:337:slice$7248/group_minimum[8] (2 -> 5)
  Merging D + CE LUTs for $auto$ff.cc:337:slice$7247/group_minimum[8] (2 -> 5)
  Merging D + CE LUTs for $auto$ff.cc:337:slice$7246/group_minimum[8] (2 -> 5)
  Merging D + CE LUTs for $auto$ff.cc:337:slice$7245/group_minimum[8] (2 -> 5)
  Merging D + CE LUTs for $auto$ff.cc:337:slice$7244/group_minimum[8] (2 -> 5)
  Merging D + CE LUTs for $auto$ff.cc:337:slice$7243/group_minimum[8] (2 -> 5)
  Merging D + CE LUTs for $auto$ff.cc:337:slice$7242/group_minimum[8] (2 -> 5)
  Merging D + CE LUTs for $auto$ff.cc:337:slice$7241/group_minimum[8] (2 -> 5)
  Merging D + CE LUTs for $auto$ff.cc:337:slice$7240/group_minimum[8] (2 -> 5)
  Merging D + CE LUTs for $auto$ff.cc:337:slice$7239/group_minimum[8] (2 -> 5)
  Merging D + CE LUTs for $auto$ff.cc:337:slice$7238/group_minimum[8] (2 -> 5)
  Merging D + CE LUTs for $auto$ff.cc:337:slice$7237/group_minimum[8] (2 -> 5)
  Merging D + CE LUTs for $auto$ff.cc:337:slice$7236/group_minimum[8] (2 -> 5)
  Merging D + CE LUTs for $auto$ff.cc:337:slice$7235/group_minimum[8] (2 -> 5)
  Merging D + CE LUTs for $auto$ff.cc:337:slice$7234/group_minimum[8] (2 -> 5)
  Merging D + CE LUTs for $auto$ff.cc:337:slice$7232/group_minimum[9] (2 -> 5)
  Merging D + CE LUTs for $auto$ff.cc:337:slice$7231/group_minimum[9] (2 -> 5)
  Merging D + CE LUTs for $auto$ff.cc:337:slice$7230/group_minimum[9] (2 -> 5)
  Merging D + CE LUTs for $auto$ff.cc:337:slice$7229/group_minimum[9] (2 -> 5)
  Merging D + CE LUTs for $auto$ff.cc:337:slice$7228/group_minimum[9] (2 -> 5)
  Merging D + CE LUTs for $auto$ff.cc:337:slice$7227/group_minimum[9] (2 -> 5)
  Merging D + CE LUTs for $auto$ff.cc:337:slice$7226/group_minimum[9] (2 -> 5)
  Merging D + CE LUTs for $auto$ff.cc:337:slice$7225/group_minimum[9] (2 -> 5)
  Merging D + CE LUTs for $auto$ff.cc:337:slice$7224/group_minimum[9] (2 -> 5)
  Merging D + CE LUTs for $auto$ff.cc:337:slice$7223/group_minimum[9] (2 -> 5)
  Merging D + CE LUTs for $auto$ff.cc:337:slice$7222/group_minimum[9] (2 -> 5)
  Merging D + CE LUTs for $auto$ff.cc:337:slice$7221/group_minimum[9] (2 -> 5)
  Merging D + CE LUTs for $auto$ff.cc:337:slice$7220/group_minimum[9] (2 -> 5)
  Merging D + CE LUTs for $auto$ff.cc:337:slice$7219/group_minimum[9] (2 -> 5)
  Merging D + CE LUTs for $auto$ff.cc:337:slice$7218/group_minimum[9] (2 -> 5)
  Merging D + CE LUTs for $auto$ff.cc:337:slice$7897/group_minimum[10] (2 -> 5)
  Merging D + CE LUTs for $auto$ff.cc:337:slice$7881/group_minimum[11] (2 -> 5)
  Merging D + CE LUTs for $auto$ff.cc:337:slice$7788/remaining[0] (4 -> 6)
  Merging D + CE LUTs for $auto$ff.cc:337:slice$7724/remaining[2] (4 -> 6)
  Merging D + CE LUTs for $auto$ff.cc:337:slice$7692/remaining[3] (3 -> 6)
  Merging D + CE LUTs for $auto$ff.cc:337:slice$7660/remaining[4] (4 -> 6)
  Merging D + CE LUTs for $auto$ff.cc:337:slice$7500/remaining[9] (4 -> 6)
  Merging D + CE LUTs for $auto$ff.cc:337:slice$7468/remaining[10] (4 -> 6)
  Merging D + CE LUTs for $auto$ff.cc:337:slice$7434/remaining[11] (4 -> 6)
  Merging D + CE LUTs for $auto$ff.cc:337:slice$7393/remaining[12] (4 -> 6)
  Merging D + CE LUTs for $auto$ff.cc:337:slice$7377/group_minimum[12] (2 -> 5)
  Merging D + CE LUTs for $auto$ff.cc:337:slice$7361/group_minimum[0] (2 -> 5)
  Merging D + CE LUTs for $auto$ff.cc:337:slice$7345/group_minimum[1] (2 -> 5)
  Merging D + CE LUTs for $auto$ff.cc:337:slice$7329/group_minimum[2] (2 -> 5)
  Merging D + CE LUTs for $auto$ff.cc:337:slice$7313/group_minimum[3] (2 -> 5)
  Merging D + CE LUTs for $auto$ff.cc:337:slice$7297/group_minimum[4] (2 -> 5)
  Merging D + CE LUTs for $auto$ff.cc:337:slice$7281/group_minimum[5] (2 -> 5)
  Merging D + CE LUTs for $auto$ff.cc:337:slice$7265/group_minimum[6] (2 -> 5)
  Merging D + CE LUTs for $auto$ff.cc:337:slice$7249/group_minimum[7] (2 -> 5)
  Merging D + CE LUTs for $auto$ff.cc:337:slice$7233/group_minimum[8] (2 -> 5)

5.47. Executing OPT_LUT_INS pass (discard unused LUT inputs).
Optimizing LUTs in $paramod$b5bfe1d4fce40940586b6e35fec61194ae5a8fde\cap_pdb_state_wide_bank.
Optimizing LUTs in $paramod$cbc3189b30a0f0ae8c16e45df15b3f5a54303a8f\cap_pdb_masked_min32.
  Optimizing lut $abc$47599$auto$blifparse.cc:557:parse_blif$48685.genblk1.genblk1.genblk1.genblk1.genblk1.genblk1.genblk1.genblk1.genblk1.lut0 (6 -> 3)
  Optimizing lut $abc$47599$auto$blifparse.cc:557:parse_blif$47602.genblk1.genblk1.genblk1.genblk1.genblk1.genblk1.genblk1.genblk1.genblk1.lut0 (6 -> 3)
  Optimizing lut $abc$47599$auto$blifparse.cc:557:parse_blif$47602.genblk1.genblk1.genblk1.genblk1.genblk1.genblk1.genblk1.genblk1.genblk1.lut1 (6 -> 3)
  Optimizing lut $abc$47599$auto$blifparse.cc:557:parse_blif$47607.genblk1.genblk1.genblk1.genblk1.genblk1.genblk1.genblk1.genblk1.genblk1.lut1 (6 -> 3)
  Optimizing lut $abc$47599$auto$blifparse.cc:557:parse_blif$47613.genblk1.genblk1.genblk1.genblk1.genblk1.genblk1.genblk1.genblk1.genblk1.lut0 (6 -> 3)
  Optimizing lut $abc$47599$auto$blifparse.cc:557:parse_blif$47613.genblk1.genblk1.genblk1.genblk1.genblk1.genblk1.genblk1.genblk1.genblk1.lut1 (6 -> 3)
  Optimizing lut $abc$47599$auto$blifparse.cc:557:parse_blif$47618.genblk1.genblk1.genblk1.genblk1.genblk1.genblk1.genblk1.genblk1.genblk1.lut1 (6 -> 3)
  Optimizing lut $abc$47599$auto$blifparse.cc:557:parse_blif$47607.genblk1.genblk1.genblk1.genblk1.genblk1.genblk1.genblk1.genblk1.genblk1.lut0 (6 -> 3)
  Optimizing lut $abc$47599$auto$blifparse.cc:557:parse_blif$47624.genblk1.genblk1.genblk1.genblk1.genblk1.genblk1.genblk1.genblk1.genblk1.lut0 (6 -> 3)
  Optimizing lut $abc$47599$auto$blifparse.cc:557:parse_blif$47624.genblk1.genblk1.genblk1.genblk1.genblk1.genblk1.genblk1.genblk1.genblk1.lut1 (6 -> 3)
  Optimizing lut $abc$47599$auto$blifparse.cc:557:parse_blif$47629.genblk1.genblk1.genblk1.genblk1.genblk1.genblk1.genblk1.genblk1.genblk1.lut1 (6 -> 3)
  Optimizing lut $abc$47599$auto$blifparse.cc:557:parse_blif$47618.genblk1.genblk1.genblk1.genblk1.genblk1.genblk1.genblk1.genblk1.genblk1.lut0 (6 -> 3)
  Optimizing lut $abc$47599$auto$blifparse.cc:557:parse_blif$47635.genblk1.genblk1.genblk1.genblk1.genblk1.genblk1.genblk1.genblk1.genblk1.lut0 (6 -> 3)
  Optimizing lut $abc$47599$auto$blifparse.cc:557:parse_blif$47635.genblk1.genblk1.genblk1.genblk1.genblk1.genblk1.genblk1.genblk1.genblk1.lut1 (6 -> 3)
  Optimizing lut $abc$47599$auto$blifparse.cc:557:parse_blif$47640.genblk1.genblk1.genblk1.genblk1.genblk1.genblk1.genblk1.genblk1.genblk1.lut1 (6 -> 3)
  Optimizing lut $abc$47599$auto$blifparse.cc:557:parse_blif$47629.genblk1.genblk1.genblk1.genblk1.genblk1.genblk1.genblk1.genblk1.genblk1.lut0 (6 -> 3)
  Optimizing lut $abc$47599$auto$blifparse.cc:557:parse_blif$47646.genblk1.genblk1.genblk1.genblk1.genblk1.genblk1.genblk1.genblk1.genblk1.lut0 (6 -> 3)
  Optimizing lut $abc$47599$auto$blifparse.cc:557:parse_blif$47646.genblk1.genblk1.genblk1.genblk1.genblk1.genblk1.genblk1.genblk1.genblk1.lut1 (6 -> 3)
  Optimizing lut $abc$47599$auto$blifparse.cc:557:parse_blif$47651.genblk1.genblk1.genblk1.genblk1.genblk1.genblk1.genblk1.genblk1.genblk1.lut1 (6 -> 3)
  Optimizing lut $abc$47599$auto$blifparse.cc:557:parse_blif$47640.genblk1.genblk1.genblk1.genblk1.genblk1.genblk1.genblk1.genblk1.genblk1.lut0 (6 -> 3)
  Optimizing lut $abc$47599$auto$blifparse.cc:557:parse_blif$47657.genblk1.genblk1.genblk1.genblk1.genblk1.genblk1.genblk1.genblk1.genblk1.lut0 (6 -> 3)
  Optimizing lut $abc$47599$auto$blifparse.cc:557:parse_blif$47657.genblk1.genblk1.genblk1.genblk1.genblk1.genblk1.genblk1.genblk1.genblk1.lut1 (6 -> 3)
  Optimizing lut $abc$47599$auto$blifparse.cc:557:parse_blif$47662.genblk1.genblk1.genblk1.genblk1.genblk1.genblk1.genblk1.genblk1.genblk1.lut1 (6 -> 3)
  Optimizing lut $abc$47599$auto$blifparse.cc:557:parse_blif$47651.genblk1.genblk1.genblk1.genblk1.genblk1.genblk1.genblk1.genblk1.genblk1.lut0 (6 -> 3)
  Optimizing lut $abc$47599$auto$blifparse.cc:557:parse_blif$47669.genblk1.genblk1.genblk1.genblk1.genblk1.genblk1.genblk1.genblk1.genblk1.lut0 (6 -> 3)
  Optimizing lut $abc$47599$auto$blifparse.cc:557:parse_blif$47669.genblk1.genblk1.genblk1.genblk1.genblk1.genblk1.genblk1.genblk1.genblk1.lut1 (6 -> 3)
  Optimizing lut $abc$47599$auto$blifparse.cc:557:parse_blif$47674.genblk1.genblk1.genblk1.genblk1.genblk1.genblk1.genblk1.genblk1.genblk1.lut1 (6 -> 3)
  Optimizing lut $abc$47599$auto$blifparse.cc:557:parse_blif$47662.genblk1.genblk1.genblk1.genblk1.genblk1.genblk1.genblk1.genblk1.genblk1.lut0 (6 -> 3)
  Optimizing lut $abc$47599$auto$blifparse.cc:557:parse_blif$47680.genblk1.genblk1.genblk1.genblk1.genblk1.genblk1.genblk1.genblk1.genblk1.lut0 (6 -> 3)
  Optimizing lut $abc$47599$auto$blifparse.cc:557:parse_blif$47680.genblk1.genblk1.genblk1.genblk1.genblk1.genblk1.genblk1.genblk1.genblk1.lut1 (6 -> 3)
  Optimizing lut $abc$47599$auto$blifparse.cc:557:parse_blif$47685.genblk1.genblk1.genblk1.genblk1.genblk1.genblk1.genblk1.genblk1.genblk1.lut1 (6 -> 3)
  Optimizing lut $abc$47599$auto$blifparse.cc:557:parse_blif$47674.genblk1.genblk1.genblk1.genblk1.genblk1.genblk1.genblk1.genblk1.genblk1.lut0 (6 -> 3)
  Optimizing lut $abc$47599$auto$blifparse.cc:557:parse_blif$47691.genblk1.genblk1.genblk1.genblk1.genblk1.genblk1.genblk1.genblk1.genblk1.lut0 (6 -> 3)
  Optimizing lut $abc$47599$auto$blifparse.cc:557:parse_blif$47691.genblk1.genblk1.genblk1.genblk1.genblk1.genblk1.genblk1.genblk1.genblk1.lut1 (6 -> 3)
  Optimizing lut $abc$47599$auto$blifparse.cc:557:parse_blif$47696.genblk1.genblk1.genblk1.genblk1.genblk1.genblk1.genblk1.genblk1.genblk1.lut1 (6 -> 3)
  Optimizing lut $abc$47599$auto$blifparse.cc:557:parse_blif$47685.genblk1.genblk1.genblk1.genblk1.genblk1.genblk1.genblk1.genblk1.genblk1.lut0 (6 -> 3)
  Optimizing lut $abc$47599$auto$blifparse.cc:557:parse_blif$47702.genblk1.genblk1.genblk1.genblk1.genblk1.genblk1.genblk1.genblk1.genblk1.lut0 (6 -> 3)
  Optimizing lut $abc$47599$auto$blifparse.cc:557:parse_blif$47702.genblk1.genblk1.genblk1.genblk1.genblk1.genblk1.genblk1.genblk1.genblk1.lut1 (6 -> 3)
  Optimizing lut $abc$47599$auto$blifparse.cc:557:parse_blif$47707.genblk1.genblk1.genblk1.genblk1.genblk1.genblk1.genblk1.genblk1.genblk1.lut1 (6 -> 3)
  Optimizing lut $abc$47599$auto$blifparse.cc:557:parse_blif$47696.genblk1.genblk1.genblk1.genblk1.genblk1.genblk1.genblk1.genblk1.genblk1.lut0 (6 -> 3)
  Optimizing lut $abc$47599$auto$blifparse.cc:557:parse_blif$47713.genblk1.genblk1.genblk1.genblk1.genblk1.genblk1.genblk1.genblk1.genblk1.lut0 (6 -> 3)
  Optimizing lut $abc$47599$auto$blifparse.cc:557:parse_blif$47713.genblk1.genblk1.genblk1.genblk1.genblk1.genblk1.genblk1.genblk1.genblk1.lut1 (6 -> 3)
  Optimizing lut $abc$47599$auto$blifparse.cc:557:parse_blif$47718.genblk1.genblk1.genblk1.genblk1.genblk1.genblk1.genblk1.genblk1.genblk1.lut1 (6 -> 3)
  Optimizing lut $abc$47599$auto$blifparse.cc:557:parse_blif$47707.genblk1.genblk1.genblk1.genblk1.genblk1.genblk1.genblk1.genblk1.genblk1.lut0 (6 -> 3)
  Optimizing lut $abc$47599$auto$blifparse.cc:557:parse_blif$47724.genblk1.genblk1.genblk1.genblk1.genblk1.genblk1.genblk1.genblk1.genblk1.lut0 (6 -> 3)
  Optimizing lut $abc$47599$auto$blifparse.cc:557:parse_blif$47724.genblk1.genblk1.genblk1.genblk1.genblk1.genblk1.genblk1.genblk1.genblk1.lut1 (6 -> 3)
  Optimizing lut $abc$47599$auto$blifparse.cc:557:parse_blif$47729.genblk1.genblk1.genblk1.genblk1.genblk1.genblk1.genblk1.genblk1.genblk1.lut1 (6 -> 3)
  Optimizing lut $abc$47599$auto$blifparse.cc:557:parse_blif$47718.genblk1.genblk1.genblk1.genblk1.genblk1.genblk1.genblk1.genblk1.genblk1.lut0 (6 -> 3)
  Optimizing lut $abc$47599$auto$blifparse.cc:557:parse_blif$47736.genblk1.genblk1.genblk1.genblk1.genblk1.genblk1.genblk1.genblk1.genblk1.lut0 (6 -> 3)
  Optimizing lut $abc$47599$auto$blifparse.cc:557:parse_blif$47736.genblk1.genblk1.genblk1.genblk1.genblk1.genblk1.genblk1.genblk1.genblk1.lut1 (6 -> 3)
  Optimizing lut $abc$47599$auto$blifparse.cc:557:parse_blif$47741.genblk1.genblk1.genblk1.genblk1.genblk1.genblk1.genblk1.genblk1.genblk1.lut1 (6 -> 3)
  Optimizing lut $abc$47599$auto$blifparse.cc:557:parse_blif$47729.genblk1.genblk1.genblk1.genblk1.genblk1.genblk1.genblk1.genblk1.genblk1.lut0 (6 -> 3)
  Optimizing lut $abc$47599$auto$blifparse.cc:557:parse_blif$47747.genblk1.genblk1.genblk1.genblk1.genblk1.genblk1.genblk1.genblk1.genblk1.lut0 (6 -> 3)
  Optimizing lut $abc$47599$auto$blifparse.cc:557:parse_blif$47747.genblk1.genblk1.genblk1.genblk1.genblk1.genblk1.genblk1.genblk1.genblk1.lut1 (6 -> 3)
  Optimizing lut $abc$47599$auto$blifparse.cc:557:parse_blif$47752.genblk1.genblk1.genblk1.genblk1.genblk1.genblk1.genblk1.genblk1.genblk1.lut1 (6 -> 3)
  Optimizing lut $abc$47599$auto$blifparse.cc:557:parse_blif$47741.genblk1.genblk1.genblk1.genblk1.genblk1.genblk1.genblk1.genblk1.genblk1.lut0 (6 -> 3)
  Optimizing lut $abc$47599$auto$blifparse.cc:557:parse_blif$47758.genblk1.genblk1.genblk1.genblk1.genblk1.genblk1.genblk1.genblk1.genblk1.lut0 (6 -> 3)
  Optimizing lut $abc$47599$auto$blifparse.cc:557:parse_blif$47758.genblk1.genblk1.genblk1.genblk1.genblk1.genblk1.genblk1.genblk1.genblk1.lut1 (6 -> 3)
  Optimizing lut $abc$47599$auto$blifparse.cc:557:parse_blif$47763.genblk1.genblk1.genblk1.genblk1.genblk1.genblk1.genblk1.genblk1.genblk1.lut1 (6 -> 3)
  Optimizing lut $abc$47599$auto$blifparse.cc:557:parse_blif$47752.genblk1.genblk1.genblk1.genblk1.genblk1.genblk1.genblk1.genblk1.genblk1.lut0 (6 -> 3)
  Optimizing lut $abc$47599$auto$blifparse.cc:557:parse_blif$47769.genblk1.genblk1.genblk1.genblk1.genblk1.genblk1.genblk1.genblk1.genblk1.lut0 (6 -> 3)
  Optimizing lut $abc$47599$auto$blifparse.cc:557:parse_blif$47769.genblk1.genblk1.genblk1.genblk1.genblk1.genblk1.genblk1.genblk1.genblk1.lut1 (6 -> 3)
  Optimizing lut $abc$47599$auto$blifparse.cc:557:parse_blif$47774.genblk1.genblk1.genblk1.genblk1.genblk1.genblk1.genblk1.genblk1.genblk1.lut1 (6 -> 3)
  Optimizing lut $abc$47599$auto$blifparse.cc:557:parse_blif$47763.genblk1.genblk1.genblk1.genblk1.genblk1.genblk1.genblk1.genblk1.genblk1.lut0 (6 -> 3)
  Optimizing lut $abc$47599$auto$blifparse.cc:557:parse_blif$47780.genblk1.genblk1.genblk1.genblk1.genblk1.genblk1.genblk1.genblk1.genblk1.lut0 (6 -> 3)
  Optimizing lut $abc$47599$auto$blifparse.cc:557:parse_blif$47780.genblk1.genblk1.genblk1.genblk1.genblk1.genblk1.genblk1.genblk1.genblk1.lut1 (6 -> 3)
  Optimizing lut $abc$47599$auto$blifparse.cc:557:parse_blif$47785.genblk1.genblk1.genblk1.genblk1.genblk1.genblk1.genblk1.genblk1.genblk1.lut1 (6 -> 3)
  Optimizing lut $abc$47599$auto$blifparse.cc:557:parse_blif$47774.genblk1.genblk1.genblk1.genblk1.genblk1.genblk1.genblk1.genblk1.genblk1.lut0 (6 -> 3)
  Optimizing lut $abc$47599$auto$blifparse.cc:557:parse_blif$47791.genblk1.genblk1.genblk1.genblk1.genblk1.genblk1.genblk1.genblk1.genblk1.lut0 (6 -> 3)
  Optimizing lut $abc$47599$auto$blifparse.cc:557:parse_blif$47791.genblk1.genblk1.genblk1.genblk1.genblk1.genblk1.genblk1.genblk1.genblk1.lut1 (6 -> 3)
  Optimizing lut $abc$47599$auto$blifparse.cc:557:parse_blif$47796.genblk1.genblk1.genblk1.genblk1.genblk1.genblk1.genblk1.genblk1.genblk1.lut1 (6 -> 3)
  Optimizing lut $abc$47599$auto$blifparse.cc:557:parse_blif$47785.genblk1.genblk1.genblk1.genblk1.genblk1.genblk1.genblk1.genblk1.genblk1.lut0 (6 -> 3)
  Optimizing lut $abc$47599$auto$blifparse.cc:557:parse_blif$47803.genblk1.genblk1.genblk1.genblk1.genblk1.genblk1.genblk1.genblk1.genblk1.lut0 (6 -> 3)
  Optimizing lut $abc$47599$auto$blifparse.cc:557:parse_blif$47803.genblk1.genblk1.genblk1.genblk1.genblk1.genblk1.genblk1.genblk1.genblk1.lut1 (6 -> 3)
  Optimizing lut $abc$47599$auto$blifparse.cc:557:parse_blif$47808.genblk1.genblk1.genblk1.genblk1.genblk1.genblk1.genblk1.genblk1.genblk1.lut1 (6 -> 3)
  Optimizing lut $abc$47599$auto$blifparse.cc:557:parse_blif$47796.genblk1.genblk1.genblk1.genblk1.genblk1.genblk1.genblk1.genblk1.genblk1.lut0 (6 -> 3)
  Optimizing lut $abc$47599$auto$blifparse.cc:557:parse_blif$47814.genblk1.genblk1.genblk1.genblk1.genblk1.genblk1.genblk1.genblk1.genblk1.lut0 (6 -> 3)
  Optimizing lut $abc$47599$auto$blifparse.cc:557:parse_blif$47814.genblk1.genblk1.genblk1.genblk1.genblk1.genblk1.genblk1.genblk1.genblk1.lut1 (6 -> 3)
  Optimizing lut $abc$47599$auto$blifparse.cc:557:parse_blif$47819.genblk1.genblk1.genblk1.genblk1.genblk1.genblk1.genblk1.genblk1.genblk1.lut1 (6 -> 3)
  Optimizing lut $abc$47599$auto$blifparse.cc:557:parse_blif$47808.genblk1.genblk1.genblk1.genblk1.genblk1.genblk1.genblk1.genblk1.genblk1.lut0 (6 -> 3)
  Optimizing lut $abc$47599$auto$blifparse.cc:557:parse_blif$47825.genblk1.genblk1.genblk1.genblk1.genblk1.genblk1.genblk1.genblk1.genblk1.lut0 (6 -> 3)
  Optimizing lut $abc$47599$auto$blifparse.cc:557:parse_blif$47825.genblk1.genblk1.genblk1.genblk1.genblk1.genblk1.genblk1.genblk1.genblk1.lut1 (6 -> 3)
  Optimizing lut $abc$47599$auto$blifparse.cc:557:parse_blif$47830.genblk1.genblk1.genblk1.genblk1.genblk1.genblk1.genblk1.genblk1.genblk1.lut1 (6 -> 3)
  Optimizing lut $abc$47599$auto$blifparse.cc:557:parse_blif$47819.genblk1.genblk1.genblk1.genblk1.genblk1.genblk1.genblk1.genblk1.genblk1.lut0 (6 -> 3)
  Optimizing lut $abc$47599$auto$blifparse.cc:557:parse_blif$47836.genblk1.genblk1.genblk1.genblk1.genblk1.genblk1.genblk1.genblk1.genblk1.lut0 (6 -> 3)
  Optimizing lut $abc$47599$auto$blifparse.cc:557:parse_blif$47836.genblk1.genblk1.genblk1.genblk1.genblk1.genblk1.genblk1.genblk1.genblk1.lut1 (6 -> 3)
  Optimizing lut $abc$47599$auto$blifparse.cc:557:parse_blif$47841.genblk1.genblk1.genblk1.genblk1.genblk1.genblk1.genblk1.genblk1.genblk1.lut1 (6 -> 3)
  Optimizing lut $abc$47599$auto$blifparse.cc:557:parse_blif$47830.genblk1.genblk1.genblk1.genblk1.genblk1.genblk1.genblk1.genblk1.genblk1.lut0 (6 -> 3)
  Optimizing lut $abc$47599$auto$blifparse.cc:557:parse_blif$47847.genblk1.genblk1.genblk1.genblk1.genblk1.genblk1.genblk1.genblk1.genblk1.lut0 (6 -> 3)
  Optimizing lut $abc$47599$auto$blifparse.cc:557:parse_blif$47847.genblk1.genblk1.genblk1.genblk1.genblk1.genblk1.genblk1.genblk1.genblk1.lut1 (6 -> 3)
  Optimizing lut $abc$47599$auto$blifparse.cc:557:parse_blif$47852.genblk1.genblk1.genblk1.genblk1.genblk1.genblk1.genblk1.genblk1.genblk1.lut1 (6 -> 3)
  Optimizing lut $abc$47599$auto$blifparse.cc:557:parse_blif$47841.genblk1.genblk1.genblk1.genblk1.genblk1.genblk1.genblk1.genblk1.genblk1.lut0 (6 -> 3)
  Optimizing lut $abc$47599$auto$blifparse.cc:557:parse_blif$47858.genblk1.genblk1.genblk1.genblk1.genblk1.genblk1.genblk1.genblk1.genblk1.lut0 (6 -> 3)
  Optimizing lut $abc$47599$auto$blifparse.cc:557:parse_blif$47858.genblk1.genblk1.genblk1.genblk1.genblk1.genblk1.genblk1.genblk1.genblk1.lut1 (6 -> 3)
  Optimizing lut $abc$47599$auto$blifparse.cc:557:parse_blif$47863.genblk1.genblk1.genblk1.genblk1.genblk1.genblk1.genblk1.genblk1.genblk1.lut1 (6 -> 3)
  Optimizing lut $abc$47599$auto$blifparse.cc:557:parse_blif$47852.genblk1.genblk1.genblk1.genblk1.genblk1.genblk1.genblk1.genblk1.genblk1.lut0 (6 -> 3)
  Optimizing lut $abc$47599$auto$blifparse.cc:557:parse_blif$47895.genblk1.genblk1.genblk1.genblk1.genblk1.genblk1.genblk1.genblk1.genblk1.lut0 (6 -> 3)
  Optimizing lut $abc$47599$auto$blifparse.cc:557:parse_blif$47869.genblk1.genblk1.genblk1.genblk1.genblk1.genblk1.genblk1.genblk1.genblk1.lut1 (6 -> 3)
  Optimizing lut $abc$47599$auto$blifparse.cc:557:parse_blif$47882.genblk1.genblk1.genblk1.genblk1.genblk1.genblk1.genblk1.genblk1.genblk1.lut1 (6 -> 3)
  Optimizing lut $abc$47599$auto$blifparse.cc:557:parse_blif$47863.genblk1.genblk1.genblk1.genblk1.genblk1.genblk1.genblk1.genblk1.genblk1.lut0 (6 -> 3)
  Optimizing lut $abc$47599$auto$blifparse.cc:557:parse_blif$47895.genblk1.genblk1.genblk1.genblk1.genblk1.genblk1.genblk1.genblk1.genblk1.lut1 (6 -> 3)
  Optimizing lut $abc$47599$auto$blifparse.cc:557:parse_blif$47869.genblk1.genblk1.genblk1.genblk1.genblk1.genblk1.genblk1.genblk1.genblk1.lut0 (6 -> 3)
  Optimizing lut $abc$47599$auto$blifparse.cc:557:parse_blif$47908.genblk1.genblk1.genblk1.genblk1.genblk1.genblk1.genblk1.genblk1.genblk1.lut1 (6 -> 3)
  Optimizing lut $abc$47599$auto$blifparse.cc:557:parse_blif$47882.genblk1.genblk1.genblk1.genblk1.genblk1.genblk1.genblk1.genblk1.genblk1.lut0 (6 -> 3)
  Optimizing lut $abc$47599$auto$blifparse.cc:557:parse_blif$48540.genblk1.genblk1.genblk1.genblk1.genblk1.genblk1.genblk1.genblk1.genblk1.lut0 (6 -> 3)
  Optimizing lut $abc$47599$auto$blifparse.cc:557:parse_blif$48520.genblk1.genblk1.genblk1.genblk1.genblk1.genblk1.genblk1.genblk1.genblk1.lut1 (6 -> 3)
  Optimizing lut $abc$47599$auto$blifparse.cc:557:parse_blif$48525.genblk1.genblk1.genblk1.genblk1.genblk1.genblk1.genblk1.genblk1.genblk1.lut1 (6 -> 3)
  Optimizing lut $abc$47599$auto$blifparse.cc:557:parse_blif$47908.genblk1.genblk1.genblk1.genblk1.genblk1.genblk1.genblk1.genblk1.genblk1.lut0 (6 -> 3)
  Optimizing lut $abc$47599$auto$blifparse.cc:557:parse_blif$48530.genblk1.genblk1.genblk1.genblk1.genblk1.genblk1.genblk1.genblk1.genblk1.lut1 (6 -> 3)
  Optimizing lut $abc$47599$auto$blifparse.cc:557:parse_blif$48520.genblk1.genblk1.genblk1.genblk1.genblk1.genblk1.genblk1.genblk1.genblk1.lut0 (6 -> 3)
  Optimizing lut $abc$47599$auto$blifparse.cc:557:parse_blif$48535.genblk1.genblk1.genblk1.genblk1.genblk1.genblk1.genblk1.genblk1.genblk1.lut1 (6 -> 3)
  Optimizing lut $abc$47599$auto$blifparse.cc:557:parse_blif$48525.genblk1.genblk1.genblk1.genblk1.genblk1.genblk1.genblk1.genblk1.genblk1.lut0 (6 -> 3)
  Optimizing lut $abc$47599$auto$blifparse.cc:557:parse_blif$48540.genblk1.genblk1.genblk1.genblk1.genblk1.genblk1.genblk1.genblk1.genblk1.lut1 (6 -> 3)
  Optimizing lut $abc$47599$auto$blifparse.cc:557:parse_blif$48530.genblk1.genblk1.genblk1.genblk1.genblk1.genblk1.genblk1.genblk1.genblk1.lut0 (6 -> 3)
  Optimizing lut $abc$47599$auto$blifparse.cc:557:parse_blif$48545.genblk1.genblk1.genblk1.genblk1.genblk1.genblk1.genblk1.genblk1.genblk1.lut1 (6 -> 3)
  Optimizing lut $abc$47599$auto$blifparse.cc:557:parse_blif$48535.genblk1.genblk1.genblk1.genblk1.genblk1.genblk1.genblk1.genblk1.genblk1.lut0 (6 -> 3)
  Optimizing lut $abc$47599$auto$blifparse.cc:557:parse_blif$48571.genblk1.genblk1.genblk1.genblk1.genblk1.genblk1.genblk1.genblk1.genblk1.lut0 (6 -> 3)
  Optimizing lut $abc$47599$auto$blifparse.cc:557:parse_blif$48551.genblk1.genblk1.genblk1.genblk1.genblk1.genblk1.genblk1.genblk1.genblk1.lut1 (6 -> 3)
  Optimizing lut $abc$47599$auto$blifparse.cc:557:parse_blif$48556.genblk1.genblk1.genblk1.genblk1.genblk1.genblk1.genblk1.genblk1.genblk1.lut1 (6 -> 3)
  Optimizing lut $abc$47599$auto$blifparse.cc:557:parse_blif$48545.genblk1.genblk1.genblk1.genblk1.genblk1.genblk1.genblk1.genblk1.genblk1.lut0 (6 -> 3)
  Optimizing lut $abc$47599$auto$blifparse.cc:557:parse_blif$48561.genblk1.genblk1.genblk1.genblk1.genblk1.genblk1.genblk1.genblk1.genblk1.lut1 (6 -> 3)
  Optimizing lut $abc$47599$auto$blifparse.cc:557:parse_blif$48551.genblk1.genblk1.genblk1.genblk1.genblk1.genblk1.genblk1.genblk1.genblk1.lut0 (6 -> 3)
  Optimizing lut $abc$47599$auto$blifparse.cc:557:parse_blif$48566.genblk1.genblk1.genblk1.genblk1.genblk1.genblk1.genblk1.genblk1.genblk1.lut1 (6 -> 3)
  Optimizing lut $abc$47599$auto$blifparse.cc:557:parse_blif$48556.genblk1.genblk1.genblk1.genblk1.genblk1.genblk1.genblk1.genblk1.genblk1.lut0 (6 -> 3)
  Optimizing lut $abc$47599$auto$blifparse.cc:557:parse_blif$48571.genblk1.genblk1.genblk1.genblk1.genblk1.genblk1.genblk1.genblk1.genblk1.lut1 (6 -> 3)
  Optimizing lut $abc$47599$auto$blifparse.cc:557:parse_blif$48561.genblk1.genblk1.genblk1.genblk1.genblk1.genblk1.genblk1.genblk1.genblk1.lut0 (6 -> 3)
  Optimizing lut $abc$47599$auto$blifparse.cc:557:parse_blif$48576.genblk1.genblk1.genblk1.genblk1.genblk1.genblk1.genblk1.genblk1.genblk1.lut1 (6 -> 3)
  Optimizing lut $abc$47599$auto$blifparse.cc:557:parse_blif$48566.genblk1.genblk1.genblk1.genblk1.genblk1.genblk1.genblk1.genblk1.genblk1.lut0 (6 -> 3)
  Optimizing lut $abc$47599$auto$blifparse.cc:557:parse_blif$48685.genblk1.genblk1.genblk1.genblk1.genblk1.genblk1.genblk1.genblk1.genblk1.lut1 (6 -> 3)
  Optimizing lut $abc$47599$auto$blifparse.cc:557:parse_blif$48576.genblk1.genblk1.genblk1.genblk1.genblk1.genblk1.genblk1.genblk1.genblk1.lut0 (6 -> 3)
Optimizing LUTs in cap_pdb_parallel_compact_allocation_engine.
  Optimizing lut $abc$48737$auto$blifparse.cc:557:parse_blif$50955.genblk1.genblk1.genblk1.genblk1.genblk1.genblk1.genblk1.genblk1.genblk1.genblk1.lut1.genblk1.genblk1.genblk1.genblk1.genblk1.genblk1.genblk1.genblk1.genblk1.lut0 (6 -> 0)
  Optimizing lut $abc$48737$auto$blifparse.cc:557:parse_blif$50989.genblk1.genblk1.genblk1.genblk1.genblk1.genblk1.genblk1.genblk1.genblk1.genblk1.lut1.genblk1.genblk1.genblk1.genblk1.genblk1.genblk1.genblk1.genblk1.genblk1.lut0 (6 -> 0)
  Optimizing lut $abc$48737$auto$blifparse.cc:557:parse_blif$50981.genblk1.genblk1.genblk1.genblk1.genblk1.genblk1.genblk1.genblk1.genblk1.genblk1.lut1.genblk1.genblk1.genblk1.genblk1.genblk1.genblk1.genblk1.genblk1.genblk1.lut0 (6 -> 0)
  Optimizing lut $abc$48737$auto$blifparse.cc:557:parse_blif$50996.genblk1.genblk1.genblk1.genblk1.genblk1.genblk1.genblk1.genblk1.genblk1.genblk1.lut1.genblk1.genblk1.genblk1.genblk1.genblk1.genblk1.genblk1.genblk1.genblk1.lut0 (6 -> 0)
  Optimizing lut $abc$48737$auto$blifparse.cc:557:parse_blif$51917.genblk1.genblk1.genblk1.genblk1.genblk1.genblk1.genblk1.genblk1.genblk1.lut1 (6 -> 4)
  Optimizing lut $abc$48737$auto$blifparse.cc:557:parse_blif$50898.genblk1.genblk1.genblk1.genblk1.genblk1.genblk1.genblk1.genblk1.genblk1.genblk1.lut1.genblk1.genblk1.genblk1.genblk1.genblk1.genblk1.genblk1.genblk1.genblk1.lut0 (6 -> 0)
  Optimizing lut $abc$48737$auto$blifparse.cc:557:parse_blif$51004.genblk1.genblk1.genblk1.genblk1.genblk1.genblk1.genblk1.genblk1.genblk1.genblk1.lut1.genblk1.genblk1.genblk1.genblk1.genblk1.genblk1.genblk1.genblk1.genblk1.lut0 (6 -> 0)
  Optimizing lut $abc$48737$auto$blifparse.cc:557:parse_blif$51915.genblk1.genblk1.genblk1.genblk1.genblk1.genblk1.genblk1.genblk1.genblk1.genblk1.lut1.genblk1.genblk1.genblk1.genblk1.genblk1.genblk1.genblk1.genblk1.genblk1.lut0 (6 -> 1)
  Optimizing lut $abc$48737$auto$blifparse.cc:557:parse_blif$51916.genblk1.genblk1.genblk1.genblk1.genblk1.genblk1.genblk1.genblk1.genblk1.lut1 (6 -> 4)
  Optimizing lut $abc$48737$auto$blifparse.cc:557:parse_blif$50943.genblk1.genblk1.genblk1.genblk1.genblk1.genblk1.genblk1.genblk1.genblk1.genblk1.lut1.genblk1.genblk1.genblk1.genblk1.genblk1.genblk1.genblk1.genblk1.genblk1.lut0 (6 -> 0)
  Optimizing lut $abc$48737$auto$blifparse.cc:557:parse_blif$50921.genblk1.genblk1.genblk1.genblk1.genblk1.genblk1.genblk1.genblk1.genblk1.genblk1.lut1.genblk1.genblk1.genblk1.genblk1.genblk1.genblk1.genblk1.genblk1.genblk1.lut0 (6 -> 0)
  Optimizing lut $abc$48737$auto$blifparse.cc:557:parse_blif$51898.genblk1.genblk1.genblk1.genblk1.genblk1.genblk1.genblk1.genblk1.genblk1.genblk1.lut1.genblk1.genblk1.genblk1.genblk1.genblk1.genblk1.genblk1.genblk1.genblk1.lut0 (6 -> 2)
  Optimizing lut $abc$48737$auto$blifparse.cc:557:parse_blif$51898.genblk1.genblk1.genblk1.genblk1.genblk1.genblk1.genblk1.genblk1.genblk1.genblk1.lut0.genblk1.genblk1.genblk1.genblk1.genblk1.genblk1.genblk1.genblk1.genblk1.lut0 (6 -> 4)
  Optimizing lut $abc$48737$auto$blifparse.cc:557:parse_blif$50900.genblk1.genblk1.genblk1.genblk1.genblk1.genblk1.genblk1.genblk1.genblk1.genblk1.lut1.genblk1.genblk1.genblk1.genblk1.genblk1.genblk1.genblk1.genblk1.genblk1.lut0 (6 -> 0)
  Optimizing lut $abc$48737$auto$blifparse.cc:557:parse_blif$51051.genblk1.genblk1.genblk1.genblk1.genblk1.genblk1.genblk1.genblk1.genblk1.genblk1.lut0.genblk1.genblk1.genblk1.genblk1.genblk1.genblk1.genblk1.genblk1.genblk1.lut0 (6 -> 0)
  Optimizing lut $abc$48737$auto$blifparse.cc:557:parse_blif$52409.genblk1.genblk1.genblk1.genblk1.genblk1.genblk1.genblk1.genblk1.genblk1.lut1 (6 -> 3)
  Optimizing lut $abc$48737$auto$blifparse.cc:557:parse_blif$50841.genblk1.genblk1.genblk1.genblk1.genblk1.genblk1.genblk1.genblk1.genblk1.genblk1.lut0.genblk1.genblk1.genblk1.genblk1.genblk1.genblk1.genblk1.genblk1.genblk1.lut0 (6 -> 0)
  Optimizing lut $abc$48737$auto$blifparse.cc:557:parse_blif$51008.genblk1.genblk1.genblk1.genblk1.genblk1.genblk1.genblk1.genblk1.genblk1.genblk1.lut0.genblk1.genblk1.genblk1.genblk1.genblk1.genblk1.genblk1.genblk1.genblk1.lut0 (6 -> 0)
  Optimizing lut $abc$48737$auto$blifparse.cc:557:parse_blif$50785.genblk1.genblk1.genblk1.genblk1.genblk1.genblk1.genblk1.genblk1.genblk1.genblk1.lut0.genblk1.genblk1.genblk1.genblk1.genblk1.genblk1.genblk1.genblk1.genblk1.lut0 (6 -> 0)
  Optimizing lut $abc$48737$auto$blifparse.cc:557:parse_blif$48841.genblk1.genblk1.genblk1.genblk1.genblk1.genblk1.genblk1.genblk1.genblk1.genblk1.lut1.genblk1.genblk1.genblk1.genblk1.genblk1.genblk1.genblk1.genblk1.genblk1.lut0 (6 -> 0)
  Optimizing lut $abc$48737$auto$blifparse.cc:557:parse_blif$48839.genblk1.genblk1.genblk1.genblk1.genblk1.genblk1.genblk1.genblk1.genblk1.genblk1.lut0.genblk1.genblk1.genblk1.genblk1.genblk1.genblk1.genblk1.genblk1.genblk1.lut0 (6 -> 0)
  Optimizing lut $abc$48737$auto$blifparse.cc:557:parse_blif$48837.genblk1.genblk1.genblk1.genblk1.genblk1.genblk1.genblk1.genblk1.genblk1.genblk1.lut0.genblk1.genblk1.genblk1.genblk1.genblk1.genblk1.genblk1.genblk1.genblk1.lut0 (6 -> 0)
  Optimizing lut $abc$48737$auto$blifparse.cc:557:parse_blif$48836.genblk1.genblk1.genblk1.genblk1.genblk1.genblk1.genblk1.genblk1.genblk1.genblk1.lut0.genblk1.genblk1.genblk1.genblk1.genblk1.genblk1.genblk1.genblk1.genblk1.lut0 (6 -> 0)
  Optimizing lut $abc$48737$auto$blifparse.cc:557:parse_blif$48844.genblk1.genblk1.genblk1.genblk1.genblk1.genblk1.genblk1.genblk1.genblk1.genblk1.lut0.genblk1.genblk1.genblk1.genblk1.genblk1.genblk1.genblk1.genblk1.genblk1.lut0 (6 -> 0)
  Optimizing lut $abc$48737$auto$blifparse.cc:557:parse_blif$48756.genblk1.genblk1.genblk1.genblk1.genblk1.genblk1.genblk1.genblk1.genblk1.genblk1.lut0.genblk1.genblk1.genblk1.genblk1.genblk1.genblk1.genblk1.genblk1.genblk1.lut0 (6 -> 0)
  Optimizing lut $abc$48737$auto$blifparse.cc:557:parse_blif$48754.genblk1.genblk1.genblk1.genblk1.genblk1.genblk1.genblk1.genblk1.genblk1.genblk1.lut0.genblk1.genblk1.genblk1.genblk1.genblk1.genblk1.genblk1.genblk1.genblk1.lut0 (6 -> 0)
  Optimizing lut $abc$48737$auto$blifparse.cc:557:parse_blif$48752.genblk1.genblk1.genblk1.genblk1.genblk1.genblk1.genblk1.genblk1.genblk1.genblk1.lut0.genblk1.genblk1.genblk1.genblk1.genblk1.genblk1.genblk1.genblk1.genblk1.lut0 (6 -> 0)
  Optimizing lut $abc$48737$auto$blifparse.cc:557:parse_blif$48901.genblk1.genblk1.genblk1.genblk1.genblk1.genblk1.genblk1.genblk1.genblk1.genblk1.lut0.genblk1.genblk1.genblk1.genblk1.genblk1.genblk1.genblk1.genblk1.genblk1.lut0 (6 -> 0)
  Optimizing lut $abc$48737$auto$blifparse.cc:557:parse_blif$48899.genblk1.genblk1.genblk1.genblk1.genblk1.genblk1.genblk1.genblk1.genblk1.genblk1.lut0.genblk1.genblk1.genblk1.genblk1.genblk1.genblk1.genblk1.genblk1.genblk1.lut0 (6 -> 0)
  Optimizing lut $abc$48737$auto$blifparse.cc:557:parse_blif$48897.genblk1.genblk1.genblk1.genblk1.genblk1.genblk1.genblk1.genblk1.genblk1.genblk1.lut0.genblk1.genblk1.genblk1.genblk1.genblk1.genblk1.genblk1.genblk1.genblk1.lut0 (6 -> 0)
  Optimizing lut $abc$48737$auto$blifparse.cc:557:parse_blif$48908.genblk1.genblk1.genblk1.genblk1.genblk1.genblk1.genblk1.genblk1.genblk1.genblk1.lut0.genblk1.genblk1.genblk1.genblk1.genblk1.genblk1.genblk1.genblk1.genblk1.lut0 (6 -> 0)
  Optimizing lut $abc$48737$auto$blifparse.cc:557:parse_blif$48893.genblk1.genblk1.genblk1.genblk1.genblk1.genblk1.genblk1.genblk1.genblk1.genblk1.lut0.genblk1.genblk1.genblk1.genblk1.genblk1.genblk1.genblk1.genblk1.genblk1.lut0 (6 -> 0)
  Optimizing lut $abc$48737$auto$blifparse.cc:557:parse_blif$48962.genblk1.genblk1.genblk1.genblk1.genblk1.genblk1.genblk1.genblk1.genblk1.genblk1.lut0.genblk1.genblk1.genblk1.genblk1.genblk1.genblk1.genblk1.genblk1.genblk1.lut0 (6 -> 0)
  Optimizing lut $abc$48737$auto$blifparse.cc:557:parse_blif$48961.genblk1.genblk1.genblk1.genblk1.genblk1.genblk1.genblk1.genblk1.genblk1.genblk1.lut0.genblk1.genblk1.genblk1.genblk1.genblk1.genblk1.genblk1.genblk1.genblk1.lut0 (6 -> 0)
  Optimizing lut $abc$48737$auto$blifparse.cc:557:parse_blif$48922.genblk1.genblk1.genblk1.genblk1.genblk1.genblk1.genblk1.genblk1.genblk1.genblk1.lut1.genblk1.genblk1.genblk1.genblk1.genblk1.genblk1.genblk1.genblk1.genblk1.lut0 (6 -> 0)
  Optimizing lut $abc$48737$auto$blifparse.cc:557:parse_blif$49321.genblk1.genblk1.genblk1.genblk1.genblk1.genblk1.genblk1.genblk1.genblk1.genblk1.lut0.genblk1.genblk1.genblk1.genblk1.genblk1.genblk1.genblk1.genblk1.genblk1.lut0 (6 -> 0)
  Optimizing lut $abc$48737$auto$blifparse.cc:557:parse_blif$49326.genblk1.genblk1.genblk1.genblk1.genblk1.genblk1.genblk1.genblk1.genblk1.genblk1.lut0.genblk1.genblk1.genblk1.genblk1.genblk1.genblk1.genblk1.genblk1.genblk1.lut0 (6 -> 0)
  Optimizing lut $abc$48737$auto$blifparse.cc:557:parse_blif$49324.genblk1.genblk1.genblk1.genblk1.genblk1.genblk1.genblk1.genblk1.genblk1.genblk1.lut0.genblk1.genblk1.genblk1.genblk1.genblk1.genblk1.genblk1.genblk1.genblk1.lut0 (6 -> 0)
  Optimizing lut $abc$48737$auto$blifparse.cc:557:parse_blif$49307.genblk1.genblk1.genblk1.genblk1.genblk1.genblk1.genblk1.genblk1.genblk1.genblk1.lut1.genblk1.genblk1.genblk1.genblk1.genblk1.genblk1.genblk1.genblk1.genblk1.lut0 (6 -> 0)
  Optimizing lut $abc$48737$auto$blifparse.cc:557:parse_blif$49305.genblk1.genblk1.genblk1.genblk1.genblk1.genblk1.genblk1.genblk1.genblk1.genblk1.lut0.genblk1.genblk1.genblk1.genblk1.genblk1.genblk1.genblk1.genblk1.genblk1.lut0 (6 -> 0)
  Optimizing lut $abc$48737$auto$blifparse.cc:557:parse_blif$49281.genblk1.genblk1.genblk1.genblk1.genblk1.genblk1.genblk1.genblk1.genblk1.genblk1.lut1.genblk1.genblk1.genblk1.genblk1.genblk1.genblk1.genblk1.genblk1.genblk1.lut0 (6 -> 0)
  Optimizing lut $abc$48737$auto$blifparse.cc:557:parse_blif$49363.genblk1.genblk1.genblk1.genblk1.genblk1.genblk1.genblk1.genblk1.genblk1.genblk1.lut0.genblk1.genblk1.genblk1.genblk1.genblk1.genblk1.genblk1.genblk1.genblk1.lut0 (6 -> 0)
  Optimizing lut $abc$48737$auto$blifparse.cc:557:parse_blif$49362.genblk1.genblk1.genblk1.genblk1.genblk1.genblk1.genblk1.genblk1.genblk1.genblk1.lut0.genblk1.genblk1.genblk1.genblk1.genblk1.genblk1.genblk1.genblk1.genblk1.lut0 (6 -> 0)
  Optimizing lut $abc$48737$auto$blifparse.cc:557:parse_blif$49374.genblk1.genblk1.genblk1.genblk1.genblk1.genblk1.genblk1.genblk1.genblk1.genblk1.lut1.genblk1.genblk1.genblk1.genblk1.genblk1.genblk1.genblk1.genblk1.genblk1.lut0 (6 -> 0)
  Optimizing lut $abc$48737$auto$blifparse.cc:557:parse_blif$49380.genblk1.genblk1.genblk1.genblk1.genblk1.genblk1.genblk1.genblk1.genblk1.genblk1.lut0.genblk1.genblk1.genblk1.genblk1.genblk1.genblk1.genblk1.genblk1.genblk1.lut0 (6 -> 0)
  Optimizing lut $abc$48737$auto$blifparse.cc:557:parse_blif$49379.genblk1.genblk1.genblk1.genblk1.genblk1.genblk1.genblk1.genblk1.genblk1.genblk1.lut0.genblk1.genblk1.genblk1.genblk1.genblk1.genblk1.genblk1.genblk1.genblk1.lut0 (6 -> 0)
  Optimizing lut $abc$48737$auto$blifparse.cc:557:parse_blif$49338.genblk1.genblk1.genblk1.genblk1.genblk1.genblk1.genblk1.genblk1.genblk1.genblk1.lut0.genblk1.genblk1.genblk1.genblk1.genblk1.genblk1.genblk1.genblk1.genblk1.lut0 (6 -> 0)
  Optimizing lut $abc$48737$auto$blifparse.cc:557:parse_blif$49333.genblk1.genblk1.genblk1.genblk1.genblk1.genblk1.genblk1.genblk1.genblk1.genblk1.lut1.genblk1.genblk1.genblk1.genblk1.genblk1.genblk1.genblk1.genblk1.genblk1.lut0 (6 -> 0)
  Optimizing lut $abc$48737$auto$blifparse.cc:557:parse_blif$49346.genblk1.genblk1.genblk1.genblk1.genblk1.genblk1.genblk1.genblk1.genblk1.genblk1.lut0.genblk1.genblk1.genblk1.genblk1.genblk1.genblk1.genblk1.genblk1.genblk1.lut0 (6 -> 0)
  Optimizing lut $abc$48737$auto$blifparse.cc:557:parse_blif$50042.genblk1.genblk1.genblk1.genblk1.genblk1.genblk1.genblk1.genblk1.genblk1.genblk1.lut0.genblk1.genblk1.genblk1.genblk1.genblk1.genblk1.genblk1.genblk1.genblk1.lut0 (6 -> 0)
  Optimizing lut $abc$48737$auto$blifparse.cc:557:parse_blif$50134.genblk1.genblk1.genblk1.genblk1.genblk1.genblk1.genblk1.genblk1.genblk1.lut1 (6 -> 3)
  Optimizing lut $abc$48737$auto$blifparse.cc:557:parse_blif$50048.genblk1.genblk1.genblk1.genblk1.genblk1.genblk1.genblk1.genblk1.genblk1.genblk1.lut0.genblk1.genblk1.genblk1.genblk1.genblk1.genblk1.genblk1.genblk1.genblk1.lut0 (6 -> 0)
  Optimizing lut $abc$48737$auto$blifparse.cc:557:parse_blif$50052.genblk1.genblk1.genblk1.genblk1.genblk1.genblk1.genblk1.genblk1.genblk1.genblk1.lut0.genblk1.genblk1.genblk1.genblk1.genblk1.genblk1.genblk1.genblk1.genblk1.lut0 (6 -> 0)
  Optimizing lut $abc$48737$auto$blifparse.cc:557:parse_blif$50051.genblk1.genblk1.genblk1.genblk1.genblk1.genblk1.genblk1.genblk1.genblk1.genblk1.lut0.genblk1.genblk1.genblk1.genblk1.genblk1.genblk1.genblk1.genblk1.genblk1.lut0 (6 -> 0)
  Optimizing lut $abc$48737$auto$blifparse.cc:557:parse_blif$50055.genblk1.genblk1.genblk1.genblk1.genblk1.genblk1.genblk1.genblk1.genblk1.genblk1.lut1.genblk1.genblk1.genblk1.genblk1.genblk1.genblk1.genblk1.genblk1.genblk1.lut0 (6 -> 0)
  Optimizing lut $abc$48737$auto$blifparse.cc:557:parse_blif$50025.genblk1.genblk1.genblk1.genblk1.genblk1.genblk1.genblk1.genblk1.genblk1.genblk1.lut0.genblk1.genblk1.genblk1.genblk1.genblk1.genblk1.genblk1.genblk1.genblk1.lut0 (6 -> 0)
  Optimizing lut $abc$48737$auto$blifparse.cc:557:parse_blif$50023.genblk1.genblk1.genblk1.genblk1.genblk1.genblk1.genblk1.genblk1.genblk1.genblk1.lut0.genblk1.genblk1.genblk1.genblk1.genblk1.genblk1.genblk1.genblk1.genblk1.lut0 (6 -> 0)
  Optimizing lut $abc$48737$auto$blifparse.cc:557:parse_blif$50029.genblk1.genblk1.genblk1.genblk1.genblk1.genblk1.genblk1.genblk1.genblk1.genblk1.lut1.genblk1.genblk1.genblk1.genblk1.genblk1.genblk1.genblk1.genblk1.genblk1.lut0 (6 -> 0)
  Optimizing lut $abc$48737$auto$blifparse.cc:557:parse_blif$50098.genblk1.genblk1.genblk1.genblk1.genblk1.genblk1.genblk1.genblk1.genblk1.genblk1.lut1.genblk1.genblk1.genblk1.genblk1.genblk1.genblk1.genblk1.genblk1.genblk1.lut0 (6 -> 0)
  Optimizing lut $abc$48737$auto$blifparse.cc:557:parse_blif$50073.genblk1.genblk1.genblk1.genblk1.genblk1.genblk1.genblk1.genblk1.genblk1.genblk1.lut0.genblk1.genblk1.genblk1.genblk1.genblk1.genblk1.genblk1.genblk1.genblk1.lut0 (6 -> 0)
  Optimizing lut $abc$48737$auto$blifparse.cc:557:parse_blif$50077.genblk1.genblk1.genblk1.genblk1.genblk1.genblk1.genblk1.genblk1.genblk1.genblk1.lut0.genblk1.genblk1.genblk1.genblk1.genblk1.genblk1.genblk1.genblk1.genblk1.lut0 (6 -> 0)
  Optimizing lut $abc$48737$auto$blifparse.cc:557:parse_blif$50076.genblk1.genblk1.genblk1.genblk1.genblk1.genblk1.genblk1.genblk1.genblk1.genblk1.lut0.genblk1.genblk1.genblk1.genblk1.genblk1.genblk1.genblk1.genblk1.genblk1.lut0 (6 -> 0)
  Optimizing lut $abc$48737$auto$blifparse.cc:557:parse_blif$50080.genblk1.genblk1.genblk1.genblk1.genblk1.genblk1.genblk1.genblk1.genblk1.genblk1.lut0.genblk1.genblk1.genblk1.genblk1.genblk1.genblk1.genblk1.genblk1.genblk1.lut0 (6 -> 0)
  Optimizing lut $abc$48737$auto$blifparse.cc:557:parse_blif$50079.genblk1.genblk1.genblk1.genblk1.genblk1.genblk1.genblk1.genblk1.genblk1.genblk1.lut0.genblk1.genblk1.genblk1.genblk1.genblk1.genblk1.genblk1.genblk1.genblk1.lut0 (6 -> 0)
  Optimizing lut $abc$48737$auto$blifparse.cc:557:parse_blif$50271.genblk1.genblk1.genblk1.genblk1.genblk1.genblk1.genblk1.genblk1.genblk1.genblk1.lut0.genblk1.genblk1.genblk1.genblk1.genblk1.genblk1.genblk1.genblk1.genblk1.lut0 (6 -> 0)
  Optimizing lut $abc$48737$auto$blifparse.cc:557:parse_blif$50496.genblk1.genblk1.genblk1.genblk1.genblk1.genblk1.genblk1.genblk1.genblk1.genblk1.lut0.genblk1.genblk1.genblk1.genblk1.genblk1.genblk1.genblk1.genblk1.genblk1.lut0 (6 -> 0)
  Optimizing lut $abc$48737$auto$blifparse.cc:557:parse_blif$50495.genblk1.genblk1.genblk1.genblk1.genblk1.genblk1.genblk1.genblk1.genblk1.genblk1.lut0.genblk1.genblk1.genblk1.genblk1.genblk1.genblk1.genblk1.genblk1.genblk1.lut0 (6 -> 0)
  Optimizing lut $abc$48737$auto$blifparse.cc:557:parse_blif$50502.genblk1.genblk1.genblk1.genblk1.genblk1.genblk1.genblk1.genblk1.genblk1.genblk1.lut0.genblk1.genblk1.genblk1.genblk1.genblk1.genblk1.genblk1.genblk1.genblk1.lut0 (6 -> 0)
  Optimizing lut $abc$48737$auto$blifparse.cc:557:parse_blif$50393.genblk1.genblk1.genblk1.genblk1.genblk1.genblk1.genblk1.genblk1.genblk1.genblk1.lut0.genblk1.genblk1.genblk1.genblk1.genblk1.genblk1.genblk1.genblk1.genblk1.lut0 (6 -> 0)
  Optimizing lut $abc$48737$auto$blifparse.cc:557:parse_blif$50458.genblk1.genblk1.genblk1.genblk1.genblk1.genblk1.genblk1.genblk1.genblk1.genblk1.lut0.genblk1.genblk1.genblk1.genblk1.genblk1.genblk1.genblk1.genblk1.genblk1.lut0 (6 -> 0)
  Optimizing lut $abc$48737$auto$blifparse.cc:557:parse_blif$50694.genblk1.genblk1.genblk1.genblk1.genblk1.genblk1.genblk1.genblk1.genblk1.lut1 (6 -> 4)
  Optimizing lut $abc$48737$auto$blifparse.cc:557:parse_blif$50302.genblk1.genblk1.genblk1.genblk1.genblk1.genblk1.genblk1.genblk1.genblk1.genblk1.lut0.genblk1.genblk1.genblk1.genblk1.genblk1.genblk1.genblk1.genblk1.genblk1.lut0 (6 -> 0)
  Optimizing lut $abc$48737$auto$blifparse.cc:557:parse_blif$50376.genblk1.genblk1.genblk1.genblk1.genblk1.genblk1.genblk1.genblk1.genblk1.genblk1.lut0.genblk1.genblk1.genblk1.genblk1.genblk1.genblk1.genblk1.genblk1.genblk1.lut0 (6 -> 0)
  Optimizing lut $abc$48737$auto$blifparse.cc:557:parse_blif$50385.genblk1.genblk1.genblk1.genblk1.genblk1.genblk1.genblk1.genblk1.genblk1.genblk1.lut0.genblk1.genblk1.genblk1.genblk1.genblk1.genblk1.genblk1.genblk1.genblk1.lut0 (6 -> 0)
  Optimizing lut $abc$48737$auto$blifparse.cc:557:parse_blif$50476.genblk1.genblk1.genblk1.genblk1.genblk1.genblk1.genblk1.genblk1.genblk1.genblk1.lut0.genblk1.genblk1.genblk1.genblk1.genblk1.genblk1.genblk1.genblk1.genblk1.lut0 (6 -> 0)
  Optimizing lut $abc$48737$auto$blifparse.cc:557:parse_blif$50323.genblk1.genblk1.genblk1.genblk1.genblk1.genblk1.genblk1.genblk1.genblk1.genblk1.lut0.genblk1.genblk1.genblk1.genblk1.genblk1.genblk1.genblk1.genblk1.genblk1.lut0 (6 -> 0)
  Optimizing lut $abc$48737$auto$blifparse.cc:557:parse_blif$50417.genblk1.genblk1.genblk1.genblk1.genblk1.genblk1.genblk1.genblk1.genblk1.genblk1.lut0.genblk1.genblk1.genblk1.genblk1.genblk1.genblk1.genblk1.genblk1.genblk1.lut0 (6 -> 0)
  Optimizing lut $abc$48737$auto$blifparse.cc:557:parse_blif$50499.genblk1.genblk1.genblk1.genblk1.genblk1.genblk1.genblk1.genblk1.genblk1.genblk1.lut0.genblk1.genblk1.genblk1.genblk1.genblk1.genblk1.genblk1.genblk1.genblk1.lut0 (6 -> 0)
  Optimizing lut $abc$48737$auto$blifparse.cc:557:parse_blif$50493.genblk1.genblk1.genblk1.genblk1.genblk1.genblk1.genblk1.genblk1.genblk1.genblk1.lut0.genblk1.genblk1.genblk1.genblk1.genblk1.genblk1.genblk1.genblk1.genblk1.lut0 (6 -> 0)
  Optimizing lut $abc$48737$auto$blifparse.cc:557:parse_blif$50390.genblk1.genblk1.genblk1.genblk1.genblk1.genblk1.genblk1.genblk1.genblk1.genblk1.lut0.genblk1.genblk1.genblk1.genblk1.genblk1.genblk1.genblk1.genblk1.genblk1.lut0 (6 -> 0)
  Optimizing lut $abc$48737$auto$blifparse.cc:557:parse_blif$50470.genblk1.genblk1.genblk1.genblk1.genblk1.genblk1.genblk1.genblk1.genblk1.genblk1.lut0.genblk1.genblk1.genblk1.genblk1.genblk1.genblk1.genblk1.genblk1.genblk1.lut0 (6 -> 0)
  Optimizing lut $abc$48737$auto$blifparse.cc:557:parse_blif$51088.genblk1.genblk1.genblk1.genblk1.genblk1.genblk1.genblk1.genblk1.genblk1.genblk1.lut1.genblk1.genblk1.genblk1.genblk1.genblk1.genblk1.genblk1.genblk1.genblk1.lut0 (6 -> 0)
  Optimizing lut $abc$48737$auto$blifparse.cc:557:parse_blif$51081.genblk1.genblk1.genblk1.genblk1.genblk1.genblk1.genblk1.genblk1.genblk1.genblk1.lut1.genblk1.genblk1.genblk1.genblk1.genblk1.genblk1.genblk1.genblk1.genblk1.lut0 (6 -> 0)
  Optimizing lut $abc$48737$auto$blifparse.cc:557:parse_blif$50400.genblk1.genblk1.genblk1.genblk1.genblk1.genblk1.genblk1.genblk1.genblk1.genblk1.lut1.genblk1.genblk1.genblk1.genblk1.genblk1.genblk1.genblk1.genblk1.genblk1.lut0 (6 -> 0)
  Optimizing lut $abc$48737$auto$blifparse.cc:557:parse_blif$50505.genblk1.genblk1.genblk1.genblk1.genblk1.genblk1.genblk1.genblk1.genblk1.genblk1.lut0.genblk1.genblk1.genblk1.genblk1.genblk1.genblk1.genblk1.genblk1.genblk1.lut0 (6 -> 0)
  Optimizing lut $abc$48737$auto$blifparse.cc:557:parse_blif$50414.genblk1.genblk1.genblk1.genblk1.genblk1.genblk1.genblk1.genblk1.genblk1.genblk1.lut0.genblk1.genblk1.genblk1.genblk1.genblk1.genblk1.genblk1.genblk1.genblk1.lut0 (6 -> 0)
  Optimizing lut $abc$48737$auto$blifparse.cc:557:parse_blif$50413.genblk1.genblk1.genblk1.genblk1.genblk1.genblk1.genblk1.genblk1.genblk1.genblk1.lut0.genblk1.genblk1.genblk1.genblk1.genblk1.genblk1.genblk1.genblk1.genblk1.lut0 (6 -> 0)
  Optimizing lut $abc$48737$auto$blifparse.cc:557:parse_blif$50524.genblk1.genblk1.genblk1.genblk1.genblk1.genblk1.genblk1.genblk1.genblk1.genblk1.lut0.genblk1.genblk1.genblk1.genblk1.genblk1.genblk1.genblk1.genblk1.genblk1.lut0 (6 -> 0)
  Optimizing lut $abc$48737$auto$blifparse.cc:557:parse_blif$50535.genblk1.genblk1.genblk1.genblk1.genblk1.genblk1.genblk1.genblk1.genblk1.genblk1.lut0.genblk1.genblk1.genblk1.genblk1.genblk1.genblk1.genblk1.genblk1.genblk1.lut0 (6 -> 0)
  Optimizing lut $abc$48737$auto$blifparse.cc:557:parse_blif$50564.genblk1.genblk1.genblk1.genblk1.genblk1.genblk1.genblk1.genblk1.genblk1.genblk1.lut0.genblk1.genblk1.genblk1.genblk1.genblk1.genblk1.genblk1.genblk1.genblk1.lut0 (6 -> 0)
  Optimizing lut $abc$48737$auto$blifparse.cc:557:parse_blif$50004.genblk1.genblk1.genblk1.genblk1.genblk1.genblk1.genblk1.genblk1.genblk1.genblk1.lut0.genblk1.genblk1.genblk1.genblk1.genblk1.genblk1.genblk1.genblk1.genblk1.lut0 (6 -> 0)
  Optimizing lut $abc$48737$auto$blifparse.cc:557:parse_blif$50003.genblk1.genblk1.genblk1.genblk1.genblk1.genblk1.genblk1.genblk1.genblk1.genblk1.lut0.genblk1.genblk1.genblk1.genblk1.genblk1.genblk1.genblk1.genblk1.genblk1.lut0 (6 -> 0)
  Optimizing lut $abc$48737$auto$blifparse.cc:557:parse_blif$50011.genblk1.genblk1.genblk1.genblk1.genblk1.genblk1.genblk1.genblk1.genblk1.genblk1.lut0.genblk1.genblk1.genblk1.genblk1.genblk1.genblk1.genblk1.genblk1.genblk1.lut0 (6 -> 0)
  Optimizing lut $abc$48737$auto$blifparse.cc:557:parse_blif$51449.genblk1.genblk1.genblk1.genblk1.genblk1.genblk1.genblk1.genblk1.genblk1.lut1 (6 -> 4)
  Optimizing lut $abc$48737$auto$blifparse.cc:557:parse_blif$50364.genblk1.genblk1.genblk1.genblk1.genblk1.genblk1.genblk1.genblk1.genblk1.genblk1.lut0.genblk1.genblk1.genblk1.genblk1.genblk1.genblk1.genblk1.genblk1.genblk1.lut0 (6 -> 0)
  Optimizing lut $abc$48737$auto$blifparse.cc:557:parse_blif$50575.genblk1.genblk1.genblk1.genblk1.genblk1.genblk1.genblk1.genblk1.genblk1.genblk1.lut0.genblk1.genblk1.genblk1.genblk1.genblk1.genblk1.genblk1.genblk1.genblk1.lut0 (6 -> 0)
  Optimizing lut $abc$48737$auto$blifparse.cc:557:parse_blif$50574.genblk1.genblk1.genblk1.genblk1.genblk1.genblk1.genblk1.genblk1.genblk1.genblk1.lut0.genblk1.genblk1.genblk1.genblk1.genblk1.genblk1.genblk1.genblk1.genblk1.lut0 (6 -> 0)
  Optimizing lut $abc$48737$auto$blifparse.cc:557:parse_blif$51366.genblk1.genblk1.genblk1.genblk1.genblk1.genblk1.genblk1.genblk1.genblk1.genblk1.lut1.genblk1.genblk1.genblk1.genblk1.genblk1.genblk1.genblk1.genblk1.genblk1.lut0 (6 -> 0)
  Optimizing lut $abc$48737$auto$blifparse.cc:557:parse_blif$49598.genblk1.genblk1.genblk1.genblk1.genblk1.genblk1.genblk1.genblk1.genblk1.genblk1.lut0.genblk1.genblk1.genblk1.genblk1.genblk1.genblk1.genblk1.genblk1.genblk1.lut0 (6 -> 0)
  Optimizing lut $abc$48737$auto$blifparse.cc:557:parse_blif$49597.genblk1.genblk1.genblk1.genblk1.genblk1.genblk1.genblk1.genblk1.genblk1.genblk1.lut0.genblk1.genblk1.genblk1.genblk1.genblk1.genblk1.genblk1.genblk1.genblk1.lut0 (6 -> 0)
  Optimizing lut $abc$48737$auto$blifparse.cc:557:parse_blif$49605.genblk1.genblk1.genblk1.genblk1.genblk1.genblk1.genblk1.genblk1.genblk1.genblk1.lut0.genblk1.genblk1.genblk1.genblk1.genblk1.genblk1.genblk1.genblk1.genblk1.lut0 (6 -> 0)
  Optimizing lut $abc$48737$auto$blifparse.cc:557:parse_blif$49602.genblk1.genblk1.genblk1.genblk1.genblk1.genblk1.genblk1.genblk1.genblk1.genblk1.lut0.genblk1.genblk1.genblk1.genblk1.genblk1.genblk1.genblk1.genblk1.genblk1.lut0 (6 -> 0)
  Optimizing lut $abc$48737$auto$blifparse.cc:557:parse_blif$49601.genblk1.genblk1.genblk1.genblk1.genblk1.genblk1.genblk1.genblk1.genblk1.genblk1.lut0.genblk1.genblk1.genblk1.genblk1.genblk1.genblk1.genblk1.genblk1.genblk1.lut0 (6 -> 0)
  Optimizing lut $abc$48737$auto$blifparse.cc:557:parse_blif$49621.genblk1.genblk1.genblk1.genblk1.genblk1.genblk1.genblk1.genblk1.genblk1.genblk1.lut0.genblk1.genblk1.genblk1.genblk1.genblk1.genblk1.genblk1.genblk1.genblk1.lut0 (6 -> 0)
  Optimizing lut $abc$48737$auto$blifparse.cc:557:parse_blif$49609.genblk1.genblk1.genblk1.genblk1.genblk1.genblk1.genblk1.genblk1.genblk1.genblk1.lut0.genblk1.genblk1.genblk1.genblk1.genblk1.genblk1.genblk1.genblk1.genblk1.lut0 (6 -> 0)
  Optimizing lut $abc$48737$auto$blifparse.cc:557:parse_blif$49608.genblk1.genblk1.genblk1.genblk1.genblk1.genblk1.genblk1.genblk1.genblk1.genblk1.lut0.genblk1.genblk1.genblk1.genblk1.genblk1.genblk1.genblk1.genblk1.genblk1.lut0 (6 -> 0)
  Optimizing lut $abc$48737$auto$blifparse.cc:557:parse_blif$50521.genblk1.genblk1.genblk1.genblk1.genblk1.genblk1.genblk1.genblk1.genblk1.genblk1.lut0.genblk1.genblk1.genblk1.genblk1.genblk1.genblk1.genblk1.genblk1.genblk1.lut0 (6 -> 0)
  Optimizing lut $abc$48737$auto$blifparse.cc:557:parse_blif$50520.genblk1.genblk1.genblk1.genblk1.genblk1.genblk1.genblk1.genblk1.genblk1.genblk1.lut0.genblk1.genblk1.genblk1.genblk1.genblk1.genblk1.genblk1.genblk1.genblk1.lut0 (6 -> 0)
  Optimizing lut $abc$48737$auto$blifparse.cc:557:parse_blif$50527.genblk1.genblk1.genblk1.genblk1.genblk1.genblk1.genblk1.genblk1.genblk1.genblk1.lut0.genblk1.genblk1.genblk1.genblk1.genblk1.genblk1.genblk1.genblk1.genblk1.lut0 (6 -> 0)
  Optimizing lut $abc$48737$auto$blifparse.cc:557:parse_blif$50411.genblk1.genblk1.genblk1.genblk1.genblk1.genblk1.genblk1.genblk1.genblk1.genblk1.lut0.genblk1.genblk1.genblk1.genblk1.genblk1.genblk1.genblk1.genblk1.genblk1.lut0 (6 -> 0)
  Optimizing lut $abc$48737$auto$blifparse.cc:557:parse_blif$50331.genblk1.genblk1.genblk1.genblk1.genblk1.genblk1.genblk1.genblk1.genblk1.genblk1.lut0.genblk1.genblk1.genblk1.genblk1.genblk1.genblk1.genblk1.genblk1.genblk1.lut0 (6 -> 0)
  Optimizing lut $abc$48737$auto$blifparse.cc:557:parse_blif$50539.genblk1.genblk1.genblk1.genblk1.genblk1.genblk1.genblk1.genblk1.genblk1.genblk1.lut0.genblk1.genblk1.genblk1.genblk1.genblk1.genblk1.genblk1.genblk1.genblk1.lut0 (6 -> 0)
  Optimizing lut $abc$48737$auto$blifparse.cc:557:parse_blif$50533.genblk1.genblk1.genblk1.genblk1.genblk1.genblk1.genblk1.genblk1.genblk1.genblk1.lut0.genblk1.genblk1.genblk1.genblk1.genblk1.genblk1.genblk1.genblk1.genblk1.lut0 (6 -> 0)
  Optimizing lut $abc$48737$auto$blifparse.cc:557:parse_blif$50422.genblk1.genblk1.genblk1.genblk1.genblk1.genblk1.genblk1.genblk1.genblk1.genblk1.lut0.genblk1.genblk1.genblk1.genblk1.genblk1.genblk1.genblk1.genblk1.genblk1.lut0 (6 -> 0)
  Optimizing lut $abc$48737$auto$blifparse.cc:557:parse_blif$51451.genblk1.genblk1.genblk1.genblk1.genblk1.genblk1.genblk1.genblk1.genblk1.lut1 (6 -> 4)
  Optimizing lut $abc$48737$auto$blifparse.cc:557:parse_blif$50562.genblk1.genblk1.genblk1.genblk1.genblk1.genblk1.genblk1.genblk1.genblk1.genblk1.lut0.genblk1.genblk1.genblk1.genblk1.genblk1.genblk1.genblk1.genblk1.genblk1.lut0 (6 -> 0)
  Optimizing lut $abc$48737$auto$blifparse.cc:557:parse_blif$50451.genblk1.genblk1.genblk1.genblk1.genblk1.genblk1.genblk1.genblk1.genblk1.genblk1.lut0.genblk1.genblk1.genblk1.genblk1.genblk1.genblk1.genblk1.genblk1.genblk1.lut0 (6 -> 0)
  Optimizing lut $abc$48737$auto$blifparse.cc:557:parse_blif$50292.genblk1.genblk1.genblk1.genblk1.genblk1.genblk1.genblk1.genblk1.genblk1.genblk1.lut0.genblk1.genblk1.genblk1.genblk1.genblk1.genblk1.genblk1.genblk1.genblk1.lut0 (6 -> 0)
  Optimizing lut $abc$48737$auto$blifparse.cc:557:parse_blif$50547.genblk1.genblk1.genblk1.genblk1.genblk1.genblk1.genblk1.genblk1.genblk1.genblk1.lut0.genblk1.genblk1.genblk1.genblk1.genblk1.genblk1.genblk1.genblk1.genblk1.lut0 (6 -> 0)
  Optimizing lut $abc$48737$auto$blifparse.cc:557:parse_blif$50546.genblk1.genblk1.genblk1.genblk1.genblk1.genblk1.genblk1.genblk1.genblk1.genblk1.lut0.genblk1.genblk1.genblk1.genblk1.genblk1.genblk1.genblk1.genblk1.genblk1.lut0 (6 -> 0)
  Optimizing lut $abc$48737$auto$blifparse.cc:557:parse_blif$49723.genblk1.genblk1.genblk1.genblk1.genblk1.genblk1.genblk1.genblk1.genblk1.genblk1.lut0.genblk1.genblk1.genblk1.genblk1.genblk1.genblk1.genblk1.genblk1.genblk1.lut0 (6 -> 0)
  Optimizing lut $abc$48737$auto$blifparse.cc:557:parse_blif$49722.genblk1.genblk1.genblk1.genblk1.genblk1.genblk1.genblk1.genblk1.genblk1.genblk1.lut0.genblk1.genblk1.genblk1.genblk1.genblk1.genblk1.genblk1.genblk1.genblk1.lut0 (6 -> 0)
  Optimizing lut $abc$48737$auto$blifparse.cc:557:parse_blif$49666.genblk1.genblk1.genblk1.genblk1.genblk1.genblk1.genblk1.genblk1.genblk1.genblk1.lut0.genblk1.genblk1.genblk1.genblk1.genblk1.genblk1.genblk1.genblk1.genblk1.lut0 (6 -> 0)
  Optimizing lut $abc$48737$auto$blifparse.cc:557:parse_blif$51739.genblk1.genblk1.genblk1.genblk1.genblk1.genblk1.genblk1.genblk1.genblk1.lut1 (6 -> 4)
  Optimizing lut $abc$48737$auto$blifparse.cc:557:parse_blif$49654.genblk1.genblk1.genblk1.genblk1.genblk1.genblk1.genblk1.genblk1.genblk1.genblk1.lut0.genblk1.genblk1.genblk1.genblk1.genblk1.genblk1.genblk1.genblk1.genblk1.lut0 (6 -> 0)
  Optimizing lut $abc$48737$auto$blifparse.cc:557:parse_blif$49719.genblk1.genblk1.genblk1.genblk1.genblk1.genblk1.genblk1.genblk1.genblk1.genblk1.lut0.genblk1.genblk1.genblk1.genblk1.genblk1.genblk1.genblk1.genblk1.genblk1.lut0 (6 -> 0)
  Optimizing lut $abc$48737$auto$blifparse.cc:557:parse_blif$49676.genblk1.genblk1.genblk1.genblk1.genblk1.genblk1.genblk1.genblk1.genblk1.genblk1.lut0.genblk1.genblk1.genblk1.genblk1.genblk1.genblk1.genblk1.genblk1.genblk1.lut0 (6 -> 0)
  Optimizing lut $abc$48737$auto$blifparse.cc:557:parse_blif$51742.genblk1.genblk1.genblk1.genblk1.genblk1.genblk1.genblk1.genblk1.genblk1.lut1 (6 -> 4)
  Optimizing lut $abc$48737$auto$blifparse.cc:557:parse_blif$51974.genblk1.genblk1.genblk1.genblk1.genblk1.genblk1.genblk1.genblk1.genblk1.genblk1.lut1.genblk1.genblk1.genblk1.genblk1.genblk1.genblk1.genblk1.genblk1.genblk1.lut0 (6 -> 0)
  Optimizing lut $abc$48737$auto$blifparse.cc:557:parse_blif$49853.genblk1.genblk1.genblk1.genblk1.genblk1.genblk1.genblk1.genblk1.genblk1.genblk1.lut0.genblk1.genblk1.genblk1.genblk1.genblk1.genblk1.genblk1.genblk1.genblk1.lut0 (6 -> 0)
  Optimizing lut $abc$48737$auto$blifparse.cc:557:parse_blif$52081.genblk1.genblk1.genblk1.genblk1.genblk1.genblk1.genblk1.genblk1.genblk1.lut1 (6 -> 4)
  Optimizing lut $abc$48737$auto$blifparse.cc:557:parse_blif$49763.genblk1.genblk1.genblk1.genblk1.genblk1.genblk1.genblk1.genblk1.genblk1.genblk1.lut0.genblk1.genblk1.genblk1.genblk1.genblk1.genblk1.genblk1.genblk1.genblk1.lut0 (6 -> 0)
  Optimizing lut $abc$48737$auto$blifparse.cc:557:parse_blif$49712.genblk1.genblk1.genblk1.genblk1.genblk1.genblk1.genblk1.genblk1.genblk1.genblk1.lut0.genblk1.genblk1.genblk1.genblk1.genblk1.genblk1.genblk1.genblk1.genblk1.lut0 (6 -> 0)
  Optimizing lut $abc$48737$auto$blifparse.cc:557:parse_blif$49843.genblk1.genblk1.genblk1.genblk1.genblk1.genblk1.genblk1.genblk1.genblk1.genblk1.lut0.genblk1.genblk1.genblk1.genblk1.genblk1.genblk1.genblk1.genblk1.genblk1.lut0 (6 -> 0)
  Optimizing lut $abc$48737$auto$blifparse.cc:557:parse_blif$49819.genblk1.genblk1.genblk1.genblk1.genblk1.genblk1.genblk1.genblk1.genblk1.genblk1.lut0.genblk1.genblk1.genblk1.genblk1.genblk1.genblk1.genblk1.genblk1.genblk1.lut0 (6 -> 0)
  Optimizing lut $abc$48737$auto$blifparse.cc:557:parse_blif$49818.genblk1.genblk1.genblk1.genblk1.genblk1.genblk1.genblk1.genblk1.genblk1.genblk1.lut0.genblk1.genblk1.genblk1.genblk1.genblk1.genblk1.genblk1.genblk1.genblk1.lut0 (6 -> 0)
  Optimizing lut $abc$48737$auto$blifparse.cc:557:parse_blif$49826.genblk1.genblk1.genblk1.genblk1.genblk1.genblk1.genblk1.genblk1.genblk1.genblk1.lut0.genblk1.genblk1.genblk1.genblk1.genblk1.genblk1.genblk1.genblk1.genblk1.lut0 (6 -> 0)
  Optimizing lut $abc$48737$auto$blifparse.cc:557:parse_blif$49687.genblk1.genblk1.genblk1.genblk1.genblk1.genblk1.genblk1.genblk1.genblk1.genblk1.lut0.genblk1.genblk1.genblk1.genblk1.genblk1.genblk1.genblk1.genblk1.genblk1.lut0 (6 -> 0)
  Optimizing lut $abc$48737$auto$blifparse.cc:557:parse_blif$49847.genblk1.genblk1.genblk1.genblk1.genblk1.genblk1.genblk1.genblk1.genblk1.genblk1.lut1.genblk1.genblk1.genblk1.genblk1.genblk1.genblk1.genblk1.genblk1.genblk1.lut0 (6 -> 0)
  Optimizing lut $abc$48737$auto$blifparse.cc:557:parse_blif$52264.genblk1.genblk1.genblk1.genblk1.genblk1.genblk1.genblk1.genblk1.genblk1.lut1 (6 -> 4)
  Optimizing lut $abc$48737$auto$blifparse.cc:557:parse_blif$49632.genblk1.genblk1.genblk1.genblk1.genblk1.genblk1.genblk1.genblk1.genblk1.genblk1.lut0.genblk1.genblk1.genblk1.genblk1.genblk1.genblk1.genblk1.genblk1.genblk1.lut0 (6 -> 0)
  Optimizing lut $abc$48737$auto$blifparse.cc:557:parse_blif$49631.genblk1.genblk1.genblk1.genblk1.genblk1.genblk1.genblk1.genblk1.genblk1.genblk1.lut0.genblk1.genblk1.genblk1.genblk1.genblk1.genblk1.genblk1.genblk1.genblk1.lut0 (6 -> 0)
  Optimizing lut $abc$48737$auto$blifparse.cc:557:parse_blif$49859.genblk1.genblk1.genblk1.genblk1.genblk1.genblk1.genblk1.genblk1.genblk1.genblk1.lut1.genblk1.genblk1.genblk1.genblk1.genblk1.genblk1.genblk1.genblk1.genblk1.lut0 (6 -> 0)
  Optimizing lut $abc$48737$auto$blifparse.cc:557:parse_blif$49746.genblk1.genblk1.genblk1.genblk1.genblk1.genblk1.genblk1.genblk1.genblk1.genblk1.lut0.genblk1.genblk1.genblk1.genblk1.genblk1.genblk1.genblk1.genblk1.genblk1.lut0 (6 -> 0)
  Optimizing lut $abc$48737$auto$blifparse.cc:557:parse_blif$49745.genblk1.genblk1.genblk1.genblk1.genblk1.genblk1.genblk1.genblk1.genblk1.genblk1.lut0.genblk1.genblk1.genblk1.genblk1.genblk1.genblk1.genblk1.genblk1.genblk1.lut0 (6 -> 0)
  Optimizing lut $abc$48737$auto$blifparse.cc:557:parse_blif$49850.genblk1.genblk1.genblk1.genblk1.genblk1.genblk1.genblk1.genblk1.genblk1.genblk1.lut0.genblk1.genblk1.genblk1.genblk1.genblk1.genblk1.genblk1.genblk1.genblk1.lut0 (6 -> 0)
  Optimizing lut $abc$48737$auto$blifparse.cc:557:parse_blif$49922.genblk1.genblk1.genblk1.genblk1.genblk1.genblk1.genblk1.genblk1.genblk1.genblk1.lut0.genblk1.genblk1.genblk1.genblk1.genblk1.genblk1.genblk1.genblk1.genblk1.lut0 (6 -> 0)
  Optimizing lut $abc$48737$auto$blifparse.cc:557:parse_blif$49921.genblk1.genblk1.genblk1.genblk1.genblk1.genblk1.genblk1.genblk1.genblk1.genblk1.lut0.genblk1.genblk1.genblk1.genblk1.genblk1.genblk1.genblk1.genblk1.genblk1.lut0 (6 -> 0)
  Optimizing lut $abc$48737$auto$blifparse.cc:557:parse_blif$49993.genblk1.genblk1.genblk1.genblk1.genblk1.genblk1.genblk1.genblk1.genblk1.genblk1.lut0.genblk1.genblk1.genblk1.genblk1.genblk1.genblk1.genblk1.genblk1.genblk1.lut0 (6 -> 0)
  Optimizing lut $abc$48737$auto$blifparse.cc:557:parse_blif$49915.genblk1.genblk1.genblk1.genblk1.genblk1.genblk1.genblk1.genblk1.genblk1.genblk1.lut0.genblk1.genblk1.genblk1.genblk1.genblk1.genblk1.genblk1.genblk1.genblk1.lut0 (6 -> 0)
  Optimizing lut $abc$48737$auto$blifparse.cc:557:parse_blif$49684.genblk1.genblk1.genblk1.genblk1.genblk1.genblk1.genblk1.genblk1.genblk1.genblk1.lut0.genblk1.genblk1.genblk1.genblk1.genblk1.genblk1.genblk1.genblk1.genblk1.lut0 (6 -> 0)
  Optimizing lut $abc$48737$auto$blifparse.cc:557:parse_blif$52531.genblk1.genblk1.genblk1.genblk1.genblk1.genblk1.genblk1.genblk1.genblk1.genblk1.lut1.genblk1.genblk1.genblk1.genblk1.genblk1.genblk1.genblk1.genblk1.genblk1.lut0 (6 -> 0)
  Optimizing lut $abc$48737$auto$blifparse.cc:557:parse_blif$52632.genblk1.genblk1.genblk1.genblk1.genblk1.genblk1.genblk1.genblk1.genblk1.lut1 (6 -> 4)
  Optimizing lut $abc$48737$auto$blifparse.cc:557:parse_blif$52533.genblk1.genblk1.genblk1.genblk1.genblk1.genblk1.genblk1.genblk1.genblk1.lut1 (6 -> 0)
  Optimizing lut $abc$48737$auto$blifparse.cc:557:parse_blif$49489.genblk1.genblk1.genblk1.genblk1.genblk1.genblk1.genblk1.genblk1.genblk1.genblk1.lut0.genblk1.genblk1.genblk1.genblk1.genblk1.genblk1.genblk1.genblk1.genblk1.lut0 (6 -> 0)
  Optimizing lut $abc$48737$auto$blifparse.cc:557:parse_blif$52634.genblk1.genblk1.genblk1.genblk1.genblk1.genblk1.genblk1.genblk1.genblk1.lut1 (6 -> 3)
  Optimizing lut $abc$48737$auto$blifparse.cc:557:parse_blif$49856.genblk1.genblk1.genblk1.genblk1.genblk1.genblk1.genblk1.genblk1.genblk1.genblk1.lut1.genblk1.genblk1.genblk1.genblk1.genblk1.genblk1.genblk1.genblk1.genblk1.lut0 (6 -> 0)
  Optimizing lut $abc$48737$auto$blifparse.cc:557:parse_blif$49742.genblk1.genblk1.genblk1.genblk1.genblk1.genblk1.genblk1.genblk1.genblk1.genblk1.lut0.genblk1.genblk1.genblk1.genblk1.genblk1.genblk1.genblk1.genblk1.genblk1.lut0 (6 -> 0)
  Optimizing lut $abc$48737$auto$blifparse.cc:557:parse_blif$49966.genblk1.genblk1.genblk1.genblk1.genblk1.genblk1.genblk1.genblk1.genblk1.genblk1.lut0.genblk1.genblk1.genblk1.genblk1.genblk1.genblk1.genblk1.genblk1.genblk1.lut0 (6 -> 0)
  Optimizing lut $abc$48737$auto$blifparse.cc:557:parse_blif$51959.genblk1.genblk1.genblk1.genblk1.genblk1.genblk1.genblk1.genblk1.genblk1.genblk1.lut1.genblk1.genblk1.genblk1.genblk1.genblk1.genblk1.genblk1.genblk1.genblk1.lut0 (6 -> 1)
  Optimizing lut $abc$48737$auto$blifparse.cc:557:parse_blif$51962.genblk1.genblk1.genblk1.genblk1.genblk1.genblk1.genblk1.genblk1.genblk1.lut1 (6 -> 4)
  Optimizing lut $abc$48737$auto$blifparse.cc:557:parse_blif$51888.genblk1.genblk1.genblk1.genblk1.genblk1.genblk1.genblk1.genblk1.genblk1.genblk1.lut1.genblk1.genblk1.genblk1.genblk1.genblk1.genblk1.genblk1.genblk1.genblk1.lut0 (6 -> 2)
  Optimizing lut $abc$48737$auto$blifparse.cc:557:parse_blif$51888.genblk1.genblk1.genblk1.genblk1.genblk1.genblk1.genblk1.genblk1.genblk1.genblk1.lut0.genblk1.genblk1.genblk1.genblk1.genblk1.genblk1.genblk1.genblk1.genblk1.lut0 (6 -> 1)
  Optimizing lut $abc$48737$auto$blifparse.cc:557:parse_blif$51882.genblk1.genblk1.genblk1.genblk1.genblk1.genblk1.genblk1.genblk1.genblk1.lut1 (6 -> 3)
  Optimizing lut $abc$48737$auto$blifparse.cc:557:parse_blif$51921.genblk1.genblk1.genblk1.genblk1.genblk1.genblk1.genblk1.genblk1.genblk1.genblk1.lut1.genblk1.genblk1.genblk1.genblk1.genblk1.genblk1.genblk1.genblk1.genblk1.lut0 (6 -> 2)
  Optimizing lut $abc$48737$auto$blifparse.cc:557:parse_blif$51921.genblk1.genblk1.genblk1.genblk1.genblk1.genblk1.genblk1.genblk1.genblk1.genblk1.lut0.genblk1.genblk1.genblk1.genblk1.genblk1.genblk1.genblk1.genblk1.genblk1.lut0 (6 -> 1)
  Optimizing lut $abc$48737$auto$blifparse.cc:557:parse_blif$51848.genblk1.genblk1.genblk1.genblk1.genblk1.genblk1.genblk1.genblk1.genblk1.genblk1.lut1.genblk1.genblk1.genblk1.genblk1.genblk1.genblk1.genblk1.genblk1.genblk1.lut0 (6 -> 4)
  Optimizing lut $abc$48737$auto$blifparse.cc:557:parse_blif$51920.genblk1.genblk1.genblk1.genblk1.genblk1.genblk1.genblk1.genblk1.genblk1.lut1 (6 -> 4)
  Optimizing lut $abc$48737$auto$blifparse.cc:557:parse_blif$51832.genblk1.genblk1.genblk1.genblk1.genblk1.genblk1.genblk1.genblk1.genblk1.genblk1.lut1.genblk1.genblk1.genblk1.genblk1.genblk1.genblk1.genblk1.genblk1.genblk1.lut0 (6 -> 2)
  Optimizing lut $abc$48737$auto$blifparse.cc:557:parse_blif$51832.genblk1.genblk1.genblk1.genblk1.genblk1.genblk1.genblk1.genblk1.genblk1.genblk1.lut0.genblk1.genblk1.genblk1.genblk1.genblk1.genblk1.genblk1.genblk1.genblk1.lut0 (6 -> 1)
  Optimizing lut $abc$48737$auto$blifparse.cc:557:parse_blif$55495.genblk1.genblk1.genblk1.genblk1.genblk1.genblk1.genblk1.genblk1.genblk1.genblk1.lut1.genblk1.genblk1.genblk1.genblk1.genblk1.genblk1.genblk1.genblk1.genblk1.lut0 (6 -> 0)
  Optimizing lut $abc$48737$auto$blifparse.cc:557:parse_blif$55486.genblk1.genblk1.genblk1.genblk1.genblk1.genblk1.genblk1.genblk1.genblk1.genblk1.lut1.genblk1.genblk1.genblk1.genblk1.genblk1.genblk1.genblk1.genblk1.genblk1.lut0 (6 -> 0)
  Optimizing lut $abc$48737$auto$blifparse.cc:557:parse_blif$55486.genblk1.genblk1.genblk1.genblk1.genblk1.genblk1.genblk1.genblk1.genblk1.genblk1.lut0.genblk1.genblk1.genblk1.genblk1.genblk1.genblk1.genblk1.genblk1.genblk1.lut0 (6 -> 0)
  Optimizing lut $abc$48737$auto$blifparse.cc:557:parse_blif$55477.genblk1.genblk1.genblk1.genblk1.genblk1.genblk1.genblk1.genblk1.genblk1.genblk1.lut1.genblk1.genblk1.genblk1.genblk1.genblk1.genblk1.genblk1.genblk1.genblk1.lut0 (6 -> 0)
  Optimizing lut $abc$48737$auto$blifparse.cc:557:parse_blif$55477.genblk1.genblk1.genblk1.genblk1.genblk1.genblk1.genblk1.genblk1.genblk1.genblk1.lut0.genblk1.genblk1.genblk1.genblk1.genblk1.genblk1.genblk1.genblk1.genblk1.lut0 (6 -> 0)
  Optimizing lut $abc$48737$auto$blifparse.cc:557:parse_blif$55468.genblk1.genblk1.genblk1.genblk1.genblk1.genblk1.genblk1.genblk1.genblk1.genblk1.lut1.genblk1.genblk1.genblk1.genblk1.genblk1.genblk1.genblk1.genblk1.genblk1.lut0 (6 -> 0)
  Optimizing lut $abc$48737$auto$blifparse.cc:557:parse_blif$55468.genblk1.genblk1.genblk1.genblk1.genblk1.genblk1.genblk1.genblk1.genblk1.genblk1.lut0.genblk1.genblk1.genblk1.genblk1.genblk1.genblk1.genblk1.genblk1.genblk1.lut0 (6 -> 0)
  Optimizing lut $abc$48737$auto$blifparse.cc:557:parse_blif$55459.genblk1.genblk1.genblk1.genblk1.genblk1.genblk1.genblk1.genblk1.genblk1.genblk1.lut1.genblk1.genblk1.genblk1.genblk1.genblk1.genblk1.genblk1.genblk1.genblk1.lut0 (6 -> 0)
  Optimizing lut $abc$48737$auto$blifparse.cc:557:parse_blif$55459.genblk1.genblk1.genblk1.genblk1.genblk1.genblk1.genblk1.genblk1.genblk1.genblk1.lut0.genblk1.genblk1.genblk1.genblk1.genblk1.genblk1.genblk1.genblk1.genblk1.lut0 (6 -> 0)
  Optimizing lut $abc$48737$auto$blifparse.cc:557:parse_blif$55450.genblk1.genblk1.genblk1.genblk1.genblk1.genblk1.genblk1.genblk1.genblk1.genblk1.lut1.genblk1.genblk1.genblk1.genblk1.genblk1.genblk1.genblk1.genblk1.genblk1.lut0 (6 -> 0)
  Optimizing lut $abc$48737$auto$blifparse.cc:557:parse_blif$55450.genblk1.genblk1.genblk1.genblk1.genblk1.genblk1.genblk1.genblk1.genblk1.genblk1.lut0.genblk1.genblk1.genblk1.genblk1.genblk1.genblk1.genblk1.genblk1.genblk1.lut0 (6 -> 0)
  Optimizing lut $abc$48737$auto$blifparse.cc:557:parse_blif$55440.genblk1.genblk1.genblk1.genblk1.genblk1.genblk1.genblk1.genblk1.genblk1.genblk1.lut1.genblk1.genblk1.genblk1.genblk1.genblk1.genblk1.genblk1.genblk1.genblk1.lut0 (6 -> 0)
  Optimizing lut $abc$48737$auto$blifparse.cc:557:parse_blif$55434.genblk1.genblk1.genblk1.genblk1.genblk1.genblk1.genblk1.genblk1.genblk1.genblk1.lut1.genblk1.genblk1.genblk1.genblk1.genblk1.genblk1.genblk1.genblk1.genblk1.lut0 (6 -> 0)
  Optimizing lut $abc$48737$auto$blifparse.cc:557:parse_blif$55434.genblk1.genblk1.genblk1.genblk1.genblk1.genblk1.genblk1.genblk1.genblk1.genblk1.lut0.genblk1.genblk1.genblk1.genblk1.genblk1.genblk1.genblk1.genblk1.genblk1.lut0 (6 -> 0)
  Optimizing lut $abc$48737$auto$blifparse.cc:557:parse_blif$55412.genblk1.genblk1.genblk1.genblk1.genblk1.genblk1.genblk1.genblk1.genblk1.genblk1.lut1.genblk1.genblk1.genblk1.genblk1.genblk1.genblk1.genblk1.genblk1.genblk1.lut0 (6 -> 0)
  Optimizing lut $abc$48737$auto$blifparse.cc:557:parse_blif$55423.genblk1.genblk1.genblk1.genblk1.genblk1.genblk1.genblk1.genblk1.genblk1.lut1 (6 -> 5)
  Optimizing lut $abc$48737$auto$blifparse.cc:557:parse_blif$55411.genblk1.genblk1.genblk1.genblk1.genblk1.genblk1.genblk1.genblk1.genblk1.genblk1.lut1.genblk1.genblk1.genblk1.genblk1.genblk1.genblk1.genblk1.genblk1.genblk1.lut0 (6 -> 0)
  Optimizing lut $abc$48737$auto$blifparse.cc:557:parse_blif$55411.genblk1.genblk1.genblk1.genblk1.genblk1.genblk1.genblk1.genblk1.genblk1.genblk1.lut0.genblk1.genblk1.genblk1.genblk1.genblk1.genblk1.genblk1.genblk1.genblk1.lut0 (6 -> 0)
  Optimizing lut $abc$48737$auto$blifparse.cc:557:parse_blif$55402.genblk1.genblk1.genblk1.genblk1.genblk1.genblk1.genblk1.genblk1.genblk1.genblk1.lut1.genblk1.genblk1.genblk1.genblk1.genblk1.genblk1.genblk1.genblk1.genblk1.lut0 (6 -> 0)
  Optimizing lut $abc$48737$auto$blifparse.cc:557:parse_blif$55393.genblk1.genblk1.genblk1.genblk1.genblk1.genblk1.genblk1.genblk1.genblk1.genblk1.lut1.genblk1.genblk1.genblk1.genblk1.genblk1.genblk1.genblk1.genblk1.genblk1.lut0 (6 -> 0)
  Optimizing lut $abc$48737$auto$blifparse.cc:557:parse_blif$55384.genblk1.genblk1.genblk1.genblk1.genblk1.genblk1.genblk1.genblk1.genblk1.genblk1.lut1.genblk1.genblk1.genblk1.genblk1.genblk1.genblk1.genblk1.genblk1.genblk1.lut0 (6 -> 0)
  Optimizing lut $abc$48737$auto$blifparse.cc:557:parse_blif$55375.genblk1.genblk1.genblk1.genblk1.genblk1.genblk1.genblk1.genblk1.genblk1.genblk1.lut1.genblk1.genblk1.genblk1.genblk1.genblk1.genblk1.genblk1.genblk1.genblk1.lut0 (6 -> 0)
  Optimizing lut $abc$48737$auto$blifparse.cc:557:parse_blif$55375.genblk1.genblk1.genblk1.genblk1.genblk1.genblk1.genblk1.genblk1.genblk1.genblk1.lut0.genblk1.genblk1.genblk1.genblk1.genblk1.genblk1.genblk1.genblk1.genblk1.lut0 (6 -> 0)
  Optimizing lut $abc$48737$auto$blifparse.cc:557:parse_blif$55374.genblk1.genblk1.genblk1.genblk1.genblk1.genblk1.genblk1.genblk1.genblk1.genblk1.lut1.genblk1.genblk1.genblk1.genblk1.genblk1.genblk1.genblk1.genblk1.genblk1.lut0 (6 -> 0)
  Optimizing lut $abc$48737$auto$blifparse.cc:557:parse_blif$55365.genblk1.genblk1.genblk1.genblk1.genblk1.genblk1.genblk1.genblk1.genblk1.genblk1.lut1.genblk1.genblk1.genblk1.genblk1.genblk1.genblk1.genblk1.genblk1.genblk1.lut0 (6 -> 0)
  Optimizing lut $abc$48737$auto$blifparse.cc:557:parse_blif$55360.genblk1.genblk1.genblk1.genblk1.genblk1.genblk1.genblk1.genblk1.genblk1.genblk1.lut1.genblk1.genblk1.genblk1.genblk1.genblk1.genblk1.genblk1.genblk1.genblk1.lut0 (6 -> 0)
  Optimizing lut $abc$48737$auto$blifparse.cc:557:parse_blif$55364.genblk1.genblk1.genblk1.genblk1.genblk1.genblk1.genblk1.genblk1.genblk1.lut1 (6 -> 5)
  Optimizing lut $abc$48737$auto$blifparse.cc:557:parse_blif$55338.genblk1.genblk1.genblk1.genblk1.genblk1.genblk1.genblk1.genblk1.genblk1.genblk1.lut1.genblk1.genblk1.genblk1.genblk1.genblk1.genblk1.genblk1.genblk1.genblk1.lut0 (6 -> 0)
  Optimizing lut $abc$48737$auto$blifparse.cc:557:parse_blif$55335.genblk1.genblk1.genblk1.genblk1.genblk1.genblk1.genblk1.genblk1.genblk1.genblk1.lut1.genblk1.genblk1.genblk1.genblk1.genblk1.genblk1.genblk1.genblk1.genblk1.lut0 (6 -> 0)
  Optimizing lut $abc$48737$auto$blifparse.cc:557:parse_blif$55332.genblk1.genblk1.genblk1.genblk1.genblk1.genblk1.genblk1.genblk1.genblk1.genblk1.lut1.genblk1.genblk1.genblk1.genblk1.genblk1.genblk1.genblk1.genblk1.genblk1.lut0 (6 -> 0)
  Optimizing lut $abc$48737$auto$blifparse.cc:557:parse_blif$55332.genblk1.genblk1.genblk1.genblk1.genblk1.genblk1.genblk1.genblk1.genblk1.genblk1.lut0.genblk1.genblk1.genblk1.genblk1.genblk1.genblk1.genblk1.genblk1.genblk1.lut0 (6 -> 0)
  Optimizing lut $abc$48737$auto$blifparse.cc:557:parse_blif$55323.genblk1.genblk1.genblk1.genblk1.genblk1.genblk1.genblk1.genblk1.genblk1.genblk1.lut1.genblk1.genblk1.genblk1.genblk1.genblk1.genblk1.genblk1.genblk1.genblk1.lut0 (6 -> 0)
  Optimizing lut $abc$48737$auto$blifparse.cc:557:parse_blif$49677.genblk1.genblk1.genblk1.genblk1.genblk1.genblk1.genblk1.genblk1.genblk1.lut1 (6 -> 0)
  Optimizing lut $abc$48737$auto$blifparse.cc:557:parse_blif$55313.genblk1.genblk1.genblk1.genblk1.genblk1.genblk1.genblk1.genblk1.genblk1.genblk1.lut1.genblk1.genblk1.genblk1.genblk1.genblk1.genblk1.genblk1.genblk1.genblk1.lut0 (6 -> 0)
  Optimizing lut $abc$48737$auto$blifparse.cc:557:parse_blif$55304.genblk1.genblk1.genblk1.genblk1.genblk1.genblk1.genblk1.genblk1.genblk1.genblk1.lut1.genblk1.genblk1.genblk1.genblk1.genblk1.genblk1.genblk1.genblk1.genblk1.lut0 (6 -> 0)
  Optimizing lut $abc$48737$auto$blifparse.cc:557:parse_blif$55304.genblk1.genblk1.genblk1.genblk1.genblk1.genblk1.genblk1.genblk1.genblk1.genblk1.lut0.genblk1.genblk1.genblk1.genblk1.genblk1.genblk1.genblk1.genblk1.genblk1.lut0 (6 -> 0)
  Optimizing lut $abc$48737$auto$blifparse.cc:557:parse_blif$55295.genblk1.genblk1.genblk1.genblk1.genblk1.genblk1.genblk1.genblk1.genblk1.genblk1.lut1.genblk1.genblk1.genblk1.genblk1.genblk1.genblk1.genblk1.genblk1.genblk1.lut0 (6 -> 0)
  Optimizing lut $abc$48737$auto$blifparse.cc:557:parse_blif$55286.genblk1.genblk1.genblk1.genblk1.genblk1.genblk1.genblk1.genblk1.genblk1.genblk1.lut1.genblk1.genblk1.genblk1.genblk1.genblk1.genblk1.genblk1.genblk1.genblk1.lut0 (6 -> 0)
  Optimizing lut $abc$48737$auto$blifparse.cc:557:parse_blif$55286.genblk1.genblk1.genblk1.genblk1.genblk1.genblk1.genblk1.genblk1.genblk1.genblk1.lut0.genblk1.genblk1.genblk1.genblk1.genblk1.genblk1.genblk1.genblk1.genblk1.lut0 (6 -> 0)
  Optimizing lut $abc$48737$auto$blifparse.cc:557:parse_blif$55604.genblk1.genblk1.genblk1.genblk1.genblk1.genblk1.genblk1.genblk1.genblk1.genblk1.lut1.genblk1.genblk1.genblk1.genblk1.genblk1.genblk1.genblk1.genblk1.genblk1.lut0 (6 -> 0)
  Optimizing lut $abc$48737$auto$blifparse.cc:557:parse_blif$51909.genblk1.genblk1.genblk1.genblk1.genblk1.genblk1.genblk1.genblk1.genblk1.genblk1.lut1.genblk1.genblk1.genblk1.genblk1.genblk1.genblk1.genblk1.genblk1.genblk1.lut0 (6 -> 1)
  Optimizing lut $abc$48737$auto$blifparse.cc:557:parse_blif$51932.genblk1.genblk1.genblk1.genblk1.genblk1.genblk1.genblk1.genblk1.genblk1.genblk1.lut1.genblk1.genblk1.genblk1.genblk1.genblk1.genblk1.genblk1.genblk1.genblk1.lut0 (6 -> 2)
  Optimizing lut $abc$48737$auto$blifparse.cc:557:parse_blif$51935.genblk1.genblk1.genblk1.genblk1.genblk1.genblk1.genblk1.genblk1.genblk1.lut1 (6 -> 3)
  Optimizing lut $abc$48737$auto$blifparse.cc:557:parse_blif$51927.genblk1.genblk1.genblk1.genblk1.genblk1.genblk1.genblk1.genblk1.genblk1.genblk1.lut1.genblk1.genblk1.genblk1.genblk1.genblk1.genblk1.genblk1.genblk1.genblk1.lut0 (6 -> 1)
  Optimizing lut $abc$48737$auto$blifparse.cc:557:parse_blif$51930.genblk1.genblk1.genblk1.genblk1.genblk1.genblk1.genblk1.genblk1.genblk1.lut1 (6 -> 4)
  Optimizing lut $abc$48737$auto$blifparse.cc:557:parse_blif$48881.genblk1.genblk1.genblk1.genblk1.genblk1.genblk1.genblk1.genblk1.genblk1.lut0 (6 -> 3)
  Optimizing lut $abc$48737$auto$blifparse.cc:557:parse_blif$50601.genblk1.genblk1.genblk1.genblk1.genblk1.genblk1.genblk1.genblk1.genblk1.lut0 (6 -> 0)
  Optimizing lut $abc$48737$auto$blifparse.cc:557:parse_blif$50605.genblk1.genblk1.genblk1.genblk1.genblk1.genblk1.genblk1.genblk1.genblk1.lut0 (6 -> 3)
  Optimizing lut $abc$48737$auto$blifparse.cc:557:parse_blif$50624.genblk1.genblk1.genblk1.genblk1.genblk1.genblk1.genblk1.genblk1.genblk1.lut0 (6 -> 0)
  Optimizing lut $abc$48737$auto$blifparse.cc:557:parse_blif$50628.genblk1.genblk1.genblk1.genblk1.genblk1.genblk1.genblk1.genblk1.genblk1.lut0 (6 -> 0)
  Optimizing lut $abc$48737$auto$blifparse.cc:557:parse_blif$50632.genblk1.genblk1.genblk1.genblk1.genblk1.genblk1.genblk1.genblk1.genblk1.lut0 (6 -> 4)
  Optimizing lut $abc$48737$auto$blifparse.cc:557:parse_blif$50649.genblk1.genblk1.genblk1.genblk1.genblk1.genblk1.genblk1.genblk1.genblk1.lut0 (6 -> 0)
  Optimizing lut $abc$48737$auto$blifparse.cc:557:parse_blif$50651.genblk1.genblk1.genblk1.genblk1.genblk1.genblk1.genblk1.genblk1.genblk1.lut0 (6 -> 0)
  Optimizing lut $abc$48737$auto$blifparse.cc:557:parse_blif$50653.genblk1.genblk1.genblk1.genblk1.genblk1.genblk1.genblk1.genblk1.genblk1.lut0 (6 -> 4)
  Optimizing lut $abc$48737$auto$blifparse.cc:557:parse_blif$50659.genblk1.genblk1.genblk1.genblk1.genblk1.genblk1.genblk1.genblk1.genblk1.lut0 (6 -> 4)
  Optimizing lut $abc$48737$auto$blifparse.cc:557:parse_blif$50662.genblk1.genblk1.genblk1.genblk1.genblk1.genblk1.genblk1.genblk1.genblk1.lut0 (6 -> 0)
  Optimizing lut $abc$48737$auto$blifparse.cc:557:parse_blif$50665.genblk1.genblk1.genblk1.genblk1.genblk1.genblk1.genblk1.genblk1.genblk1.lut0 (6 -> 0)
  Optimizing lut $abc$48737$auto$blifparse.cc:557:parse_blif$50670.genblk1.genblk1.genblk1.genblk1.genblk1.genblk1.genblk1.genblk1.genblk1.lut0 (6 -> 4)
  Optimizing lut $abc$48737$auto$blifparse.cc:557:parse_blif$50672.genblk1.genblk1.genblk1.genblk1.genblk1.genblk1.genblk1.genblk1.genblk1.lut0 (6 -> 0)
  Optimizing lut $abc$48737$auto$blifparse.cc:557:parse_blif$50674.genblk1.genblk1.genblk1.genblk1.genblk1.genblk1.genblk1.genblk1.genblk1.lut0 (6 -> 0)
  Optimizing lut $abc$48737$auto$blifparse.cc:557:parse_blif$50678.genblk1.genblk1.genblk1.genblk1.genblk1.genblk1.genblk1.genblk1.genblk1.lut0 (6 -> 4)
  Optimizing lut $abc$48737$auto$blifparse.cc:557:parse_blif$50680.genblk1.genblk1.genblk1.genblk1.genblk1.genblk1.genblk1.genblk1.genblk1.lut0 (6 -> 0)
  Optimizing lut $abc$48737$auto$blifparse.cc:557:parse_blif$50682.genblk1.genblk1.genblk1.genblk1.genblk1.genblk1.genblk1.genblk1.genblk1.lut0 (6 -> 0)
  Optimizing lut $abc$48737$auto$blifparse.cc:557:parse_blif$50594.genblk1.genblk1.genblk1.genblk1.genblk1.genblk1.genblk1.genblk1.genblk1.lut0 (6 -> 3)
  Optimizing lut $abc$48737$auto$blifparse.cc:557:parse_blif$50687.genblk1.genblk1.genblk1.genblk1.genblk1.genblk1.genblk1.genblk1.genblk1.lut0 (6 -> 4)
  Optimizing lut $abc$48737$auto$blifparse.cc:557:parse_blif$51110.genblk1.genblk1.genblk1.genblk1.genblk1.genblk1.genblk1.genblk1.genblk1.lut0 (6 -> 0)
  Optimizing lut $abc$48737$auto$blifparse.cc:557:parse_blif$51136.genblk1.genblk1.genblk1.genblk1.genblk1.genblk1.genblk1.genblk1.genblk1.lut0 (6 -> 0)
  Optimizing lut $abc$48737$auto$blifparse.cc:557:parse_blif$51149.genblk1.genblk1.genblk1.genblk1.genblk1.genblk1.genblk1.genblk1.genblk1.lut0 (6 -> 0)
  Optimizing lut $abc$48737$auto$blifparse.cc:557:parse_blif$51159.genblk1.genblk1.genblk1.genblk1.genblk1.genblk1.genblk1.genblk1.genblk1.lut0 (6 -> 4)
  Optimizing lut $abc$48737$auto$blifparse.cc:557:parse_blif$51166.genblk1.genblk1.genblk1.genblk1.genblk1.genblk1.genblk1.genblk1.genblk1.lut0 (6 -> 4)
  Optimizing lut $abc$48737$auto$blifparse.cc:557:parse_blif$51172.genblk1.genblk1.genblk1.genblk1.genblk1.genblk1.genblk1.genblk1.genblk1.lut0 (6 -> 4)
  Optimizing lut $abc$48737$auto$blifparse.cc:557:parse_blif$51176.genblk1.genblk1.genblk1.genblk1.genblk1.genblk1.genblk1.genblk1.genblk1.lut0 (6 -> 3)
  Optimizing lut $abc$48737$auto$blifparse.cc:557:parse_blif$51102.genblk1.genblk1.genblk1.genblk1.genblk1.genblk1.genblk1.genblk1.genblk1.lut0 (6 -> 3)
  Optimizing lut $abc$48737$auto$blifparse.cc:557:parse_blif$51392.genblk1.genblk1.genblk1.genblk1.genblk1.genblk1.genblk1.genblk1.genblk1.lut0 (6 -> 4)
  Optimizing lut $abc$48737$auto$blifparse.cc:557:parse_blif$51411.genblk1.genblk1.genblk1.genblk1.genblk1.genblk1.genblk1.genblk1.genblk1.lut0 (6 -> 4)
  Optimizing lut $abc$48737$auto$blifparse.cc:557:parse_blif$51423.genblk1.genblk1.genblk1.genblk1.genblk1.genblk1.genblk1.genblk1.genblk1.lut0 (6 -> 0)
  Optimizing lut $abc$48737$auto$blifparse.cc:557:parse_blif$51431.genblk1.genblk1.genblk1.genblk1.genblk1.genblk1.genblk1.genblk1.genblk1.lut0 (6 -> 0)
  Optimizing lut $abc$48737$auto$blifparse.cc:557:parse_blif$51437.genblk1.genblk1.genblk1.genblk1.genblk1.genblk1.genblk1.genblk1.genblk1.lut0 (6 -> 0)
  Optimizing lut $abc$48737$auto$blifparse.cc:557:parse_blif$51443.genblk1.genblk1.genblk1.genblk1.genblk1.genblk1.genblk1.genblk1.genblk1.lut0 (6 -> 0)
  Optimizing lut $abc$48737$auto$blifparse.cc:557:parse_blif$51651.genblk1.genblk1.genblk1.genblk1.genblk1.genblk1.genblk1.genblk1.genblk1.lut0 (6 -> 4)
  Optimizing lut $abc$48737$auto$blifparse.cc:557:parse_blif$51671.genblk1.genblk1.genblk1.genblk1.genblk1.genblk1.genblk1.genblk1.genblk1.lut0 (6 -> 4)
  Optimizing lut $abc$48737$auto$blifparse.cc:557:parse_blif$51686.genblk1.genblk1.genblk1.genblk1.genblk1.genblk1.genblk1.genblk1.genblk1.lut0 (6 -> 3)
  Optimizing lut $abc$48737$auto$blifparse.cc:557:parse_blif$51698.genblk1.genblk1.genblk1.genblk1.genblk1.genblk1.genblk1.genblk1.genblk1.lut0 (6 -> 4)
  Optimizing lut $abc$48737$auto$blifparse.cc:557:parse_blif$51703.genblk1.genblk1.genblk1.genblk1.genblk1.genblk1.genblk1.genblk1.genblk1.lut0 (6 -> 3)
  Optimizing lut $abc$48737$auto$blifparse.cc:557:parse_blif$51710.genblk1.genblk1.genblk1.genblk1.genblk1.genblk1.genblk1.genblk1.genblk1.lut0 (6 -> 0)
  Optimizing lut $abc$48737$auto$blifparse.cc:557:parse_blif$51715.genblk1.genblk1.genblk1.genblk1.genblk1.genblk1.genblk1.genblk1.genblk1.lut0 (6 -> 0)
  Optimizing lut $abc$48737$auto$blifparse.cc:557:parse_blif$51718.genblk1.genblk1.genblk1.genblk1.genblk1.genblk1.genblk1.genblk1.genblk1.lut0 (6 -> 0)
  Optimizing lut $abc$48737$auto$blifparse.cc:557:parse_blif$51722.genblk1.genblk1.genblk1.genblk1.genblk1.genblk1.genblk1.genblk1.genblk1.lut0 (6 -> 0)
  Optimizing lut $abc$48737$auto$blifparse.cc:557:parse_blif$51725.genblk1.genblk1.genblk1.genblk1.genblk1.genblk1.genblk1.genblk1.genblk1.lut0 (6 -> 0)
  Optimizing lut $abc$48737$auto$blifparse.cc:557:parse_blif$51729.genblk1.genblk1.genblk1.genblk1.genblk1.genblk1.genblk1.genblk1.genblk1.lut0 (6 -> 0)
  Optimizing lut $abc$48737$auto$blifparse.cc:557:parse_blif$51732.genblk1.genblk1.genblk1.genblk1.genblk1.genblk1.genblk1.genblk1.genblk1.lut0 (6 -> 0)
  Optimizing lut $abc$48737$auto$blifparse.cc:557:parse_blif$51930.genblk1.genblk1.genblk1.genblk1.genblk1.genblk1.genblk1.genblk1.genblk1.lut0 (6 -> 3)
  Optimizing lut $abc$48737$auto$blifparse.cc:557:parse_blif$51935.genblk1.genblk1.genblk1.genblk1.genblk1.genblk1.genblk1.genblk1.genblk1.lut0 (6 -> 4)
  Optimizing lut $abc$48737$auto$blifparse.cc:557:parse_blif$51912.genblk1.genblk1.genblk1.genblk1.genblk1.genblk1.genblk1.genblk1.genblk1.lut0 (6 -> 3)
  Optimizing lut $abc$48737$auto$blifparse.cc:557:parse_blif$51993.genblk1.genblk1.genblk1.genblk1.genblk1.genblk1.genblk1.genblk1.genblk1.lut0 (6 -> 0)
  Optimizing lut $abc$48737$auto$blifparse.cc:557:parse_blif$51999.genblk1.genblk1.genblk1.genblk1.genblk1.genblk1.genblk1.genblk1.genblk1.lut0 (6 -> 0)
  Optimizing lut $abc$48737$auto$blifparse.cc:557:parse_blif$52024.genblk1.genblk1.genblk1.genblk1.genblk1.genblk1.genblk1.genblk1.genblk1.lut0 (6 -> 0)
  Optimizing lut $abc$48737$auto$blifparse.cc:557:parse_blif$52029.genblk1.genblk1.genblk1.genblk1.genblk1.genblk1.genblk1.genblk1.genblk1.lut0 (6 -> 0)
  Optimizing lut $abc$48737$auto$blifparse.cc:557:parse_blif$52041.genblk1.genblk1.genblk1.genblk1.genblk1.genblk1.genblk1.genblk1.genblk1.lut0 (6 -> 0)
  Optimizing lut $abc$48737$auto$blifparse.cc:557:parse_blif$52043.genblk1.genblk1.genblk1.genblk1.genblk1.genblk1.genblk1.genblk1.genblk1.lut0 (6 -> 0)
  Optimizing lut $abc$48737$auto$blifparse.cc:557:parse_blif$52052.genblk1.genblk1.genblk1.genblk1.genblk1.genblk1.genblk1.genblk1.genblk1.lut0 (6 -> 0)
  Optimizing lut $abc$48737$auto$blifparse.cc:557:parse_blif$52053.genblk1.genblk1.genblk1.genblk1.genblk1.genblk1.genblk1.genblk1.genblk1.lut0 (6 -> 3)
  Optimizing lut $abc$48737$auto$blifparse.cc:557:parse_blif$52060.genblk1.genblk1.genblk1.genblk1.genblk1.genblk1.genblk1.genblk1.genblk1.lut0 (6 -> 0)
  Optimizing lut $abc$48737$auto$blifparse.cc:557:parse_blif$52061.genblk1.genblk1.genblk1.genblk1.genblk1.genblk1.genblk1.genblk1.genblk1.lut0 (6 -> 3)
  Optimizing lut $abc$48737$auto$blifparse.cc:557:parse_blif$52067.genblk1.genblk1.genblk1.genblk1.genblk1.genblk1.genblk1.genblk1.genblk1.lut0 (6 -> 0)
  Optimizing lut $abc$48737$auto$blifparse.cc:557:parse_blif$52068.genblk1.genblk1.genblk1.genblk1.genblk1.genblk1.genblk1.genblk1.genblk1.lut0 (6 -> 4)
  Optimizing lut $abc$48737$auto$blifparse.cc:557:parse_blif$52171.genblk1.genblk1.genblk1.genblk1.genblk1.genblk1.genblk1.genblk1.genblk1.lut0 (6 -> 4)
  Optimizing lut $abc$48737$auto$blifparse.cc:557:parse_blif$52200.genblk1.genblk1.genblk1.genblk1.genblk1.genblk1.genblk1.genblk1.genblk1.lut0 (6 -> 4)
  Optimizing lut $abc$48737$auto$blifparse.cc:557:parse_blif$52223.genblk1.genblk1.genblk1.genblk1.genblk1.genblk1.genblk1.genblk1.genblk1.lut0 (6 -> 4)
  Optimizing lut $abc$48737$auto$blifparse.cc:557:parse_blif$52261.genblk1.genblk1.genblk1.genblk1.genblk1.genblk1.genblk1.genblk1.genblk1.lut0 (6 -> 0)
  Optimizing lut $abc$48737$auto$blifparse.cc:557:parse_blif$55605.genblk1.genblk1.genblk1.genblk1.genblk1.genblk1.genblk1.genblk1.genblk1.lut0 (6 -> 0)
  Optimizing lut $abc$48737$auto$blifparse.cc:557:parse_blif$55296.genblk1.genblk1.genblk1.genblk1.genblk1.genblk1.genblk1.genblk1.genblk1.lut0 (6 -> 4)
  Optimizing lut $abc$48737$auto$blifparse.cc:557:parse_blif$55303.genblk1.genblk1.genblk1.genblk1.genblk1.genblk1.genblk1.genblk1.genblk1.lut0 (6 -> 4)
  Optimizing lut $abc$48737$auto$blifparse.cc:557:parse_blif$55334.genblk1.genblk1.genblk1.genblk1.genblk1.genblk1.genblk1.genblk1.genblk1.genblk1.lut1.genblk1.genblk1.genblk1.genblk1.genblk1.genblk1.genblk1.genblk1.genblk1.lut1 (6 -> 0)
  Optimizing lut $abc$48737$auto$blifparse.cc:557:parse_blif$55338.genblk1.genblk1.genblk1.genblk1.genblk1.genblk1.genblk1.genblk1.genblk1.genblk1.lut1.genblk1.genblk1.genblk1.genblk1.genblk1.genblk1.genblk1.genblk1.genblk1.lut1 (6 -> 0)
  Optimizing lut $abc$48737$auto$blifparse.cc:557:parse_blif$55359.genblk1.genblk1.genblk1.genblk1.genblk1.genblk1.genblk1.genblk1.genblk1.lut0 (6 -> 0)
  Optimizing lut $abc$48737$auto$blifparse.cc:557:parse_blif$55366.genblk1.genblk1.genblk1.genblk1.genblk1.genblk1.genblk1.genblk1.genblk1.lut0 (6 -> 4)
  Optimizing lut $abc$48737$auto$blifparse.cc:557:parse_blif$51920.genblk1.genblk1.genblk1.genblk1.genblk1.genblk1.genblk1.genblk1.genblk1.lut0 (6 -> 3)
  Optimizing lut $abc$48737$auto$blifparse.cc:557:parse_blif$51921.genblk1.genblk1.genblk1.genblk1.genblk1.genblk1.genblk1.genblk1.genblk1.genblk1.lut1.genblk1.genblk1.genblk1.genblk1.genblk1.genblk1.genblk1.genblk1.genblk1.lut1 (6 -> 1)
  Optimizing lut $abc$48737$auto$blifparse.cc:557:parse_blif$51882.genblk1.genblk1.genblk1.genblk1.genblk1.genblk1.genblk1.genblk1.genblk1.lut0 (6 -> 4)
  Optimizing lut $abc$48737$auto$blifparse.cc:557:parse_blif$51888.genblk1.genblk1.genblk1.genblk1.genblk1.genblk1.genblk1.genblk1.genblk1.genblk1.lut1.genblk1.genblk1.genblk1.genblk1.genblk1.genblk1.genblk1.genblk1.genblk1.lut1 (6 -> 1)
  Optimizing lut $abc$48737$auto$blifparse.cc:557:parse_blif$51962.genblk1.genblk1.genblk1.genblk1.genblk1.genblk1.genblk1.genblk1.genblk1.lut0 (6 -> 3)
  Optimizing lut $abc$48737$auto$blifparse.cc:557:parse_blif$49967.genblk1.genblk1.genblk1.genblk1.genblk1.genblk1.genblk1.genblk1.genblk1.genblk1.lut1.genblk1.genblk1.genblk1.genblk1.genblk1.genblk1.genblk1.genblk1.genblk1.lut1 (6 -> 0)
  Optimizing lut $abc$48737$auto$blifparse.cc:557:parse_blif$49743.genblk1.genblk1.genblk1.genblk1.genblk1.genblk1.genblk1.genblk1.genblk1.genblk1.lut1.genblk1.genblk1.genblk1.genblk1.genblk1.genblk1.genblk1.genblk1.genblk1.lut1 (6 -> 0)
  Optimizing lut $abc$48737$auto$blifparse.cc:557:parse_blif$49953.genblk1.genblk1.genblk1.genblk1.genblk1.genblk1.genblk1.genblk1.genblk1.lut0 (6 -> 0)
  Optimizing lut $abc$48737$auto$blifparse.cc:557:parse_blif$49922.genblk1.genblk1.genblk1.genblk1.genblk1.genblk1.genblk1.genblk1.genblk1.genblk1.lut1.genblk1.genblk1.genblk1.genblk1.genblk1.genblk1.genblk1.genblk1.genblk1.lut1 (6 -> 0)
  Optimizing lut $abc$48737$auto$blifparse.cc:557:parse_blif$49746.genblk1.genblk1.genblk1.genblk1.genblk1.genblk1.genblk1.genblk1.genblk1.genblk1.lut1.genblk1.genblk1.genblk1.genblk1.genblk1.genblk1.genblk1.genblk1.genblk1.lut1 (6 -> 0)
  Optimizing lut $abc$48737$auto$blifparse.cc:557:parse_blif$49859.genblk1.genblk1.genblk1.genblk1.genblk1.genblk1.genblk1.genblk1.genblk1.genblk1.lut1.genblk1.genblk1.genblk1.genblk1.genblk1.genblk1.genblk1.genblk1.genblk1.lut1 (6 -> 0)
  Optimizing lut $abc$48737$auto$blifparse.cc:557:parse_blif$49632.genblk1.genblk1.genblk1.genblk1.genblk1.genblk1.genblk1.genblk1.genblk1.genblk1.lut1.genblk1.genblk1.genblk1.genblk1.genblk1.genblk1.genblk1.genblk1.genblk1.lut1 (6 -> 0)
  Optimizing lut $abc$48737$auto$blifparse.cc:557:parse_blif$49938.genblk1.genblk1.genblk1.genblk1.genblk1.genblk1.genblk1.genblk1.genblk1.genblk1.lut1.genblk1.genblk1.genblk1.genblk1.genblk1.genblk1.genblk1.genblk1.genblk1.lut1 (6 -> 0)
  Optimizing lut $abc$48737$auto$blifparse.cc:557:parse_blif$49819.genblk1.genblk1.genblk1.genblk1.genblk1.genblk1.genblk1.genblk1.genblk1.genblk1.lut1.genblk1.genblk1.genblk1.genblk1.genblk1.genblk1.genblk1.genblk1.genblk1.lut1 (6 -> 0)
  Optimizing lut $abc$48737$auto$blifparse.cc:557:parse_blif$49844.genblk1.genblk1.genblk1.genblk1.genblk1.genblk1.genblk1.genblk1.genblk1.genblk1.lut1.genblk1.genblk1.genblk1.genblk1.genblk1.genblk1.genblk1.genblk1.genblk1.lut1 (6 -> 0)
  Optimizing lut $abc$48737$auto$blifparse.cc:557:parse_blif$49764.genblk1.genblk1.genblk1.genblk1.genblk1.genblk1.genblk1.genblk1.genblk1.genblk1.lut1.genblk1.genblk1.genblk1.genblk1.genblk1.genblk1.genblk1.genblk1.genblk1.lut1 (6 -> 0)
  Optimizing lut $abc$48737$auto$blifparse.cc:557:parse_blif$49720.genblk1.genblk1.genblk1.genblk1.genblk1.genblk1.genblk1.genblk1.genblk1.genblk1.lut1.genblk1.genblk1.genblk1.genblk1.genblk1.genblk1.genblk1.genblk1.genblk1.lut1 (6 -> 0)
  Optimizing lut $abc$48737$auto$blifparse.cc:557:parse_blif$49655.genblk1.genblk1.genblk1.genblk1.genblk1.genblk1.genblk1.genblk1.genblk1.genblk1.lut1.genblk1.genblk1.genblk1.genblk1.genblk1.genblk1.genblk1.genblk1.genblk1.lut1 (6 -> 0)
  Optimizing lut $abc$48737$auto$blifparse.cc:557:parse_blif$49723.genblk1.genblk1.genblk1.genblk1.genblk1.genblk1.genblk1.genblk1.genblk1.genblk1.lut1.genblk1.genblk1.genblk1.genblk1.genblk1.genblk1.genblk1.genblk1.genblk1.lut1 (6 -> 0)
  Optimizing lut $abc$48737$auto$blifparse.cc:557:parse_blif$50547.genblk1.genblk1.genblk1.genblk1.genblk1.genblk1.genblk1.genblk1.genblk1.genblk1.lut1.genblk1.genblk1.genblk1.genblk1.genblk1.genblk1.genblk1.genblk1.genblk1.lut1 (6 -> 0)
  Optimizing lut $abc$48737$auto$blifparse.cc:557:parse_blif$51451.genblk1.genblk1.genblk1.genblk1.genblk1.genblk1.genblk1.genblk1.genblk1.lut0 (6 -> 4)
  Optimizing lut $abc$48737$auto$blifparse.cc:557:parse_blif$51452.genblk1.genblk1.genblk1.genblk1.genblk1.genblk1.genblk1.genblk1.genblk1.lut0 (6 -> 0)
  Optimizing lut $abc$48737$auto$blifparse.cc:557:parse_blif$50521.genblk1.genblk1.genblk1.genblk1.genblk1.genblk1.genblk1.genblk1.genblk1.genblk1.lut1.genblk1.genblk1.genblk1.genblk1.genblk1.genblk1.genblk1.genblk1.genblk1.lut1 (6 -> 0)
  Optimizing lut $abc$48737$auto$blifparse.cc:557:parse_blif$49609.genblk1.genblk1.genblk1.genblk1.genblk1.genblk1.genblk1.genblk1.genblk1.genblk1.lut1.genblk1.genblk1.genblk1.genblk1.genblk1.genblk1.genblk1.genblk1.genblk1.lut1 (6 -> 0)
  Optimizing lut $abc$48737$auto$blifparse.cc:557:parse_blif$49602.genblk1.genblk1.genblk1.genblk1.genblk1.genblk1.genblk1.genblk1.genblk1.genblk1.lut1.genblk1.genblk1.genblk1.genblk1.genblk1.genblk1.genblk1.genblk1.genblk1.lut1 (6 -> 0)
  Optimizing lut $abc$48737$auto$blifparse.cc:557:parse_blif$49598.genblk1.genblk1.genblk1.genblk1.genblk1.genblk1.genblk1.genblk1.genblk1.genblk1.lut1.genblk1.genblk1.genblk1.genblk1.genblk1.genblk1.genblk1.genblk1.genblk1.lut1 (6 -> 0)
  Optimizing lut $abc$48737$auto$blifparse.cc:557:parse_blif$51366.genblk1.genblk1.genblk1.genblk1.genblk1.genblk1.genblk1.genblk1.genblk1.genblk1.lut1.genblk1.genblk1.genblk1.genblk1.genblk1.genblk1.genblk1.genblk1.genblk1.lut1 (6 -> 0)
  Optimizing lut $abc$48737$auto$blifparse.cc:557:parse_blif$50575.genblk1.genblk1.genblk1.genblk1.genblk1.genblk1.genblk1.genblk1.genblk1.genblk1.lut1.genblk1.genblk1.genblk1.genblk1.genblk1.genblk1.genblk1.genblk1.genblk1.lut1 (6 -> 0)
  Optimizing lut $abc$48737$auto$blifparse.cc:557:parse_blif$50365.genblk1.genblk1.genblk1.genblk1.genblk1.genblk1.genblk1.genblk1.genblk1.genblk1.lut1.genblk1.genblk1.genblk1.genblk1.genblk1.genblk1.genblk1.genblk1.genblk1.lut1 (6 -> 0)
  Optimizing lut $abc$48737$auto$blifparse.cc:557:parse_blif$51449.genblk1.genblk1.genblk1.genblk1.genblk1.genblk1.genblk1.genblk1.genblk1.lut0 (6 -> 3)
  Optimizing lut $abc$48737$auto$blifparse.cc:557:parse_blif$50004.genblk1.genblk1.genblk1.genblk1.genblk1.genblk1.genblk1.genblk1.genblk1.genblk1.lut1.genblk1.genblk1.genblk1.genblk1.genblk1.genblk1.genblk1.genblk1.genblk1.lut1 (6 -> 0)
  Optimizing lut $abc$48737$auto$blifparse.cc:557:parse_blif$50294.genblk1.genblk1.genblk1.genblk1.genblk1.genblk1.genblk1.genblk1.genblk1.lut0 (6 -> 0)
  Optimizing lut $abc$48737$auto$blifparse.cc:557:parse_blif$50564.genblk1.genblk1.genblk1.genblk1.genblk1.genblk1.genblk1.genblk1.genblk1.genblk1.lut1.genblk1.genblk1.genblk1.genblk1.genblk1.genblk1.genblk1.genblk1.genblk1.lut1 (6 -> 0)
  Optimizing lut $abc$48737$auto$blifparse.cc:557:parse_blif$50565.genblk1.genblk1.genblk1.genblk1.genblk1.genblk1.genblk1.genblk1.genblk1.genblk1.lut1.genblk1.genblk1.genblk1.genblk1.genblk1.genblk1.genblk1.genblk1.genblk1.lut1 (6 -> 0)
  Optimizing lut $abc$48737$auto$blifparse.cc:557:parse_blif$50536.genblk1.genblk1.genblk1.genblk1.genblk1.genblk1.genblk1.genblk1.genblk1.genblk1.lut1.genblk1.genblk1.genblk1.genblk1.genblk1.genblk1.genblk1.genblk1.genblk1.lut1 (6 -> 0)
  Optimizing lut $abc$48737$auto$blifparse.cc:557:parse_blif$50414.genblk1.genblk1.genblk1.genblk1.genblk1.genblk1.genblk1.genblk1.genblk1.genblk1.lut1.genblk1.genblk1.genblk1.genblk1.genblk1.genblk1.genblk1.genblk1.genblk1.lut1 (6 -> 0)
  Optimizing lut $abc$48737$auto$blifparse.cc:557:parse_blif$51090.genblk1.genblk1.genblk1.genblk1.genblk1.genblk1.genblk1.genblk1.genblk1.lut0 (6 -> 0)
  Optimizing lut $abc$48737$auto$blifparse.cc:557:parse_blif$51181.genblk1.genblk1.genblk1.genblk1.genblk1.genblk1.genblk1.genblk1.genblk1.lut0 (6 -> 0)
  Optimizing lut $abc$48737$auto$blifparse.cc:557:parse_blif$50418.genblk1.genblk1.genblk1.genblk1.genblk1.genblk1.genblk1.genblk1.genblk1.genblk1.lut1.genblk1.genblk1.genblk1.genblk1.genblk1.genblk1.genblk1.genblk1.genblk1.lut1 (6 -> 0)
  Optimizing lut $abc$48737$auto$blifparse.cc:557:parse_blif$50386.genblk1.genblk1.genblk1.genblk1.genblk1.genblk1.genblk1.genblk1.genblk1.genblk1.lut1.genblk1.genblk1.genblk1.genblk1.genblk1.genblk1.genblk1.genblk1.genblk1.lut1 (6 -> 0)
  Optimizing lut $abc$48737$auto$blifparse.cc:557:parse_blif$50303.genblk1.genblk1.genblk1.genblk1.genblk1.genblk1.genblk1.genblk1.genblk1.genblk1.lut1.genblk1.genblk1.genblk1.genblk1.genblk1.genblk1.genblk1.genblk1.genblk1.lut1 (6 -> 0)
  Optimizing lut $abc$48737$auto$blifparse.cc:557:parse_blif$50496.genblk1.genblk1.genblk1.genblk1.genblk1.genblk1.genblk1.genblk1.genblk1.genblk1.lut1.genblk1.genblk1.genblk1.genblk1.genblk1.genblk1.genblk1.genblk1.genblk1.lut1 (6 -> 0)
  Optimizing lut $abc$48737$auto$blifparse.cc:557:parse_blif$50272.genblk1.genblk1.genblk1.genblk1.genblk1.genblk1.genblk1.genblk1.genblk1.genblk1.lut1.genblk1.genblk1.genblk1.genblk1.genblk1.genblk1.genblk1.genblk1.genblk1.lut1 (6 -> 0)
  Optimizing lut $abc$48737$auto$blifparse.cc:557:parse_blif$50080.genblk1.genblk1.genblk1.genblk1.genblk1.genblk1.genblk1.genblk1.genblk1.genblk1.lut1.genblk1.genblk1.genblk1.genblk1.genblk1.genblk1.genblk1.genblk1.genblk1.lut1 (6 -> 0)
  Optimizing lut $abc$48737$auto$blifparse.cc:557:parse_blif$50077.genblk1.genblk1.genblk1.genblk1.genblk1.genblk1.genblk1.genblk1.genblk1.genblk1.lut1.genblk1.genblk1.genblk1.genblk1.genblk1.genblk1.genblk1.genblk1.genblk1.lut1 (6 -> 0)
  Optimizing lut $abc$48737$auto$blifparse.cc:557:parse_blif$50074.genblk1.genblk1.genblk1.genblk1.genblk1.genblk1.genblk1.genblk1.genblk1.genblk1.lut1.genblk1.genblk1.genblk1.genblk1.genblk1.genblk1.genblk1.genblk1.genblk1.lut1 (6 -> 0)
  Optimizing lut $abc$48737$auto$blifparse.cc:557:parse_blif$50099.genblk1.genblk1.genblk1.genblk1.genblk1.genblk1.genblk1.genblk1.genblk1.lut0 (6 -> 0)
  Optimizing lut $abc$48737$auto$blifparse.cc:557:parse_blif$50026.genblk1.genblk1.genblk1.genblk1.genblk1.genblk1.genblk1.genblk1.genblk1.genblk1.lut1.genblk1.genblk1.genblk1.genblk1.genblk1.genblk1.genblk1.genblk1.genblk1.lut1 (6 -> 0)
  Optimizing lut $abc$48737$auto$blifparse.cc:557:parse_blif$50128.genblk1.genblk1.genblk1.genblk1.genblk1.genblk1.genblk1.genblk1.genblk1.lut0 (6 -> 3)
  Optimizing lut $abc$48737$auto$blifparse.cc:557:parse_blif$50017.genblk1.genblk1.genblk1.genblk1.genblk1.genblk1.genblk1.genblk1.genblk1.lut0 (6 -> 0)
  Optimizing lut $abc$48737$auto$blifparse.cc:557:parse_blif$50052.genblk1.genblk1.genblk1.genblk1.genblk1.genblk1.genblk1.genblk1.genblk1.genblk1.lut1.genblk1.genblk1.genblk1.genblk1.genblk1.genblk1.genblk1.genblk1.genblk1.lut1 (6 -> 0)
  Optimizing lut $abc$48737$auto$blifparse.cc:557:parse_blif$50049.genblk1.genblk1.genblk1.genblk1.genblk1.genblk1.genblk1.genblk1.genblk1.genblk1.lut1.genblk1.genblk1.genblk1.genblk1.genblk1.genblk1.genblk1.genblk1.genblk1.lut1 (6 -> 0)
  Optimizing lut $abc$48737$auto$blifparse.cc:557:parse_blif$50134.genblk1.genblk1.genblk1.genblk1.genblk1.genblk1.genblk1.genblk1.genblk1.lut0 (6 -> 3)
  Optimizing lut $abc$48737$auto$blifparse.cc:557:parse_blif$50042.genblk1.genblk1.genblk1.genblk1.genblk1.genblk1.genblk1.genblk1.genblk1.genblk1.lut1.genblk1.genblk1.genblk1.genblk1.genblk1.genblk1.genblk1.genblk1.genblk1.lut1 (6 -> 0)
  Optimizing lut $abc$48737$auto$blifparse.cc:557:parse_blif$50043.genblk1.genblk1.genblk1.genblk1.genblk1.genblk1.genblk1.genblk1.genblk1.genblk1.lut1.genblk1.genblk1.genblk1.genblk1.genblk1.genblk1.genblk1.genblk1.genblk1.lut1 (6 -> 0)
  Optimizing lut $abc$48737$auto$blifparse.cc:557:parse_blif$50044.genblk1.genblk1.genblk1.genblk1.genblk1.genblk1.genblk1.genblk1.genblk1.lut0 (6 -> 0)
  Optimizing lut $abc$48737$auto$blifparse.cc:557:parse_blif$49347.genblk1.genblk1.genblk1.genblk1.genblk1.genblk1.genblk1.genblk1.genblk1.genblk1.lut1.genblk1.genblk1.genblk1.genblk1.genblk1.genblk1.genblk1.genblk1.genblk1.lut1 (6 -> 0)
  Optimizing lut $abc$48737$auto$blifparse.cc:557:parse_blif$49339.genblk1.genblk1.genblk1.genblk1.genblk1.genblk1.genblk1.genblk1.genblk1.genblk1.lut1.genblk1.genblk1.genblk1.genblk1.genblk1.genblk1.genblk1.genblk1.genblk1.lut1 (6 -> 0)
  Optimizing lut $abc$48737$auto$blifparse.cc:557:parse_blif$49380.genblk1.genblk1.genblk1.genblk1.genblk1.genblk1.genblk1.genblk1.genblk1.genblk1.lut1.genblk1.genblk1.genblk1.genblk1.genblk1.genblk1.genblk1.genblk1.genblk1.lut1 (6 -> 0)
  Optimizing lut $abc$48737$auto$blifparse.cc:557:parse_blif$49363.genblk1.genblk1.genblk1.genblk1.genblk1.genblk1.genblk1.genblk1.genblk1.genblk1.lut1.genblk1.genblk1.genblk1.genblk1.genblk1.genblk1.genblk1.genblk1.genblk1.lut1 (6 -> 0)
  Optimizing lut $abc$48737$auto$blifparse.cc:557:parse_blif$49283.genblk1.genblk1.genblk1.genblk1.genblk1.genblk1.genblk1.genblk1.genblk1.lut0 (6 -> 0)
  Optimizing lut $abc$48737$auto$blifparse.cc:557:parse_blif$49281.genblk1.genblk1.genblk1.genblk1.genblk1.genblk1.genblk1.genblk1.genblk1.genblk1.lut1.genblk1.genblk1.genblk1.genblk1.genblk1.genblk1.genblk1.genblk1.genblk1.lut1 (6 -> 0)
  Optimizing lut $abc$48737$auto$blifparse.cc:557:parse_blif$48962.genblk1.genblk1.genblk1.genblk1.genblk1.genblk1.genblk1.genblk1.genblk1.genblk1.lut1.genblk1.genblk1.genblk1.genblk1.genblk1.genblk1.genblk1.genblk1.genblk1.lut1 (6 -> 0)
  Optimizing lut $abc$48737$auto$blifparse.cc:557:parse_blif$48894.genblk1.genblk1.genblk1.genblk1.genblk1.genblk1.genblk1.genblk1.genblk1.genblk1.lut1.genblk1.genblk1.genblk1.genblk1.genblk1.genblk1.genblk1.genblk1.genblk1.lut1 (6 -> 0)
  Optimizing lut $abc$48737$auto$blifparse.cc:557:parse_blif$48796.genblk1.genblk1.genblk1.genblk1.genblk1.genblk1.genblk1.genblk1.genblk1.lut0 (6 -> 0)
  Optimizing lut $abc$48737$auto$blifparse.cc:557:parse_blif$49107.genblk1.genblk1.genblk1.genblk1.genblk1.genblk1.genblk1.genblk1.genblk1.lut0 (6 -> 3)
  Optimizing lut $abc$48737$auto$blifparse.cc:557:parse_blif$48845.genblk1.genblk1.genblk1.genblk1.genblk1.genblk1.genblk1.genblk1.genblk1.genblk1.lut1.genblk1.genblk1.genblk1.genblk1.genblk1.genblk1.genblk1.genblk1.genblk1.lut1 (6 -> 0)
  Optimizing lut $abc$48737$auto$blifparse.cc:557:parse_blif$48837.genblk1.genblk1.genblk1.genblk1.genblk1.genblk1.genblk1.genblk1.genblk1.genblk1.lut1.genblk1.genblk1.genblk1.genblk1.genblk1.genblk1.genblk1.genblk1.genblk1.lut1 (6 -> 0)
  Optimizing lut $abc$48737$auto$blifparse.cc:557:parse_blif$51009.genblk1.genblk1.genblk1.genblk1.genblk1.genblk1.genblk1.genblk1.genblk1.genblk1.lut1.genblk1.genblk1.genblk1.genblk1.genblk1.genblk1.genblk1.genblk1.genblk1.lut1 (6 -> 0)
  Optimizing lut $abc$48737$auto$blifparse.cc:557:parse_blif$50842.genblk1.genblk1.genblk1.genblk1.genblk1.genblk1.genblk1.genblk1.genblk1.genblk1.lut1.genblk1.genblk1.genblk1.genblk1.genblk1.genblk1.genblk1.genblk1.genblk1.lut1 (6 -> 0)
  Optimizing lut $abc$48737$auto$blifparse.cc:557:parse_blif$51052.genblk1.genblk1.genblk1.genblk1.genblk1.genblk1.genblk1.genblk1.genblk1.genblk1.lut1.genblk1.genblk1.genblk1.genblk1.genblk1.genblk1.genblk1.genblk1.genblk1.lut1 (6 -> 0)
  Optimizing lut $abc$48737$auto$blifparse.cc:557:parse_blif$50943.genblk1.genblk1.genblk1.genblk1.genblk1.genblk1.genblk1.genblk1.genblk1.genblk1.lut1.genblk1.genblk1.genblk1.genblk1.genblk1.genblk1.genblk1.genblk1.genblk1.lut1 (6 -> 0)
  Optimizing lut $abc$48737$auto$blifparse.cc:557:parse_blif$51915.genblk1.genblk1.genblk1.genblk1.genblk1.genblk1.genblk1.genblk1.genblk1.genblk1.lut1.genblk1.genblk1.genblk1.genblk1.genblk1.genblk1.genblk1.genblk1.genblk1.lut1 (6 -> 2)
  Optimizing lut $abc$48737$auto$blifparse.cc:557:parse_blif$50996.genblk1.genblk1.genblk1.genblk1.genblk1.genblk1.genblk1.genblk1.genblk1.genblk1.lut1.genblk1.genblk1.genblk1.genblk1.genblk1.genblk1.genblk1.genblk1.genblk1.lut1 (6 -> 0)
  Optimizing lut $abc$48737$auto$blifparse.cc:557:parse_blif$51917.genblk1.genblk1.genblk1.genblk1.genblk1.genblk1.genblk1.genblk1.genblk1.lut0 (6 -> 3)
  Optimizing lut $abc$48737$auto$blifparse.cc:557:parse_blif$49090.genblk1.genblk1.genblk1.genblk1.genblk1.genblk1.genblk1.genblk1.genblk1.lut1 (6 -> 3)
  Optimizing lut $abc$48737$auto$blifparse.cc:557:parse_blif$48752.genblk1.genblk1.genblk1.genblk1.genblk1.genblk1.genblk1.genblk1.genblk1.genblk1.lut1.genblk1.genblk1.genblk1.genblk1.genblk1.genblk1.genblk1.genblk1.genblk1.lut1 (6 -> 0)
  Optimizing lut $abc$48737$auto$blifparse.cc:557:parse_blif$48752.genblk1.genblk1.genblk1.genblk1.genblk1.genblk1.genblk1.genblk1.genblk1.genblk1.lut0.genblk1.genblk1.genblk1.genblk1.genblk1.genblk1.genblk1.genblk1.genblk1.lut1 (6 -> 0)
  Optimizing lut $abc$48737$auto$blifparse.cc:557:parse_blif$48754.genblk1.genblk1.genblk1.genblk1.genblk1.genblk1.genblk1.genblk1.genblk1.genblk1.lut1.genblk1.genblk1.genblk1.genblk1.genblk1.genblk1.genblk1.genblk1.genblk1.lut1 (6 -> 0)
  Optimizing lut $abc$48737$auto$blifparse.cc:557:parse_blif$48754.genblk1.genblk1.genblk1.genblk1.genblk1.genblk1.genblk1.genblk1.genblk1.genblk1.lut0.genblk1.genblk1.genblk1.genblk1.genblk1.genblk1.genblk1.genblk1.genblk1.lut1 (6 -> 0)
  Optimizing lut $abc$48737$auto$blifparse.cc:557:parse_blif$48756.genblk1.genblk1.genblk1.genblk1.genblk1.genblk1.genblk1.genblk1.genblk1.genblk1.lut1.genblk1.genblk1.genblk1.genblk1.genblk1.genblk1.genblk1.genblk1.genblk1.lut1 (6 -> 0)
  Optimizing lut $abc$48737$auto$blifparse.cc:557:parse_blif$48756.genblk1.genblk1.genblk1.genblk1.genblk1.genblk1.genblk1.genblk1.genblk1.genblk1.lut0.genblk1.genblk1.genblk1.genblk1.genblk1.genblk1.genblk1.genblk1.genblk1.lut1 (6 -> 0)
  Optimizing lut $abc$48737$auto$blifparse.cc:557:parse_blif$48767.genblk1.genblk1.genblk1.genblk1.genblk1.genblk1.genblk1.genblk1.genblk1.genblk1.lut1.genblk1.genblk1.genblk1.genblk1.genblk1.genblk1.genblk1.genblk1.genblk1.lut1 (6 -> 0)
  Optimizing lut $abc$48737$auto$blifparse.cc:557:parse_blif$48767.genblk1.genblk1.genblk1.genblk1.genblk1.genblk1.genblk1.genblk1.genblk1.genblk1.lut0.genblk1.genblk1.genblk1.genblk1.genblk1.genblk1.genblk1.genblk1.genblk1.lut1 (6 -> 0)
  Optimizing lut $abc$48737$auto$blifparse.cc:557:parse_blif$49265.genblk1.genblk1.genblk1.genblk1.genblk1.genblk1.genblk1.genblk1.genblk1.lut0 (6 -> 0)
  Optimizing lut $abc$48737$auto$blifparse.cc:557:parse_blif$51948.genblk1.genblk1.genblk1.genblk1.genblk1.genblk1.genblk1.genblk1.genblk1.lut0 (6 -> 0)
  Optimizing lut $abc$48737$auto$blifparse.cc:557:parse_blif$48767.genblk1.genblk1.genblk1.genblk1.genblk1.genblk1.genblk1.genblk1.genblk1.genblk1.lut0.genblk1.genblk1.genblk1.genblk1.genblk1.genblk1.genblk1.genblk1.genblk1.lut0 (6 -> 0)
  Optimizing lut $abc$48737$auto$blifparse.cc:557:parse_blif$48795.genblk1.genblk1.genblk1.genblk1.genblk1.genblk1.genblk1.genblk1.genblk1.lut1 (6 -> 3)
  Optimizing lut $abc$48737$auto$blifparse.cc:557:parse_blif$48779.genblk1.genblk1.genblk1.genblk1.genblk1.genblk1.genblk1.genblk1.genblk1.lut0 (6 -> 0)
  Optimizing lut $abc$48737$auto$blifparse.cc:557:parse_blif$49107.genblk1.genblk1.genblk1.genblk1.genblk1.genblk1.genblk1.genblk1.genblk1.lut1 (6 -> 3)
  Optimizing lut $abc$48737$auto$blifparse.cc:557:parse_blif$48781.genblk1.genblk1.genblk1.genblk1.genblk1.genblk1.genblk1.genblk1.genblk1.lut0 (6 -> 0)
  Optimizing lut $abc$48737$auto$blifparse.cc:557:parse_blif$48783.genblk1.genblk1.genblk1.genblk1.genblk1.genblk1.genblk1.genblk1.genblk1.genblk1.lut1.genblk1.genblk1.genblk1.genblk1.genblk1.genblk1.genblk1.genblk1.genblk1.lut1 (6 -> 0)
  Optimizing lut $abc$48737$auto$blifparse.cc:557:parse_blif$48783.genblk1.genblk1.genblk1.genblk1.genblk1.genblk1.genblk1.genblk1.genblk1.genblk1.lut0.genblk1.genblk1.genblk1.genblk1.genblk1.genblk1.genblk1.genblk1.genblk1.lut1 (6 -> 0)
  Optimizing lut $abc$48737$auto$blifparse.cc:557:parse_blif$48790.genblk1.genblk1.genblk1.genblk1.genblk1.genblk1.genblk1.genblk1.genblk1.genblk1.lut1.genblk1.genblk1.genblk1.genblk1.genblk1.genblk1.genblk1.genblk1.genblk1.lut1 (6 -> 0)
  Optimizing lut $abc$48737$auto$blifparse.cc:557:parse_blif$48790.genblk1.genblk1.genblk1.genblk1.genblk1.genblk1.genblk1.genblk1.genblk1.genblk1.lut0.genblk1.genblk1.genblk1.genblk1.genblk1.genblk1.genblk1.genblk1.genblk1.lut1 (6 -> 0)
  Optimizing lut $abc$48737$auto$blifparse.cc:557:parse_blif$48795.genblk1.genblk1.genblk1.genblk1.genblk1.genblk1.genblk1.genblk1.genblk1.lut0 (6 -> 3)
  Optimizing lut $abc$48737$auto$blifparse.cc:557:parse_blif$49111.genblk1.genblk1.genblk1.genblk1.genblk1.genblk1.genblk1.genblk1.genblk1.lut0 (6 -> 3)
  Optimizing lut $abc$48737$auto$blifparse.cc:557:parse_blif$51866.genblk1.genblk1.genblk1.genblk1.genblk1.genblk1.genblk1.genblk1.genblk1.lut1 (6 -> 4)
  Optimizing lut $abc$48737$auto$blifparse.cc:557:parse_blif$49111.genblk1.genblk1.genblk1.genblk1.genblk1.genblk1.genblk1.genblk1.genblk1.lut1 (6 -> 3)
  Optimizing lut $abc$48737$auto$blifparse.cc:557:parse_blif$48750.genblk1.genblk1.genblk1.genblk1.genblk1.genblk1.genblk1.genblk1.genblk1.lut1 (6 -> 4)
  Optimizing lut $abc$48737$auto$blifparse.cc:557:parse_blif$48803.genblk1.genblk1.genblk1.genblk1.genblk1.genblk1.genblk1.genblk1.genblk1.genblk1.lut1.genblk1.genblk1.genblk1.genblk1.genblk1.genblk1.genblk1.genblk1.genblk1.lut1 (6 -> 0)
  Optimizing lut $abc$48737$auto$blifparse.cc:557:parse_blif$48803.genblk1.genblk1.genblk1.genblk1.genblk1.genblk1.genblk1.genblk1.genblk1.genblk1.lut0.genblk1.genblk1.genblk1.genblk1.genblk1.genblk1.genblk1.genblk1.genblk1.lut1 (6 -> 0)
  Optimizing lut $abc$48737$auto$blifparse.cc:557:parse_blif$48803.genblk1.genblk1.genblk1.genblk1.genblk1.genblk1.genblk1.genblk1.genblk1.genblk1.lut0.genblk1.genblk1.genblk1.genblk1.genblk1.genblk1.genblk1.genblk1.genblk1.lut0 (6 -> 0)
  Optimizing lut $abc$48737$auto$blifparse.cc:557:parse_blif$53188.genblk1.genblk1.genblk1.genblk1.genblk1.genblk1.genblk1.genblk1.genblk1.genblk1.lut1.genblk1.genblk1.genblk1.genblk1.genblk1.genblk1.genblk1.genblk1.genblk1.lut1 (6 -> 0)
  Optimizing lut $abc$48737$auto$blifparse.cc:557:parse_blif$48824.genblk1.genblk1.genblk1.genblk1.genblk1.genblk1.genblk1.genblk1.genblk1.lut0 (6 -> 0)
  Optimizing lut $abc$48737$auto$blifparse.cc:557:parse_blif$53188.genblk1.genblk1.genblk1.genblk1.genblk1.genblk1.genblk1.genblk1.genblk1.genblk1.lut0.genblk1.genblk1.genblk1.genblk1.genblk1.genblk1.genblk1.genblk1.genblk1.lut0 (6 -> 0)
  Optimizing lut $abc$48737$auto$blifparse.cc:557:parse_blif$49270.genblk1.genblk1.genblk1.genblk1.genblk1.genblk1.genblk1.genblk1.genblk1.lut0 (6 -> 0)
  Optimizing lut $abc$48737$auto$blifparse.cc:557:parse_blif$48836.genblk1.genblk1.genblk1.genblk1.genblk1.genblk1.genblk1.genblk1.genblk1.genblk1.lut1.genblk1.genblk1.genblk1.genblk1.genblk1.genblk1.genblk1.genblk1.genblk1.lut1 (6 -> 0)
  Optimizing lut $abc$48737$auto$blifparse.cc:557:parse_blif$48836.genblk1.genblk1.genblk1.genblk1.genblk1.genblk1.genblk1.genblk1.genblk1.genblk1.lut0.genblk1.genblk1.genblk1.genblk1.genblk1.genblk1.genblk1.genblk1.genblk1.lut1 (6 -> 0)
  Optimizing lut $abc$48737$auto$blifparse.cc:557:parse_blif$48837.genblk1.genblk1.genblk1.genblk1.genblk1.genblk1.genblk1.genblk1.genblk1.genblk1.lut0.genblk1.genblk1.genblk1.genblk1.genblk1.genblk1.genblk1.genblk1.genblk1.lut1 (6 -> 0)
  Optimizing lut $abc$48737$auto$blifparse.cc:557:parse_blif$48839.genblk1.genblk1.genblk1.genblk1.genblk1.genblk1.genblk1.genblk1.genblk1.genblk1.lut1.genblk1.genblk1.genblk1.genblk1.genblk1.genblk1.genblk1.genblk1.genblk1.lut1 (6 -> 0)
  Optimizing lut $abc$48737$auto$blifparse.cc:557:parse_blif$48839.genblk1.genblk1.genblk1.genblk1.genblk1.genblk1.genblk1.genblk1.genblk1.genblk1.lut0.genblk1.genblk1.genblk1.genblk1.genblk1.genblk1.genblk1.genblk1.genblk1.lut1 (6 -> 0)
  Optimizing lut $abc$48737$auto$blifparse.cc:557:parse_blif$48841.genblk1.genblk1.genblk1.genblk1.genblk1.genblk1.genblk1.genblk1.genblk1.genblk1.lut1.genblk1.genblk1.genblk1.genblk1.genblk1.genblk1.genblk1.genblk1.genblk1.lut1 (6 -> 0)
  Optimizing lut $abc$48737$auto$blifparse.cc:557:parse_blif$48841.genblk1.genblk1.genblk1.genblk1.genblk1.genblk1.genblk1.genblk1.genblk1.genblk1.lut0.genblk1.genblk1.genblk1.genblk1.genblk1.genblk1.genblk1.genblk1.genblk1.lut1 (6 -> 0)
  Optimizing lut $abc$48737$auto$blifparse.cc:557:parse_blif$48844.genblk1.genblk1.genblk1.genblk1.genblk1.genblk1.genblk1.genblk1.genblk1.genblk1.lut0.genblk1.genblk1.genblk1.genblk1.genblk1.genblk1.genblk1.genblk1.genblk1.lut1 (6 -> 0)
  Optimizing lut $abc$48737$auto$blifparse.cc:557:parse_blif$48845.genblk1.genblk1.genblk1.genblk1.genblk1.genblk1.genblk1.genblk1.genblk1.genblk1.lut0.genblk1.genblk1.genblk1.genblk1.genblk1.genblk1.genblk1.genblk1.genblk1.lut1 (6 -> 0)
  Optimizing lut $abc$48737$auto$blifparse.cc:557:parse_blif$48845.genblk1.genblk1.genblk1.genblk1.genblk1.genblk1.genblk1.genblk1.genblk1.genblk1.lut0.genblk1.genblk1.genblk1.genblk1.genblk1.genblk1.genblk1.genblk1.genblk1.lut0 (6 -> 0)
  Optimizing lut $abc$48737$auto$blifparse.cc:557:parse_blif$48874.genblk1.genblk1.genblk1.genblk1.genblk1.genblk1.genblk1.genblk1.genblk1.lut0 (6 -> 0)
  Optimizing lut $abc$48737$auto$blifparse.cc:557:parse_blif$48881.genblk1.genblk1.genblk1.genblk1.genblk1.genblk1.genblk1.genblk1.genblk1.lut1 (6 -> 3)
  Optimizing lut $abc$48737$auto$blifparse.cc:557:parse_blif$48885.genblk1.genblk1.genblk1.genblk1.genblk1.genblk1.genblk1.genblk1.genblk1.lut0 (6 -> 0)
  Optimizing lut $abc$48737$auto$blifparse.cc:557:parse_blif$48984.genblk1.genblk1.genblk1.genblk1.genblk1.genblk1.genblk1.genblk1.genblk1.lut1 (6 -> 3)
  Optimizing lut $abc$48737$auto$blifparse.cc:557:parse_blif$48887.genblk1.genblk1.genblk1.genblk1.genblk1.genblk1.genblk1.genblk1.genblk1.lut0 (6 -> 0)
  Optimizing lut $abc$48737$auto$blifparse.cc:557:parse_blif$48894.genblk1.genblk1.genblk1.genblk1.genblk1.genblk1.genblk1.genblk1.genblk1.genblk1.lut0.genblk1.genblk1.genblk1.genblk1.genblk1.genblk1.genblk1.genblk1.genblk1.lut0 (6 -> 0)
  Optimizing lut $abc$48737$auto$blifparse.cc:557:parse_blif$48984.genblk1.genblk1.genblk1.genblk1.genblk1.genblk1.genblk1.genblk1.genblk1.lut0 (6 -> 3)
  Optimizing lut $abc$48737$auto$blifparse.cc:557:parse_blif$48893.genblk1.genblk1.genblk1.genblk1.genblk1.genblk1.genblk1.genblk1.genblk1.genblk1.lut0.genblk1.genblk1.genblk1.genblk1.genblk1.genblk1.genblk1.genblk1.genblk1.lut1 (6 -> 0)
  Optimizing lut $abc$48737$auto$blifparse.cc:557:parse_blif$48894.genblk1.genblk1.genblk1.genblk1.genblk1.genblk1.genblk1.genblk1.genblk1.genblk1.lut0.genblk1.genblk1.genblk1.genblk1.genblk1.genblk1.genblk1.genblk1.genblk1.lut1 (6 -> 0)
  Optimizing lut $abc$48737$auto$blifparse.cc:557:parse_blif$48897.genblk1.genblk1.genblk1.genblk1.genblk1.genblk1.genblk1.genblk1.genblk1.genblk1.lut1.genblk1.genblk1.genblk1.genblk1.genblk1.genblk1.genblk1.genblk1.genblk1.lut1 (6 -> 0)
  Optimizing lut $abc$48737$auto$blifparse.cc:557:parse_blif$48897.genblk1.genblk1.genblk1.genblk1.genblk1.genblk1.genblk1.genblk1.genblk1.genblk1.lut0.genblk1.genblk1.genblk1.genblk1.genblk1.genblk1.genblk1.genblk1.genblk1.lut1 (6 -> 0)
  Optimizing lut $abc$48737$auto$blifparse.cc:557:parse_blif$48899.genblk1.genblk1.genblk1.genblk1.genblk1.genblk1.genblk1.genblk1.genblk1.genblk1.lut1.genblk1.genblk1.genblk1.genblk1.genblk1.genblk1.genblk1.genblk1.genblk1.lut1 (6 -> 0)
  Optimizing lut $abc$48737$auto$blifparse.cc:557:parse_blif$48899.genblk1.genblk1.genblk1.genblk1.genblk1.genblk1.genblk1.genblk1.genblk1.genblk1.lut0.genblk1.genblk1.genblk1.genblk1.genblk1.genblk1.genblk1.genblk1.genblk1.lut1 (6 -> 0)
  Optimizing lut $abc$48737$auto$blifparse.cc:557:parse_blif$48901.genblk1.genblk1.genblk1.genblk1.genblk1.genblk1.genblk1.genblk1.genblk1.genblk1.lut1.genblk1.genblk1.genblk1.genblk1.genblk1.genblk1.genblk1.genblk1.genblk1.lut1 (6 -> 0)
  Optimizing lut $abc$48737$auto$blifparse.cc:557:parse_blif$48901.genblk1.genblk1.genblk1.genblk1.genblk1.genblk1.genblk1.genblk1.genblk1.genblk1.lut0.genblk1.genblk1.genblk1.genblk1.genblk1.genblk1.genblk1.genblk1.genblk1.lut1 (6 -> 0)
  Optimizing lut $abc$48737$auto$blifparse.cc:557:parse_blif$48908.genblk1.genblk1.genblk1.genblk1.genblk1.genblk1.genblk1.genblk1.genblk1.genblk1.lut1.genblk1.genblk1.genblk1.genblk1.genblk1.genblk1.genblk1.genblk1.genblk1.lut1 (6 -> 0)
  Optimizing lut $abc$48737$auto$blifparse.cc:557:parse_blif$48908.genblk1.genblk1.genblk1.genblk1.genblk1.genblk1.genblk1.genblk1.genblk1.genblk1.lut0.genblk1.genblk1.genblk1.genblk1.genblk1.genblk1.genblk1.genblk1.genblk1.lut1 (6 -> 0)
  Optimizing lut $abc$48737$auto$blifparse.cc:557:parse_blif$48918.genblk1.genblk1.genblk1.genblk1.genblk1.genblk1.genblk1.genblk1.genblk1.genblk1.lut0.genblk1.genblk1.genblk1.genblk1.genblk1.genblk1.genblk1.genblk1.genblk1.lut0 (6 -> 0)
  Optimizing lut $abc$48737$auto$blifparse.cc:557:parse_blif$48918.genblk1.genblk1.genblk1.genblk1.genblk1.genblk1.genblk1.genblk1.genblk1.genblk1.lut1.genblk1.genblk1.genblk1.genblk1.genblk1.genblk1.genblk1.genblk1.genblk1.lut1 (6 -> 0)
  Optimizing lut $abc$48737$auto$blifparse.cc:557:parse_blif$48918.genblk1.genblk1.genblk1.genblk1.genblk1.genblk1.genblk1.genblk1.genblk1.genblk1.lut0.genblk1.genblk1.genblk1.genblk1.genblk1.genblk1.genblk1.genblk1.genblk1.lut1 (6 -> 0)
  Optimizing lut $abc$48737$auto$blifparse.cc:557:parse_blif$48922.genblk1.genblk1.genblk1.genblk1.genblk1.genblk1.genblk1.genblk1.genblk1.genblk1.lut1.genblk1.genblk1.genblk1.genblk1.genblk1.genblk1.genblk1.genblk1.genblk1.lut1 (6 -> 0)
  Optimizing lut $abc$48737$auto$blifparse.cc:557:parse_blif$48922.genblk1.genblk1.genblk1.genblk1.genblk1.genblk1.genblk1.genblk1.genblk1.genblk1.lut0.genblk1.genblk1.genblk1.genblk1.genblk1.genblk1.genblk1.genblk1.genblk1.lut1 (6 -> 0)
  Optimizing lut $abc$48737$auto$blifparse.cc:557:parse_blif$48924.genblk1.genblk1.genblk1.genblk1.genblk1.genblk1.genblk1.genblk1.genblk1.genblk1.lut1.genblk1.genblk1.genblk1.genblk1.genblk1.genblk1.genblk1.genblk1.genblk1.lut1 (6 -> 0)
  Optimizing lut $abc$48737$auto$blifparse.cc:557:parse_blif$48924.genblk1.genblk1.genblk1.genblk1.genblk1.genblk1.genblk1.genblk1.genblk1.genblk1.lut0.genblk1.genblk1.genblk1.genblk1.genblk1.genblk1.genblk1.genblk1.genblk1.lut1 (6 -> 0)
  Optimizing lut $abc$48737$auto$blifparse.cc:557:parse_blif$48924.genblk1.genblk1.genblk1.genblk1.genblk1.genblk1.genblk1.genblk1.genblk1.genblk1.lut0.genblk1.genblk1.genblk1.genblk1.genblk1.genblk1.genblk1.genblk1.genblk1.lut0 (6 -> 0)
  Optimizing lut $abc$48737$auto$blifparse.cc:557:parse_blif$48947.genblk1.genblk1.genblk1.genblk1.genblk1.genblk1.genblk1.genblk1.genblk1.genblk1.lut0.genblk1.genblk1.genblk1.genblk1.genblk1.genblk1.genblk1.genblk1.genblk1.lut0 (6 -> 0)
  Optimizing lut $abc$48737$auto$blifparse.cc:557:parse_blif$48947.genblk1.genblk1.genblk1.genblk1.genblk1.genblk1.genblk1.genblk1.genblk1.genblk1.lut1.genblk1.genblk1.genblk1.genblk1.genblk1.genblk1.genblk1.genblk1.genblk1.lut1 (6 -> 0)
  Optimizing lut $abc$48737$auto$blifparse.cc:557:parse_blif$48947.genblk1.genblk1.genblk1.genblk1.genblk1.genblk1.genblk1.genblk1.genblk1.genblk1.lut0.genblk1.genblk1.genblk1.genblk1.genblk1.genblk1.genblk1.genblk1.genblk1.lut1 (6 -> 0)
  Optimizing lut $abc$48737$auto$blifparse.cc:557:parse_blif$48958.genblk1.genblk1.genblk1.genblk1.genblk1.genblk1.genblk1.genblk1.genblk1.lut0 (6 -> 0)
  Optimizing lut $abc$48737$auto$blifparse.cc:557:parse_blif$48961.genblk1.genblk1.genblk1.genblk1.genblk1.genblk1.genblk1.genblk1.genblk1.genblk1.lut1.genblk1.genblk1.genblk1.genblk1.genblk1.genblk1.genblk1.genblk1.genblk1.lut1 (6 -> 0)
  Optimizing lut $abc$48737$auto$blifparse.cc:557:parse_blif$48961.genblk1.genblk1.genblk1.genblk1.genblk1.genblk1.genblk1.genblk1.genblk1.genblk1.lut0.genblk1.genblk1.genblk1.genblk1.genblk1.genblk1.genblk1.genblk1.genblk1.lut1 (6 -> 0)
  Optimizing lut $abc$48737$auto$blifparse.cc:557:parse_blif$48962.genblk1.genblk1.genblk1.genblk1.genblk1.genblk1.genblk1.genblk1.genblk1.genblk1.lut0.genblk1.genblk1.genblk1.genblk1.genblk1.genblk1.genblk1.genblk1.genblk1.lut1 (6 -> 0)
  Optimizing lut $abc$48737$auto$blifparse.cc:557:parse_blif$48969.genblk1.genblk1.genblk1.genblk1.genblk1.genblk1.genblk1.genblk1.genblk1.genblk1.lut1.genblk1.genblk1.genblk1.genblk1.genblk1.genblk1.genblk1.genblk1.genblk1.lut1 (6 -> 0)
  Optimizing lut $abc$48737$auto$blifparse.cc:557:parse_blif$48969.genblk1.genblk1.genblk1.genblk1.genblk1.genblk1.genblk1.genblk1.genblk1.genblk1.lut0.genblk1.genblk1.genblk1.genblk1.genblk1.genblk1.genblk1.genblk1.genblk1.lut1 (6 -> 0)
  Optimizing lut $abc$48737$auto$blifparse.cc:557:parse_blif$48975.genblk1.genblk1.genblk1.genblk1.genblk1.genblk1.genblk1.genblk1.genblk1.lut0 (6 -> 0)
  Optimizing lut $abc$48737$auto$blifparse.cc:557:parse_blif$48969.genblk1.genblk1.genblk1.genblk1.genblk1.genblk1.genblk1.genblk1.genblk1.genblk1.lut0.genblk1.genblk1.genblk1.genblk1.genblk1.genblk1.genblk1.genblk1.genblk1.lut0 (6 -> 0)
  Optimizing lut $abc$48737$auto$blifparse.cc:557:parse_blif$48893.genblk1.genblk1.genblk1.genblk1.genblk1.genblk1.genblk1.genblk1.genblk1.genblk1.lut1.genblk1.genblk1.genblk1.genblk1.genblk1.genblk1.genblk1.genblk1.genblk1.lut1 (6 -> 0)
  Optimizing lut $abc$48737$auto$blifparse.cc:557:parse_blif$48889.genblk1.genblk1.genblk1.genblk1.genblk1.genblk1.genblk1.genblk1.genblk1.lut0 (6 -> 0)
  Optimizing lut $abc$48737$auto$blifparse.cc:557:parse_blif$48914.genblk1.genblk1.genblk1.genblk1.genblk1.genblk1.genblk1.genblk1.genblk1.lut0 (6 -> 0)
  Optimizing lut $abc$48737$auto$blifparse.cc:557:parse_blif$48910.genblk1.genblk1.genblk1.genblk1.genblk1.genblk1.genblk1.genblk1.genblk1.lut0 (6 -> 0)
  Optimizing lut $abc$48737$auto$blifparse.cc:557:parse_blif$48926.genblk1.genblk1.genblk1.genblk1.genblk1.genblk1.genblk1.genblk1.genblk1.lut0 (6 -> 0)
  Optimizing lut $abc$48737$auto$blifparse.cc:557:parse_blif$48943.genblk1.genblk1.genblk1.genblk1.genblk1.genblk1.genblk1.genblk1.genblk1.lut0 (6 -> 0)
  Optimizing lut $abc$48737$auto$blifparse.cc:557:parse_blif$48935.genblk1.genblk1.genblk1.genblk1.genblk1.genblk1.genblk1.genblk1.genblk1.lut0 (6 -> 0)
  Optimizing lut $abc$48737$auto$blifparse.cc:557:parse_blif$48965.genblk1.genblk1.genblk1.genblk1.genblk1.genblk1.genblk1.genblk1.genblk1.lut0 (6 -> 0)
  Optimizing lut $abc$48737$auto$blifparse.cc:557:parse_blif$49315.genblk1.genblk1.genblk1.genblk1.genblk1.genblk1.genblk1.genblk1.genblk1.lut0 (6 -> 0)
  Optimizing lut $abc$48737$auto$blifparse.cc:557:parse_blif$49102.genblk1.genblk1.genblk1.genblk1.genblk1.genblk1.genblk1.genblk1.genblk1.lut1 (6 -> 4)
  Optimizing lut $abc$48737$auto$blifparse.cc:557:parse_blif$48809.genblk1.genblk1.genblk1.genblk1.genblk1.genblk1.genblk1.genblk1.genblk1.lut0 (6 -> 0)
  Optimizing lut $abc$48737$auto$blifparse.cc:557:parse_blif$48844.genblk1.genblk1.genblk1.genblk1.genblk1.genblk1.genblk1.genblk1.genblk1.genblk1.lut1.genblk1.genblk1.genblk1.genblk1.genblk1.genblk1.genblk1.genblk1.genblk1.lut1 (6 -> 0)
  Optimizing lut $abc$48737$auto$blifparse.cc:557:parse_blif$48851.genblk1.genblk1.genblk1.genblk1.genblk1.genblk1.genblk1.genblk1.genblk1.lut0 (6 -> 0)
  Optimizing lut $abc$48737$auto$blifparse.cc:557:parse_blif$52126.genblk1.genblk1.genblk1.genblk1.genblk1.genblk1.genblk1.genblk1.genblk1.lut1 (6 -> 4)
  Optimizing lut $abc$48737$auto$blifparse.cc:557:parse_blif$48773.genblk1.genblk1.genblk1.genblk1.genblk1.genblk1.genblk1.genblk1.genblk1.lut0 (6 -> 0)
  Optimizing lut $abc$48737$auto$blifparse.cc:557:parse_blif$48783.genblk1.genblk1.genblk1.genblk1.genblk1.genblk1.genblk1.genblk1.genblk1.genblk1.lut0.genblk1.genblk1.genblk1.genblk1.genblk1.genblk1.genblk1.genblk1.genblk1.lut0 (6 -> 0)
  Optimizing lut $abc$48737$auto$blifparse.cc:557:parse_blif$48790.genblk1.genblk1.genblk1.genblk1.genblk1.genblk1.genblk1.genblk1.genblk1.genblk1.lut0.genblk1.genblk1.genblk1.genblk1.genblk1.genblk1.genblk1.genblk1.genblk1.lut0 (6 -> 0)
  Optimizing lut $abc$48737$auto$blifparse.cc:557:parse_blif$49442.genblk1.genblk1.genblk1.genblk1.genblk1.genblk1.genblk1.genblk1.genblk1.lut0 (6 -> 4)
  Optimizing lut $abc$48737$auto$blifparse.cc:557:parse_blif$49280.genblk1.genblk1.genblk1.genblk1.genblk1.genblk1.genblk1.genblk1.genblk1.lut0 (6 -> 0)
  Optimizing lut $abc$48737$auto$blifparse.cc:557:parse_blif$49281.genblk1.genblk1.genblk1.genblk1.genblk1.genblk1.genblk1.genblk1.genblk1.genblk1.lut0.genblk1.genblk1.genblk1.genblk1.genblk1.genblk1.genblk1.genblk1.genblk1.lut1 (6 -> 0)
  Optimizing lut $abc$48737$auto$blifparse.cc:557:parse_blif$49282.genblk1.genblk1.genblk1.genblk1.genblk1.genblk1.genblk1.genblk1.genblk1.lut1 (6 -> 3)
  Optimizing lut $abc$48737$auto$blifparse.cc:557:parse_blif$49388.genblk1.genblk1.genblk1.genblk1.genblk1.genblk1.genblk1.genblk1.genblk1.lut1 (6 -> 3)
  Optimizing lut $abc$48737$auto$blifparse.cc:557:parse_blif$49285.genblk1.genblk1.genblk1.genblk1.genblk1.genblk1.genblk1.genblk1.genblk1.lut0 (6 -> 0)
  Optimizing lut $abc$48737$auto$blifparse.cc:557:parse_blif$49295.genblk1.genblk1.genblk1.genblk1.genblk1.genblk1.genblk1.genblk1.genblk1.genblk1.lut0.genblk1.genblk1.genblk1.genblk1.genblk1.genblk1.genblk1.genblk1.genblk1.lut1 (6 -> 0)
  Optimizing lut $abc$48737$auto$blifparse.cc:557:parse_blif$49302.genblk1.genblk1.genblk1.genblk1.genblk1.genblk1.genblk1.genblk1.genblk1.genblk1.lut0.genblk1.genblk1.genblk1.genblk1.genblk1.genblk1.genblk1.genblk1.genblk1.lut0 (6 -> 0)
  Optimizing lut $abc$48737$auto$blifparse.cc:557:parse_blif$49302.genblk1.genblk1.genblk1.genblk1.genblk1.genblk1.genblk1.genblk1.genblk1.genblk1.lut1.genblk1.genblk1.genblk1.genblk1.genblk1.genblk1.genblk1.genblk1.genblk1.lut1 (6 -> 0)
  Optimizing lut $abc$48737$auto$blifparse.cc:557:parse_blif$49302.genblk1.genblk1.genblk1.genblk1.genblk1.genblk1.genblk1.genblk1.genblk1.genblk1.lut0.genblk1.genblk1.genblk1.genblk1.genblk1.genblk1.genblk1.genblk1.genblk1.lut1 (6 -> 0)
  Optimizing lut $abc$48737$auto$blifparse.cc:557:parse_blif$49438.genblk1.genblk1.genblk1.genblk1.genblk1.genblk1.genblk1.genblk1.genblk1.lut0 (6 -> 4)
  Optimizing lut $abc$48737$auto$blifparse.cc:557:parse_blif$49305.genblk1.genblk1.genblk1.genblk1.genblk1.genblk1.genblk1.genblk1.genblk1.genblk1.lut1.genblk1.genblk1.genblk1.genblk1.genblk1.genblk1.genblk1.genblk1.genblk1.lut1 (6 -> 0)
  Optimizing lut $abc$48737$auto$blifparse.cc:557:parse_blif$49305.genblk1.genblk1.genblk1.genblk1.genblk1.genblk1.genblk1.genblk1.genblk1.genblk1.lut0.genblk1.genblk1.genblk1.genblk1.genblk1.genblk1.genblk1.genblk1.genblk1.lut1 (6 -> 0)
  Optimizing lut $abc$48737$auto$blifparse.cc:557:parse_blif$49307.genblk1.genblk1.genblk1.genblk1.genblk1.genblk1.genblk1.genblk1.genblk1.genblk1.lut1.genblk1.genblk1.genblk1.genblk1.genblk1.genblk1.genblk1.genblk1.genblk1.lut1 (6 -> 0)
  Optimizing lut $abc$48737$auto$blifparse.cc:557:parse_blif$49307.genblk1.genblk1.genblk1.genblk1.genblk1.genblk1.genblk1.genblk1.genblk1.genblk1.lut0.genblk1.genblk1.genblk1.genblk1.genblk1.genblk1.genblk1.genblk1.genblk1.lut1 (6 -> 0)
  Optimizing lut $abc$48737$auto$blifparse.cc:557:parse_blif$49309.genblk1.genblk1.genblk1.genblk1.genblk1.genblk1.genblk1.genblk1.genblk1.lut0 (6 -> 0)
  Optimizing lut $abc$48737$auto$blifparse.cc:557:parse_blif$49446.genblk1.genblk1.genblk1.genblk1.genblk1.genblk1.genblk1.genblk1.genblk1.lut0 (6 -> 0)
  Optimizing lut $abc$48737$auto$blifparse.cc:557:parse_blif$49321.genblk1.genblk1.genblk1.genblk1.genblk1.genblk1.genblk1.genblk1.genblk1.genblk1.lut0.genblk1.genblk1.genblk1.genblk1.genblk1.genblk1.genblk1.genblk1.genblk1.lut1 (6 -> 0)
  Optimizing lut $abc$48737$auto$blifparse.cc:557:parse_blif$49296.genblk1.genblk1.genblk1.genblk1.genblk1.genblk1.genblk1.genblk1.genblk1.lut1 (6 -> 0)
  Optimizing lut $abc$48737$auto$blifparse.cc:557:parse_blif$49324.genblk1.genblk1.genblk1.genblk1.genblk1.genblk1.genblk1.genblk1.genblk1.genblk1.lut1.genblk1.genblk1.genblk1.genblk1.genblk1.genblk1.genblk1.genblk1.genblk1.lut1 (6 -> 0)
  Optimizing lut $abc$48737$auto$blifparse.cc:557:parse_blif$49324.genblk1.genblk1.genblk1.genblk1.genblk1.genblk1.genblk1.genblk1.genblk1.genblk1.lut0.genblk1.genblk1.genblk1.genblk1.genblk1.genblk1.genblk1.genblk1.genblk1.lut1 (6 -> 0)
  Optimizing lut $abc$48737$auto$blifparse.cc:557:parse_blif$49326.genblk1.genblk1.genblk1.genblk1.genblk1.genblk1.genblk1.genblk1.genblk1.genblk1.lut1.genblk1.genblk1.genblk1.genblk1.genblk1.genblk1.genblk1.genblk1.genblk1.lut1 (6 -> 0)
  Optimizing lut $abc$48737$auto$blifparse.cc:557:parse_blif$49326.genblk1.genblk1.genblk1.genblk1.genblk1.genblk1.genblk1.genblk1.genblk1.genblk1.lut0.genblk1.genblk1.genblk1.genblk1.genblk1.genblk1.genblk1.genblk1.genblk1.lut1 (6 -> 0)
  Optimizing lut $abc$48737$auto$blifparse.cc:557:parse_blif$49330.genblk1.genblk1.genblk1.genblk1.genblk1.genblk1.genblk1.genblk1.genblk1.lut0 (6 -> 0)
  Optimizing lut $abc$48737$auto$blifparse.cc:557:parse_blif$49347.genblk1.genblk1.genblk1.genblk1.genblk1.genblk1.genblk1.genblk1.genblk1.genblk1.lut0.genblk1.genblk1.genblk1.genblk1.genblk1.genblk1.genblk1.genblk1.genblk1.lut0 (6 -> 0)
  Optimizing lut $abc$48737$auto$blifparse.cc:557:parse_blif$49333.genblk1.genblk1.genblk1.genblk1.genblk1.genblk1.genblk1.genblk1.genblk1.genblk1.lut1.genblk1.genblk1.genblk1.genblk1.genblk1.genblk1.genblk1.genblk1.genblk1.lut1 (6 -> 0)
  Optimizing lut $abc$48737$auto$blifparse.cc:557:parse_blif$49333.genblk1.genblk1.genblk1.genblk1.genblk1.genblk1.genblk1.genblk1.genblk1.genblk1.lut0.genblk1.genblk1.genblk1.genblk1.genblk1.genblk1.genblk1.genblk1.genblk1.lut1 (6 -> 0)
  Optimizing lut $abc$48737$auto$blifparse.cc:557:parse_blif$49335.genblk1.genblk1.genblk1.genblk1.genblk1.genblk1.genblk1.genblk1.genblk1.lut0 (6 -> 0)
  Optimizing lut $abc$48737$auto$blifparse.cc:557:parse_blif$49338.genblk1.genblk1.genblk1.genblk1.genblk1.genblk1.genblk1.genblk1.genblk1.genblk1.lut1.genblk1.genblk1.genblk1.genblk1.genblk1.genblk1.genblk1.genblk1.genblk1.lut1 (6 -> 0)
  Optimizing lut $abc$48737$auto$blifparse.cc:557:parse_blif$49338.genblk1.genblk1.genblk1.genblk1.genblk1.genblk1.genblk1.genblk1.genblk1.genblk1.lut0.genblk1.genblk1.genblk1.genblk1.genblk1.genblk1.genblk1.genblk1.genblk1.lut1 (6 -> 0)
  Optimizing lut $abc$48737$auto$blifparse.cc:557:parse_blif$49339.genblk1.genblk1.genblk1.genblk1.genblk1.genblk1.genblk1.genblk1.genblk1.genblk1.lut0.genblk1.genblk1.genblk1.genblk1.genblk1.genblk1.genblk1.genblk1.genblk1.lut1 (6 -> 0)
  Optimizing lut $abc$48737$auto$blifparse.cc:557:parse_blif$49346.genblk1.genblk1.genblk1.genblk1.genblk1.genblk1.genblk1.genblk1.genblk1.genblk1.lut1.genblk1.genblk1.genblk1.genblk1.genblk1.genblk1.genblk1.genblk1.genblk1.lut1 (6 -> 0)
  Optimizing lut $abc$48737$auto$blifparse.cc:557:parse_blif$49346.genblk1.genblk1.genblk1.genblk1.genblk1.genblk1.genblk1.genblk1.genblk1.genblk1.lut0.genblk1.genblk1.genblk1.genblk1.genblk1.genblk1.genblk1.genblk1.genblk1.lut1 (6 -> 0)
  Optimizing lut $abc$48737$auto$blifparse.cc:557:parse_blif$49347.genblk1.genblk1.genblk1.genblk1.genblk1.genblk1.genblk1.genblk1.genblk1.genblk1.lut0.genblk1.genblk1.genblk1.genblk1.genblk1.genblk1.genblk1.genblk1.genblk1.lut1 (6 -> 0)
  Optimizing lut $abc$48737$auto$blifparse.cc:557:parse_blif$49362.genblk1.genblk1.genblk1.genblk1.genblk1.genblk1.genblk1.genblk1.genblk1.genblk1.lut0.genblk1.genblk1.genblk1.genblk1.genblk1.genblk1.genblk1.genblk1.genblk1.lut1 (6 -> 0)
  Optimizing lut $abc$48737$auto$blifparse.cc:557:parse_blif$49363.genblk1.genblk1.genblk1.genblk1.genblk1.genblk1.genblk1.genblk1.genblk1.genblk1.lut0.genblk1.genblk1.genblk1.genblk1.genblk1.genblk1.genblk1.genblk1.genblk1.lut1 (6 -> 0)
  Optimizing lut $abc$48737$auto$blifparse.cc:557:parse_blif$49374.genblk1.genblk1.genblk1.genblk1.genblk1.genblk1.genblk1.genblk1.genblk1.genblk1.lut0.genblk1.genblk1.genblk1.genblk1.genblk1.genblk1.genblk1.genblk1.genblk1.lut1 (6 -> 0)
  Optimizing lut $abc$48737$auto$blifparse.cc:557:parse_blif$49379.genblk1.genblk1.genblk1.genblk1.genblk1.genblk1.genblk1.genblk1.genblk1.genblk1.lut0.genblk1.genblk1.genblk1.genblk1.genblk1.genblk1.genblk1.genblk1.genblk1.lut1 (6 -> 0)
  Optimizing lut $abc$48737$auto$blifparse.cc:557:parse_blif$49380.genblk1.genblk1.genblk1.genblk1.genblk1.genblk1.genblk1.genblk1.genblk1.genblk1.lut0.genblk1.genblk1.genblk1.genblk1.genblk1.genblk1.genblk1.genblk1.genblk1.lut1 (6 -> 0)
  Optimizing lut $abc$48737$auto$blifparse.cc:557:parse_blif$49339.genblk1.genblk1.genblk1.genblk1.genblk1.genblk1.genblk1.genblk1.genblk1.genblk1.lut0.genblk1.genblk1.genblk1.genblk1.genblk1.genblk1.genblk1.genblk1.genblk1.lut0 (6 -> 0)
  Optimizing lut $abc$48737$auto$blifparse.cc:557:parse_blif$49295.genblk1.genblk1.genblk1.genblk1.genblk1.genblk1.genblk1.genblk1.genblk1.genblk1.lut0.genblk1.genblk1.genblk1.genblk1.genblk1.genblk1.genblk1.genblk1.genblk1.lut0 (6 -> 0)
  Optimizing lut $abc$48737$auto$blifparse.cc:557:parse_blif$49278.genblk1.genblk1.genblk1.genblk1.genblk1.genblk1.genblk1.genblk1.genblk1.lut0 (6 -> 0)
  Optimizing lut $abc$48737$auto$blifparse.cc:557:parse_blif$49298.genblk1.genblk1.genblk1.genblk1.genblk1.genblk1.genblk1.genblk1.genblk1.lut0 (6 -> 0)
  Optimizing lut $abc$48737$auto$blifparse.cc:557:parse_blif$49295.genblk1.genblk1.genblk1.genblk1.genblk1.genblk1.genblk1.genblk1.genblk1.genblk1.lut1.genblk1.genblk1.genblk1.genblk1.genblk1.genblk1.genblk1.genblk1.genblk1.lut1 (6 -> 0)
  Optimizing lut $abc$48737$auto$blifparse.cc:557:parse_blif$49282.genblk1.genblk1.genblk1.genblk1.genblk1.genblk1.genblk1.genblk1.genblk1.lut0 (6 -> 3)
  Optimizing lut $abc$48737$auto$blifparse.cc:557:parse_blif$49321.genblk1.genblk1.genblk1.genblk1.genblk1.genblk1.genblk1.genblk1.genblk1.genblk1.lut1.genblk1.genblk1.genblk1.genblk1.genblk1.genblk1.genblk1.genblk1.genblk1.lut1 (6 -> 0)
  Optimizing lut $abc$48737$auto$blifparse.cc:557:parse_blif$49369.genblk1.genblk1.genblk1.genblk1.genblk1.genblk1.genblk1.genblk1.genblk1.lut0 (6 -> 0)
  Optimizing lut $abc$48737$auto$blifparse.cc:557:parse_blif$49365.genblk1.genblk1.genblk1.genblk1.genblk1.genblk1.genblk1.genblk1.genblk1.lut0 (6 -> 0)
  Optimizing lut $abc$48737$auto$blifparse.cc:557:parse_blif$49362.genblk1.genblk1.genblk1.genblk1.genblk1.genblk1.genblk1.genblk1.genblk1.genblk1.lut1.genblk1.genblk1.genblk1.genblk1.genblk1.genblk1.genblk1.genblk1.genblk1.lut1 (6 -> 0)
  Optimizing lut $abc$48737$auto$blifparse.cc:557:parse_blif$49382.genblk1.genblk1.genblk1.genblk1.genblk1.genblk1.genblk1.genblk1.genblk1.lut0 (6 -> 0)
  Optimizing lut $abc$48737$auto$blifparse.cc:557:parse_blif$49379.genblk1.genblk1.genblk1.genblk1.genblk1.genblk1.genblk1.genblk1.genblk1.genblk1.lut1.genblk1.genblk1.genblk1.genblk1.genblk1.genblk1.genblk1.genblk1.genblk1.lut1 (6 -> 0)
  Optimizing lut $abc$48737$auto$blifparse.cc:557:parse_blif$49374.genblk1.genblk1.genblk1.genblk1.genblk1.genblk1.genblk1.genblk1.genblk1.genblk1.lut1.genblk1.genblk1.genblk1.genblk1.genblk1.genblk1.genblk1.genblk1.genblk1.lut1 (6 -> 0)
  Optimizing lut $abc$48737$auto$blifparse.cc:557:parse_blif$50016.genblk1.genblk1.genblk1.genblk1.genblk1.genblk1.genblk1.genblk1.genblk1.lut0 (6 -> 3)
  Optimizing lut $abc$48737$auto$blifparse.cc:557:parse_blif$49388.genblk1.genblk1.genblk1.genblk1.genblk1.genblk1.genblk1.genblk1.genblk1.lut0 (6 -> 3)
  Optimizing lut $abc$48737$auto$blifparse.cc:557:parse_blif$49425.genblk1.genblk1.genblk1.genblk1.genblk1.genblk1.genblk1.genblk1.genblk1.lut1 (6 -> 4)
  Optimizing lut $abc$48737$auto$blifparse.cc:557:parse_blif$49434.genblk1.genblk1.genblk1.genblk1.genblk1.genblk1.genblk1.genblk1.genblk1.lut1 (6 -> 4)
  Optimizing lut $abc$48737$auto$blifparse.cc:557:parse_blif$49438.genblk1.genblk1.genblk1.genblk1.genblk1.genblk1.genblk1.genblk1.genblk1.lut1 (6 -> 3)
  Optimizing lut $abc$48737$auto$blifparse.cc:557:parse_blif$49442.genblk1.genblk1.genblk1.genblk1.genblk1.genblk1.genblk1.genblk1.genblk1.lut1 (6 -> 3)
  Optimizing lut $abc$48737$auto$blifparse.cc:557:parse_blif$49395.genblk1.genblk1.genblk1.genblk1.genblk1.genblk1.genblk1.genblk1.genblk1.lut0 (6 -> 0)
  Optimizing lut $abc$48737$auto$blifparse.cc:557:parse_blif$49415.genblk1.genblk1.genblk1.genblk1.genblk1.genblk1.genblk1.genblk1.genblk1.lut0 (6 -> 0)
  Optimizing lut $abc$48737$auto$blifparse.cc:557:parse_blif$49425.genblk1.genblk1.genblk1.genblk1.genblk1.genblk1.genblk1.genblk1.genblk1.lut0 (6 -> 3)
  Optimizing lut $abc$48737$auto$blifparse.cc:557:parse_blif$49434.genblk1.genblk1.genblk1.genblk1.genblk1.genblk1.genblk1.genblk1.genblk1.lut0 (6 -> 3)
  Optimizing lut $abc$48737$auto$blifparse.cc:557:parse_blif$49489.genblk1.genblk1.genblk1.genblk1.genblk1.genblk1.genblk1.genblk1.genblk1.genblk1.lut0.genblk1.genblk1.genblk1.genblk1.genblk1.genblk1.genblk1.genblk1.genblk1.lut1 (6 -> 0)
  Optimizing lut $abc$48737$auto$blifparse.cc:557:parse_blif$49810.genblk1.genblk1.genblk1.genblk1.genblk1.genblk1.genblk1.genblk1.genblk1.genblk1.lut0.genblk1.genblk1.genblk1.genblk1.genblk1.genblk1.genblk1.genblk1.genblk1.lut0 (6 -> 0)
  Optimizing lut $abc$48737$auto$blifparse.cc:557:parse_blif$52080.genblk1.genblk1.genblk1.genblk1.genblk1.genblk1.genblk1.genblk1.genblk1.lut0 (6 -> 0)
  Optimizing lut $abc$48737$auto$blifparse.cc:557:parse_blif$49655.genblk1.genblk1.genblk1.genblk1.genblk1.genblk1.genblk1.genblk1.genblk1.genblk1.lut0.genblk1.genblk1.genblk1.genblk1.genblk1.genblk1.genblk1.genblk1.genblk1.lut0 (6 -> 0)
  Optimizing lut $abc$48737$auto$blifparse.cc:557:parse_blif$49720.genblk1.genblk1.genblk1.genblk1.genblk1.genblk1.genblk1.genblk1.genblk1.genblk1.lut0.genblk1.genblk1.genblk1.genblk1.genblk1.genblk1.genblk1.genblk1.genblk1.lut0 (6 -> 0)
  Optimizing lut $abc$48737$auto$blifparse.cc:557:parse_blif$55333.genblk1.genblk1.genblk1.genblk1.genblk1.genblk1.genblk1.genblk1.genblk1.genblk1.lut1.genblk1.genblk1.genblk1.genblk1.genblk1.genblk1.genblk1.genblk1.genblk1.lut1 (6 -> 0)
  Optimizing lut $abc$48737$auto$blifparse.cc:557:parse_blif$51739.genblk1.genblk1.genblk1.genblk1.genblk1.genblk1.genblk1.genblk1.genblk1.lut0 (6 -> 3)
  Optimizing lut $abc$48737$auto$blifparse.cc:557:parse_blif$51743.genblk1.genblk1.genblk1.genblk1.genblk1.genblk1.genblk1.genblk1.genblk1.lut0 (6 -> 0)
  Optimizing lut $abc$48737$auto$blifparse.cc:557:parse_blif$51742.genblk1.genblk1.genblk1.genblk1.genblk1.genblk1.genblk1.genblk1.genblk1.lut0 (6 -> 4)
  Optimizing lut $abc$48737$auto$blifparse.cc:557:parse_blif$51741.genblk1.genblk1.genblk1.genblk1.genblk1.genblk1.genblk1.genblk1.genblk1.lut0 (6 -> 4)
  Optimizing lut $abc$48737$auto$blifparse.cc:557:parse_blif$49808.genblk1.genblk1.genblk1.genblk1.genblk1.genblk1.genblk1.genblk1.genblk1.genblk1.lut0.genblk1.genblk1.genblk1.genblk1.genblk1.genblk1.genblk1.genblk1.genblk1.lut0 (6 -> 0)
  Optimizing lut $abc$48737$auto$blifparse.cc:557:parse_blif$49597.genblk1.genblk1.genblk1.genblk1.genblk1.genblk1.genblk1.genblk1.genblk1.genblk1.lut0.genblk1.genblk1.genblk1.genblk1.genblk1.genblk1.genblk1.genblk1.genblk1.lut1 (6 -> 0)
  Optimizing lut $abc$48737$auto$blifparse.cc:557:parse_blif$49598.genblk1.genblk1.genblk1.genblk1.genblk1.genblk1.genblk1.genblk1.genblk1.genblk1.lut0.genblk1.genblk1.genblk1.genblk1.genblk1.genblk1.genblk1.genblk1.genblk1.lut1 (6 -> 0)
  Optimizing lut $abc$48737$auto$blifparse.cc:557:parse_blif$49601.genblk1.genblk1.genblk1.genblk1.genblk1.genblk1.genblk1.genblk1.genblk1.genblk1.lut1.genblk1.genblk1.genblk1.genblk1.genblk1.genblk1.genblk1.genblk1.genblk1.lut1 (6 -> 0)
  Optimizing lut $abc$48737$auto$blifparse.cc:557:parse_blif$49601.genblk1.genblk1.genblk1.genblk1.genblk1.genblk1.genblk1.genblk1.genblk1.genblk1.lut0.genblk1.genblk1.genblk1.genblk1.genblk1.genblk1.genblk1.genblk1.genblk1.lut1 (6 -> 0)
  Optimizing lut $abc$48737$auto$blifparse.cc:557:parse_blif$49602.genblk1.genblk1.genblk1.genblk1.genblk1.genblk1.genblk1.genblk1.genblk1.genblk1.lut0.genblk1.genblk1.genblk1.genblk1.genblk1.genblk1.genblk1.genblk1.genblk1.lut1 (6 -> 0)
  Optimizing lut $abc$48737$auto$blifparse.cc:557:parse_blif$49605.genblk1.genblk1.genblk1.genblk1.genblk1.genblk1.genblk1.genblk1.genblk1.genblk1.lut1.genblk1.genblk1.genblk1.genblk1.genblk1.genblk1.genblk1.genblk1.genblk1.lut1 (6 -> 0)
  Optimizing lut $abc$48737$auto$blifparse.cc:557:parse_blif$49605.genblk1.genblk1.genblk1.genblk1.genblk1.genblk1.genblk1.genblk1.genblk1.genblk1.lut0.genblk1.genblk1.genblk1.genblk1.genblk1.genblk1.genblk1.genblk1.genblk1.lut1 (6 -> 0)
  Optimizing lut $abc$48737$auto$blifparse.cc:557:parse_blif$49608.genblk1.genblk1.genblk1.genblk1.genblk1.genblk1.genblk1.genblk1.genblk1.genblk1.lut1.genblk1.genblk1.genblk1.genblk1.genblk1.genblk1.genblk1.genblk1.genblk1.lut1 (6 -> 0)
  Optimizing lut $abc$48737$auto$blifparse.cc:557:parse_blif$49608.genblk1.genblk1.genblk1.genblk1.genblk1.genblk1.genblk1.genblk1.genblk1.genblk1.lut0.genblk1.genblk1.genblk1.genblk1.genblk1.genblk1.genblk1.genblk1.genblk1.lut1 (6 -> 0)
  Optimizing lut $abc$48737$auto$blifparse.cc:557:parse_blif$49609.genblk1.genblk1.genblk1.genblk1.genblk1.genblk1.genblk1.genblk1.genblk1.genblk1.lut0.genblk1.genblk1.genblk1.genblk1.genblk1.genblk1.genblk1.genblk1.genblk1.lut1 (6 -> 0)
  Optimizing lut $abc$48737$auto$blifparse.cc:557:parse_blif$49621.genblk1.genblk1.genblk1.genblk1.genblk1.genblk1.genblk1.genblk1.genblk1.genblk1.lut1.genblk1.genblk1.genblk1.genblk1.genblk1.genblk1.genblk1.genblk1.genblk1.lut1 (6 -> 0)
  Optimizing lut $abc$48737$auto$blifparse.cc:557:parse_blif$49621.genblk1.genblk1.genblk1.genblk1.genblk1.genblk1.genblk1.genblk1.genblk1.genblk1.lut0.genblk1.genblk1.genblk1.genblk1.genblk1.genblk1.genblk1.genblk1.genblk1.lut1 (6 -> 0)
  Optimizing lut $abc$48737$auto$blifparse.cc:557:parse_blif$55440.genblk1.genblk1.genblk1.genblk1.genblk1.genblk1.genblk1.genblk1.genblk1.genblk1.lut1.genblk1.genblk1.genblk1.genblk1.genblk1.genblk1.genblk1.genblk1.genblk1.lut1 (6 -> 0)
  Optimizing lut $abc$48737$auto$blifparse.cc:557:parse_blif$49628.genblk1.genblk1.genblk1.genblk1.genblk1.genblk1.genblk1.genblk1.genblk1.genblk1.lut1.genblk1.genblk1.genblk1.genblk1.genblk1.genblk1.genblk1.genblk1.genblk1.lut1 (6 -> 0)
  Optimizing lut $abc$48737$auto$blifparse.cc:557:parse_blif$49628.genblk1.genblk1.genblk1.genblk1.genblk1.genblk1.genblk1.genblk1.genblk1.genblk1.lut0.genblk1.genblk1.genblk1.genblk1.genblk1.genblk1.genblk1.genblk1.genblk1.lut1 (6 -> 0)
  Optimizing lut $abc$48737$auto$blifparse.cc:557:parse_blif$49631.genblk1.genblk1.genblk1.genblk1.genblk1.genblk1.genblk1.genblk1.genblk1.genblk1.lut1.genblk1.genblk1.genblk1.genblk1.genblk1.genblk1.genblk1.genblk1.genblk1.lut1 (6 -> 0)
  Optimizing lut $abc$48737$auto$blifparse.cc:557:parse_blif$49631.genblk1.genblk1.genblk1.genblk1.genblk1.genblk1.genblk1.genblk1.genblk1.genblk1.lut0.genblk1.genblk1.genblk1.genblk1.genblk1.genblk1.genblk1.genblk1.genblk1.lut1 (6 -> 0)
  Optimizing lut $abc$48737$auto$blifparse.cc:557:parse_blif$49632.genblk1.genblk1.genblk1.genblk1.genblk1.genblk1.genblk1.genblk1.genblk1.genblk1.lut0.genblk1.genblk1.genblk1.genblk1.genblk1.genblk1.genblk1.genblk1.genblk1.lut1 (6 -> 0)
  Optimizing lut $abc$48737$auto$blifparse.cc:557:parse_blif$49861.genblk1.genblk1.genblk1.genblk1.genblk1.genblk1.genblk1.genblk1.genblk1.lut0 (6 -> 0)
  Optimizing lut $abc$48737$auto$blifparse.cc:557:parse_blif$49753.genblk1.genblk1.genblk1.genblk1.genblk1.genblk1.genblk1.genblk1.genblk1.genblk1.lut0.genblk1.genblk1.genblk1.genblk1.genblk1.genblk1.genblk1.genblk1.genblk1.lut0 (6 -> 0)
  Optimizing lut $abc$48737$auto$blifparse.cc:557:parse_blif$52078.genblk1.genblk1.genblk1.genblk1.genblk1.genblk1.genblk1.genblk1.genblk1.lut0 (6 -> 0)
  Optimizing lut $abc$48737$auto$blifparse.cc:557:parse_blif$49647.genblk1.genblk1.genblk1.genblk1.genblk1.genblk1.genblk1.genblk1.genblk1.genblk1.lut1.genblk1.genblk1.genblk1.genblk1.genblk1.genblk1.genblk1.genblk1.genblk1.lut1 (6 -> 0)
  Optimizing lut $abc$48737$auto$blifparse.cc:557:parse_blif$49647.genblk1.genblk1.genblk1.genblk1.genblk1.genblk1.genblk1.genblk1.genblk1.genblk1.lut0.genblk1.genblk1.genblk1.genblk1.genblk1.genblk1.genblk1.genblk1.genblk1.lut1 (6 -> 0)
  Optimizing lut $abc$48737$auto$blifparse.cc:557:parse_blif$52081.genblk1.genblk1.genblk1.genblk1.genblk1.genblk1.genblk1.genblk1.genblk1.lut0 (6 -> 4)
  Optimizing lut $abc$48737$auto$blifparse.cc:557:parse_blif$55325.genblk1.genblk1.genblk1.genblk1.genblk1.genblk1.genblk1.genblk1.genblk1.lut0 (6 -> 4)
  Optimizing lut $abc$48737$auto$blifparse.cc:557:parse_blif$49654.genblk1.genblk1.genblk1.genblk1.genblk1.genblk1.genblk1.genblk1.genblk1.genblk1.lut1.genblk1.genblk1.genblk1.genblk1.genblk1.genblk1.genblk1.genblk1.genblk1.lut1 (6 -> 0)
  Optimizing lut $abc$48737$auto$blifparse.cc:557:parse_blif$49654.genblk1.genblk1.genblk1.genblk1.genblk1.genblk1.genblk1.genblk1.genblk1.genblk1.lut0.genblk1.genblk1.genblk1.genblk1.genblk1.genblk1.genblk1.genblk1.genblk1.lut1 (6 -> 0)
  Optimizing lut $abc$48737$auto$blifparse.cc:557:parse_blif$49655.genblk1.genblk1.genblk1.genblk1.genblk1.genblk1.genblk1.genblk1.genblk1.genblk1.lut0.genblk1.genblk1.genblk1.genblk1.genblk1.genblk1.genblk1.genblk1.genblk1.lut1 (6 -> 0)
  Optimizing lut $abc$48737$auto$blifparse.cc:557:parse_blif$49666.genblk1.genblk1.genblk1.genblk1.genblk1.genblk1.genblk1.genblk1.genblk1.genblk1.lut1.genblk1.genblk1.genblk1.genblk1.genblk1.genblk1.genblk1.genblk1.genblk1.lut1 (6 -> 0)
  Optimizing lut $abc$48737$auto$blifparse.cc:557:parse_blif$49666.genblk1.genblk1.genblk1.genblk1.genblk1.genblk1.genblk1.genblk1.genblk1.genblk1.lut0.genblk1.genblk1.genblk1.genblk1.genblk1.genblk1.genblk1.genblk1.genblk1.lut1 (6 -> 0)
  Optimizing lut $abc$48737$auto$blifparse.cc:557:parse_blif$49669.genblk1.genblk1.genblk1.genblk1.genblk1.genblk1.genblk1.genblk1.genblk1.genblk1.lut1.genblk1.genblk1.genblk1.genblk1.genblk1.genblk1.genblk1.genblk1.genblk1.lut1 (6 -> 0)
  Optimizing lut $abc$48737$auto$blifparse.cc:557:parse_blif$49669.genblk1.genblk1.genblk1.genblk1.genblk1.genblk1.genblk1.genblk1.genblk1.genblk1.lut0.genblk1.genblk1.genblk1.genblk1.genblk1.genblk1.genblk1.genblk1.genblk1.lut1 (6 -> 0)
  Optimizing lut $abc$48737$auto$blifparse.cc:557:parse_blif$49676.genblk1.genblk1.genblk1.genblk1.genblk1.genblk1.genblk1.genblk1.genblk1.genblk1.lut0.genblk1.genblk1.genblk1.genblk1.genblk1.genblk1.genblk1.genblk1.genblk1.lut1 (6 -> 0)
  Optimizing lut $abc$48737$auto$blifparse.cc:557:parse_blif$49684.genblk1.genblk1.genblk1.genblk1.genblk1.genblk1.genblk1.genblk1.genblk1.genblk1.lut1.genblk1.genblk1.genblk1.genblk1.genblk1.genblk1.genblk1.genblk1.genblk1.lut1 (6 -> 0)
  Optimizing lut $abc$48737$auto$blifparse.cc:557:parse_blif$49684.genblk1.genblk1.genblk1.genblk1.genblk1.genblk1.genblk1.genblk1.genblk1.genblk1.lut0.genblk1.genblk1.genblk1.genblk1.genblk1.genblk1.genblk1.genblk1.genblk1.lut1 (6 -> 0)
  Optimizing lut $abc$48737$auto$blifparse.cc:557:parse_blif$49687.genblk1.genblk1.genblk1.genblk1.genblk1.genblk1.genblk1.genblk1.genblk1.genblk1.lut1.genblk1.genblk1.genblk1.genblk1.genblk1.genblk1.genblk1.genblk1.genblk1.lut1 (6 -> 0)
  Optimizing lut $abc$48737$auto$blifparse.cc:557:parse_blif$49687.genblk1.genblk1.genblk1.genblk1.genblk1.genblk1.genblk1.genblk1.genblk1.genblk1.lut0.genblk1.genblk1.genblk1.genblk1.genblk1.genblk1.genblk1.genblk1.genblk1.lut1 (6 -> 0)
  Optimizing lut $abc$48737$auto$blifparse.cc:557:parse_blif$49712.genblk1.genblk1.genblk1.genblk1.genblk1.genblk1.genblk1.genblk1.genblk1.genblk1.lut1.genblk1.genblk1.genblk1.genblk1.genblk1.genblk1.genblk1.genblk1.genblk1.lut1 (6 -> 0)
  Optimizing lut $abc$48737$auto$blifparse.cc:557:parse_blif$49712.genblk1.genblk1.genblk1.genblk1.genblk1.genblk1.genblk1.genblk1.genblk1.genblk1.lut0.genblk1.genblk1.genblk1.genblk1.genblk1.genblk1.genblk1.genblk1.genblk1.lut1 (6 -> 0)
  Optimizing lut $abc$48737$auto$blifparse.cc:557:parse_blif$49719.genblk1.genblk1.genblk1.genblk1.genblk1.genblk1.genblk1.genblk1.genblk1.genblk1.lut0.genblk1.genblk1.genblk1.genblk1.genblk1.genblk1.genblk1.genblk1.genblk1.lut1 (6 -> 0)
  Optimizing lut $abc$48737$auto$blifparse.cc:557:parse_blif$49720.genblk1.genblk1.genblk1.genblk1.genblk1.genblk1.genblk1.genblk1.genblk1.genblk1.lut0.genblk1.genblk1.genblk1.genblk1.genblk1.genblk1.genblk1.genblk1.genblk1.lut1 (6 -> 0)
  Optimizing lut $abc$48737$auto$blifparse.cc:557:parse_blif$49722.genblk1.genblk1.genblk1.genblk1.genblk1.genblk1.genblk1.genblk1.genblk1.genblk1.lut0.genblk1.genblk1.genblk1.genblk1.genblk1.genblk1.genblk1.genblk1.genblk1.lut1 (6 -> 0)
  Optimizing lut $abc$48737$auto$blifparse.cc:557:parse_blif$49723.genblk1.genblk1.genblk1.genblk1.genblk1.genblk1.genblk1.genblk1.genblk1.genblk1.lut0.genblk1.genblk1.genblk1.genblk1.genblk1.genblk1.genblk1.genblk1.genblk1.lut1 (6 -> 0)
  Optimizing lut $abc$48737$auto$blifparse.cc:557:parse_blif$49669.genblk1.genblk1.genblk1.genblk1.genblk1.genblk1.genblk1.genblk1.genblk1.genblk1.lut0.genblk1.genblk1.genblk1.genblk1.genblk1.genblk1.genblk1.genblk1.genblk1.lut0 (6 -> 0)
  Optimizing lut $abc$48737$auto$blifparse.cc:557:parse_blif$49734.genblk1.genblk1.genblk1.genblk1.genblk1.genblk1.genblk1.genblk1.genblk1.genblk1.lut1.genblk1.genblk1.genblk1.genblk1.genblk1.genblk1.genblk1.genblk1.genblk1.lut1 (6 -> 0)
  Optimizing lut $abc$48737$auto$blifparse.cc:557:parse_blif$49734.genblk1.genblk1.genblk1.genblk1.genblk1.genblk1.genblk1.genblk1.genblk1.genblk1.lut0.genblk1.genblk1.genblk1.genblk1.genblk1.genblk1.genblk1.genblk1.genblk1.lut1 (6 -> 0)
  Optimizing lut $abc$48737$auto$blifparse.cc:557:parse_blif$49742.genblk1.genblk1.genblk1.genblk1.genblk1.genblk1.genblk1.genblk1.genblk1.genblk1.lut1.genblk1.genblk1.genblk1.genblk1.genblk1.genblk1.genblk1.genblk1.genblk1.lut1 (6 -> 0)
  Optimizing lut $abc$48737$auto$blifparse.cc:557:parse_blif$49742.genblk1.genblk1.genblk1.genblk1.genblk1.genblk1.genblk1.genblk1.genblk1.genblk1.lut0.genblk1.genblk1.genblk1.genblk1.genblk1.genblk1.genblk1.genblk1.genblk1.lut1 (6 -> 0)
  Optimizing lut $abc$48737$auto$blifparse.cc:557:parse_blif$49743.genblk1.genblk1.genblk1.genblk1.genblk1.genblk1.genblk1.genblk1.genblk1.genblk1.lut0.genblk1.genblk1.genblk1.genblk1.genblk1.genblk1.genblk1.genblk1.genblk1.lut1 (6 -> 0)
  Optimizing lut $abc$48737$auto$blifparse.cc:557:parse_blif$49745.genblk1.genblk1.genblk1.genblk1.genblk1.genblk1.genblk1.genblk1.genblk1.genblk1.lut0.genblk1.genblk1.genblk1.genblk1.genblk1.genblk1.genblk1.genblk1.genblk1.lut1 (6 -> 0)
  Optimizing lut $abc$48737$auto$blifparse.cc:557:parse_blif$49746.genblk1.genblk1.genblk1.genblk1.genblk1.genblk1.genblk1.genblk1.genblk1.genblk1.lut0.genblk1.genblk1.genblk1.genblk1.genblk1.genblk1.genblk1.genblk1.genblk1.lut1 (6 -> 0)
  Optimizing lut $abc$48737$auto$blifparse.cc:557:parse_blif$51974.genblk1.genblk1.genblk1.genblk1.genblk1.genblk1.genblk1.genblk1.genblk1.genblk1.lut1.genblk1.genblk1.genblk1.genblk1.genblk1.genblk1.genblk1.genblk1.genblk1.lut1 (6 -> 0)
  Optimizing lut $abc$48737$auto$blifparse.cc:557:parse_blif$49753.genblk1.genblk1.genblk1.genblk1.genblk1.genblk1.genblk1.genblk1.genblk1.genblk1.lut1.genblk1.genblk1.genblk1.genblk1.genblk1.genblk1.genblk1.genblk1.genblk1.lut1 (6 -> 0)
  Optimizing lut $abc$48737$auto$blifparse.cc:557:parse_blif$49753.genblk1.genblk1.genblk1.genblk1.genblk1.genblk1.genblk1.genblk1.genblk1.genblk1.lut0.genblk1.genblk1.genblk1.genblk1.genblk1.genblk1.genblk1.genblk1.genblk1.lut1 (6 -> 0)
  Optimizing lut $abc$48737$auto$blifparse.cc:557:parse_blif$49840.genblk1.genblk1.genblk1.genblk1.genblk1.genblk1.genblk1.genblk1.genblk1.genblk1.lut0.genblk1.genblk1.genblk1.genblk1.genblk1.genblk1.genblk1.genblk1.genblk1.lut0 (6 -> 0)
  Optimizing lut $abc$48737$auto$blifparse.cc:557:parse_blif$52082.genblk1.genblk1.genblk1.genblk1.genblk1.genblk1.genblk1.genblk1.genblk1.lut0 (6 -> 0)
  Optimizing lut $abc$48737$auto$blifparse.cc:557:parse_blif$49763.genblk1.genblk1.genblk1.genblk1.genblk1.genblk1.genblk1.genblk1.genblk1.genblk1.lut0.genblk1.genblk1.genblk1.genblk1.genblk1.genblk1.genblk1.genblk1.genblk1.lut1 (6 -> 0)
  Optimizing lut $abc$48737$auto$blifparse.cc:557:parse_blif$49764.genblk1.genblk1.genblk1.genblk1.genblk1.genblk1.genblk1.genblk1.genblk1.genblk1.lut0.genblk1.genblk1.genblk1.genblk1.genblk1.genblk1.genblk1.genblk1.genblk1.lut1 (6 -> 0)
  Optimizing lut $abc$48737$auto$blifparse.cc:557:parse_blif$49772.genblk1.genblk1.genblk1.genblk1.genblk1.genblk1.genblk1.genblk1.genblk1.genblk1.lut1.genblk1.genblk1.genblk1.genblk1.genblk1.genblk1.genblk1.genblk1.genblk1.lut1 (6 -> 0)
  Optimizing lut $abc$48737$auto$blifparse.cc:557:parse_blif$49772.genblk1.genblk1.genblk1.genblk1.genblk1.genblk1.genblk1.genblk1.genblk1.genblk1.lut0.genblk1.genblk1.genblk1.genblk1.genblk1.genblk1.genblk1.genblk1.genblk1.lut1 (6 -> 0)
  Optimizing lut $abc$48737$auto$blifparse.cc:557:parse_blif$49647.genblk1.genblk1.genblk1.genblk1.genblk1.genblk1.genblk1.genblk1.genblk1.genblk1.lut0.genblk1.genblk1.genblk1.genblk1.genblk1.genblk1.genblk1.genblk1.genblk1.lut0 (6 -> 0)
  Optimizing lut $abc$48737$auto$blifparse.cc:557:parse_blif$49764.genblk1.genblk1.genblk1.genblk1.genblk1.genblk1.genblk1.genblk1.genblk1.genblk1.lut0.genblk1.genblk1.genblk1.genblk1.genblk1.genblk1.genblk1.genblk1.genblk1.lut0 (6 -> 0)
  Optimizing lut $abc$48737$auto$blifparse.cc:557:parse_blif$55358.genblk1.genblk1.genblk1.genblk1.genblk1.genblk1.genblk1.genblk1.genblk1.lut0 (6 -> 4)
  Optimizing lut $abc$48737$auto$blifparse.cc:557:parse_blif$49808.genblk1.genblk1.genblk1.genblk1.genblk1.genblk1.genblk1.genblk1.genblk1.genblk1.lut1.genblk1.genblk1.genblk1.genblk1.genblk1.genblk1.genblk1.genblk1.genblk1.lut1 (6 -> 0)
  Optimizing lut $abc$48737$auto$blifparse.cc:557:parse_blif$49808.genblk1.genblk1.genblk1.genblk1.genblk1.genblk1.genblk1.genblk1.genblk1.genblk1.lut0.genblk1.genblk1.genblk1.genblk1.genblk1.genblk1.genblk1.genblk1.genblk1.lut1 (6 -> 0)
  Optimizing lut $abc$48737$auto$blifparse.cc:557:parse_blif$49810.genblk1.genblk1.genblk1.genblk1.genblk1.genblk1.genblk1.genblk1.genblk1.genblk1.lut0.genblk1.genblk1.genblk1.genblk1.genblk1.genblk1.genblk1.genblk1.genblk1.lut1 (6 -> 0)
  Optimizing lut $abc$48737$auto$blifparse.cc:557:parse_blif$49818.genblk1.genblk1.genblk1.genblk1.genblk1.genblk1.genblk1.genblk1.genblk1.genblk1.lut1.genblk1.genblk1.genblk1.genblk1.genblk1.genblk1.genblk1.genblk1.genblk1.lut1 (6 -> 0)
  Optimizing lut $abc$48737$auto$blifparse.cc:557:parse_blif$49818.genblk1.genblk1.genblk1.genblk1.genblk1.genblk1.genblk1.genblk1.genblk1.genblk1.lut0.genblk1.genblk1.genblk1.genblk1.genblk1.genblk1.genblk1.genblk1.genblk1.lut1 (6 -> 0)
  Optimizing lut $abc$48737$auto$blifparse.cc:557:parse_blif$49819.genblk1.genblk1.genblk1.genblk1.genblk1.genblk1.genblk1.genblk1.genblk1.genblk1.lut0.genblk1.genblk1.genblk1.genblk1.genblk1.genblk1.genblk1.genblk1.genblk1.lut1 (6 -> 0)
  Optimizing lut $abc$48737$auto$blifparse.cc:557:parse_blif$49826.genblk1.genblk1.genblk1.genblk1.genblk1.genblk1.genblk1.genblk1.genblk1.genblk1.lut1.genblk1.genblk1.genblk1.genblk1.genblk1.genblk1.genblk1.genblk1.genblk1.lut1 (6 -> 0)
  Optimizing lut $abc$48737$auto$blifparse.cc:557:parse_blif$49826.genblk1.genblk1.genblk1.genblk1.genblk1.genblk1.genblk1.genblk1.genblk1.genblk1.lut0.genblk1.genblk1.genblk1.genblk1.genblk1.genblk1.genblk1.genblk1.genblk1.lut1 (6 -> 0)
  Optimizing lut $abc$48737$auto$blifparse.cc:557:parse_blif$49829.genblk1.genblk1.genblk1.genblk1.genblk1.genblk1.genblk1.genblk1.genblk1.genblk1.lut1.genblk1.genblk1.genblk1.genblk1.genblk1.genblk1.genblk1.genblk1.genblk1.lut1 (6 -> 0)
  Optimizing lut $abc$48737$auto$blifparse.cc:557:parse_blif$49829.genblk1.genblk1.genblk1.genblk1.genblk1.genblk1.genblk1.genblk1.genblk1.genblk1.lut0.genblk1.genblk1.genblk1.genblk1.genblk1.genblk1.genblk1.genblk1.genblk1.lut1 (6 -> 0)
  Optimizing lut $abc$48737$auto$blifparse.cc:557:parse_blif$49840.genblk1.genblk1.genblk1.genblk1.genblk1.genblk1.genblk1.genblk1.genblk1.genblk1.lut1.genblk1.genblk1.genblk1.genblk1.genblk1.genblk1.genblk1.genblk1.genblk1.lut1 (6 -> 0)
  Optimizing lut $abc$48737$auto$blifparse.cc:557:parse_blif$49840.genblk1.genblk1.genblk1.genblk1.genblk1.genblk1.genblk1.genblk1.genblk1.genblk1.lut0.genblk1.genblk1.genblk1.genblk1.genblk1.genblk1.genblk1.genblk1.genblk1.lut1 (6 -> 0)
  Optimizing lut $abc$48737$auto$blifparse.cc:557:parse_blif$49843.genblk1.genblk1.genblk1.genblk1.genblk1.genblk1.genblk1.genblk1.genblk1.genblk1.lut1.genblk1.genblk1.genblk1.genblk1.genblk1.genblk1.genblk1.genblk1.genblk1.lut1 (6 -> 0)
  Optimizing lut $abc$48737$auto$blifparse.cc:557:parse_blif$49843.genblk1.genblk1.genblk1.genblk1.genblk1.genblk1.genblk1.genblk1.genblk1.genblk1.lut0.genblk1.genblk1.genblk1.genblk1.genblk1.genblk1.genblk1.genblk1.genblk1.lut1 (6 -> 0)
  Optimizing lut $abc$48737$auto$blifparse.cc:557:parse_blif$49844.genblk1.genblk1.genblk1.genblk1.genblk1.genblk1.genblk1.genblk1.genblk1.genblk1.lut0.genblk1.genblk1.genblk1.genblk1.genblk1.genblk1.genblk1.genblk1.genblk1.lut1 (6 -> 0)
  Optimizing lut $abc$48737$auto$blifparse.cc:557:parse_blif$49847.genblk1.genblk1.genblk1.genblk1.genblk1.genblk1.genblk1.genblk1.genblk1.genblk1.lut0.genblk1.genblk1.genblk1.genblk1.genblk1.genblk1.genblk1.genblk1.genblk1.lut1 (6 -> 0)
  Optimizing lut $abc$48737$auto$blifparse.cc:557:parse_blif$49850.genblk1.genblk1.genblk1.genblk1.genblk1.genblk1.genblk1.genblk1.genblk1.genblk1.lut1.genblk1.genblk1.genblk1.genblk1.genblk1.genblk1.genblk1.genblk1.genblk1.lut1 (6 -> 0)
  Optimizing lut $abc$48737$auto$blifparse.cc:557:parse_blif$49850.genblk1.genblk1.genblk1.genblk1.genblk1.genblk1.genblk1.genblk1.genblk1.genblk1.lut0.genblk1.genblk1.genblk1.genblk1.genblk1.genblk1.genblk1.genblk1.genblk1.lut1 (6 -> 0)
  Optimizing lut $abc$48737$auto$blifparse.cc:557:parse_blif$49853.genblk1.genblk1.genblk1.genblk1.genblk1.genblk1.genblk1.genblk1.genblk1.genblk1.lut1.genblk1.genblk1.genblk1.genblk1.genblk1.genblk1.genblk1.genblk1.genblk1.lut1 (6 -> 0)
  Optimizing lut $abc$48737$auto$blifparse.cc:557:parse_blif$49853.genblk1.genblk1.genblk1.genblk1.genblk1.genblk1.genblk1.genblk1.genblk1.genblk1.lut0.genblk1.genblk1.genblk1.genblk1.genblk1.genblk1.genblk1.genblk1.genblk1.lut1 (6 -> 0)
  Optimizing lut $abc$48737$auto$blifparse.cc:557:parse_blif$49856.genblk1.genblk1.genblk1.genblk1.genblk1.genblk1.genblk1.genblk1.genblk1.genblk1.lut0.genblk1.genblk1.genblk1.genblk1.genblk1.genblk1.genblk1.genblk1.genblk1.lut1 (6 -> 0)
  Optimizing lut $abc$48737$auto$blifparse.cc:557:parse_blif$49859.genblk1.genblk1.genblk1.genblk1.genblk1.genblk1.genblk1.genblk1.genblk1.genblk1.lut0.genblk1.genblk1.genblk1.genblk1.genblk1.genblk1.genblk1.genblk1.genblk1.lut1 (6 -> 0)
  Optimizing lut $abc$48737$auto$blifparse.cc:557:parse_blif$52216.genblk1.genblk1.genblk1.genblk1.genblk1.genblk1.genblk1.genblk1.genblk1.lut1 (6 -> 3)
  Optimizing lut $abc$48737$auto$blifparse.cc:557:parse_blif$49863.genblk1.genblk1.genblk1.genblk1.genblk1.genblk1.genblk1.genblk1.genblk1.lut0 (6 -> 0)
  Optimizing lut $abc$48737$auto$blifparse.cc:557:parse_blif$52634.genblk1.genblk1.genblk1.genblk1.genblk1.genblk1.genblk1.genblk1.genblk1.lut0 (6 -> 4)
  Optimizing lut $abc$48737$auto$blifparse.cc:557:parse_blif$52268.genblk1.genblk1.genblk1.genblk1.genblk1.genblk1.genblk1.genblk1.genblk1.lut0 (6 -> 4)
  Optimizing lut $abc$48737$auto$blifparse.cc:557:parse_blif$49772.genblk1.genblk1.genblk1.genblk1.genblk1.genblk1.genblk1.genblk1.genblk1.genblk1.lut0.genblk1.genblk1.genblk1.genblk1.genblk1.genblk1.genblk1.genblk1.genblk1.lut0 (6 -> 0)
  Optimizing lut $abc$48737$auto$blifparse.cc:557:parse_blif$52264.genblk1.genblk1.genblk1.genblk1.genblk1.genblk1.genblk1.genblk1.genblk1.lut0 (6 -> 4)
  Optimizing lut $abc$48737$auto$blifparse.cc:557:parse_blif$49908.genblk1.genblk1.genblk1.genblk1.genblk1.genblk1.genblk1.genblk1.genblk1.genblk1.lut0.genblk1.genblk1.genblk1.genblk1.genblk1.genblk1.genblk1.genblk1.genblk1.lut0 (6 -> 0)
  Optimizing lut $abc$48737$auto$blifparse.cc:557:parse_blif$52268.genblk1.genblk1.genblk1.genblk1.genblk1.genblk1.genblk1.genblk1.genblk1.lut1 (6 -> 4)
  Optimizing lut $abc$48737$auto$blifparse.cc:557:parse_blif$52632.genblk1.genblk1.genblk1.genblk1.genblk1.genblk1.genblk1.genblk1.genblk1.lut0 (6 -> 4)
  Optimizing lut $abc$48737$auto$blifparse.cc:557:parse_blif$49908.genblk1.genblk1.genblk1.genblk1.genblk1.genblk1.genblk1.genblk1.genblk1.genblk1.lut1.genblk1.genblk1.genblk1.genblk1.genblk1.genblk1.genblk1.genblk1.genblk1.lut1 (6 -> 0)
  Optimizing lut $abc$48737$auto$blifparse.cc:557:parse_blif$49908.genblk1.genblk1.genblk1.genblk1.genblk1.genblk1.genblk1.genblk1.genblk1.genblk1.lut0.genblk1.genblk1.genblk1.genblk1.genblk1.genblk1.genblk1.genblk1.genblk1.lut1 (6 -> 0)
  Optimizing lut $abc$48737$auto$blifparse.cc:557:parse_blif$49829.genblk1.genblk1.genblk1.genblk1.genblk1.genblk1.genblk1.genblk1.genblk1.genblk1.lut0.genblk1.genblk1.genblk1.genblk1.genblk1.genblk1.genblk1.genblk1.genblk1.lut0 (6 -> 0)
  Optimizing lut $abc$48737$auto$blifparse.cc:557:parse_blif$49915.genblk1.genblk1.genblk1.genblk1.genblk1.genblk1.genblk1.genblk1.genblk1.genblk1.lut1.genblk1.genblk1.genblk1.genblk1.genblk1.genblk1.genblk1.genblk1.genblk1.lut1 (6 -> 0)
  Optimizing lut $abc$48737$auto$blifparse.cc:557:parse_blif$49915.genblk1.genblk1.genblk1.genblk1.genblk1.genblk1.genblk1.genblk1.genblk1.genblk1.lut0.genblk1.genblk1.genblk1.genblk1.genblk1.genblk1.genblk1.genblk1.genblk1.lut1 (6 -> 0)
  Optimizing lut $abc$48737$auto$blifparse.cc:557:parse_blif$49921.genblk1.genblk1.genblk1.genblk1.genblk1.genblk1.genblk1.genblk1.genblk1.genblk1.lut0.genblk1.genblk1.genblk1.genblk1.genblk1.genblk1.genblk1.genblk1.genblk1.lut1 (6 -> 0)
  Optimizing lut $abc$48737$auto$blifparse.cc:557:parse_blif$49922.genblk1.genblk1.genblk1.genblk1.genblk1.genblk1.genblk1.genblk1.genblk1.genblk1.lut0.genblk1.genblk1.genblk1.genblk1.genblk1.genblk1.genblk1.genblk1.genblk1.lut1 (6 -> 0)
  Optimizing lut $abc$48737$auto$blifparse.cc:557:parse_blif$49938.genblk1.genblk1.genblk1.genblk1.genblk1.genblk1.genblk1.genblk1.genblk1.genblk1.lut0.genblk1.genblk1.genblk1.genblk1.genblk1.genblk1.genblk1.genblk1.genblk1.lut1 (6 -> 0)
  Optimizing lut $abc$48737$auto$blifparse.cc:557:parse_blif$52197.genblk1.genblk1.genblk1.genblk1.genblk1.genblk1.genblk1.genblk1.genblk1.lut0 (6 -> 3)
  Optimizing lut $abc$48737$auto$blifparse.cc:557:parse_blif$52531.genblk1.genblk1.genblk1.genblk1.genblk1.genblk1.genblk1.genblk1.genblk1.genblk1.lut1.genblk1.genblk1.genblk1.genblk1.genblk1.genblk1.genblk1.genblk1.genblk1.lut1 (6 -> 0)
  Optimizing lut $abc$48737$auto$blifparse.cc:557:parse_blif$49950.genblk1.genblk1.genblk1.genblk1.genblk1.genblk1.genblk1.genblk1.genblk1.lut0 (6 -> 0)
  Optimizing lut $abc$48737$auto$blifparse.cc:557:parse_blif$49743.genblk1.genblk1.genblk1.genblk1.genblk1.genblk1.genblk1.genblk1.genblk1.genblk1.lut0.genblk1.genblk1.genblk1.genblk1.genblk1.genblk1.genblk1.genblk1.genblk1.lut0 (6 -> 0)
  Optimizing lut $abc$48737$auto$blifparse.cc:557:parse_blif$49966.genblk1.genblk1.genblk1.genblk1.genblk1.genblk1.genblk1.genblk1.genblk1.genblk1.lut1.genblk1.genblk1.genblk1.genblk1.genblk1.genblk1.genblk1.genblk1.genblk1.lut1 (6 -> 0)
  Optimizing lut $abc$48737$auto$blifparse.cc:557:parse_blif$49966.genblk1.genblk1.genblk1.genblk1.genblk1.genblk1.genblk1.genblk1.genblk1.genblk1.lut0.genblk1.genblk1.genblk1.genblk1.genblk1.genblk1.genblk1.genblk1.genblk1.lut1 (6 -> 0)
  Optimizing lut $abc$48737$auto$blifparse.cc:557:parse_blif$49967.genblk1.genblk1.genblk1.genblk1.genblk1.genblk1.genblk1.genblk1.genblk1.genblk1.lut0.genblk1.genblk1.genblk1.genblk1.genblk1.genblk1.genblk1.genblk1.genblk1.lut1 (6 -> 0)
  Optimizing lut $abc$48737$auto$blifparse.cc:557:parse_blif$49967.genblk1.genblk1.genblk1.genblk1.genblk1.genblk1.genblk1.genblk1.genblk1.genblk1.lut0.genblk1.genblk1.genblk1.genblk1.genblk1.genblk1.genblk1.genblk1.genblk1.lut0 (6 -> 0)
  Optimizing lut $abc$48737$auto$blifparse.cc:557:parse_blif$49978.genblk1.genblk1.genblk1.genblk1.genblk1.genblk1.genblk1.genblk1.genblk1.genblk1.lut0.genblk1.genblk1.genblk1.genblk1.genblk1.genblk1.genblk1.genblk1.genblk1.lut0 (6 -> 0)
  Optimizing lut $abc$48737$auto$blifparse.cc:557:parse_blif$49978.genblk1.genblk1.genblk1.genblk1.genblk1.genblk1.genblk1.genblk1.genblk1.genblk1.lut1.genblk1.genblk1.genblk1.genblk1.genblk1.genblk1.genblk1.genblk1.genblk1.lut1 (6 -> 0)
  Optimizing lut $abc$48737$auto$blifparse.cc:557:parse_blif$49978.genblk1.genblk1.genblk1.genblk1.genblk1.genblk1.genblk1.genblk1.genblk1.genblk1.lut0.genblk1.genblk1.genblk1.genblk1.genblk1.genblk1.genblk1.genblk1.genblk1.lut1 (6 -> 0)
  Optimizing lut $abc$48737$auto$blifparse.cc:557:parse_blif$49993.genblk1.genblk1.genblk1.genblk1.genblk1.genblk1.genblk1.genblk1.genblk1.genblk1.lut1.genblk1.genblk1.genblk1.genblk1.genblk1.genblk1.genblk1.genblk1.genblk1.lut1 (6 -> 0)
  Optimizing lut $abc$48737$auto$blifparse.cc:557:parse_blif$49993.genblk1.genblk1.genblk1.genblk1.genblk1.genblk1.genblk1.genblk1.genblk1.genblk1.lut0.genblk1.genblk1.genblk1.genblk1.genblk1.genblk1.genblk1.genblk1.genblk1.lut1 (6 -> 0)
  Optimizing lut $abc$48737$auto$blifparse.cc:557:parse_blif$50000.genblk1.genblk1.genblk1.genblk1.genblk1.genblk1.genblk1.genblk1.genblk1.genblk1.lut0.genblk1.genblk1.genblk1.genblk1.genblk1.genblk1.genblk1.genblk1.genblk1.lut1 (6 -> 0)
  Optimizing lut $abc$48737$auto$blifparse.cc:557:parse_blif$49322.genblk1.genblk1.genblk1.genblk1.genblk1.genblk1.genblk1.genblk1.genblk1.lut1 (6 -> 0)
  Optimizing lut $abc$48737$auto$blifparse.cc:557:parse_blif$50003.genblk1.genblk1.genblk1.genblk1.genblk1.genblk1.genblk1.genblk1.genblk1.genblk1.lut0.genblk1.genblk1.genblk1.genblk1.genblk1.genblk1.genblk1.genblk1.genblk1.lut1 (6 -> 0)
  Optimizing lut $abc$48737$auto$blifparse.cc:557:parse_blif$50004.genblk1.genblk1.genblk1.genblk1.genblk1.genblk1.genblk1.genblk1.genblk1.genblk1.lut0.genblk1.genblk1.genblk1.genblk1.genblk1.genblk1.genblk1.genblk1.genblk1.lut1 (6 -> 0)
  Optimizing lut $abc$48737$auto$blifparse.cc:557:parse_blif$50011.genblk1.genblk1.genblk1.genblk1.genblk1.genblk1.genblk1.genblk1.genblk1.genblk1.lut1.genblk1.genblk1.genblk1.genblk1.genblk1.genblk1.genblk1.genblk1.genblk1.lut1 (6 -> 0)
  Optimizing lut $abc$48737$auto$blifparse.cc:557:parse_blif$50011.genblk1.genblk1.genblk1.genblk1.genblk1.genblk1.genblk1.genblk1.genblk1.genblk1.lut0.genblk1.genblk1.genblk1.genblk1.genblk1.genblk1.genblk1.genblk1.genblk1.lut1 (6 -> 0)
  Optimizing lut $abc$48737$auto$blifparse.cc:557:parse_blif$50016.genblk1.genblk1.genblk1.genblk1.genblk1.genblk1.genblk1.genblk1.genblk1.lut1 (6 -> 3)
  Optimizing lut $abc$48737$auto$blifparse.cc:557:parse_blif$50128.genblk1.genblk1.genblk1.genblk1.genblk1.genblk1.genblk1.genblk1.genblk1.lut1 (6 -> 3)
  Optimizing lut $abc$48737$auto$blifparse.cc:557:parse_blif$50019.genblk1.genblk1.genblk1.genblk1.genblk1.genblk1.genblk1.genblk1.genblk1.lut0 (6 -> 0)
  Optimizing lut $abc$48737$auto$blifparse.cc:557:parse_blif$50023.genblk1.genblk1.genblk1.genblk1.genblk1.genblk1.genblk1.genblk1.genblk1.genblk1.lut1.genblk1.genblk1.genblk1.genblk1.genblk1.genblk1.genblk1.genblk1.genblk1.lut1 (6 -> 0)
  Optimizing lut $abc$48737$auto$blifparse.cc:557:parse_blif$50023.genblk1.genblk1.genblk1.genblk1.genblk1.genblk1.genblk1.genblk1.genblk1.genblk1.lut0.genblk1.genblk1.genblk1.genblk1.genblk1.genblk1.genblk1.genblk1.genblk1.lut1 (6 -> 0)
  Optimizing lut $abc$48737$auto$blifparse.cc:557:parse_blif$50025.genblk1.genblk1.genblk1.genblk1.genblk1.genblk1.genblk1.genblk1.genblk1.genblk1.lut0.genblk1.genblk1.genblk1.genblk1.genblk1.genblk1.genblk1.genblk1.genblk1.lut1 (6 -> 0)
  Optimizing lut $abc$48737$auto$blifparse.cc:557:parse_blif$50026.genblk1.genblk1.genblk1.genblk1.genblk1.genblk1.genblk1.genblk1.genblk1.genblk1.lut0.genblk1.genblk1.genblk1.genblk1.genblk1.genblk1.genblk1.genblk1.genblk1.lut1 (6 -> 0)
  Optimizing lut $abc$48737$auto$blifparse.cc:557:parse_blif$50029.genblk1.genblk1.genblk1.genblk1.genblk1.genblk1.genblk1.genblk1.genblk1.genblk1.lut1.genblk1.genblk1.genblk1.genblk1.genblk1.genblk1.genblk1.genblk1.genblk1.lut1 (6 -> 0)
  Optimizing lut $abc$48737$auto$blifparse.cc:557:parse_blif$50029.genblk1.genblk1.genblk1.genblk1.genblk1.genblk1.genblk1.genblk1.genblk1.genblk1.lut0.genblk1.genblk1.genblk1.genblk1.genblk1.genblk1.genblk1.genblk1.genblk1.lut1 (6 -> 0)
  Optimizing lut $abc$48737$auto$blifparse.cc:557:parse_blif$50035.genblk1.genblk1.genblk1.genblk1.genblk1.genblk1.genblk1.genblk1.genblk1.genblk1.lut1.genblk1.genblk1.genblk1.genblk1.genblk1.genblk1.genblk1.genblk1.genblk1.lut1 (6 -> 0)
  Optimizing lut $abc$48737$auto$blifparse.cc:557:parse_blif$50035.genblk1.genblk1.genblk1.genblk1.genblk1.genblk1.genblk1.genblk1.genblk1.genblk1.lut0.genblk1.genblk1.genblk1.genblk1.genblk1.genblk1.genblk1.genblk1.genblk1.lut1 (6 -> 0)
  Optimizing lut $abc$48737$auto$blifparse.cc:557:parse_blif$50035.genblk1.genblk1.genblk1.genblk1.genblk1.genblk1.genblk1.genblk1.genblk1.genblk1.lut0.genblk1.genblk1.genblk1.genblk1.genblk1.genblk1.genblk1.genblk1.genblk1.lut0 (6 -> 0)
  Optimizing lut $abc$48737$auto$blifparse.cc:557:parse_blif$55389.genblk1.genblk1.genblk1.genblk1.genblk1.genblk1.genblk1.genblk1.genblk1.lut0 (6 -> 4)
  Optimizing lut $abc$48737$auto$blifparse.cc:557:parse_blif$50041.genblk1.genblk1.genblk1.genblk1.genblk1.genblk1.genblk1.genblk1.genblk1.lut1 (6 -> 3)
  Optimizing lut $abc$48737$auto$blifparse.cc:557:parse_blif$50042.genblk1.genblk1.genblk1.genblk1.genblk1.genblk1.genblk1.genblk1.genblk1.genblk1.lut0.genblk1.genblk1.genblk1.genblk1.genblk1.genblk1.genblk1.genblk1.genblk1.lut1 (6 -> 0)
  Optimizing lut $abc$48737$auto$blifparse.cc:557:parse_blif$50043.genblk1.genblk1.genblk1.genblk1.genblk1.genblk1.genblk1.genblk1.genblk1.genblk1.lut0.genblk1.genblk1.genblk1.genblk1.genblk1.genblk1.genblk1.genblk1.genblk1.lut1 (6 -> 0)
  Optimizing lut $abc$48737$auto$blifparse.cc:557:parse_blif$50043.genblk1.genblk1.genblk1.genblk1.genblk1.genblk1.genblk1.genblk1.genblk1.genblk1.lut0.genblk1.genblk1.genblk1.genblk1.genblk1.genblk1.genblk1.genblk1.genblk1.lut0 (6 -> 0)
  Optimizing lut $abc$48737$auto$blifparse.cc:557:parse_blif$50046.genblk1.genblk1.genblk1.genblk1.genblk1.genblk1.genblk1.genblk1.genblk1.lut0 (6 -> 0)
  Optimizing lut $abc$48737$auto$blifparse.cc:557:parse_blif$50048.genblk1.genblk1.genblk1.genblk1.genblk1.genblk1.genblk1.genblk1.genblk1.genblk1.lut0.genblk1.genblk1.genblk1.genblk1.genblk1.genblk1.genblk1.genblk1.genblk1.lut1 (6 -> 0)
  Optimizing lut $abc$48737$auto$blifparse.cc:557:parse_blif$50049.genblk1.genblk1.genblk1.genblk1.genblk1.genblk1.genblk1.genblk1.genblk1.genblk1.lut0.genblk1.genblk1.genblk1.genblk1.genblk1.genblk1.genblk1.genblk1.genblk1.lut1 (6 -> 0)
  Optimizing lut $abc$48737$auto$blifparse.cc:557:parse_blif$50051.genblk1.genblk1.genblk1.genblk1.genblk1.genblk1.genblk1.genblk1.genblk1.genblk1.lut0.genblk1.genblk1.genblk1.genblk1.genblk1.genblk1.genblk1.genblk1.genblk1.lut1 (6 -> 0)
  Optimizing lut $abc$48737$auto$blifparse.cc:557:parse_blif$50052.genblk1.genblk1.genblk1.genblk1.genblk1.genblk1.genblk1.genblk1.genblk1.genblk1.lut0.genblk1.genblk1.genblk1.genblk1.genblk1.genblk1.genblk1.genblk1.genblk1.lut1 (6 -> 0)
  Optimizing lut $abc$48737$auto$blifparse.cc:557:parse_blif$50055.genblk1.genblk1.genblk1.genblk1.genblk1.genblk1.genblk1.genblk1.genblk1.genblk1.lut1.genblk1.genblk1.genblk1.genblk1.genblk1.genblk1.genblk1.genblk1.genblk1.lut1 (6 -> 0)
  Optimizing lut $abc$48737$auto$blifparse.cc:557:parse_blif$50055.genblk1.genblk1.genblk1.genblk1.genblk1.genblk1.genblk1.genblk1.genblk1.genblk1.lut0.genblk1.genblk1.genblk1.genblk1.genblk1.genblk1.genblk1.genblk1.genblk1.lut1 (6 -> 0)
  Optimizing lut $abc$48737$auto$blifparse.cc:557:parse_blif$50061.genblk1.genblk1.genblk1.genblk1.genblk1.genblk1.genblk1.genblk1.genblk1.genblk1.lut1.genblk1.genblk1.genblk1.genblk1.genblk1.genblk1.genblk1.genblk1.genblk1.lut1 (6 -> 0)
  Optimizing lut $abc$48737$auto$blifparse.cc:557:parse_blif$50061.genblk1.genblk1.genblk1.genblk1.genblk1.genblk1.genblk1.genblk1.genblk1.genblk1.lut0.genblk1.genblk1.genblk1.genblk1.genblk1.genblk1.genblk1.genblk1.genblk1.lut1 (6 -> 0)
  Optimizing lut $abc$48737$auto$blifparse.cc:557:parse_blif$50061.genblk1.genblk1.genblk1.genblk1.genblk1.genblk1.genblk1.genblk1.genblk1.genblk1.lut0.genblk1.genblk1.genblk1.genblk1.genblk1.genblk1.genblk1.genblk1.genblk1.lut0 (6 -> 0)
  Optimizing lut $abc$48737$auto$blifparse.cc:557:parse_blif$50073.genblk1.genblk1.genblk1.genblk1.genblk1.genblk1.genblk1.genblk1.genblk1.genblk1.lut0.genblk1.genblk1.genblk1.genblk1.genblk1.genblk1.genblk1.genblk1.genblk1.lut1 (6 -> 0)
  Optimizing lut $abc$48737$auto$blifparse.cc:557:parse_blif$50074.genblk1.genblk1.genblk1.genblk1.genblk1.genblk1.genblk1.genblk1.genblk1.genblk1.lut0.genblk1.genblk1.genblk1.genblk1.genblk1.genblk1.genblk1.genblk1.genblk1.lut1 (6 -> 0)
  Optimizing lut $abc$48737$auto$blifparse.cc:557:parse_blif$50076.genblk1.genblk1.genblk1.genblk1.genblk1.genblk1.genblk1.genblk1.genblk1.genblk1.lut0.genblk1.genblk1.genblk1.genblk1.genblk1.genblk1.genblk1.genblk1.genblk1.lut1 (6 -> 0)
  Optimizing lut $abc$48737$auto$blifparse.cc:557:parse_blif$50077.genblk1.genblk1.genblk1.genblk1.genblk1.genblk1.genblk1.genblk1.genblk1.genblk1.lut0.genblk1.genblk1.genblk1.genblk1.genblk1.genblk1.genblk1.genblk1.genblk1.lut1 (6 -> 0)
  Optimizing lut $abc$48737$auto$blifparse.cc:557:parse_blif$50079.genblk1.genblk1.genblk1.genblk1.genblk1.genblk1.genblk1.genblk1.genblk1.genblk1.lut0.genblk1.genblk1.genblk1.genblk1.genblk1.genblk1.genblk1.genblk1.genblk1.lut1 (6 -> 0)
  Optimizing lut $abc$48737$auto$blifparse.cc:557:parse_blif$50080.genblk1.genblk1.genblk1.genblk1.genblk1.genblk1.genblk1.genblk1.genblk1.genblk1.lut0.genblk1.genblk1.genblk1.genblk1.genblk1.genblk1.genblk1.genblk1.genblk1.lut1 (6 -> 0)
  Optimizing lut $abc$48737$auto$blifparse.cc:557:parse_blif$50087.genblk1.genblk1.genblk1.genblk1.genblk1.genblk1.genblk1.genblk1.genblk1.lut0 (6 -> 0)
  Optimizing lut $abc$48737$auto$blifparse.cc:557:parse_blif$50272.genblk1.genblk1.genblk1.genblk1.genblk1.genblk1.genblk1.genblk1.genblk1.genblk1.lut0.genblk1.genblk1.genblk1.genblk1.genblk1.genblk1.genblk1.genblk1.genblk1.lut0 (6 -> 0)
  Optimizing lut $abc$48737$auto$blifparse.cc:557:parse_blif$50144.genblk1.genblk1.genblk1.genblk1.genblk1.genblk1.genblk1.genblk1.genblk1.lut0 (6 -> 3)
  Optimizing lut $abc$48737$auto$blifparse.cc:557:parse_blif$50089.genblk1.genblk1.genblk1.genblk1.genblk1.genblk1.genblk1.genblk1.genblk1.lut1 (6 -> 3)
  Optimizing lut $abc$48737$auto$blifparse.cc:557:parse_blif$50093.genblk1.genblk1.genblk1.genblk1.genblk1.genblk1.genblk1.genblk1.genblk1.lut0 (6 -> 0)
  Optimizing lut $abc$48737$auto$blifparse.cc:557:parse_blif$50144.genblk1.genblk1.genblk1.genblk1.genblk1.genblk1.genblk1.genblk1.genblk1.lut1 (6 -> 3)
  Optimizing lut $abc$48737$auto$blifparse.cc:557:parse_blif$50095.genblk1.genblk1.genblk1.genblk1.genblk1.genblk1.genblk1.genblk1.genblk1.lut0 (6 -> 0)
  Optimizing lut $abc$48737$auto$blifparse.cc:557:parse_blif$50098.genblk1.genblk1.genblk1.genblk1.genblk1.genblk1.genblk1.genblk1.genblk1.genblk1.lut0.genblk1.genblk1.genblk1.genblk1.genblk1.genblk1.genblk1.genblk1.genblk1.lut1 (6 -> 0)
  Optimizing lut $abc$48737$auto$blifparse.cc:557:parse_blif$50103.genblk1.genblk1.genblk1.genblk1.genblk1.genblk1.genblk1.genblk1.genblk1.genblk1.lut1.genblk1.genblk1.genblk1.genblk1.genblk1.genblk1.genblk1.genblk1.genblk1.lut1 (6 -> 0)
  Optimizing lut $abc$48737$auto$blifparse.cc:557:parse_blif$50103.genblk1.genblk1.genblk1.genblk1.genblk1.genblk1.genblk1.genblk1.genblk1.genblk1.lut0.genblk1.genblk1.genblk1.genblk1.genblk1.genblk1.genblk1.genblk1.genblk1.lut1 (6 -> 0)
  Optimizing lut $abc$48737$auto$blifparse.cc:557:parse_blif$50103.genblk1.genblk1.genblk1.genblk1.genblk1.genblk1.genblk1.genblk1.genblk1.genblk1.lut0.genblk1.genblk1.genblk1.genblk1.genblk1.genblk1.genblk1.genblk1.genblk1.lut0 (6 -> 0)
  Optimizing lut $abc$48737$auto$blifparse.cc:557:parse_blif$50114.genblk1.genblk1.genblk1.genblk1.genblk1.genblk1.genblk1.genblk1.genblk1.lut0 (6 -> 0)
  Optimizing lut $abc$48737$auto$blifparse.cc:557:parse_blif$50074.genblk1.genblk1.genblk1.genblk1.genblk1.genblk1.genblk1.genblk1.genblk1.genblk1.lut0.genblk1.genblk1.genblk1.genblk1.genblk1.genblk1.genblk1.genblk1.genblk1.lut0 (6 -> 0)
  Optimizing lut $abc$48737$auto$blifparse.cc:557:parse_blif$50025.genblk1.genblk1.genblk1.genblk1.genblk1.genblk1.genblk1.genblk1.genblk1.genblk1.lut1.genblk1.genblk1.genblk1.genblk1.genblk1.genblk1.genblk1.genblk1.genblk1.lut1 (6 -> 0)
  Optimizing lut $abc$48737$auto$blifparse.cc:557:parse_blif$50026.genblk1.genblk1.genblk1.genblk1.genblk1.genblk1.genblk1.genblk1.genblk1.genblk1.lut0.genblk1.genblk1.genblk1.genblk1.genblk1.genblk1.genblk1.genblk1.genblk1.lut0 (6 -> 0)
  Optimizing lut $abc$48737$auto$blifparse.cc:557:parse_blif$50037.genblk1.genblk1.genblk1.genblk1.genblk1.genblk1.genblk1.genblk1.genblk1.lut0 (6 -> 0)
  Optimizing lut $abc$48737$auto$blifparse.cc:557:parse_blif$50051.genblk1.genblk1.genblk1.genblk1.genblk1.genblk1.genblk1.genblk1.genblk1.genblk1.lut1.genblk1.genblk1.genblk1.genblk1.genblk1.genblk1.genblk1.genblk1.genblk1.lut1 (6 -> 0)
  Optimizing lut $abc$48737$auto$blifparse.cc:557:parse_blif$50048.genblk1.genblk1.genblk1.genblk1.genblk1.genblk1.genblk1.genblk1.genblk1.genblk1.lut1.genblk1.genblk1.genblk1.genblk1.genblk1.genblk1.genblk1.genblk1.genblk1.lut1 (6 -> 0)
  Optimizing lut $abc$48737$auto$blifparse.cc:557:parse_blif$50049.genblk1.genblk1.genblk1.genblk1.genblk1.genblk1.genblk1.genblk1.genblk1.genblk1.lut0.genblk1.genblk1.genblk1.genblk1.genblk1.genblk1.genblk1.genblk1.genblk1.lut0 (6 -> 0)
  Optimizing lut $abc$48737$auto$blifparse.cc:557:parse_blif$50063.genblk1.genblk1.genblk1.genblk1.genblk1.genblk1.genblk1.genblk1.genblk1.lut0 (6 -> 0)
  Optimizing lut $abc$48737$auto$blifparse.cc:557:parse_blif$50079.genblk1.genblk1.genblk1.genblk1.genblk1.genblk1.genblk1.genblk1.genblk1.genblk1.lut1.genblk1.genblk1.genblk1.genblk1.genblk1.genblk1.genblk1.genblk1.genblk1.lut1 (6 -> 0)
  Optimizing lut $abc$48737$auto$blifparse.cc:557:parse_blif$50076.genblk1.genblk1.genblk1.genblk1.genblk1.genblk1.genblk1.genblk1.genblk1.genblk1.lut1.genblk1.genblk1.genblk1.genblk1.genblk1.genblk1.genblk1.genblk1.genblk1.lut1 (6 -> 0)
  Optimizing lut $abc$48737$auto$blifparse.cc:557:parse_blif$50073.genblk1.genblk1.genblk1.genblk1.genblk1.genblk1.genblk1.genblk1.genblk1.genblk1.lut1.genblk1.genblk1.genblk1.genblk1.genblk1.genblk1.genblk1.genblk1.genblk1.lut1 (6 -> 0)
  Optimizing lut $abc$48737$auto$blifparse.cc:557:parse_blif$50105.genblk1.genblk1.genblk1.genblk1.genblk1.genblk1.genblk1.genblk1.genblk1.lut0 (6 -> 0)
  Optimizing lut $abc$48737$auto$blifparse.cc:557:parse_blif$50098.genblk1.genblk1.genblk1.genblk1.genblk1.genblk1.genblk1.genblk1.genblk1.genblk1.lut1.genblk1.genblk1.genblk1.genblk1.genblk1.genblk1.genblk1.genblk1.genblk1.lut1 (6 -> 0)
  Optimizing lut $abc$48737$auto$blifparse.cc:557:parse_blif$50121.genblk1.genblk1.genblk1.genblk1.genblk1.genblk1.genblk1.genblk1.genblk1.lut0 (6 -> 0)
  Optimizing lut $abc$48737$auto$blifparse.cc:557:parse_blif$50041.genblk1.genblk1.genblk1.genblk1.genblk1.genblk1.genblk1.genblk1.genblk1.lut0 (6 -> 3)
  Optimizing lut $abc$48737$auto$blifparse.cc:557:parse_blif$50089.genblk1.genblk1.genblk1.genblk1.genblk1.genblk1.genblk1.genblk1.genblk1.lut0 (6 -> 3)
  Optimizing lut $abc$48737$auto$blifparse.cc:557:parse_blif$50597.genblk1.genblk1.genblk1.genblk1.genblk1.genblk1.genblk1.genblk1.genblk1.lut0 (6 -> 0)
  Optimizing lut $abc$48737$auto$blifparse.cc:557:parse_blif$51184.genblk1.genblk1.genblk1.genblk1.genblk1.genblk1.genblk1.genblk1.genblk1.lut0 (6 -> 0)
  Optimizing lut $abc$48737$auto$blifparse.cc:557:parse_blif$55441.genblk1.genblk1.genblk1.genblk1.genblk1.genblk1.genblk1.genblk1.genblk1.lut0 (6 -> 0)
  Optimizing lut $abc$48737$auto$blifparse.cc:557:parse_blif$50271.genblk1.genblk1.genblk1.genblk1.genblk1.genblk1.genblk1.genblk1.genblk1.genblk1.lut0.genblk1.genblk1.genblk1.genblk1.genblk1.genblk1.genblk1.genblk1.genblk1.lut1 (6 -> 0)
  Optimizing lut $abc$48737$auto$blifparse.cc:557:parse_blif$50272.genblk1.genblk1.genblk1.genblk1.genblk1.genblk1.genblk1.genblk1.genblk1.genblk1.lut0.genblk1.genblk1.genblk1.genblk1.genblk1.genblk1.genblk1.genblk1.genblk1.lut1 (6 -> 0)
  Optimizing lut $abc$48737$auto$blifparse.cc:557:parse_blif$50418.genblk1.genblk1.genblk1.genblk1.genblk1.genblk1.genblk1.genblk1.genblk1.genblk1.lut0.genblk1.genblk1.genblk1.genblk1.genblk1.genblk1.genblk1.genblk1.genblk1.lut0 (6 -> 0)
  Optimizing lut $abc$48737$auto$blifparse.cc:557:parse_blif$50292.genblk1.genblk1.genblk1.genblk1.genblk1.genblk1.genblk1.genblk1.genblk1.genblk1.lut1.genblk1.genblk1.genblk1.genblk1.genblk1.genblk1.genblk1.genblk1.genblk1.lut1 (6 -> 0)
  Optimizing lut $abc$48737$auto$blifparse.cc:557:parse_blif$50292.genblk1.genblk1.genblk1.genblk1.genblk1.genblk1.genblk1.genblk1.genblk1.genblk1.lut0.genblk1.genblk1.genblk1.genblk1.genblk1.genblk1.genblk1.genblk1.genblk1.lut1 (6 -> 0)
  Optimizing lut $abc$48737$auto$blifparse.cc:557:parse_blif$51126.genblk1.genblk1.genblk1.genblk1.genblk1.genblk1.genblk1.genblk1.genblk1.lut1 (6 -> 3)
  Optimizing lut $abc$48737$auto$blifparse.cc:557:parse_blif$50296.genblk1.genblk1.genblk1.genblk1.genblk1.genblk1.genblk1.genblk1.genblk1.lut0 (6 -> 0)
  Optimizing lut $abc$48737$auto$blifparse.cc:557:parse_blif$50473.genblk1.genblk1.genblk1.genblk1.genblk1.genblk1.genblk1.genblk1.genblk1.genblk1.lut0.genblk1.genblk1.genblk1.genblk1.genblk1.genblk1.genblk1.genblk1.genblk1.lut0 (6 -> 0)
  Optimizing lut $abc$48737$auto$blifparse.cc:557:parse_blif$50302.genblk1.genblk1.genblk1.genblk1.genblk1.genblk1.genblk1.genblk1.genblk1.genblk1.lut0.genblk1.genblk1.genblk1.genblk1.genblk1.genblk1.genblk1.genblk1.genblk1.lut1 (6 -> 0)
  Optimizing lut $abc$48737$auto$blifparse.cc:557:parse_blif$50303.genblk1.genblk1.genblk1.genblk1.genblk1.genblk1.genblk1.genblk1.genblk1.genblk1.lut0.genblk1.genblk1.genblk1.genblk1.genblk1.genblk1.genblk1.genblk1.genblk1.lut1 (6 -> 0)
  Optimizing lut $abc$48737$auto$blifparse.cc:557:parse_blif$50323.genblk1.genblk1.genblk1.genblk1.genblk1.genblk1.genblk1.genblk1.genblk1.genblk1.lut1.genblk1.genblk1.genblk1.genblk1.genblk1.genblk1.genblk1.genblk1.genblk1.lut1 (6 -> 0)
  Optimizing lut $abc$48737$auto$blifparse.cc:557:parse_blif$50323.genblk1.genblk1.genblk1.genblk1.genblk1.genblk1.genblk1.genblk1.genblk1.genblk1.lut0.genblk1.genblk1.genblk1.genblk1.genblk1.genblk1.genblk1.genblk1.genblk1.lut1 (6 -> 0)
  Optimizing lut $abc$48737$auto$blifparse.cc:557:parse_blif$50331.genblk1.genblk1.genblk1.genblk1.genblk1.genblk1.genblk1.genblk1.genblk1.genblk1.lut1.genblk1.genblk1.genblk1.genblk1.genblk1.genblk1.genblk1.genblk1.genblk1.lut1 (6 -> 0)
  Optimizing lut $abc$48737$auto$blifparse.cc:557:parse_blif$50331.genblk1.genblk1.genblk1.genblk1.genblk1.genblk1.genblk1.genblk1.genblk1.genblk1.lut0.genblk1.genblk1.genblk1.genblk1.genblk1.genblk1.genblk1.genblk1.genblk1.lut1 (6 -> 0)
  Optimizing lut $abc$48737$auto$blifparse.cc:557:parse_blif$50530.genblk1.genblk1.genblk1.genblk1.genblk1.genblk1.genblk1.genblk1.genblk1.genblk1.lut0.genblk1.genblk1.genblk1.genblk1.genblk1.genblk1.genblk1.genblk1.genblk1.lut0 (6 -> 0)
  Optimizing lut $abc$48737$auto$blifparse.cc:557:parse_blif$50364.genblk1.genblk1.genblk1.genblk1.genblk1.genblk1.genblk1.genblk1.genblk1.genblk1.lut0.genblk1.genblk1.genblk1.genblk1.genblk1.genblk1.genblk1.genblk1.genblk1.lut1 (6 -> 0)
  Optimizing lut $abc$48737$auto$blifparse.cc:557:parse_blif$50365.genblk1.genblk1.genblk1.genblk1.genblk1.genblk1.genblk1.genblk1.genblk1.genblk1.lut0.genblk1.genblk1.genblk1.genblk1.genblk1.genblk1.genblk1.genblk1.genblk1.lut1 (6 -> 0)
  Optimizing lut $abc$48737$auto$blifparse.cc:557:parse_blif$51182.genblk1.genblk1.genblk1.genblk1.genblk1.genblk1.genblk1.genblk1.genblk1.lut0 (6 -> 0)
  Optimizing lut $abc$48737$auto$blifparse.cc:557:parse_blif$50696.genblk1.genblk1.genblk1.genblk1.genblk1.genblk1.genblk1.genblk1.genblk1.lut0 (6 -> 0)
  Optimizing lut $abc$48737$auto$blifparse.cc:557:parse_blif$50376.genblk1.genblk1.genblk1.genblk1.genblk1.genblk1.genblk1.genblk1.genblk1.genblk1.lut1.genblk1.genblk1.genblk1.genblk1.genblk1.genblk1.genblk1.genblk1.genblk1.lut1 (6 -> 0)
  Optimizing lut $abc$48737$auto$blifparse.cc:557:parse_blif$50376.genblk1.genblk1.genblk1.genblk1.genblk1.genblk1.genblk1.genblk1.genblk1.genblk1.lut0.genblk1.genblk1.genblk1.genblk1.genblk1.genblk1.genblk1.genblk1.genblk1.lut1 (6 -> 0)
  Optimizing lut $abc$48737$auto$blifparse.cc:557:parse_blif$50383.genblk1.genblk1.genblk1.genblk1.genblk1.genblk1.genblk1.genblk1.genblk1.genblk1.lut1.genblk1.genblk1.genblk1.genblk1.genblk1.genblk1.genblk1.genblk1.genblk1.lut1 (6 -> 0)
  Optimizing lut $abc$48737$auto$blifparse.cc:557:parse_blif$50383.genblk1.genblk1.genblk1.genblk1.genblk1.genblk1.genblk1.genblk1.genblk1.genblk1.lut0.genblk1.genblk1.genblk1.genblk1.genblk1.genblk1.genblk1.genblk1.genblk1.lut1 (6 -> 0)
  Optimizing lut $abc$48737$auto$blifparse.cc:557:parse_blif$50385.genblk1.genblk1.genblk1.genblk1.genblk1.genblk1.genblk1.genblk1.genblk1.genblk1.lut0.genblk1.genblk1.genblk1.genblk1.genblk1.genblk1.genblk1.genblk1.genblk1.lut1 (6 -> 0)
  Optimizing lut $abc$48737$auto$blifparse.cc:557:parse_blif$50386.genblk1.genblk1.genblk1.genblk1.genblk1.genblk1.genblk1.genblk1.genblk1.genblk1.lut0.genblk1.genblk1.genblk1.genblk1.genblk1.genblk1.genblk1.genblk1.genblk1.lut1 (6 -> 0)
  Optimizing lut $abc$48737$auto$blifparse.cc:557:parse_blif$50390.genblk1.genblk1.genblk1.genblk1.genblk1.genblk1.genblk1.genblk1.genblk1.genblk1.lut1.genblk1.genblk1.genblk1.genblk1.genblk1.genblk1.genblk1.genblk1.genblk1.lut1 (6 -> 0)
  Optimizing lut $abc$48737$auto$blifparse.cc:557:parse_blif$50390.genblk1.genblk1.genblk1.genblk1.genblk1.genblk1.genblk1.genblk1.genblk1.genblk1.lut0.genblk1.genblk1.genblk1.genblk1.genblk1.genblk1.genblk1.genblk1.genblk1.lut1 (6 -> 0)
  Optimizing lut $abc$48737$auto$blifparse.cc:557:parse_blif$50393.genblk1.genblk1.genblk1.genblk1.genblk1.genblk1.genblk1.genblk1.genblk1.genblk1.lut1.genblk1.genblk1.genblk1.genblk1.genblk1.genblk1.genblk1.genblk1.genblk1.lut1 (6 -> 0)
  Optimizing lut $abc$48737$auto$blifparse.cc:557:parse_blif$50393.genblk1.genblk1.genblk1.genblk1.genblk1.genblk1.genblk1.genblk1.genblk1.genblk1.lut0.genblk1.genblk1.genblk1.genblk1.genblk1.genblk1.genblk1.genblk1.genblk1.lut1 (6 -> 0)
  Optimizing lut $abc$48737$auto$blifparse.cc:557:parse_blif$50386.genblk1.genblk1.genblk1.genblk1.genblk1.genblk1.genblk1.genblk1.genblk1.genblk1.lut0.genblk1.genblk1.genblk1.genblk1.genblk1.genblk1.genblk1.genblk1.genblk1.lut0 (6 -> 0)
  Optimizing lut $abc$48737$auto$blifparse.cc:557:parse_blif$50698.genblk1.genblk1.genblk1.genblk1.genblk1.genblk1.genblk1.genblk1.genblk1.lut0 (6 -> 0)
  Optimizing lut $abc$48737$auto$blifparse.cc:557:parse_blif$50400.genblk1.genblk1.genblk1.genblk1.genblk1.genblk1.genblk1.genblk1.genblk1.genblk1.lut0.genblk1.genblk1.genblk1.genblk1.genblk1.genblk1.genblk1.genblk1.genblk1.lut1 (6 -> 0)
  Optimizing lut $abc$48737$auto$blifparse.cc:557:parse_blif$50403.genblk1.genblk1.genblk1.genblk1.genblk1.genblk1.genblk1.genblk1.genblk1.genblk1.lut1.genblk1.genblk1.genblk1.genblk1.genblk1.genblk1.genblk1.genblk1.genblk1.lut1 (6 -> 0)
  Optimizing lut $abc$48737$auto$blifparse.cc:557:parse_blif$50403.genblk1.genblk1.genblk1.genblk1.genblk1.genblk1.genblk1.genblk1.genblk1.genblk1.lut0.genblk1.genblk1.genblk1.genblk1.genblk1.genblk1.genblk1.genblk1.genblk1.lut1 (6 -> 0)
  Optimizing lut $abc$48737$auto$blifparse.cc:557:parse_blif$50411.genblk1.genblk1.genblk1.genblk1.genblk1.genblk1.genblk1.genblk1.genblk1.genblk1.lut1.genblk1.genblk1.genblk1.genblk1.genblk1.genblk1.genblk1.genblk1.genblk1.lut1 (6 -> 0)
  Optimizing lut $abc$48737$auto$blifparse.cc:557:parse_blif$50411.genblk1.genblk1.genblk1.genblk1.genblk1.genblk1.genblk1.genblk1.genblk1.genblk1.lut0.genblk1.genblk1.genblk1.genblk1.genblk1.genblk1.genblk1.genblk1.genblk1.lut1 (6 -> 0)
  Optimizing lut $abc$48737$auto$blifparse.cc:557:parse_blif$50413.genblk1.genblk1.genblk1.genblk1.genblk1.genblk1.genblk1.genblk1.genblk1.genblk1.lut0.genblk1.genblk1.genblk1.genblk1.genblk1.genblk1.genblk1.genblk1.genblk1.lut1 (6 -> 0)
  Optimizing lut $abc$48737$auto$blifparse.cc:557:parse_blif$50414.genblk1.genblk1.genblk1.genblk1.genblk1.genblk1.genblk1.genblk1.genblk1.genblk1.lut0.genblk1.genblk1.genblk1.genblk1.genblk1.genblk1.genblk1.genblk1.genblk1.lut1 (6 -> 0)
  Optimizing lut $abc$48737$auto$blifparse.cc:557:parse_blif$50417.genblk1.genblk1.genblk1.genblk1.genblk1.genblk1.genblk1.genblk1.genblk1.genblk1.lut1.genblk1.genblk1.genblk1.genblk1.genblk1.genblk1.genblk1.genblk1.genblk1.lut1 (6 -> 0)
  Optimizing lut $abc$48737$auto$blifparse.cc:557:parse_blif$50417.genblk1.genblk1.genblk1.genblk1.genblk1.genblk1.genblk1.genblk1.genblk1.genblk1.lut0.genblk1.genblk1.genblk1.genblk1.genblk1.genblk1.genblk1.genblk1.genblk1.lut1 (6 -> 0)
  Optimizing lut $abc$48737$auto$blifparse.cc:557:parse_blif$50418.genblk1.genblk1.genblk1.genblk1.genblk1.genblk1.genblk1.genblk1.genblk1.genblk1.lut0.genblk1.genblk1.genblk1.genblk1.genblk1.genblk1.genblk1.genblk1.genblk1.lut1 (6 -> 0)
  Optimizing lut $abc$48737$auto$blifparse.cc:557:parse_blif$50422.genblk1.genblk1.genblk1.genblk1.genblk1.genblk1.genblk1.genblk1.genblk1.genblk1.lut1.genblk1.genblk1.genblk1.genblk1.genblk1.genblk1.genblk1.genblk1.genblk1.lut1 (6 -> 0)
  Optimizing lut $abc$48737$auto$blifparse.cc:557:parse_blif$50422.genblk1.genblk1.genblk1.genblk1.genblk1.genblk1.genblk1.genblk1.genblk1.genblk1.lut0.genblk1.genblk1.genblk1.genblk1.genblk1.genblk1.genblk1.genblk1.genblk1.lut1 (6 -> 0)
  Optimizing lut $abc$48737$auto$blifparse.cc:557:parse_blif$50425.genblk1.genblk1.genblk1.genblk1.genblk1.genblk1.genblk1.genblk1.genblk1.lut0 (6 -> 0)
  Optimizing lut $abc$48737$auto$blifparse.cc:557:parse_blif$50699.genblk1.genblk1.genblk1.genblk1.genblk1.genblk1.genblk1.genblk1.genblk1.lut1 (6 -> 4)
  Optimizing lut $abc$48737$auto$blifparse.cc:557:parse_blif$50303.genblk1.genblk1.genblk1.genblk1.genblk1.genblk1.genblk1.genblk1.genblk1.genblk1.lut0.genblk1.genblk1.genblk1.genblk1.genblk1.genblk1.genblk1.genblk1.genblk1.lut0 (6 -> 0)
  Optimizing lut $abc$48737$auto$blifparse.cc:557:parse_blif$50451.genblk1.genblk1.genblk1.genblk1.genblk1.genblk1.genblk1.genblk1.genblk1.genblk1.lut1.genblk1.genblk1.genblk1.genblk1.genblk1.genblk1.genblk1.genblk1.genblk1.lut1 (6 -> 0)
  Optimizing lut $abc$48737$auto$blifparse.cc:557:parse_blif$50451.genblk1.genblk1.genblk1.genblk1.genblk1.genblk1.genblk1.genblk1.genblk1.genblk1.lut0.genblk1.genblk1.genblk1.genblk1.genblk1.genblk1.genblk1.genblk1.genblk1.lut1 (6 -> 0)
  Optimizing lut $abc$48737$auto$blifparse.cc:557:parse_blif$50565.genblk1.genblk1.genblk1.genblk1.genblk1.genblk1.genblk1.genblk1.genblk1.genblk1.lut0.genblk1.genblk1.genblk1.genblk1.genblk1.genblk1.genblk1.genblk1.genblk1.lut0 (6 -> 0)
  Optimizing lut $abc$48737$auto$blifparse.cc:557:parse_blif$50458.genblk1.genblk1.genblk1.genblk1.genblk1.genblk1.genblk1.genblk1.genblk1.genblk1.lut1.genblk1.genblk1.genblk1.genblk1.genblk1.genblk1.genblk1.genblk1.genblk1.lut1 (6 -> 0)
  Optimizing lut $abc$48737$auto$blifparse.cc:557:parse_blif$50458.genblk1.genblk1.genblk1.genblk1.genblk1.genblk1.genblk1.genblk1.genblk1.genblk1.lut0.genblk1.genblk1.genblk1.genblk1.genblk1.genblk1.genblk1.genblk1.genblk1.lut1 (6 -> 0)
  Optimizing lut $abc$48737$auto$blifparse.cc:557:parse_blif$50699.genblk1.genblk1.genblk1.genblk1.genblk1.genblk1.genblk1.genblk1.genblk1.lut0 (6 -> 3)
  Optimizing lut $abc$48737$auto$blifparse.cc:557:parse_blif$50470.genblk1.genblk1.genblk1.genblk1.genblk1.genblk1.genblk1.genblk1.genblk1.genblk1.lut1.genblk1.genblk1.genblk1.genblk1.genblk1.genblk1.genblk1.genblk1.genblk1.lut1 (6 -> 0)
  Optimizing lut $abc$48737$auto$blifparse.cc:557:parse_blif$50470.genblk1.genblk1.genblk1.genblk1.genblk1.genblk1.genblk1.genblk1.genblk1.genblk1.lut0.genblk1.genblk1.genblk1.genblk1.genblk1.genblk1.genblk1.genblk1.genblk1.lut1 (6 -> 0)
  Optimizing lut $abc$48737$auto$blifparse.cc:557:parse_blif$50473.genblk1.genblk1.genblk1.genblk1.genblk1.genblk1.genblk1.genblk1.genblk1.genblk1.lut1.genblk1.genblk1.genblk1.genblk1.genblk1.genblk1.genblk1.genblk1.genblk1.lut1 (6 -> 0)
  Optimizing lut $abc$48737$auto$blifparse.cc:557:parse_blif$50473.genblk1.genblk1.genblk1.genblk1.genblk1.genblk1.genblk1.genblk1.genblk1.genblk1.lut0.genblk1.genblk1.genblk1.genblk1.genblk1.genblk1.genblk1.genblk1.genblk1.lut1 (6 -> 0)
  Optimizing lut $abc$48737$auto$blifparse.cc:557:parse_blif$50476.genblk1.genblk1.genblk1.genblk1.genblk1.genblk1.genblk1.genblk1.genblk1.genblk1.lut1.genblk1.genblk1.genblk1.genblk1.genblk1.genblk1.genblk1.genblk1.genblk1.lut1 (6 -> 0)
  Optimizing lut $abc$48737$auto$blifparse.cc:557:parse_blif$50476.genblk1.genblk1.genblk1.genblk1.genblk1.genblk1.genblk1.genblk1.genblk1.genblk1.lut0.genblk1.genblk1.genblk1.genblk1.genblk1.genblk1.genblk1.genblk1.genblk1.lut1 (6 -> 0)
  Optimizing lut $abc$48737$auto$blifparse.cc:557:parse_blif$51088.genblk1.genblk1.genblk1.genblk1.genblk1.genblk1.genblk1.genblk1.genblk1.genblk1.lut1.genblk1.genblk1.genblk1.genblk1.genblk1.genblk1.genblk1.genblk1.genblk1.lut1 (6 -> 0)
  Optimizing lut $abc$48737$auto$blifparse.cc:557:parse_blif$50695.genblk1.genblk1.genblk1.genblk1.genblk1.genblk1.genblk1.genblk1.genblk1.lut0 (6 -> 0)
  Optimizing lut $abc$48737$auto$blifparse.cc:557:parse_blif$50493.genblk1.genblk1.genblk1.genblk1.genblk1.genblk1.genblk1.genblk1.genblk1.genblk1.lut1.genblk1.genblk1.genblk1.genblk1.genblk1.genblk1.genblk1.genblk1.genblk1.lut1 (6 -> 0)
  Optimizing lut $abc$48737$auto$blifparse.cc:557:parse_blif$50493.genblk1.genblk1.genblk1.genblk1.genblk1.genblk1.genblk1.genblk1.genblk1.genblk1.lut0.genblk1.genblk1.genblk1.genblk1.genblk1.genblk1.genblk1.genblk1.genblk1.lut1 (6 -> 0)
  Optimizing lut $abc$48737$auto$blifparse.cc:557:parse_blif$50495.genblk1.genblk1.genblk1.genblk1.genblk1.genblk1.genblk1.genblk1.genblk1.genblk1.lut0.genblk1.genblk1.genblk1.genblk1.genblk1.genblk1.genblk1.genblk1.genblk1.lut1 (6 -> 0)
  Optimizing lut $abc$48737$auto$blifparse.cc:557:parse_blif$50496.genblk1.genblk1.genblk1.genblk1.genblk1.genblk1.genblk1.genblk1.genblk1.genblk1.lut0.genblk1.genblk1.genblk1.genblk1.genblk1.genblk1.genblk1.genblk1.genblk1.lut1 (6 -> 0)
  Optimizing lut $abc$48737$auto$blifparse.cc:557:parse_blif$50499.genblk1.genblk1.genblk1.genblk1.genblk1.genblk1.genblk1.genblk1.genblk1.genblk1.lut1.genblk1.genblk1.genblk1.genblk1.genblk1.genblk1.genblk1.genblk1.genblk1.lut1 (6 -> 0)
  Optimizing lut $abc$48737$auto$blifparse.cc:557:parse_blif$50499.genblk1.genblk1.genblk1.genblk1.genblk1.genblk1.genblk1.genblk1.genblk1.genblk1.lut0.genblk1.genblk1.genblk1.genblk1.genblk1.genblk1.genblk1.genblk1.genblk1.lut1 (6 -> 0)
  Optimizing lut $abc$48737$auto$blifparse.cc:557:parse_blif$50502.genblk1.genblk1.genblk1.genblk1.genblk1.genblk1.genblk1.genblk1.genblk1.genblk1.lut1.genblk1.genblk1.genblk1.genblk1.genblk1.genblk1.genblk1.genblk1.genblk1.lut1 (6 -> 0)
  Optimizing lut $abc$48737$auto$blifparse.cc:557:parse_blif$50502.genblk1.genblk1.genblk1.genblk1.genblk1.genblk1.genblk1.genblk1.genblk1.genblk1.lut0.genblk1.genblk1.genblk1.genblk1.genblk1.genblk1.genblk1.genblk1.genblk1.lut1 (6 -> 0)
  Optimizing lut $abc$48737$auto$blifparse.cc:557:parse_blif$50505.genblk1.genblk1.genblk1.genblk1.genblk1.genblk1.genblk1.genblk1.genblk1.genblk1.lut1.genblk1.genblk1.genblk1.genblk1.genblk1.genblk1.genblk1.genblk1.genblk1.lut1 (6 -> 0)
  Optimizing lut $abc$48737$auto$blifparse.cc:557:parse_blif$50505.genblk1.genblk1.genblk1.genblk1.genblk1.genblk1.genblk1.genblk1.genblk1.genblk1.lut0.genblk1.genblk1.genblk1.genblk1.genblk1.genblk1.genblk1.genblk1.genblk1.lut1 (6 -> 0)
  Optimizing lut $abc$48737$auto$blifparse.cc:557:parse_blif$50623.genblk1.genblk1.genblk1.genblk1.genblk1.genblk1.genblk1.genblk1.genblk1.lut0 (6 -> 3)
  Optimizing lut $abc$48737$auto$blifparse.cc:557:parse_blif$51081.genblk1.genblk1.genblk1.genblk1.genblk1.genblk1.genblk1.genblk1.genblk1.genblk1.lut1.genblk1.genblk1.genblk1.genblk1.genblk1.genblk1.genblk1.genblk1.genblk1.lut1 (6 -> 0)
  Optimizing lut $abc$48737$auto$blifparse.cc:557:parse_blif$50520.genblk1.genblk1.genblk1.genblk1.genblk1.genblk1.genblk1.genblk1.genblk1.genblk1.lut0.genblk1.genblk1.genblk1.genblk1.genblk1.genblk1.genblk1.genblk1.genblk1.lut1 (6 -> 0)
  Optimizing lut $abc$48737$auto$blifparse.cc:557:parse_blif$50521.genblk1.genblk1.genblk1.genblk1.genblk1.genblk1.genblk1.genblk1.genblk1.genblk1.lut0.genblk1.genblk1.genblk1.genblk1.genblk1.genblk1.genblk1.genblk1.genblk1.lut1 (6 -> 0)
  Optimizing lut $abc$48737$auto$blifparse.cc:557:parse_blif$50524.genblk1.genblk1.genblk1.genblk1.genblk1.genblk1.genblk1.genblk1.genblk1.genblk1.lut1.genblk1.genblk1.genblk1.genblk1.genblk1.genblk1.genblk1.genblk1.genblk1.lut1 (6 -> 0)
  Optimizing lut $abc$48737$auto$blifparse.cc:557:parse_blif$50524.genblk1.genblk1.genblk1.genblk1.genblk1.genblk1.genblk1.genblk1.genblk1.genblk1.lut0.genblk1.genblk1.genblk1.genblk1.genblk1.genblk1.genblk1.genblk1.genblk1.lut1 (6 -> 0)
  Optimizing lut $abc$48737$auto$blifparse.cc:557:parse_blif$50527.genblk1.genblk1.genblk1.genblk1.genblk1.genblk1.genblk1.genblk1.genblk1.genblk1.lut1.genblk1.genblk1.genblk1.genblk1.genblk1.genblk1.genblk1.genblk1.genblk1.lut1 (6 -> 0)
  Optimizing lut $abc$48737$auto$blifparse.cc:557:parse_blif$50527.genblk1.genblk1.genblk1.genblk1.genblk1.genblk1.genblk1.genblk1.genblk1.genblk1.lut0.genblk1.genblk1.genblk1.genblk1.genblk1.genblk1.genblk1.genblk1.genblk1.lut1 (6 -> 0)
  Optimizing lut $abc$48737$auto$blifparse.cc:557:parse_blif$50530.genblk1.genblk1.genblk1.genblk1.genblk1.genblk1.genblk1.genblk1.genblk1.genblk1.lut1.genblk1.genblk1.genblk1.genblk1.genblk1.genblk1.genblk1.genblk1.genblk1.lut1 (6 -> 0)
  Optimizing lut $abc$48737$auto$blifparse.cc:557:parse_blif$50530.genblk1.genblk1.genblk1.genblk1.genblk1.genblk1.genblk1.genblk1.genblk1.genblk1.lut0.genblk1.genblk1.genblk1.genblk1.genblk1.genblk1.genblk1.genblk1.genblk1.lut1 (6 -> 0)
  Optimizing lut $abc$48737$auto$blifparse.cc:557:parse_blif$50533.genblk1.genblk1.genblk1.genblk1.genblk1.genblk1.genblk1.genblk1.genblk1.genblk1.lut1.genblk1.genblk1.genblk1.genblk1.genblk1.genblk1.genblk1.genblk1.genblk1.lut1 (6 -> 0)
  Optimizing lut $abc$48737$auto$blifparse.cc:557:parse_blif$50533.genblk1.genblk1.genblk1.genblk1.genblk1.genblk1.genblk1.genblk1.genblk1.genblk1.lut0.genblk1.genblk1.genblk1.genblk1.genblk1.genblk1.genblk1.genblk1.genblk1.lut1 (6 -> 0)
  Optimizing lut $abc$48737$auto$blifparse.cc:557:parse_blif$50535.genblk1.genblk1.genblk1.genblk1.genblk1.genblk1.genblk1.genblk1.genblk1.genblk1.lut0.genblk1.genblk1.genblk1.genblk1.genblk1.genblk1.genblk1.genblk1.genblk1.lut1 (6 -> 0)
  Optimizing lut $abc$48737$auto$blifparse.cc:557:parse_blif$50536.genblk1.genblk1.genblk1.genblk1.genblk1.genblk1.genblk1.genblk1.genblk1.genblk1.lut0.genblk1.genblk1.genblk1.genblk1.genblk1.genblk1.genblk1.genblk1.genblk1.lut1 (6 -> 0)
  Optimizing lut $abc$48737$auto$blifparse.cc:557:parse_blif$50539.genblk1.genblk1.genblk1.genblk1.genblk1.genblk1.genblk1.genblk1.genblk1.genblk1.lut1.genblk1.genblk1.genblk1.genblk1.genblk1.genblk1.genblk1.genblk1.genblk1.lut1 (6 -> 0)
  Optimizing lut $abc$48737$auto$blifparse.cc:557:parse_blif$50539.genblk1.genblk1.genblk1.genblk1.genblk1.genblk1.genblk1.genblk1.genblk1.genblk1.lut0.genblk1.genblk1.genblk1.genblk1.genblk1.genblk1.genblk1.genblk1.genblk1.lut1 (6 -> 0)
  Optimizing lut $abc$48737$auto$blifparse.cc:557:parse_blif$50546.genblk1.genblk1.genblk1.genblk1.genblk1.genblk1.genblk1.genblk1.genblk1.genblk1.lut0.genblk1.genblk1.genblk1.genblk1.genblk1.genblk1.genblk1.genblk1.genblk1.lut1 (6 -> 0)
  Optimizing lut $abc$48737$auto$blifparse.cc:557:parse_blif$50547.genblk1.genblk1.genblk1.genblk1.genblk1.genblk1.genblk1.genblk1.genblk1.genblk1.lut0.genblk1.genblk1.genblk1.genblk1.genblk1.genblk1.genblk1.genblk1.genblk1.lut1 (6 -> 0)
  Optimizing lut $abc$48737$auto$blifparse.cc:557:parse_blif$50559.genblk1.genblk1.genblk1.genblk1.genblk1.genblk1.genblk1.genblk1.genblk1.genblk1.lut0.genblk1.genblk1.genblk1.genblk1.genblk1.genblk1.genblk1.genblk1.genblk1.lut0 (6 -> 0)
  Optimizing lut $abc$48737$auto$blifparse.cc:557:parse_blif$50559.genblk1.genblk1.genblk1.genblk1.genblk1.genblk1.genblk1.genblk1.genblk1.genblk1.lut1.genblk1.genblk1.genblk1.genblk1.genblk1.genblk1.genblk1.genblk1.genblk1.lut1 (6 -> 0)
  Optimizing lut $abc$48737$auto$blifparse.cc:557:parse_blif$50559.genblk1.genblk1.genblk1.genblk1.genblk1.genblk1.genblk1.genblk1.genblk1.genblk1.lut0.genblk1.genblk1.genblk1.genblk1.genblk1.genblk1.genblk1.genblk1.genblk1.lut1 (6 -> 0)
  Optimizing lut $abc$48737$auto$blifparse.cc:557:parse_blif$50562.genblk1.genblk1.genblk1.genblk1.genblk1.genblk1.genblk1.genblk1.genblk1.genblk1.lut1.genblk1.genblk1.genblk1.genblk1.genblk1.genblk1.genblk1.genblk1.genblk1.lut1 (6 -> 0)
  Optimizing lut $abc$48737$auto$blifparse.cc:557:parse_blif$50562.genblk1.genblk1.genblk1.genblk1.genblk1.genblk1.genblk1.genblk1.genblk1.genblk1.lut0.genblk1.genblk1.genblk1.genblk1.genblk1.genblk1.genblk1.genblk1.genblk1.lut1 (6 -> 0)
  Optimizing lut $abc$48737$auto$blifparse.cc:557:parse_blif$50564.genblk1.genblk1.genblk1.genblk1.genblk1.genblk1.genblk1.genblk1.genblk1.genblk1.lut0.genblk1.genblk1.genblk1.genblk1.genblk1.genblk1.genblk1.genblk1.genblk1.lut1 (6 -> 0)
  Optimizing lut $abc$48737$auto$blifparse.cc:557:parse_blif$50565.genblk1.genblk1.genblk1.genblk1.genblk1.genblk1.genblk1.genblk1.genblk1.genblk1.lut0.genblk1.genblk1.genblk1.genblk1.genblk1.genblk1.genblk1.genblk1.genblk1.lut1 (6 -> 0)
  Optimizing lut $abc$48737$auto$blifparse.cc:557:parse_blif$50568.genblk1.genblk1.genblk1.genblk1.genblk1.genblk1.genblk1.genblk1.genblk1.genblk1.lut1.genblk1.genblk1.genblk1.genblk1.genblk1.genblk1.genblk1.genblk1.genblk1.lut1 (6 -> 0)
  Optimizing lut $abc$48737$auto$blifparse.cc:557:parse_blif$50568.genblk1.genblk1.genblk1.genblk1.genblk1.genblk1.genblk1.genblk1.genblk1.genblk1.lut0.genblk1.genblk1.genblk1.genblk1.genblk1.genblk1.genblk1.genblk1.genblk1.lut1 (6 -> 0)
  Optimizing lut $abc$48737$auto$blifparse.cc:557:parse_blif$50574.genblk1.genblk1.genblk1.genblk1.genblk1.genblk1.genblk1.genblk1.genblk1.genblk1.lut0.genblk1.genblk1.genblk1.genblk1.genblk1.genblk1.genblk1.genblk1.genblk1.lut1 (6 -> 0)
  Optimizing lut $abc$48737$auto$blifparse.cc:557:parse_blif$50575.genblk1.genblk1.genblk1.genblk1.genblk1.genblk1.genblk1.genblk1.genblk1.genblk1.lut0.genblk1.genblk1.genblk1.genblk1.genblk1.genblk1.genblk1.genblk1.genblk1.lut1 (6 -> 0)
  Optimizing lut $abc$48737$auto$blifparse.cc:557:parse_blif$50587.genblk1.genblk1.genblk1.genblk1.genblk1.genblk1.genblk1.genblk1.genblk1.genblk1.lut0.genblk1.genblk1.genblk1.genblk1.genblk1.genblk1.genblk1.genblk1.genblk1.lut0 (6 -> 0)
  Optimizing lut $abc$48737$auto$blifparse.cc:557:parse_blif$50587.genblk1.genblk1.genblk1.genblk1.genblk1.genblk1.genblk1.genblk1.genblk1.genblk1.lut1.genblk1.genblk1.genblk1.genblk1.genblk1.genblk1.genblk1.genblk1.genblk1.lut1 (6 -> 0)
  Optimizing lut $abc$48737$auto$blifparse.cc:557:parse_blif$50587.genblk1.genblk1.genblk1.genblk1.genblk1.genblk1.genblk1.genblk1.genblk1.genblk1.lut0.genblk1.genblk1.genblk1.genblk1.genblk1.genblk1.genblk1.genblk1.genblk1.lut1 (6 -> 0)
  Optimizing lut $abc$48737$auto$blifparse.cc:557:parse_blif$50671.genblk1.genblk1.genblk1.genblk1.genblk1.genblk1.genblk1.genblk1.genblk1.lut0 (6 -> 4)
  Optimizing lut $abc$48737$auto$blifparse.cc:557:parse_blif$50594.genblk1.genblk1.genblk1.genblk1.genblk1.genblk1.genblk1.genblk1.genblk1.lut1 (6 -> 3)
  Optimizing lut $abc$48737$auto$blifparse.cc:557:parse_blif$50694.genblk1.genblk1.genblk1.genblk1.genblk1.genblk1.genblk1.genblk1.genblk1.lut0 (6 -> 4)
  Optimizing lut $abc$48737$auto$blifparse.cc:557:parse_blif$50688.genblk1.genblk1.genblk1.genblk1.genblk1.genblk1.genblk1.genblk1.genblk1.lut0 (6 -> 0)
  Optimizing lut $abc$48737$auto$blifparse.cc:557:parse_blif$50600.genblk1.genblk1.genblk1.genblk1.genblk1.genblk1.genblk1.genblk1.genblk1.lut1 (6 -> 4)
  Optimizing lut $abc$48737$auto$blifparse.cc:557:parse_blif$50690.genblk1.genblk1.genblk1.genblk1.genblk1.genblk1.genblk1.genblk1.genblk1.lut0 (6 -> 0)
  Optimizing lut $abc$48737$auto$blifparse.cc:557:parse_blif$50605.genblk1.genblk1.genblk1.genblk1.genblk1.genblk1.genblk1.genblk1.genblk1.lut1 (6 -> 4)
  Optimizing lut $abc$48737$auto$blifparse.cc:557:parse_blif$51082.genblk1.genblk1.genblk1.genblk1.genblk1.genblk1.genblk1.genblk1.genblk1.lut0 (6 -> 0)
  Optimizing lut $abc$48737$auto$blifparse.cc:557:parse_blif$50675.genblk1.genblk1.genblk1.genblk1.genblk1.genblk1.genblk1.genblk1.genblk1.lut0 (6 -> 4)
  Optimizing lut $abc$48737$auto$blifparse.cc:557:parse_blif$50691.genblk1.genblk1.genblk1.genblk1.genblk1.genblk1.genblk1.genblk1.genblk1.lut0 (6 -> 3)
  Optimizing lut $abc$48737$auto$blifparse.cc:557:parse_blif$50679.genblk1.genblk1.genblk1.genblk1.genblk1.genblk1.genblk1.genblk1.genblk1.lut0 (6 -> 4)
  Optimizing lut $abc$48737$auto$blifparse.cc:557:parse_blif$50403.genblk1.genblk1.genblk1.genblk1.genblk1.genblk1.genblk1.genblk1.genblk1.genblk1.lut0.genblk1.genblk1.genblk1.genblk1.genblk1.genblk1.genblk1.genblk1.genblk1.lut0 (6 -> 0)
  Optimizing lut $abc$48737$auto$blifparse.cc:557:parse_blif$50495.genblk1.genblk1.genblk1.genblk1.genblk1.genblk1.genblk1.genblk1.genblk1.genblk1.lut1.genblk1.genblk1.genblk1.genblk1.genblk1.genblk1.genblk1.genblk1.genblk1.lut1 (6 -> 0)
  Optimizing lut $abc$48737$auto$blifparse.cc:557:parse_blif$50271.genblk1.genblk1.genblk1.genblk1.genblk1.genblk1.genblk1.genblk1.genblk1.genblk1.lut1.genblk1.genblk1.genblk1.genblk1.genblk1.genblk1.genblk1.genblk1.genblk1.lut1 (6 -> 0)
  Optimizing lut $abc$48737$auto$blifparse.cc:557:parse_blif$50627.genblk1.genblk1.genblk1.genblk1.genblk1.genblk1.genblk1.genblk1.genblk1.lut1 (6 -> 4)
  Optimizing lut $abc$48737$auto$blifparse.cc:557:parse_blif$50298.genblk1.genblk1.genblk1.genblk1.genblk1.genblk1.genblk1.genblk1.genblk1.lut0 (6 -> 0)
  Optimizing lut $abc$48737$auto$blifparse.cc:557:parse_blif$50632.genblk1.genblk1.genblk1.genblk1.genblk1.genblk1.genblk1.genblk1.genblk1.lut1 (6 -> 3)
  Optimizing lut $abc$48737$auto$blifparse.cc:557:parse_blif$50442.genblk1.genblk1.genblk1.genblk1.genblk1.genblk1.genblk1.genblk1.genblk1.lut0 (6 -> 0)
  Optimizing lut $abc$48737$auto$blifparse.cc:557:parse_blif$50274.genblk1.genblk1.genblk1.genblk1.genblk1.genblk1.genblk1.genblk1.genblk1.lut0 (6 -> 0)
  Optimizing lut $abc$48737$auto$blifparse.cc:557:parse_blif$50683.genblk1.genblk1.genblk1.genblk1.genblk1.genblk1.genblk1.genblk1.genblk1.lut0 (6 -> 3)
  Optimizing lut $abc$48737$auto$blifparse.cc:557:parse_blif$50385.genblk1.genblk1.genblk1.genblk1.genblk1.genblk1.genblk1.genblk1.genblk1.genblk1.lut1.genblk1.genblk1.genblk1.genblk1.genblk1.genblk1.genblk1.genblk1.genblk1.lut1 (6 -> 0)
  Optimizing lut $abc$48737$auto$blifparse.cc:557:parse_blif$50395.genblk1.genblk1.genblk1.genblk1.genblk1.genblk1.genblk1.genblk1.genblk1.lut0 (6 -> 0)
  Optimizing lut $abc$48737$auto$blifparse.cc:557:parse_blif$50302.genblk1.genblk1.genblk1.genblk1.genblk1.genblk1.genblk1.genblk1.genblk1.genblk1.lut1.genblk1.genblk1.genblk1.genblk1.genblk1.genblk1.genblk1.genblk1.genblk1.lut1 (6 -> 0)
  Optimizing lut $abc$48737$auto$blifparse.cc:557:parse_blif$50446.genblk1.genblk1.genblk1.genblk1.genblk1.genblk1.genblk1.genblk1.genblk1.lut0 (6 -> 0)
  Optimizing lut $abc$48737$auto$blifparse.cc:557:parse_blif$50686.genblk1.genblk1.genblk1.genblk1.genblk1.genblk1.genblk1.genblk1.genblk1.lut0 (6 -> 4)
  Optimizing lut $abc$48737$auto$blifparse.cc:557:parse_blif$50650.genblk1.genblk1.genblk1.genblk1.genblk1.genblk1.genblk1.genblk1.genblk1.lut1 (6 -> 4)
  Optimizing lut $abc$48737$auto$blifparse.cc:557:parse_blif$50653.genblk1.genblk1.genblk1.genblk1.genblk1.genblk1.genblk1.genblk1.genblk1.lut1 (6 -> 3)
  Optimizing lut $abc$48737$auto$blifparse.cc:557:parse_blif$50659.genblk1.genblk1.genblk1.genblk1.genblk1.genblk1.genblk1.genblk1.genblk1.lut1 (6 -> 4)
  Optimizing lut $abc$48737$auto$blifparse.cc:557:parse_blif$50661.genblk1.genblk1.genblk1.genblk1.genblk1.genblk1.genblk1.genblk1.genblk1.lut1 (6 -> 4)
  Optimizing lut $abc$48737$auto$blifparse.cc:557:parse_blif$50666.genblk1.genblk1.genblk1.genblk1.genblk1.genblk1.genblk1.genblk1.genblk1.lut1 (6 -> 3)
  Optimizing lut $abc$48737$auto$blifparse.cc:557:parse_blif$50670.genblk1.genblk1.genblk1.genblk1.genblk1.genblk1.genblk1.genblk1.genblk1.lut1 (6 -> 4)
  Optimizing lut $abc$48737$auto$blifparse.cc:557:parse_blif$50671.genblk1.genblk1.genblk1.genblk1.genblk1.genblk1.genblk1.genblk1.genblk1.lut1 (6 -> 4)
  Optimizing lut $abc$48737$auto$blifparse.cc:557:parse_blif$50675.genblk1.genblk1.genblk1.genblk1.genblk1.genblk1.genblk1.genblk1.genblk1.lut1 (6 -> 3)
  Optimizing lut $abc$48737$auto$blifparse.cc:557:parse_blif$50678.genblk1.genblk1.genblk1.genblk1.genblk1.genblk1.genblk1.genblk1.genblk1.lut1 (6 -> 4)
  Optimizing lut $abc$48737$auto$blifparse.cc:557:parse_blif$50679.genblk1.genblk1.genblk1.genblk1.genblk1.genblk1.genblk1.genblk1.genblk1.lut1 (6 -> 4)
  Optimizing lut $abc$48737$auto$blifparse.cc:557:parse_blif$50683.genblk1.genblk1.genblk1.genblk1.genblk1.genblk1.genblk1.genblk1.genblk1.lut1 (6 -> 4)
  Optimizing lut $abc$48737$auto$blifparse.cc:557:parse_blif$50686.genblk1.genblk1.genblk1.genblk1.genblk1.genblk1.genblk1.genblk1.genblk1.lut1 (6 -> 4)
  Optimizing lut $abc$48737$auto$blifparse.cc:557:parse_blif$50687.genblk1.genblk1.genblk1.genblk1.genblk1.genblk1.genblk1.genblk1.genblk1.lut1 (6 -> 4)
  Optimizing lut $abc$48737$auto$blifparse.cc:557:parse_blif$50691.genblk1.genblk1.genblk1.genblk1.genblk1.genblk1.genblk1.genblk1.genblk1.lut1 (6 -> 4)
  Optimizing lut $abc$48737$auto$blifparse.cc:557:parse_blif$50623.genblk1.genblk1.genblk1.genblk1.genblk1.genblk1.genblk1.genblk1.genblk1.lut1 (6 -> 3)
  Optimizing lut $abc$48737$auto$blifparse.cc:557:parse_blif$50383.genblk1.genblk1.genblk1.genblk1.genblk1.genblk1.genblk1.genblk1.genblk1.genblk1.lut0.genblk1.genblk1.genblk1.genblk1.genblk1.genblk1.genblk1.genblk1.genblk1.lut0 (6 -> 0)
  Optimizing lut $abc$48737$auto$blifparse.cc:557:parse_blif$50600.genblk1.genblk1.genblk1.genblk1.genblk1.genblk1.genblk1.genblk1.genblk1.lut0 (6 -> 4)
  Optimizing lut $abc$48737$auto$blifparse.cc:557:parse_blif$50616.genblk1.genblk1.genblk1.genblk1.genblk1.genblk1.genblk1.genblk1.genblk1.lut0 (6 -> 0)
  Optimizing lut $abc$48737$auto$blifparse.cc:557:parse_blif$50627.genblk1.genblk1.genblk1.genblk1.genblk1.genblk1.genblk1.genblk1.genblk1.lut0 (6 -> 4)
  Optimizing lut $abc$48737$auto$blifparse.cc:557:parse_blif$50642.genblk1.genblk1.genblk1.genblk1.genblk1.genblk1.genblk1.genblk1.genblk1.lut0 (6 -> 0)
  Optimizing lut $abc$48737$auto$blifparse.cc:557:parse_blif$50650.genblk1.genblk1.genblk1.genblk1.genblk1.genblk1.genblk1.genblk1.genblk1.lut0 (6 -> 4)
  Optimizing lut $abc$48737$auto$blifparse.cc:557:parse_blif$50656.genblk1.genblk1.genblk1.genblk1.genblk1.genblk1.genblk1.genblk1.genblk1.lut0 (6 -> 0)
  Optimizing lut $abc$48737$auto$blifparse.cc:557:parse_blif$50661.genblk1.genblk1.genblk1.genblk1.genblk1.genblk1.genblk1.genblk1.genblk1.lut0 (6 -> 4)
  Optimizing lut $abc$48737$auto$blifparse.cc:557:parse_blif$50666.genblk1.genblk1.genblk1.genblk1.genblk1.genblk1.genblk1.genblk1.genblk1.lut0 (6 -> 4)
  Optimizing lut $abc$48737$auto$blifparse.cc:557:parse_blif$51056.genblk1.genblk1.genblk1.genblk1.genblk1.genblk1.genblk1.genblk1.genblk1.genblk1.lut0.genblk1.genblk1.genblk1.genblk1.genblk1.genblk1.genblk1.genblk1.genblk1.lut0 (6 -> 0)
  Optimizing lut $abc$48737$auto$blifparse.cc:557:parse_blif$50989.genblk1.genblk1.genblk1.genblk1.genblk1.genblk1.genblk1.genblk1.genblk1.genblk1.lut1.genblk1.genblk1.genblk1.genblk1.genblk1.genblk1.genblk1.genblk1.genblk1.lut1 (6 -> 0)
  Optimizing lut $abc$48737$auto$blifparse.cc:557:parse_blif$50785.genblk1.genblk1.genblk1.genblk1.genblk1.genblk1.genblk1.genblk1.genblk1.genblk1.lut1.genblk1.genblk1.genblk1.genblk1.genblk1.genblk1.genblk1.genblk1.genblk1.lut1 (6 -> 0)
  Optimizing lut $abc$48737$auto$blifparse.cc:557:parse_blif$50785.genblk1.genblk1.genblk1.genblk1.genblk1.genblk1.genblk1.genblk1.genblk1.genblk1.lut0.genblk1.genblk1.genblk1.genblk1.genblk1.genblk1.genblk1.genblk1.genblk1.lut1 (6 -> 0)
  Optimizing lut $abc$48737$auto$blifparse.cc:557:parse_blif$51004.genblk1.genblk1.genblk1.genblk1.genblk1.genblk1.genblk1.genblk1.genblk1.genblk1.lut1.genblk1.genblk1.genblk1.genblk1.genblk1.genblk1.genblk1.genblk1.genblk1.lut1 (6 -> 0)
  Optimizing lut $abc$48737$auto$blifparse.cc:557:parse_blif$50841.genblk1.genblk1.genblk1.genblk1.genblk1.genblk1.genblk1.genblk1.genblk1.genblk1.lut1.genblk1.genblk1.genblk1.genblk1.genblk1.genblk1.genblk1.genblk1.genblk1.lut1 (6 -> 0)
  Optimizing lut $abc$48737$auto$blifparse.cc:557:parse_blif$50841.genblk1.genblk1.genblk1.genblk1.genblk1.genblk1.genblk1.genblk1.genblk1.genblk1.lut0.genblk1.genblk1.genblk1.genblk1.genblk1.genblk1.genblk1.genblk1.genblk1.lut1 (6 -> 0)
  Optimizing lut $abc$48737$auto$blifparse.cc:557:parse_blif$50842.genblk1.genblk1.genblk1.genblk1.genblk1.genblk1.genblk1.genblk1.genblk1.genblk1.lut0.genblk1.genblk1.genblk1.genblk1.genblk1.genblk1.genblk1.genblk1.genblk1.lut1 (6 -> 0)
  Optimizing lut $abc$48737$auto$blifparse.cc:557:parse_blif$50845.genblk1.genblk1.genblk1.genblk1.genblk1.genblk1.genblk1.genblk1.genblk1.genblk1.lut1.genblk1.genblk1.genblk1.genblk1.genblk1.genblk1.genblk1.genblk1.genblk1.lut1 (6 -> 0)
  Optimizing lut $abc$48737$auto$blifparse.cc:557:parse_blif$50845.genblk1.genblk1.genblk1.genblk1.genblk1.genblk1.genblk1.genblk1.genblk1.genblk1.lut0.genblk1.genblk1.genblk1.genblk1.genblk1.genblk1.genblk1.genblk1.genblk1.lut1 (6 -> 0)
  Optimizing lut $abc$48737$auto$blifparse.cc:557:parse_blif$50955.genblk1.genblk1.genblk1.genblk1.genblk1.genblk1.genblk1.genblk1.genblk1.genblk1.lut1.genblk1.genblk1.genblk1.genblk1.genblk1.genblk1.genblk1.genblk1.genblk1.lut1 (6 -> 0)
  Optimizing lut $abc$48737$auto$blifparse.cc:557:parse_blif$51898.genblk1.genblk1.genblk1.genblk1.genblk1.genblk1.genblk1.genblk1.genblk1.genblk1.lut1.genblk1.genblk1.genblk1.genblk1.genblk1.genblk1.genblk1.genblk1.genblk1.lut1 (6 -> 2)
  Optimizing lut $abc$48737$auto$blifparse.cc:557:parse_blif$55405.genblk1.genblk1.genblk1.genblk1.genblk1.genblk1.genblk1.genblk1.genblk1.lut0 (6 -> 4)
  Optimizing lut $abc$48737$auto$blifparse.cc:557:parse_blif$55433.genblk1.genblk1.genblk1.genblk1.genblk1.genblk1.genblk1.genblk1.genblk1.genblk1.lut1.genblk1.genblk1.genblk1.genblk1.genblk1.genblk1.genblk1.genblk1.genblk1.lut1 (6 -> 0)
  Optimizing lut $abc$48737$auto$blifparse.cc:557:parse_blif$51916.genblk1.genblk1.genblk1.genblk1.genblk1.genblk1.genblk1.genblk1.genblk1.lut0 (6 -> 3)
  Optimizing lut $abc$48737$auto$blifparse.cc:557:parse_blif$50994.genblk1.genblk1.genblk1.genblk1.genblk1.genblk1.genblk1.genblk1.genblk1.genblk1.lut0.genblk1.genblk1.genblk1.genblk1.genblk1.genblk1.genblk1.genblk1.genblk1.lut0 (6 -> 0)
  Optimizing lut $abc$48737$auto$blifparse.cc:557:parse_blif$50898.genblk1.genblk1.genblk1.genblk1.genblk1.genblk1.genblk1.genblk1.genblk1.genblk1.lut0.genblk1.genblk1.genblk1.genblk1.genblk1.genblk1.genblk1.genblk1.genblk1.lut1 (6 -> 0)
  Optimizing lut $abc$48737$auto$blifparse.cc:557:parse_blif$50900.genblk1.genblk1.genblk1.genblk1.genblk1.genblk1.genblk1.genblk1.genblk1.genblk1.lut0.genblk1.genblk1.genblk1.genblk1.genblk1.genblk1.genblk1.genblk1.genblk1.lut1 (6 -> 0)
  Optimizing lut $abc$48737$auto$blifparse.cc:557:parse_blif$51009.genblk1.genblk1.genblk1.genblk1.genblk1.genblk1.genblk1.genblk1.genblk1.genblk1.lut0.genblk1.genblk1.genblk1.genblk1.genblk1.genblk1.genblk1.genblk1.genblk1.lut0 (6 -> 0)
  Optimizing lut $abc$48737$auto$blifparse.cc:557:parse_blif$55430.genblk1.genblk1.genblk1.genblk1.genblk1.genblk1.genblk1.genblk1.genblk1.genblk1.lut1.genblk1.genblk1.genblk1.genblk1.genblk1.genblk1.genblk1.genblk1.genblk1.lut1 (6 -> 0)
  Optimizing lut $abc$48737$auto$blifparse.cc:557:parse_blif$50921.genblk1.genblk1.genblk1.genblk1.genblk1.genblk1.genblk1.genblk1.genblk1.genblk1.lut0.genblk1.genblk1.genblk1.genblk1.genblk1.genblk1.genblk1.genblk1.genblk1.lut1 (6 -> 0)
  Optimizing lut $abc$48737$auto$blifparse.cc:557:parse_blif$50943.genblk1.genblk1.genblk1.genblk1.genblk1.genblk1.genblk1.genblk1.genblk1.genblk1.lut0.genblk1.genblk1.genblk1.genblk1.genblk1.genblk1.genblk1.genblk1.genblk1.lut1 (6 -> 0)
  Optimizing lut $abc$48737$auto$blifparse.cc:557:parse_blif$50955.genblk1.genblk1.genblk1.genblk1.genblk1.genblk1.genblk1.genblk1.genblk1.genblk1.lut0.genblk1.genblk1.genblk1.genblk1.genblk1.genblk1.genblk1.genblk1.genblk1.lut1 (6 -> 0)
  Optimizing lut $abc$48737$auto$blifparse.cc:557:parse_blif$50845.genblk1.genblk1.genblk1.genblk1.genblk1.genblk1.genblk1.genblk1.genblk1.genblk1.lut0.genblk1.genblk1.genblk1.genblk1.genblk1.genblk1.genblk1.genblk1.genblk1.lut0 (6 -> 0)
  Optimizing lut $abc$48737$auto$blifparse.cc:557:parse_blif$50981.genblk1.genblk1.genblk1.genblk1.genblk1.genblk1.genblk1.genblk1.genblk1.genblk1.lut0.genblk1.genblk1.genblk1.genblk1.genblk1.genblk1.genblk1.genblk1.genblk1.lut1 (6 -> 0)
  Optimizing lut $abc$48737$auto$blifparse.cc:557:parse_blif$50989.genblk1.genblk1.genblk1.genblk1.genblk1.genblk1.genblk1.genblk1.genblk1.genblk1.lut0.genblk1.genblk1.genblk1.genblk1.genblk1.genblk1.genblk1.genblk1.genblk1.lut1 (6 -> 0)
  Optimizing lut $abc$48737$auto$blifparse.cc:557:parse_blif$50994.genblk1.genblk1.genblk1.genblk1.genblk1.genblk1.genblk1.genblk1.genblk1.genblk1.lut1.genblk1.genblk1.genblk1.genblk1.genblk1.genblk1.genblk1.genblk1.genblk1.lut1 (6 -> 0)
  Optimizing lut $abc$48737$auto$blifparse.cc:557:parse_blif$50994.genblk1.genblk1.genblk1.genblk1.genblk1.genblk1.genblk1.genblk1.genblk1.genblk1.lut0.genblk1.genblk1.genblk1.genblk1.genblk1.genblk1.genblk1.genblk1.genblk1.lut1 (6 -> 0)
  Optimizing lut $abc$48737$auto$blifparse.cc:557:parse_blif$50996.genblk1.genblk1.genblk1.genblk1.genblk1.genblk1.genblk1.genblk1.genblk1.genblk1.lut0.genblk1.genblk1.genblk1.genblk1.genblk1.genblk1.genblk1.genblk1.genblk1.lut1 (6 -> 0)
  Optimizing lut $abc$48737$auto$blifparse.cc:557:parse_blif$55400.genblk1.genblk1.genblk1.genblk1.genblk1.genblk1.genblk1.genblk1.genblk1.lut0 (6 -> 4)
  Optimizing lut $abc$48737$auto$blifparse.cc:557:parse_blif$51004.genblk1.genblk1.genblk1.genblk1.genblk1.genblk1.genblk1.genblk1.genblk1.genblk1.lut0.genblk1.genblk1.genblk1.genblk1.genblk1.genblk1.genblk1.genblk1.genblk1.lut1 (6 -> 0)
  Optimizing lut $abc$48737$auto$blifparse.cc:557:parse_blif$51008.genblk1.genblk1.genblk1.genblk1.genblk1.genblk1.genblk1.genblk1.genblk1.genblk1.lut0.genblk1.genblk1.genblk1.genblk1.genblk1.genblk1.genblk1.genblk1.genblk1.lut1 (6 -> 0)
  Optimizing lut $abc$48737$auto$blifparse.cc:557:parse_blif$51009.genblk1.genblk1.genblk1.genblk1.genblk1.genblk1.genblk1.genblk1.genblk1.genblk1.lut0.genblk1.genblk1.genblk1.genblk1.genblk1.genblk1.genblk1.genblk1.genblk1.lut1 (6 -> 0)
  Optimizing lut $abc$48737$auto$blifparse.cc:557:parse_blif$50842.genblk1.genblk1.genblk1.genblk1.genblk1.genblk1.genblk1.genblk1.genblk1.genblk1.lut0.genblk1.genblk1.genblk1.genblk1.genblk1.genblk1.genblk1.genblk1.genblk1.lut0 (6 -> 0)
  Optimizing lut $abc$48737$auto$blifparse.cc:557:parse_blif$52409.genblk1.genblk1.genblk1.genblk1.genblk1.genblk1.genblk1.genblk1.genblk1.lut0 (6 -> 4)
  Optimizing lut $abc$48737$auto$blifparse.cc:557:parse_blif$55374.genblk1.genblk1.genblk1.genblk1.genblk1.genblk1.genblk1.genblk1.genblk1.genblk1.lut1.genblk1.genblk1.genblk1.genblk1.genblk1.genblk1.genblk1.genblk1.genblk1.lut1 (6 -> 0)
  Optimizing lut $abc$48737$auto$blifparse.cc:557:parse_blif$51047.genblk1.genblk1.genblk1.genblk1.genblk1.genblk1.genblk1.genblk1.genblk1.lut0 (6 -> 0)
  Optimizing lut $abc$48737$auto$blifparse.cc:557:parse_blif$51052.genblk1.genblk1.genblk1.genblk1.genblk1.genblk1.genblk1.genblk1.genblk1.genblk1.lut0.genblk1.genblk1.genblk1.genblk1.genblk1.genblk1.genblk1.genblk1.genblk1.lut0 (6 -> 0)
  Optimizing lut $abc$48737$auto$blifparse.cc:557:parse_blif$51051.genblk1.genblk1.genblk1.genblk1.genblk1.genblk1.genblk1.genblk1.genblk1.genblk1.lut0.genblk1.genblk1.genblk1.genblk1.genblk1.genblk1.genblk1.genblk1.genblk1.lut1 (6 -> 0)
  Optimizing lut $abc$48737$auto$blifparse.cc:557:parse_blif$51052.genblk1.genblk1.genblk1.genblk1.genblk1.genblk1.genblk1.genblk1.genblk1.genblk1.lut0.genblk1.genblk1.genblk1.genblk1.genblk1.genblk1.genblk1.genblk1.genblk1.lut1 (6 -> 0)
  Optimizing lut $abc$48737$auto$blifparse.cc:557:parse_blif$51056.genblk1.genblk1.genblk1.genblk1.genblk1.genblk1.genblk1.genblk1.genblk1.genblk1.lut1.genblk1.genblk1.genblk1.genblk1.genblk1.genblk1.genblk1.genblk1.genblk1.lut1 (6 -> 0)
  Optimizing lut $abc$48737$auto$blifparse.cc:557:parse_blif$51056.genblk1.genblk1.genblk1.genblk1.genblk1.genblk1.genblk1.genblk1.genblk1.genblk1.lut0.genblk1.genblk1.genblk1.genblk1.genblk1.genblk1.genblk1.genblk1.genblk1.lut1 (6 -> 0)
  Optimizing lut $abc$48737$auto$blifparse.cc:557:parse_blif$50400.genblk1.genblk1.genblk1.genblk1.genblk1.genblk1.genblk1.genblk1.genblk1.genblk1.lut1.genblk1.genblk1.genblk1.genblk1.genblk1.genblk1.genblk1.genblk1.genblk1.lut1 (6 -> 0)
  Optimizing lut $abc$48737$auto$blifparse.cc:557:parse_blif$51081.genblk1.genblk1.genblk1.genblk1.genblk1.genblk1.genblk1.genblk1.genblk1.genblk1.lut0.genblk1.genblk1.genblk1.genblk1.genblk1.genblk1.genblk1.genblk1.genblk1.lut1 (6 -> 0)
  Optimizing lut $abc$48737$auto$blifparse.cc:557:parse_blif$51164.genblk1.genblk1.genblk1.genblk1.genblk1.genblk1.genblk1.genblk1.genblk1.lut0 (6 -> 4)
  Optimizing lut $abc$48737$auto$blifparse.cc:557:parse_blif$51175.genblk1.genblk1.genblk1.genblk1.genblk1.genblk1.genblk1.genblk1.genblk1.lut0 (6 -> 4)
  Optimizing lut $abc$48737$auto$blifparse.cc:557:parse_blif$51088.genblk1.genblk1.genblk1.genblk1.genblk1.genblk1.genblk1.genblk1.genblk1.genblk1.lut0.genblk1.genblk1.genblk1.genblk1.genblk1.genblk1.genblk1.genblk1.genblk1.lut1 (6 -> 0)
  Optimizing lut $abc$48737$auto$blifparse.cc:557:parse_blif$51089.genblk1.genblk1.genblk1.genblk1.genblk1.genblk1.genblk1.genblk1.genblk1.lut1 (6 -> 3)
  Optimizing lut $abc$48737$auto$blifparse.cc:557:parse_blif$51119.genblk1.genblk1.genblk1.genblk1.genblk1.genblk1.genblk1.genblk1.genblk1.lut1 (6 -> 3)
  Optimizing lut $abc$48737$auto$blifparse.cc:557:parse_blif$51092.genblk1.genblk1.genblk1.genblk1.genblk1.genblk1.genblk1.genblk1.genblk1.lut0 (6 -> 0)
  Optimizing lut $abc$48737$auto$blifparse.cc:557:parse_blif$51094.genblk1.genblk1.genblk1.genblk1.genblk1.genblk1.genblk1.genblk1.genblk1.lut0 (6 -> 0)
  Optimizing lut $abc$48737$auto$blifparse.cc:557:parse_blif$51178.genblk1.genblk1.genblk1.genblk1.genblk1.genblk1.genblk1.genblk1.genblk1.lut0 (6 -> 4)
  Optimizing lut $abc$48737$auto$blifparse.cc:557:parse_blif$51102.genblk1.genblk1.genblk1.genblk1.genblk1.genblk1.genblk1.genblk1.genblk1.lut1 (6 -> 3)
  Optimizing lut $abc$48737$auto$blifparse.cc:557:parse_blif$51169.genblk1.genblk1.genblk1.genblk1.genblk1.genblk1.genblk1.genblk1.genblk1.lut0 (6 -> 4)
  Optimizing lut $abc$48737$auto$blifparse.cc:557:parse_blif$51369.genblk1.genblk1.genblk1.genblk1.genblk1.genblk1.genblk1.genblk1.genblk1.lut0 (6 -> 3)
  Optimizing lut $abc$48737$auto$blifparse.cc:557:parse_blif$50512.genblk1.genblk1.genblk1.genblk1.genblk1.genblk1.genblk1.genblk1.genblk1.lut0 (6 -> 0)
  Optimizing lut $abc$48737$auto$blifparse.cc:557:parse_blif$51170.genblk1.genblk1.genblk1.genblk1.genblk1.genblk1.genblk1.genblk1.genblk1.lut0 (6 -> 3)
  Optimizing lut $abc$48737$auto$blifparse.cc:557:parse_blif$50483.genblk1.genblk1.genblk1.genblk1.genblk1.genblk1.genblk1.genblk1.genblk1.lut0 (6 -> 0)
  Optimizing lut $abc$48737$auto$blifparse.cc:557:parse_blif$50577.genblk1.genblk1.genblk1.genblk1.genblk1.genblk1.genblk1.genblk1.genblk1.lut0 (6 -> 0)
  Optimizing lut $abc$48737$auto$blifparse.cc:557:parse_blif$50453.genblk1.genblk1.genblk1.genblk1.genblk1.genblk1.genblk1.genblk1.genblk1.lut0 (6 -> 0)
  Optimizing lut $abc$48737$auto$blifparse.cc:557:parse_blif$50549.genblk1.genblk1.genblk1.genblk1.genblk1.genblk1.genblk1.genblk1.genblk1.lut0 (6 -> 0)
  Optimizing lut $abc$48737$auto$blifparse.cc:557:parse_blif$50351.genblk1.genblk1.genblk1.genblk1.genblk1.genblk1.genblk1.genblk1.genblk1.lut0 (6 -> 0)
  Optimizing lut $abc$48737$auto$blifparse.cc:557:parse_blif$50438.genblk1.genblk1.genblk1.genblk1.genblk1.genblk1.genblk1.genblk1.genblk1.lut0 (6 -> 0)
  Optimizing lut $abc$48737$auto$blifparse.cc:557:parse_blif$51089.genblk1.genblk1.genblk1.genblk1.genblk1.genblk1.genblk1.genblk1.genblk1.lut0 (6 -> 3)
  Optimizing lut $abc$48737$auto$blifparse.cc:557:parse_blif$50535.genblk1.genblk1.genblk1.genblk1.genblk1.genblk1.genblk1.genblk1.genblk1.genblk1.lut1.genblk1.genblk1.genblk1.genblk1.genblk1.genblk1.genblk1.genblk1.genblk1.lut1 (6 -> 0)
  Optimizing lut $abc$48737$auto$blifparse.cc:557:parse_blif$50333.genblk1.genblk1.genblk1.genblk1.genblk1.genblk1.genblk1.genblk1.genblk1.lut0 (6 -> 0)
  Optimizing lut $abc$48737$auto$blifparse.cc:557:parse_blif$50413.genblk1.genblk1.genblk1.genblk1.genblk1.genblk1.genblk1.genblk1.genblk1.genblk1.lut1.genblk1.genblk1.genblk1.genblk1.genblk1.genblk1.genblk1.genblk1.genblk1.lut1 (6 -> 0)
  Optimizing lut $abc$48737$auto$blifparse.cc:557:parse_blif$51152.genblk1.genblk1.genblk1.genblk1.genblk1.genblk1.genblk1.genblk1.genblk1.lut1 (6 -> 4)
  Optimizing lut $abc$48737$auto$blifparse.cc:557:parse_blif$51154.genblk1.genblk1.genblk1.genblk1.genblk1.genblk1.genblk1.genblk1.genblk1.lut1 (6 -> 3)
  Optimizing lut $abc$48737$auto$blifparse.cc:557:parse_blif$51119.genblk1.genblk1.genblk1.genblk1.genblk1.genblk1.genblk1.genblk1.genblk1.lut0 (6 -> 3)
  Optimizing lut $abc$48737$auto$blifparse.cc:557:parse_blif$51126.genblk1.genblk1.genblk1.genblk1.genblk1.genblk1.genblk1.genblk1.genblk1.lut0 (6 -> 3)
  Optimizing lut $abc$48737$auto$blifparse.cc:557:parse_blif$51159.genblk1.genblk1.genblk1.genblk1.genblk1.genblk1.genblk1.genblk1.genblk1.lut1 (6 -> 4)
  Optimizing lut $abc$48737$auto$blifparse.cc:557:parse_blif$51163.genblk1.genblk1.genblk1.genblk1.genblk1.genblk1.genblk1.genblk1.genblk1.lut1 (6 -> 4)
  Optimizing lut $abc$48737$auto$blifparse.cc:557:parse_blif$51164.genblk1.genblk1.genblk1.genblk1.genblk1.genblk1.genblk1.genblk1.genblk1.lut1 (6 -> 3)
  Optimizing lut $abc$48737$auto$blifparse.cc:557:parse_blif$51166.genblk1.genblk1.genblk1.genblk1.genblk1.genblk1.genblk1.genblk1.genblk1.lut1 (6 -> 4)
  Optimizing lut $abc$48737$auto$blifparse.cc:557:parse_blif$51169.genblk1.genblk1.genblk1.genblk1.genblk1.genblk1.genblk1.genblk1.genblk1.lut1 (6 -> 4)
  Optimizing lut $abc$48737$auto$blifparse.cc:557:parse_blif$51170.genblk1.genblk1.genblk1.genblk1.genblk1.genblk1.genblk1.genblk1.genblk1.lut1 (6 -> 4)
  Optimizing lut $abc$48737$auto$blifparse.cc:557:parse_blif$51172.genblk1.genblk1.genblk1.genblk1.genblk1.genblk1.genblk1.genblk1.genblk1.lut1 (6 -> 4)
  Optimizing lut $abc$48737$auto$blifparse.cc:557:parse_blif$51175.genblk1.genblk1.genblk1.genblk1.genblk1.genblk1.genblk1.genblk1.genblk1.lut1 (6 -> 4)
  Optimizing lut $abc$48737$auto$blifparse.cc:557:parse_blif$51176.genblk1.genblk1.genblk1.genblk1.genblk1.genblk1.genblk1.genblk1.genblk1.lut1 (6 -> 4)
  Optimizing lut $abc$48737$auto$blifparse.cc:557:parse_blif$51178.genblk1.genblk1.genblk1.genblk1.genblk1.genblk1.genblk1.genblk1.genblk1.lut1 (6 -> 4)
  Optimizing lut $abc$48737$auto$blifparse.cc:557:parse_blif$50536.genblk1.genblk1.genblk1.genblk1.genblk1.genblk1.genblk1.genblk1.genblk1.genblk1.lut0.genblk1.genblk1.genblk1.genblk1.genblk1.genblk1.genblk1.genblk1.genblk1.lut0 (6 -> 0)
  Optimizing lut $abc$48737$auto$blifparse.cc:557:parse_blif$51095.genblk1.genblk1.genblk1.genblk1.genblk1.genblk1.genblk1.genblk1.genblk1.lut0 (6 -> 0)
  Optimizing lut $abc$48737$auto$blifparse.cc:557:parse_blif$51117.genblk1.genblk1.genblk1.genblk1.genblk1.genblk1.genblk1.genblk1.genblk1.lut0 (6 -> 0)
  Optimizing lut $abc$48737$auto$blifparse.cc:557:parse_blif$51121.genblk1.genblk1.genblk1.genblk1.genblk1.genblk1.genblk1.genblk1.genblk1.lut0 (6 -> 0)
  Optimizing lut $abc$48737$auto$blifparse.cc:557:parse_blif$51142.genblk1.genblk1.genblk1.genblk1.genblk1.genblk1.genblk1.genblk1.genblk1.lut0 (6 -> 0)
  Optimizing lut $abc$48737$auto$blifparse.cc:557:parse_blif$51144.genblk1.genblk1.genblk1.genblk1.genblk1.genblk1.genblk1.genblk1.genblk1.lut0 (6 -> 0)
  Optimizing lut $abc$48737$auto$blifparse.cc:557:parse_blif$51152.genblk1.genblk1.genblk1.genblk1.genblk1.genblk1.genblk1.genblk1.genblk1.lut0 (6 -> 4)
  Optimizing lut $abc$48737$auto$blifparse.cc:557:parse_blif$51154.genblk1.genblk1.genblk1.genblk1.genblk1.genblk1.genblk1.genblk1.genblk1.lut0 (6 -> 4)
  Optimizing lut $abc$48737$auto$blifparse.cc:557:parse_blif$51163.genblk1.genblk1.genblk1.genblk1.genblk1.genblk1.genblk1.genblk1.genblk1.lut0 (6 -> 4)
  Optimizing lut $abc$48737$auto$blifparse.cc:557:parse_blif$51366.genblk1.genblk1.genblk1.genblk1.genblk1.genblk1.genblk1.genblk1.genblk1.genblk1.lut0.genblk1.genblk1.genblk1.genblk1.genblk1.genblk1.genblk1.genblk1.genblk1.lut1 (6 -> 0)
  Optimizing lut $abc$48737$auto$blifparse.cc:557:parse_blif$51369.genblk1.genblk1.genblk1.genblk1.genblk1.genblk1.genblk1.genblk1.genblk1.lut1 (6 -> 4)
  Optimizing lut $abc$48737$auto$blifparse.cc:557:parse_blif$51433.genblk1.genblk1.genblk1.genblk1.genblk1.genblk1.genblk1.genblk1.genblk1.lut0 (6 -> 4)
  Optimizing lut $abc$48737$auto$blifparse.cc:557:parse_blif$51445.genblk1.genblk1.genblk1.genblk1.genblk1.genblk1.genblk1.genblk1.genblk1.lut0 (6 -> 4)
  Optimizing lut $abc$48737$auto$blifparse.cc:557:parse_blif$51434.genblk1.genblk1.genblk1.genblk1.genblk1.genblk1.genblk1.genblk1.genblk1.lut0 (6 -> 0)
  Optimizing lut $abc$48737$auto$blifparse.cc:557:parse_blif$51446.genblk1.genblk1.genblk1.genblk1.genblk1.genblk1.genblk1.genblk1.genblk1.lut0 (6 -> 0)
  Optimizing lut $abc$48737$auto$blifparse.cc:557:parse_blif$51381.genblk1.genblk1.genblk1.genblk1.genblk1.genblk1.genblk1.genblk1.genblk1.lut1 (6 -> 4)
  Optimizing lut $abc$48737$auto$blifparse.cc:557:parse_blif$54360.genblk1.genblk1.genblk1.genblk1.genblk1.genblk1.genblk1.genblk1.genblk1.genblk1.lut1.genblk1.genblk1.genblk1.genblk1.genblk1.genblk1.genblk1.genblk1.genblk1.lut1 (6 -> 0)
  Optimizing lut $abc$48737$auto$blifparse.cc:557:parse_blif$51633.genblk1.genblk1.genblk1.genblk1.genblk1.genblk1.genblk1.genblk1.genblk1.lut0 (6 -> 3)
  Optimizing lut $abc$48737$auto$blifparse.cc:557:parse_blif$49597.genblk1.genblk1.genblk1.genblk1.genblk1.genblk1.genblk1.genblk1.genblk1.genblk1.lut1.genblk1.genblk1.genblk1.genblk1.genblk1.genblk1.genblk1.genblk1.genblk1.lut1 (6 -> 0)
  Optimizing lut $abc$48737$auto$blifparse.cc:557:parse_blif$51392.genblk1.genblk1.genblk1.genblk1.genblk1.genblk1.genblk1.genblk1.genblk1.lut1 (6 -> 3)
  Optimizing lut $abc$48737$auto$blifparse.cc:557:parse_blif$50003.genblk1.genblk1.genblk1.genblk1.genblk1.genblk1.genblk1.genblk1.genblk1.genblk1.lut1.genblk1.genblk1.genblk1.genblk1.genblk1.genblk1.genblk1.genblk1.genblk1.lut1 (6 -> 0)
  Optimizing lut $abc$48737$auto$blifparse.cc:557:parse_blif$51439.genblk1.genblk1.genblk1.genblk1.genblk1.genblk1.genblk1.genblk1.genblk1.lut0 (6 -> 4)
  Optimizing lut $abc$48737$auto$blifparse.cc:557:parse_blif$50574.genblk1.genblk1.genblk1.genblk1.genblk1.genblk1.genblk1.genblk1.genblk1.genblk1.lut1.genblk1.genblk1.genblk1.genblk1.genblk1.genblk1.genblk1.genblk1.genblk1.lut1 (6 -> 0)
  Optimizing lut $abc$48737$auto$blifparse.cc:557:parse_blif$50364.genblk1.genblk1.genblk1.genblk1.genblk1.genblk1.genblk1.genblk1.genblk1.genblk1.lut1.genblk1.genblk1.genblk1.genblk1.genblk1.genblk1.genblk1.genblk1.genblk1.lut1 (6 -> 0)
  Optimizing lut $abc$48737$auto$blifparse.cc:557:parse_blif$51440.genblk1.genblk1.genblk1.genblk1.genblk1.genblk1.genblk1.genblk1.genblk1.lut0 (6 -> 0)
  Optimizing lut $abc$48737$auto$blifparse.cc:557:parse_blif$50546.genblk1.genblk1.genblk1.genblk1.genblk1.genblk1.genblk1.genblk1.genblk1.genblk1.lut1.genblk1.genblk1.genblk1.genblk1.genblk1.genblk1.genblk1.genblk1.genblk1.lut1 (6 -> 0)
  Optimizing lut $abc$48737$auto$blifparse.cc:557:parse_blif$51404.genblk1.genblk1.genblk1.genblk1.genblk1.genblk1.genblk1.genblk1.genblk1.lut1 (6 -> 4)
  Optimizing lut $abc$48737$auto$blifparse.cc:557:parse_blif$50520.genblk1.genblk1.genblk1.genblk1.genblk1.genblk1.genblk1.genblk1.genblk1.genblk1.lut1.genblk1.genblk1.genblk1.genblk1.genblk1.genblk1.genblk1.genblk1.genblk1.lut1 (6 -> 0)
  Optimizing lut $abc$48737$auto$blifparse.cc:557:parse_blif$51411.genblk1.genblk1.genblk1.genblk1.genblk1.genblk1.genblk1.genblk1.genblk1.lut1 (6 -> 3)
  Optimizing lut $abc$48737$auto$blifparse.cc:557:parse_blif$51416.genblk1.genblk1.genblk1.genblk1.genblk1.genblk1.genblk1.genblk1.genblk1.lut1 (6 -> 4)
  Optimizing lut $abc$48737$auto$blifparse.cc:557:parse_blif$51427.genblk1.genblk1.genblk1.genblk1.genblk1.genblk1.genblk1.genblk1.genblk1.lut1 (6 -> 4)
  Optimizing lut $abc$48737$auto$blifparse.cc:557:parse_blif$51433.genblk1.genblk1.genblk1.genblk1.genblk1.genblk1.genblk1.genblk1.genblk1.lut1 (6 -> 4)
  Optimizing lut $abc$48737$auto$blifparse.cc:557:parse_blif$51439.genblk1.genblk1.genblk1.genblk1.genblk1.genblk1.genblk1.genblk1.genblk1.lut1 (6 -> 4)
  Optimizing lut $abc$48737$auto$blifparse.cc:557:parse_blif$51445.genblk1.genblk1.genblk1.genblk1.genblk1.genblk1.genblk1.genblk1.genblk1.lut1 (6 -> 4)
  Optimizing lut $abc$48737$auto$blifparse.cc:557:parse_blif$50365.genblk1.genblk1.genblk1.genblk1.genblk1.genblk1.genblk1.genblk1.genblk1.genblk1.lut0.genblk1.genblk1.genblk1.genblk1.genblk1.genblk1.genblk1.genblk1.genblk1.lut0 (6 -> 0)
  Optimizing lut $abc$48737$auto$blifparse.cc:557:parse_blif$50568.genblk1.genblk1.genblk1.genblk1.genblk1.genblk1.genblk1.genblk1.genblk1.genblk1.lut0.genblk1.genblk1.genblk1.genblk1.genblk1.genblk1.genblk1.genblk1.genblk1.lut0 (6 -> 0)
  Optimizing lut $abc$48737$auto$blifparse.cc:557:parse_blif$54360.genblk1.genblk1.genblk1.genblk1.genblk1.genblk1.genblk1.genblk1.genblk1.genblk1.lut0.genblk1.genblk1.genblk1.genblk1.genblk1.genblk1.genblk1.genblk1.genblk1.lut0 (6 -> 0)
  Optimizing lut $abc$48737$auto$blifparse.cc:557:parse_blif$51381.genblk1.genblk1.genblk1.genblk1.genblk1.genblk1.genblk1.genblk1.genblk1.lut0 (6 -> 4)
  Optimizing lut $abc$48737$auto$blifparse.cc:557:parse_blif$51384.genblk1.genblk1.genblk1.genblk1.genblk1.genblk1.genblk1.genblk1.genblk1.lut0 (6 -> 0)
  Optimizing lut $abc$48737$auto$blifparse.cc:557:parse_blif$51404.genblk1.genblk1.genblk1.genblk1.genblk1.genblk1.genblk1.genblk1.genblk1.lut0 (6 -> 4)
  Optimizing lut $abc$48737$auto$blifparse.cc:557:parse_blif$51405.genblk1.genblk1.genblk1.genblk1.genblk1.genblk1.genblk1.genblk1.genblk1.lut0 (6 -> 0)
  Optimizing lut $abc$48737$auto$blifparse.cc:557:parse_blif$51416.genblk1.genblk1.genblk1.genblk1.genblk1.genblk1.genblk1.genblk1.genblk1.lut0 (6 -> 4)
  Optimizing lut $abc$48737$auto$blifparse.cc:557:parse_blif$51417.genblk1.genblk1.genblk1.genblk1.genblk1.genblk1.genblk1.genblk1.genblk1.lut0 (6 -> 0)
  Optimizing lut $abc$48737$auto$blifparse.cc:557:parse_blif$51427.genblk1.genblk1.genblk1.genblk1.genblk1.genblk1.genblk1.genblk1.genblk1.lut0 (6 -> 4)
  Optimizing lut $abc$48737$auto$blifparse.cc:557:parse_blif$51428.genblk1.genblk1.genblk1.genblk1.genblk1.genblk1.genblk1.genblk1.genblk1.lut0 (6 -> 0)
  Optimizing lut $abc$48737$auto$blifparse.cc:557:parse_blif$51633.genblk1.genblk1.genblk1.genblk1.genblk1.genblk1.genblk1.genblk1.genblk1.lut1 (6 -> 4)
  Optimizing lut $abc$48737$auto$blifparse.cc:557:parse_blif$51720.genblk1.genblk1.genblk1.genblk1.genblk1.genblk1.genblk1.genblk1.genblk1.lut0 (6 -> 4)
  Optimizing lut $abc$48737$auto$blifparse.cc:557:parse_blif$51734.genblk1.genblk1.genblk1.genblk1.genblk1.genblk1.genblk1.genblk1.genblk1.lut0 (6 -> 3)
  Optimizing lut $abc$48737$auto$blifparse.cc:557:parse_blif$51642.genblk1.genblk1.genblk1.genblk1.genblk1.genblk1.genblk1.genblk1.genblk1.lut1 (6 -> 4)
  Optimizing lut $abc$48737$auto$blifparse.cc:557:parse_blif$51736.genblk1.genblk1.genblk1.genblk1.genblk1.genblk1.genblk1.genblk1.genblk1.lut0 (6 -> 0)
  Optimizing lut $abc$48737$auto$blifparse.cc:557:parse_blif$51735.genblk1.genblk1.genblk1.genblk1.genblk1.genblk1.genblk1.genblk1.genblk1.lut0 (6 -> 0)
  Optimizing lut $abc$48737$auto$blifparse.cc:557:parse_blif$51651.genblk1.genblk1.genblk1.genblk1.genblk1.genblk1.genblk1.genblk1.genblk1.lut1 (6 -> 3)
  Optimizing lut $abc$48737$auto$blifparse.cc:557:parse_blif$51721.genblk1.genblk1.genblk1.genblk1.genblk1.genblk1.genblk1.genblk1.genblk1.lut0 (6 -> 0)
  Optimizing lut $abc$48737$auto$blifparse.cc:557:parse_blif$49522.genblk1.genblk1.genblk1.genblk1.genblk1.genblk1.genblk1.genblk1.genblk1.lut0 (6 -> 0)
  Optimizing lut $abc$48737$auto$blifparse.cc:557:parse_blif$49719.genblk1.genblk1.genblk1.genblk1.genblk1.genblk1.genblk1.genblk1.genblk1.genblk1.lut1.genblk1.genblk1.genblk1.genblk1.genblk1.genblk1.genblk1.genblk1.genblk1.lut1 (6 -> 0)
  Optimizing lut $abc$48737$auto$blifparse.cc:557:parse_blif$49527.genblk1.genblk1.genblk1.genblk1.genblk1.genblk1.genblk1.genblk1.genblk1.lut0 (6 -> 0)
  Optimizing lut $abc$48737$auto$blifparse.cc:557:parse_blif$51671.genblk1.genblk1.genblk1.genblk1.genblk1.genblk1.genblk1.genblk1.genblk1.lut1 (6 -> 3)
  Optimizing lut $abc$48737$auto$blifparse.cc:557:parse_blif$49722.genblk1.genblk1.genblk1.genblk1.genblk1.genblk1.genblk1.genblk1.genblk1.genblk1.lut1.genblk1.genblk1.genblk1.genblk1.genblk1.genblk1.genblk1.genblk1.genblk1.lut1 (6 -> 0)
  Optimizing lut $abc$48737$auto$blifparse.cc:557:parse_blif$51727.genblk1.genblk1.genblk1.genblk1.genblk1.genblk1.genblk1.genblk1.genblk1.lut0 (6 -> 3)
  Optimizing lut $abc$48737$auto$blifparse.cc:557:parse_blif$49725.genblk1.genblk1.genblk1.genblk1.genblk1.genblk1.genblk1.genblk1.genblk1.lut0 (6 -> 0)
  Optimizing lut $abc$48737$auto$blifparse.cc:557:parse_blif$51680.genblk1.genblk1.genblk1.genblk1.genblk1.genblk1.genblk1.genblk1.genblk1.lut1 (6 -> 4)
  Optimizing lut $abc$48737$auto$blifparse.cc:557:parse_blif$49556.genblk1.genblk1.genblk1.genblk1.genblk1.genblk1.genblk1.genblk1.genblk1.lut0 (6 -> 0)
  Optimizing lut $abc$48737$auto$blifparse.cc:557:parse_blif$49676.genblk1.genblk1.genblk1.genblk1.genblk1.genblk1.genblk1.genblk1.genblk1.genblk1.lut1.genblk1.genblk1.genblk1.genblk1.genblk1.genblk1.genblk1.genblk1.genblk1.lut1 (6 -> 0)
  Optimizing lut $abc$48737$auto$blifparse.cc:557:parse_blif$51686.genblk1.genblk1.genblk1.genblk1.genblk1.genblk1.genblk1.genblk1.genblk1.lut1 (6 -> 4)
  Optimizing lut $abc$48737$auto$blifparse.cc:557:parse_blif$51728.genblk1.genblk1.genblk1.genblk1.genblk1.genblk1.genblk1.genblk1.genblk1.lut0 (6 -> 0)
  Optimizing lut $abc$48737$auto$blifparse.cc:557:parse_blif$49594.genblk1.genblk1.genblk1.genblk1.genblk1.genblk1.genblk1.genblk1.genblk1.lut0 (6 -> 0)
  Optimizing lut $abc$48737$auto$blifparse.cc:557:parse_blif$49580.genblk1.genblk1.genblk1.genblk1.genblk1.genblk1.genblk1.genblk1.genblk1.lut0 (6 -> 0)
  Optimizing lut $abc$48737$auto$blifparse.cc:557:parse_blif$51698.genblk1.genblk1.genblk1.genblk1.genblk1.genblk1.genblk1.genblk1.genblk1.lut1 (6 -> 3)
  Optimizing lut $abc$48737$auto$blifparse.cc:557:parse_blif$51701.genblk1.genblk1.genblk1.genblk1.genblk1.genblk1.genblk1.genblk1.genblk1.lut1 (6 -> 4)
  Optimizing lut $abc$48737$auto$blifparse.cc:557:parse_blif$51703.genblk1.genblk1.genblk1.genblk1.genblk1.genblk1.genblk1.genblk1.genblk1.lut1 (6 -> 4)
  Optimizing lut $abc$48737$auto$blifparse.cc:557:parse_blif$51712.genblk1.genblk1.genblk1.genblk1.genblk1.genblk1.genblk1.genblk1.genblk1.lut1 (6 -> 3)
  Optimizing lut $abc$48737$auto$blifparse.cc:557:parse_blif$51720.genblk1.genblk1.genblk1.genblk1.genblk1.genblk1.genblk1.genblk1.genblk1.lut1 (6 -> 3)
  Optimizing lut $abc$48737$auto$blifparse.cc:557:parse_blif$51727.genblk1.genblk1.genblk1.genblk1.genblk1.genblk1.genblk1.genblk1.genblk1.lut1 (6 -> 4)
  Optimizing lut $abc$48737$auto$blifparse.cc:557:parse_blif$51734.genblk1.genblk1.genblk1.genblk1.genblk1.genblk1.genblk1.genblk1.genblk1.lut1 (6 -> 4)
  Optimizing lut $abc$48737$auto$blifparse.cc:557:parse_blif$51741.genblk1.genblk1.genblk1.genblk1.genblk1.genblk1.genblk1.genblk1.genblk1.lut1 (6 -> 3)
  Optimizing lut $abc$48737$auto$blifparse.cc:557:parse_blif$49734.genblk1.genblk1.genblk1.genblk1.genblk1.genblk1.genblk1.genblk1.genblk1.genblk1.lut0.genblk1.genblk1.genblk1.genblk1.genblk1.genblk1.genblk1.genblk1.genblk1.lut0 (6 -> 0)
  Optimizing lut $abc$48737$auto$blifparse.cc:557:parse_blif$51642.genblk1.genblk1.genblk1.genblk1.genblk1.genblk1.genblk1.genblk1.genblk1.lut0 (6 -> 4)
  Optimizing lut $abc$48737$auto$blifparse.cc:557:parse_blif$51646.genblk1.genblk1.genblk1.genblk1.genblk1.genblk1.genblk1.genblk1.genblk1.lut0 (6 -> 0)
  Optimizing lut $abc$48737$auto$blifparse.cc:557:parse_blif$51680.genblk1.genblk1.genblk1.genblk1.genblk1.genblk1.genblk1.genblk1.genblk1.lut0 (6 -> 4)
  Optimizing lut $abc$48737$auto$blifparse.cc:557:parse_blif$51682.genblk1.genblk1.genblk1.genblk1.genblk1.genblk1.genblk1.genblk1.genblk1.lut0 (6 -> 0)
  Optimizing lut $abc$48737$auto$blifparse.cc:557:parse_blif$51701.genblk1.genblk1.genblk1.genblk1.genblk1.genblk1.genblk1.genblk1.genblk1.lut0 (6 -> 4)
  Optimizing lut $abc$48737$auto$blifparse.cc:557:parse_blif$51702.genblk1.genblk1.genblk1.genblk1.genblk1.genblk1.genblk1.genblk1.genblk1.lut0 (6 -> 0)
  Optimizing lut $abc$48737$auto$blifparse.cc:557:parse_blif$51712.genblk1.genblk1.genblk1.genblk1.genblk1.genblk1.genblk1.genblk1.genblk1.lut0 (6 -> 4)
  Optimizing lut $abc$48737$auto$blifparse.cc:557:parse_blif$51713.genblk1.genblk1.genblk1.genblk1.genblk1.genblk1.genblk1.genblk1.genblk1.lut0 (6 -> 0)
  Optimizing lut $abc$48737$auto$blifparse.cc:557:parse_blif$49230.genblk1.genblk1.genblk1.genblk1.genblk1.genblk1.genblk1.genblk1.genblk1.lut0 (6 -> 0)
  Optimizing lut $abc$48737$auto$blifparse.cc:557:parse_blif$49232.genblk1.genblk1.genblk1.genblk1.genblk1.genblk1.genblk1.genblk1.genblk1.lut0 (6 -> 0)
  Optimizing lut $abc$48737$auto$blifparse.cc:557:parse_blif$51832.genblk1.genblk1.genblk1.genblk1.genblk1.genblk1.genblk1.genblk1.genblk1.genblk1.lut0.genblk1.genblk1.genblk1.genblk1.genblk1.genblk1.genblk1.genblk1.genblk1.lut1 (6 -> 2)
  Optimizing lut $abc$48737$auto$blifparse.cc:557:parse_blif$51848.genblk1.genblk1.genblk1.genblk1.genblk1.genblk1.genblk1.genblk1.genblk1.genblk1.lut1.genblk1.genblk1.genblk1.genblk1.genblk1.genblk1.genblk1.genblk1.genblk1.lut1 (6 -> 0)
  Optimizing lut $abc$48737$auto$blifparse.cc:557:parse_blif$51848.genblk1.genblk1.genblk1.genblk1.genblk1.genblk1.genblk1.genblk1.genblk1.genblk1.lut0.genblk1.genblk1.genblk1.genblk1.genblk1.genblk1.genblk1.genblk1.genblk1.lut1 (6 -> 2)
  Optimizing lut $abc$48737$auto$blifparse.cc:557:parse_blif$51859.genblk1.genblk1.genblk1.genblk1.genblk1.genblk1.genblk1.genblk1.genblk1.lut0 (6 -> 4)
  Optimizing lut $abc$48737$auto$blifparse.cc:557:parse_blif$51848.genblk1.genblk1.genblk1.genblk1.genblk1.genblk1.genblk1.genblk1.genblk1.genblk1.lut0.genblk1.genblk1.genblk1.genblk1.genblk1.genblk1.genblk1.genblk1.genblk1.lut0 (6 -> 2)
  Optimizing lut $abc$48737$auto$blifparse.cc:557:parse_blif$51866.genblk1.genblk1.genblk1.genblk1.genblk1.genblk1.genblk1.genblk1.genblk1.lut0 (6 -> 3)
  Optimizing lut $abc$48737$auto$blifparse.cc:557:parse_blif$51859.genblk1.genblk1.genblk1.genblk1.genblk1.genblk1.genblk1.genblk1.genblk1.lut1 (6 -> 3)
  Optimizing lut $abc$48737$auto$blifparse.cc:557:parse_blif$52394.genblk1.genblk1.genblk1.genblk1.genblk1.genblk1.genblk1.genblk1.genblk1.lut1 (6 -> 4)
  Optimizing lut $abc$48737$auto$blifparse.cc:557:parse_blif$50981.genblk1.genblk1.genblk1.genblk1.genblk1.genblk1.genblk1.genblk1.genblk1.genblk1.lut1.genblk1.genblk1.genblk1.genblk1.genblk1.genblk1.genblk1.genblk1.genblk1.lut1 (6 -> 0)
  Optimizing lut $abc$48737$auto$blifparse.cc:557:parse_blif$51876.genblk1.genblk1.genblk1.genblk1.genblk1.genblk1.genblk1.genblk1.genblk1.lut1 (6 -> 4)
  Optimizing lut $abc$48737$auto$blifparse.cc:557:parse_blif$50898.genblk1.genblk1.genblk1.genblk1.genblk1.genblk1.genblk1.genblk1.genblk1.genblk1.lut1.genblk1.genblk1.genblk1.genblk1.genblk1.genblk1.genblk1.genblk1.genblk1.lut1 (6 -> 0)
  Optimizing lut $abc$48737$auto$blifparse.cc:557:parse_blif$51888.genblk1.genblk1.genblk1.genblk1.genblk1.genblk1.genblk1.genblk1.genblk1.genblk1.lut0.genblk1.genblk1.genblk1.genblk1.genblk1.genblk1.genblk1.genblk1.genblk1.lut1 (6 -> 2)
  Optimizing lut $abc$48737$auto$blifparse.cc:557:parse_blif$50900.genblk1.genblk1.genblk1.genblk1.genblk1.genblk1.genblk1.genblk1.genblk1.genblk1.lut1.genblk1.genblk1.genblk1.genblk1.genblk1.genblk1.genblk1.genblk1.genblk1.lut1 (6 -> 0)
  Optimizing lut $abc$48737$auto$blifparse.cc:557:parse_blif$51898.genblk1.genblk1.genblk1.genblk1.genblk1.genblk1.genblk1.genblk1.genblk1.genblk1.lut0.genblk1.genblk1.genblk1.genblk1.genblk1.genblk1.genblk1.genblk1.genblk1.lut1 (6 -> 0)
  Optimizing lut $abc$48737$auto$blifparse.cc:557:parse_blif$50921.genblk1.genblk1.genblk1.genblk1.genblk1.genblk1.genblk1.genblk1.genblk1.genblk1.lut1.genblk1.genblk1.genblk1.genblk1.genblk1.genblk1.genblk1.genblk1.genblk1.lut1 (6 -> 0)
  Optimizing lut $abc$48737$auto$blifparse.cc:557:parse_blif$51907.genblk1.genblk1.genblk1.genblk1.genblk1.genblk1.genblk1.genblk1.genblk1.lut1 (6 -> 4)
  Optimizing lut $abc$48737$auto$blifparse.cc:557:parse_blif$51909.genblk1.genblk1.genblk1.genblk1.genblk1.genblk1.genblk1.genblk1.genblk1.genblk1.lut0.genblk1.genblk1.genblk1.genblk1.genblk1.genblk1.genblk1.genblk1.genblk1.lut1 (6 -> 1)
  Optimizing lut $abc$48737$auto$blifparse.cc:557:parse_blif$51911.genblk1.genblk1.genblk1.genblk1.genblk1.genblk1.genblk1.genblk1.genblk1.lut0 (6 -> 3)
  Optimizing lut $abc$48737$auto$blifparse.cc:557:parse_blif$51909.genblk1.genblk1.genblk1.genblk1.genblk1.genblk1.genblk1.genblk1.genblk1.genblk1.lut0.genblk1.genblk1.genblk1.genblk1.genblk1.genblk1.genblk1.genblk1.genblk1.lut0 (6 -> 2)
  Optimizing lut $abc$48737$auto$blifparse.cc:557:parse_blif$51911.genblk1.genblk1.genblk1.genblk1.genblk1.genblk1.genblk1.genblk1.genblk1.lut1 (6 -> 4)
  Optimizing lut $abc$48737$auto$blifparse.cc:557:parse_blif$51915.genblk1.genblk1.genblk1.genblk1.genblk1.genblk1.genblk1.genblk1.genblk1.genblk1.lut0.genblk1.genblk1.genblk1.genblk1.genblk1.genblk1.genblk1.genblk1.genblk1.lut1 (6 -> 1)
  Optimizing lut $abc$48737$auto$blifparse.cc:557:parse_blif$51915.genblk1.genblk1.genblk1.genblk1.genblk1.genblk1.genblk1.genblk1.genblk1.genblk1.lut0.genblk1.genblk1.genblk1.genblk1.genblk1.genblk1.genblk1.genblk1.genblk1.lut0 (6 -> 2)
  Optimizing lut $abc$48737$auto$blifparse.cc:557:parse_blif$51919.genblk1.genblk1.genblk1.genblk1.genblk1.genblk1.genblk1.genblk1.genblk1.lut1 (6 -> 3)
  Optimizing lut $abc$48737$auto$blifparse.cc:557:parse_blif$51921.genblk1.genblk1.genblk1.genblk1.genblk1.genblk1.genblk1.genblk1.genblk1.genblk1.lut0.genblk1.genblk1.genblk1.genblk1.genblk1.genblk1.genblk1.genblk1.genblk1.lut1 (6 -> 2)
  Optimizing lut $abc$48737$auto$blifparse.cc:557:parse_blif$51927.genblk1.genblk1.genblk1.genblk1.genblk1.genblk1.genblk1.genblk1.genblk1.genblk1.lut0.genblk1.genblk1.genblk1.genblk1.genblk1.genblk1.genblk1.genblk1.genblk1.lut1 (6 -> 1)
  Optimizing lut $abc$48737$auto$blifparse.cc:557:parse_blif$51929.genblk1.genblk1.genblk1.genblk1.genblk1.genblk1.genblk1.genblk1.genblk1.lut0 (6 -> 3)
  Optimizing lut $abc$48737$auto$blifparse.cc:557:parse_blif$51927.genblk1.genblk1.genblk1.genblk1.genblk1.genblk1.genblk1.genblk1.genblk1.genblk1.lut0.genblk1.genblk1.genblk1.genblk1.genblk1.genblk1.genblk1.genblk1.genblk1.lut0 (6 -> 2)
  Optimizing lut $abc$48737$auto$blifparse.cc:557:parse_blif$51929.genblk1.genblk1.genblk1.genblk1.genblk1.genblk1.genblk1.genblk1.genblk1.lut1 (6 -> 4)
  Optimizing lut $abc$48737$auto$blifparse.cc:557:parse_blif$51932.genblk1.genblk1.genblk1.genblk1.genblk1.genblk1.genblk1.genblk1.genblk1.genblk1.lut0.genblk1.genblk1.genblk1.genblk1.genblk1.genblk1.genblk1.genblk1.genblk1.lut1 (6 -> 2)
  Optimizing lut $abc$48737$auto$blifparse.cc:557:parse_blif$51934.genblk1.genblk1.genblk1.genblk1.genblk1.genblk1.genblk1.genblk1.genblk1.lut0 (6 -> 3)
  Optimizing lut $abc$48737$auto$blifparse.cc:557:parse_blif$51932.genblk1.genblk1.genblk1.genblk1.genblk1.genblk1.genblk1.genblk1.genblk1.genblk1.lut0.genblk1.genblk1.genblk1.genblk1.genblk1.genblk1.genblk1.genblk1.genblk1.lut0 (6 -> 1)
  Optimizing lut $abc$48737$auto$blifparse.cc:557:parse_blif$51934.genblk1.genblk1.genblk1.genblk1.genblk1.genblk1.genblk1.genblk1.genblk1.lut1 (6 -> 4)
  Optimizing lut $abc$48737$auto$blifparse.cc:557:parse_blif$48775.genblk1.genblk1.genblk1.genblk1.genblk1.genblk1.genblk1.genblk1.genblk1.lut0 (6 -> 3)
  Optimizing lut $abc$48737$auto$blifparse.cc:557:parse_blif$48775.genblk1.genblk1.genblk1.genblk1.genblk1.genblk1.genblk1.genblk1.genblk1.lut1 (6 -> 3)
  Optimizing lut $abc$48737$auto$blifparse.cc:557:parse_blif$51953.genblk1.genblk1.genblk1.genblk1.genblk1.genblk1.genblk1.genblk1.genblk1.lut0 (6 -> 0)
  Optimizing lut $abc$48737$auto$blifparse.cc:557:parse_blif$51927.genblk1.genblk1.genblk1.genblk1.genblk1.genblk1.genblk1.genblk1.genblk1.genblk1.lut1.genblk1.genblk1.genblk1.genblk1.genblk1.genblk1.genblk1.genblk1.genblk1.lut1 (6 -> 2)
  Optimizing lut $abc$48737$auto$blifparse.cc:557:parse_blif$51932.genblk1.genblk1.genblk1.genblk1.genblk1.genblk1.genblk1.genblk1.genblk1.genblk1.lut1.genblk1.genblk1.genblk1.genblk1.genblk1.genblk1.genblk1.genblk1.genblk1.lut1 (6 -> 1)
  Optimizing lut $abc$48737$auto$blifparse.cc:557:parse_blif$51909.genblk1.genblk1.genblk1.genblk1.genblk1.genblk1.genblk1.genblk1.genblk1.genblk1.lut1.genblk1.genblk1.genblk1.genblk1.genblk1.genblk1.genblk1.genblk1.genblk1.lut1 (6 -> 2)
  Optimizing lut $abc$48737$auto$blifparse.cc:557:parse_blif$51959.genblk1.genblk1.genblk1.genblk1.genblk1.genblk1.genblk1.genblk1.genblk1.genblk1.lut0.genblk1.genblk1.genblk1.genblk1.genblk1.genblk1.genblk1.genblk1.genblk1.lut1 (6 -> 1)
  Optimizing lut $abc$48737$auto$blifparse.cc:557:parse_blif$51961.genblk1.genblk1.genblk1.genblk1.genblk1.genblk1.genblk1.genblk1.genblk1.lut0 (6 -> 3)
  Optimizing lut $abc$48737$auto$blifparse.cc:557:parse_blif$51959.genblk1.genblk1.genblk1.genblk1.genblk1.genblk1.genblk1.genblk1.genblk1.genblk1.lut0.genblk1.genblk1.genblk1.genblk1.genblk1.genblk1.genblk1.genblk1.genblk1.lut0 (6 -> 2)
  Optimizing lut $abc$48737$auto$blifparse.cc:557:parse_blif$51961.genblk1.genblk1.genblk1.genblk1.genblk1.genblk1.genblk1.genblk1.genblk1.lut1 (6 -> 4)
  Optimizing lut $abc$48737$auto$blifparse.cc:557:parse_blif$51974.genblk1.genblk1.genblk1.genblk1.genblk1.genblk1.genblk1.genblk1.genblk1.genblk1.lut0.genblk1.genblk1.genblk1.genblk1.genblk1.genblk1.genblk1.genblk1.genblk1.lut1 (6 -> 0)
  Optimizing lut $abc$48737$auto$blifparse.cc:557:parse_blif$51912.genblk1.genblk1.genblk1.genblk1.genblk1.genblk1.genblk1.genblk1.genblk1.lut1 (6 -> 4)
  Optimizing lut $abc$48737$auto$blifparse.cc:557:parse_blif$52057.genblk1.genblk1.genblk1.genblk1.genblk1.genblk1.genblk1.genblk1.genblk1.lut0 (6 -> 4)
  Optimizing lut $abc$48737$auto$blifparse.cc:557:parse_blif$52071.genblk1.genblk1.genblk1.genblk1.genblk1.genblk1.genblk1.genblk1.genblk1.lut0 (6 -> 3)
  Optimizing lut $abc$48737$auto$blifparse.cc:557:parse_blif$52075.genblk1.genblk1.genblk1.genblk1.genblk1.genblk1.genblk1.genblk1.genblk1.lut0 (6 -> 4)
  Optimizing lut $abc$48737$auto$blifparse.cc:557:parse_blif$51989.genblk1.genblk1.genblk1.genblk1.genblk1.genblk1.genblk1.genblk1.genblk1.lut1 (6 -> 4)
  Optimizing lut $abc$48737$auto$blifparse.cc:557:parse_blif$52074.genblk1.genblk1.genblk1.genblk1.genblk1.genblk1.genblk1.genblk1.genblk1.lut0 (6 -> 0)
  Optimizing lut $abc$48737$auto$blifparse.cc:557:parse_blif$52059.genblk1.genblk1.genblk1.genblk1.genblk1.genblk1.genblk1.genblk1.genblk1.lut0 (6 -> 3)
  Optimizing lut $abc$48737$auto$blifparse.cc:557:parse_blif$49638.genblk1.genblk1.genblk1.genblk1.genblk1.genblk1.genblk1.genblk1.genblk1.lut0 (6 -> 0)
  Optimizing lut $abc$48737$auto$blifparse.cc:557:parse_blif$52064.genblk1.genblk1.genblk1.genblk1.genblk1.genblk1.genblk1.genblk1.genblk1.lut0 (6 -> 3)
  Optimizing lut $abc$48737$auto$blifparse.cc:557:parse_blif$49782.genblk1.genblk1.genblk1.genblk1.genblk1.genblk1.genblk1.genblk1.genblk1.lut0 (6 -> 0)
  Optimizing lut $abc$48737$auto$blifparse.cc:557:parse_blif$49810.genblk1.genblk1.genblk1.genblk1.genblk1.genblk1.genblk1.genblk1.genblk1.genblk1.lut1.genblk1.genblk1.genblk1.genblk1.genblk1.genblk1.genblk1.genblk1.genblk1.lut1 (6 -> 0)
  Optimizing lut $abc$48737$auto$blifparse.cc:557:parse_blif$49508.genblk1.genblk1.genblk1.genblk1.genblk1.genblk1.genblk1.genblk1.genblk1.lut0 (6 -> 0)
  Optimizing lut $abc$48737$auto$blifparse.cc:557:parse_blif$49755.genblk1.genblk1.genblk1.genblk1.genblk1.genblk1.genblk1.genblk1.genblk1.lut0 (6 -> 0)
  Optimizing lut $abc$48737$auto$blifparse.cc:557:parse_blif$52021.genblk1.genblk1.genblk1.genblk1.genblk1.genblk1.genblk1.genblk1.genblk1.lut1 (6 -> 4)
  Optimizing lut $abc$48737$auto$blifparse.cc:557:parse_blif$49786.genblk1.genblk1.genblk1.genblk1.genblk1.genblk1.genblk1.genblk1.genblk1.lut0 (6 -> 0)
  Optimizing lut $abc$48737$auto$blifparse.cc:557:parse_blif$52066.genblk1.genblk1.genblk1.genblk1.genblk1.genblk1.genblk1.genblk1.genblk1.lut0 (6 -> 4)
  Optimizing lut $abc$48737$auto$blifparse.cc:557:parse_blif$49763.genblk1.genblk1.genblk1.genblk1.genblk1.genblk1.genblk1.genblk1.genblk1.genblk1.lut1.genblk1.genblk1.genblk1.genblk1.genblk1.genblk1.genblk1.genblk1.genblk1.lut1 (6 -> 0)
  Optimizing lut $abc$48737$auto$blifparse.cc:557:parse_blif$49790.genblk1.genblk1.genblk1.genblk1.genblk1.genblk1.genblk1.genblk1.genblk1.lut0 (6 -> 0)
  Optimizing lut $abc$48737$auto$blifparse.cc:557:parse_blif$49649.genblk1.genblk1.genblk1.genblk1.genblk1.genblk1.genblk1.genblk1.genblk1.lut0 (6 -> 0)
  Optimizing lut $abc$48737$auto$blifparse.cc:557:parse_blif$52040.genblk1.genblk1.genblk1.genblk1.genblk1.genblk1.genblk1.genblk1.genblk1.lut1 (6 -> 4)
  Optimizing lut $abc$48737$auto$blifparse.cc:557:parse_blif$52073.genblk1.genblk1.genblk1.genblk1.genblk1.genblk1.genblk1.genblk1.genblk1.lut0 (6 -> 4)
  Optimizing lut $abc$48737$auto$blifparse.cc:557:parse_blif$52046.genblk1.genblk1.genblk1.genblk1.genblk1.genblk1.genblk1.genblk1.genblk1.lut1 (6 -> 3)
  Optimizing lut $abc$48737$auto$blifparse.cc:557:parse_blif$52051.genblk1.genblk1.genblk1.genblk1.genblk1.genblk1.genblk1.genblk1.genblk1.lut1 (6 -> 4)
  Optimizing lut $abc$48737$auto$blifparse.cc:557:parse_blif$52053.genblk1.genblk1.genblk1.genblk1.genblk1.genblk1.genblk1.genblk1.genblk1.lut1 (6 -> 4)
  Optimizing lut $abc$48737$auto$blifparse.cc:557:parse_blif$52057.genblk1.genblk1.genblk1.genblk1.genblk1.genblk1.genblk1.genblk1.genblk1.lut1 (6 -> 3)
  Optimizing lut $abc$48737$auto$blifparse.cc:557:parse_blif$52059.genblk1.genblk1.genblk1.genblk1.genblk1.genblk1.genblk1.genblk1.genblk1.lut1 (6 -> 4)
  Optimizing lut $abc$48737$auto$blifparse.cc:557:parse_blif$52061.genblk1.genblk1.genblk1.genblk1.genblk1.genblk1.genblk1.genblk1.genblk1.lut1 (6 -> 4)
  Optimizing lut $abc$48737$auto$blifparse.cc:557:parse_blif$52064.genblk1.genblk1.genblk1.genblk1.genblk1.genblk1.genblk1.genblk1.genblk1.lut1 (6 -> 4)
  Optimizing lut $abc$48737$auto$blifparse.cc:557:parse_blif$52066.genblk1.genblk1.genblk1.genblk1.genblk1.genblk1.genblk1.genblk1.genblk1.lut1 (6 -> 3)
  Optimizing lut $abc$48737$auto$blifparse.cc:557:parse_blif$52068.genblk1.genblk1.genblk1.genblk1.genblk1.genblk1.genblk1.genblk1.genblk1.lut1 (6 -> 3)
  Optimizing lut $abc$48737$auto$blifparse.cc:557:parse_blif$52071.genblk1.genblk1.genblk1.genblk1.genblk1.genblk1.genblk1.genblk1.genblk1.lut1 (6 -> 4)
  Optimizing lut $abc$48737$auto$blifparse.cc:557:parse_blif$52073.genblk1.genblk1.genblk1.genblk1.genblk1.genblk1.genblk1.genblk1.genblk1.lut1 (6 -> 3)
  Optimizing lut $abc$48737$auto$blifparse.cc:557:parse_blif$49844.genblk1.genblk1.genblk1.genblk1.genblk1.genblk1.genblk1.genblk1.genblk1.genblk1.lut0.genblk1.genblk1.genblk1.genblk1.genblk1.genblk1.genblk1.genblk1.genblk1.lut0 (6 -> 0)
  Optimizing lut $abc$48737$auto$blifparse.cc:557:parse_blif$51975.genblk1.genblk1.genblk1.genblk1.genblk1.genblk1.genblk1.genblk1.genblk1.lut0 (6 -> 0)
  Optimizing lut $abc$48737$auto$blifparse.cc:557:parse_blif$51989.genblk1.genblk1.genblk1.genblk1.genblk1.genblk1.genblk1.genblk1.genblk1.lut0 (6 -> 4)
  Optimizing lut $abc$48737$auto$blifparse.cc:557:parse_blif$52007.genblk1.genblk1.genblk1.genblk1.genblk1.genblk1.genblk1.genblk1.genblk1.lut0 (6 -> 0)
  Optimizing lut $abc$48737$auto$blifparse.cc:557:parse_blif$52021.genblk1.genblk1.genblk1.genblk1.genblk1.genblk1.genblk1.genblk1.genblk1.lut0 (6 -> 4)
  Optimizing lut $abc$48737$auto$blifparse.cc:557:parse_blif$52036.genblk1.genblk1.genblk1.genblk1.genblk1.genblk1.genblk1.genblk1.genblk1.lut0 (6 -> 0)
  Optimizing lut $abc$48737$auto$blifparse.cc:557:parse_blif$52040.genblk1.genblk1.genblk1.genblk1.genblk1.genblk1.genblk1.genblk1.genblk1.lut0 (6 -> 4)
  Optimizing lut $abc$48737$auto$blifparse.cc:557:parse_blif$52046.genblk1.genblk1.genblk1.genblk1.genblk1.genblk1.genblk1.genblk1.genblk1.lut0 (6 -> 4)
  Optimizing lut $abc$48737$auto$blifparse.cc:557:parse_blif$52051.genblk1.genblk1.genblk1.genblk1.genblk1.genblk1.genblk1.genblk1.genblk1.lut0 (6 -> 3)
  Optimizing lut $abc$48737$auto$blifparse.cc:557:parse_blif$51905.genblk1.genblk1.genblk1.genblk1.genblk1.genblk1.genblk1.genblk1.genblk1.lut1 (6 -> 4)
  Optimizing lut $abc$48737$auto$blifparse.cc:557:parse_blif$52124.genblk1.genblk1.genblk1.genblk1.genblk1.genblk1.genblk1.genblk1.genblk1.lut1 (6 -> 4)
  Optimizing lut $abc$48737$auto$blifparse.cc:557:parse_blif$48750.genblk1.genblk1.genblk1.genblk1.genblk1.genblk1.genblk1.genblk1.genblk1.lut0 (6 -> 4)
  Optimizing lut $abc$48737$auto$blifparse.cc:557:parse_blif$48801.genblk1.genblk1.genblk1.genblk1.genblk1.genblk1.genblk1.genblk1.genblk1.lut0 (6 -> 4)
  Optimizing lut $abc$48737$auto$blifparse.cc:557:parse_blif$52168.genblk1.genblk1.genblk1.genblk1.genblk1.genblk1.genblk1.genblk1.genblk1.lut0 (6 -> 0)
  Optimizing lut $abc$48737$auto$blifparse.cc:557:parse_blif$52257.genblk1.genblk1.genblk1.genblk1.genblk1.genblk1.genblk1.genblk1.genblk1.lut1 (6 -> 4)
  Optimizing lut $abc$48737$auto$blifparse.cc:557:parse_blif$52266.genblk1.genblk1.genblk1.genblk1.genblk1.genblk1.genblk1.genblk1.genblk1.lut0 (6 -> 0)
  Optimizing lut $abc$48737$auto$blifparse.cc:557:parse_blif$52259.genblk1.genblk1.genblk1.genblk1.genblk1.genblk1.genblk1.genblk1.genblk1.lut0 (6 -> 0)
  Optimizing lut $abc$48737$auto$blifparse.cc:557:parse_blif$52075.genblk1.genblk1.genblk1.genblk1.genblk1.genblk1.genblk1.genblk1.genblk1.lut1 (6 -> 3)
  Optimizing lut $abc$48737$auto$blifparse.cc:557:parse_blif$52243.genblk1.genblk1.genblk1.genblk1.genblk1.genblk1.genblk1.genblk1.genblk1.lut0 (6 -> 4)
  Optimizing lut $abc$48737$auto$blifparse.cc:557:parse_blif$52257.genblk1.genblk1.genblk1.genblk1.genblk1.genblk1.genblk1.genblk1.genblk1.lut0 (6 -> 4)
  Optimizing lut $abc$48737$auto$blifparse.cc:557:parse_blif$52171.genblk1.genblk1.genblk1.genblk1.genblk1.genblk1.genblk1.genblk1.genblk1.lut1 (6 -> 4)
  Optimizing lut $abc$48737$auto$blifparse.cc:557:parse_blif$52247.genblk1.genblk1.genblk1.genblk1.genblk1.genblk1.genblk1.genblk1.genblk1.lut0 (6 -> 0)
  Optimizing lut $abc$48737$auto$blifparse.cc:557:parse_blif$52192.genblk1.genblk1.genblk1.genblk1.genblk1.genblk1.genblk1.genblk1.genblk1.lut0 (6 -> 3)
  Optimizing lut $abc$48737$auto$blifparse.cc:557:parse_blif$52198.genblk1.genblk1.genblk1.genblk1.genblk1.genblk1.genblk1.genblk1.genblk1.lut0 (6 -> 0)
  Optimizing lut $abc$48737$auto$blifparse.cc:557:parse_blif$49847.genblk1.genblk1.genblk1.genblk1.genblk1.genblk1.genblk1.genblk1.genblk1.genblk1.lut1.genblk1.genblk1.genblk1.genblk1.genblk1.genblk1.genblk1.genblk1.genblk1.lut1 (6 -> 0)
  Optimizing lut $abc$48737$auto$blifparse.cc:557:parse_blif$49938.genblk1.genblk1.genblk1.genblk1.genblk1.genblk1.genblk1.genblk1.genblk1.genblk1.lut0.genblk1.genblk1.genblk1.genblk1.genblk1.genblk1.genblk1.genblk1.genblk1.lut0 (6 -> 0)
  Optimizing lut $abc$48737$auto$blifparse.cc:557:parse_blif$52185.genblk1.genblk1.genblk1.genblk1.genblk1.genblk1.genblk1.genblk1.genblk1.lut1 (6 -> 4)
  Optimizing lut $abc$48737$auto$blifparse.cc:557:parse_blif$49895.genblk1.genblk1.genblk1.genblk1.genblk1.genblk1.genblk1.genblk1.genblk1.lut0 (6 -> 0)
  Optimizing lut $abc$48737$auto$blifparse.cc:557:parse_blif$52250.genblk1.genblk1.genblk1.genblk1.genblk1.genblk1.genblk1.genblk1.genblk1.lut0 (6 -> 4)
  Optimizing lut $abc$48737$auto$blifparse.cc:557:parse_blif$49882.genblk1.genblk1.genblk1.genblk1.genblk1.genblk1.genblk1.genblk1.genblk1.lut0 (6 -> 0)
  Optimizing lut $abc$48737$auto$blifparse.cc:557:parse_blif$49745.genblk1.genblk1.genblk1.genblk1.genblk1.genblk1.genblk1.genblk1.genblk1.genblk1.lut1.genblk1.genblk1.genblk1.genblk1.genblk1.genblk1.genblk1.genblk1.genblk1.lut1 (6 -> 0)
  Optimizing lut $abc$48737$auto$blifparse.cc:557:parse_blif$49910.genblk1.genblk1.genblk1.genblk1.genblk1.genblk1.genblk1.genblk1.genblk1.lut0 (6 -> 0)
  Optimizing lut $abc$48737$auto$blifparse.cc:557:parse_blif$49921.genblk1.genblk1.genblk1.genblk1.genblk1.genblk1.genblk1.genblk1.genblk1.genblk1.lut1.genblk1.genblk1.genblk1.genblk1.genblk1.genblk1.genblk1.genblk1.genblk1.lut1 (6 -> 0)
  Optimizing lut $abc$48737$auto$blifparse.cc:557:parse_blif$52200.genblk1.genblk1.genblk1.genblk1.genblk1.genblk1.genblk1.genblk1.genblk1.lut1 (6 -> 4)
  Optimizing lut $abc$48737$auto$blifparse.cc:557:parse_blif$49899.genblk1.genblk1.genblk1.genblk1.genblk1.genblk1.genblk1.genblk1.genblk1.lut0 (6 -> 0)
  Optimizing lut $abc$48737$auto$blifparse.cc:557:parse_blif$52254.genblk1.genblk1.genblk1.genblk1.genblk1.genblk1.genblk1.genblk1.genblk1.lut0 (6 -> 0)
  Optimizing lut $abc$48737$auto$blifparse.cc:557:parse_blif$49774.genblk1.genblk1.genblk1.genblk1.genblk1.genblk1.genblk1.genblk1.genblk1.lut0 (6 -> 0)
  Optimizing lut $abc$48737$auto$blifparse.cc:557:parse_blif$52222.genblk1.genblk1.genblk1.genblk1.genblk1.genblk1.genblk1.genblk1.genblk1.lut0 (6 -> 0)
  Optimizing lut $abc$48737$auto$blifparse.cc:557:parse_blif$52213.genblk1.genblk1.genblk1.genblk1.genblk1.genblk1.genblk1.genblk1.genblk1.lut1 (6 -> 4)
  Optimizing lut $abc$48737$auto$blifparse.cc:557:parse_blif$52223.genblk1.genblk1.genblk1.genblk1.genblk1.genblk1.genblk1.genblk1.genblk1.lut1 (6 -> 4)
  Optimizing lut $abc$48737$auto$blifparse.cc:557:parse_blif$52228.genblk1.genblk1.genblk1.genblk1.genblk1.genblk1.genblk1.genblk1.genblk1.lut1 (6 -> 4)
  Optimizing lut $abc$48737$auto$blifparse.cc:557:parse_blif$52235.genblk1.genblk1.genblk1.genblk1.genblk1.genblk1.genblk1.genblk1.genblk1.lut0 (6 -> 0)
  Optimizing lut $abc$48737$auto$blifparse.cc:557:parse_blif$52232.genblk1.genblk1.genblk1.genblk1.genblk1.genblk1.genblk1.genblk1.genblk1.lut1 (6 -> 4)
  Optimizing lut $abc$48737$auto$blifparse.cc:557:parse_blif$52216.genblk1.genblk1.genblk1.genblk1.genblk1.genblk1.genblk1.genblk1.genblk1.lut0 (6 -> 3)
  Optimizing lut $abc$48737$auto$blifparse.cc:557:parse_blif$52245.genblk1.genblk1.genblk1.genblk1.genblk1.genblk1.genblk1.genblk1.genblk1.lut0 (6 -> 0)
  Optimizing lut $abc$48737$auto$blifparse.cc:557:parse_blif$52243.genblk1.genblk1.genblk1.genblk1.genblk1.genblk1.genblk1.genblk1.genblk1.lut1 (6 -> 4)
  Optimizing lut $abc$48737$auto$blifparse.cc:557:parse_blif$52252.genblk1.genblk1.genblk1.genblk1.genblk1.genblk1.genblk1.genblk1.genblk1.lut0 (6 -> 0)
  Optimizing lut $abc$48737$auto$blifparse.cc:557:parse_blif$52250.genblk1.genblk1.genblk1.genblk1.genblk1.genblk1.genblk1.genblk1.genblk1.lut1 (6 -> 4)
  Optimizing lut $abc$48737$auto$blifparse.cc:557:parse_blif$52164.genblk1.genblk1.genblk1.genblk1.genblk1.genblk1.genblk1.genblk1.genblk1.lut0 (6 -> 3)
  Optimizing lut $abc$48737$auto$blifparse.cc:557:parse_blif$52164.genblk1.genblk1.genblk1.genblk1.genblk1.genblk1.genblk1.genblk1.genblk1.lut1 (6 -> 3)
  Optimizing lut $abc$48737$auto$blifparse.cc:557:parse_blif$52192.genblk1.genblk1.genblk1.genblk1.genblk1.genblk1.genblk1.genblk1.genblk1.lut1 (6 -> 3)
  Optimizing lut $abc$48737$auto$blifparse.cc:557:parse_blif$52197.genblk1.genblk1.genblk1.genblk1.genblk1.genblk1.genblk1.genblk1.genblk1.lut1 (6 -> 3)
  Optimizing lut $abc$48737$auto$blifparse.cc:557:parse_blif$52185.genblk1.genblk1.genblk1.genblk1.genblk1.genblk1.genblk1.genblk1.genblk1.lut0 (6 -> 4)
  Optimizing lut $abc$48737$auto$blifparse.cc:557:parse_blif$52213.genblk1.genblk1.genblk1.genblk1.genblk1.genblk1.genblk1.genblk1.genblk1.lut0 (6 -> 4)
  Optimizing lut $abc$48737$auto$blifparse.cc:557:parse_blif$52228.genblk1.genblk1.genblk1.genblk1.genblk1.genblk1.genblk1.genblk1.genblk1.lut0 (6 -> 4)
  Optimizing lut $abc$48737$auto$blifparse.cc:557:parse_blif$52232.genblk1.genblk1.genblk1.genblk1.genblk1.genblk1.genblk1.genblk1.genblk1.lut0 (6 -> 4)
  Optimizing lut $abc$48737$auto$blifparse.cc:557:parse_blif$52240.genblk1.genblk1.genblk1.genblk1.genblk1.genblk1.genblk1.genblk1.genblk1.lut0 (6 -> 0)
  Optimizing lut $abc$48737$auto$blifparse.cc:557:parse_blif$52142.genblk1.genblk1.genblk1.genblk1.genblk1.genblk1.genblk1.genblk1.genblk1.lut0 (6 -> 0)
  Optimizing lut $abc$48737$auto$blifparse.cc:557:parse_blif$52140.genblk1.genblk1.genblk1.genblk1.genblk1.genblk1.genblk1.genblk1.genblk1.lut0 (6 -> 0)
  Optimizing lut $abc$48737$auto$blifparse.cc:557:parse_blif$52353.genblk1.genblk1.genblk1.genblk1.genblk1.genblk1.genblk1.genblk1.genblk1.lut0 (6 -> 0)
  Optimizing lut $abc$48737$auto$blifparse.cc:557:parse_blif$51041.genblk1.genblk1.genblk1.genblk1.genblk1.genblk1.genblk1.genblk1.genblk1.lut0 (6 -> 0)
  Optimizing lut $abc$48737$auto$blifparse.cc:557:parse_blif$53196.genblk1.genblk1.genblk1.genblk1.genblk1.genblk1.genblk1.genblk1.genblk1.genblk1.lut0.genblk1.genblk1.genblk1.genblk1.genblk1.genblk1.genblk1.genblk1.genblk1.lut0 (6 -> 0)
  Optimizing lut $abc$48737$auto$blifparse.cc:557:parse_blif$50740.genblk1.genblk1.genblk1.genblk1.genblk1.genblk1.genblk1.genblk1.genblk1.lut0 (6 -> 0)
  Optimizing lut $abc$48737$auto$blifparse.cc:557:parse_blif$51051.genblk1.genblk1.genblk1.genblk1.genblk1.genblk1.genblk1.genblk1.genblk1.genblk1.lut1.genblk1.genblk1.genblk1.genblk1.genblk1.genblk1.genblk1.genblk1.genblk1.lut1 (6 -> 0)
  Optimizing lut $abc$48737$auto$blifparse.cc:557:parse_blif$51021.genblk1.genblk1.genblk1.genblk1.genblk1.genblk1.genblk1.genblk1.genblk1.lut0 (6 -> 0)
  Optimizing lut $abc$48737$auto$blifparse.cc:557:parse_blif$50946.genblk1.genblk1.genblk1.genblk1.genblk1.genblk1.genblk1.genblk1.genblk1.lut0 (6 -> 0)
  Optimizing lut $abc$48737$auto$blifparse.cc:557:parse_blif$51031.genblk1.genblk1.genblk1.genblk1.genblk1.genblk1.genblk1.genblk1.genblk1.lut0 (6 -> 0)
  Optimizing lut $abc$48737$auto$blifparse.cc:557:parse_blif$50958.genblk1.genblk1.genblk1.genblk1.genblk1.genblk1.genblk1.genblk1.genblk1.lut0 (6 -> 0)
  Optimizing lut $abc$48737$auto$blifparse.cc:557:parse_blif$51036.genblk1.genblk1.genblk1.genblk1.genblk1.genblk1.genblk1.genblk1.genblk1.lut0 (6 -> 0)
  Optimizing lut $abc$48737$auto$blifparse.cc:557:parse_blif$50894.genblk1.genblk1.genblk1.genblk1.genblk1.genblk1.genblk1.genblk1.genblk1.lut0 (6 -> 0)
  Optimizing lut $abc$48737$auto$blifparse.cc:557:parse_blif$51000.genblk1.genblk1.genblk1.genblk1.genblk1.genblk1.genblk1.genblk1.genblk1.lut0 (6 -> 0)
  Optimizing lut $abc$48737$auto$blifparse.cc:557:parse_blif$50812.genblk1.genblk1.genblk1.genblk1.genblk1.genblk1.genblk1.genblk1.genblk1.lut0 (6 -> 0)
  Optimizing lut $abc$48737$auto$blifparse.cc:557:parse_blif$51008.genblk1.genblk1.genblk1.genblk1.genblk1.genblk1.genblk1.genblk1.genblk1.genblk1.lut1.genblk1.genblk1.genblk1.genblk1.genblk1.genblk1.genblk1.genblk1.genblk1.lut1 (6 -> 0)
  Optimizing lut $abc$48737$auto$blifparse.cc:557:parse_blif$50912.genblk1.genblk1.genblk1.genblk1.genblk1.genblk1.genblk1.genblk1.genblk1.lut0 (6 -> 0)
  Optimizing lut $abc$48737$auto$blifparse.cc:557:parse_blif$51016.genblk1.genblk1.genblk1.genblk1.genblk1.genblk1.genblk1.genblk1.genblk1.lut0 (6 -> 0)
  Optimizing lut $abc$48737$auto$blifparse.cc:557:parse_blif$50962.genblk1.genblk1.genblk1.genblk1.genblk1.genblk1.genblk1.genblk1.genblk1.lut0 (6 -> 0)
  Optimizing lut $abc$48737$auto$blifparse.cc:557:parse_blif$50977.genblk1.genblk1.genblk1.genblk1.genblk1.genblk1.genblk1.genblk1.genblk1.lut0 (6 -> 0)
  Optimizing lut $abc$48737$auto$blifparse.cc:557:parse_blif$50870.genblk1.genblk1.genblk1.genblk1.genblk1.genblk1.genblk1.genblk1.genblk1.lut0 (6 -> 0)
  Optimizing lut $abc$48737$auto$blifparse.cc:557:parse_blif$50744.genblk1.genblk1.genblk1.genblk1.genblk1.genblk1.genblk1.genblk1.genblk1.lut0 (6 -> 0)
  Optimizing lut $abc$48737$auto$blifparse.cc:557:parse_blif$54150.genblk1.genblk1.genblk1.genblk1.genblk1.genblk1.genblk1.genblk1.genblk1.genblk1.lut0.genblk1.genblk1.genblk1.genblk1.genblk1.genblk1.genblk1.genblk1.genblk1.lut0 (6 -> 0)
  Optimizing lut $abc$48737$auto$blifparse.cc:557:parse_blif$52394.genblk1.genblk1.genblk1.genblk1.genblk1.genblk1.genblk1.genblk1.genblk1.lut0 (6 -> 3)
  Optimizing lut $abc$48737$auto$blifparse.cc:557:parse_blif$52414.genblk1.genblk1.genblk1.genblk1.genblk1.genblk1.genblk1.genblk1.genblk1.lut0 (6 -> 0)
  Optimizing lut $abc$48737$auto$blifparse.cc:557:parse_blif$52463.genblk1.genblk1.genblk1.genblk1.genblk1.genblk1.genblk1.genblk1.genblk1.lut0 (6 -> 3)
  Optimizing lut $abc$48737$auto$blifparse.cc:557:parse_blif$52481.genblk1.genblk1.genblk1.genblk1.genblk1.genblk1.genblk1.genblk1.genblk1.lut0 (6 -> 0)
  Optimizing lut $abc$48737$auto$blifparse.cc:557:parse_blif$52463.genblk1.genblk1.genblk1.genblk1.genblk1.genblk1.genblk1.genblk1.genblk1.lut1 (6 -> 4)
  Optimizing lut $abc$48737$auto$blifparse.cc:557:parse_blif$52455.genblk1.genblk1.genblk1.genblk1.genblk1.genblk1.genblk1.genblk1.genblk1.lut0 (6 -> 0)
  Optimizing lut $abc$48737$auto$blifparse.cc:557:parse_blif$55495.genblk1.genblk1.genblk1.genblk1.genblk1.genblk1.genblk1.genblk1.genblk1.genblk1.lut0.genblk1.genblk1.genblk1.genblk1.genblk1.genblk1.genblk1.genblk1.genblk1.lut0 (6 -> 0)
  Optimizing lut $abc$48737$auto$blifparse.cc:557:parse_blif$52473.genblk1.genblk1.genblk1.genblk1.genblk1.genblk1.genblk1.genblk1.genblk1.lut0 (6 -> 4)
  Optimizing lut $abc$48737$auto$blifparse.cc:557:parse_blif$52531.genblk1.genblk1.genblk1.genblk1.genblk1.genblk1.genblk1.genblk1.genblk1.genblk1.lut0.genblk1.genblk1.genblk1.genblk1.genblk1.genblk1.genblk1.genblk1.genblk1.lut1 (6 -> 0)
  Optimizing lut $abc$48737$auto$blifparse.cc:557:parse_blif$50000.genblk1.genblk1.genblk1.genblk1.genblk1.genblk1.genblk1.genblk1.genblk1.genblk1.lut0.genblk1.genblk1.genblk1.genblk1.genblk1.genblk1.genblk1.genblk1.genblk1.lut0 (6 -> 0)
  Optimizing lut $abc$48737$auto$blifparse.cc:557:parse_blif$52473.genblk1.genblk1.genblk1.genblk1.genblk1.genblk1.genblk1.genblk1.genblk1.lut1 (6 -> 3)
  Optimizing lut $abc$48737$auto$blifparse.cc:557:parse_blif$52617.genblk1.genblk1.genblk1.genblk1.genblk1.genblk1.genblk1.genblk1.genblk1.lut0 (6 -> 0)
  Optimizing lut $abc$48737$auto$blifparse.cc:557:parse_blif$52627.genblk1.genblk1.genblk1.genblk1.genblk1.genblk1.genblk1.genblk1.genblk1.lut0 (6 -> 0)
  Optimizing lut $abc$48737$auto$blifparse.cc:557:parse_blif$52542.genblk1.genblk1.genblk1.genblk1.genblk1.genblk1.genblk1.genblk1.genblk1.lut1 (6 -> 4)
  Optimizing lut $abc$48737$auto$blifparse.cc:557:parse_blif$52619.genblk1.genblk1.genblk1.genblk1.genblk1.genblk1.genblk1.genblk1.genblk1.lut0 (6 -> 0)
  Optimizing lut $abc$48737$auto$blifparse.cc:557:parse_blif$52629.genblk1.genblk1.genblk1.genblk1.genblk1.genblk1.genblk1.genblk1.genblk1.lut0 (6 -> 0)
  Optimizing lut $abc$48737$auto$blifparse.cc:557:parse_blif$50000.genblk1.genblk1.genblk1.genblk1.genblk1.genblk1.genblk1.genblk1.genblk1.genblk1.lut1.genblk1.genblk1.genblk1.genblk1.genblk1.genblk1.genblk1.genblk1.genblk1.lut1 (6 -> 0)
  Optimizing lut $abc$48737$auto$blifparse.cc:557:parse_blif$52550.genblk1.genblk1.genblk1.genblk1.genblk1.genblk1.genblk1.genblk1.genblk1.lut1 (6 -> 3)
  Optimizing lut $abc$48737$auto$blifparse.cc:557:parse_blif$52622.genblk1.genblk1.genblk1.genblk1.genblk1.genblk1.genblk1.genblk1.genblk1.lut0 (6 -> 0)
  Optimizing lut $abc$48737$auto$blifparse.cc:557:parse_blif$49980.genblk1.genblk1.genblk1.genblk1.genblk1.genblk1.genblk1.genblk1.genblk1.lut0 (6 -> 0)
  Optimizing lut $abc$48737$auto$blifparse.cc:557:parse_blif$49903.genblk1.genblk1.genblk1.genblk1.genblk1.genblk1.genblk1.genblk1.genblk1.lut0 (6 -> 0)
  Optimizing lut $abc$48737$auto$blifparse.cc:557:parse_blif$52572.genblk1.genblk1.genblk1.genblk1.genblk1.genblk1.genblk1.genblk1.genblk1.lut1 (6 -> 4)
  Optimizing lut $abc$48737$auto$blifparse.cc:557:parse_blif$49973.genblk1.genblk1.genblk1.genblk1.genblk1.genblk1.genblk1.genblk1.genblk1.lut0 (6 -> 0)
  Optimizing lut $abc$48737$auto$blifparse.cc:557:parse_blif$49489.genblk1.genblk1.genblk1.genblk1.genblk1.genblk1.genblk1.genblk1.genblk1.genblk1.lut1.genblk1.genblk1.genblk1.genblk1.genblk1.genblk1.genblk1.genblk1.genblk1.lut1 (6 -> 0)
  Optimizing lut $abc$48737$auto$blifparse.cc:557:parse_blif$49969.genblk1.genblk1.genblk1.genblk1.genblk1.genblk1.genblk1.genblk1.genblk1.lut0 (6 -> 0)
  Optimizing lut $abc$48737$auto$blifparse.cc:557:parse_blif$49878.genblk1.genblk1.genblk1.genblk1.genblk1.genblk1.genblk1.genblk1.genblk1.lut0 (6 -> 0)
  Optimizing lut $abc$48737$auto$blifparse.cc:557:parse_blif$52624.genblk1.genblk1.genblk1.genblk1.genblk1.genblk1.genblk1.genblk1.genblk1.lut0 (6 -> 0)
  Optimizing lut $abc$48737$auto$blifparse.cc:557:parse_blif$49856.genblk1.genblk1.genblk1.genblk1.genblk1.genblk1.genblk1.genblk1.genblk1.genblk1.lut1.genblk1.genblk1.genblk1.genblk1.genblk1.genblk1.genblk1.genblk1.genblk1.lut1 (6 -> 0)
  Optimizing lut $abc$48737$auto$blifparse.cc:557:parse_blif$52580.genblk1.genblk1.genblk1.genblk1.genblk1.genblk1.genblk1.genblk1.genblk1.lut1 (6 -> 4)
  Optimizing lut $abc$48737$auto$blifparse.cc:557:parse_blif$52597.genblk1.genblk1.genblk1.genblk1.genblk1.genblk1.genblk1.genblk1.genblk1.lut1 (6 -> 4)
  Optimizing lut $abc$48737$auto$blifparse.cc:557:parse_blif$52600.genblk1.genblk1.genblk1.genblk1.genblk1.genblk1.genblk1.genblk1.genblk1.lut1 (6 -> 4)
  Optimizing lut $abc$48737$auto$blifparse.cc:557:parse_blif$49628.genblk1.genblk1.genblk1.genblk1.genblk1.genblk1.genblk1.genblk1.genblk1.genblk1.lut0.genblk1.genblk1.genblk1.genblk1.genblk1.genblk1.genblk1.genblk1.genblk1.lut0 (6 -> 0)
  Optimizing lut $abc$48737$auto$blifparse.cc:557:parse_blif$52542.genblk1.genblk1.genblk1.genblk1.genblk1.genblk1.genblk1.genblk1.genblk1.lut0 (6 -> 4)
  Optimizing lut $abc$48737$auto$blifparse.cc:557:parse_blif$52550.genblk1.genblk1.genblk1.genblk1.genblk1.genblk1.genblk1.genblk1.genblk1.lut0 (6 -> 4)
  Optimizing lut $abc$48737$auto$blifparse.cc:557:parse_blif$52572.genblk1.genblk1.genblk1.genblk1.genblk1.genblk1.genblk1.genblk1.genblk1.lut0 (6 -> 4)
  Optimizing lut $abc$48737$auto$blifparse.cc:557:parse_blif$52580.genblk1.genblk1.genblk1.genblk1.genblk1.genblk1.genblk1.genblk1.genblk1.lut0 (6 -> 3)
  Optimizing lut $abc$48737$auto$blifparse.cc:557:parse_blif$52597.genblk1.genblk1.genblk1.genblk1.genblk1.genblk1.genblk1.genblk1.genblk1.lut0 (6 -> 4)
  Optimizing lut $abc$48737$auto$blifparse.cc:557:parse_blif$52600.genblk1.genblk1.genblk1.genblk1.genblk1.genblk1.genblk1.genblk1.genblk1.lut0 (6 -> 3)
  Optimizing lut $abc$48737$auto$blifparse.cc:557:parse_blif$52609.genblk1.genblk1.genblk1.genblk1.genblk1.genblk1.genblk1.genblk1.genblk1.lut0 (6 -> 0)
  Optimizing lut $abc$48737$auto$blifparse.cc:557:parse_blif$52612.genblk1.genblk1.genblk1.genblk1.genblk1.genblk1.genblk1.genblk1.genblk1.lut0 (6 -> 0)
  Optimizing lut $abc$48737$auto$blifparse.cc:557:parse_blif$51907.genblk1.genblk1.genblk1.genblk1.genblk1.genblk1.genblk1.genblk1.genblk1.lut0 (6 -> 3)
  Optimizing lut $abc$48737$auto$blifparse.cc:557:parse_blif$51905.genblk1.genblk1.genblk1.genblk1.genblk1.genblk1.genblk1.genblk1.genblk1.lut0 (6 -> 4)
  Optimizing lut $abc$48737$auto$blifparse.cc:557:parse_blif$49102.genblk1.genblk1.genblk1.genblk1.genblk1.genblk1.genblk1.genblk1.genblk1.lut0 (6 -> 4)
  Optimizing lut $abc$48737$auto$blifparse.cc:557:parse_blif$49090.genblk1.genblk1.genblk1.genblk1.genblk1.genblk1.genblk1.genblk1.genblk1.lut0 (6 -> 4)
  Optimizing lut $abc$48737$auto$blifparse.cc:557:parse_blif$52124.genblk1.genblk1.genblk1.genblk1.genblk1.genblk1.genblk1.genblk1.genblk1.lut0 (6 -> 4)
  Optimizing lut $abc$48737$auto$blifparse.cc:557:parse_blif$52126.genblk1.genblk1.genblk1.genblk1.genblk1.genblk1.genblk1.genblk1.genblk1.lut0 (6 -> 3)
  Optimizing lut $abc$48737$auto$blifparse.cc:557:parse_blif$48801.genblk1.genblk1.genblk1.genblk1.genblk1.genblk1.genblk1.genblk1.genblk1.lut1 (6 -> 3)
  Optimizing lut $abc$48737$auto$blifparse.cc:557:parse_blif$53188.genblk1.genblk1.genblk1.genblk1.genblk1.genblk1.genblk1.genblk1.genblk1.genblk1.lut0.genblk1.genblk1.genblk1.genblk1.genblk1.genblk1.genblk1.genblk1.genblk1.lut1 (6 -> 0)
  Optimizing lut $abc$48737$auto$blifparse.cc:557:parse_blif$53196.genblk1.genblk1.genblk1.genblk1.genblk1.genblk1.genblk1.genblk1.genblk1.genblk1.lut0.genblk1.genblk1.genblk1.genblk1.genblk1.genblk1.genblk1.genblk1.genblk1.lut1 (6 -> 0)
  Optimizing lut $abc$48737$auto$blifparse.cc:557:parse_blif$54150.genblk1.genblk1.genblk1.genblk1.genblk1.genblk1.genblk1.genblk1.genblk1.genblk1.lut0.genblk1.genblk1.genblk1.genblk1.genblk1.genblk1.genblk1.genblk1.genblk1.lut1 (6 -> 0)
  Optimizing lut $abc$48737$auto$blifparse.cc:557:parse_blif$54360.genblk1.genblk1.genblk1.genblk1.genblk1.genblk1.genblk1.genblk1.genblk1.genblk1.lut0.genblk1.genblk1.genblk1.genblk1.genblk1.genblk1.genblk1.genblk1.genblk1.lut1 (6 -> 0)
  Optimizing lut $abc$48737$auto$blifparse.cc:557:parse_blif$55286.genblk1.genblk1.genblk1.genblk1.genblk1.genblk1.genblk1.genblk1.genblk1.genblk1.lut0.genblk1.genblk1.genblk1.genblk1.genblk1.genblk1.genblk1.genblk1.genblk1.lut1 (6 -> 0)
  Optimizing lut $abc$48737$auto$blifparse.cc:557:parse_blif$55295.genblk1.genblk1.genblk1.genblk1.genblk1.genblk1.genblk1.genblk1.genblk1.genblk1.lut0.genblk1.genblk1.genblk1.genblk1.genblk1.genblk1.genblk1.genblk1.genblk1.lut1 (6 -> 0)
  Optimizing lut $abc$48737$auto$blifparse.cc:557:parse_blif$55295.genblk1.genblk1.genblk1.genblk1.genblk1.genblk1.genblk1.genblk1.genblk1.genblk1.lut0.genblk1.genblk1.genblk1.genblk1.genblk1.genblk1.genblk1.genblk1.genblk1.lut0 (6 -> 0)
  Optimizing lut $abc$48737$auto$blifparse.cc:557:parse_blif$50001.genblk1.genblk1.genblk1.genblk1.genblk1.genblk1.genblk1.genblk1.genblk1.lut1 (6 -> 0)
  Optimizing lut $abc$48737$auto$blifparse.cc:557:parse_blif$55304.genblk1.genblk1.genblk1.genblk1.genblk1.genblk1.genblk1.genblk1.genblk1.genblk1.lut0.genblk1.genblk1.genblk1.genblk1.genblk1.genblk1.genblk1.genblk1.genblk1.lut1 (6 -> 0)
  Optimizing lut $abc$48737$auto$blifparse.cc:557:parse_blif$55313.genblk1.genblk1.genblk1.genblk1.genblk1.genblk1.genblk1.genblk1.genblk1.genblk1.lut0.genblk1.genblk1.genblk1.genblk1.genblk1.genblk1.genblk1.genblk1.genblk1.lut1 (6 -> 0)
  Optimizing lut $abc$48737$auto$blifparse.cc:557:parse_blif$55317.genblk1.genblk1.genblk1.genblk1.genblk1.genblk1.genblk1.genblk1.genblk1.lut0 (6 -> 4)
  Optimizing lut $abc$48737$auto$blifparse.cc:557:parse_blif$55313.genblk1.genblk1.genblk1.genblk1.genblk1.genblk1.genblk1.genblk1.genblk1.genblk1.lut0.genblk1.genblk1.genblk1.genblk1.genblk1.genblk1.genblk1.genblk1.genblk1.lut0 (6 -> 0)
  Optimizing lut $abc$48737$auto$blifparse.cc:557:parse_blif$55322.genblk1.genblk1.genblk1.genblk1.genblk1.genblk1.genblk1.genblk1.genblk1.lut0 (6 -> 0)
  Optimizing lut $abc$48737$auto$blifparse.cc:557:parse_blif$55323.genblk1.genblk1.genblk1.genblk1.genblk1.genblk1.genblk1.genblk1.genblk1.genblk1.lut0.genblk1.genblk1.genblk1.genblk1.genblk1.genblk1.genblk1.genblk1.genblk1.lut1 (6 -> 0)
  Optimizing lut $abc$48737$auto$blifparse.cc:557:parse_blif$55323.genblk1.genblk1.genblk1.genblk1.genblk1.genblk1.genblk1.genblk1.genblk1.genblk1.lut0.genblk1.genblk1.genblk1.genblk1.genblk1.genblk1.genblk1.genblk1.genblk1.lut0 (6 -> 0)
  Optimizing lut $abc$48737$auto$blifparse.cc:557:parse_blif$55332.genblk1.genblk1.genblk1.genblk1.genblk1.genblk1.genblk1.genblk1.genblk1.genblk1.lut0.genblk1.genblk1.genblk1.genblk1.genblk1.genblk1.genblk1.genblk1.genblk1.lut1 (6 -> 0)
  Optimizing lut $abc$48737$auto$blifparse.cc:557:parse_blif$55338.genblk1.genblk1.genblk1.genblk1.genblk1.genblk1.genblk1.genblk1.genblk1.genblk1.lut0.genblk1.genblk1.genblk1.genblk1.genblk1.genblk1.genblk1.genblk1.genblk1.lut1 (6 -> 0)
  Optimizing lut $abc$48737$auto$blifparse.cc:557:parse_blif$49811.genblk1.genblk1.genblk1.genblk1.genblk1.genblk1.genblk1.genblk1.genblk1.lut1 (6 -> 0)
  Optimizing lut $abc$48737$auto$blifparse.cc:557:parse_blif$55360.genblk1.genblk1.genblk1.genblk1.genblk1.genblk1.genblk1.genblk1.genblk1.genblk1.lut0.genblk1.genblk1.genblk1.genblk1.genblk1.genblk1.genblk1.genblk1.genblk1.lut1 (6 -> 0)
  Optimizing lut $abc$48737$auto$blifparse.cc:557:parse_blif$55360.genblk1.genblk1.genblk1.genblk1.genblk1.genblk1.genblk1.genblk1.genblk1.genblk1.lut0.genblk1.genblk1.genblk1.genblk1.genblk1.genblk1.genblk1.genblk1.genblk1.lut0 (6 -> 0)
  Optimizing lut $abc$48737$auto$blifparse.cc:557:parse_blif$55365.genblk1.genblk1.genblk1.genblk1.genblk1.genblk1.genblk1.genblk1.genblk1.genblk1.lut0.genblk1.genblk1.genblk1.genblk1.genblk1.genblk1.genblk1.genblk1.genblk1.lut1 (6 -> 0)
  Optimizing lut $abc$48737$auto$blifparse.cc:557:parse_blif$55365.genblk1.genblk1.genblk1.genblk1.genblk1.genblk1.genblk1.genblk1.genblk1.genblk1.lut0.genblk1.genblk1.genblk1.genblk1.genblk1.genblk1.genblk1.genblk1.genblk1.lut0 (6 -> 0)
  Optimizing lut $abc$48737$auto$blifparse.cc:557:parse_blif$55374.genblk1.genblk1.genblk1.genblk1.genblk1.genblk1.genblk1.genblk1.genblk1.genblk1.lut0.genblk1.genblk1.genblk1.genblk1.genblk1.genblk1.genblk1.genblk1.genblk1.lut1 (6 -> 0)
  Optimizing lut $abc$48737$auto$blifparse.cc:557:parse_blif$55375.genblk1.genblk1.genblk1.genblk1.genblk1.genblk1.genblk1.genblk1.genblk1.genblk1.lut0.genblk1.genblk1.genblk1.genblk1.genblk1.genblk1.genblk1.genblk1.genblk1.lut1 (6 -> 0)
  Optimizing lut $abc$48737$auto$blifparse.cc:557:parse_blif$55384.genblk1.genblk1.genblk1.genblk1.genblk1.genblk1.genblk1.genblk1.genblk1.genblk1.lut0.genblk1.genblk1.genblk1.genblk1.genblk1.genblk1.genblk1.genblk1.genblk1.lut1 (6 -> 0)
  Optimizing lut $abc$48737$auto$blifparse.cc:557:parse_blif$55386.genblk1.genblk1.genblk1.genblk1.genblk1.genblk1.genblk1.genblk1.genblk1.lut0 (6 -> 4)
  Optimizing lut $abc$48737$auto$blifparse.cc:557:parse_blif$55384.genblk1.genblk1.genblk1.genblk1.genblk1.genblk1.genblk1.genblk1.genblk1.genblk1.lut0.genblk1.genblk1.genblk1.genblk1.genblk1.genblk1.genblk1.genblk1.genblk1.lut0 (6 -> 0)
  Optimizing lut $abc$48737$auto$blifparse.cc:557:parse_blif$55393.genblk1.genblk1.genblk1.genblk1.genblk1.genblk1.genblk1.genblk1.genblk1.genblk1.lut0.genblk1.genblk1.genblk1.genblk1.genblk1.genblk1.genblk1.genblk1.genblk1.lut1 (6 -> 0)
  Optimizing lut $abc$48737$auto$blifparse.cc:557:parse_blif$55393.genblk1.genblk1.genblk1.genblk1.genblk1.genblk1.genblk1.genblk1.genblk1.genblk1.lut0.genblk1.genblk1.genblk1.genblk1.genblk1.genblk1.genblk1.genblk1.genblk1.lut0 (6 -> 0)
  Optimizing lut $abc$48737$auto$blifparse.cc:557:parse_blif$55402.genblk1.genblk1.genblk1.genblk1.genblk1.genblk1.genblk1.genblk1.genblk1.genblk1.lut0.genblk1.genblk1.genblk1.genblk1.genblk1.genblk1.genblk1.genblk1.genblk1.lut1 (6 -> 0)
  Optimizing lut $abc$48737$auto$blifparse.cc:557:parse_blif$55402.genblk1.genblk1.genblk1.genblk1.genblk1.genblk1.genblk1.genblk1.genblk1.genblk1.lut0.genblk1.genblk1.genblk1.genblk1.genblk1.genblk1.genblk1.genblk1.genblk1.lut0 (6 -> 0)
  Optimizing lut $abc$48737$auto$blifparse.cc:557:parse_blif$55411.genblk1.genblk1.genblk1.genblk1.genblk1.genblk1.genblk1.genblk1.genblk1.genblk1.lut0.genblk1.genblk1.genblk1.genblk1.genblk1.genblk1.genblk1.genblk1.genblk1.lut1 (6 -> 0)
  Optimizing lut $abc$48737$auto$blifparse.cc:557:parse_blif$55412.genblk1.genblk1.genblk1.genblk1.genblk1.genblk1.genblk1.genblk1.genblk1.genblk1.lut0.genblk1.genblk1.genblk1.genblk1.genblk1.genblk1.genblk1.genblk1.genblk1.lut1 (6 -> 0)
  Optimizing lut $abc$48737$auto$blifparse.cc:557:parse_blif$55412.genblk1.genblk1.genblk1.genblk1.genblk1.genblk1.genblk1.genblk1.genblk1.genblk1.lut0.genblk1.genblk1.genblk1.genblk1.genblk1.genblk1.genblk1.genblk1.genblk1.lut0 (6 -> 0)
  Optimizing lut $abc$48737$auto$blifparse.cc:557:parse_blif$55445.genblk1.genblk1.genblk1.genblk1.genblk1.genblk1.genblk1.genblk1.genblk1.genblk1.lut0.genblk1.genblk1.genblk1.genblk1.genblk1.genblk1.genblk1.genblk1.genblk1.lut0 (6 -> 0)
  Optimizing lut $abc$48737$auto$blifparse.cc:557:parse_blif$55432.genblk1.genblk1.genblk1.genblk1.genblk1.genblk1.genblk1.genblk1.genblk1.lut0 (6 -> 0)
  Optimizing lut $abc$48737$auto$blifparse.cc:557:parse_blif$55434.genblk1.genblk1.genblk1.genblk1.genblk1.genblk1.genblk1.genblk1.genblk1.genblk1.lut0.genblk1.genblk1.genblk1.genblk1.genblk1.genblk1.genblk1.genblk1.genblk1.lut1 (6 -> 0)
  Optimizing lut $abc$48737$auto$blifparse.cc:557:parse_blif$55436.genblk1.genblk1.genblk1.genblk1.genblk1.genblk1.genblk1.genblk1.genblk1.genblk1.lut1.genblk1.genblk1.genblk1.genblk1.genblk1.genblk1.genblk1.genblk1.genblk1.lut1 (6 -> 0)
  Optimizing lut $abc$48737$auto$blifparse.cc:557:parse_blif$55440.genblk1.genblk1.genblk1.genblk1.genblk1.genblk1.genblk1.genblk1.genblk1.genblk1.lut0.genblk1.genblk1.genblk1.genblk1.genblk1.genblk1.genblk1.genblk1.genblk1.lut1 (6 -> 0)
  Optimizing lut $abc$48737$auto$blifparse.cc:557:parse_blif$55444.genblk1.genblk1.genblk1.genblk1.genblk1.genblk1.genblk1.genblk1.genblk1.lut0 (6 -> 2)
  Optimizing lut $abc$48737$auto$blifparse.cc:557:parse_blif$55445.genblk1.genblk1.genblk1.genblk1.genblk1.genblk1.genblk1.genblk1.genblk1.genblk1.lut0.genblk1.genblk1.genblk1.genblk1.genblk1.genblk1.genblk1.genblk1.genblk1.lut1 (6 -> 0)
  Optimizing lut $abc$48737$auto$blifparse.cc:557:parse_blif$55450.genblk1.genblk1.genblk1.genblk1.genblk1.genblk1.genblk1.genblk1.genblk1.genblk1.lut0.genblk1.genblk1.genblk1.genblk1.genblk1.genblk1.genblk1.genblk1.genblk1.lut1 (6 -> 0)
  Optimizing lut $abc$48737$auto$blifparse.cc:557:parse_blif$55459.genblk1.genblk1.genblk1.genblk1.genblk1.genblk1.genblk1.genblk1.genblk1.genblk1.lut0.genblk1.genblk1.genblk1.genblk1.genblk1.genblk1.genblk1.genblk1.genblk1.lut1 (6 -> 0)
  Optimizing lut $abc$48737$auto$blifparse.cc:557:parse_blif$55468.genblk1.genblk1.genblk1.genblk1.genblk1.genblk1.genblk1.genblk1.genblk1.genblk1.lut0.genblk1.genblk1.genblk1.genblk1.genblk1.genblk1.genblk1.genblk1.genblk1.lut1 (6 -> 0)
  Optimizing lut $abc$48737$auto$blifparse.cc:557:parse_blif$55477.genblk1.genblk1.genblk1.genblk1.genblk1.genblk1.genblk1.genblk1.genblk1.genblk1.lut0.genblk1.genblk1.genblk1.genblk1.genblk1.genblk1.genblk1.genblk1.genblk1.lut1 (6 -> 0)
  Optimizing lut $abc$48737$auto$blifparse.cc:557:parse_blif$55486.genblk1.genblk1.genblk1.genblk1.genblk1.genblk1.genblk1.genblk1.genblk1.genblk1.lut0.genblk1.genblk1.genblk1.genblk1.genblk1.genblk1.genblk1.genblk1.genblk1.lut1 (6 -> 0)
  Optimizing lut $abc$48737$auto$blifparse.cc:557:parse_blif$55495.genblk1.genblk1.genblk1.genblk1.genblk1.genblk1.genblk1.genblk1.genblk1.genblk1.lut0.genblk1.genblk1.genblk1.genblk1.genblk1.genblk1.genblk1.genblk1.genblk1.lut1 (6 -> 0)
  Optimizing lut $abc$48737$auto$blifparse.cc:557:parse_blif$55602.genblk1.genblk1.genblk1.genblk1.genblk1.genblk1.genblk1.genblk1.genblk1.lut0 (6 -> 0)
  Optimizing lut $abc$48737$auto$blifparse.cc:557:parse_blif$55604.genblk1.genblk1.genblk1.genblk1.genblk1.genblk1.genblk1.genblk1.genblk1.genblk1.lut1.genblk1.genblk1.genblk1.genblk1.genblk1.genblk1.genblk1.genblk1.genblk1.lut1 (6 -> 0)
  Optimizing lut $abc$48737$auto$blifparse.cc:557:parse_blif$55604.genblk1.genblk1.genblk1.genblk1.genblk1.genblk1.genblk1.genblk1.genblk1.genblk1.lut0.genblk1.genblk1.genblk1.genblk1.genblk1.genblk1.genblk1.genblk1.genblk1.lut1 (6 -> 0)
  Optimizing lut $abc$48737$auto$blifparse.cc:557:parse_blif$55424.genblk1.genblk1.genblk1.genblk1.genblk1.genblk1.genblk1.genblk1.genblk1.lut0 (6 -> 0)
  Optimizing lut $abc$48737$auto$blifparse.cc:557:parse_blif$51832.genblk1.genblk1.genblk1.genblk1.genblk1.genblk1.genblk1.genblk1.genblk1.genblk1.lut1.genblk1.genblk1.genblk1.genblk1.genblk1.genblk1.genblk1.genblk1.genblk1.lut1 (6 -> 1)
  Optimizing lut $abc$48737$auto$blifparse.cc:557:parse_blif$51919.genblk1.genblk1.genblk1.genblk1.genblk1.genblk1.genblk1.genblk1.genblk1.lut0 (6 -> 4)
  Optimizing lut $abc$48737$auto$blifparse.cc:557:parse_blif$54150.genblk1.genblk1.genblk1.genblk1.genblk1.genblk1.genblk1.genblk1.genblk1.genblk1.lut1.genblk1.genblk1.genblk1.genblk1.genblk1.genblk1.genblk1.genblk1.genblk1.lut1 (6 -> 0)
  Optimizing lut $abc$48737$auto$blifparse.cc:557:parse_blif$51876.genblk1.genblk1.genblk1.genblk1.genblk1.genblk1.genblk1.genblk1.genblk1.lut0 (6 -> 3)
  Optimizing lut $abc$48737$auto$blifparse.cc:557:parse_blif$53196.genblk1.genblk1.genblk1.genblk1.genblk1.genblk1.genblk1.genblk1.genblk1.genblk1.lut1.genblk1.genblk1.genblk1.genblk1.genblk1.genblk1.genblk1.genblk1.genblk1.lut1 (6 -> 0)
  Optimizing lut $abc$48737$auto$blifparse.cc:557:parse_blif$51959.genblk1.genblk1.genblk1.genblk1.genblk1.genblk1.genblk1.genblk1.genblk1.genblk1.lut1.genblk1.genblk1.genblk1.genblk1.genblk1.genblk1.genblk1.genblk1.genblk1.lut1 (6 -> 2)
  Optimizing lut $abc$48737$auto$blifparse.cc:557:parse_blif$55445.genblk1.genblk1.genblk1.genblk1.genblk1.genblk1.genblk1.genblk1.genblk1.genblk1.lut1.genblk1.genblk1.genblk1.genblk1.genblk1.genblk1.genblk1.genblk1.genblk1.lut1 (6 -> 0)

5.48. Executing CLKBUFMAP pass (inserting clock buffers).
Inserting BUFG on cap_pdb_parallel_compact_allocation_engine.$iopadmap$clk[0].
Removed 438 unused cells and 30533 unused wires.

5.49. Executing HIERARCHY pass (managing design hierarchy).
Attribute `top' found on module `cap_pdb_parallel_compact_allocation_engine'. Setting top module to cap_pdb_parallel_compact_allocation_engine.

5.49.1. Analyzing design hierarchy..
Top module:  \cap_pdb_parallel_compact_allocation_engine
Used module:     $paramod$cbc3189b30a0f0ae8c16e45df15b3f5a54303a8f\cap_pdb_masked_min32
Used module:     $paramod$b5bfe1d4fce40940586b6e35fec61194ae5a8fde\cap_pdb_state_wide_bank

5.49.2. Analyzing design hierarchy..
Top module:  \cap_pdb_parallel_compact_allocation_engine
Used module:     $paramod$cbc3189b30a0f0ae8c16e45df15b3f5a54303a8f\cap_pdb_masked_min32
Used module:     $paramod$b5bfe1d4fce40940586b6e35fec61194ae5a8fde\cap_pdb_state_wide_bank
Removed 0 unused modules.

5.50. Printing statistics.

=== $paramod$b5bfe1d4fce40940586b6e35fec61194ae5a8fde\cap_pdb_state_wide_bank ===

        +----------Local Count, excluding submodules.
        |
        8 wires
     1081 wire bits
        7 public wires
     1045 public wire bits
        7 ports
     1045 port bits
       15 cells
       15   RAMB18E1

   Estimated number of LCs:          0

=== $paramod$cbc3189b30a0f0ae8c16e45df15b3f5a54303a8f\cap_pdb_masked_min32 ===

        +----------Local Count, excluding submodules.
        |
      638 wires
     3348 wire bits
        3 public wires
      560 public wire bits
        3 ports
      560 port bits
     1202 cells
      144   LUT2
      320   LUT3
       20   LUT4
      367   LUT5
      351   LUT6
      127 submodules
       62   CARRY4
       65   MUXF7

   Estimated number of LCs:       1058

=== cap_pdb_parallel_compact_allocation_engine ===

        +----------Local Count, excluding submodules.
        |
     4355 wires
    35336 wire bits
      141 public wires
    11238 public wire bits
       15 ports
     1056 port bits
     8943 cells
        1   BUFG
     1013   IBUF
      405   INV
       16   LUT1
     2668   LUT2
     1096   LUT3
      787   LUT4
      791   LUT5
     2123   LUT6
       43   OBUF
     2828 submodules
       13   $paramod$b5bfe1d4fce40940586b6e35fec61194ae5a8fde\cap_pdb_state_wide_bank
       13   $paramod$cbc3189b30a0f0ae8c16e45df15b3f5a54303a8f\cap_pdb_masked_min32
      868   CARRY4
      462   FDRE
      208   FDSE
      985   MUXF7
      279   MUXF8

   Estimated number of LCs:      18551

=== design hierarchy ===

        +----------Count including submodules.
        |
    24764 cap_pdb_parallel_compact_allocation_engine
       15 $paramod$b5bfe1d4fce40940586b6e35fec61194ae5a8fde\cap_pdb_state_wide_bank
     1202 $paramod$cbc3189b30a0f0ae8c16e45df15b3f5a54303a8f\cap_pdb_masked_min32

        +----------Count including submodules.
        |
    12753 wires
    92913 wire bits
      271 public wires
    32103 public wire bits
      145 ports
    21921 port bits
        - memories
        - memory bits
        - processes
    24764 cells
        1   BUFG
     1013   IBUF
      405   INV
       16   LUT1
     4540   LUT2
     5256   LUT3
     1047   LUT4
     5562   LUT5
     6686   LUT6
       43   OBUF
      195   RAMB18E1
     2828 submodules
       13   $paramod$b5bfe1d4fce40940586b6e35fec61194ae5a8fde\cap_pdb_state_wide_bank
       13   $paramod$cbc3189b30a0f0ae8c16e45df15b3f5a54303a8f\cap_pdb_masked_min32
      868   CARRY4
      462   FDRE
      208   FDSE
      985   MUXF7
      279   MUXF8

   Estimated number of LCs:      18551

5.51. Executing CHECK pass (checking for obvious problems).
Checking module $paramod$b5bfe1d4fce40940586b6e35fec61194ae5a8fde\cap_pdb_state_wide_bank...
Checking module $paramod$cbc3189b30a0f0ae8c16e45df15b3f5a54303a8f\cap_pdb_masked_min32...
Checking module cap_pdb_parallel_compact_allocation_engine...
Found and reported 0 problems.

6. Executing CHECK pass (checking for obvious problems).
Checking module $paramod$b5bfe1d4fce40940586b6e35fec61194ae5a8fde\cap_pdb_state_wide_bank...
Checking module $paramod$cbc3189b30a0f0ae8c16e45df15b3f5a54303a8f\cap_pdb_masked_min32...
Checking module cap_pdb_parallel_compact_allocation_engine...
Found and reported 0 problems.

7. Printing statistics.

=== $paramod$b5bfe1d4fce40940586b6e35fec61194ae5a8fde\cap_pdb_state_wide_bank ===

        +----------Local Count, excluding submodules.
        |
        8 wires
     1081 wire bits
        7 public wires
     1045 public wire bits
        7 ports
     1045 port bits
       15 cells
       15   RAMB18E1

=== $paramod$cbc3189b30a0f0ae8c16e45df15b3f5a54303a8f\cap_pdb_masked_min32 ===

        +----------Local Count, excluding submodules.
        |
      638 wires
     3348 wire bits
        3 public wires
      560 public wire bits
        3 ports
      560 port bits
     1329 cells
       62   CARRY4
      144   LUT2
      320   LUT3
       20   LUT4
      367   LUT5
      351   LUT6
       65   MUXF7

=== cap_pdb_parallel_compact_allocation_engine ===

        +----------Local Count, excluding submodules.
        |
     4355 wires
    35336 wire bits
      141 public wires
    11238 public wire bits
       15 ports
     1056 port bits
    11745 cells
        1   BUFG
      868   CARRY4
      462   FDRE
      208   FDSE
     1013   IBUF
      405   INV
       16   LUT1
     2668   LUT2
     1096   LUT3
      787   LUT4
      791   LUT5
     2123   LUT6
      985   MUXF7
      279   MUXF8
       43   OBUF
       26 submodules
       13   $paramod$b5bfe1d4fce40940586b6e35fec61194ae5a8fde\cap_pdb_state_wide_bank
       13   $paramod$cbc3189b30a0f0ae8c16e45df15b3f5a54303a8f\cap_pdb_masked_min32

=== design hierarchy ===

        +----------Count including submodules.
        |
    29217 cap_pdb_parallel_compact_allocation_engine
       15 $paramod$b5bfe1d4fce40940586b6e35fec61194ae5a8fde\cap_pdb_state_wide_bank
     1329 $paramod$cbc3189b30a0f0ae8c16e45df15b3f5a54303a8f\cap_pdb_masked_min32

        +----------Count including submodules.
        |
    12753 wires
    92913 wire bits
      271 public wires
    32103 public wire bits
      145 ports
    21921 port bits
        - memories
        - memory bits
        - processes
    29217 cells
        1   BUFG
     1674   CARRY4
      462   FDRE
      208   FDSE
     1013   IBUF
      405   INV
       16   LUT1
     4540   LUT2
     5256   LUT3
     1047   LUT4
     5562   LUT5
     6686   LUT6
     1830   MUXF7
      279   MUXF8
       43   OBUF
      195   RAMB18E1
       26 submodules
       13   $paramod$b5bfe1d4fce40940586b6e35fec61194ae5a8fde\cap_pdb_state_wide_bank
       13   $paramod$cbc3189b30a0f0ae8c16e45df15b3f5a54303a8f\cap_pdb_masked_min32

Warnings: 2 unique messages, 4 total
End of script. Logfile hash: 93fd0c4ec1, time: 47.35s, user: 47.36s, system: 0.00s
Yosys 0.64 (git sha1 ca8886890, ccache clang++  -O3 -fwasm-exceptions -mllvm) [yowasp/yosys at release]
Time spent: 63% 1x abc (29 sec), 16% 8x techmap (7 sec), ...
