yowasp-yosys: fetched 0% (0 / 53963000)
yowasp-yosys: fetched 20% (10618880 / 53963000)
yowasp-yosys: fetched 100% (53926307 / 53963000)
yowasp-yosys: fetched 100% (53960988 / 53963000)
yowasp-yosys: fetched 100% (53962370 / 53963000)
yowasp-yosys: fetched 100% (53963000 / 53963000)

 /----------------------------------------------------------------------------\
 |  yosys -- Yosys Open SYnthesis Suite                                       |
 |  Copyright (C) 2012 - 2026  Claire Xenia Wolf <claire@yosyshq.com>         |
 |  Distributed under an ISC-like license, type "license" to see terms        |
 \----------------------------------------------------------------------------/
 Yosys 0.64 (git sha1 ca8886890, ccache clang++  -O3 -fwasm-exceptions -mllvm) [yowasp/yosys at release]

-- Running command `read_verilog -sv cap_pdb_parallel_compact_engine.sv; chparam -set K 64 -set ORDER 4 -set GROUPS 13 -set STATE_BITS 5 -set COST_W 16 -set ACC_W 24 -set SPLIT 48 -set LANES 1 cap_pdb_parallel_compact_allocation_engine; hierarchy -top cap_pdb_parallel_compact_allocation_engine; check -assert; synth_xilinx -family xc7 -top cap_pdb_parallel_compact_allocation_engine; check -assert; stat' --

1. Executing Verilog-2005 frontend: cap_pdb_parallel_compact_engine.sv
Parsing SystemVerilog input from `cap_pdb_parallel_compact_engine.sv' to AST representation.
Generating RTLIL representation for module `\cap_pdb_state_wide_bank'.
Generating RTLIL representation for module `\cap_pdb_masked_min32'.
Generating RTLIL representation for module `\cap_pdb_parallel_compact_allocation_engine'.
Warning: Replacing memory \group_minimum with list of registers. See cap_pdb_parallel_compact_engine.sv:259
Warning: Replacing memory \remaining with list of registers. See cap_pdb_parallel_compact_engine.sv:258
Successfully finished Verilog frontend.
Parameter \K = 64
Parameter \ORDER = 4
Parameter \GROUPS = 13
Parameter \STATE_BITS = 5
Parameter \COST_W = 16
Parameter \ACC_W = 24
Parameter \SPLIT = 48
Parameter \LANES = 1

2. Executing AST frontend in derive mode using pre-parsed AST for module `\cap_pdb_parallel_compact_allocation_engine'.
Parameter \K = 64
Parameter \ORDER = 4
Parameter \GROUPS = 13
Parameter \STATE_BITS = 5
Parameter \COST_W = 16
Parameter \ACC_W = 24
Parameter \SPLIT = 48
Parameter \LANES = 1
Generating RTLIL representation for module `$paramod$c045b7be5ee1ab008ee4bf3aee54b6d8a769abbd\cap_pdb_parallel_compact_allocation_engine'.
Warning: Replacing memory \group_minimum with list of registers. See cap_pdb_parallel_compact_engine.sv:259
Warning: Replacing memory \remaining with list of registers. See cap_pdb_parallel_compact_engine.sv:258

3. Executing HIERARCHY pass (managing design hierarchy).

3.1. Analyzing design hierarchy..
Top module:  \cap_pdb_parallel_compact_allocation_engine
Used module:     \cap_pdb_state_wide_bank
Used module:     \cap_pdb_masked_min32
Parameter \ROWS = 325
Parameter \ROW_ADDR_W = 9
Parameter \WORD_W = 512

3.2. Executing AST frontend in derive mode using pre-parsed AST for module `\cap_pdb_state_wide_bank'.
Parameter \ROWS = 325
Parameter \ROW_ADDR_W = 9
Parameter \WORD_W = 512
Generating RTLIL representation for module `$paramod$b5bfe1d4fce40940586b6e35fec61194ae5a8fde\cap_pdb_state_wide_bank'.
Parameter \COST_W = 16
Parameter \INF = 16'1111111111111111

3.3. Executing AST frontend in derive mode using pre-parsed AST for module `\cap_pdb_masked_min32'.
Parameter \COST_W = 16
Parameter \INF = 16'1111111111111111
Generating RTLIL representation for module `$paramod$cbc3189b30a0f0ae8c16e45df15b3f5a54303a8f\cap_pdb_masked_min32'.
Parameter \ROWS = 325
Parameter \ROW_ADDR_W = 9
Parameter \WORD_W = 512
Found cached RTLIL representation for module `$paramod$b5bfe1d4fce40940586b6e35fec61194ae5a8fde\cap_pdb_state_wide_bank'.
Parameter \COST_W = 16
Parameter \INF = 16'1111111111111111
Found cached RTLIL representation for module `$paramod$cbc3189b30a0f0ae8c16e45df15b3f5a54303a8f\cap_pdb_masked_min32'.
Parameter \ROWS = 325
Parameter \ROW_ADDR_W = 9
Parameter \WORD_W = 512
Found cached RTLIL representation for module `$paramod$b5bfe1d4fce40940586b6e35fec61194ae5a8fde\cap_pdb_state_wide_bank'.
Parameter \COST_W = 16
Parameter \INF = 16'1111111111111111
Found cached RTLIL representation for module `$paramod$cbc3189b30a0f0ae8c16e45df15b3f5a54303a8f\cap_pdb_masked_min32'.
Parameter \ROWS = 325
Parameter \ROW_ADDR_W = 9
Parameter \WORD_W = 512
Found cached RTLIL representation for module `$paramod$b5bfe1d4fce40940586b6e35fec61194ae5a8fde\cap_pdb_state_wide_bank'.
Parameter \COST_W = 16
Parameter \INF = 16'1111111111111111
Found cached RTLIL representation for module `$paramod$cbc3189b30a0f0ae8c16e45df15b3f5a54303a8f\cap_pdb_masked_min32'.
Parameter \ROWS = 325
Parameter \ROW_ADDR_W = 9
Parameter \WORD_W = 512
Found cached RTLIL representation for module `$paramod$b5bfe1d4fce40940586b6e35fec61194ae5a8fde\cap_pdb_state_wide_bank'.
Parameter \COST_W = 16
Parameter \INF = 16'1111111111111111
Found cached RTLIL representation for module `$paramod$cbc3189b30a0f0ae8c16e45df15b3f5a54303a8f\cap_pdb_masked_min32'.
Parameter \ROWS = 325
Parameter \ROW_ADDR_W = 9
Parameter \WORD_W = 512
Found cached RTLIL representation for module `$paramod$b5bfe1d4fce40940586b6e35fec61194ae5a8fde\cap_pdb_state_wide_bank'.
Parameter \COST_W = 16
Parameter \INF = 16'1111111111111111
Found cached RTLIL representation for module `$paramod$cbc3189b30a0f0ae8c16e45df15b3f5a54303a8f\cap_pdb_masked_min32'.
Parameter \ROWS = 325
Parameter \ROW_ADDR_W = 9
Parameter \WORD_W = 512
Found cached RTLIL representation for module `$paramod$b5bfe1d4fce40940586b6e35fec61194ae5a8fde\cap_pdb_state_wide_bank'.
Parameter \COST_W = 16
Parameter \INF = 16'1111111111111111
Found cached RTLIL representation for module `$paramod$cbc3189b30a0f0ae8c16e45df15b3f5a54303a8f\cap_pdb_masked_min32'.
Parameter \ROWS = 325
Parameter \ROW_ADDR_W = 9
Parameter \WORD_W = 512
Found cached RTLIL representation for module `$paramod$b5bfe1d4fce40940586b6e35fec61194ae5a8fde\cap_pdb_state_wide_bank'.
Parameter \COST_W = 16
Parameter \INF = 16'1111111111111111
Found cached RTLIL representation for module `$paramod$cbc3189b30a0f0ae8c16e45df15b3f5a54303a8f\cap_pdb_masked_min32'.
Parameter \ROWS = 325
Parameter \ROW_ADDR_W = 9
Parameter \WORD_W = 512
Found cached RTLIL representation for module `$paramod$b5bfe1d4fce40940586b6e35fec61194ae5a8fde\cap_pdb_state_wide_bank'.
Parameter \COST_W = 16
Parameter \INF = 16'1111111111111111
Found cached RTLIL representation for module `$paramod$cbc3189b30a0f0ae8c16e45df15b3f5a54303a8f\cap_pdb_masked_min32'.
Parameter \ROWS = 325
Parameter \ROW_ADDR_W = 9
Parameter \WORD_W = 512
Found cached RTLIL representation for module `$paramod$b5bfe1d4fce40940586b6e35fec61194ae5a8fde\cap_pdb_state_wide_bank'.
Parameter \COST_W = 16
Parameter \INF = 16'1111111111111111
Found cached RTLIL representation for module `$paramod$cbc3189b30a0f0ae8c16e45df15b3f5a54303a8f\cap_pdb_masked_min32'.
Parameter \ROWS = 325
Parameter \ROW_ADDR_W = 9
Parameter \WORD_W = 512
Found cached RTLIL representation for module `$paramod$b5bfe1d4fce40940586b6e35fec61194ae5a8fde\cap_pdb_state_wide_bank'.
Parameter \COST_W = 16
Parameter \INF = 16'1111111111111111
Found cached RTLIL representation for module `$paramod$cbc3189b30a0f0ae8c16e45df15b3f5a54303a8f\cap_pdb_masked_min32'.
Parameter \ROWS = 325
Parameter \ROW_ADDR_W = 9
Parameter \WORD_W = 512
Found cached RTLIL representation for module `$paramod$b5bfe1d4fce40940586b6e35fec61194ae5a8fde\cap_pdb_state_wide_bank'.
Parameter \COST_W = 16
Parameter \INF = 16'1111111111111111
Found cached RTLIL representation for module `$paramod$cbc3189b30a0f0ae8c16e45df15b3f5a54303a8f\cap_pdb_masked_min32'.
Parameter \ROWS = 325
Parameter \ROW_ADDR_W = 9
Parameter \WORD_W = 512
Found cached RTLIL representation for module `$paramod$b5bfe1d4fce40940586b6e35fec61194ae5a8fde\cap_pdb_state_wide_bank'.
Parameter \COST_W = 16
Parameter \INF = 16'1111111111111111
Found cached RTLIL representation for module `$paramod$cbc3189b30a0f0ae8c16e45df15b3f5a54303a8f\cap_pdb_masked_min32'.

3.4. Analyzing design hierarchy..
Top module:  \cap_pdb_parallel_compact_allocation_engine
Used module:     $paramod$b5bfe1d4fce40940586b6e35fec61194ae5a8fde\cap_pdb_state_wide_bank
Used module:     $paramod$cbc3189b30a0f0ae8c16e45df15b3f5a54303a8f\cap_pdb_masked_min32

3.5. Analyzing design hierarchy..
Top module:  \cap_pdb_parallel_compact_allocation_engine
Used module:     $paramod$b5bfe1d4fce40940586b6e35fec61194ae5a8fde\cap_pdb_state_wide_bank
Used module:     $paramod$cbc3189b30a0f0ae8c16e45df15b3f5a54303a8f\cap_pdb_masked_min32
Removing unused module `\cap_pdb_masked_min32'.
Removing unused module `\cap_pdb_state_wide_bank'.
Removed 2 unused modules.

4. Executing CHECK pass (checking for obvious problems).
Checking module cap_pdb_parallel_compact_allocation_engine...
Checking module $paramod$cbc3189b30a0f0ae8c16e45df15b3f5a54303a8f\cap_pdb_masked_min32...
Checking module $paramod$b5bfe1d4fce40940586b6e35fec61194ae5a8fde\cap_pdb_state_wide_bank...
Found and reported 0 problems.

5. Executing SYNTH_XILINX pass.

5.1. Executing Verilog-2005 frontend: /share/xilinx/cells_sim.v
Parsing Verilog input from `/share/xilinx/cells_sim.v' to AST representation.
Generating RTLIL representation for module `\VCC'.
Generating RTLIL representation for module `\GND'.
Generating RTLIL representation for module `\IBUF'.
Generating RTLIL representation for module `\IBUFG'.
Generating RTLIL representation for module `\OBUF'.
Generating RTLIL representation for module `\IOBUF'.
Generating RTLIL representation for module `\OBUFT'.
Generating RTLIL representation for module `\BUFG'.
Generating RTLIL representation for module `\BUFGCTRL'.
Generating RTLIL representation for module `\BUFHCE'.
Generating RTLIL representation for module `\INV'.
Generating RTLIL representation for module `\LUT1'.
Generating RTLIL representation for module `\LUT2'.
Generating RTLIL representation for module `\LUT3'.
Generating RTLIL representation for module `\LUT4'.
Generating RTLIL representation for module `\LUT5'.
Generating RTLIL representation for module `\LUT6'.
Generating RTLIL representation for module `\LUT6_2'.
Generating RTLIL representation for module `\$__ABC9_LUT7'.
Generating RTLIL representation for module `\$__ABC9_LUT8'.
Generating RTLIL representation for module `\MUXCY'.
Generating RTLIL representation for module `\MUXF5'.
Generating RTLIL representation for module `\MUXF6'.
Generating RTLIL representation for module `\MUXF7'.
Generating RTLIL representation for module `\MUXF8'.
Generating RTLIL representation for module `\MUXF9'.
Generating RTLIL representation for module `\XORCY'.
Generating RTLIL representation for module `\CARRY4'.
Generating RTLIL representation for module `\CARRY8'.
Generating RTLIL representation for module `\ORCY'.
Generating RTLIL representation for module `\MULT_AND'.
Generating RTLIL representation for module `\FDRE'.
Generating RTLIL representation for module `\FDRE_1'.
Generating RTLIL representation for module `\FDSE'.
Generating RTLIL representation for module `\FDSE_1'.
Generating RTLIL representation for module `\FDRSE'.
Generating RTLIL representation for module `\FDRSE_1'.
Generating RTLIL representation for module `\FDCE'.
Generating RTLIL representation for module `\FDCE_1'.
Generating RTLIL representation for module `\FDPE'.
Generating RTLIL representation for module `\FDPE_1'.
Generating RTLIL representation for module `\FDCPE'.
Generating RTLIL representation for module `\FDCPE_1'.
Generating RTLIL representation for module `\LDCE'.
Generating RTLIL representation for module `\LDPE'.
Generating RTLIL representation for module `\LDCPE'.
Generating RTLIL representation for module `\AND2B1L'.
Generating RTLIL representation for module `\OR2L'.
Generating RTLIL representation for module `\RAM16X1S'.
Generating RTLIL representation for module `\RAM16X1S_1'.
Generating RTLIL representation for module `\RAM32X1S'.
Generating RTLIL representation for module `\RAM32X1S_1'.
Generating RTLIL representation for module `\RAM64X1S'.
Generating RTLIL representation for module `\RAM64X1S_1'.
Generating RTLIL representation for module `\RAM128X1S'.
Generating RTLIL representation for module `\RAM128X1S_1'.
Generating RTLIL representation for module `\RAM256X1S'.
Generating RTLIL representation for module `\RAM512X1S'.
Generating RTLIL representation for module `\RAM16X2S'.
Generating RTLIL representation for module `\RAM32X2S'.
Generating RTLIL representation for module `\RAM64X2S'.
Generating RTLIL representation for module `\RAM16X4S'.
Generating RTLIL representation for module `\RAM32X4S'.
Generating RTLIL representation for module `\RAM16X8S'.
Generating RTLIL representation for module `\RAM32X8S'.
Generating RTLIL representation for module `\RAM16X1D'.
Generating RTLIL representation for module `\RAM16X1D_1'.
Generating RTLIL representation for module `\RAM32X1D'.
Generating RTLIL representation for module `\RAM32X1D_1'.
Generating RTLIL representation for module `\RAM64X1D'.
Generating RTLIL representation for module `\RAM64X1D_1'.
Generating RTLIL representation for module `\RAM128X1D'.
Generating RTLIL representation for module `\RAM256X1D'.
Generating RTLIL representation for module `\RAM32M'.
Generating RTLIL representation for module `\RAM32M16'.
Generating RTLIL representation for module `\RAM64M'.
Generating RTLIL representation for module `\RAM64M8'.
Generating RTLIL representation for module `\RAM32X16DR8'.
Generating RTLIL representation for module `\RAM64X8SW'.
Generating RTLIL representation for module `\ROM16X1'.
Generating RTLIL representation for module `\ROM32X1'.
Generating RTLIL representation for module `\ROM64X1'.
Generating RTLIL representation for module `\ROM128X1'.
Generating RTLIL representation for module `\ROM256X1'.
Generating RTLIL representation for module `\SRL16'.
Generating RTLIL representation for module `\SRL16E'.
Generating RTLIL representation for module `\SRLC16'.
Generating RTLIL representation for module `\SRLC16E'.
Generating RTLIL representation for module `\SRLC32E'.
Generating RTLIL representation for module `\CFGLUT5'.
Generating RTLIL representation for module `\MULT18X18'.
Generating RTLIL representation for module `\MULT18X18S'.
Generating RTLIL representation for module `\MULT18X18SIO'.
Generating RTLIL representation for module `\DSP48A'.
Generating RTLIL representation for module `\DSP48A1'.
Generating RTLIL representation for module `\DSP48'.
Generating RTLIL representation for module `\DSP48E1'.
Generating RTLIL representation for module `\RAMB18E1'.
Generating RTLIL representation for module `\RAMB36E1'.
Successfully finished Verilog frontend.

5.2. Executing Verilog-2005 frontend: /share/xilinx/cells_xtra.v
Parsing Verilog input from `/share/xilinx/cells_xtra.v' to AST representation.
Generating RTLIL representation for module `\RAMB4_S1'.
Generating RTLIL representation for module `\RAMB4_S2'.
Generating RTLIL representation for module `\RAMB4_S4'.
Generating RTLIL representation for module `\RAMB4_S8'.
Generating RTLIL representation for module `\RAMB4_S16'.
Generating RTLIL representation for module `\RAMB4_S1_S1'.
Generating RTLIL representation for module `\RAMB4_S1_S2'.
Generating RTLIL representation for module `\RAMB4_S1_S4'.
Generating RTLIL representation for module `\RAMB4_S1_S8'.
Generating RTLIL representation for module `\RAMB4_S1_S16'.
Generating RTLIL representation for module `\RAMB4_S2_S2'.
Generating RTLIL representation for module `\RAMB4_S2_S4'.
Generating RTLIL representation for module `\RAMB4_S2_S8'.
Generating RTLIL representation for module `\RAMB4_S2_S16'.
Generating RTLIL representation for module `\RAMB4_S4_S4'.
Generating RTLIL representation for module `\RAMB4_S4_S8'.
Generating RTLIL representation for module `\RAMB4_S4_S16'.
Generating RTLIL representation for module `\RAMB4_S8_S8'.
Generating RTLIL representation for module `\RAMB4_S8_S16'.
Generating RTLIL representation for module `\RAMB4_S16_S16'.
Generating RTLIL representation for module `\RAMB16_S1'.
Generating RTLIL representation for module `\RAMB16_S2'.
Generating RTLIL representation for module `\RAMB16_S4'.
Generating RTLIL representation for module `\RAMB16_S9'.
Generating RTLIL representation for module `\RAMB16_S18'.
Generating RTLIL representation for module `\RAMB16_S36'.
Generating RTLIL representation for module `\RAMB16_S1_S1'.
Generating RTLIL representation for module `\RAMB16_S1_S2'.
Generating RTLIL representation for module `\RAMB16_S1_S4'.
Generating RTLIL representation for module `\RAMB16_S1_S9'.
Generating RTLIL representation for module `\RAMB16_S1_S18'.
Generating RTLIL representation for module `\RAMB16_S1_S36'.
Generating RTLIL representation for module `\RAMB16_S2_S2'.
Generating RTLIL representation for module `\RAMB16_S2_S4'.
Generating RTLIL representation for module `\RAMB16_S2_S9'.
Generating RTLIL representation for module `\RAMB16_S2_S18'.
Generating RTLIL representation for module `\RAMB16_S2_S36'.
Generating RTLIL representation for module `\RAMB16_S4_S4'.
Generating RTLIL representation for module `\RAMB16_S4_S9'.
Generating RTLIL representation for module `\RAMB16_S4_S18'.
Generating RTLIL representation for module `\RAMB16_S4_S36'.
Generating RTLIL representation for module `\RAMB16_S9_S9'.
Generating RTLIL representation for module `\RAMB16_S9_S18'.
Generating RTLIL representation for module `\RAMB16_S9_S36'.
Generating RTLIL representation for module `\RAMB16_S18_S18'.
Generating RTLIL representation for module `\RAMB16_S18_S36'.
Generating RTLIL representation for module `\RAMB16_S36_S36'.
Generating RTLIL representation for module `\RAMB16BWE_S18'.
Generating RTLIL representation for module `\RAMB16BWE_S36'.
Generating RTLIL representation for module `\RAMB16BWE_S18_S9'.
Generating RTLIL representation for module `\RAMB16BWE_S18_S18'.
Generating RTLIL representation for module `\RAMB16BWE_S36_S9'.
Generating RTLIL representation for module `\RAMB16BWE_S36_S18'.
Generating RTLIL representation for module `\RAMB16BWE_S36_S36'.
Generating RTLIL representation for module `\RAMB16BWER'.
Generating RTLIL representation for module `\RAMB8BWER'.
Generating RTLIL representation for module `\FIFO16'.
Generating RTLIL representation for module `\RAMB16'.
Generating RTLIL representation for module `\RAMB32_S64_ECC'.
Generating RTLIL representation for module `\FIFO18'.
Generating RTLIL representation for module `\FIFO18_36'.
Generating RTLIL representation for module `\FIFO36'.
Generating RTLIL representation for module `\FIFO36_72'.
Generating RTLIL representation for module `\RAMB18'.
Generating RTLIL representation for module `\RAMB36'.
Generating RTLIL representation for module `\RAMB18SDP'.
Generating RTLIL representation for module `\RAMB36SDP'.
Generating RTLIL representation for module `\FIFO18E1'.
Generating RTLIL representation for module `\FIFO36E1'.
Generating RTLIL representation for module `\FIFO18E2'.
Generating RTLIL representation for module `\FIFO36E2'.
Generating RTLIL representation for module `\RAMB18E2'.
Generating RTLIL representation for module `\RAMB36E2'.
Generating RTLIL representation for module `\URAM288'.
Generating RTLIL representation for module `\URAM288_BASE'.
Generating RTLIL representation for module `\DSP48E'.
Generating RTLIL representation for module `\DSP48E2'.
Generating RTLIL representation for module `\FDDRCPE'.
Generating RTLIL representation for module `\FDDRRSE'.
Generating RTLIL representation for module `\IFDDRCPE'.
Generating RTLIL representation for module `\IFDDRRSE'.
Generating RTLIL representation for module `\OFDDRCPE'.
Generating RTLIL representation for module `\OFDDRRSE'.
Generating RTLIL representation for module `\OFDDRTCPE'.
Generating RTLIL representation for module `\OFDDRTRSE'.
Generating RTLIL representation for module `\IDDR2'.
Generating RTLIL representation for module `\ODDR2'.
Generating RTLIL representation for module `\IDDR'.
Generating RTLIL representation for module `\IDDR_2CLK'.
Generating RTLIL representation for module `\ODDR'.
Generating RTLIL representation for module `\IDELAYCTRL'.
Generating RTLIL representation for module `\IDELAY'.
Generating RTLIL representation for module `\ISERDES'.
Generating RTLIL representation for module `\OSERDES'.
Generating RTLIL representation for module `\IODELAY'.
Generating RTLIL representation for module `\ISERDES_NODELAY'.
Generating RTLIL representation for module `\IODELAYE1'.
Generating RTLIL representation for module `\ISERDESE1'.
Generating RTLIL representation for module `\OSERDESE1'.
Generating RTLIL representation for module `\IDELAYE2'.
Generating RTLIL representation for module `\ODELAYE2'.
Generating RTLIL representation for module `\ISERDESE2'.
Generating RTLIL representation for module `\OSERDESE2'.
Generating RTLIL representation for module `\PHASER_IN'.
Generating RTLIL representation for module `\PHASER_IN_PHY'.
Generating RTLIL representation for module `\PHASER_OUT'.
Generating RTLIL representation for module `\PHASER_OUT_PHY'.
Generating RTLIL representation for module `\PHASER_REF'.
Generating RTLIL representation for module `\PHY_CONTROL'.
Generating RTLIL representation for module `\IDDRE1'.
Generating RTLIL representation for module `\ODDRE1'.
Generating RTLIL representation for module `\IDELAYE3'.
Generating RTLIL representation for module `\ODELAYE3'.
Generating RTLIL representation for module `\ISERDESE3'.
Generating RTLIL representation for module `\OSERDESE3'.
Generating RTLIL representation for module `\BITSLICE_CONTROL'.
Generating RTLIL representation for module `\RIU_OR'.
Generating RTLIL representation for module `\RX_BITSLICE'.
Generating RTLIL representation for module `\RXTX_BITSLICE'.
Generating RTLIL representation for module `\TX_BITSLICE'.
Generating RTLIL representation for module `\TX_BITSLICE_TRI'.
Generating RTLIL representation for module `\IODELAY2'.
Generating RTLIL representation for module `\IODRP2'.
Generating RTLIL representation for module `\IODRP2_MCB'.
Generating RTLIL representation for module `\ISERDES2'.
Generating RTLIL representation for module `\OSERDES2'.
Generating RTLIL representation for module `\IBUF_DLY_ADJ'.
Generating RTLIL representation for module `\IBUF_IBUFDISABLE'.
Generating RTLIL representation for module `\IBUF_INTERMDISABLE'.
Generating RTLIL representation for module `\IBUF_ANALOG'.
Generating RTLIL representation for module `\IBUFE3'.
Generating RTLIL representation for module `\IBUFDS'.
Generating RTLIL representation for module `\IBUFDS_DLY_ADJ'.
Generating RTLIL representation for module `\IBUFDS_IBUFDISABLE'.
Generating RTLIL representation for module `\IBUFDS_INTERMDISABLE'.
Generating RTLIL representation for module `\IBUFDS_DIFF_OUT'.
Generating RTLIL representation for module `\IBUFDS_DIFF_OUT_IBUFDISABLE'.
Generating RTLIL representation for module `\IBUFDS_DIFF_OUT_INTERMDISABLE'.
Generating RTLIL representation for module `\IBUFDSE3'.
Generating RTLIL representation for module `\IBUFDS_DPHY'.
Generating RTLIL representation for module `\IBUFGDS'.
Generating RTLIL representation for module `\IBUFGDS_DIFF_OUT'.
Generating RTLIL representation for module `\IOBUF_DCIEN'.
Generating RTLIL representation for module `\IOBUF_INTERMDISABLE'.
Generating RTLIL representation for module `\IOBUFE3'.
Generating RTLIL representation for module `\IOBUFDS'.
Generating RTLIL representation for module `\IOBUFDS_DCIEN'.
Generating RTLIL representation for module `\IOBUFDS_INTERMDISABLE'.
Generating RTLIL representation for module `\IOBUFDS_DIFF_OUT'.
Generating RTLIL representation for module `\IOBUFDS_DIFF_OUT_DCIEN'.
Generating RTLIL representation for module `\IOBUFDS_DIFF_OUT_INTERMDISABLE'.
Generating RTLIL representation for module `\IOBUFDSE3'.
Generating RTLIL representation for module `\OBUFDS'.
Generating RTLIL representation for module `\OBUFDS_DPHY'.
Generating RTLIL representation for module `\OBUFTDS'.
Generating RTLIL representation for module `\KEEPER'.
Generating RTLIL representation for module `\PULLDOWN'.
Generating RTLIL representation for module `\PULLUP'.
Generating RTLIL representation for module `\DCIRESET'.
Generating RTLIL representation for module `\HPIO_VREF'.
Generating RTLIL representation for module `\BUFGCE'.
Generating RTLIL representation for module `\BUFGCE_1'.
Generating RTLIL representation for module `\BUFGMUX'.
Generating RTLIL representation for module `\BUFGMUX_1'.
Generating RTLIL representation for module `\BUFGMUX_CTRL'.
Generating RTLIL representation for module `\BUFGMUX_VIRTEX4'.
Generating RTLIL representation for module `\BUFG_GT'.
Generating RTLIL representation for module `\BUFG_GT_SYNC'.
Generating RTLIL representation for module `\BUFG_PS'.
Generating RTLIL representation for module `\BUFGCE_DIV'.
Generating RTLIL representation for module `\BUFH'.
Generating RTLIL representation for module `\BUFIO2'.
Generating RTLIL representation for module `\BUFIO2_2CLK'.
Generating RTLIL representation for module `\BUFIO2FB'.
Generating RTLIL representation for module `\BUFPLL'.
Generating RTLIL representation for module `\BUFPLL_MCB'.
Generating RTLIL representation for module `\BUFIO'.
Generating RTLIL representation for module `\BUFIODQS'.
Generating RTLIL representation for module `\BUFR'.
Generating RTLIL representation for module `\BUFMR'.
Generating RTLIL representation for module `\BUFMRCE'.
Generating RTLIL representation for module `\DCM'.
Generating RTLIL representation for module `\DCM_SP'.
Generating RTLIL representation for module `\DCM_CLKGEN'.
Generating RTLIL representation for module `\DCM_ADV'.
Generating RTLIL representation for module `\DCM_BASE'.
Generating RTLIL representation for module `\DCM_PS'.
Generating RTLIL representation for module `\PMCD'.
Generating RTLIL representation for module `\PLL_ADV'.
Generating RTLIL representation for module `\PLL_BASE'.
Generating RTLIL representation for module `\MMCM_ADV'.
Generating RTLIL representation for module `\MMCM_BASE'.
Generating RTLIL representation for module `\MMCME2_ADV'.
Generating RTLIL representation for module `\MMCME2_BASE'.
Generating RTLIL representation for module `\PLLE2_ADV'.
Generating RTLIL representation for module `\PLLE2_BASE'.
Generating RTLIL representation for module `\MMCME3_ADV'.
Generating RTLIL representation for module `\MMCME3_BASE'.
Generating RTLIL representation for module `\PLLE3_ADV'.
Generating RTLIL representation for module `\PLLE3_BASE'.
Generating RTLIL representation for module `\MMCME4_ADV'.
Generating RTLIL representation for module `\MMCME4_BASE'.
Generating RTLIL representation for module `\PLLE4_ADV'.
Generating RTLIL representation for module `\PLLE4_BASE'.
Generating RTLIL representation for module `\BUFT'.
Generating RTLIL representation for module `\IN_FIFO'.
Generating RTLIL representation for module `\OUT_FIFO'.
Generating RTLIL representation for module `\HARD_SYNC'.
Generating RTLIL representation for module `\STARTUP_SPARTAN3'.
Generating RTLIL representation for module `\STARTUP_SPARTAN3E'.
Generating RTLIL representation for module `\STARTUP_SPARTAN3A'.
Generating RTLIL representation for module `\STARTUP_SPARTAN6'.
Generating RTLIL representation for module `\STARTUP_VIRTEX4'.
Generating RTLIL representation for module `\STARTUP_VIRTEX5'.
Generating RTLIL representation for module `\STARTUP_VIRTEX6'.
Generating RTLIL representation for module `\STARTUPE2'.
Generating RTLIL representation for module `\STARTUPE3'.
Generating RTLIL representation for module `\CAPTURE_SPARTAN3'.
Generating RTLIL representation for module `\CAPTURE_SPARTAN3A'.
Generating RTLIL representation for module `\CAPTURE_VIRTEX4'.
Generating RTLIL representation for module `\CAPTURE_VIRTEX5'.
Generating RTLIL representation for module `\CAPTURE_VIRTEX6'.
Generating RTLIL representation for module `\CAPTUREE2'.
Generating RTLIL representation for module `\ICAP_SPARTAN3A'.
Generating RTLIL representation for module `\ICAP_SPARTAN6'.
Generating RTLIL representation for module `\ICAP_VIRTEX4'.
Generating RTLIL representation for module `\ICAP_VIRTEX5'.
Generating RTLIL representation for module `\ICAP_VIRTEX6'.
Generating RTLIL representation for module `\ICAPE2'.
Generating RTLIL representation for module `\ICAPE3'.
Generating RTLIL representation for module `\BSCAN_SPARTAN3'.
Generating RTLIL representation for module `\BSCAN_SPARTAN3A'.
Generating RTLIL representation for module `\BSCAN_SPARTAN6'.
Generating RTLIL representation for module `\BSCAN_VIRTEX4'.
Generating RTLIL representation for module `\BSCAN_VIRTEX5'.
Generating RTLIL representation for module `\BSCAN_VIRTEX6'.
Generating RTLIL representation for module `\BSCANE2'.
Generating RTLIL representation for module `\DNA_PORT'.
Generating RTLIL representation for module `\DNA_PORTE2'.
Generating RTLIL representation for module `\FRAME_ECC_VIRTEX4'.
Generating RTLIL representation for module `\FRAME_ECC_VIRTEX5'.
Generating RTLIL representation for module `\FRAME_ECC_VIRTEX6'.
Generating RTLIL representation for module `\FRAME_ECCE2'.
Generating RTLIL representation for module `\FRAME_ECCE3'.
Generating RTLIL representation for module `\FRAME_ECCE4'.
Generating RTLIL representation for module `\USR_ACCESS_VIRTEX4'.
Generating RTLIL representation for module `\USR_ACCESS_VIRTEX5'.
Generating RTLIL representation for module `\USR_ACCESS_VIRTEX6'.
Generating RTLIL representation for module `\USR_ACCESSE2'.
Generating RTLIL representation for module `\POST_CRC_INTERNAL'.
Generating RTLIL representation for module `\SUSPEND_SYNC'.
Generating RTLIL representation for module `\KEY_CLEAR'.
Generating RTLIL representation for module `\MASTER_JTAG'.
Generating RTLIL representation for module `\SPI_ACCESS'.
Generating RTLIL representation for module `\EFUSE_USR'.
Generating RTLIL representation for module `\SYSMON'.
Generating RTLIL representation for module `\XADC'.
Generating RTLIL representation for module `\SYSMONE1'.
Generating RTLIL representation for module `\SYSMONE4'.
Generating RTLIL representation for module `\GTPA1_DUAL'.
Generating RTLIL representation for module `\GT11_CUSTOM'.
Generating RTLIL representation for module `\GT11_DUAL'.
Generating RTLIL representation for module `\GT11CLK'.
Generating RTLIL representation for module `\GT11CLK_MGT'.
Generating RTLIL representation for module `\GTP_DUAL'.
Generating RTLIL representation for module `\GTX_DUAL'.
Generating RTLIL representation for module `\CRC32'.
Generating RTLIL representation for module `\CRC64'.
Generating RTLIL representation for module `\GTHE1_QUAD'.
Generating RTLIL representation for module `\GTXE1'.
Generating RTLIL representation for module `\IBUFDS_GTXE1'.
Generating RTLIL representation for module `\IBUFDS_GTHE1'.
Generating RTLIL representation for module `\GTHE2_CHANNEL'.
Generating RTLIL representation for module `\GTHE2_COMMON'.
Generating RTLIL representation for module `\GTPE2_CHANNEL'.
Generating RTLIL representation for module `\GTPE2_COMMON'.
Generating RTLIL representation for module `\GTXE2_CHANNEL'.
Generating RTLIL representation for module `\GTXE2_COMMON'.
Generating RTLIL representation for module `\IBUFDS_GTE2'.
Generating RTLIL representation for module `\GTHE3_CHANNEL'.
Generating RTLIL representation for module `\GTHE3_COMMON'.
Generating RTLIL representation for module `\GTYE3_CHANNEL'.
Generating RTLIL representation for module `\GTYE3_COMMON'.
Generating RTLIL representation for module `\IBUFDS_GTE3'.
Generating RTLIL representation for module `\OBUFDS_GTE3'.
Generating RTLIL representation for module `\OBUFDS_GTE3_ADV'.
Generating RTLIL representation for module `\GTHE4_CHANNEL'.
Generating RTLIL representation for module `\GTHE4_COMMON'.
Generating RTLIL representation for module `\GTYE4_CHANNEL'.
Generating RTLIL representation for module `\GTYE4_COMMON'.
Generating RTLIL representation for module `\IBUFDS_GTE4'.
Generating RTLIL representation for module `\OBUFDS_GTE4'.
Generating RTLIL representation for module `\OBUFDS_GTE4_ADV'.
Generating RTLIL representation for module `\GTM_DUAL'.
Generating RTLIL representation for module `\IBUFDS_GTM'.
Generating RTLIL representation for module `\OBUFDS_GTM'.
Generating RTLIL representation for module `\OBUFDS_GTM_ADV'.
Generating RTLIL representation for module `\HSDAC'.
Generating RTLIL representation for module `\HSADC'.
Generating RTLIL representation for module `\RFDAC'.
Generating RTLIL representation for module `\RFADC'.
Generating RTLIL representation for module `\PCIE_A1'.
Generating RTLIL representation for module `\PCIE_EP'.
Generating RTLIL representation for module `\PCIE_2_0'.
Generating RTLIL representation for module `\PCIE_2_1'.
Generating RTLIL representation for module `\PCIE_3_0'.
Generating RTLIL representation for module `\PCIE_3_1'.
Generating RTLIL representation for module `\PCIE40E4'.
Generating RTLIL representation for module `\PCIE4CE4'.
Generating RTLIL representation for module `\EMAC'.
Generating RTLIL representation for module `\TEMAC'.
Generating RTLIL representation for module `\TEMAC_SINGLE'.
Generating RTLIL representation for module `\CMAC'.
Generating RTLIL representation for module `\CMACE4'.
Generating RTLIL representation for module `\MCB'.
Generating RTLIL representation for module `\HBM_REF_CLK'.
Generating RTLIL representation for module `\HBM_SNGLBLI_INTF_APB'.
Generating RTLIL representation for module `\HBM_SNGLBLI_INTF_AXI'.
Generating RTLIL representation for module `\HBM_ONE_STACK_INTF'.
Generating RTLIL representation for module `\HBM_TWO_STACK_INTF'.
Generating RTLIL representation for module `\PPC405_ADV'.
Generating RTLIL representation for module `\PPC440'.
Generating RTLIL representation for module `\PS7'.
Generating RTLIL representation for module `\PS8'.
Generating RTLIL representation for module `\ILKN'.
Generating RTLIL representation for module `\ILKNE4'.
Generating RTLIL representation for module `\VCU'.
Generating RTLIL representation for module `\FE'.
Successfully finished Verilog frontend.

5.3. Executing HIERARCHY pass (managing design hierarchy).

5.3.1. Analyzing design hierarchy..
Top module:  \cap_pdb_parallel_compact_allocation_engine
Used module:     $paramod$b5bfe1d4fce40940586b6e35fec61194ae5a8fde\cap_pdb_state_wide_bank
Used module:     $paramod$cbc3189b30a0f0ae8c16e45df15b3f5a54303a8f\cap_pdb_masked_min32

5.3.2. Analyzing design hierarchy..
Top module:  \cap_pdb_parallel_compact_allocation_engine
Used module:     $paramod$b5bfe1d4fce40940586b6e35fec61194ae5a8fde\cap_pdb_state_wide_bank
Used module:     $paramod$cbc3189b30a0f0ae8c16e45df15b3f5a54303a8f\cap_pdb_masked_min32
Removed 0 unused modules.

5.4. Executing PROC pass (convert processes to netlists).

5.4.1. Executing PROC_CLEAN pass (remove empty switches from decision trees).
Cleaned up 0 empty switches.

5.4.2. Executing PROC_RMDEAD pass (remove dead branches from decision trees).
Marked 26 switch rules as full_case in process $proc$cap_pdb_parallel_compact_engine.sv:232$1495 in module cap_pdb_parallel_compact_allocation_engine.
Marked 3 switch rules as full_case in process $proc$cap_pdb_parallel_compact_engine.sv:249$1535 in module cap_pdb_parallel_compact_allocation_engine.
Marked 1 switch rules as full_case in process $proc$cap_pdb_parallel_compact_engine.sv:22$2123 in module $paramod$b5bfe1d4fce40940586b6e35fec61194ae5a8fde\cap_pdb_state_wide_bank.
Removed a total of 0 dead cases.

5.4.3. Executing PROC_PRUNE pass (remove redundant assignments in processes).
Removed 1 redundant assignment.
Promoted 142 assignments to connections.

5.4.4. Executing PROC_INIT pass (extract init attributes).

5.4.5. Executing PROC_ARST pass (detect async resets in processes).

5.4.6. Executing PROC_ROM pass (convert switches to ROMs).
Converted 0 switches.
<suppressed ~59 debug messages>

5.4.7. Executing PROC_MUX pass (convert decision trees to multiplexers).
Creating decoders for process `\cap_pdb_parallel_compact_allocation_engine.$proc$cap_pdb_parallel_compact_engine.sv:207$1416'.
Creating decoders for process `\cap_pdb_parallel_compact_allocation_engine.$proc$cap_pdb_parallel_compact_engine.sv:232$1495'.
     1/26: $13\final_group_minimum[15:0]
     2/26: $13\all_after_empty[0:0]
     3/26: $12\final_group_minimum[15:0]
     4/26: $12\all_after_empty[0:0]
     5/26: $11\final_group_minimum[15:0]
     6/26: $11\all_after_empty[0:0]
     7/26: $10\final_group_minimum[15:0]
     8/26: $10\all_after_empty[0:0]
     9/26: $9\final_group_minimum[15:0]
    10/26: $9\all_after_empty[0:0]
    11/26: $8\final_group_minimum[15:0]
    12/26: $8\all_after_empty[0:0]
    13/26: $7\final_group_minimum[15:0]
    14/26: $7\all_after_empty[0:0]
    15/26: $6\final_group_minimum[15:0]
    16/26: $6\all_after_empty[0:0]
    17/26: $5\final_group_minimum[15:0]
    18/26: $5\all_after_empty[0:0]
    19/26: $4\final_group_minimum[15:0]
    20/26: $4\all_after_empty[0:0]
    21/26: $3\final_group_minimum[15:0]
    22/26: $3\all_after_empty[0:0]
    23/26: $2\final_group_minimum[15:0]
    24/26: $2\all_after_empty[0:0]
    25/26: $1\final_group_minimum[15:0]
    26/26: $1\all_after_empty[0:0]
Creating decoders for process `\cap_pdb_parallel_compact_allocation_engine.$proc$cap_pdb_parallel_compact_engine.sv:249$1535'.
     1/35: $4\index[31:0]
     2/35: $3\index[31:0]
     3/35: $2\index[31:0]
     4/35: $0\done[0:0]
     5/35: $0\group_minimum[12][15:0]
     6/35: $0\group_minimum[11][15:0]
     7/35: $0\group_minimum[10][15:0]
     8/35: $0\group_minimum[9][15:0]
     9/35: $0\group_minimum[8][15:0]
    10/35: $0\group_minimum[7][15:0]
    11/35: $0\group_minimum[6][15:0]
    12/35: $0\group_minimum[5][15:0]
    13/35: $0\group_minimum[4][15:0]
    14/35: $0\group_minimum[3][15:0]
    15/35: $0\group_minimum[2][15:0]
    16/35: $0\group_minimum[1][15:0]
    17/35: $0\group_minimum[0][15:0]
    18/35: $0\remaining[12][31:0]
    19/35: $0\remaining[11][31:0]
    20/35: $0\remaining[10][31:0]
    21/35: $0\remaining[9][31:0]
    22/35: $0\remaining[8][31:0]
    23/35: $0\remaining[7][31:0]
    24/35: $0\remaining[6][31:0]
    25/35: $0\remaining[5][31:0]
    26/35: $0\remaining[4][31:0]
    27/35: $0\remaining[3][31:0]
    28/35: $0\remaining[2][31:0]
    29/35: $0\remaining[1][31:0]
    30/35: $0\remaining[0][31:0]
    31/35: $0\phase[1:0]
    32/35: $0\cycles[15:0]
    33/35: $0\group_cost_sum[23:0]
    34/35: $0\valid[0:0]
    35/35: $0\busy[0:0]
Creating decoders for process `\cap_pdb_parallel_compact_allocation_engine.$proc$cap_pdb_parallel_compact_engine.sv:185$1605'.
Creating decoders for process `\cap_pdb_parallel_compact_allocation_engine.$proc$cap_pdb_parallel_compact_engine.sv:185$1645'.
Creating decoders for process `\cap_pdb_parallel_compact_allocation_engine.$proc$cap_pdb_parallel_compact_engine.sv:185$1685'.
Creating decoders for process `\cap_pdb_parallel_compact_allocation_engine.$proc$cap_pdb_parallel_compact_engine.sv:185$1725'.
Creating decoders for process `\cap_pdb_parallel_compact_allocation_engine.$proc$cap_pdb_parallel_compact_engine.sv:185$1765'.
Creating decoders for process `\cap_pdb_parallel_compact_allocation_engine.$proc$cap_pdb_parallel_compact_engine.sv:185$1805'.
Creating decoders for process `\cap_pdb_parallel_compact_allocation_engine.$proc$cap_pdb_parallel_compact_engine.sv:185$1845'.
Creating decoders for process `\cap_pdb_parallel_compact_allocation_engine.$proc$cap_pdb_parallel_compact_engine.sv:185$1885'.
Creating decoders for process `\cap_pdb_parallel_compact_allocation_engine.$proc$cap_pdb_parallel_compact_engine.sv:185$1925'.
Creating decoders for process `\cap_pdb_parallel_compact_allocation_engine.$proc$cap_pdb_parallel_compact_engine.sv:185$1965'.
Creating decoders for process `\cap_pdb_parallel_compact_allocation_engine.$proc$cap_pdb_parallel_compact_engine.sv:185$2005'.
Creating decoders for process `\cap_pdb_parallel_compact_allocation_engine.$proc$cap_pdb_parallel_compact_engine.sv:185$2045'.
Creating decoders for process `\cap_pdb_parallel_compact_allocation_engine.$proc$cap_pdb_parallel_compact_engine.sv:185$2085'.
Creating decoders for process `$paramod$b5bfe1d4fce40940586b6e35fec61194ae5a8fde\cap_pdb_state_wide_bank.$proc$cap_pdb_parallel_compact_engine.sv:22$2123'.
     1/4: $1$memwr$\memory$cap_pdb_parallel_compact_engine.sv:24$2122_EN[511:0]$2129
     2/4: $1$memwr$\memory$cap_pdb_parallel_compact_engine.sv:24$2122_DATA[511:0]$2128
     3/4: $1$memwr$\memory$cap_pdb_parallel_compact_engine.sv:24$2122_ADDR[8:0]$2127
     4/4: $0\rdata[511:0]

5.4.8. Executing PROC_DLATCH pass (convert process syncs to latches).
No latch inferred for signal `\cap_pdb_parallel_compact_allocation_engine.\selected_effect_bus' from process `\cap_pdb_parallel_compact_allocation_engine.$proc$cap_pdb_parallel_compact_engine.sv:207$1416'.
No latch inferred for signal `\cap_pdb_parallel_compact_allocation_engine.\remaining_after_bus' from process `\cap_pdb_parallel_compact_allocation_engine.$proc$cap_pdb_parallel_compact_engine.sv:207$1416'.
No latch inferred for signal `\cap_pdb_parallel_compact_allocation_engine.\select_group' from process `\cap_pdb_parallel_compact_allocation_engine.$proc$cap_pdb_parallel_compact_engine.sv:207$1416'.
No latch inferred for signal `\cap_pdb_parallel_compact_allocation_engine.\select_lane' from process `\cap_pdb_parallel_compact_allocation_engine.$proc$cap_pdb_parallel_compact_engine.sv:207$1416'.
No latch inferred for signal `\cap_pdb_parallel_compact_allocation_engine.\select_pending' from process `\cap_pdb_parallel_compact_allocation_engine.$proc$cap_pdb_parallel_compact_engine.sv:207$1416'.
No latch inferred for signal `\cap_pdb_parallel_compact_allocation_engine.\select_least' from process `\cap_pdb_parallel_compact_allocation_engine.$proc$cap_pdb_parallel_compact_engine.sv:207$1416'.
No latch inferred for signal `\cap_pdb_parallel_compact_allocation_engine.\index' from process `\cap_pdb_parallel_compact_allocation_engine.$proc$cap_pdb_parallel_compact_engine.sv:232$1495'.
No latch inferred for signal `\cap_pdb_parallel_compact_allocation_engine.\all_after_empty' from process `\cap_pdb_parallel_compact_allocation_engine.$proc$cap_pdb_parallel_compact_engine.sv:232$1495'.
No latch inferred for signal `\cap_pdb_parallel_compact_allocation_engine.\final_sum' from process `\cap_pdb_parallel_compact_allocation_engine.$proc$cap_pdb_parallel_compact_engine.sv:232$1495'.
No latch inferred for signal `\cap_pdb_parallel_compact_allocation_engine.\final_group_minimum' from process `\cap_pdb_parallel_compact_allocation_engine.$proc$cap_pdb_parallel_compact_engine.sv:232$1495'.
No latch inferred for signal `\cap_pdb_parallel_compact_allocation_engine.\xor_permute_mask$func$cap_pdb_parallel_compact_engine.sv:185$1389.$result' from process `\cap_pdb_parallel_compact_allocation_engine.$proc$cap_pdb_parallel_compact_engine.sv:185$1605'.
No latch inferred for signal `\cap_pdb_parallel_compact_allocation_engine.\xor_permute_mask$func$cap_pdb_parallel_compact_engine.sv:185$1402.$result' from process `\cap_pdb_parallel_compact_allocation_engine.$proc$cap_pdb_parallel_compact_engine.sv:185$1605'.
No latch inferred for signal `\cap_pdb_parallel_compact_allocation_engine.\xor_permute_mask$func$cap_pdb_parallel_compact_engine.sv:185$1402.mask' from process `\cap_pdb_parallel_compact_allocation_engine.$proc$cap_pdb_parallel_compact_engine.sv:185$1605'.
No latch inferred for signal `\cap_pdb_parallel_compact_allocation_engine.\xor_permute_mask$func$cap_pdb_parallel_compact_engine.sv:185$1402.xor_state' from process `\cap_pdb_parallel_compact_allocation_engine.$proc$cap_pdb_parallel_compact_engine.sv:185$1605'.
No latch inferred for signal `\cap_pdb_parallel_compact_allocation_engine.\xor_permute_mask$func$cap_pdb_parallel_compact_engine.sv:185$1402.stage0' from process `\cap_pdb_parallel_compact_allocation_engine.$proc$cap_pdb_parallel_compact_engine.sv:185$1605'.
No latch inferred for signal `\cap_pdb_parallel_compact_allocation_engine.\xor_permute_mask$func$cap_pdb_parallel_compact_engine.sv:185$1402.stage1' from process `\cap_pdb_parallel_compact_allocation_engine.$proc$cap_pdb_parallel_compact_engine.sv:185$1605'.
No latch inferred for signal `\cap_pdb_parallel_compact_allocation_engine.\xor_permute_mask$func$cap_pdb_parallel_compact_engine.sv:185$1402.stage2' from process `\cap_pdb_parallel_compact_allocation_engine.$proc$cap_pdb_parallel_compact_engine.sv:185$1605'.
No latch inferred for signal `\cap_pdb_parallel_compact_allocation_engine.\xor_permute_mask$func$cap_pdb_parallel_compact_engine.sv:185$1402.stage3' from process `\cap_pdb_parallel_compact_allocation_engine.$proc$cap_pdb_parallel_compact_engine.sv:185$1605'.
No latch inferred for signal `\cap_pdb_parallel_compact_allocation_engine.\xor_permute_mask$func$cap_pdb_parallel_compact_engine.sv:185$1390.$result' from process `\cap_pdb_parallel_compact_allocation_engine.$proc$cap_pdb_parallel_compact_engine.sv:185$1645'.
No latch inferred for signal `\cap_pdb_parallel_compact_allocation_engine.\xor_permute_mask$func$cap_pdb_parallel_compact_engine.sv:185$1403.$result' from process `\cap_pdb_parallel_compact_allocation_engine.$proc$cap_pdb_parallel_compact_engine.sv:185$1645'.
No latch inferred for signal `\cap_pdb_parallel_compact_allocation_engine.\xor_permute_mask$func$cap_pdb_parallel_compact_engine.sv:185$1403.mask' from process `\cap_pdb_parallel_compact_allocation_engine.$proc$cap_pdb_parallel_compact_engine.sv:185$1645'.
No latch inferred for signal `\cap_pdb_parallel_compact_allocation_engine.\xor_permute_mask$func$cap_pdb_parallel_compact_engine.sv:185$1403.xor_state' from process `\cap_pdb_parallel_compact_allocation_engine.$proc$cap_pdb_parallel_compact_engine.sv:185$1645'.
No latch inferred for signal `\cap_pdb_parallel_compact_allocation_engine.\xor_permute_mask$func$cap_pdb_parallel_compact_engine.sv:185$1403.stage0' from process `\cap_pdb_parallel_compact_allocation_engine.$proc$cap_pdb_parallel_compact_engine.sv:185$1645'.
No latch inferred for signal `\cap_pdb_parallel_compact_allocation_engine.\xor_permute_mask$func$cap_pdb_parallel_compact_engine.sv:185$1403.stage1' from process `\cap_pdb_parallel_compact_allocation_engine.$proc$cap_pdb_parallel_compact_engine.sv:185$1645'.
No latch inferred for signal `\cap_pdb_parallel_compact_allocation_engine.\xor_permute_mask$func$cap_pdb_parallel_compact_engine.sv:185$1403.stage2' from process `\cap_pdb_parallel_compact_allocation_engine.$proc$cap_pdb_parallel_compact_engine.sv:185$1645'.
No latch inferred for signal `\cap_pdb_parallel_compact_allocation_engine.\xor_permute_mask$func$cap_pdb_parallel_compact_engine.sv:185$1403.stage3' from process `\cap_pdb_parallel_compact_allocation_engine.$proc$cap_pdb_parallel_compact_engine.sv:185$1645'.
No latch inferred for signal `\cap_pdb_parallel_compact_allocation_engine.\xor_permute_mask$func$cap_pdb_parallel_compact_engine.sv:185$1391.$result' from process `\cap_pdb_parallel_compact_allocation_engine.$proc$cap_pdb_parallel_compact_engine.sv:185$1685'.
No latch inferred for signal `\cap_pdb_parallel_compact_allocation_engine.\xor_permute_mask$func$cap_pdb_parallel_compact_engine.sv:185$1404.$result' from process `\cap_pdb_parallel_compact_allocation_engine.$proc$cap_pdb_parallel_compact_engine.sv:185$1685'.
No latch inferred for signal `\cap_pdb_parallel_compact_allocation_engine.\xor_permute_mask$func$cap_pdb_parallel_compact_engine.sv:185$1404.mask' from process `\cap_pdb_parallel_compact_allocation_engine.$proc$cap_pdb_parallel_compact_engine.sv:185$1685'.
No latch inferred for signal `\cap_pdb_parallel_compact_allocation_engine.\xor_permute_mask$func$cap_pdb_parallel_compact_engine.sv:185$1404.xor_state' from process `\cap_pdb_parallel_compact_allocation_engine.$proc$cap_pdb_parallel_compact_engine.sv:185$1685'.
No latch inferred for signal `\cap_pdb_parallel_compact_allocation_engine.\xor_permute_mask$func$cap_pdb_parallel_compact_engine.sv:185$1404.stage0' from process `\cap_pdb_parallel_compact_allocation_engine.$proc$cap_pdb_parallel_compact_engine.sv:185$1685'.
No latch inferred for signal `\cap_pdb_parallel_compact_allocation_engine.\xor_permute_mask$func$cap_pdb_parallel_compact_engine.sv:185$1404.stage1' from process `\cap_pdb_parallel_compact_allocation_engine.$proc$cap_pdb_parallel_compact_engine.sv:185$1685'.
No latch inferred for signal `\cap_pdb_parallel_compact_allocation_engine.\xor_permute_mask$func$cap_pdb_parallel_compact_engine.sv:185$1404.stage2' from process `\cap_pdb_parallel_compact_allocation_engine.$proc$cap_pdb_parallel_compact_engine.sv:185$1685'.
No latch inferred for signal `\cap_pdb_parallel_compact_allocation_engine.\xor_permute_mask$func$cap_pdb_parallel_compact_engine.sv:185$1404.stage3' from process `\cap_pdb_parallel_compact_allocation_engine.$proc$cap_pdb_parallel_compact_engine.sv:185$1685'.
No latch inferred for signal `\cap_pdb_parallel_compact_allocation_engine.\xor_permute_mask$func$cap_pdb_parallel_compact_engine.sv:185$1392.$result' from process `\cap_pdb_parallel_compact_allocation_engine.$proc$cap_pdb_parallel_compact_engine.sv:185$1725'.
No latch inferred for signal `\cap_pdb_parallel_compact_allocation_engine.\xor_permute_mask$func$cap_pdb_parallel_compact_engine.sv:185$1405.$result' from process `\cap_pdb_parallel_compact_allocation_engine.$proc$cap_pdb_parallel_compact_engine.sv:185$1725'.
No latch inferred for signal `\cap_pdb_parallel_compact_allocation_engine.\xor_permute_mask$func$cap_pdb_parallel_compact_engine.sv:185$1405.mask' from process `\cap_pdb_parallel_compact_allocation_engine.$proc$cap_pdb_parallel_compact_engine.sv:185$1725'.
No latch inferred for signal `\cap_pdb_parallel_compact_allocation_engine.\xor_permute_mask$func$cap_pdb_parallel_compact_engine.sv:185$1405.xor_state' from process `\cap_pdb_parallel_compact_allocation_engine.$proc$cap_pdb_parallel_compact_engine.sv:185$1725'.
No latch inferred for signal `\cap_pdb_parallel_compact_allocation_engine.\xor_permute_mask$func$cap_pdb_parallel_compact_engine.sv:185$1405.stage0' from process `\cap_pdb_parallel_compact_allocation_engine.$proc$cap_pdb_parallel_compact_engine.sv:185$1725'.
No latch inferred for signal `\cap_pdb_parallel_compact_allocation_engine.\xor_permute_mask$func$cap_pdb_parallel_compact_engine.sv:185$1405.stage1' from process `\cap_pdb_parallel_compact_allocation_engine.$proc$cap_pdb_parallel_compact_engine.sv:185$1725'.
No latch inferred for signal `\cap_pdb_parallel_compact_allocation_engine.\xor_permute_mask$func$cap_pdb_parallel_compact_engine.sv:185$1405.stage2' from process `\cap_pdb_parallel_compact_allocation_engine.$proc$cap_pdb_parallel_compact_engine.sv:185$1725'.
No latch inferred for signal `\cap_pdb_parallel_compact_allocation_engine.\xor_permute_mask$func$cap_pdb_parallel_compact_engine.sv:185$1405.stage3' from process `\cap_pdb_parallel_compact_allocation_engine.$proc$cap_pdb_parallel_compact_engine.sv:185$1725'.
No latch inferred for signal `\cap_pdb_parallel_compact_allocation_engine.\xor_permute_mask$func$cap_pdb_parallel_compact_engine.sv:185$1393.$result' from process `\cap_pdb_parallel_compact_allocation_engine.$proc$cap_pdb_parallel_compact_engine.sv:185$1765'.
No latch inferred for signal `\cap_pdb_parallel_compact_allocation_engine.\xor_permute_mask$func$cap_pdb_parallel_compact_engine.sv:185$1406.$result' from process `\cap_pdb_parallel_compact_allocation_engine.$proc$cap_pdb_parallel_compact_engine.sv:185$1765'.
No latch inferred for signal `\cap_pdb_parallel_compact_allocation_engine.\xor_permute_mask$func$cap_pdb_parallel_compact_engine.sv:185$1406.mask' from process `\cap_pdb_parallel_compact_allocation_engine.$proc$cap_pdb_parallel_compact_engine.sv:185$1765'.
No latch inferred for signal `\cap_pdb_parallel_compact_allocation_engine.\xor_permute_mask$func$cap_pdb_parallel_compact_engine.sv:185$1406.xor_state' from process `\cap_pdb_parallel_compact_allocation_engine.$proc$cap_pdb_parallel_compact_engine.sv:185$1765'.
No latch inferred for signal `\cap_pdb_parallel_compact_allocation_engine.\xor_permute_mask$func$cap_pdb_parallel_compact_engine.sv:185$1406.stage0' from process `\cap_pdb_parallel_compact_allocation_engine.$proc$cap_pdb_parallel_compact_engine.sv:185$1765'.
No latch inferred for signal `\cap_pdb_parallel_compact_allocation_engine.\xor_permute_mask$func$cap_pdb_parallel_compact_engine.sv:185$1406.stage1' from process `\cap_pdb_parallel_compact_allocation_engine.$proc$cap_pdb_parallel_compact_engine.sv:185$1765'.
No latch inferred for signal `\cap_pdb_parallel_compact_allocation_engine.\xor_permute_mask$func$cap_pdb_parallel_compact_engine.sv:185$1406.stage2' from process `\cap_pdb_parallel_compact_allocation_engine.$proc$cap_pdb_parallel_compact_engine.sv:185$1765'.
No latch inferred for signal `\cap_pdb_parallel_compact_allocation_engine.\xor_permute_mask$func$cap_pdb_parallel_compact_engine.sv:185$1406.stage3' from process `\cap_pdb_parallel_compact_allocation_engine.$proc$cap_pdb_parallel_compact_engine.sv:185$1765'.
No latch inferred for signal `\cap_pdb_parallel_compact_allocation_engine.\xor_permute_mask$func$cap_pdb_parallel_compact_engine.sv:185$1394.$result' from process `\cap_pdb_parallel_compact_allocation_engine.$proc$cap_pdb_parallel_compact_engine.sv:185$1805'.
No latch inferred for signal `\cap_pdb_parallel_compact_allocation_engine.\xor_permute_mask$func$cap_pdb_parallel_compact_engine.sv:185$1407.$result' from process `\cap_pdb_parallel_compact_allocation_engine.$proc$cap_pdb_parallel_compact_engine.sv:185$1805'.
No latch inferred for signal `\cap_pdb_parallel_compact_allocation_engine.\xor_permute_mask$func$cap_pdb_parallel_compact_engine.sv:185$1407.mask' from process `\cap_pdb_parallel_compact_allocation_engine.$proc$cap_pdb_parallel_compact_engine.sv:185$1805'.
No latch inferred for signal `\cap_pdb_parallel_compact_allocation_engine.\xor_permute_mask$func$cap_pdb_parallel_compact_engine.sv:185$1407.xor_state' from process `\cap_pdb_parallel_compact_allocation_engine.$proc$cap_pdb_parallel_compact_engine.sv:185$1805'.
No latch inferred for signal `\cap_pdb_parallel_compact_allocation_engine.\xor_permute_mask$func$cap_pdb_parallel_compact_engine.sv:185$1407.stage0' from process `\cap_pdb_parallel_compact_allocation_engine.$proc$cap_pdb_parallel_compact_engine.sv:185$1805'.
No latch inferred for signal `\cap_pdb_parallel_compact_allocation_engine.\xor_permute_mask$func$cap_pdb_parallel_compact_engine.sv:185$1407.stage1' from process `\cap_pdb_parallel_compact_allocation_engine.$proc$cap_pdb_parallel_compact_engine.sv:185$1805'.
No latch inferred for signal `\cap_pdb_parallel_compact_allocation_engine.\xor_permute_mask$func$cap_pdb_parallel_compact_engine.sv:185$1407.stage2' from process `\cap_pdb_parallel_compact_allocation_engine.$proc$cap_pdb_parallel_compact_engine.sv:185$1805'.
No latch inferred for signal `\cap_pdb_parallel_compact_allocation_engine.\xor_permute_mask$func$cap_pdb_parallel_compact_engine.sv:185$1407.stage3' from process `\cap_pdb_parallel_compact_allocation_engine.$proc$cap_pdb_parallel_compact_engine.sv:185$1805'.
No latch inferred for signal `\cap_pdb_parallel_compact_allocation_engine.\xor_permute_mask$func$cap_pdb_parallel_compact_engine.sv:185$1395.$result' from process `\cap_pdb_parallel_compact_allocation_engine.$proc$cap_pdb_parallel_compact_engine.sv:185$1845'.
No latch inferred for signal `\cap_pdb_parallel_compact_allocation_engine.\xor_permute_mask$func$cap_pdb_parallel_compact_engine.sv:185$1408.$result' from process `\cap_pdb_parallel_compact_allocation_engine.$proc$cap_pdb_parallel_compact_engine.sv:185$1845'.
No latch inferred for signal `\cap_pdb_parallel_compact_allocation_engine.\xor_permute_mask$func$cap_pdb_parallel_compact_engine.sv:185$1408.mask' from process `\cap_pdb_parallel_compact_allocation_engine.$proc$cap_pdb_parallel_compact_engine.sv:185$1845'.
No latch inferred for signal `\cap_pdb_parallel_compact_allocation_engine.\xor_permute_mask$func$cap_pdb_parallel_compact_engine.sv:185$1408.xor_state' from process `\cap_pdb_parallel_compact_allocation_engine.$proc$cap_pdb_parallel_compact_engine.sv:185$1845'.
No latch inferred for signal `\cap_pdb_parallel_compact_allocation_engine.\xor_permute_mask$func$cap_pdb_parallel_compact_engine.sv:185$1408.stage0' from process `\cap_pdb_parallel_compact_allocation_engine.$proc$cap_pdb_parallel_compact_engine.sv:185$1845'.
No latch inferred for signal `\cap_pdb_parallel_compact_allocation_engine.\xor_permute_mask$func$cap_pdb_parallel_compact_engine.sv:185$1408.stage1' from process `\cap_pdb_parallel_compact_allocation_engine.$proc$cap_pdb_parallel_compact_engine.sv:185$1845'.
No latch inferred for signal `\cap_pdb_parallel_compact_allocation_engine.\xor_permute_mask$func$cap_pdb_parallel_compact_engine.sv:185$1408.stage2' from process `\cap_pdb_parallel_compact_allocation_engine.$proc$cap_pdb_parallel_compact_engine.sv:185$1845'.
No latch inferred for signal `\cap_pdb_parallel_compact_allocation_engine.\xor_permute_mask$func$cap_pdb_parallel_compact_engine.sv:185$1408.stage3' from process `\cap_pdb_parallel_compact_allocation_engine.$proc$cap_pdb_parallel_compact_engine.sv:185$1845'.
No latch inferred for signal `\cap_pdb_parallel_compact_allocation_engine.\xor_permute_mask$func$cap_pdb_parallel_compact_engine.sv:185$1396.$result' from process `\cap_pdb_parallel_compact_allocation_engine.$proc$cap_pdb_parallel_compact_engine.sv:185$1885'.
No latch inferred for signal `\cap_pdb_parallel_compact_allocation_engine.\xor_permute_mask$func$cap_pdb_parallel_compact_engine.sv:185$1409.$result' from process `\cap_pdb_parallel_compact_allocation_engine.$proc$cap_pdb_parallel_compact_engine.sv:185$1885'.
No latch inferred for signal `\cap_pdb_parallel_compact_allocation_engine.\xor_permute_mask$func$cap_pdb_parallel_compact_engine.sv:185$1409.mask' from process `\cap_pdb_parallel_compact_allocation_engine.$proc$cap_pdb_parallel_compact_engine.sv:185$1885'.
No latch inferred for signal `\cap_pdb_parallel_compact_allocation_engine.\xor_permute_mask$func$cap_pdb_parallel_compact_engine.sv:185$1409.xor_state' from process `\cap_pdb_parallel_compact_allocation_engine.$proc$cap_pdb_parallel_compact_engine.sv:185$1885'.
No latch inferred for signal `\cap_pdb_parallel_compact_allocation_engine.\xor_permute_mask$func$cap_pdb_parallel_compact_engine.sv:185$1409.stage0' from process `\cap_pdb_parallel_compact_allocation_engine.$proc$cap_pdb_parallel_compact_engine.sv:185$1885'.
No latch inferred for signal `\cap_pdb_parallel_compact_allocation_engine.\xor_permute_mask$func$cap_pdb_parallel_compact_engine.sv:185$1409.stage1' from process `\cap_pdb_parallel_compact_allocation_engine.$proc$cap_pdb_parallel_compact_engine.sv:185$1885'.
No latch inferred for signal `\cap_pdb_parallel_compact_allocation_engine.\xor_permute_mask$func$cap_pdb_parallel_compact_engine.sv:185$1409.stage2' from process `\cap_pdb_parallel_compact_allocation_engine.$proc$cap_pdb_parallel_compact_engine.sv:185$1885'.
No latch inferred for signal `\cap_pdb_parallel_compact_allocation_engine.\xor_permute_mask$func$cap_pdb_parallel_compact_engine.sv:185$1409.stage3' from process `\cap_pdb_parallel_compact_allocation_engine.$proc$cap_pdb_parallel_compact_engine.sv:185$1885'.
No latch inferred for signal `\cap_pdb_parallel_compact_allocation_engine.\xor_permute_mask$func$cap_pdb_parallel_compact_engine.sv:185$1397.$result' from process `\cap_pdb_parallel_compact_allocation_engine.$proc$cap_pdb_parallel_compact_engine.sv:185$1925'.
No latch inferred for signal `\cap_pdb_parallel_compact_allocation_engine.\xor_permute_mask$func$cap_pdb_parallel_compact_engine.sv:185$1410.$result' from process `\cap_pdb_parallel_compact_allocation_engine.$proc$cap_pdb_parallel_compact_engine.sv:185$1925'.
No latch inferred for signal `\cap_pdb_parallel_compact_allocation_engine.\xor_permute_mask$func$cap_pdb_parallel_compact_engine.sv:185$1410.mask' from process `\cap_pdb_parallel_compact_allocation_engine.$proc$cap_pdb_parallel_compact_engine.sv:185$1925'.
No latch inferred for signal `\cap_pdb_parallel_compact_allocation_engine.\xor_permute_mask$func$cap_pdb_parallel_compact_engine.sv:185$1410.xor_state' from process `\cap_pdb_parallel_compact_allocation_engine.$proc$cap_pdb_parallel_compact_engine.sv:185$1925'.
No latch inferred for signal `\cap_pdb_parallel_compact_allocation_engine.\xor_permute_mask$func$cap_pdb_parallel_compact_engine.sv:185$1410.stage0' from process `\cap_pdb_parallel_compact_allocation_engine.$proc$cap_pdb_parallel_compact_engine.sv:185$1925'.
No latch inferred for signal `\cap_pdb_parallel_compact_allocation_engine.\xor_permute_mask$func$cap_pdb_parallel_compact_engine.sv:185$1410.stage1' from process `\cap_pdb_parallel_compact_allocation_engine.$proc$cap_pdb_parallel_compact_engine.sv:185$1925'.
No latch inferred for signal `\cap_pdb_parallel_compact_allocation_engine.\xor_permute_mask$func$cap_pdb_parallel_compact_engine.sv:185$1410.stage2' from process `\cap_pdb_parallel_compact_allocation_engine.$proc$cap_pdb_parallel_compact_engine.sv:185$1925'.
No latch inferred for signal `\cap_pdb_parallel_compact_allocation_engine.\xor_permute_mask$func$cap_pdb_parallel_compact_engine.sv:185$1410.stage3' from process `\cap_pdb_parallel_compact_allocation_engine.$proc$cap_pdb_parallel_compact_engine.sv:185$1925'.
No latch inferred for signal `\cap_pdb_parallel_compact_allocation_engine.\xor_permute_mask$func$cap_pdb_parallel_compact_engine.sv:185$1398.$result' from process `\cap_pdb_parallel_compact_allocation_engine.$proc$cap_pdb_parallel_compact_engine.sv:185$1965'.
No latch inferred for signal `\cap_pdb_parallel_compact_allocation_engine.\xor_permute_mask$func$cap_pdb_parallel_compact_engine.sv:185$1411.$result' from process `\cap_pdb_parallel_compact_allocation_engine.$proc$cap_pdb_parallel_compact_engine.sv:185$1965'.
No latch inferred for signal `\cap_pdb_parallel_compact_allocation_engine.\xor_permute_mask$func$cap_pdb_parallel_compact_engine.sv:185$1411.mask' from process `\cap_pdb_parallel_compact_allocation_engine.$proc$cap_pdb_parallel_compact_engine.sv:185$1965'.
No latch inferred for signal `\cap_pdb_parallel_compact_allocation_engine.\xor_permute_mask$func$cap_pdb_parallel_compact_engine.sv:185$1411.xor_state' from process `\cap_pdb_parallel_compact_allocation_engine.$proc$cap_pdb_parallel_compact_engine.sv:185$1965'.
No latch inferred for signal `\cap_pdb_parallel_compact_allocation_engine.\xor_permute_mask$func$cap_pdb_parallel_compact_engine.sv:185$1411.stage0' from process `\cap_pdb_parallel_compact_allocation_engine.$proc$cap_pdb_parallel_compact_engine.sv:185$1965'.
No latch inferred for signal `\cap_pdb_parallel_compact_allocation_engine.\xor_permute_mask$func$cap_pdb_parallel_compact_engine.sv:185$1411.stage1' from process `\cap_pdb_parallel_compact_allocation_engine.$proc$cap_pdb_parallel_compact_engine.sv:185$1965'.
No latch inferred for signal `\cap_pdb_parallel_compact_allocation_engine.\xor_permute_mask$func$cap_pdb_parallel_compact_engine.sv:185$1411.stage2' from process `\cap_pdb_parallel_compact_allocation_engine.$proc$cap_pdb_parallel_compact_engine.sv:185$1965'.
No latch inferred for signal `\cap_pdb_parallel_compact_allocation_engine.\xor_permute_mask$func$cap_pdb_parallel_compact_engine.sv:185$1411.stage3' from process `\cap_pdb_parallel_compact_allocation_engine.$proc$cap_pdb_parallel_compact_engine.sv:185$1965'.
No latch inferred for signal `\cap_pdb_parallel_compact_allocation_engine.\xor_permute_mask$func$cap_pdb_parallel_compact_engine.sv:185$1399.$result' from process `\cap_pdb_parallel_compact_allocation_engine.$proc$cap_pdb_parallel_compact_engine.sv:185$2005'.
No latch inferred for signal `\cap_pdb_parallel_compact_allocation_engine.\xor_permute_mask$func$cap_pdb_parallel_compact_engine.sv:185$1412.$result' from process `\cap_pdb_parallel_compact_allocation_engine.$proc$cap_pdb_parallel_compact_engine.sv:185$2005'.
No latch inferred for signal `\cap_pdb_parallel_compact_allocation_engine.\xor_permute_mask$func$cap_pdb_parallel_compact_engine.sv:185$1412.mask' from process `\cap_pdb_parallel_compact_allocation_engine.$proc$cap_pdb_parallel_compact_engine.sv:185$2005'.
No latch inferred for signal `\cap_pdb_parallel_compact_allocation_engine.\xor_permute_mask$func$cap_pdb_parallel_compact_engine.sv:185$1412.xor_state' from process `\cap_pdb_parallel_compact_allocation_engine.$proc$cap_pdb_parallel_compact_engine.sv:185$2005'.
No latch inferred for signal `\cap_pdb_parallel_compact_allocation_engine.\xor_permute_mask$func$cap_pdb_parallel_compact_engine.sv:185$1412.stage0' from process `\cap_pdb_parallel_compact_allocation_engine.$proc$cap_pdb_parallel_compact_engine.sv:185$2005'.
No latch inferred for signal `\cap_pdb_parallel_compact_allocation_engine.\xor_permute_mask$func$cap_pdb_parallel_compact_engine.sv:185$1412.stage1' from process `\cap_pdb_parallel_compact_allocation_engine.$proc$cap_pdb_parallel_compact_engine.sv:185$2005'.
No latch inferred for signal `\cap_pdb_parallel_compact_allocation_engine.\xor_permute_mask$func$cap_pdb_parallel_compact_engine.sv:185$1412.stage2' from process `\cap_pdb_parallel_compact_allocation_engine.$proc$cap_pdb_parallel_compact_engine.sv:185$2005'.
No latch inferred for signal `\cap_pdb_parallel_compact_allocation_engine.\xor_permute_mask$func$cap_pdb_parallel_compact_engine.sv:185$1412.stage3' from process `\cap_pdb_parallel_compact_allocation_engine.$proc$cap_pdb_parallel_compact_engine.sv:185$2005'.
No latch inferred for signal `\cap_pdb_parallel_compact_allocation_engine.\xor_permute_mask$func$cap_pdb_parallel_compact_engine.sv:185$1400.$result' from process `\cap_pdb_parallel_compact_allocation_engine.$proc$cap_pdb_parallel_compact_engine.sv:185$2045'.
No latch inferred for signal `\cap_pdb_parallel_compact_allocation_engine.\xor_permute_mask$func$cap_pdb_parallel_compact_engine.sv:185$1413.$result' from process `\cap_pdb_parallel_compact_allocation_engine.$proc$cap_pdb_parallel_compact_engine.sv:185$2045'.
No latch inferred for signal `\cap_pdb_parallel_compact_allocation_engine.\xor_permute_mask$func$cap_pdb_parallel_compact_engine.sv:185$1413.mask' from process `\cap_pdb_parallel_compact_allocation_engine.$proc$cap_pdb_parallel_compact_engine.sv:185$2045'.
No latch inferred for signal `\cap_pdb_parallel_compact_allocation_engine.\xor_permute_mask$func$cap_pdb_parallel_compact_engine.sv:185$1413.xor_state' from process `\cap_pdb_parallel_compact_allocation_engine.$proc$cap_pdb_parallel_compact_engine.sv:185$2045'.
No latch inferred for signal `\cap_pdb_parallel_compact_allocation_engine.\xor_permute_mask$func$cap_pdb_parallel_compact_engine.sv:185$1413.stage0' from process `\cap_pdb_parallel_compact_allocation_engine.$proc$cap_pdb_parallel_compact_engine.sv:185$2045'.
No latch inferred for signal `\cap_pdb_parallel_compact_allocation_engine.\xor_permute_mask$func$cap_pdb_parallel_compact_engine.sv:185$1413.stage1' from process `\cap_pdb_parallel_compact_allocation_engine.$proc$cap_pdb_parallel_compact_engine.sv:185$2045'.
No latch inferred for signal `\cap_pdb_parallel_compact_allocation_engine.\xor_permute_mask$func$cap_pdb_parallel_compact_engine.sv:185$1413.stage2' from process `\cap_pdb_parallel_compact_allocation_engine.$proc$cap_pdb_parallel_compact_engine.sv:185$2045'.
No latch inferred for signal `\cap_pdb_parallel_compact_allocation_engine.\xor_permute_mask$func$cap_pdb_parallel_compact_engine.sv:185$1413.stage3' from process `\cap_pdb_parallel_compact_allocation_engine.$proc$cap_pdb_parallel_compact_engine.sv:185$2045'.
No latch inferred for signal `\cap_pdb_parallel_compact_allocation_engine.\xor_permute_mask$func$cap_pdb_parallel_compact_engine.sv:185$1401.$result' from process `\cap_pdb_parallel_compact_allocation_engine.$proc$cap_pdb_parallel_compact_engine.sv:185$2085'.
No latch inferred for signal `\cap_pdb_parallel_compact_allocation_engine.\xor_permute_mask$func$cap_pdb_parallel_compact_engine.sv:185$1414.$result' from process `\cap_pdb_parallel_compact_allocation_engine.$proc$cap_pdb_parallel_compact_engine.sv:185$2085'.
No latch inferred for signal `\cap_pdb_parallel_compact_allocation_engine.\xor_permute_mask$func$cap_pdb_parallel_compact_engine.sv:185$1414.mask' from process `\cap_pdb_parallel_compact_allocation_engine.$proc$cap_pdb_parallel_compact_engine.sv:185$2085'.
No latch inferred for signal `\cap_pdb_parallel_compact_allocation_engine.\xor_permute_mask$func$cap_pdb_parallel_compact_engine.sv:185$1414.xor_state' from process `\cap_pdb_parallel_compact_allocation_engine.$proc$cap_pdb_parallel_compact_engine.sv:185$2085'.
No latch inferred for signal `\cap_pdb_parallel_compact_allocation_engine.\xor_permute_mask$func$cap_pdb_parallel_compact_engine.sv:185$1414.stage0' from process `\cap_pdb_parallel_compact_allocation_engine.$proc$cap_pdb_parallel_compact_engine.sv:185$2085'.
No latch inferred for signal `\cap_pdb_parallel_compact_allocation_engine.\xor_permute_mask$func$cap_pdb_parallel_compact_engine.sv:185$1414.stage1' from process `\cap_pdb_parallel_compact_allocation_engine.$proc$cap_pdb_parallel_compact_engine.sv:185$2085'.
No latch inferred for signal `\cap_pdb_parallel_compact_allocation_engine.\xor_permute_mask$func$cap_pdb_parallel_compact_engine.sv:185$1414.stage2' from process `\cap_pdb_parallel_compact_allocation_engine.$proc$cap_pdb_parallel_compact_engine.sv:185$2085'.
No latch inferred for signal `\cap_pdb_parallel_compact_allocation_engine.\xor_permute_mask$func$cap_pdb_parallel_compact_engine.sv:185$1414.stage3' from process `\cap_pdb_parallel_compact_allocation_engine.$proc$cap_pdb_parallel_compact_engine.sv:185$2085'.

5.4.9. Executing PROC_DFF pass (convert process syncs to FFs).
Creating register for signal `\cap_pdb_parallel_compact_allocation_engine.\busy' using process `\cap_pdb_parallel_compact_allocation_engine.$proc$cap_pdb_parallel_compact_engine.sv:249$1535'.
  created $dff cell `$procdff$3808' with positive edge clock.
Creating register for signal `\cap_pdb_parallel_compact_allocation_engine.\done' using process `\cap_pdb_parallel_compact_allocation_engine.$proc$cap_pdb_parallel_compact_engine.sv:249$1535'.
  created $dff cell `$procdff$3809' with positive edge clock.
Creating register for signal `\cap_pdb_parallel_compact_allocation_engine.\valid' using process `\cap_pdb_parallel_compact_allocation_engine.$proc$cap_pdb_parallel_compact_engine.sv:249$1535'.
  created $dff cell `$procdff$3810' with positive edge clock.
Creating register for signal `\cap_pdb_parallel_compact_allocation_engine.\group_cost_sum' using process `\cap_pdb_parallel_compact_allocation_engine.$proc$cap_pdb_parallel_compact_engine.sv:249$1535'.
  created $dff cell `$procdff$3811' with positive edge clock.
Creating register for signal `\cap_pdb_parallel_compact_allocation_engine.\cycles' using process `\cap_pdb_parallel_compact_allocation_engine.$proc$cap_pdb_parallel_compact_engine.sv:249$1535'.
  created $dff cell `$procdff$3812' with positive edge clock.
Creating register for signal `\cap_pdb_parallel_compact_allocation_engine.\phase' using process `\cap_pdb_parallel_compact_allocation_engine.$proc$cap_pdb_parallel_compact_engine.sv:249$1535'.
  created $dff cell `$procdff$3813' with positive edge clock.
Creating register for signal `\cap_pdb_parallel_compact_allocation_engine.\index' using process `\cap_pdb_parallel_compact_allocation_engine.$proc$cap_pdb_parallel_compact_engine.sv:249$1535'.
  created $dff cell `$procdff$3814' with positive edge clock.
Creating register for signal `\cap_pdb_parallel_compact_allocation_engine.\remaining[0]' using process `\cap_pdb_parallel_compact_allocation_engine.$proc$cap_pdb_parallel_compact_engine.sv:249$1535'.
  created $dff cell `$procdff$3815' with positive edge clock.
Creating register for signal `\cap_pdb_parallel_compact_allocation_engine.\remaining[1]' using process `\cap_pdb_parallel_compact_allocation_engine.$proc$cap_pdb_parallel_compact_engine.sv:249$1535'.
  created $dff cell `$procdff$3816' with positive edge clock.
Creating register for signal `\cap_pdb_parallel_compact_allocation_engine.\remaining[2]' using process `\cap_pdb_parallel_compact_allocation_engine.$proc$cap_pdb_parallel_compact_engine.sv:249$1535'.
  created $dff cell `$procdff$3817' with positive edge clock.
Creating register for signal `\cap_pdb_parallel_compact_allocation_engine.\remaining[3]' using process `\cap_pdb_parallel_compact_allocation_engine.$proc$cap_pdb_parallel_compact_engine.sv:249$1535'.
  created $dff cell `$procdff$3818' with positive edge clock.
Creating register for signal `\cap_pdb_parallel_compact_allocation_engine.\remaining[4]' using process `\cap_pdb_parallel_compact_allocation_engine.$proc$cap_pdb_parallel_compact_engine.sv:249$1535'.
  created $dff cell `$procdff$3819' with positive edge clock.
Creating register for signal `\cap_pdb_parallel_compact_allocation_engine.\remaining[5]' using process `\cap_pdb_parallel_compact_allocation_engine.$proc$cap_pdb_parallel_compact_engine.sv:249$1535'.
  created $dff cell `$procdff$3820' with positive edge clock.
Creating register for signal `\cap_pdb_parallel_compact_allocation_engine.\remaining[6]' using process `\cap_pdb_parallel_compact_allocation_engine.$proc$cap_pdb_parallel_compact_engine.sv:249$1535'.
  created $dff cell `$procdff$3821' with positive edge clock.
Creating register for signal `\cap_pdb_parallel_compact_allocation_engine.\remaining[7]' using process `\cap_pdb_parallel_compact_allocation_engine.$proc$cap_pdb_parallel_compact_engine.sv:249$1535'.
  created $dff cell `$procdff$3822' with positive edge clock.
Creating register for signal `\cap_pdb_parallel_compact_allocation_engine.\remaining[8]' using process `\cap_pdb_parallel_compact_allocation_engine.$proc$cap_pdb_parallel_compact_engine.sv:249$1535'.
  created $dff cell `$procdff$3823' with positive edge clock.
Creating register for signal `\cap_pdb_parallel_compact_allocation_engine.\remaining[9]' using process `\cap_pdb_parallel_compact_allocation_engine.$proc$cap_pdb_parallel_compact_engine.sv:249$1535'.
  created $dff cell `$procdff$3824' with positive edge clock.
Creating register for signal `\cap_pdb_parallel_compact_allocation_engine.\remaining[10]' using process `\cap_pdb_parallel_compact_allocation_engine.$proc$cap_pdb_parallel_compact_engine.sv:249$1535'.
  created $dff cell `$procdff$3825' with positive edge clock.
Creating register for signal `\cap_pdb_parallel_compact_allocation_engine.\remaining[11]' using process `\cap_pdb_parallel_compact_allocation_engine.$proc$cap_pdb_parallel_compact_engine.sv:249$1535'.
  created $dff cell `$procdff$3826' with positive edge clock.
Creating register for signal `\cap_pdb_parallel_compact_allocation_engine.\remaining[12]' using process `\cap_pdb_parallel_compact_allocation_engine.$proc$cap_pdb_parallel_compact_engine.sv:249$1535'.
  created $dff cell `$procdff$3827' with positive edge clock.
Creating register for signal `\cap_pdb_parallel_compact_allocation_engine.\group_minimum[0]' using process `\cap_pdb_parallel_compact_allocation_engine.$proc$cap_pdb_parallel_compact_engine.sv:249$1535'.
  created $dff cell `$procdff$3828' with positive edge clock.
Creating register for signal `\cap_pdb_parallel_compact_allocation_engine.\group_minimum[1]' using process `\cap_pdb_parallel_compact_allocation_engine.$proc$cap_pdb_parallel_compact_engine.sv:249$1535'.
  created $dff cell `$procdff$3829' with positive edge clock.
Creating register for signal `\cap_pdb_parallel_compact_allocation_engine.\group_minimum[2]' using process `\cap_pdb_parallel_compact_allocation_engine.$proc$cap_pdb_parallel_compact_engine.sv:249$1535'.
  created $dff cell `$procdff$3830' with positive edge clock.
Creating register for signal `\cap_pdb_parallel_compact_allocation_engine.\group_minimum[3]' using process `\cap_pdb_parallel_compact_allocation_engine.$proc$cap_pdb_parallel_compact_engine.sv:249$1535'.
  created $dff cell `$procdff$3831' with positive edge clock.
Creating register for signal `\cap_pdb_parallel_compact_allocation_engine.\group_minimum[4]' using process `\cap_pdb_parallel_compact_allocation_engine.$proc$cap_pdb_parallel_compact_engine.sv:249$1535'.
  created $dff cell `$procdff$3832' with positive edge clock.
Creating register for signal `\cap_pdb_parallel_compact_allocation_engine.\group_minimum[5]' using process `\cap_pdb_parallel_compact_allocation_engine.$proc$cap_pdb_parallel_compact_engine.sv:249$1535'.
  created $dff cell `$procdff$3833' with positive edge clock.
Creating register for signal `\cap_pdb_parallel_compact_allocation_engine.\group_minimum[6]' using process `\cap_pdb_parallel_compact_allocation_engine.$proc$cap_pdb_parallel_compact_engine.sv:249$1535'.
  created $dff cell `$procdff$3834' with positive edge clock.
Creating register for signal `\cap_pdb_parallel_compact_allocation_engine.\group_minimum[7]' using process `\cap_pdb_parallel_compact_allocation_engine.$proc$cap_pdb_parallel_compact_engine.sv:249$1535'.
  created $dff cell `$procdff$3835' with positive edge clock.
Creating register for signal `\cap_pdb_parallel_compact_allocation_engine.\group_minimum[8]' using process `\cap_pdb_parallel_compact_allocation_engine.$proc$cap_pdb_parallel_compact_engine.sv:249$1535'.
  created $dff cell `$procdff$3836' with positive edge clock.
Creating register for signal `\cap_pdb_parallel_compact_allocation_engine.\group_minimum[9]' using process `\cap_pdb_parallel_compact_allocation_engine.$proc$cap_pdb_parallel_compact_engine.sv:249$1535'.
  created $dff cell `$procdff$3837' with positive edge clock.
Creating register for signal `\cap_pdb_parallel_compact_allocation_engine.\group_minimum[10]' using process `\cap_pdb_parallel_compact_allocation_engine.$proc$cap_pdb_parallel_compact_engine.sv:249$1535'.
  created $dff cell `$procdff$3838' with positive edge clock.
Creating register for signal `\cap_pdb_parallel_compact_allocation_engine.\group_minimum[11]' using process `\cap_pdb_parallel_compact_allocation_engine.$proc$cap_pdb_parallel_compact_engine.sv:249$1535'.
  created $dff cell `$procdff$3839' with positive edge clock.
Creating register for signal `\cap_pdb_parallel_compact_allocation_engine.\group_minimum[12]' using process `\cap_pdb_parallel_compact_allocation_engine.$proc$cap_pdb_parallel_compact_engine.sv:249$1535'.
  created $dff cell `$procdff$3840' with positive edge clock.
Creating register for signal `$paramod$b5bfe1d4fce40940586b6e35fec61194ae5a8fde\cap_pdb_state_wide_bank.\rdata' using process `$paramod$b5bfe1d4fce40940586b6e35fec61194ae5a8fde\cap_pdb_state_wide_bank.$proc$cap_pdb_parallel_compact_engine.sv:22$2123'.
  created $dff cell `$procdff$3841' with positive edge clock.
Creating register for signal `$paramod$b5bfe1d4fce40940586b6e35fec61194ae5a8fde\cap_pdb_state_wide_bank.$memwr$\memory$cap_pdb_parallel_compact_engine.sv:24$2122_ADDR' using process `$paramod$b5bfe1d4fce40940586b6e35fec61194ae5a8fde\cap_pdb_state_wide_bank.$proc$cap_pdb_parallel_compact_engine.sv:22$2123'.
  created $dff cell `$procdff$3842' with positive edge clock.
Creating register for signal `$paramod$b5bfe1d4fce40940586b6e35fec61194ae5a8fde\cap_pdb_state_wide_bank.$memwr$\memory$cap_pdb_parallel_compact_engine.sv:24$2122_DATA' using process `$paramod$b5bfe1d4fce40940586b6e35fec61194ae5a8fde\cap_pdb_state_wide_bank.$proc$cap_pdb_parallel_compact_engine.sv:22$2123'.
  created $dff cell `$procdff$3843' with positive edge clock.
Creating register for signal `$paramod$b5bfe1d4fce40940586b6e35fec61194ae5a8fde\cap_pdb_state_wide_bank.$memwr$\memory$cap_pdb_parallel_compact_engine.sv:24$2122_EN' using process `$paramod$b5bfe1d4fce40940586b6e35fec61194ae5a8fde\cap_pdb_state_wide_bank.$proc$cap_pdb_parallel_compact_engine.sv:22$2123'.
  created $dff cell `$procdff$3844' with positive edge clock.

5.4.10. Executing PROC_MEMWR pass (convert process memory writes to cells).

5.4.11. Executing PROC_CLEAN pass (remove empty switches from decision trees).
Removing empty process `cap_pdb_parallel_compact_allocation_engine.$proc$cap_pdb_parallel_compact_engine.sv:207$1416'.
Found and cleaned up 26 empty switches in `\cap_pdb_parallel_compact_allocation_engine.$proc$cap_pdb_parallel_compact_engine.sv:232$1495'.
Removing empty process `cap_pdb_parallel_compact_allocation_engine.$proc$cap_pdb_parallel_compact_engine.sv:232$1495'.
Found and cleaned up 31 empty switches in `\cap_pdb_parallel_compact_allocation_engine.$proc$cap_pdb_parallel_compact_engine.sv:249$1535'.
Removing empty process `cap_pdb_parallel_compact_allocation_engine.$proc$cap_pdb_parallel_compact_engine.sv:249$1535'.
Removing empty process `cap_pdb_parallel_compact_allocation_engine.$proc$cap_pdb_parallel_compact_engine.sv:185$1605'.
Removing empty process `cap_pdb_parallel_compact_allocation_engine.$proc$cap_pdb_parallel_compact_engine.sv:185$1645'.
Removing empty process `cap_pdb_parallel_compact_allocation_engine.$proc$cap_pdb_parallel_compact_engine.sv:185$1685'.
Removing empty process `cap_pdb_parallel_compact_allocation_engine.$proc$cap_pdb_parallel_compact_engine.sv:185$1725'.
Removing empty process `cap_pdb_parallel_compact_allocation_engine.$proc$cap_pdb_parallel_compact_engine.sv:185$1765'.
Removing empty process `cap_pdb_parallel_compact_allocation_engine.$proc$cap_pdb_parallel_compact_engine.sv:185$1805'.
Removing empty process `cap_pdb_parallel_compact_allocation_engine.$proc$cap_pdb_parallel_compact_engine.sv:185$1845'.
Removing empty process `cap_pdb_parallel_compact_allocation_engine.$proc$cap_pdb_parallel_compact_engine.sv:185$1885'.
Removing empty process `cap_pdb_parallel_compact_allocation_engine.$proc$cap_pdb_parallel_compact_engine.sv:185$1925'.
Removing empty process `cap_pdb_parallel_compact_allocation_engine.$proc$cap_pdb_parallel_compact_engine.sv:185$1965'.
Removing empty process `cap_pdb_parallel_compact_allocation_engine.$proc$cap_pdb_parallel_compact_engine.sv:185$2005'.
Removing empty process `cap_pdb_parallel_compact_allocation_engine.$proc$cap_pdb_parallel_compact_engine.sv:185$2045'.
Removing empty process `cap_pdb_parallel_compact_allocation_engine.$proc$cap_pdb_parallel_compact_engine.sv:185$2085'.
Found and cleaned up 2 empty switches in `$paramod$b5bfe1d4fce40940586b6e35fec61194ae5a8fde\cap_pdb_state_wide_bank.$proc$cap_pdb_parallel_compact_engine.sv:22$2123'.
Removing empty process `$paramod$b5bfe1d4fce40940586b6e35fec61194ae5a8fde\cap_pdb_state_wide_bank.$proc$cap_pdb_parallel_compact_engine.sv:22$2123'.
Cleaned up 59 empty switches.

5.4.12. Executing OPT_EXPR pass (perform const folding).
Optimizing module cap_pdb_parallel_compact_allocation_engine.
<suppressed ~294 debug messages>
Optimizing module $paramod$cbc3189b30a0f0ae8c16e45df15b3f5a54303a8f\cap_pdb_masked_min32.
Optimizing module $paramod$b5bfe1d4fce40940586b6e35fec61194ae5a8fde\cap_pdb_state_wide_bank.

5.5. Executing TRIBUF pass.

5.6. Executing DEMINOUT pass (demote inout ports to input or output).

5.7. Executing OPT_EXPR pass (perform const folding).
Optimizing module cap_pdb_parallel_compact_allocation_engine.
<suppressed ~1 debug messages>
Optimizing module $paramod$cbc3189b30a0f0ae8c16e45df15b3f5a54303a8f\cap_pdb_masked_min32.
Optimizing module $paramod$b5bfe1d4fce40940586b6e35fec61194ae5a8fde\cap_pdb_state_wide_bank.

5.8. Executing OPT_CLEAN pass (remove unused cells and wires).
Finding unused cells or wires in module \cap_pdb_parallel_compact_allocation_engine..
Finding unused cells or wires in module $paramod$cbc3189b30a0f0ae8c16e45df15b3f5a54303a8f\cap_pdb_masked_min32..
Finding unused cells or wires in module $paramod$b5bfe1d4fce40940586b6e35fec61194ae5a8fde\cap_pdb_state_wide_bank..
Removed 25 unused cells and 714 unused wires.
<suppressed ~29 debug messages>

5.9. Executing CHECK pass (checking for obvious problems).
Checking module cap_pdb_parallel_compact_allocation_engine...
Checking module $paramod$cbc3189b30a0f0ae8c16e45df15b3f5a54303a8f\cap_pdb_masked_min32...
Checking module $paramod$b5bfe1d4fce40940586b6e35fec61194ae5a8fde\cap_pdb_state_wide_bank...
Found and reported 0 problems.

5.10. Executing OPT pass (performing simple optimizations).

5.10.1. Executing OPT_EXPR pass (perform const folding).
Optimizing module cap_pdb_parallel_compact_allocation_engine.
Optimizing module $paramod$cbc3189b30a0f0ae8c16e45df15b3f5a54303a8f\cap_pdb_masked_min32.
Optimizing module $paramod$b5bfe1d4fce40940586b6e35fec61194ae5a8fde\cap_pdb_state_wide_bank.

5.10.2. Executing OPT_MERGE pass (detect identical cells).
Finding identical cells in module `\cap_pdb_parallel_compact_allocation_engine'.
Computing hashes of 596 cells of `\cap_pdb_parallel_compact_allocation_engine'.
Finding duplicate cells in `\cap_pdb_parallel_compact_allocation_engine'.
Computing hashes of 499 cells of `\cap_pdb_parallel_compact_allocation_engine'.
Finding duplicate cells in `\cap_pdb_parallel_compact_allocation_engine'.
Computing hashes of 486 cells of `\cap_pdb_parallel_compact_allocation_engine'.
Finding duplicate cells in `\cap_pdb_parallel_compact_allocation_engine'.
<suppressed ~330 debug messages>
Finding identical cells in module `$paramod$cbc3189b30a0f0ae8c16e45df15b3f5a54303a8f\cap_pdb_masked_min32'.
Computing hashes of 94 cells of `$paramod$cbc3189b30a0f0ae8c16e45df15b3f5a54303a8f\cap_pdb_masked_min32'.
Finding duplicate cells in `$paramod$cbc3189b30a0f0ae8c16e45df15b3f5a54303a8f\cap_pdb_masked_min32'.
Finding identical cells in module `$paramod$b5bfe1d4fce40940586b6e35fec61194ae5a8fde\cap_pdb_state_wide_bank'.
Computing hashes of 7 cells of `$paramod$b5bfe1d4fce40940586b6e35fec61194ae5a8fde\cap_pdb_state_wide_bank'.
Finding duplicate cells in `$paramod$b5bfe1d4fce40940586b6e35fec61194ae5a8fde\cap_pdb_state_wide_bank'.
Removed a total of 110 cells.

5.10.3. Executing OPT_MUXTREE pass (detect dead branches in mux trees).
Running muxtree optimizer on module \cap_pdb_parallel_compact_allocation_engine..
  Creating internal representation of mux trees.
  Evaluating internal representation of mux trees.
  Analyzing evaluation results.
Running muxtree optimizer on module $paramod$cbc3189b30a0f0ae8c16e45df15b3f5a54303a8f\cap_pdb_masked_min32..
  Creating internal representation of mux trees.
  Evaluating internal representation of mux trees.
  Analyzing evaluation results.
Running muxtree optimizer on module $paramod$b5bfe1d4fce40940586b6e35fec61194ae5a8fde\cap_pdb_state_wide_bank..
  Creating internal representation of mux trees.
  Evaluating internal representation of mux trees.
  Analyzing evaluation results.
Removed 0 multiplexer ports.
<suppressed ~464 debug messages>

5.10.4. Executing OPT_REDUCE pass (consolidate $*mux and $reduce_* inputs).
  Optimizing cells in module \cap_pdb_parallel_compact_allocation_engine.
  Optimizing cells in module $paramod$cbc3189b30a0f0ae8c16e45df15b3f5a54303a8f\cap_pdb_masked_min32.
  Optimizing cells in module $paramod$b5bfe1d4fce40940586b6e35fec61194ae5a8fde\cap_pdb_state_wide_bank.
    Consolidated identical input bits for $mux cell $procmux$3798:
      Old ports: A=512'00000000000000000000000000000000000000000000000000000000000000000000000000000000000000000000000000000000000000000000000000000000000000000000000000000000000000000000000000000000000000000000000000000000000000000000000000000000000000000000000000000000000000000000000000000000000000000000000000000000000000000000000000000000000000000000000000000000000000000000000000000000000000000000000000000000000000000000000000000000000000000000000000000000000000000000000000000000000000000000000000000000000000000000000000000000, B=512'11111111111111111111111111111111111111111111111111111111111111111111111111111111111111111111111111111111111111111111111111111111111111111111111111111111111111111111111111111111111111111111111111111111111111111111111111111111111111111111111111111111111111111111111111111111111111111111111111111111111111111111111111111111111111111111111111111111111111111111111111111111111111111111111111111111111111111111111111111111111111111111111111111111111111111111111111111111111111111111111111111111111111111111111111111111, Y=$0$memwr$\memory$cap_pdb_parallel_compact_engine.sv:24$2122_EN[511:0]$2126
      New ports: A=1'0, B=1'1, Y=$0$memwr$\memory$cap_pdb_parallel_compact_engine.sv:24$2122_EN[511:0]$2126 [0]
      New connections: $0$memwr$\memory$cap_pdb_parallel_compact_engine.sv:24$2122_EN[511:0]$2126 [511:1] = { $0$memwr$\memory$cap_pdb_parallel_compact_engine.sv:24$2122_EN[511:0]$2126 [0] $0$memwr$\memory$cap_pdb_parallel_compact_engine.sv:24$2122_EN[511:0]$2126 [0] $0$memwr$\memory$cap_pdb_parallel_compact_engine.sv:24$2122_EN[511:0]$2126 [0] $0$memwr$\memory$cap_pdb_parallel_compact_engine.sv:24$2122_EN[511:0]$2126 [0] $0$memwr$\memory$cap_pdb_parallel_compact_engine.sv:24$2122_EN[511:0]$2126 [0] $0$memwr$\memory$cap_pdb_parallel_compact_engine.sv:24$2122_EN[511:0]$2126 [0] $0$memwr$\memory$cap_pdb_parallel_compact_engine.sv:24$2122_EN[511:0]$2126 [0] $0$memwr$\memory$cap_pdb_parallel_compact_engine.sv:24$2122_EN[511:0]$2126 [0] $0$memwr$\memory$cap_pdb_parallel_compact_engine.sv:24$2122_EN[511:0]$2126 [0] $0$memwr$\memory$cap_pdb_parallel_compact_engine.sv:24$2122_EN[511:0]$2126 [0] $0$memwr$\memory$cap_pdb_parallel_compact_engine.sv:24$2122_EN[511:0]$2126 [0] $0$memwr$\memory$cap_pdb_parallel_compact_engine.sv:24$2122_EN[511:0]$2126 [0] $0$memwr$\memory$cap_pdb_parallel_compact_engine.sv:24$2122_EN[511:0]$2126 [0] $0$memwr$\memory$cap_pdb_parallel_compact_engine.sv:24$2122_EN[511:0]$2126 [0] $0$memwr$\memory$cap_pdb_parallel_compact_engine.sv:24$2122_EN[511:0]$2126 [0] $0$memwr$\memory$cap_pdb_parallel_compact_engine.sv:24$2122_EN[511:0]$2126 [0] $0$memwr$\memory$cap_pdb_parallel_compact_engine.sv:24$2122_EN[511:0]$2126 [0] $0$memwr$\memory$cap_pdb_parallel_compact_engine.sv:24$2122_EN[511:0]$2126 [0] $0$memwr$\memory$cap_pdb_parallel_compact_engine.sv:24$2122_EN[511:0]$2126 [0] $0$memwr$\memory$cap_pdb_parallel_compact_engine.sv:24$2122_EN[511:0]$2126 [0] $0$memwr$\memory$cap_pdb_parallel_compact_engine.sv:24$2122_EN[511:0]$2126 [0] $0$memwr$\memory$cap_pdb_parallel_compact_engine.sv:24$2122_EN[511:0]$2126 [0] $0$memwr$\memory$cap_pdb_parallel_compact_engine.sv:24$2122_EN[511:0]$2126 [0] $0$memwr$\memory$cap_pdb_parallel_compact_engine.sv:24$2122_EN[511:0]$2126 [0] $0$memwr$\memory$cap_pdb_parallel_compact_engine.sv:24$2122_EN[511:0]$2126 [0] $0$memwr$\memory$cap_pdb_parallel_compact_engine.sv:24$2122_EN[511:0]$2126 [0] $0$memwr$\memory$cap_pdb_parallel_compact_engine.sv:24$2122_EN[511:0]$2126 [0] $0$memwr$\memory$cap_pdb_parallel_compact_engine.sv:24$2122_EN[511:0]$2126 [0] $0$memwr$\memory$cap_pdb_parallel_compact_engine.sv:24$2122_EN[511:0]$2126 [0] $0$memwr$\memory$cap_pdb_parallel_compact_engine.sv:24$2122_EN[511:0]$2126 [0] $0$memwr$\memory$cap_pdb_parallel_compact_engine.sv:24$2122_EN[511:0]$2126 [0] $0$memwr$\memory$cap_pdb_parallel_compact_engine.sv:24$2122_EN[511:0]$2126 [0] $0$memwr$\memory$cap_pdb_parallel_compact_engine.sv:24$2122_EN[511:0]$2126 [0] $0$memwr$\memory$cap_pdb_parallel_compact_engine.sv:24$2122_EN[511:0]$2126 [0] $0$memwr$\memory$cap_pdb_parallel_compact_engine.sv:24$2122_EN[511:0]$2126 [0] $0$memwr$\memory$cap_pdb_parallel_compact_engine.sv:24$2122_EN[511:0]$2126 [0] $0$memwr$\memory$cap_pdb_parallel_compact_engine.sv:24$2122_EN[511:0]$2126 [0] $0$memwr$\memory$cap_pdb_parallel_compact_engine.sv:24$2122_EN[511:0]$2126 [0] $0$memwr$\memory$cap_pdb_parallel_compact_engine.sv:24$2122_EN[511:0]$2126 [0] $0$memwr$\memory$cap_pdb_parallel_compact_engine.sv:24$2122_EN[511:0]$2126 [0] $0$memwr$\memory$cap_pdb_parallel_compact_engine.sv:24$2122_EN[511:0]$2126 [0] $0$memwr$\memory$cap_pdb_parallel_compact_engine.sv:24$2122_EN[511:0]$2126 [0] $0$memwr$\memory$cap_pdb_parallel_compact_engine.sv:24$2122_EN[511:0]$2126 [0] $0$memwr$\memory$cap_pdb_parallel_compact_engine.sv:24$2122_EN[511:0]$2126 [0] $0$memwr$\memory$cap_pdb_parallel_compact_engine.sv:24$2122_EN[511:0]$2126 [0] $0$memwr$\memory$cap_pdb_parallel_compact_engine.sv:24$2122_EN[511:0]$2126 [0] $0$memwr$\memory$cap_pdb_parallel_compact_engine.sv:24$2122_EN[511:0]$2126 [0] $0$memwr$\memory$cap_pdb_parallel_compact_engine.sv:24$2122_EN[511:0]$2126 [0] $0$memwr$\memory$cap_pdb_parallel_compact_engine.sv:24$2122_EN[511:0]$2126 [0] $0$memwr$\memory$cap_pdb_parallel_compact_engine.sv:24$2122_EN[511:0]$2126 [0] $0$memwr$\memory$cap_pdb_parallel_compact_engine.sv:24$2122_EN[511:0]$2126 [0] $0$memwr$\memory$cap_pdb_parallel_compact_engine.sv:24$2122_EN[511:0]$2126 [0] $0$memwr$\memory$cap_pdb_parallel_compact_engine.sv:24$2122_EN[511:0]$2126 [0] $0$memwr$\memory$cap_pdb_parallel_compact_engine.sv:24$2122_EN[511:0]$2126 [0] $0$memwr$\memory$cap_pdb_parallel_compact_engine.sv:24$2122_EN[511:0]$2126 [0] $0$memwr$\memory$cap_pdb_parallel_compact_engine.sv:24$2122_EN[511:0]$2126 [0] $0$memwr$\memory$cap_pdb_parallel_compact_engine.sv:24$2122_EN[511:0]$2126 [0] $0$memwr$\memory$cap_pdb_parallel_compact_engine.sv:24$2122_EN[511:0]$2126 [0] $0$memwr$\memory$cap_pdb_parallel_compact_engine.sv:24$2122_EN[511:0]$2126 [0] $0$memwr$\memory$cap_pdb_parallel_compact_engine.sv:24$2122_EN[511:0]$2126 [0] $0$memwr$\memory$cap_pdb_parallel_compact_engine.sv:24$2122_EN[511:0]$2126 [0] $0$memwr$\memory$cap_pdb_parallel_compact_engine.sv:24$2122_EN[511:0]$2126 [0] $0$memwr$\memory$cap_pdb_parallel_compact_engine.sv:24$2122_EN[511:0]$2126 [0] $0$memwr$\memory$cap_pdb_parallel_compact_engine.sv:24$2122_EN[511:0]$2126 [0] $0$memwr$\memory$cap_pdb_parallel_compact_engine.sv:24$2122_EN[511:0]$2126 [0] $0$memwr$\memory$cap_pdb_parallel_compact_engine.sv:24$2122_EN[511:0]$2126 [0] $0$memwr$\memory$cap_pdb_parallel_compact_engine.sv:24$2122_EN[511:0]$2126 [0] $0$memwr$\memory$cap_pdb_parallel_compact_engine.sv:24$2122_EN[511:0]$2126 [0] $0$memwr$\memory$cap_pdb_parallel_compact_engine.sv:24$2122_EN[511:0]$2126 [0] $0$memwr$\memory$cap_pdb_parallel_compact_engine.sv:24$2122_EN[511:0]$2126 [0] $0$memwr$\memory$cap_pdb_parallel_compact_engine.sv:24$2122_EN[511:0]$2126 [0] $0$memwr$\memory$cap_pdb_parallel_compact_engine.sv:24$2122_EN[511:0]$2126 [0] $0$memwr$\memory$cap_pdb_parallel_compact_engine.sv:24$2122_EN[511:0]$2126 [0] $0$memwr$\memory$cap_pdb_parallel_compact_engine.sv:24$2122_EN[511:0]$2126 [0] $0$memwr$\memory$cap_pdb_parallel_compact_engine.sv:24$2122_EN[511:0]$2126 [0] $0$memwr$\memory$cap_pdb_parallel_compact_engine.sv:24$2122_EN[511:0]$2126 [0] $0$memwr$\memory$cap_pdb_parallel_compact_engine.sv:24$2122_EN[511:0]$2126 [0] $0$memwr$\memory$cap_pdb_parallel_compact_engine.sv:24$2122_EN[511:0]$2126 [0] $0$memwr$\memory$cap_pdb_parallel_compact_engine.sv:24$2122_EN[511:0]$2126 [0] $0$memwr$\memory$cap_pdb_parallel_compact_engine.sv:24$2122_EN[511:0]$2126 [0] $0$memwr$\memory$cap_pdb_parallel_compact_engine.sv:24$2122_EN[511:0]$2126 [0] $0$memwr$\memory$cap_pdb_parallel_compact_engine.sv:24$2122_EN[511:0]$2126 [0] $0$memwr$\memory$cap_pdb_parallel_compact_engine.sv:24$2122_EN[511:0]$2126 [0] $0$memwr$\memory$cap_pdb_parallel_compact_engine.sv:24$2122_EN[511:0]$2126 [0] $0$memwr$\memory$cap_pdb_parallel_compact_engine.sv:24$2122_EN[511:0]$2126 [0] $0$memwr$\memory$cap_pdb_parallel_compact_engine.sv:24$2122_EN[511:0]$2126 [0] $0$memwr$\memory$cap_pdb_parallel_compact_engine.sv:24$2122_EN[511:0]$2126 [0] $0$memwr$\memory$cap_pdb_parallel_compact_engine.sv:24$2122_EN[511:0]$2126 [0] $0$memwr$\memory$cap_pdb_parallel_compact_engine.sv:24$2122_EN[511:0]$2126 [0] $0$memwr$\memory$cap_pdb_parallel_compact_engine.sv:24$2122_EN[511:0]$2126 [0] $0$memwr$\memory$cap_pdb_parallel_compact_engine.sv:24$2122_EN[511:0]$2126 [0] $0$memwr$\memory$cap_pdb_parallel_compact_engine.sv:24$2122_EN[511:0]$2126 [0] $0$memwr$\memory$cap_pdb_parallel_compact_engine.sv:24$2122_EN[511:0]$2126 [0] $0$memwr$\memory$cap_pdb_parallel_compact_engine.sv:24$2122_EN[511:0]$2126 [0] $0$memwr$\memory$cap_pdb_parallel_compact_engine.sv:24$2122_EN[511:0]$2126 [0] $0$memwr$\memory$cap_pdb_parallel_compact_engine.sv:24$2122_EN[511:0]$2126 [0] $0$memwr$\memory$cap_pdb_parallel_compact_engine.sv:24$2122_EN[511:0]$2126 [0] $0$memwr$\memory$cap_pdb_parallel_compact_engine.sv:24$2122_EN[511:0]$2126 [0] $0$memwr$\memory$cap_pdb_parallel_compact_engine.sv:24$2122_EN[511:0]$2126 [0] $0$memwr$\memory$cap_pdb_parallel_compact_engine.sv:24$2122_EN[511:0]$2126 [0] $0$memwr$\memory$cap_pdb_parallel_compact_engine.sv:24$2122_EN[511:0]$2126 [0] $0$memwr$\memory$cap_pdb_parallel_compact_engine.sv:24$2122_EN[511:0]$2126 [0] $0$memwr$\memory$cap_pdb_parallel_compact_engine.sv:24$2122_EN[511:0]$2126 [0] $0$memwr$\memory$cap_pdb_parallel_compact_engine.sv:24$2122_EN[511:0]$2126 [0] $0$memwr$\memory$cap_pdb_parallel_compact_engine.sv:24$2122_EN[511:0]$2126 [0] $0$memwr$\memory$cap_pdb_parallel_compact_engine.sv:24$2122_EN[511:0]$2126 [0] $0$memwr$\memory$cap_pdb_parallel_compact_engine.sv:24$2122_EN[511:0]$2126 [0] $0$memwr$\memory$cap_pdb_parallel_compact_engine.sv:24$2122_EN[511:0]$2126 [0] $0$memwr$\memory$cap_pdb_parallel_compact_engine.sv:24$2122_EN[511:0]$2126 [0] $0$memwr$\memory$cap_pdb_parallel_compact_engine.sv:24$2122_EN[511:0]$2126 [0] $0$memwr$\memory$cap_pdb_parallel_compact_engine.sv:24$2122_EN[511:0]$2126 [0] $0$memwr$\memory$cap_pdb_parallel_compact_engine.sv:24$2122_EN[511:0]$2126 [0] $0$memwr$\memory$cap_pdb_parallel_compact_engine.sv:24$2122_EN[511:0]$2126 [0] $0$memwr$\memory$cap_pdb_parallel_compact_engine.sv:24$2122_EN[511:0]$2126 [0] $0$memwr$\memory$cap_pdb_parallel_compact_engine.sv:24$2122_EN[511:0]$2126 [0] $0$memwr$\memory$cap_pdb_parallel_compact_engine.sv:24$2122_EN[511:0]$2126 [0] $0$memwr$\memory$cap_pdb_parallel_compact_engine.sv:24$2122_EN[511:0]$2126 [0] $0$memwr$\memory$cap_pdb_parallel_compact_engine.sv:24$2122_EN[511:0]$2126 [0] $0$memwr$\memory$cap_pdb_parallel_compact_engine.sv:24$2122_EN[511:0]$2126 [0] $0$memwr$\memory$cap_pdb_parallel_compact_engine.sv:24$2122_EN[511:0]$2126 [0] $0$memwr$\memory$cap_pdb_parallel_compact_engine.sv:24$2122_EN[511:0]$2126 [0] $0$memwr$\memory$cap_pdb_parallel_compact_engine.sv:24$2122_EN[511:0]$2126 [0] $0$memwr$\memory$cap_pdb_parallel_compact_engine.sv:24$2122_EN[511:0]$2126 [0] $0$memwr$\memory$cap_pdb_parallel_compact_engine.sv:24$2122_EN[511:0]$2126 [0] $0$memwr$\memory$cap_pdb_parallel_compact_engine.sv:24$2122_EN[511:0]$2126 [0] $0$memwr$\memory$cap_pdb_parallel_compact_engine.sv:24$2122_EN[511:0]$2126 [0] $0$memwr$\memory$cap_pdb_parallel_compact_engine.sv:24$2122_EN[511:0]$2126 [0] $0$memwr$\memory$cap_pdb_parallel_compact_engine.sv:24$2122_EN[511:0]$2126 [0] $0$memwr$\memory$cap_pdb_parallel_compact_engine.sv:24$2122_EN[511:0]$2126 [0] $0$memwr$\memory$cap_pdb_parallel_compact_engine.sv:24$2122_EN[511:0]$2126 [0] $0$memwr$\memory$cap_pdb_parallel_compact_engine.sv:24$2122_EN[511:0]$2126 [0] $0$memwr$\memory$cap_pdb_parallel_compact_engine.sv:24$2122_EN[511:0]$2126 [0] $0$memwr$\memory$cap_pdb_parallel_compact_engine.sv:24$2122_EN[511:0]$2126 [0] $0$memwr$\memory$cap_pdb_parallel_compact_engine.sv:24$2122_EN[511:0]$2126 [0] $0$memwr$\memory$cap_pdb_parallel_compact_engine.sv:24$2122_EN[511:0]$2126 [0] $0$memwr$\memory$cap_pdb_parallel_compact_engine.sv:24$2122_EN[511:0]$2126 [0] $0$memwr$\memory$cap_pdb_parallel_compact_engine.sv:24$2122_EN[511:0]$2126 [0] $0$memwr$\memory$cap_pdb_parallel_compact_engine.sv:24$2122_EN[511:0]$2126 [0] $0$memwr$\memory$cap_pdb_parallel_compact_engine.sv:24$2122_EN[511:0]$2126 [0] $0$memwr$\memory$cap_pdb_parallel_compact_engine.sv:24$2122_EN[511:0]$2126 [0] $0$memwr$\memory$cap_pdb_parallel_compact_engine.sv:24$2122_EN[511:0]$2126 [0] $0$memwr$\memory$cap_pdb_parallel_compact_engine.sv:24$2122_EN[511:0]$2126 [0] $0$memwr$\memory$cap_pdb_parallel_compact_engine.sv:24$2122_EN[511:0]$2126 [0] $0$memwr$\memory$cap_pdb_parallel_compact_engine.sv:24$2122_EN[511:0]$2126 [0] $0$memwr$\memory$cap_pdb_parallel_compact_engine.sv:24$2122_EN[511:0]$2126 [0] $0$memwr$\memory$cap_pdb_parallel_compact_engine.sv:24$2122_EN[511:0]$2126 [0] $0$memwr$\memory$cap_pdb_parallel_compact_engine.sv:24$2122_EN[511:0]$2126 [0] $0$memwr$\memory$cap_pdb_parallel_compact_engine.sv:24$2122_EN[511:0]$2126 [0] $0$memwr$\memory$cap_pdb_parallel_compact_engine.sv:24$2122_EN[511:0]$2126 [0] $0$memwr$\memory$cap_pdb_parallel_compact_engine.sv:24$2122_EN[511:0]$2126 [0] $0$memwr$\memory$cap_pdb_parallel_compact_engine.sv:24$2122_EN[511:0]$2126 [0] $0$memwr$\memory$cap_pdb_parallel_compact_engine.sv:24$2122_EN[511:0]$2126 [0] $0$memwr$\memory$cap_pdb_parallel_compact_engine.sv:24$2122_EN[511:0]$2126 [0] $0$memwr$\memory$cap_pdb_parallel_compact_engine.sv:24$2122_EN[511:0]$2126 [0] $0$memwr$\memory$cap_pdb_parallel_compact_engine.sv:24$2122_EN[511:0]$2126 [0] $0$memwr$\memory$cap_pdb_parallel_compact_engine.sv:24$2122_EN[511:0]$2126 [0] $0$memwr$\memory$cap_pdb_parallel_compact_engine.sv:24$2122_EN[511:0]$2126 [0] $0$memwr$\memory$cap_pdb_parallel_compact_engine.sv:24$2122_EN[511:0]$2126 [0] $0$memwr$\memory$cap_pdb_parallel_compact_engine.sv:24$2122_EN[511:0]$2126 [0] $0$memwr$\memory$cap_pdb_parallel_compact_engine.sv:24$2122_EN[511:0]$2126 [0] $0$memwr$\memory$cap_pdb_parallel_compact_engine.sv:24$2122_EN[511:0]$2126 [0] $0$memwr$\memory$cap_pdb_parallel_compact_engine.sv:24$2122_EN[511:0]$2126 [0] $0$memwr$\memory$cap_pdb_parallel_compact_engine.sv:24$2122_EN[511:0]$2126 [0] $0$memwr$\memory$cap_pdb_parallel_compact_engine.sv:24$2122_EN[511:0]$2126 [0] $0$memwr$\memory$cap_pdb_parallel_compact_engine.sv:24$2122_EN[511:0]$2126 [0] $0$memwr$\memory$cap_pdb_parallel_compact_engine.sv:24$2122_EN[511:0]$2126 [0] $0$memwr$\memory$cap_pdb_parallel_compact_engine.sv:24$2122_EN[511:0]$2126 [0] $0$memwr$\memory$cap_pdb_parallel_compact_engine.sv:24$2122_EN[511:0]$2126 [0] $0$memwr$\memory$cap_pdb_parallel_compact_engine.sv:24$2122_EN[511:0]$2126 [0] $0$memwr$\memory$cap_pdb_parallel_compact_engine.sv:24$2122_EN[511:0]$2126 [0] $0$memwr$\memory$cap_pdb_parallel_compact_engine.sv:24$2122_EN[511:0]$2126 [0] $0$memwr$\memory$cap_pdb_parallel_compact_engine.sv:24$2122_EN[511:0]$2126 [0] $0$memwr$\memory$cap_pdb_parallel_compact_engine.sv:24$2122_EN[511:0]$2126 [0] $0$memwr$\memory$cap_pdb_parallel_compact_engine.sv:24$2122_EN[511:0]$2126 [0] $0$memwr$\memory$cap_pdb_parallel_compact_engine.sv:24$2122_EN[511:0]$2126 [0] $0$memwr$\memory$cap_pdb_parallel_compact_engine.sv:24$2122_EN[511:0]$2126 [0] $0$memwr$\memory$cap_pdb_parallel_compact_engine.sv:24$2122_EN[511:0]$2126 [0] $0$memwr$\memory$cap_pdb_parallel_compact_engine.sv:24$2122_EN[511:0]$2126 [0] $0$memwr$\memory$cap_pdb_parallel_compact_engine.sv:24$2122_EN[511:0]$2126 [0] $0$memwr$\memory$cap_pdb_parallel_compact_engine.sv:24$2122_EN[511:0]$2126 [0] $0$memwr$\memory$cap_pdb_parallel_compact_engine.sv:24$2122_EN[511:0]$2126 [0] $0$memwr$\memory$cap_pdb_parallel_compact_engine.sv:24$2122_EN[511:0]$2126 [0] $0$memwr$\memory$cap_pdb_parallel_compact_engine.sv:24$2122_EN[511:0]$2126 [0] $0$memwr$\memory$cap_pdb_parallel_compact_engine.sv:24$2122_EN[511:0]$2126 [0] $0$memwr$\memory$cap_pdb_parallel_compact_engine.sv:24$2122_EN[511:0]$2126 [0] $0$memwr$\memory$cap_pdb_parallel_compact_engine.sv:24$2122_EN[511:0]$2126 [0] $0$memwr$\memory$cap_pdb_parallel_compact_engine.sv:24$2122_EN[511:0]$2126 [0] $0$memwr$\memory$cap_pdb_parallel_compact_engine.sv:24$2122_EN[511:0]$2126 [0] $0$memwr$\memory$cap_pdb_parallel_compact_engine.sv:24$2122_EN[511:0]$2126 [0] $0$memwr$\memory$cap_pdb_parallel_compact_engine.sv:24$2122_EN[511:0]$2126 [0] $0$memwr$\memory$cap_pdb_parallel_compact_engine.sv:24$2122_EN[511:0]$2126 [0] $0$memwr$\memory$cap_pdb_parallel_compact_engine.sv:24$2122_EN[511:0]$2126 [0] $0$memwr$\memory$cap_pdb_parallel_compact_engine.sv:24$2122_EN[511:0]$2126 [0] $0$memwr$\memory$cap_pdb_parallel_compact_engine.sv:24$2122_EN[511:0]$2126 [0] $0$memwr$\memory$cap_pdb_parallel_compact_engine.sv:24$2122_EN[511:0]$2126 [0] $0$memwr$\memory$cap_pdb_parallel_compact_engine.sv:24$2122_EN[511:0]$2126 [0] $0$memwr$\memory$cap_pdb_parallel_compact_engine.sv:24$2122_EN[511:0]$2126 [0] $0$memwr$\memory$cap_pdb_parallel_compact_engine.sv:24$2122_EN[511:0]$2126 [0] $0$memwr$\memory$cap_pdb_parallel_compact_engine.sv:24$2122_EN[511:0]$2126 [0] $0$memwr$\memory$cap_pdb_parallel_compact_engine.sv:24$2122_EN[511:0]$2126 [0] $0$memwr$\memory$cap_pdb_parallel_compact_engine.sv:24$2122_EN[511:0]$2126 [0] $0$memwr$\memory$cap_pdb_parallel_compact_engine.sv:24$2122_EN[511:0]$2126 [0] $0$memwr$\memory$cap_pdb_parallel_compact_engine.sv:24$2122_EN[511:0]$2126 [0] $0$memwr$\memory$cap_pdb_parallel_compact_engine.sv:24$2122_EN[511:0]$2126 [0] $0$memwr$\memory$cap_pdb_parallel_compact_engine.sv:24$2122_EN[511:0]$2126 [0] $0$memwr$\memory$cap_pdb_parallel_compact_engine.sv:24$2122_EN[511:0]$2126 [0] $0$memwr$\memory$cap_pdb_parallel_compact_engine.sv:24$2122_EN[511:0]$2126 [0] $0$memwr$\memory$cap_pdb_parallel_compact_engine.sv:24$2122_EN[511:0]$2126 [0] $0$memwr$\memory$cap_pdb_parallel_compact_engine.sv:24$2122_EN[511:0]$2126 [0] $0$memwr$\memory$cap_pdb_parallel_compact_engine.sv:24$2122_EN[511:0]$2126 [0] $0$memwr$\memory$cap_pdb_parallel_compact_engine.sv:24$2122_EN[511:0]$2126 [0] $0$memwr$\memory$cap_pdb_parallel_compact_engine.sv:24$2122_EN[511:0]$2126 [0] $0$memwr$\memory$cap_pdb_parallel_compact_engine.sv:24$2122_EN[511:0]$2126 [0] $0$memwr$\memory$cap_pdb_parallel_compact_engine.sv:24$2122_EN[511:0]$2126 [0] $0$memwr$\memory$cap_pdb_parallel_compact_engine.sv:24$2122_EN[511:0]$2126 [0] $0$memwr$\memory$cap_pdb_parallel_compact_engine.sv:24$2122_EN[511:0]$2126 [0] $0$memwr$\memory$cap_pdb_parallel_compact_engine.sv:24$2122_EN[511:0]$2126 [0] $0$memwr$\memory$cap_pdb_parallel_compact_engine.sv:24$2122_EN[511:0]$2126 [0] $0$memwr$\memory$cap_pdb_parallel_compact_engine.sv:24$2122_EN[511:0]$2126 [0] $0$memwr$\memory$cap_pdb_parallel_compact_engine.sv:24$2122_EN[511:0]$2126 [0] $0$memwr$\memory$cap_pdb_parallel_compact_engine.sv:24$2122_EN[511:0]$2126 [0] $0$memwr$\memory$cap_pdb_parallel_compact_engine.sv:24$2122_EN[511:0]$2126 [0] $0$memwr$\memory$cap_pdb_parallel_compact_engine.sv:24$2122_EN[511:0]$2126 [0] $0$memwr$\memory$cap_pdb_parallel_compact_engine.sv:24$2122_EN[511:0]$2126 [0] $0$memwr$\memory$cap_pdb_parallel_compact_engine.sv:24$2122_EN[511:0]$2126 [0] $0$memwr$\memory$cap_pdb_parallel_compact_engine.sv:24$2122_EN[511:0]$2126 [0] $0$memwr$\memory$cap_pdb_parallel_compact_engine.sv:24$2122_EN[511:0]$2126 [0] $0$memwr$\memory$cap_pdb_parallel_compact_engine.sv:24$2122_EN[511:0]$2126 [0] $0$memwr$\memory$cap_pdb_parallel_compact_engine.sv:24$2122_EN[511:0]$2126 [0] $0$memwr$\memory$cap_pdb_parallel_compact_engine.sv:24$2122_EN[511:0]$2126 [0] $0$memwr$\memory$cap_pdb_parallel_compact_engine.sv:24$2122_EN[511:0]$2126 [0] $0$memwr$\memory$cap_pdb_parallel_compact_engine.sv:24$2122_EN[511:0]$2126 [0] $0$memwr$\memory$cap_pdb_parallel_compact_engine.sv:24$2122_EN[511:0]$2126 [0] $0$memwr$\memory$cap_pdb_parallel_compact_engine.sv:24$2122_EN[511:0]$2126 [0] $0$memwr$\memory$cap_pdb_parallel_compact_engine.sv:24$2122_EN[511:0]$2126 [0] $0$memwr$\memory$cap_pdb_parallel_compact_engine.sv:24$2122_EN[511:0]$2126 [0] $0$memwr$\memory$cap_pdb_parallel_compact_engine.sv:24$2122_EN[511:0]$2126 [0] $0$memwr$\memory$cap_pdb_parallel_compact_engine.sv:24$2122_EN[511:0]$2126 [0] $0$memwr$\memory$cap_pdb_parallel_compact_engine.sv:24$2122_EN[511:0]$2126 [0] $0$memwr$\memory$cap_pdb_parallel_compact_engine.sv:24$2122_EN[511:0]$2126 [0] $0$memwr$\memory$cap_pdb_parallel_compact_engine.sv:24$2122_EN[511:0]$2126 [0] $0$memwr$\memory$cap_pdb_parallel_compact_engine.sv:24$2122_EN[511:0]$2126 [0] $0$memwr$\memory$cap_pdb_parallel_compact_engine.sv:24$2122_EN[511:0]$2126 [0] $0$memwr$\memory$cap_pdb_parallel_compact_engine.sv:24$2122_EN[511:0]$2126 [0] $0$memwr$\memory$cap_pdb_parallel_compact_engine.sv:24$2122_EN[511:0]$2126 [0] $0$memwr$\memory$cap_pdb_parallel_compact_engine.sv:24$2122_EN[511:0]$2126 [0] $0$memwr$\memory$cap_pdb_parallel_compact_engine.sv:24$2122_EN[511:0]$2126 [0] $0$memwr$\memory$cap_pdb_parallel_compact_engine.sv:24$2122_EN[511:0]$2126 [0] $0$memwr$\memory$cap_pdb_parallel_compact_engine.sv:24$2122_EN[511:0]$2126 [0] $0$memwr$\memory$cap_pdb_parallel_compact_engine.sv:24$2122_EN[511:0]$2126 [0] $0$memwr$\memory$cap_pdb_parallel_compact_engine.sv:24$2122_EN[511:0]$2126 [0] $0$memwr$\memory$cap_pdb_parallel_compact_engine.sv:24$2122_EN[511:0]$2126 [0] $0$memwr$\memory$cap_pdb_parallel_compact_engine.sv:24$2122_EN[511:0]$2126 [0] $0$memwr$\memory$cap_pdb_parallel_compact_engine.sv:24$2122_EN[511:0]$2126 [0] $0$memwr$\memory$cap_pdb_parallel_compact_engine.sv:24$2122_EN[511:0]$2126 [0] $0$memwr$\memory$cap_pdb_parallel_compact_engine.sv:24$2122_EN[511:0]$2126 [0] $0$memwr$\memory$cap_pdb_parallel_compact_engine.sv:24$2122_EN[511:0]$2126 [0] $0$memwr$\memory$cap_pdb_parallel_compact_engine.sv:24$2122_EN[511:0]$2126 [0] $0$memwr$\memory$cap_pdb_parallel_compact_engine.sv:24$2122_EN[511:0]$2126 [0] $0$memwr$\memory$cap_pdb_parallel_compact_engine.sv:24$2122_EN[511:0]$2126 [0] $0$memwr$\memory$cap_pdb_parallel_compact_engine.sv:24$2122_EN[511:0]$2126 [0] $0$memwr$\memory$cap_pdb_parallel_compact_engine.sv:24$2122_EN[511:0]$2126 [0] $0$memwr$\memory$cap_pdb_parallel_compact_engine.sv:24$2122_EN[511:0]$2126 [0] $0$memwr$\memory$cap_pdb_parallel_compact_engine.sv:24$2122_EN[511:0]$2126 [0] $0$memwr$\memory$cap_pdb_parallel_compact_engine.sv:24$2122_EN[511:0]$2126 [0] $0$memwr$\memory$cap_pdb_parallel_compact_engine.sv:24$2122_EN[511:0]$2126 [0] $0$memwr$\memory$cap_pdb_parallel_compact_engine.sv:24$2122_EN[511:0]$2126 [0] $0$memwr$\memory$cap_pdb_parallel_compact_engine.sv:24$2122_EN[511:0]$2126 [0] $0$memwr$\memory$cap_pdb_parallel_compact_engine.sv:24$2122_EN[511:0]$2126 [0] $0$memwr$\memory$cap_pdb_parallel_compact_engine.sv:24$2122_EN[511:0]$2126 [0] $0$memwr$\memory$cap_pdb_parallel_compact_engine.sv:24$2122_EN[511:0]$2126 [0] $0$memwr$\memory$cap_pdb_parallel_compact_engine.sv:24$2122_EN[511:0]$2126 [0] $0$memwr$\memory$cap_pdb_parallel_compact_engine.sv:24$2122_EN[511:0]$2126 [0] $0$memwr$\memory$cap_pdb_parallel_compact_engine.sv:24$2122_EN[511:0]$2126 [0] $0$memwr$\memory$cap_pdb_parallel_compact_engine.sv:24$2122_EN[511:0]$2126 [0] $0$memwr$\memory$cap_pdb_parallel_compact_engine.sv:24$2122_EN[511:0]$2126 [0] $0$memwr$\memory$cap_pdb_parallel_compact_engine.sv:24$2122_EN[511:0]$2126 [0] $0$memwr$\memory$cap_pdb_parallel_compact_engine.sv:24$2122_EN[511:0]$2126 [0] $0$memwr$\memory$cap_pdb_parallel_compact_engine.sv:24$2122_EN[511:0]$2126 [0] $0$memwr$\memory$cap_pdb_parallel_compact_engine.sv:24$2122_EN[511:0]$2126 [0] $0$memwr$\memory$cap_pdb_parallel_compact_engine.sv:24$2122_EN[511:0]$2126 [0] $0$memwr$\memory$cap_pdb_parallel_compact_engine.sv:24$2122_EN[511:0]$2126 [0] $0$memwr$\memory$cap_pdb_parallel_compact_engine.sv:24$2122_EN[511:0]$2126 [0] $0$memwr$\memory$cap_pdb_parallel_compact_engine.sv:24$2122_EN[511:0]$2126 [0] $0$memwr$\memory$cap_pdb_parallel_compact_engine.sv:24$2122_EN[511:0]$2126 [0] $0$memwr$\memory$cap_pdb_parallel_compact_engine.sv:24$2122_EN[511:0]$2126 [0] $0$memwr$\memory$cap_pdb_parallel_compact_engine.sv:24$2122_EN[511:0]$2126 [0] $0$memwr$\memory$cap_pdb_parallel_compact_engine.sv:24$2122_EN[511:0]$2126 [0] $0$memwr$\memory$cap_pdb_parallel_compact_engine.sv:24$2122_EN[511:0]$2126 [0] $0$memwr$\memory$cap_pdb_parallel_compact_engine.sv:24$2122_EN[511:0]$2126 [0] $0$memwr$\memory$cap_pdb_parallel_compact_engine.sv:24$2122_EN[511:0]$2126 [0] $0$memwr$\memory$cap_pdb_parallel_compact_engine.sv:24$2122_EN[511:0]$2126 [0] $0$memwr$\memory$cap_pdb_parallel_compact_engine.sv:24$2122_EN[511:0]$2126 [0] $0$memwr$\memory$cap_pdb_parallel_compact_engine.sv:24$2122_EN[511:0]$2126 [0] $0$memwr$\memory$cap_pdb_parallel_compact_engine.sv:24$2122_EN[511:0]$2126 [0] $0$memwr$\memory$cap_pdb_parallel_compact_engine.sv:24$2122_EN[511:0]$2126 [0] $0$memwr$\memory$cap_pdb_parallel_compact_engine.sv:24$2122_EN[511:0]$2126 [0] $0$memwr$\memory$cap_pdb_parallel_compact_engine.sv:24$2122_EN[511:0]$2126 [0] $0$memwr$\memory$cap_pdb_parallel_compact_engine.sv:24$2122_EN[511:0]$2126 [0] $0$memwr$\memory$cap_pdb_parallel_compact_engine.sv:24$2122_EN[511:0]$2126 [0] $0$memwr$\memory$cap_pdb_parallel_compact_engine.sv:24$2122_EN[511:0]$2126 [0] $0$memwr$\memory$cap_pdb_parallel_compact_engine.sv:24$2122_EN[511:0]$2126 [0] $0$memwr$\memory$cap_pdb_parallel_compact_engine.sv:24$2122_EN[511:0]$2126 [0] $0$memwr$\memory$cap_pdb_parallel_compact_engine.sv:24$2122_EN[511:0]$2126 [0] $0$memwr$\memory$cap_pdb_parallel_compact_engine.sv:24$2122_EN[511:0]$2126 [0] $0$memwr$\memory$cap_pdb_parallel_compact_engine.sv:24$2122_EN[511:0]$2126 [0] $0$memwr$\memory$cap_pdb_parallel_compact_engine.sv:24$2122_EN[511:0]$2126 [0] $0$memwr$\memory$cap_pdb_parallel_compact_engine.sv:24$2122_EN[511:0]$2126 [0] $0$memwr$\memory$cap_pdb_parallel_compact_engine.sv:24$2122_EN[511:0]$2126 [0] $0$memwr$\memory$cap_pdb_parallel_compact_engine.sv:24$2122_EN[511:0]$2126 [0] $0$memwr$\memory$cap_pdb_parallel_compact_engine.sv:24$2122_EN[511:0]$2126 [0] $0$memwr$\memory$cap_pdb_parallel_compact_engine.sv:24$2122_EN[511:0]$2126 [0] $0$memwr$\memory$cap_pdb_parallel_compact_engine.sv:24$2122_EN[511:0]$2126 [0] $0$memwr$\memory$cap_pdb_parallel_compact_engine.sv:24$2122_EN[511:0]$2126 [0] $0$memwr$\memory$cap_pdb_parallel_compact_engine.sv:24$2122_EN[511:0]$2126 [0] $0$memwr$\memory$cap_pdb_parallel_compact_engine.sv:24$2122_EN[511:0]$2126 [0] $0$memwr$\memory$cap_pdb_parallel_compact_engine.sv:24$2122_EN[511:0]$2126 [0] $0$memwr$\memory$cap_pdb_parallel_compact_engine.sv:24$2122_EN[511:0]$2126 [0] $0$memwr$\memory$cap_pdb_parallel_compact_engine.sv:24$2122_EN[511:0]$2126 [0] $0$memwr$\memory$cap_pdb_parallel_compact_engine.sv:24$2122_EN[511:0]$2126 [0] $0$memwr$\memory$cap_pdb_parallel_compact_engine.sv:24$2122_EN[511:0]$2126 [0] $0$memwr$\memory$cap_pdb_parallel_compact_engine.sv:24$2122_EN[511:0]$2126 [0] $0$memwr$\memory$cap_pdb_parallel_compact_engine.sv:24$2122_EN[511:0]$2126 [0] $0$memwr$\memory$cap_pdb_parallel_compact_engine.sv:24$2122_EN[511:0]$2126 [0] $0$memwr$\memory$cap_pdb_parallel_compact_engine.sv:24$2122_EN[511:0]$2126 [0] $0$memwr$\memory$cap_pdb_parallel_compact_engine.sv:24$2122_EN[511:0]$2126 [0] $0$memwr$\memory$cap_pdb_parallel_compact_engine.sv:24$2122_EN[511:0]$2126 [0] $0$memwr$\memory$cap_pdb_parallel_compact_engine.sv:24$2122_EN[511:0]$2126 [0] $0$memwr$\memory$cap_pdb_parallel_compact_engine.sv:24$2122_EN[511:0]$2126 [0] $0$memwr$\memory$cap_pdb_parallel_compact_engine.sv:24$2122_EN[511:0]$2126 [0] $0$memwr$\memory$cap_pdb_parallel_compact_engine.sv:24$2122_EN[511:0]$2126 [0] $0$memwr$\memory$cap_pdb_parallel_compact_engine.sv:24$2122_EN[511:0]$2126 [0] $0$memwr$\memory$cap_pdb_parallel_compact_engine.sv:24$2122_EN[511:0]$2126 [0] $0$memwr$\memory$cap_pdb_parallel_compact_engine.sv:24$2122_EN[511:0]$2126 [0] $0$memwr$\memory$cap_pdb_parallel_compact_engine.sv:24$2122_EN[511:0]$2126 [0] $0$memwr$\memory$cap_pdb_parallel_compact_engine.sv:24$2122_EN[511:0]$2126 [0] $0$memwr$\memory$cap_pdb_parallel_compact_engine.sv:24$2122_EN[511:0]$2126 [0] $0$memwr$\memory$cap_pdb_parallel_compact_engine.sv:24$2122_EN[511:0]$2126 [0] $0$memwr$\memory$cap_pdb_parallel_compact_engine.sv:24$2122_EN[511:0]$2126 [0] $0$memwr$\memory$cap_pdb_parallel_compact_engine.sv:24$2122_EN[511:0]$2126 [0] $0$memwr$\memory$cap_pdb_parallel_compact_engine.sv:24$2122_EN[511:0]$2126 [0] $0$memwr$\memory$cap_pdb_parallel_compact_engine.sv:24$2122_EN[511:0]$2126 [0] $0$memwr$\memory$cap_pdb_parallel_compact_engine.sv:24$2122_EN[511:0]$2126 [0] $0$memwr$\memory$cap_pdb_parallel_compact_engine.sv:24$2122_EN[511:0]$2126 [0] $0$memwr$\memory$cap_pdb_parallel_compact_engine.sv:24$2122_EN[511:0]$2126 [0] $0$memwr$\memory$cap_pdb_parallel_compact_engine.sv:24$2122_EN[511:0]$2126 [0] $0$memwr$\memory$cap_pdb_parallel_compact_engine.sv:24$2122_EN[511:0]$2126 [0] $0$memwr$\memory$cap_pdb_parallel_compact_engine.sv:24$2122_EN[511:0]$2126 [0] $0$memwr$\memory$cap_pdb_parallel_compact_engine.sv:24$2122_EN[511:0]$2126 [0] $0$memwr$\memory$cap_pdb_parallel_compact_engine.sv:24$2122_EN[511:0]$2126 [0] $0$memwr$\memory$cap_pdb_parallel_compact_engine.sv:24$2122_EN[511:0]$2126 [0] $0$memwr$\memory$cap_pdb_parallel_compact_engine.sv:24$2122_EN[511:0]$2126 [0] $0$memwr$\memory$cap_pdb_parallel_compact_engine.sv:24$2122_EN[511:0]$2126 [0] $0$memwr$\memory$cap_pdb_parallel_compact_engine.sv:24$2122_EN[511:0]$2126 [0] $0$memwr$\memory$cap_pdb_parallel_compact_engine.sv:24$2122_EN[511:0]$2126 [0] $0$memwr$\memory$cap_pdb_parallel_compact_engine.sv:24$2122_EN[511:0]$2126 [0] $0$memwr$\memory$cap_pdb_parallel_compact_engine.sv:24$2122_EN[511:0]$2126 [0] $0$memwr$\memory$cap_pdb_parallel_compact_engine.sv:24$2122_EN[511:0]$2126 [0] $0$memwr$\memory$cap_pdb_parallel_compact_engine.sv:24$2122_EN[511:0]$2126 [0] $0$memwr$\memory$cap_pdb_parallel_compact_engine.sv:24$2122_EN[511:0]$2126 [0] $0$memwr$\memory$cap_pdb_parallel_compact_engine.sv:24$2122_EN[511:0]$2126 [0] $0$memwr$\memory$cap_pdb_parallel_compact_engine.sv:24$2122_EN[511:0]$2126 [0] $0$memwr$\memory$cap_pdb_parallel_compact_engine.sv:24$2122_EN[511:0]$2126 [0] $0$memwr$\memory$cap_pdb_parallel_compact_engine.sv:24$2122_EN[511:0]$2126 [0] $0$memwr$\memory$cap_pdb_parallel_compact_engine.sv:24$2122_EN[511:0]$2126 [0] $0$memwr$\memory$cap_pdb_parallel_compact_engine.sv:24$2122_EN[511:0]$2126 [0] $0$memwr$\memory$cap_pdb_parallel_compact_engine.sv:24$2122_EN[511:0]$2126 [0] $0$memwr$\memory$cap_pdb_parallel_compact_engine.sv:24$2122_EN[511:0]$2126 [0] $0$memwr$\memory$cap_pdb_parallel_compact_engine.sv:24$2122_EN[511:0]$2126 [0] $0$memwr$\memory$cap_pdb_parallel_compact_engine.sv:24$2122_EN[511:0]$2126 [0] $0$memwr$\memory$cap_pdb_parallel_compact_engine.sv:24$2122_EN[511:0]$2126 [0] $0$memwr$\memory$cap_pdb_parallel_compact_engine.sv:24$2122_EN[511:0]$2126 [0] $0$memwr$\memory$cap_pdb_parallel_compact_engine.sv:24$2122_EN[511:0]$2126 [0] $0$memwr$\memory$cap_pdb_parallel_compact_engine.sv:24$2122_EN[511:0]$2126 [0] $0$memwr$\memory$cap_pdb_parallel_compact_engine.sv:24$2122_EN[511:0]$2126 [0] $0$memwr$\memory$cap_pdb_parallel_compact_engine.sv:24$2122_EN[511:0]$2126 [0] $0$memwr$\memory$cap_pdb_parallel_compact_engine.sv:24$2122_EN[511:0]$2126 [0] $0$memwr$\memory$cap_pdb_parallel_compact_engine.sv:24$2122_EN[511:0]$2126 [0] $0$memwr$\memory$cap_pdb_parallel_compact_engine.sv:24$2122_EN[511:0]$2126 [0] $0$memwr$\memory$cap_pdb_parallel_compact_engine.sv:24$2122_EN[511:0]$2126 [0] $0$memwr$\memory$cap_pdb_parallel_compact_engine.sv:24$2122_EN[511:0]$2126 [0] $0$memwr$\memory$cap_pdb_parallel_compact_engine.sv:24$2122_EN[511:0]$2126 [0] $0$memwr$\memory$cap_pdb_parallel_compact_engine.sv:24$2122_EN[511:0]$2126 [0] $0$memwr$\memory$cap_pdb_parallel_compact_engine.sv:24$2122_EN[511:0]$2126 [0] $0$memwr$\memory$cap_pdb_parallel_compact_engine.sv:24$2122_EN[511:0]$2126 [0] $0$memwr$\memory$cap_pdb_parallel_compact_engine.sv:24$2122_EN[511:0]$2126 [0] $0$memwr$\memory$cap_pdb_parallel_compact_engine.sv:24$2122_EN[511:0]$2126 [0] $0$memwr$\memory$cap_pdb_parallel_compact_engine.sv:24$2122_EN[511:0]$2126 [0] $0$memwr$\memory$cap_pdb_parallel_compact_engine.sv:24$2122_EN[511:0]$2126 [0] $0$memwr$\memory$cap_pdb_parallel_compact_engine.sv:24$2122_EN[511:0]$2126 [0] $0$memwr$\memory$cap_pdb_parallel_compact_engine.sv:24$2122_EN[511:0]$2126 [0] $0$memwr$\memory$cap_pdb_parallel_compact_engine.sv:24$2122_EN[511:0]$2126 [0] $0$memwr$\memory$cap_pdb_parallel_compact_engine.sv:24$2122_EN[511:0]$2126 [0] $0$memwr$\memory$cap_pdb_parallel_compact_engine.sv:24$2122_EN[511:0]$2126 [0] $0$memwr$\memory$cap_pdb_parallel_compact_engine.sv:24$2122_EN[511:0]$2126 [0] $0$memwr$\memory$cap_pdb_parallel_compact_engine.sv:24$2122_EN[511:0]$2126 [0] $0$memwr$\memory$cap_pdb_parallel_compact_engine.sv:24$2122_EN[511:0]$2126 [0] $0$memwr$\memory$cap_pdb_parallel_compact_engine.sv:24$2122_EN[511:0]$2126 [0] $0$memwr$\memory$cap_pdb_parallel_compact_engine.sv:24$2122_EN[511:0]$2126 [0] $0$memwr$\memory$cap_pdb_parallel_compact_engine.sv:24$2122_EN[511:0]$2126 [0] $0$memwr$\memory$cap_pdb_parallel_compact_engine.sv:24$2122_EN[511:0]$2126 [0] $0$memwr$\memory$cap_pdb_parallel_compact_engine.sv:24$2122_EN[511:0]$2126 [0] $0$memwr$\memory$cap_pdb_parallel_compact_engine.sv:24$2122_EN[511:0]$2126 [0] $0$memwr$\memory$cap_pdb_parallel_compact_engine.sv:24$2122_EN[511:0]$2126 [0] $0$memwr$\memory$cap_pdb_parallel_compact_engine.sv:24$2122_EN[511:0]$2126 [0] $0$memwr$\memory$cap_pdb_parallel_compact_engine.sv:24$2122_EN[511:0]$2126 [0] $0$memwr$\memory$cap_pdb_parallel_compact_engine.sv:24$2122_EN[511:0]$2126 [0] $0$memwr$\memory$cap_pdb_parallel_compact_engine.sv:24$2122_EN[511:0]$2126 [0] $0$memwr$\memory$cap_pdb_parallel_compact_engine.sv:24$2122_EN[511:0]$2126 [0] $0$memwr$\memory$cap_pdb_parallel_compact_engine.sv:24$2122_EN[511:0]$2126 [0] $0$memwr$\memory$cap_pdb_parallel_compact_engine.sv:24$2122_EN[511:0]$2126 [0] $0$memwr$\memory$cap_pdb_parallel_compact_engine.sv:24$2122_EN[511:0]$2126 [0] $0$memwr$\memory$cap_pdb_parallel_compact_engine.sv:24$2122_EN[511:0]$2126 [0] $0$memwr$\memory$cap_pdb_parallel_compact_engine.sv:24$2122_EN[511:0]$2126 [0] $0$memwr$\memory$cap_pdb_parallel_compact_engine.sv:24$2122_EN[511:0]$2126 [0] $0$memwr$\memory$cap_pdb_parallel_compact_engine.sv:24$2122_EN[511:0]$2126 [0] $0$memwr$\memory$cap_pdb_parallel_compact_engine.sv:24$2122_EN[511:0]$2126 [0] $0$memwr$\memory$cap_pdb_parallel_compact_engine.sv:24$2122_EN[511:0]$2126 [0] $0$memwr$\memory$cap_pdb_parallel_compact_engine.sv:24$2122_EN[511:0]$2126 [0] $0$memwr$\memory$cap_pdb_parallel_compact_engine.sv:24$2122_EN[511:0]$2126 [0] $0$memwr$\memory$cap_pdb_parallel_compact_engine.sv:24$2122_EN[511:0]$2126 [0] $0$memwr$\memory$cap_pdb_parallel_compact_engine.sv:24$2122_EN[511:0]$2126 [0] $0$memwr$\memory$cap_pdb_parallel_compact_engine.sv:24$2122_EN[511:0]$2126 [0] $0$memwr$\memory$cap_pdb_parallel_compact_engine.sv:24$2122_EN[511:0]$2126 [0] $0$memwr$\memory$cap_pdb_parallel_compact_engine.sv:24$2122_EN[511:0]$2126 [0] $0$memwr$\memory$cap_pdb_parallel_compact_engine.sv:24$2122_EN[511:0]$2126 [0] $0$memwr$\memory$cap_pdb_parallel_compact_engine.sv:24$2122_EN[511:0]$2126 [0] $0$memwr$\memory$cap_pdb_parallel_compact_engine.sv:24$2122_EN[511:0]$2126 [0] $0$memwr$\memory$cap_pdb_parallel_compact_engine.sv:24$2122_EN[511:0]$2126 [0] $0$memwr$\memory$cap_pdb_parallel_compact_engine.sv:24$2122_EN[511:0]$2126 [0] $0$memwr$\memory$cap_pdb_parallel_compact_engine.sv:24$2122_EN[511:0]$2126 [0] $0$memwr$\memory$cap_pdb_parallel_compact_engine.sv:24$2122_EN[511:0]$2126 [0] $0$memwr$\memory$cap_pdb_parallel_compact_engine.sv:24$2122_EN[511:0]$2126 [0] $0$memwr$\memory$cap_pdb_parallel_compact_engine.sv:24$2122_EN[511:0]$2126 [0] $0$memwr$\memory$cap_pdb_parallel_compact_engine.sv:24$2122_EN[511:0]$2126 [0] $0$memwr$\memory$cap_pdb_parallel_compact_engine.sv:24$2122_EN[511:0]$2126 [0] $0$memwr$\memory$cap_pdb_parallel_compact_engine.sv:24$2122_EN[511:0]$2126 [0] $0$memwr$\memory$cap_pdb_parallel_compact_engine.sv:24$2122_EN[511:0]$2126 [0] $0$memwr$\memory$cap_pdb_parallel_compact_engine.sv:24$2122_EN[511:0]$2126 [0] $0$memwr$\memory$cap_pdb_parallel_compact_engine.sv:24$2122_EN[511:0]$2126 [0] $0$memwr$\memory$cap_pdb_parallel_compact_engine.sv:24$2122_EN[511:0]$2126 [0] $0$memwr$\memory$cap_pdb_parallel_compact_engine.sv:24$2122_EN[511:0]$2126 [0] $0$memwr$\memory$cap_pdb_parallel_compact_engine.sv:24$2122_EN[511:0]$2126 [0] $0$memwr$\memory$cap_pdb_parallel_compact_engine.sv:24$2122_EN[511:0]$2126 [0] $0$memwr$\memory$cap_pdb_parallel_compact_engine.sv:24$2122_EN[511:0]$2126 [0] $0$memwr$\memory$cap_pdb_parallel_compact_engine.sv:24$2122_EN[511:0]$2126 [0] $0$memwr$\memory$cap_pdb_parallel_compact_engine.sv:24$2122_EN[511:0]$2126 [0] $0$memwr$\memory$cap_pdb_parallel_compact_engine.sv:24$2122_EN[511:0]$2126 [0] $0$memwr$\memory$cap_pdb_parallel_compact_engine.sv:24$2122_EN[511:0]$2126 [0] $0$memwr$\memory$cap_pdb_parallel_compact_engine.sv:24$2122_EN[511:0]$2126 [0] $0$memwr$\memory$cap_pdb_parallel_compact_engine.sv:24$2122_EN[511:0]$2126 [0] $0$memwr$\memory$cap_pdb_parallel_compact_engine.sv:24$2122_EN[511:0]$2126 [0] $0$memwr$\memory$cap_pdb_parallel_compact_engine.sv:24$2122_EN[511:0]$2126 [0] $0$memwr$\memory$cap_pdb_parallel_compact_engine.sv:24$2122_EN[511:0]$2126 [0] $0$memwr$\memory$cap_pdb_parallel_compact_engine.sv:24$2122_EN[511:0]$2126 [0] $0$memwr$\memory$cap_pdb_parallel_compact_engine.sv:24$2122_EN[511:0]$2126 [0] $0$memwr$\memory$cap_pdb_parallel_compact_engine.sv:24$2122_EN[511:0]$2126 [0] $0$memwr$\memory$cap_pdb_parallel_compact_engine.sv:24$2122_EN[511:0]$2126 [0] $0$memwr$\memory$cap_pdb_parallel_compact_engine.sv:24$2122_EN[511:0]$2126 [0] $0$memwr$\memory$cap_pdb_parallel_compact_engine.sv:24$2122_EN[511:0]$2126 [0] $0$memwr$\memory$cap_pdb_parallel_compact_engine.sv:24$2122_EN[511:0]$2126 [0] $0$memwr$\memory$cap_pdb_parallel_compact_engine.sv:24$2122_EN[511:0]$2126 [0] $0$memwr$\memory$cap_pdb_parallel_compact_engine.sv:24$2122_EN[511:0]$2126 [0] $0$memwr$\memory$cap_pdb_parallel_compact_engine.sv:24$2122_EN[511:0]$2126 [0] $0$memwr$\memory$cap_pdb_parallel_compact_engine.sv:24$2122_EN[511:0]$2126 [0] $0$memwr$\memory$cap_pdb_parallel_compact_engine.sv:24$2122_EN[511:0]$2126 [0] $0$memwr$\memory$cap_pdb_parallel_compact_engine.sv:24$2122_EN[511:0]$2126 [0] $0$memwr$\memory$cap_pdb_parallel_compact_engine.sv:24$2122_EN[511:0]$2126 [0] $0$memwr$\memory$cap_pdb_parallel_compact_engine.sv:24$2122_EN[511:0]$2126 [0] $0$memwr$\memory$cap_pdb_parallel_compact_engine.sv:24$2122_EN[511:0]$2126 [0] $0$memwr$\memory$cap_pdb_parallel_compact_engine.sv:24$2122_EN[511:0]$2126 [0] $0$memwr$\memory$cap_pdb_parallel_compact_engine.sv:24$2122_EN[511:0]$2126 [0] $0$memwr$\memory$cap_pdb_parallel_compact_engine.sv:24$2122_EN[511:0]$2126 [0] $0$memwr$\memory$cap_pdb_parallel_compact_engine.sv:24$2122_EN[511:0]$2126 [0] $0$memwr$\memory$cap_pdb_parallel_compact_engine.sv:24$2122_EN[511:0]$2126 [0] $0$memwr$\memory$cap_pdb_parallel_compact_engine.sv:24$2122_EN[511:0]$2126 [0] $0$memwr$\memory$cap_pdb_parallel_compact_engine.sv:24$2122_EN[511:0]$2126 [0] $0$memwr$\memory$cap_pdb_parallel_compact_engine.sv:24$2122_EN[511:0]$2126 [0] $0$memwr$\memory$cap_pdb_parallel_compact_engine.sv:24$2122_EN[511:0]$2126 [0] $0$memwr$\memory$cap_pdb_parallel_compact_engine.sv:24$2122_EN[511:0]$2126 [0] $0$memwr$\memory$cap_pdb_parallel_compact_engine.sv:24$2122_EN[511:0]$2126 [0] $0$memwr$\memory$cap_pdb_parallel_compact_engine.sv:24$2122_EN[511:0]$2126 [0] $0$memwr$\memory$cap_pdb_parallel_compact_engine.sv:24$2122_EN[511:0]$2126 [0] $0$memwr$\memory$cap_pdb_parallel_compact_engine.sv:24$2122_EN[511:0]$2126 [0] $0$memwr$\memory$cap_pdb_parallel_compact_engine.sv:24$2122_EN[511:0]$2126 [0] $0$memwr$\memory$cap_pdb_parallel_compact_engine.sv:24$2122_EN[511:0]$2126 [0] $0$memwr$\memory$cap_pdb_parallel_compact_engine.sv:24$2122_EN[511:0]$2126 [0] $0$memwr$\memory$cap_pdb_parallel_compact_engine.sv:24$2122_EN[511:0]$2126 [0] $0$memwr$\memory$cap_pdb_parallel_compact_engine.sv:24$2122_EN[511:0]$2126 [0] $0$memwr$\memory$cap_pdb_parallel_compact_engine.sv:24$2122_EN[511:0]$2126 [0] $0$memwr$\memory$cap_pdb_parallel_compact_engine.sv:24$2122_EN[511:0]$2126 [0] $0$memwr$\memory$cap_pdb_parallel_compact_engine.sv:24$2122_EN[511:0]$2126 [0] $0$memwr$\memory$cap_pdb_parallel_compact_engine.sv:24$2122_EN[511:0]$2126 [0] $0$memwr$\memory$cap_pdb_parallel_compact_engine.sv:24$2122_EN[511:0]$2126 [0] $0$memwr$\memory$cap_pdb_parallel_compact_engine.sv:24$2122_EN[511:0]$2126 [0] $0$memwr$\memory$cap_pdb_parallel_compact_engine.sv:24$2122_EN[511:0]$2126 [0] $0$memwr$\memory$cap_pdb_parallel_compact_engine.sv:24$2122_EN[511:0]$2126 [0] $0$memwr$\memory$cap_pdb_parallel_compact_engine.sv:24$2122_EN[511:0]$2126 [0] $0$memwr$\memory$cap_pdb_parallel_compact_engine.sv:24$2122_EN[511:0]$2126 [0] $0$memwr$\memory$cap_pdb_parallel_compact_engine.sv:24$2122_EN[511:0]$2126 [0] $0$memwr$\memory$cap_pdb_parallel_compact_engine.sv:24$2122_EN[511:0]$2126 [0] $0$memwr$\memory$cap_pdb_parallel_compact_engine.sv:24$2122_EN[511:0]$2126 [0] $0$memwr$\memory$cap_pdb_parallel_compact_engine.sv:24$2122_EN[511:0]$2126 [0] $0$memwr$\memory$cap_pdb_parallel_compact_engine.sv:24$2122_EN[511:0]$2126 [0] $0$memwr$\memory$cap_pdb_parallel_compact_engine.sv:24$2122_EN[511:0]$2126 [0] $0$memwr$\memory$cap_pdb_parallel_compact_engine.sv:24$2122_EN[511:0]$2126 [0] $0$memwr$\memory$cap_pdb_parallel_compact_engine.sv:24$2122_EN[511:0]$2126 [0] $0$memwr$\memory$cap_pdb_parallel_compact_engine.sv:24$2122_EN[511:0]$2126 [0] $0$memwr$\memory$cap_pdb_parallel_compact_engine.sv:24$2122_EN[511:0]$2126 [0] $0$memwr$\memory$cap_pdb_parallel_compact_engine.sv:24$2122_EN[511:0]$2126 [0] $0$memwr$\memory$cap_pdb_parallel_compact_engine.sv:24$2122_EN[511:0]$2126 [0] }
  Optimizing cells in module $paramod$b5bfe1d4fce40940586b6e35fec61194ae5a8fde\cap_pdb_state_wide_bank.
Performed a total of 1 changes.

5.10.5. Executing OPT_MERGE pass (detect identical cells).
Finding identical cells in module `\cap_pdb_parallel_compact_allocation_engine'.
Computing hashes of 486 cells of `\cap_pdb_parallel_compact_allocation_engine'.
Finding duplicate cells in `\cap_pdb_parallel_compact_allocation_engine'.
Computing hashes of 473 cells of `\cap_pdb_parallel_compact_allocation_engine'.
Finding duplicate cells in `\cap_pdb_parallel_compact_allocation_engine'.
<suppressed ~39 debug messages>
Finding identical cells in module `$paramod$cbc3189b30a0f0ae8c16e45df15b3f5a54303a8f\cap_pdb_masked_min32'.
Computing hashes of 94 cells of `$paramod$cbc3189b30a0f0ae8c16e45df15b3f5a54303a8f\cap_pdb_masked_min32'.
Finding duplicate cells in `$paramod$cbc3189b30a0f0ae8c16e45df15b3f5a54303a8f\cap_pdb_masked_min32'.
Finding identical cells in module `$paramod$b5bfe1d4fce40940586b6e35fec61194ae5a8fde\cap_pdb_state_wide_bank'.
Computing hashes of 7 cells of `$paramod$b5bfe1d4fce40940586b6e35fec61194ae5a8fde\cap_pdb_state_wide_bank'.
Finding duplicate cells in `$paramod$b5bfe1d4fce40940586b6e35fec61194ae5a8fde\cap_pdb_state_wide_bank'.
Removed a total of 13 cells.

5.10.6. Executing OPT_DFF pass (perform DFF optimizations).

5.10.7. Executing OPT_CLEAN pass (remove unused cells and wires).
Finding unused cells or wires in module \cap_pdb_parallel_compact_allocation_engine..
Finding unused cells or wires in module $paramod$cbc3189b30a0f0ae8c16e45df15b3f5a54303a8f\cap_pdb_masked_min32..
Finding unused cells or wires in module $paramod$b5bfe1d4fce40940586b6e35fec61194ae5a8fde\cap_pdb_state_wide_bank..
Removed 0 unused cells and 123 unused wires.
<suppressed ~1 debug messages>

5.10.8. Executing OPT_EXPR pass (perform const folding).
Optimizing module cap_pdb_parallel_compact_allocation_engine.
Optimizing module $paramod$cbc3189b30a0f0ae8c16e45df15b3f5a54303a8f\cap_pdb_masked_min32.
Optimizing module $paramod$b5bfe1d4fce40940586b6e35fec61194ae5a8fde\cap_pdb_state_wide_bank.

5.10.9. Rerunning OPT passes. (Maybe there is more to do..)

5.10.10. Executing OPT_MUXTREE pass (detect dead branches in mux trees).
Running muxtree optimizer on module \cap_pdb_parallel_compact_allocation_engine..
  Creating internal representation of mux trees.
  Evaluating internal representation of mux trees.
  Analyzing evaluation results.
Running muxtree optimizer on module $paramod$cbc3189b30a0f0ae8c16e45df15b3f5a54303a8f\cap_pdb_masked_min32..
  Creating internal representation of mux trees.
  Evaluating internal representation of mux trees.
  Analyzing evaluation results.
Running muxtree optimizer on module $paramod$b5bfe1d4fce40940586b6e35fec61194ae5a8fde\cap_pdb_state_wide_bank..
  Creating internal representation of mux trees.
  Evaluating internal representation of mux trees.
  Analyzing evaluation results.
Removed 0 multiplexer ports.
<suppressed ~451 debug messages>

5.10.11. Executing OPT_REDUCE pass (consolidate $*mux and $reduce_* inputs).
  Optimizing cells in module \cap_pdb_parallel_compact_allocation_engine.
  Optimizing cells in module $paramod$cbc3189b30a0f0ae8c16e45df15b3f5a54303a8f\cap_pdb_masked_min32.
  Optimizing cells in module $paramod$b5bfe1d4fce40940586b6e35fec61194ae5a8fde\cap_pdb_state_wide_bank.
Performed a total of 0 changes.

5.10.12. Executing OPT_MERGE pass (detect identical cells).
Finding identical cells in module `\cap_pdb_parallel_compact_allocation_engine'.
Computing hashes of 473 cells of `\cap_pdb_parallel_compact_allocation_engine'.
Finding duplicate cells in `\cap_pdb_parallel_compact_allocation_engine'.
Finding identical cells in module `$paramod$cbc3189b30a0f0ae8c16e45df15b3f5a54303a8f\cap_pdb_masked_min32'.
Computing hashes of 94 cells of `$paramod$cbc3189b30a0f0ae8c16e45df15b3f5a54303a8f\cap_pdb_masked_min32'.
Finding duplicate cells in `$paramod$cbc3189b30a0f0ae8c16e45df15b3f5a54303a8f\cap_pdb_masked_min32'.
Finding identical cells in module `$paramod$b5bfe1d4fce40940586b6e35fec61194ae5a8fde\cap_pdb_state_wide_bank'.
Computing hashes of 7 cells of `$paramod$b5bfe1d4fce40940586b6e35fec61194ae5a8fde\cap_pdb_state_wide_bank'.
Finding duplicate cells in `$paramod$b5bfe1d4fce40940586b6e35fec61194ae5a8fde\cap_pdb_state_wide_bank'.
Removed a total of 0 cells.

5.10.13. Executing OPT_DFF pass (perform DFF optimizations).

5.10.14. Executing OPT_CLEAN pass (remove unused cells and wires).
Finding unused cells or wires in module \cap_pdb_parallel_compact_allocation_engine..
Finding unused cells or wires in module $paramod$cbc3189b30a0f0ae8c16e45df15b3f5a54303a8f\cap_pdb_masked_min32..
Finding unused cells or wires in module $paramod$b5bfe1d4fce40940586b6e35fec61194ae5a8fde\cap_pdb_state_wide_bank..

5.10.15. Executing OPT_EXPR pass (perform const folding).
Optimizing module cap_pdb_parallel_compact_allocation_engine.
Optimizing module $paramod$cbc3189b30a0f0ae8c16e45df15b3f5a54303a8f\cap_pdb_masked_min32.
Optimizing module $paramod$b5bfe1d4fce40940586b6e35fec61194ae5a8fde\cap_pdb_state_wide_bank.

5.10.16. Finished fast OPT passes. (There is nothing left to do.)

5.11. Executing FSM pass (extract and optimize FSM).

5.11.1. Executing FSM_DETECT pass (finding FSMs in design).
Found FSM state register cap_pdb_parallel_compact_allocation_engine.phase.

5.11.2. Executing FSM_EXTRACT pass (extracting FSM from design).
Extracting FSM `\phase' from module `\cap_pdb_parallel_compact_allocation_engine'.
  found $dff cell for state register: $procdff$3813
  root of input selection tree: $0\phase[1:0]
  found reset state: 2'00 (guessed from mux tree)
  found ctrl input: \rst
  found ctrl input: $procmux$3424_CMP
  found ctrl input: $eq$cap_pdb_parallel_compact_engine.sv:180$1604_Y
  found ctrl input: $procmux$3436_CMP
  found state code: 2'00
  found ctrl input: \all_after_empty
  found state code: 2'10
  found ctrl input: \start
  found state code: 2'01
  found ctrl output: $eq$cap_pdb_parallel_compact_engine.sv:180$1604_Y
  found ctrl output: $procmux$3424_CMP
  found ctrl output: $procmux$3436_CMP
  ctrl inputs: { \all_after_empty \start \rst }
  ctrl outputs: { $procmux$3436_CMP $procmux$3424_CMP $eq$cap_pdb_parallel_compact_engine.sv:180$1604_Y $0\phase[1:0] }
  transition:       2'00 3'-00 ->       2'00 5'10000
  transition:       2'00 3'-10 ->       2'01 5'10001
  transition:       2'00 3'--1 ->       2'00 5'10000
  transition:       2'10 3'0-0 ->       2'10 5'01010
  transition:       2'10 3'1-0 ->       2'00 5'01000
  transition:       2'10 3'--1 ->       2'00 5'01000
  transition:       2'01 3'--0 ->       2'10 5'00110
  transition:       2'01 3'--1 ->       2'00 5'00100

5.11.3. Executing FSM_OPT pass (simple optimizations of FSMs).
Optimizing FSM `$fsm$\phase$3846' from module `\cap_pdb_parallel_compact_allocation_engine'.

5.11.4. Executing OPT_CLEAN pass (remove unused cells and wires).
Finding unused cells or wires in module \cap_pdb_parallel_compact_allocation_engine..
Finding unused cells or wires in module $paramod$cbc3189b30a0f0ae8c16e45df15b3f5a54303a8f\cap_pdb_masked_min32..
Finding unused cells or wires in module $paramod$b5bfe1d4fce40940586b6e35fec61194ae5a8fde\cap_pdb_state_wide_bank..
Removed 8 unused cells and 8 unused wires.
<suppressed ~9 debug messages>

5.11.5. Executing FSM_OPT pass (simple optimizations of FSMs).
Optimizing FSM `$fsm$\phase$3846' from module `\cap_pdb_parallel_compact_allocation_engine'.
  Removing unused output signal $0\phase[1:0] [0].
  Removing unused output signal $0\phase[1:0] [1].

5.11.6. Executing FSM_RECODE pass (re-assigning FSM state encoding).
Recoding FSM `$fsm$\phase$3846' from module `\cap_pdb_parallel_compact_allocation_engine' using `auto' encoding:
  mapping auto encoding to `one-hot` for this FSM.
  00 -> --1
  10 -> -1-
  01 -> 1--

5.11.7. Executing FSM_INFO pass (dumping all available information on FSM cells).

FSM `$fsm$\phase$3846' from module `cap_pdb_parallel_compact_allocation_engine':
-------------------------------------

  Information on FSM $fsm$\phase$3846 (\phase):

  Number of input signals:    3
  Number of output signals:   3
  Number of state bits:       3

  Input signals:
    0: \rst
    1: \start
    2: \all_after_empty

  Output signals:
    0: $eq$cap_pdb_parallel_compact_engine.sv:180$1604_Y
    1: $procmux$3424_CMP
    2: $procmux$3436_CMP

  State encoding:
    0:      3'--1  <RESET STATE>
    1:      3'-1-
    2:      3'1--

  Transition Table (state_in, ctrl_in, state_out, ctrl_out):
      0:     0 3'-00   ->     0 3'100
      1:     0 3'--1   ->     0 3'100
      2:     0 3'-10   ->     2 3'100
      3:     1 3'1-0   ->     0 3'010
      4:     1 3'--1   ->     0 3'010
      5:     1 3'0-0   ->     1 3'010
      6:     2 3'--1   ->     0 3'001
      7:     2 3'--0   ->     1 3'001

-------------------------------------

5.11.8. Executing FSM_MAP pass (mapping FSMs to basic logic).
Mapping FSM `$fsm$\phase$3846' from module `\cap_pdb_parallel_compact_allocation_engine'.

5.12. Executing OPT pass (performing simple optimizations).

5.12.1. Executing OPT_EXPR pass (perform const folding).
Optimizing module cap_pdb_parallel_compact_allocation_engine.
<suppressed ~4 debug messages>
Optimizing module $paramod$cbc3189b30a0f0ae8c16e45df15b3f5a54303a8f\cap_pdb_masked_min32.
Optimizing module $paramod$b5bfe1d4fce40940586b6e35fec61194ae5a8fde\cap_pdb_state_wide_bank.

5.12.2. Executing OPT_MERGE pass (detect identical cells).
Finding identical cells in module `\cap_pdb_parallel_compact_allocation_engine'.
Computing hashes of 478 cells of `\cap_pdb_parallel_compact_allocation_engine'.
Finding duplicate cells in `\cap_pdb_parallel_compact_allocation_engine'.
Finding identical cells in module `$paramod$cbc3189b30a0f0ae8c16e45df15b3f5a54303a8f\cap_pdb_masked_min32'.
Computing hashes of 94 cells of `$paramod$cbc3189b30a0f0ae8c16e45df15b3f5a54303a8f\cap_pdb_masked_min32'.
Finding duplicate cells in `$paramod$cbc3189b30a0f0ae8c16e45df15b3f5a54303a8f\cap_pdb_masked_min32'.
Finding identical cells in module `$paramod$b5bfe1d4fce40940586b6e35fec61194ae5a8fde\cap_pdb_state_wide_bank'.
Computing hashes of 7 cells of `$paramod$b5bfe1d4fce40940586b6e35fec61194ae5a8fde\cap_pdb_state_wide_bank'.
Finding duplicate cells in `$paramod$b5bfe1d4fce40940586b6e35fec61194ae5a8fde\cap_pdb_state_wide_bank'.
Removed a total of 0 cells.

5.12.3. Executing OPT_MUXTREE pass (detect dead branches in mux trees).
Running muxtree optimizer on module \cap_pdb_parallel_compact_allocation_engine..
  Creating internal representation of mux trees.
  Evaluating internal representation of mux trees.
  Analyzing evaluation results.
Running muxtree optimizer on module $paramod$cbc3189b30a0f0ae8c16e45df15b3f5a54303a8f\cap_pdb_masked_min32..
  Creating internal representation of mux trees.
  Evaluating internal representation of mux trees.
  Analyzing evaluation results.
Running muxtree optimizer on module $paramod$b5bfe1d4fce40940586b6e35fec61194ae5a8fde\cap_pdb_state_wide_bank..
  Creating internal representation of mux trees.
  Evaluating internal representation of mux trees.
  Analyzing evaluation results.
Removed 0 multiplexer ports.
<suppressed ~446 debug messages>

5.12.4. Executing OPT_REDUCE pass (consolidate $*mux and $reduce_* inputs).
  Optimizing cells in module \cap_pdb_parallel_compact_allocation_engine.
  Optimizing cells in module $paramod$cbc3189b30a0f0ae8c16e45df15b3f5a54303a8f\cap_pdb_masked_min32.
  Optimizing cells in module $paramod$b5bfe1d4fce40940586b6e35fec61194ae5a8fde\cap_pdb_state_wide_bank.
Performed a total of 0 changes.

5.12.5. Executing OPT_MERGE pass (detect identical cells).
Finding identical cells in module `\cap_pdb_parallel_compact_allocation_engine'.
Computing hashes of 478 cells of `\cap_pdb_parallel_compact_allocation_engine'.
Finding duplicate cells in `\cap_pdb_parallel_compact_allocation_engine'.
Finding identical cells in module `$paramod$cbc3189b30a0f0ae8c16e45df15b3f5a54303a8f\cap_pdb_masked_min32'.
Computing hashes of 94 cells of `$paramod$cbc3189b30a0f0ae8c16e45df15b3f5a54303a8f\cap_pdb_masked_min32'.
Finding duplicate cells in `$paramod$cbc3189b30a0f0ae8c16e45df15b3f5a54303a8f\cap_pdb_masked_min32'.
Finding identical cells in module `$paramod$b5bfe1d4fce40940586b6e35fec61194ae5a8fde\cap_pdb_state_wide_bank'.
Computing hashes of 7 cells of `$paramod$b5bfe1d4fce40940586b6e35fec61194ae5a8fde\cap_pdb_state_wide_bank'.
Finding duplicate cells in `$paramod$b5bfe1d4fce40940586b6e35fec61194ae5a8fde\cap_pdb_state_wide_bank'.
Removed a total of 0 cells.

5.12.6. Executing OPT_DFF pass (perform DFF optimizations).
Adding SRST signal on $procdff$3840 ($dff) from module cap_pdb_parallel_compact_allocation_engine (D = $procmux$3431_Y, Q = \group_minimum[12], rval = 16'1111111111111111).
Adding EN signal on $auto$ff.cc:337:slice$3879 ($sdff) from module cap_pdb_parallel_compact_allocation_engine (D = $procmux$3431_Y, Q = \group_minimum[12]).
Adding SRST signal on $procdff$3839 ($dff) from module cap_pdb_parallel_compact_allocation_engine (D = $procmux$3443_Y, Q = \group_minimum[11], rval = 16'1111111111111111).
Adding EN signal on $auto$ff.cc:337:slice$3887 ($sdff) from module cap_pdb_parallel_compact_allocation_engine (D = $procmux$3443_Y, Q = \group_minimum[11]).
Adding SRST signal on $procdff$3828 ($dff) from module cap_pdb_parallel_compact_allocation_engine (D = $procmux$3575_Y, Q = \group_minimum[0], rval = 16'1111111111111111).
Adding EN signal on $auto$ff.cc:337:slice$3895 ($sdff) from module cap_pdb_parallel_compact_allocation_engine (D = $procmux$3575_Y, Q = \group_minimum[0]).
Adding SRST signal on $procdff$3829 ($dff) from module cap_pdb_parallel_compact_allocation_engine (D = $procmux$3563_Y, Q = \group_minimum[1], rval = 16'1111111111111111).
Adding EN signal on $auto$ff.cc:337:slice$3903 ($sdff) from module cap_pdb_parallel_compact_allocation_engine (D = $procmux$3563_Y, Q = \group_minimum[1]).
Adding SRST signal on $procdff$3830 ($dff) from module cap_pdb_parallel_compact_allocation_engine (D = $procmux$3551_Y, Q = \group_minimum[2], rval = 16'1111111111111111).
Adding EN signal on $auto$ff.cc:337:slice$3911 ($sdff) from module cap_pdb_parallel_compact_allocation_engine (D = $procmux$3551_Y, Q = \group_minimum[2]).
Adding SRST signal on $procdff$3831 ($dff) from module cap_pdb_parallel_compact_allocation_engine (D = $procmux$3539_Y, Q = \group_minimum[3], rval = 16'1111111111111111).
Adding EN signal on $auto$ff.cc:337:slice$3919 ($sdff) from module cap_pdb_parallel_compact_allocation_engine (D = $procmux$3539_Y, Q = \group_minimum[3]).
Adding SRST signal on $procdff$3832 ($dff) from module cap_pdb_parallel_compact_allocation_engine (D = $procmux$3527_Y, Q = \group_minimum[4], rval = 16'1111111111111111).
Adding EN signal on $auto$ff.cc:337:slice$3927 ($sdff) from module cap_pdb_parallel_compact_allocation_engine (D = $procmux$3527_Y, Q = \group_minimum[4]).
Adding SRST signal on $procdff$3833 ($dff) from module cap_pdb_parallel_compact_allocation_engine (D = $procmux$3515_Y, Q = \group_minimum[5], rval = 16'1111111111111111).
Adding EN signal on $auto$ff.cc:337:slice$3935 ($sdff) from module cap_pdb_parallel_compact_allocation_engine (D = $procmux$3515_Y, Q = \group_minimum[5]).
Adding SRST signal on $procdff$3808 ($dff) from module cap_pdb_parallel_compact_allocation_engine (D = $procmux$3788_Y, Q = \busy, rval = 1'0).
Adding EN signal on $auto$ff.cc:337:slice$3943 ($sdff) from module cap_pdb_parallel_compact_allocation_engine (D = $procmux$3788_Y, Q = \busy).
Adding SRST signal on $procdff$3809 ($dff) from module cap_pdb_parallel_compact_allocation_engine (D = $procmux$3421_Y, Q = \done, rval = 1'0).
Adding SRST signal on $procdff$3810 ($dff) from module cap_pdb_parallel_compact_allocation_engine (D = $procmux$3780_Y, Q = \valid, rval = 1'0).
Adding EN signal on $auto$ff.cc:337:slice$3958 ($sdff) from module cap_pdb_parallel_compact_allocation_engine (D = $procmux$3776_Y, Q = \valid).
Adding SRST signal on $procdff$3811 ($dff) from module cap_pdb_parallel_compact_allocation_engine (D = $procmux$3743_Y, Q = \group_cost_sum, rval = 24'000000000000000000000000).
Adding EN signal on $auto$ff.cc:337:slice$3962 ($sdff) from module cap_pdb_parallel_compact_allocation_engine (D = \final_sum, Q = \group_cost_sum).
Adding SRST signal on $procdff$3812 ($dff) from module cap_pdb_parallel_compact_allocation_engine (D = $procmux$3735_Y, Q = \cycles, rval = 16'0000000000000000).
Adding SRST signal on $procdff$3838 ($dff) from module cap_pdb_parallel_compact_allocation_engine (D = $procmux$3455_Y, Q = \group_minimum[10], rval = 16'1111111111111111).
Adding EN signal on $auto$ff.cc:337:slice$3967 ($sdff) from module cap_pdb_parallel_compact_allocation_engine (D = $procmux$3455_Y, Q = \group_minimum[10]).
Adding SRST signal on $procdff$3815 ($dff) from module cap_pdb_parallel_compact_allocation_engine (D = $procmux$3705_Y, Q = \remaining[0], rval = 0).
Adding EN signal on $auto$ff.cc:337:slice$3975 ($sdff) from module cap_pdb_parallel_compact_allocation_engine (D = $procmux$3705_Y, Q = \remaining[0]).
Adding SRST signal on $procdff$3816 ($dff) from module cap_pdb_parallel_compact_allocation_engine (D = $procmux$3695_Y, Q = \remaining[1], rval = 0).
Adding EN signal on $auto$ff.cc:337:slice$3983 ($sdff) from module cap_pdb_parallel_compact_allocation_engine (D = $procmux$3695_Y, Q = \remaining[1]).
Adding SRST signal on $procdff$3817 ($dff) from module cap_pdb_parallel_compact_allocation_engine (D = $procmux$3685_Y, Q = \remaining[2], rval = 0).
Adding EN signal on $auto$ff.cc:337:slice$3991 ($sdff) from module cap_pdb_parallel_compact_allocation_engine (D = $procmux$3685_Y, Q = \remaining[2]).
Adding SRST signal on $procdff$3818 ($dff) from module cap_pdb_parallel_compact_allocation_engine (D = $procmux$3675_Y, Q = \remaining[3], rval = 0).
Adding EN signal on $auto$ff.cc:337:slice$3999 ($sdff) from module cap_pdb_parallel_compact_allocation_engine (D = $procmux$3675_Y, Q = \remaining[3]).
Adding SRST signal on $procdff$3819 ($dff) from module cap_pdb_parallel_compact_allocation_engine (D = $procmux$3665_Y, Q = \remaining[4], rval = 0).
Adding EN signal on $auto$ff.cc:337:slice$4007 ($sdff) from module cap_pdb_parallel_compact_allocation_engine (D = $procmux$3665_Y, Q = \remaining[4]).
Adding SRST signal on $procdff$3820 ($dff) from module cap_pdb_parallel_compact_allocation_engine (D = $procmux$3655_Y, Q = \remaining[5], rval = 0).
Adding EN signal on $auto$ff.cc:337:slice$4015 ($sdff) from module cap_pdb_parallel_compact_allocation_engine (D = $procmux$3655_Y, Q = \remaining[5]).
Adding SRST signal on $procdff$3821 ($dff) from module cap_pdb_parallel_compact_allocation_engine (D = $procmux$3645_Y, Q = \remaining[6], rval = 0).
Adding EN signal on $auto$ff.cc:337:slice$4023 ($sdff) from module cap_pdb_parallel_compact_allocation_engine (D = $procmux$3645_Y, Q = \remaining[6]).
Adding SRST signal on $procdff$3822 ($dff) from module cap_pdb_parallel_compact_allocation_engine (D = $procmux$3635_Y, Q = \remaining[7], rval = 0).
Adding EN signal on $auto$ff.cc:337:slice$4031 ($sdff) from module cap_pdb_parallel_compact_allocation_engine (D = $procmux$3635_Y, Q = \remaining[7]).
Adding SRST signal on $procdff$3823 ($dff) from module cap_pdb_parallel_compact_allocation_engine (D = $procmux$3625_Y, Q = \remaining[8], rval = 0).
Adding EN signal on $auto$ff.cc:337:slice$4039 ($sdff) from module cap_pdb_parallel_compact_allocation_engine (D = $procmux$3625_Y, Q = \remaining[8]).
Adding SRST signal on $procdff$3824 ($dff) from module cap_pdb_parallel_compact_allocation_engine (D = $procmux$3615_Y, Q = \remaining[9], rval = 0).
Adding EN signal on $auto$ff.cc:337:slice$4047 ($sdff) from module cap_pdb_parallel_compact_allocation_engine (D = $procmux$3615_Y, Q = \remaining[9]).
Adding SRST signal on $procdff$3825 ($dff) from module cap_pdb_parallel_compact_allocation_engine (D = $procmux$3605_Y, Q = \remaining[10], rval = 0).
Adding EN signal on $auto$ff.cc:337:slice$4055 ($sdff) from module cap_pdb_parallel_compact_allocation_engine (D = $procmux$3605_Y, Q = \remaining[10]).
Adding SRST signal on $procdff$3826 ($dff) from module cap_pdb_parallel_compact_allocation_engine (D = $procmux$3595_Y, Q = \remaining[11], rval = 0).
Adding EN signal on $auto$ff.cc:337:slice$4063 ($sdff) from module cap_pdb_parallel_compact_allocation_engine (D = $procmux$3595_Y, Q = \remaining[11]).
Adding SRST signal on $procdff$3827 ($dff) from module cap_pdb_parallel_compact_allocation_engine (D = $procmux$3585_Y, Q = \remaining[12], rval = 0).
Adding EN signal on $auto$ff.cc:337:slice$4071 ($sdff) from module cap_pdb_parallel_compact_allocation_engine (D = $procmux$3585_Y, Q = \remaining[12]).
Adding SRST signal on $procdff$3834 ($dff) from module cap_pdb_parallel_compact_allocation_engine (D = $procmux$3503_Y, Q = \group_minimum[6], rval = 16'1111111111111111).
Adding EN signal on $auto$ff.cc:337:slice$4079 ($sdff) from module cap_pdb_parallel_compact_allocation_engine (D = $procmux$3503_Y, Q = \group_minimum[6]).
Adding SRST signal on $procdff$3835 ($dff) from module cap_pdb_parallel_compact_allocation_engine (D = $procmux$3491_Y, Q = \group_minimum[7], rval = 16'1111111111111111).
Adding EN signal on $auto$ff.cc:337:slice$4087 ($sdff) from module cap_pdb_parallel_compact_allocation_engine (D = $procmux$3491_Y, Q = \group_minimum[7]).
Adding SRST signal on $procdff$3836 ($dff) from module cap_pdb_parallel_compact_allocation_engine (D = $procmux$3479_Y, Q = \group_minimum[8], rval = 16'1111111111111111).
Adding EN signal on $auto$ff.cc:337:slice$4095 ($sdff) from module cap_pdb_parallel_compact_allocation_engine (D = $procmux$3479_Y, Q = \group_minimum[8]).
Adding SRST signal on $procdff$3837 ($dff) from module cap_pdb_parallel_compact_allocation_engine (D = $procmux$3467_Y, Q = \group_minimum[9], rval = 16'1111111111111111).
Adding EN signal on $auto$ff.cc:337:slice$4103 ($sdff) from module cap_pdb_parallel_compact_allocation_engine (D = $procmux$3467_Y, Q = \group_minimum[9]).
Adding EN signal on $procdff$3841 ($dff) from module $paramod$b5bfe1d4fce40940586b6e35fec61194ae5a8fde\cap_pdb_state_wide_bank (D = $memrd$\memory$cap_pdb_parallel_compact_engine.sv:26$2130_DATA, Q = \rdata).

5.12.7. Executing OPT_CLEAN pass (remove unused cells and wires).
Finding unused cells or wires in module \cap_pdb_parallel_compact_allocation_engine..
Finding unused cells or wires in module $paramod$cbc3189b30a0f0ae8c16e45df15b3f5a54303a8f\cap_pdb_masked_min32..
Finding unused cells or wires in module $paramod$b5bfe1d4fce40940586b6e35fec61194ae5a8fde\cap_pdb_state_wide_bank..
Removed 37 unused cells and 44 unused wires.
<suppressed ~39 debug messages>

5.12.8. Executing OPT_EXPR pass (perform const folding).
Optimizing module cap_pdb_parallel_compact_allocation_engine.
<suppressed ~27 debug messages>
Optimizing module $paramod$cbc3189b30a0f0ae8c16e45df15b3f5a54303a8f\cap_pdb_masked_min32.
Optimizing module $paramod$b5bfe1d4fce40940586b6e35fec61194ae5a8fde\cap_pdb_state_wide_bank.

5.12.9. Rerunning OPT passes. (Maybe there is more to do..)

5.12.10. Executing OPT_MUXTREE pass (detect dead branches in mux trees).
Running muxtree optimizer on module \cap_pdb_parallel_compact_allocation_engine..
  Creating internal representation of mux trees.
  Evaluating internal representation of mux trees.
  Analyzing evaluation results.
Running muxtree optimizer on module $paramod$cbc3189b30a0f0ae8c16e45df15b3f5a54303a8f\cap_pdb_masked_min32..
  Creating internal representation of mux trees.
  Evaluating internal representation of mux trees.
  Analyzing evaluation results.
Running muxtree optimizer on module $paramod$b5bfe1d4fce40940586b6e35fec61194ae5a8fde\cap_pdb_state_wide_bank..
  Creating internal representation of mux trees.
  Evaluating internal representation of mux trees.
  Analyzing evaluation results.
Removed 0 multiplexer ports.
<suppressed ~407 debug messages>

5.12.11. Executing OPT_REDUCE pass (consolidate $*mux and $reduce_* inputs).
  Optimizing cells in module \cap_pdb_parallel_compact_allocation_engine.
  Optimizing cells in module $paramod$cbc3189b30a0f0ae8c16e45df15b3f5a54303a8f\cap_pdb_masked_min32.
  Optimizing cells in module $paramod$b5bfe1d4fce40940586b6e35fec61194ae5a8fde\cap_pdb_state_wide_bank.
Performed a total of 0 changes.

5.12.12. Executing OPT_MERGE pass (detect identical cells).
Finding identical cells in module `\cap_pdb_parallel_compact_allocation_engine'.
Computing hashes of 528 cells of `\cap_pdb_parallel_compact_allocation_engine'.
Finding duplicate cells in `\cap_pdb_parallel_compact_allocation_engine'.
Computing hashes of 464 cells of `\cap_pdb_parallel_compact_allocation_engine'.
Finding duplicate cells in `\cap_pdb_parallel_compact_allocation_engine'.
Computing hashes of 439 cells of `\cap_pdb_parallel_compact_allocation_engine'.
Finding duplicate cells in `\cap_pdb_parallel_compact_allocation_engine'.
<suppressed ~267 debug messages>
Finding identical cells in module `$paramod$cbc3189b30a0f0ae8c16e45df15b3f5a54303a8f\cap_pdb_masked_min32'.
Computing hashes of 94 cells of `$paramod$cbc3189b30a0f0ae8c16e45df15b3f5a54303a8f\cap_pdb_masked_min32'.
Finding duplicate cells in `$paramod$cbc3189b30a0f0ae8c16e45df15b3f5a54303a8f\cap_pdb_masked_min32'.
Finding identical cells in module `$paramod$b5bfe1d4fce40940586b6e35fec61194ae5a8fde\cap_pdb_state_wide_bank'.
Computing hashes of 6 cells of `$paramod$b5bfe1d4fce40940586b6e35fec61194ae5a8fde\cap_pdb_state_wide_bank'.
Finding duplicate cells in `$paramod$b5bfe1d4fce40940586b6e35fec61194ae5a8fde\cap_pdb_state_wide_bank'.
Removed a total of 89 cells.

5.12.13. Executing OPT_DFF pass (perform DFF optimizations).

5.12.14. Executing OPT_CLEAN pass (remove unused cells and wires).
Finding unused cells or wires in module \cap_pdb_parallel_compact_allocation_engine..
Finding unused cells or wires in module $paramod$cbc3189b30a0f0ae8c16e45df15b3f5a54303a8f\cap_pdb_masked_min32..
Finding unused cells or wires in module $paramod$b5bfe1d4fce40940586b6e35fec61194ae5a8fde\cap_pdb_state_wide_bank..
Removed 0 unused cells and 89 unused wires.
<suppressed ~1 debug messages>

5.12.15. Executing OPT_EXPR pass (perform const folding).
Optimizing module cap_pdb_parallel_compact_allocation_engine.
Optimizing module $paramod$cbc3189b30a0f0ae8c16e45df15b3f5a54303a8f\cap_pdb_masked_min32.
Optimizing module $paramod$b5bfe1d4fce40940586b6e35fec61194ae5a8fde\cap_pdb_state_wide_bank.

5.12.16. Rerunning OPT passes. (Maybe there is more to do..)

5.12.17. Executing OPT_MUXTREE pass (detect dead branches in mux trees).
Running muxtree optimizer on module \cap_pdb_parallel_compact_allocation_engine..
  Creating internal representation of mux trees.
  Evaluating internal representation of mux trees.
  Analyzing evaluation results.
Running muxtree optimizer on module $paramod$cbc3189b30a0f0ae8c16e45df15b3f5a54303a8f\cap_pdb_masked_min32..
  Creating internal representation of mux trees.
  Evaluating internal representation of mux trees.
  Analyzing evaluation results.
Running muxtree optimizer on module $paramod$b5bfe1d4fce40940586b6e35fec61194ae5a8fde\cap_pdb_state_wide_bank..
  Creating internal representation of mux trees.
  Evaluating internal representation of mux trees.
  Analyzing evaluation results.
Removed 0 multiplexer ports.
<suppressed ~409 debug messages>

5.12.18. Executing OPT_REDUCE pass (consolidate $*mux and $reduce_* inputs).
  Optimizing cells in module \cap_pdb_parallel_compact_allocation_engine.
  Optimizing cells in module $paramod$cbc3189b30a0f0ae8c16e45df15b3f5a54303a8f\cap_pdb_masked_min32.
  Optimizing cells in module $paramod$b5bfe1d4fce40940586b6e35fec61194ae5a8fde\cap_pdb_state_wide_bank.
Performed a total of 0 changes.

5.12.19. Executing OPT_MERGE pass (detect identical cells).
Finding identical cells in module `\cap_pdb_parallel_compact_allocation_engine'.
Computing hashes of 439 cells of `\cap_pdb_parallel_compact_allocation_engine'.
Finding duplicate cells in `\cap_pdb_parallel_compact_allocation_engine'.
Finding identical cells in module `$paramod$cbc3189b30a0f0ae8c16e45df15b3f5a54303a8f\cap_pdb_masked_min32'.
Computing hashes of 94 cells of `$paramod$cbc3189b30a0f0ae8c16e45df15b3f5a54303a8f\cap_pdb_masked_min32'.
Finding duplicate cells in `$paramod$cbc3189b30a0f0ae8c16e45df15b3f5a54303a8f\cap_pdb_masked_min32'.
Finding identical cells in module `$paramod$b5bfe1d4fce40940586b6e35fec61194ae5a8fde\cap_pdb_state_wide_bank'.
Computing hashes of 6 cells of `$paramod$b5bfe1d4fce40940586b6e35fec61194ae5a8fde\cap_pdb_state_wide_bank'.
Finding duplicate cells in `$paramod$b5bfe1d4fce40940586b6e35fec61194ae5a8fde\cap_pdb_state_wide_bank'.
Removed a total of 0 cells.

5.12.20. Executing OPT_DFF pass (perform DFF optimizations).

5.12.21. Executing OPT_CLEAN pass (remove unused cells and wires).
Finding unused cells or wires in module \cap_pdb_parallel_compact_allocation_engine..
Finding unused cells or wires in module $paramod$cbc3189b30a0f0ae8c16e45df15b3f5a54303a8f\cap_pdb_masked_min32..
Finding unused cells or wires in module $paramod$b5bfe1d4fce40940586b6e35fec61194ae5a8fde\cap_pdb_state_wide_bank..

5.12.22. Executing OPT_EXPR pass (perform const folding).
Optimizing module cap_pdb_parallel_compact_allocation_engine.
Optimizing module $paramod$cbc3189b30a0f0ae8c16e45df15b3f5a54303a8f\cap_pdb_masked_min32.
Optimizing module $paramod$b5bfe1d4fce40940586b6e35fec61194ae5a8fde\cap_pdb_state_wide_bank.

5.12.23. Finished fast OPT passes. (There is nothing left to do.)

5.13. Executing WREDUCE pass (reducing word size of cells).
Removed top 1 bits (of 2) from port B of cell cap_pdb_parallel_compact_allocation_engine.$auto$opt_dff.cc:235:make_patterns_logic$3950 ($ne).
Removed top 24 bits (of 32) from port A of cell cap_pdb_parallel_compact_allocation_engine.$add$cap_pdb_parallel_compact_engine.sv:166$1415 ($add).
Removed top 23 bits (of 32) from port Y of cell cap_pdb_parallel_compact_allocation_engine.$add$cap_pdb_parallel_compact_engine.sv:166$1415 ($add).
Removed top 31 bits (of 32) from port B of cell cap_pdb_parallel_compact_allocation_engine.$add$cap_pdb_parallel_compact_engine.sv:218$1418 ($add).
Removed top 31 bits (of 32) from port B of cell cap_pdb_parallel_compact_allocation_engine.$add$cap_pdb_parallel_compact_engine.sv:218$1424 ($add).
Removed top 31 bits (of 32) from port B of cell cap_pdb_parallel_compact_allocation_engine.$add$cap_pdb_parallel_compact_engine.sv:218$1430 ($add).
Removed top 31 bits (of 32) from port B of cell cap_pdb_parallel_compact_allocation_engine.$add$cap_pdb_parallel_compact_engine.sv:218$1436 ($add).
Removed top 31 bits (of 32) from port B of cell cap_pdb_parallel_compact_allocation_engine.$add$cap_pdb_parallel_compact_engine.sv:218$1442 ($add).
Removed top 31 bits (of 32) from port B of cell cap_pdb_parallel_compact_allocation_engine.$add$cap_pdb_parallel_compact_engine.sv:218$1448 ($add).
Removed top 31 bits (of 32) from port B of cell cap_pdb_parallel_compact_allocation_engine.$add$cap_pdb_parallel_compact_engine.sv:218$1454 ($add).
Removed top 31 bits (of 32) from port B of cell cap_pdb_parallel_compact_allocation_engine.$add$cap_pdb_parallel_compact_engine.sv:218$1460 ($add).
Removed top 31 bits (of 32) from port B of cell cap_pdb_parallel_compact_allocation_engine.$add$cap_pdb_parallel_compact_engine.sv:218$1466 ($add).
Removed top 31 bits (of 32) from port B of cell cap_pdb_parallel_compact_allocation_engine.$add$cap_pdb_parallel_compact_engine.sv:218$1472 ($add).
Removed top 31 bits (of 32) from port B of cell cap_pdb_parallel_compact_allocation_engine.$add$cap_pdb_parallel_compact_engine.sv:218$1478 ($add).
Removed top 31 bits (of 32) from port B of cell cap_pdb_parallel_compact_allocation_engine.$add$cap_pdb_parallel_compact_engine.sv:218$1484 ($add).
Removed top 31 bits (of 32) from port B of cell cap_pdb_parallel_compact_allocation_engine.$add$cap_pdb_parallel_compact_engine.sv:218$1490 ($add).
Removed top 8 bits (of 24) from port A of cell cap_pdb_parallel_compact_allocation_engine.$add$cap_pdb_parallel_compact_engine.sv:245$1501 ($add).
Removed top 7 bits (of 24) from port Y of cell cap_pdb_parallel_compact_allocation_engine.$add$cap_pdb_parallel_compact_engine.sv:245$1501 ($add).
Removed top 7 bits (of 24) from port A of cell cap_pdb_parallel_compact_allocation_engine.$add$cap_pdb_parallel_compact_engine.sv:245$1504 ($add).
Removed top 6 bits (of 24) from port Y of cell cap_pdb_parallel_compact_allocation_engine.$add$cap_pdb_parallel_compact_engine.sv:245$1504 ($add).
Removed top 6 bits (of 24) from port A of cell cap_pdb_parallel_compact_allocation_engine.$add$cap_pdb_parallel_compact_engine.sv:245$1507 ($add).
Removed top 5 bits (of 24) from port Y of cell cap_pdb_parallel_compact_allocation_engine.$add$cap_pdb_parallel_compact_engine.sv:245$1507 ($add).
Removed top 5 bits (of 24) from port A of cell cap_pdb_parallel_compact_allocation_engine.$add$cap_pdb_parallel_compact_engine.sv:245$1510 ($add).
Removed top 4 bits (of 24) from port Y of cell cap_pdb_parallel_compact_allocation_engine.$add$cap_pdb_parallel_compact_engine.sv:245$1510 ($add).
Removed top 4 bits (of 24) from port A of cell cap_pdb_parallel_compact_allocation_engine.$add$cap_pdb_parallel_compact_engine.sv:245$1513 ($add).
Removed top 3 bits (of 24) from port Y of cell cap_pdb_parallel_compact_allocation_engine.$add$cap_pdb_parallel_compact_engine.sv:245$1513 ($add).
Removed top 3 bits (of 24) from port A of cell cap_pdb_parallel_compact_allocation_engine.$add$cap_pdb_parallel_compact_engine.sv:245$1516 ($add).
Removed top 2 bits (of 24) from port Y of cell cap_pdb_parallel_compact_allocation_engine.$add$cap_pdb_parallel_compact_engine.sv:245$1516 ($add).
Removed top 2 bits (of 24) from port A of cell cap_pdb_parallel_compact_allocation_engine.$add$cap_pdb_parallel_compact_engine.sv:245$1519 ($add).
Removed top 1 bits (of 24) from port Y of cell cap_pdb_parallel_compact_allocation_engine.$add$cap_pdb_parallel_compact_engine.sv:245$1519 ($add).
Removed top 1 bits (of 24) from port A of cell cap_pdb_parallel_compact_allocation_engine.$add$cap_pdb_parallel_compact_engine.sv:245$1522 ($add).
Removed top 1 bits (of 32) from port A of cell cap_pdb_parallel_compact_allocation_engine.$or$cap_pdb_parallel_compact_engine.sv:144$1618 ($or).
Removed top 2 bits (of 32) from port A of cell cap_pdb_parallel_compact_allocation_engine.$or$cap_pdb_parallel_compact_engine.sv:148$1624 ($or).
Removed top 4 bits (of 32) from port A of cell cap_pdb_parallel_compact_allocation_engine.$or$cap_pdb_parallel_compact_engine.sv:152$1630 ($or).
Removed top 8 bits (of 32) from port A of cell cap_pdb_parallel_compact_allocation_engine.$or$cap_pdb_parallel_compact_engine.sv:156$1636 ($or).
Removed top 16 bits (of 32) from port A of cell cap_pdb_parallel_compact_allocation_engine.$or$cap_pdb_parallel_compact_engine.sv:160$1640 ($or).
Removed top 3 bits (of 4) from port B of cell cap_pdb_parallel_compact_allocation_engine.$eq$cap_pdb_parallel_compact_engine.sv:177$1642 ($eq).
Removed top 1 bits (of 32) from port A of cell cap_pdb_parallel_compact_allocation_engine.$or$cap_pdb_parallel_compact_engine.sv:144$1658 ($or).
Removed top 2 bits (of 32) from port A of cell cap_pdb_parallel_compact_allocation_engine.$or$cap_pdb_parallel_compact_engine.sv:148$1664 ($or).
Removed top 4 bits (of 32) from port A of cell cap_pdb_parallel_compact_allocation_engine.$or$cap_pdb_parallel_compact_engine.sv:152$1670 ($or).
Removed top 8 bits (of 32) from port A of cell cap_pdb_parallel_compact_allocation_engine.$or$cap_pdb_parallel_compact_engine.sv:156$1676 ($or).
Removed top 16 bits (of 32) from port A of cell cap_pdb_parallel_compact_allocation_engine.$or$cap_pdb_parallel_compact_engine.sv:160$1680 ($or).
Removed top 2 bits (of 4) from port B of cell cap_pdb_parallel_compact_allocation_engine.$eq$cap_pdb_parallel_compact_engine.sv:177$1682 ($eq).
Removed top 1 bits (of 32) from port A of cell cap_pdb_parallel_compact_allocation_engine.$or$cap_pdb_parallel_compact_engine.sv:144$1698 ($or).
Removed top 2 bits (of 32) from port A of cell cap_pdb_parallel_compact_allocation_engine.$or$cap_pdb_parallel_compact_engine.sv:148$1704 ($or).
Removed top 4 bits (of 32) from port A of cell cap_pdb_parallel_compact_allocation_engine.$or$cap_pdb_parallel_compact_engine.sv:152$1710 ($or).
Removed top 8 bits (of 32) from port A of cell cap_pdb_parallel_compact_allocation_engine.$or$cap_pdb_parallel_compact_engine.sv:156$1716 ($or).
Removed top 16 bits (of 32) from port A of cell cap_pdb_parallel_compact_allocation_engine.$or$cap_pdb_parallel_compact_engine.sv:160$1720 ($or).
Removed top 2 bits (of 4) from port B of cell cap_pdb_parallel_compact_allocation_engine.$eq$cap_pdb_parallel_compact_engine.sv:177$1722 ($eq).
Removed top 1 bits (of 32) from port A of cell cap_pdb_parallel_compact_allocation_engine.$or$cap_pdb_parallel_compact_engine.sv:144$1738 ($or).
Removed top 2 bits (of 32) from port A of cell cap_pdb_parallel_compact_allocation_engine.$or$cap_pdb_parallel_compact_engine.sv:148$1744 ($or).
Removed top 4 bits (of 32) from port A of cell cap_pdb_parallel_compact_allocation_engine.$or$cap_pdb_parallel_compact_engine.sv:152$1750 ($or).
Removed top 8 bits (of 32) from port A of cell cap_pdb_parallel_compact_allocation_engine.$or$cap_pdb_parallel_compact_engine.sv:156$1756 ($or).
Removed top 16 bits (of 32) from port A of cell cap_pdb_parallel_compact_allocation_engine.$or$cap_pdb_parallel_compact_engine.sv:160$1760 ($or).
Removed top 1 bits (of 4) from port B of cell cap_pdb_parallel_compact_allocation_engine.$eq$cap_pdb_parallel_compact_engine.sv:177$1762 ($eq).
Removed top 1 bits (of 32) from port A of cell cap_pdb_parallel_compact_allocation_engine.$or$cap_pdb_parallel_compact_engine.sv:144$1778 ($or).
Removed top 2 bits (of 32) from port A of cell cap_pdb_parallel_compact_allocation_engine.$or$cap_pdb_parallel_compact_engine.sv:148$1784 ($or).
Removed top 4 bits (of 32) from port A of cell cap_pdb_parallel_compact_allocation_engine.$or$cap_pdb_parallel_compact_engine.sv:152$1790 ($or).
Removed top 8 bits (of 32) from port A of cell cap_pdb_parallel_compact_allocation_engine.$or$cap_pdb_parallel_compact_engine.sv:156$1796 ($or).
Removed top 16 bits (of 32) from port A of cell cap_pdb_parallel_compact_allocation_engine.$or$cap_pdb_parallel_compact_engine.sv:160$1800 ($or).
Removed top 1 bits (of 4) from port B of cell cap_pdb_parallel_compact_allocation_engine.$eq$cap_pdb_parallel_compact_engine.sv:177$1802 ($eq).
Removed top 1 bits (of 32) from port A of cell cap_pdb_parallel_compact_allocation_engine.$or$cap_pdb_parallel_compact_engine.sv:144$1818 ($or).
Removed top 2 bits (of 32) from port A of cell cap_pdb_parallel_compact_allocation_engine.$or$cap_pdb_parallel_compact_engine.sv:148$1824 ($or).
Removed top 4 bits (of 32) from port A of cell cap_pdb_parallel_compact_allocation_engine.$or$cap_pdb_parallel_compact_engine.sv:152$1830 ($or).
Removed top 8 bits (of 32) from port A of cell cap_pdb_parallel_compact_allocation_engine.$or$cap_pdb_parallel_compact_engine.sv:156$1836 ($or).
Removed top 16 bits (of 32) from port A of cell cap_pdb_parallel_compact_allocation_engine.$or$cap_pdb_parallel_compact_engine.sv:160$1840 ($or).
Removed top 1 bits (of 4) from port B of cell cap_pdb_parallel_compact_allocation_engine.$eq$cap_pdb_parallel_compact_engine.sv:177$1842 ($eq).
Removed top 1 bits (of 32) from port A of cell cap_pdb_parallel_compact_allocation_engine.$or$cap_pdb_parallel_compact_engine.sv:144$1858 ($or).
Removed top 2 bits (of 32) from port A of cell cap_pdb_parallel_compact_allocation_engine.$or$cap_pdb_parallel_compact_engine.sv:148$1864 ($or).
Removed top 4 bits (of 32) from port A of cell cap_pdb_parallel_compact_allocation_engine.$or$cap_pdb_parallel_compact_engine.sv:152$1870 ($or).
Removed top 8 bits (of 32) from port A of cell cap_pdb_parallel_compact_allocation_engine.$or$cap_pdb_parallel_compact_engine.sv:156$1876 ($or).
Removed top 16 bits (of 32) from port A of cell cap_pdb_parallel_compact_allocation_engine.$or$cap_pdb_parallel_compact_engine.sv:160$1880 ($or).
Removed top 1 bits (of 4) from port B of cell cap_pdb_parallel_compact_allocation_engine.$eq$cap_pdb_parallel_compact_engine.sv:177$1882 ($eq).
Removed top 1 bits (of 32) from port A of cell cap_pdb_parallel_compact_allocation_engine.$or$cap_pdb_parallel_compact_engine.sv:144$1898 ($or).
Removed top 2 bits (of 32) from port A of cell cap_pdb_parallel_compact_allocation_engine.$or$cap_pdb_parallel_compact_engine.sv:148$1904 ($or).
Removed top 4 bits (of 32) from port A of cell cap_pdb_parallel_compact_allocation_engine.$or$cap_pdb_parallel_compact_engine.sv:152$1910 ($or).
Removed top 8 bits (of 32) from port A of cell cap_pdb_parallel_compact_allocation_engine.$or$cap_pdb_parallel_compact_engine.sv:156$1916 ($or).
Removed top 16 bits (of 32) from port A of cell cap_pdb_parallel_compact_allocation_engine.$or$cap_pdb_parallel_compact_engine.sv:160$1920 ($or).
Removed top 1 bits (of 32) from port A of cell cap_pdb_parallel_compact_allocation_engine.$or$cap_pdb_parallel_compact_engine.sv:144$1938 ($or).
Removed top 2 bits (of 32) from port A of cell cap_pdb_parallel_compact_allocation_engine.$or$cap_pdb_parallel_compact_engine.sv:148$1944 ($or).
Removed top 4 bits (of 32) from port A of cell cap_pdb_parallel_compact_allocation_engine.$or$cap_pdb_parallel_compact_engine.sv:152$1950 ($or).
Removed top 8 bits (of 32) from port A of cell cap_pdb_parallel_compact_allocation_engine.$or$cap_pdb_parallel_compact_engine.sv:156$1956 ($or).
Removed top 16 bits (of 32) from port A of cell cap_pdb_parallel_compact_allocation_engine.$or$cap_pdb_parallel_compact_engine.sv:160$1960 ($or).
Removed top 1 bits (of 32) from port A of cell cap_pdb_parallel_compact_allocation_engine.$or$cap_pdb_parallel_compact_engine.sv:144$1978 ($or).
Removed top 2 bits (of 32) from port A of cell cap_pdb_parallel_compact_allocation_engine.$or$cap_pdb_parallel_compact_engine.sv:148$1984 ($or).
Removed top 4 bits (of 32) from port A of cell cap_pdb_parallel_compact_allocation_engine.$or$cap_pdb_parallel_compact_engine.sv:152$1990 ($or).
Removed top 8 bits (of 32) from port A of cell cap_pdb_parallel_compact_allocation_engine.$or$cap_pdb_parallel_compact_engine.sv:156$1996 ($or).
Removed top 16 bits (of 32) from port A of cell cap_pdb_parallel_compact_allocation_engine.$or$cap_pdb_parallel_compact_engine.sv:160$2000 ($or).
Removed top 1 bits (of 32) from port A of cell cap_pdb_parallel_compact_allocation_engine.$or$cap_pdb_parallel_compact_engine.sv:144$2018 ($or).
Removed top 2 bits (of 32) from port A of cell cap_pdb_parallel_compact_allocation_engine.$or$cap_pdb_parallel_compact_engine.sv:148$2024 ($or).
Removed top 4 bits (of 32) from port A of cell cap_pdb_parallel_compact_allocation_engine.$or$cap_pdb_parallel_compact_engine.sv:152$2030 ($or).
Removed top 8 bits (of 32) from port A of cell cap_pdb_parallel_compact_allocation_engine.$or$cap_pdb_parallel_compact_engine.sv:156$2036 ($or).
Removed top 16 bits (of 32) from port A of cell cap_pdb_parallel_compact_allocation_engine.$or$cap_pdb_parallel_compact_engine.sv:160$2040 ($or).
Removed top 1 bits (of 32) from port A of cell cap_pdb_parallel_compact_allocation_engine.$or$cap_pdb_parallel_compact_engine.sv:144$2058 ($or).
Removed top 2 bits (of 32) from port A of cell cap_pdb_parallel_compact_allocation_engine.$or$cap_pdb_parallel_compact_engine.sv:148$2064 ($or).
Removed top 4 bits (of 32) from port A of cell cap_pdb_parallel_compact_allocation_engine.$or$cap_pdb_parallel_compact_engine.sv:152$2070 ($or).
Removed top 8 bits (of 32) from port A of cell cap_pdb_parallel_compact_allocation_engine.$or$cap_pdb_parallel_compact_engine.sv:156$2076 ($or).
Removed top 16 bits (of 32) from port A of cell cap_pdb_parallel_compact_allocation_engine.$or$cap_pdb_parallel_compact_engine.sv:160$2080 ($or).
Removed top 1 bits (of 32) from port A of cell cap_pdb_parallel_compact_allocation_engine.$or$cap_pdb_parallel_compact_engine.sv:144$2098 ($or).
Removed top 2 bits (of 32) from port A of cell cap_pdb_parallel_compact_allocation_engine.$or$cap_pdb_parallel_compact_engine.sv:148$2104 ($or).
Removed top 4 bits (of 32) from port A of cell cap_pdb_parallel_compact_allocation_engine.$or$cap_pdb_parallel_compact_engine.sv:152$2110 ($or).
Removed top 8 bits (of 32) from port A of cell cap_pdb_parallel_compact_allocation_engine.$or$cap_pdb_parallel_compact_engine.sv:156$2116 ($or).
Removed top 16 bits (of 32) from port A of cell cap_pdb_parallel_compact_allocation_engine.$or$cap_pdb_parallel_compact_engine.sv:160$2120 ($or).
Removed top 1 bits (of 24) from wire cap_pdb_parallel_compact_allocation_engine.$add$cap_pdb_parallel_compact_engine.sv:245$1519_Y.
Removed top 7 bits (of 24) from wire cap_pdb_parallel_compact_allocation_engine.$add$cap_pdb_parallel_compact_engine.sv:245$1501_Y.
Removed top 6 bits (of 24) from wire cap_pdb_parallel_compact_allocation_engine.$add$cap_pdb_parallel_compact_engine.sv:245$1504_Y.
Removed top 5 bits (of 24) from wire cap_pdb_parallel_compact_allocation_engine.$add$cap_pdb_parallel_compact_engine.sv:245$1507_Y.
Removed top 4 bits (of 24) from wire cap_pdb_parallel_compact_allocation_engine.$add$cap_pdb_parallel_compact_engine.sv:245$1510_Y.
Removed top 2 bits (of 24) from wire cap_pdb_parallel_compact_allocation_engine.$add$cap_pdb_parallel_compact_engine.sv:245$1516_Y.
Removed top 3 bits (of 24) from wire cap_pdb_parallel_compact_allocation_engine.$add$cap_pdb_parallel_compact_engine.sv:245$1513_Y.

5.14. Executing PEEPOPT pass (run peephole optimizers).

5.15. Executing OPT_CLEAN pass (remove unused cells and wires).
Finding unused cells or wires in module \cap_pdb_parallel_compact_allocation_engine..
Finding unused cells or wires in module $paramod$cbc3189b30a0f0ae8c16e45df15b3f5a54303a8f\cap_pdb_masked_min32..
Finding unused cells or wires in module $paramod$b5bfe1d4fce40940586b6e35fec61194ae5a8fde\cap_pdb_state_wide_bank..
Removed 0 unused cells and 8 unused wires.
<suppressed ~1 debug messages>

5.16. Executing PMUX2SHIFTX pass.

5.17. Executing SORT pass.

5.18. Executing MEMORY_DFF pass (merging $dff cells to $memrd).
Checking read port `\memory'[0] in module `$paramod$b5bfe1d4fce40940586b6e35fec61194ae5a8fde\cap_pdb_state_wide_bank': merging output FF to cell.
    Write port 0: non-transparent.

5.19. Executing TECHMAP pass (map to technology primitives).

5.19.1. Executing Verilog-2005 frontend: /share/mul2dsp.v
Parsing Verilog input from `/share/mul2dsp.v' to AST representation.
Generating RTLIL representation for module `\_80_mul'.
Generating RTLIL representation for module `\_90_soft_mul'.
Successfully finished Verilog frontend.

5.19.2. Executing Verilog-2005 frontend: /share/xilinx/xc7_dsp_map.v
Parsing Verilog input from `/share/xilinx/xc7_dsp_map.v' to AST representation.
Generating RTLIL representation for module `$__MUL25X18'.
Successfully finished Verilog frontend.

5.19.3. Continuing TECHMAP pass.
No more expansions possible.
<suppressed ~5 debug messages>

5.20. Executing OPT_EXPR pass (perform const folding).

5.21. Executing WREDUCE pass (reducing word size of cells).

5.22. Executing XILINX_DSP pass (pack resources into DSPs).

5.23. Executing TECHMAP pass (map to technology primitives).

5.23.1. Executing Verilog-2005 frontend: /share/cmp2lut.v
Parsing Verilog input from `/share/cmp2lut.v' to AST representation.
Generating RTLIL representation for module `\_90_lut_cmp_'.
Successfully finished Verilog frontend.

5.23.2. Executing Verilog-2005 frontend: /share/cmp2lcu.v
Parsing Verilog input from `/share/cmp2lcu.v' to AST representation.
Generating RTLIL representation for module `\_80_lcu_cmp_'.
Generating RTLIL representation for module `$__CMP2LCU'.
Successfully finished Verilog frontend.

5.23.3. Continuing TECHMAP pass.
Using template $paramod$259894106d2ad198d0d04618b21dd2497b1cfb96\_80_lcu_cmp_ for cells of type $lt.
Using template $paramod$7471c16ccde3ba74bc45d1b0191ea15669d59841\_80_lcu_cmp_ for cells of type $gt.
Using template $paramod$7ba114902243d21bd55ce01b611b70b410e2e654$__CMP2LCU for cells of type $__CMP2LCU.
Using template $paramod$31b1a571242f9f4829f81336a5502c11fcf7a47e$__CMP2LCU for cells of type $__CMP2LCU.
Using template $paramod$7122c373bb4ab1d7b945a769762d7fa3026e99fd$__CMP2LCU for cells of type $__CMP2LCU.
Using template $paramod$68e7ca95ca1d435d5aa6b2e401153157bceeb4a1$__CMP2LCU for cells of type $__CMP2LCU.
Using template $paramod$1ce9fe9e230307a292c219ac14dd22cc37330d2f$__CMP2LCU for cells of type $__CMP2LCU.
Using template $paramod$0de3d8274f0197fb77c79bd31785e7ea6542f21b$__CMP2LCU for cells of type $__CMP2LCU.
Using template $paramod$84911796413521a630725231ea17edc1fc0dcf02$__CMP2LCU for cells of type $__CMP2LCU.
Using template $paramod$5eb4a0dbaf2222b6ef39dcca85e4741982855102$__CMP2LCU for cells of type $__CMP2LCU.
Using template $paramod$7c1994b5db40c652af589ec588d8f67a62bd9380$__CMP2LCU for cells of type $__CMP2LCU.
Using template $paramod$a60672850351e0dbeb479fc7362697b4565fb452$__CMP2LCU for cells of type $__CMP2LCU.
Using template $paramod$9c853ba77d3a615418bb2553d15b3c214f8d2525$__CMP2LCU for cells of type $__CMP2LCU.
Using template $paramod$cec77f66a4d8897a287b98157b2c8a8e9c5f9dd0$__CMP2LCU for cells of type $__CMP2LCU.
Using template $paramod$8157e526e0cb4739ae7b3fdd730271b7acde68f0$__CMP2LCU for cells of type $__CMP2LCU.
Using template $paramod$58cbbacf63264ad79714b909f7dcafd3ccbc957c$__CMP2LCU for cells of type $__CMP2LCU.
Using template $paramod$3163fe788e80b2c48455a5eff67ff379a8db8576$__CMP2LCU for cells of type $__CMP2LCU.
Using template $paramod$eb3e785e88f4d5608f1252b704619f0d061620e9$__CMP2LCU for cells of type $__CMP2LCU.
Using template $paramod$f91eb00affa8600780b6c3973d8a69ce06d163df$__CMP2LCU for cells of type $__CMP2LCU.
Using template $paramod$c3f23b5bb0a3ce78bf2fdfe159e34ea69a3cb907$__CMP2LCU for cells of type $__CMP2LCU.
Using template $paramod$5b6ae47d72852e5de4f8381bc51b0a64939f86a0$__CMP2LCU for cells of type $__CMP2LCU.
Using template $paramod$8260b90de545e2d4ced5fd3634cc52b27f0c4454$__CMP2LCU for cells of type $__CMP2LCU.
Using template $paramod$62fadfd2b95ee4a1ee0b935e9b4ba08c94989766$__CMP2LCU for cells of type $__CMP2LCU.
Using template $paramod$958978196da32f112a582668a1d7787b67706636$__CMP2LCU for cells of type $__CMP2LCU.
No more expansions possible.
<suppressed ~1655 debug messages>

5.24. Executing ALUMACC pass (create $alu and $macc cells).
Extracting $alu and $macc cells in module $paramod$b5bfe1d4fce40940586b6e35fec61194ae5a8fde\cap_pdb_state_wide_bank:
  created 0 $alu and 0 $macc cells.
Extracting $alu and $macc cells in module $paramod$cbc3189b30a0f0ae8c16e45df15b3f5a54303a8f\cap_pdb_masked_min32:
  created 0 $alu and 0 $macc cells.
Extracting $alu and $macc cells in module cap_pdb_parallel_compact_allocation_engine:
  creating $macc model for $add$cap_pdb_parallel_compact_engine.sv:218$1418 ($add).
  creating $macc model for $add$cap_pdb_parallel_compact_engine.sv:218$1424 ($add).
  creating $macc model for $add$cap_pdb_parallel_compact_engine.sv:218$1430 ($add).
  creating $macc model for $add$cap_pdb_parallel_compact_engine.sv:218$1436 ($add).
  creating $macc model for $add$cap_pdb_parallel_compact_engine.sv:218$1442 ($add).
  creating $macc model for $add$cap_pdb_parallel_compact_engine.sv:218$1448 ($add).
  creating $macc model for $add$cap_pdb_parallel_compact_engine.sv:218$1454 ($add).
  creating $macc model for $add$cap_pdb_parallel_compact_engine.sv:218$1460 ($add).
  creating $macc model for $add$cap_pdb_parallel_compact_engine.sv:218$1466 ($add).
  creating $macc model for $add$cap_pdb_parallel_compact_engine.sv:218$1472 ($add).
  creating $macc model for $add$cap_pdb_parallel_compact_engine.sv:218$1478 ($add).
  creating $macc model for $add$cap_pdb_parallel_compact_engine.sv:218$1484 ($add).
  creating $macc model for $add$cap_pdb_parallel_compact_engine.sv:218$1490 ($add).
  creating $macc model for $add$cap_pdb_parallel_compact_engine.sv:245$1501 ($add).
  creating $macc model for $add$cap_pdb_parallel_compact_engine.sv:245$1504 ($add).
  creating $macc model for $add$cap_pdb_parallel_compact_engine.sv:245$1507 ($add).
  creating $macc model for $add$cap_pdb_parallel_compact_engine.sv:245$1510 ($add).
  creating $macc model for $add$cap_pdb_parallel_compact_engine.sv:245$1513 ($add).
  creating $macc model for $add$cap_pdb_parallel_compact_engine.sv:245$1516 ($add).
  creating $macc model for $add$cap_pdb_parallel_compact_engine.sv:245$1519 ($add).
  creating $macc model for $add$cap_pdb_parallel_compact_engine.sv:245$1522 ($add).
  creating $macc model for $add$cap_pdb_parallel_compact_engine.sv:245$1525 ($add).
  creating $macc model for $add$cap_pdb_parallel_compact_engine.sv:245$1528 ($add).
  creating $macc model for $add$cap_pdb_parallel_compact_engine.sv:245$1531 ($add).
  creating $macc model for $add$cap_pdb_parallel_compact_engine.sv:245$1534 ($add).
  creating $macc model for $add$cap_pdb_parallel_compact_engine.sv:264$1536 ($add).
  creating $macc model for $add$cap_pdb_parallel_compact_engine.sv:166$1415 ($add).
  merging $macc model for $add$cap_pdb_parallel_compact_engine.sv:245$1531 into $add$cap_pdb_parallel_compact_engine.sv:245$1534.
  merging $macc model for $add$cap_pdb_parallel_compact_engine.sv:245$1528 into $add$cap_pdb_parallel_compact_engine.sv:245$1534.
  merging $macc model for $add$cap_pdb_parallel_compact_engine.sv:245$1525 into $add$cap_pdb_parallel_compact_engine.sv:245$1534.
  merging $macc model for $add$cap_pdb_parallel_compact_engine.sv:245$1522 into $add$cap_pdb_parallel_compact_engine.sv:245$1534.
  merging $macc model for $add$cap_pdb_parallel_compact_engine.sv:245$1519 into $add$cap_pdb_parallel_compact_engine.sv:245$1534.
  merging $macc model for $add$cap_pdb_parallel_compact_engine.sv:245$1516 into $add$cap_pdb_parallel_compact_engine.sv:245$1534.
  merging $macc model for $add$cap_pdb_parallel_compact_engine.sv:245$1513 into $add$cap_pdb_parallel_compact_engine.sv:245$1534.
  merging $macc model for $add$cap_pdb_parallel_compact_engine.sv:245$1510 into $add$cap_pdb_parallel_compact_engine.sv:245$1534.
  merging $macc model for $add$cap_pdb_parallel_compact_engine.sv:245$1507 into $add$cap_pdb_parallel_compact_engine.sv:245$1534.
  merging $macc model for $add$cap_pdb_parallel_compact_engine.sv:245$1504 into $add$cap_pdb_parallel_compact_engine.sv:245$1534.
  merging $macc model for $add$cap_pdb_parallel_compact_engine.sv:245$1501 into $add$cap_pdb_parallel_compact_engine.sv:245$1534.
  creating $alu model for $macc $add$cap_pdb_parallel_compact_engine.sv:264$1536.
  creating $alu model for $macc $add$cap_pdb_parallel_compact_engine.sv:166$1415.
  creating $alu model for $macc $add$cap_pdb_parallel_compact_engine.sv:218$1490.
  creating $alu model for $macc $add$cap_pdb_parallel_compact_engine.sv:218$1484.
  creating $alu model for $macc $add$cap_pdb_parallel_compact_engine.sv:218$1478.
  creating $alu model for $macc $add$cap_pdb_parallel_compact_engine.sv:218$1472.
  creating $alu model for $macc $add$cap_pdb_parallel_compact_engine.sv:218$1466.
  creating $alu model for $macc $add$cap_pdb_parallel_compact_engine.sv:218$1460.
  creating $alu model for $macc $add$cap_pdb_parallel_compact_engine.sv:218$1454.
  creating $alu model for $macc $add$cap_pdb_parallel_compact_engine.sv:218$1448.
  creating $alu model for $macc $add$cap_pdb_parallel_compact_engine.sv:218$1442.
  creating $alu model for $macc $add$cap_pdb_parallel_compact_engine.sv:218$1436.
  creating $alu model for $macc $add$cap_pdb_parallel_compact_engine.sv:218$1430.
  creating $alu model for $macc $add$cap_pdb_parallel_compact_engine.sv:218$1424.
  creating $alu model for $macc $add$cap_pdb_parallel_compact_engine.sv:218$1418.
  creating $macc cell for $add$cap_pdb_parallel_compact_engine.sv:245$1534: $auto$alumacc.cc:382:replace_macc$5785
  creating $alu cell for $add$cap_pdb_parallel_compact_engine.sv:218$1418: $auto$alumacc.cc:512:replace_alu$5786
  creating $alu cell for $add$cap_pdb_parallel_compact_engine.sv:218$1424: $auto$alumacc.cc:512:replace_alu$5789
  creating $alu cell for $add$cap_pdb_parallel_compact_engine.sv:218$1430: $auto$alumacc.cc:512:replace_alu$5792
  creating $alu cell for $add$cap_pdb_parallel_compact_engine.sv:218$1436: $auto$alumacc.cc:512:replace_alu$5795
  creating $alu cell for $add$cap_pdb_parallel_compact_engine.sv:218$1442: $auto$alumacc.cc:512:replace_alu$5798
  creating $alu cell for $add$cap_pdb_parallel_compact_engine.sv:218$1448: $auto$alumacc.cc:512:replace_alu$5801
  creating $alu cell for $add$cap_pdb_parallel_compact_engine.sv:218$1454: $auto$alumacc.cc:512:replace_alu$5804
  creating $alu cell for $add$cap_pdb_parallel_compact_engine.sv:218$1460: $auto$alumacc.cc:512:replace_alu$5807
  creating $alu cell for $add$cap_pdb_parallel_compact_engine.sv:218$1466: $auto$alumacc.cc:512:replace_alu$5810
  creating $alu cell for $add$cap_pdb_parallel_compact_engine.sv:218$1472: $auto$alumacc.cc:512:replace_alu$5813
  creating $alu cell for $add$cap_pdb_parallel_compact_engine.sv:218$1478: $auto$alumacc.cc:512:replace_alu$5816
  creating $alu cell for $add$cap_pdb_parallel_compact_engine.sv:218$1484: $auto$alumacc.cc:512:replace_alu$5819
  creating $alu cell for $add$cap_pdb_parallel_compact_engine.sv:218$1490: $auto$alumacc.cc:512:replace_alu$5822
  creating $alu cell for $add$cap_pdb_parallel_compact_engine.sv:166$1415: $auto$alumacc.cc:512:replace_alu$5825
  creating $alu cell for $add$cap_pdb_parallel_compact_engine.sv:264$1536: $auto$alumacc.cc:512:replace_alu$5828
  created 15 $alu and 1 $macc cells.

5.25. Executing SHARE pass (SAT-based resource sharing).

5.26. Executing OPT pass (performing simple optimizations).

5.26.1. Executing OPT_EXPR pass (perform const folding).
Optimizing module $paramod$b5bfe1d4fce40940586b6e35fec61194ae5a8fde\cap_pdb_state_wide_bank.
Optimizing module $paramod$cbc3189b30a0f0ae8c16e45df15b3f5a54303a8f\cap_pdb_masked_min32.
<suppressed ~527 debug messages>
Optimizing module cap_pdb_parallel_compact_allocation_engine.
<suppressed ~221 debug messages>

5.26.2. Executing OPT_MERGE pass (detect identical cells).
Finding identical cells in module `$paramod$b5bfe1d4fce40940586b6e35fec61194ae5a8fde\cap_pdb_state_wide_bank'.
Computing hashes of 6 cells of `$paramod$b5bfe1d4fce40940586b6e35fec61194ae5a8fde\cap_pdb_state_wide_bank'.
Finding duplicate cells in `$paramod$b5bfe1d4fce40940586b6e35fec61194ae5a8fde\cap_pdb_state_wide_bank'.
Finding identical cells in module `$paramod$cbc3189b30a0f0ae8c16e45df15b3f5a54303a8f\cap_pdb_masked_min32'.
Computing hashes of 2512 cells of `$paramod$cbc3189b30a0f0ae8c16e45df15b3f5a54303a8f\cap_pdb_masked_min32'.
Finding duplicate cells in `$paramod$cbc3189b30a0f0ae8c16e45df15b3f5a54303a8f\cap_pdb_masked_min32'.
Finding identical cells in module `\cap_pdb_parallel_compact_allocation_engine'.
Computing hashes of 1453 cells of `\cap_pdb_parallel_compact_allocation_engine'.
Finding duplicate cells in `\cap_pdb_parallel_compact_allocation_engine'.
Removed a total of 0 cells.

5.26.3. Executing OPT_MUXTREE pass (detect dead branches in mux trees).
Running muxtree optimizer on module $paramod$b5bfe1d4fce40940586b6e35fec61194ae5a8fde\cap_pdb_state_wide_bank..
  Creating internal representation of mux trees.
  Evaluating internal representation of mux trees.
  Analyzing evaluation results.
Running muxtree optimizer on module $paramod$cbc3189b30a0f0ae8c16e45df15b3f5a54303a8f\cap_pdb_masked_min32..
  Creating internal representation of mux trees.
  Evaluating internal representation of mux trees.
  Analyzing evaluation results.
Running muxtree optimizer on module \cap_pdb_parallel_compact_allocation_engine..
  Creating internal representation of mux trees.
  Evaluating internal representation of mux trees.
  Analyzing evaluation results.
Removed 0 multiplexer ports.
<suppressed ~409 debug messages>

5.26.4. Executing OPT_REDUCE pass (consolidate $*mux and $reduce_* inputs).
  Optimizing cells in module $paramod$b5bfe1d4fce40940586b6e35fec61194ae5a8fde\cap_pdb_state_wide_bank.
  Optimizing cells in module $paramod$cbc3189b30a0f0ae8c16e45df15b3f5a54303a8f\cap_pdb_masked_min32.
  Optimizing cells in module \cap_pdb_parallel_compact_allocation_engine.
Performed a total of 0 changes.

5.26.5. Executing OPT_MERGE pass (detect identical cells).
Finding identical cells in module `$paramod$b5bfe1d4fce40940586b6e35fec61194ae5a8fde\cap_pdb_state_wide_bank'.
Computing hashes of 6 cells of `$paramod$b5bfe1d4fce40940586b6e35fec61194ae5a8fde\cap_pdb_state_wide_bank'.
Finding duplicate cells in `$paramod$b5bfe1d4fce40940586b6e35fec61194ae5a8fde\cap_pdb_state_wide_bank'.
Finding identical cells in module `$paramod$cbc3189b30a0f0ae8c16e45df15b3f5a54303a8f\cap_pdb_masked_min32'.
Computing hashes of 2512 cells of `$paramod$cbc3189b30a0f0ae8c16e45df15b3f5a54303a8f\cap_pdb_masked_min32'.
Finding duplicate cells in `$paramod$cbc3189b30a0f0ae8c16e45df15b3f5a54303a8f\cap_pdb_masked_min32'.
Finding identical cells in module `\cap_pdb_parallel_compact_allocation_engine'.
Computing hashes of 1453 cells of `\cap_pdb_parallel_compact_allocation_engine'.
Finding duplicate cells in `\cap_pdb_parallel_compact_allocation_engine'.
Removed a total of 0 cells.

5.26.6. Executing OPT_DFF pass (perform DFF optimizations).

5.26.7. Executing OPT_CLEAN pass (remove unused cells and wires).
Finding unused cells or wires in module $paramod$b5bfe1d4fce40940586b6e35fec61194ae5a8fde\cap_pdb_state_wide_bank..
Finding unused cells or wires in module $paramod$cbc3189b30a0f0ae8c16e45df15b3f5a54303a8f\cap_pdb_masked_min32..
Finding unused cells or wires in module \cap_pdb_parallel_compact_allocation_engine..
Removed 12 unused cells and 9280 unused wires.
<suppressed ~15 debug messages>

5.26.8. Executing OPT_EXPR pass (perform const folding).
Optimizing module $paramod$b5bfe1d4fce40940586b6e35fec61194ae5a8fde\cap_pdb_state_wide_bank.
Optimizing module $paramod$cbc3189b30a0f0ae8c16e45df15b3f5a54303a8f\cap_pdb_masked_min32.
Optimizing module cap_pdb_parallel_compact_allocation_engine.

5.26.9. Rerunning OPT passes. (Maybe there is more to do..)

5.26.10. Executing OPT_MUXTREE pass (detect dead branches in mux trees).
Running muxtree optimizer on module $paramod$b5bfe1d4fce40940586b6e35fec61194ae5a8fde\cap_pdb_state_wide_bank..
  Creating internal representation of mux trees.
  Evaluating internal representation of mux trees.
  Analyzing evaluation results.
Running muxtree optimizer on module $paramod$cbc3189b30a0f0ae8c16e45df15b3f5a54303a8f\cap_pdb_masked_min32..
  Creating internal representation of mux trees.
  Evaluating internal representation of mux trees.
  Analyzing evaluation results.
Running muxtree optimizer on module \cap_pdb_parallel_compact_allocation_engine..
  Creating internal representation of mux trees.
  Evaluating internal representation of mux trees.
  Analyzing evaluation results.
Removed 0 multiplexer ports.
<suppressed ~409 debug messages>

5.26.11. Executing OPT_REDUCE pass (consolidate $*mux and $reduce_* inputs).
  Optimizing cells in module $paramod$b5bfe1d4fce40940586b6e35fec61194ae5a8fde\cap_pdb_state_wide_bank.
  Optimizing cells in module $paramod$cbc3189b30a0f0ae8c16e45df15b3f5a54303a8f\cap_pdb_masked_min32.
  Optimizing cells in module \cap_pdb_parallel_compact_allocation_engine.
Performed a total of 0 changes.

5.26.12. Executing OPT_MERGE pass (detect identical cells).
Finding identical cells in module `$paramod$b5bfe1d4fce40940586b6e35fec61194ae5a8fde\cap_pdb_state_wide_bank'.
Computing hashes of 5 cells of `$paramod$b5bfe1d4fce40940586b6e35fec61194ae5a8fde\cap_pdb_state_wide_bank'.
Finding duplicate cells in `$paramod$b5bfe1d4fce40940586b6e35fec61194ae5a8fde\cap_pdb_state_wide_bank'.
Finding identical cells in module `$paramod$cbc3189b30a0f0ae8c16e45df15b3f5a54303a8f\cap_pdb_masked_min32'.
Computing hashes of 2512 cells of `$paramod$cbc3189b30a0f0ae8c16e45df15b3f5a54303a8f\cap_pdb_masked_min32'.
Finding duplicate cells in `$paramod$cbc3189b30a0f0ae8c16e45df15b3f5a54303a8f\cap_pdb_masked_min32'.
Finding identical cells in module `\cap_pdb_parallel_compact_allocation_engine'.
Computing hashes of 1442 cells of `\cap_pdb_parallel_compact_allocation_engine'.
Finding duplicate cells in `\cap_pdb_parallel_compact_allocation_engine'.
Removed a total of 0 cells.

5.26.13. Executing OPT_DFF pass (perform DFF optimizations).

5.26.14. Executing OPT_CLEAN pass (remove unused cells and wires).
Finding unused cells or wires in module $paramod$b5bfe1d4fce40940586b6e35fec61194ae5a8fde\cap_pdb_state_wide_bank..
Finding unused cells or wires in module $paramod$cbc3189b30a0f0ae8c16e45df15b3f5a54303a8f\cap_pdb_masked_min32..
Finding unused cells or wires in module \cap_pdb_parallel_compact_allocation_engine..

5.26.15. Executing OPT_EXPR pass (perform const folding).
Optimizing module $paramod$b5bfe1d4fce40940586b6e35fec61194ae5a8fde\cap_pdb_state_wide_bank.
Optimizing module $paramod$cbc3189b30a0f0ae8c16e45df15b3f5a54303a8f\cap_pdb_masked_min32.
Optimizing module cap_pdb_parallel_compact_allocation_engine.

5.26.16. Finished fast OPT passes. (There is nothing left to do.)

5.27. Executing MEMORY pass.

5.27.1. Executing OPT_MEM pass (optimize memories).
Performed a total of 0 transformations.

5.27.2. Executing OPT_MEM_PRIORITY pass (removing unnecessary memory write priority relations).
Performed a total of 0 transformations.

5.27.3. Executing OPT_MEM_FEEDBACK pass (finding memory read-to-write feedback paths).

5.27.4. Executing MEMORY_BMUX2ROM pass (converting muxes to ROMs).

5.27.5. Executing MEMORY_DFF pass (merging $dff cells to $memrd).

5.27.6. Executing OPT_CLEAN pass (remove unused cells and wires).
Finding unused cells or wires in module $paramod$b5bfe1d4fce40940586b6e35fec61194ae5a8fde\cap_pdb_state_wide_bank..
Finding unused cells or wires in module $paramod$cbc3189b30a0f0ae8c16e45df15b3f5a54303a8f\cap_pdb_masked_min32..
Finding unused cells or wires in module \cap_pdb_parallel_compact_allocation_engine..

5.27.7. Executing MEMORY_SHARE pass (consolidating $memrd/$memwr cells).

5.27.8. Executing OPT_MEM_WIDEN pass (optimize memories where all ports are wide).
Performed a total of 0 transformations.

5.27.9. Executing OPT_CLEAN pass (remove unused cells and wires).
Finding unused cells or wires in module $paramod$b5bfe1d4fce40940586b6e35fec61194ae5a8fde\cap_pdb_state_wide_bank..
Finding unused cells or wires in module $paramod$cbc3189b30a0f0ae8c16e45df15b3f5a54303a8f\cap_pdb_masked_min32..
Finding unused cells or wires in module \cap_pdb_parallel_compact_allocation_engine..

5.27.10. Executing MEMORY_COLLECT pass (generating $mem cells).

5.28. Executing OPT_CLEAN pass (remove unused cells and wires).
Finding unused cells or wires in module $paramod$b5bfe1d4fce40940586b6e35fec61194ae5a8fde\cap_pdb_state_wide_bank..
Finding unused cells or wires in module $paramod$cbc3189b30a0f0ae8c16e45df15b3f5a54303a8f\cap_pdb_masked_min32..
Finding unused cells or wires in module \cap_pdb_parallel_compact_allocation_engine..

5.29. Executing MEMORY_LIBMAP pass (mapping memories to cells).
found attribute 'ram_style = block' on memory $paramod$b5bfe1d4fce40940586b6e35fec61194ae5a8fde\cap_pdb_state_wide_bank.memory, forced mapping to block RAM
mapping memory $paramod$b5bfe1d4fce40940586b6e35fec61194ae5a8fde\cap_pdb_state_wide_bank.memory via $__XILINX_BLOCKRAM_SDP_
<suppressed ~1490 debug messages>

5.30. Executing TECHMAP pass (map to technology primitives).

5.30.1. Executing Verilog-2005 frontend: /share/xilinx/lutrams_xc5v_map.v
Parsing Verilog input from `/share/xilinx/lutrams_xc5v_map.v' to AST representation.
Generating RTLIL representation for module `$__XILINX_LUTRAM_SP_'.
Generating RTLIL representation for module `$__XILINX_LUTRAM_DP_'.
Generating RTLIL representation for module `$__XILINX_LUTRAM_QP_'.
Generating RTLIL representation for module `$__XILINX_LUTRAM_OP_'.
Generating RTLIL representation for module `$__XILINX_LUTRAM_SDP_'.
Generating RTLIL representation for module `$__XILINX_LUTRAM_64X8SW_'.
Generating RTLIL representation for module `$__XILINX_LUTRAM_32X16DR8_'.
Successfully finished Verilog frontend.

5.30.2. Continuing TECHMAP pass.
No more expansions possible.
<suppressed ~9 debug messages>

5.31. Executing TECHMAP pass (map to technology primitives).

5.31.1. Executing Verilog-2005 frontend: /share/xilinx/brams_xc6v_map.v
Parsing Verilog input from `/share/xilinx/brams_xc6v_map.v' to AST representation.
Generating RTLIL representation for module `$__XILINX_BLOCKRAM_TDP_'.
Generating RTLIL representation for module `$__XILINX_BLOCKRAM_SDP_'.
Successfully finished Verilog frontend.

5.31.2. Continuing TECHMAP pass.
Using template $paramod$c1bd90735c5c5bb498202293dba419900b8a996d$__XILINX_BLOCKRAM_SDP_ for cells of type $__XILINX_BLOCKRAM_SDP_.
No more expansions possible.
<suppressed ~48 debug messages>

5.32. Executing OPT pass (performing simple optimizations).

5.32.1. Executing OPT_EXPR pass (perform const folding).
Optimizing module $paramod$b5bfe1d4fce40940586b6e35fec61194ae5a8fde\cap_pdb_state_wide_bank.
<suppressed ~3 debug messages>
Optimizing module $paramod$cbc3189b30a0f0ae8c16e45df15b3f5a54303a8f\cap_pdb_masked_min32.
Optimizing module cap_pdb_parallel_compact_allocation_engine.
<suppressed ~67 debug messages>

5.32.2. Executing OPT_MERGE pass (detect identical cells).
Finding identical cells in module `$paramod$b5bfe1d4fce40940586b6e35fec61194ae5a8fde\cap_pdb_state_wide_bank'.
Computing hashes of 15 cells of `$paramod$b5bfe1d4fce40940586b6e35fec61194ae5a8fde\cap_pdb_state_wide_bank'.
Finding duplicate cells in `$paramod$b5bfe1d4fce40940586b6e35fec61194ae5a8fde\cap_pdb_state_wide_bank'.
Finding identical cells in module `$paramod$cbc3189b30a0f0ae8c16e45df15b3f5a54303a8f\cap_pdb_masked_min32'.
Computing hashes of 2512 cells of `$paramod$cbc3189b30a0f0ae8c16e45df15b3f5a54303a8f\cap_pdb_masked_min32'.
Finding duplicate cells in `$paramod$cbc3189b30a0f0ae8c16e45df15b3f5a54303a8f\cap_pdb_masked_min32'.
Finding identical cells in module `\cap_pdb_parallel_compact_allocation_engine'.
Computing hashes of 1423 cells of `\cap_pdb_parallel_compact_allocation_engine'.
Finding duplicate cells in `\cap_pdb_parallel_compact_allocation_engine'.
Removed a total of 0 cells.

5.32.3. Executing OPT_DFF pass (perform DFF optimizations).

5.32.4. Executing OPT_CLEAN pass (remove unused cells and wires).
Finding unused cells or wires in module $paramod$b5bfe1d4fce40940586b6e35fec61194ae5a8fde\cap_pdb_state_wide_bank..
Finding unused cells or wires in module $paramod$cbc3189b30a0f0ae8c16e45df15b3f5a54303a8f\cap_pdb_masked_min32..
Finding unused cells or wires in module \cap_pdb_parallel_compact_allocation_engine..
Removed 0 unused cells and 279 unused wires.
<suppressed ~2 debug messages>

5.32.5. Finished fast OPT passes.

5.33. Executing MEMORY_MAP pass (converting memories to logic and flip-flops).

5.34. Executing OPT pass (performing simple optimizations).

5.34.1. Executing OPT_EXPR pass (perform const folding).
Optimizing module $paramod$b5bfe1d4fce40940586b6e35fec61194ae5a8fde\cap_pdb_state_wide_bank.
Optimizing module $paramod$cbc3189b30a0f0ae8c16e45df15b3f5a54303a8f\cap_pdb_masked_min32.
Optimizing module cap_pdb_parallel_compact_allocation_engine.
<suppressed ~1 debug messages>

5.34.2. Executing OPT_MERGE pass (detect identical cells).
Finding identical cells in module `$paramod$b5bfe1d4fce40940586b6e35fec61194ae5a8fde\cap_pdb_state_wide_bank'.
Computing hashes of 15 cells of `$paramod$b5bfe1d4fce40940586b6e35fec61194ae5a8fde\cap_pdb_state_wide_bank'.
Finding duplicate cells in `$paramod$b5bfe1d4fce40940586b6e35fec61194ae5a8fde\cap_pdb_state_wide_bank'.
Finding identical cells in module `$paramod$cbc3189b30a0f0ae8c16e45df15b3f5a54303a8f\cap_pdb_masked_min32'.
Computing hashes of 2512 cells of `$paramod$cbc3189b30a0f0ae8c16e45df15b3f5a54303a8f\cap_pdb_masked_min32'.
Finding duplicate cells in `$paramod$cbc3189b30a0f0ae8c16e45df15b3f5a54303a8f\cap_pdb_masked_min32'.
Finding identical cells in module `\cap_pdb_parallel_compact_allocation_engine'.
Computing hashes of 1423 cells of `\cap_pdb_parallel_compact_allocation_engine'.
Finding duplicate cells in `\cap_pdb_parallel_compact_allocation_engine'.
Computing hashes of 1422 cells of `\cap_pdb_parallel_compact_allocation_engine'.
Finding duplicate cells in `\cap_pdb_parallel_compact_allocation_engine'.
<suppressed ~3 debug messages>
Removed a total of 1 cells.

5.34.3. Executing OPT_MUXTREE pass (detect dead branches in mux trees).
Running muxtree optimizer on module $paramod$b5bfe1d4fce40940586b6e35fec61194ae5a8fde\cap_pdb_state_wide_bank..
  Creating internal representation of mux trees.
  No muxes found in this module.
Running muxtree optimizer on module $paramod$cbc3189b30a0f0ae8c16e45df15b3f5a54303a8f\cap_pdb_masked_min32..
  Creating internal representation of mux trees.
  Evaluating internal representation of mux trees.
  Analyzing evaluation results.
Running muxtree optimizer on module \cap_pdb_parallel_compact_allocation_engine..
  Creating internal representation of mux trees.
  Evaluating internal representation of mux trees.
  Analyzing evaluation results.
Removed 0 multiplexer ports.
<suppressed ~354 debug messages>

5.34.4. Executing OPT_REDUCE pass (consolidate $*mux and $reduce_* inputs).
  Optimizing cells in module $paramod$b5bfe1d4fce40940586b6e35fec61194ae5a8fde\cap_pdb_state_wide_bank.
  Optimizing cells in module $paramod$cbc3189b30a0f0ae8c16e45df15b3f5a54303a8f\cap_pdb_masked_min32.
  Optimizing cells in module \cap_pdb_parallel_compact_allocation_engine.
Performed a total of 0 changes.

5.34.5. Executing OPT_MERGE pass (detect identical cells).
Finding identical cells in module `$paramod$b5bfe1d4fce40940586b6e35fec61194ae5a8fde\cap_pdb_state_wide_bank'.
Computing hashes of 15 cells of `$paramod$b5bfe1d4fce40940586b6e35fec61194ae5a8fde\cap_pdb_state_wide_bank'.
Finding duplicate cells in `$paramod$b5bfe1d4fce40940586b6e35fec61194ae5a8fde\cap_pdb_state_wide_bank'.
Finding identical cells in module `$paramod$cbc3189b30a0f0ae8c16e45df15b3f5a54303a8f\cap_pdb_masked_min32'.
Computing hashes of 2512 cells of `$paramod$cbc3189b30a0f0ae8c16e45df15b3f5a54303a8f\cap_pdb_masked_min32'.
Finding duplicate cells in `$paramod$cbc3189b30a0f0ae8c16e45df15b3f5a54303a8f\cap_pdb_masked_min32'.
Finding identical cells in module `\cap_pdb_parallel_compact_allocation_engine'.
Computing hashes of 1422 cells of `\cap_pdb_parallel_compact_allocation_engine'.
Finding duplicate cells in `\cap_pdb_parallel_compact_allocation_engine'.
Removed a total of 0 cells.

5.34.6. Executing OPT_SHARE pass.

5.34.7. Executing OPT_DFF pass (perform DFF optimizations).

5.34.8. Executing OPT_CLEAN pass (remove unused cells and wires).
Finding unused cells or wires in module $paramod$b5bfe1d4fce40940586b6e35fec61194ae5a8fde\cap_pdb_state_wide_bank..
Finding unused cells or wires in module $paramod$cbc3189b30a0f0ae8c16e45df15b3f5a54303a8f\cap_pdb_masked_min32..
Finding unused cells or wires in module \cap_pdb_parallel_compact_allocation_engine..
Removed 0 unused cells and 1 unused wires.
<suppressed ~1 debug messages>

5.34.9. Executing OPT_EXPR pass (perform const folding).
Optimizing module $paramod$b5bfe1d4fce40940586b6e35fec61194ae5a8fde\cap_pdb_state_wide_bank.
Optimizing module $paramod$cbc3189b30a0f0ae8c16e45df15b3f5a54303a8f\cap_pdb_masked_min32.
Optimizing module cap_pdb_parallel_compact_allocation_engine.

5.34.10. Rerunning OPT passes. (Maybe there is more to do..)

5.34.11. Executing OPT_MUXTREE pass (detect dead branches in mux trees).
Running muxtree optimizer on module $paramod$b5bfe1d4fce40940586b6e35fec61194ae5a8fde\cap_pdb_state_wide_bank..
  Creating internal representation of mux trees.
  No muxes found in this module.
Running muxtree optimizer on module $paramod$cbc3189b30a0f0ae8c16e45df15b3f5a54303a8f\cap_pdb_masked_min32..
  Creating internal representation of mux trees.
  Evaluating internal representation of mux trees.
  Analyzing evaluation results.
Running muxtree optimizer on module \cap_pdb_parallel_compact_allocation_engine..
  Creating internal representation of mux trees.
  Evaluating internal representation of mux trees.
  Analyzing evaluation results.
Removed 0 multiplexer ports.
<suppressed ~354 debug messages>

5.34.12. Executing OPT_REDUCE pass (consolidate $*mux and $reduce_* inputs).
  Optimizing cells in module $paramod$b5bfe1d4fce40940586b6e35fec61194ae5a8fde\cap_pdb_state_wide_bank.
  Optimizing cells in module $paramod$cbc3189b30a0f0ae8c16e45df15b3f5a54303a8f\cap_pdb_masked_min32.
  Optimizing cells in module \cap_pdb_parallel_compact_allocation_engine.
Performed a total of 0 changes.

5.34.13. Executing OPT_MERGE pass (detect identical cells).
Finding identical cells in module `$paramod$b5bfe1d4fce40940586b6e35fec61194ae5a8fde\cap_pdb_state_wide_bank'.
Computing hashes of 15 cells of `$paramod$b5bfe1d4fce40940586b6e35fec61194ae5a8fde\cap_pdb_state_wide_bank'.
Finding duplicate cells in `$paramod$b5bfe1d4fce40940586b6e35fec61194ae5a8fde\cap_pdb_state_wide_bank'.
Finding identical cells in module `$paramod$cbc3189b30a0f0ae8c16e45df15b3f5a54303a8f\cap_pdb_masked_min32'.
Computing hashes of 2512 cells of `$paramod$cbc3189b30a0f0ae8c16e45df15b3f5a54303a8f\cap_pdb_masked_min32'.
Finding duplicate cells in `$paramod$cbc3189b30a0f0ae8c16e45df15b3f5a54303a8f\cap_pdb_masked_min32'.
Finding identical cells in module `\cap_pdb_parallel_compact_allocation_engine'.
Computing hashes of 1422 cells of `\cap_pdb_parallel_compact_allocation_engine'.
Finding duplicate cells in `\cap_pdb_parallel_compact_allocation_engine'.
Removed a total of 0 cells.

5.34.14. Executing OPT_SHARE pass.

5.34.15. Executing OPT_DFF pass (perform DFF optimizations).

5.34.16. Executing OPT_CLEAN pass (remove unused cells and wires).
Finding unused cells or wires in module $paramod$b5bfe1d4fce40940586b6e35fec61194ae5a8fde\cap_pdb_state_wide_bank..
Finding unused cells or wires in module $paramod$cbc3189b30a0f0ae8c16e45df15b3f5a54303a8f\cap_pdb_masked_min32..
Finding unused cells or wires in module \cap_pdb_parallel_compact_allocation_engine..

5.34.17. Executing OPT_EXPR pass (perform const folding).
Optimizing module $paramod$b5bfe1d4fce40940586b6e35fec61194ae5a8fde\cap_pdb_state_wide_bank.
Optimizing module $paramod$cbc3189b30a0f0ae8c16e45df15b3f5a54303a8f\cap_pdb_masked_min32.
Optimizing module cap_pdb_parallel_compact_allocation_engine.

5.34.18. Finished fast OPT passes. (There is nothing left to do.)

5.35. Executing XILINX_SRL pass (Xilinx shift register extraction).

5.36. Executing TECHMAP pass (map to technology primitives).

5.36.1. Executing Verilog-2005 frontend: /share/techmap.v
Parsing Verilog input from `/share/techmap.v' to AST representation.
Generating RTLIL representation for module `\_90_simplemap_bool_ops'.
Generating RTLIL representation for module `\_90_simplemap_reduce_ops'.
Generating RTLIL representation for module `\_90_simplemap_logic_ops'.
Generating RTLIL representation for module `\_90_simplemap_compare_ops'.
Generating RTLIL representation for module `\_90_simplemap_various'.
Generating RTLIL representation for module `\_90_simplemap_registers'.
Generating RTLIL representation for module `\_90_shift_ops_shr_shl_sshl_sshr'.
Generating RTLIL representation for module `\_90_shift_shiftx'.
Generating RTLIL representation for module `\_90_fa'.
Generating RTLIL representation for module `\_90_lcu_brent_kung'.
Generating RTLIL representation for module `\_90_alu'.
Generating RTLIL representation for module `\_90_macc'.
Generating RTLIL representation for module `\_90_alumacc'.
Generating RTLIL representation for module `$__div_mod_u'.
Generating RTLIL representation for module `$__div_mod_trunc'.
Generating RTLIL representation for module `\_90_div'.
Generating RTLIL representation for module `\_90_mod'.
Generating RTLIL representation for module `$__div_mod_floor'.
Generating RTLIL representation for module `\_90_divfloor'.
Generating RTLIL representation for module `\_90_modfloor'.
Generating RTLIL representation for module `\_90_pow'.
Generating RTLIL representation for module `\_90_demux'.
Generating RTLIL representation for module `\_90_lut'.
Generating RTLIL representation for module `$connect'.
Generating RTLIL representation for module `$input_port'.
Successfully finished Verilog frontend.

5.36.2. Executing Verilog-2005 frontend: /share/xilinx/arith_map.v
Parsing Verilog input from `/share/xilinx/arith_map.v' to AST representation.
Generating RTLIL representation for module `\_80_xilinx_lcu'.
Generating RTLIL representation for module `\_80_xilinx_alu'.
Successfully finished Verilog frontend.

5.36.3. Continuing TECHMAP pass.
Using template $paramod$817919053e360e32f1a00d067c5411f16a07f712\_80_xilinx_alu for cells of type $alu.
Using template $paramod$d735c1bd8e4aaeb55e846141d44dc1e2c1104582\_80_xilinx_alu for cells of type $alu.
Using extmapper maccmap for cells of type $macc_v2.
  add $1\final_group_minimum[15:0] (16 bits, unsigned)
  add \final_group_minimum (16 bits, unsigned)
  add $12\final_group_minimum[15:0] (16 bits, unsigned)
  add $11\final_group_minimum[15:0] (16 bits, unsigned)
  add $10\final_group_minimum[15:0] (16 bits, unsigned)
  add $9\final_group_minimum[15:0] (16 bits, unsigned)
  add $8\final_group_minimum[15:0] (16 bits, unsigned)
  add $7\final_group_minimum[15:0] (16 bits, unsigned)
  add $6\final_group_minimum[15:0] (16 bits, unsigned)
  add $5\final_group_minimum[15:0] (16 bits, unsigned)
  add $4\final_group_minimum[15:0] (16 bits, unsigned)
  add $3\final_group_minimum[15:0] (16 bits, unsigned)
  add $2\final_group_minimum[15:0] (16 bits, unsigned)
Using extmapper simplemap for cells of type $sdffe.
Using extmapper simplemap for cells of type $reduce_bool.
Using extmapper simplemap for cells of type $ne.
Using extmapper simplemap for cells of type $reduce_and.
Using extmapper simplemap for cells of type $sdff.
Using extmapper simplemap for cells of type $reduce_or.
Using extmapper simplemap for cells of type $not.
Using extmapper simplemap for cells of type $and.
Using extmapper simplemap for cells of type $eq.
Using extmapper simplemap for cells of type $logic_not.
Using extmapper simplemap for cells of type $dff.
Using extmapper simplemap for cells of type $xnor.
Using extmapper simplemap for cells of type $or.
Using template $paramod\_80_xilinx_lcu\WIDTH=s32'00000000000000000000000000000110 for cells of type $lcu.
Using extmapper simplemap for cells of type $logic_and.
Using extmapper simplemap for cells of type $mux.
Using template $paramod\_90_fa\WIDTH=32'00000000000000000000000000010000 for cells of type $fa.
Using template $paramod\_90_fa\WIDTH=32'00000000000000000000000000010001 for cells of type $fa.
Using template $paramod\_90_fa\WIDTH=32'00000000000000000000000000010010 for cells of type $fa.
Using template $paramod\_90_fa\WIDTH=32'00000000000000000000000000010011 for cells of type $fa.
Using template $paramod\_90_fa\WIDTH=32'00000000000000000000000000010100 for cells of type $fa.
Using template $paramod$ad0678f72e5eed11ec01a0c5d1190efdf3061355\_80_xilinx_alu for cells of type $alu.
Using extmapper simplemap for cells of type $pos.
Using extmapper simplemap for cells of type $xor.
No more expansions possible.
<suppressed ~4350 debug messages>

5.37. Executing OPT pass (performing simple optimizations).

5.37.1. Executing OPT_EXPR pass (perform const folding).
Optimizing module $paramod$b5bfe1d4fce40940586b6e35fec61194ae5a8fde\cap_pdb_state_wide_bank.
Optimizing module $paramod$cbc3189b30a0f0ae8c16e45df15b3f5a54303a8f\cap_pdb_masked_min32.
Optimizing module cap_pdb_parallel_compact_allocation_engine.
<suppressed ~3541 debug messages>

5.37.2. Executing OPT_MERGE pass (detect identical cells).
Finding identical cells in module `$paramod$b5bfe1d4fce40940586b6e35fec61194ae5a8fde\cap_pdb_state_wide_bank'.
Computing hashes of 15 cells of `$paramod$b5bfe1d4fce40940586b6e35fec61194ae5a8fde\cap_pdb_state_wide_bank'.
Finding duplicate cells in `$paramod$b5bfe1d4fce40940586b6e35fec61194ae5a8fde\cap_pdb_state_wide_bank'.
Finding identical cells in module `$paramod$cbc3189b30a0f0ae8c16e45df15b3f5a54303a8f\cap_pdb_masked_min32'.
Computing hashes of 3860 cells of `$paramod$cbc3189b30a0f0ae8c16e45df15b3f5a54303a8f\cap_pdb_masked_min32'.
Finding duplicate cells in `$paramod$cbc3189b30a0f0ae8c16e45df15b3f5a54303a8f\cap_pdb_masked_min32'.
Finding identical cells in module `\cap_pdb_parallel_compact_allocation_engine'.
Computing hashes of 8506 cells of `\cap_pdb_parallel_compact_allocation_engine'.
Finding duplicate cells in `\cap_pdb_parallel_compact_allocation_engine'.
Computing hashes of 8480 cells of `\cap_pdb_parallel_compact_allocation_engine'.
Finding duplicate cells in `\cap_pdb_parallel_compact_allocation_engine'.
Computing hashes of 8468 cells of `\cap_pdb_parallel_compact_allocation_engine'.
Finding duplicate cells in `\cap_pdb_parallel_compact_allocation_engine'.
<suppressed ~114 debug messages>
Removed a total of 38 cells.

5.37.3. Executing OPT_DFF pass (perform DFF optimizations).

5.37.4. Executing OPT_CLEAN pass (remove unused cells and wires).
Finding unused cells or wires in module $paramod$b5bfe1d4fce40940586b6e35fec61194ae5a8fde\cap_pdb_state_wide_bank..
Finding unused cells or wires in module $paramod$cbc3189b30a0f0ae8c16e45df15b3f5a54303a8f\cap_pdb_masked_min32..
Finding unused cells or wires in module \cap_pdb_parallel_compact_allocation_engine..
Removed 45 unused cells and 1240 unused wires.
<suppressed ~47 debug messages>

5.37.5. Finished fast OPT passes.

5.38. Executing IOPADMAP pass (mapping inputs/outputs to IO-PAD cells).
Mapping port cap_pdb_parallel_compact_allocation_engine.busy using OBUF.
Mapping port cap_pdb_parallel_compact_allocation_engine.clk using IBUF.
Mapping port cap_pdb_parallel_compact_allocation_engine.cycles using OBUF.
Mapping port cap_pdb_parallel_compact_allocation_engine.done using OBUF.
Mapping port cap_pdb_parallel_compact_allocation_engine.group_cost_sum using OBUF.
Mapping port cap_pdb_parallel_compact_allocation_engine.group_state using IBUF.
Mapping port cap_pdb_parallel_compact_allocation_engine.reachable_effects using IBUF.
Mapping port cap_pdb_parallel_compact_allocation_engine.right_weight using IBUF.
Mapping port cap_pdb_parallel_compact_allocation_engine.rst using IBUF.
Mapping port cap_pdb_parallel_compact_allocation_engine.start using IBUF.
Mapping port cap_pdb_parallel_compact_allocation_engine.table_wdata using IBUF.
Mapping port cap_pdb_parallel_compact_allocation_engine.table_we using IBUF.
Mapping port cap_pdb_parallel_compact_allocation_engine.table_wgroup using IBUF.
Mapping port cap_pdb_parallel_compact_allocation_engine.table_wrow using IBUF.
Mapping port cap_pdb_parallel_compact_allocation_engine.valid using OBUF.

5.39. Executing TECHMAP pass (map to technology primitives).

5.39.1. Executing Verilog-2005 frontend: /share/techmap.v
Parsing Verilog input from `/share/techmap.v' to AST representation.
Generating RTLIL representation for module `\_90_simplemap_bool_ops'.
Generating RTLIL representation for module `\_90_simplemap_reduce_ops'.
Generating RTLIL representation for module `\_90_simplemap_logic_ops'.
Generating RTLIL representation for module `\_90_simplemap_compare_ops'.
Generating RTLIL representation for module `\_90_simplemap_various'.
Generating RTLIL representation for module `\_90_simplemap_registers'.
Generating RTLIL representation for module `\_90_shift_ops_shr_shl_sshl_sshr'.
Generating RTLIL representation for module `\_90_shift_shiftx'.
Generating RTLIL representation for module `\_90_fa'.
Generating RTLIL representation for module `\_90_lcu_brent_kung'.
Generating RTLIL representation for module `\_90_alu'.
Generating RTLIL representation for module `\_90_macc'.
Generating RTLIL representation for module `\_90_alumacc'.
Generating RTLIL representation for module `$__div_mod_u'.
Generating RTLIL representation for module `$__div_mod_trunc'.
Generating RTLIL representation for module `\_90_div'.
Generating RTLIL representation for module `\_90_mod'.
Generating RTLIL representation for module `$__div_mod_floor'.
Generating RTLIL representation for module `\_90_divfloor'.
Generating RTLIL representation for module `\_90_modfloor'.
Generating RTLIL representation for module `\_90_pow'.
Generating RTLIL representation for module `\_90_demux'.
Generating RTLIL representation for module `\_90_lut'.
Generating RTLIL representation for module `$connect'.
Generating RTLIL representation for module `$input_port'.
Successfully finished Verilog frontend.

5.39.2. Executing Verilog-2005 frontend: /share/xilinx/cells_map.v
Parsing Verilog input from `/share/xilinx/cells_map.v' to AST representation.
Generating RTLIL representation for module `$__SHREG_'.
Generating RTLIL representation for module `$__XILINX_SHREG_'.
Generating RTLIL representation for module `$__XILINX_MUXF78'.
Successfully finished Verilog frontend.

5.39.3. Continuing TECHMAP pass.
No more expansions possible.
<suppressed ~80 debug messages>
Removed 0 unused cells and 1 unused wires.

5.40. Executing DFFLEGALIZE pass (convert FFs to types supported by the target).

5.41. Executing OPT_EXPR pass (perform const folding).
Optimizing module $paramod$b5bfe1d4fce40940586b6e35fec61194ae5a8fde\cap_pdb_state_wide_bank.
Optimizing module $paramod$cbc3189b30a0f0ae8c16e45df15b3f5a54303a8f\cap_pdb_masked_min32.
Optimizing module cap_pdb_parallel_compact_allocation_engine.

5.42. Executing ABC pass (technology mapping using ABC).

5.42.1. Extracting gate netlist of module `$paramod$b5bfe1d4fce40940586b6e35fec61194ae5a8fde\cap_pdb_state_wide_bank' to `<abc-temp-dir>/input.blif'..

5.42.1.1. Executed ABC.
Extracted 0 gates and 0 wires to a netlist network with 0 inputs and 0 outputs.
Don't call ABC as there is nothing to map.
Removing temp directory.

5.42.2. Extracting gate netlist of module `$paramod$cbc3189b30a0f0ae8c16e45df15b3f5a54303a8f\cap_pdb_masked_min32' to `<abc-temp-dir>/input.blif'..

5.42.2.1. Executed ABC.
Extracted 3798 gates and 4374 wires to a netlist network with 575 inputs and 388 outputs.
Running ABC script: <abc-temp-dir>/abc.script
ABC: ======== ABC command line "source <abc-temp-dir>/abc.script"
ABC: + read_blif <abc-temp-dir>/input.blif
ABC: + read_lut <abc-temp-dir>/lutdefs.txt
ABC: + strash
ABC: + &get -n
ABC: + &fraig -x
ABC: + &put
ABC: + scorr
ABC: Warning: The network is combinational (run "fraig" or "fraig_sweep").
ABC: + dc2
ABC: + dretime
ABC: + strash
ABC: + dch -f
ABC: + if
ABC: + mfs2
ABC: + write_blif <abc-temp-dir>/output.blif

5.42.2.2. Re-integrating ABC results.
ABC RESULTS:              $lut cells:     1137
ABC RESULTS:        internal signals:     3411
ABC RESULTS:           input signals:      575
ABC RESULTS:          output signals:      388
Removing temp directory.

5.42.3. Extracting gate netlist of module `\cap_pdb_parallel_compact_allocation_engine' to `<abc-temp-dir>/input.blif'..

5.42.3.1. Executed ABC.
Extracted 7587 gates and 9374 wires to a netlist network with 1785 inputs and 1676 outputs.
Running ABC script: <abc-temp-dir>/abc.script
ABC: ======== ABC command line "source <abc-temp-dir>/abc.script"
ABC: + read_blif <abc-temp-dir>/input.blif
ABC: + read_lut <abc-temp-dir>/lutdefs.txt
ABC: + strash
ABC: + &get -n
ABC: + &fraig -x
ABC: + &put
ABC: + scorr
ABC: Warning: The network is combinational (run "fraig" or "fraig_sweep").
ABC: + dc2
ABC: + dretime
ABC: + strash
ABC: + dch -f
ABC: + if
ABC: + mfs2
ABC: + write_blif <abc-temp-dir>/output.blif

5.42.3.2. Re-integrating ABC results.
ABC RESULTS:              $lut cells:     4263
ABC RESULTS:        internal signals:     5913
ABC RESULTS:           input signals:     1785
ABC RESULTS:          output signals:     1676
Removing temp directory.
Removing global temp directory.
Removed 0 unused cells and 6715 unused wires.

5.43. Executing TECHMAP pass (map to technology primitives).

5.43.1. Executing Verilog-2005 frontend: /share/xilinx/ff_map.v
Parsing Verilog input from `/share/xilinx/ff_map.v' to AST representation.
Generating RTLIL representation for module `$_DFFE_NP0P_'.
Generating RTLIL representation for module `$_DFFE_PP0P_'.
Generating RTLIL representation for module `$_DFFE_NP1P_'.
Generating RTLIL representation for module `$_DFFE_PP1P_'.
Generating RTLIL representation for module `$_DFFSRE_NPPP_'.
Generating RTLIL representation for module `$_DFFSRE_PPPP_'.
Generating RTLIL representation for module `$_SDFFE_NP0P_'.
Generating RTLIL representation for module `$_SDFFE_PP0P_'.
Generating RTLIL representation for module `$_SDFFE_NP1P_'.
Generating RTLIL representation for module `$_SDFFE_PP1P_'.
Generating RTLIL representation for module `$_DLATCH_NP0_'.
Generating RTLIL representation for module `$_DLATCH_PP0_'.
Generating RTLIL representation for module `$_DLATCH_NP1_'.
Generating RTLIL representation for module `$_DLATCH_PP1_'.
Generating RTLIL representation for module `$_DLATCH_NPP_'.
Generating RTLIL representation for module `$_DLATCH_PPP_'.
Successfully finished Verilog frontend.

5.43.2. Continuing TECHMAP pass.
Using template $paramod$_SDFFE_PP0P_\_TECHMAP_WIREINIT_Q_=1'x for cells of type $_SDFFE_PP0P_.
Using template $paramod$_SDFFE_PP1P_\_TECHMAP_WIREINIT_Q_=1'x for cells of type $_SDFFE_PP1P_.
No more expansions possible.
<suppressed ~710 debug messages>

5.44. Executing XILINX_SRL pass (Xilinx shift register extraction).

5.45. Executing TECHMAP pass (map to technology primitives).

5.45.1. Executing Verilog-2005 frontend: /share/xilinx/lut_map.v
Parsing Verilog input from `/share/xilinx/lut_map.v' to AST representation.
Generating RTLIL representation for module `$lut'.
Successfully finished Verilog frontend.

5.45.2. Executing Verilog-2005 frontend: /share/xilinx/cells_map.v
Parsing Verilog input from `/share/xilinx/cells_map.v' to AST representation.
Generating RTLIL representation for module `$__SHREG_'.
Generating RTLIL representation for module `$__XILINX_SHREG_'.
Generating RTLIL representation for module `$__XILINX_MUXF78'.
Successfully finished Verilog frontend.

5.45.3. Continuing TECHMAP pass.
Using template $paramod$lut\WIDTH=32'00000000000000000000000000000001\LUT=2'01 for cells of type $lut.
Using template $paramod$lut\WIDTH=32'00000000000000000000000000000010\LUT=4'1000 for cells of type $lut.
Using template $paramod$lut\WIDTH=32'00000000000000000000000000000011\LUT=8'01010011 for cells of type $lut.
Using template $paramod$lut\WIDTH=32'00000000000000000000000000000011\LUT=8'11001010 for cells of type $lut.
Using template $paramod$lut\WIDTH=32'00000000000000000000000000000011\LUT=8'00110101 for cells of type $lut.
Using template $paramod$20c5ad12ccc49d33d0222ea30b89634b120418ca$lut for cells of type $lut.
Using template $paramod$f5c5f595015aee4de78d8a59fd7b7003b8956fde$lut for cells of type $lut.
Using template $paramod$ee19d45db61acb4c70d938b97483a4ed4b792645$lut for cells of type $lut.
Using template $paramod$lut\WIDTH=32'00000000000000000000000000000011\LUT=8'00000001 for cells of type $lut.
Using template $paramod$200337237619ba4c0bed9a492562f1d1b57fb569$lut for cells of type $lut.
Using template $paramod$lut\WIDTH=32'00000000000000000000000000000011\LUT=8'00010000 for cells of type $lut.
Using template $paramod$lut\WIDTH=32'00000000000000000000000000000010\LUT=4'0001 for cells of type $lut.
Using template $paramod$9ae0f136c9ed34a2deb323e9b2a3a520eea61514$lut for cells of type $lut.
Using template $paramod$c362ad8dedc7d166ed978091aca319ab1e81a2d4$lut for cells of type $lut.
Using template $paramod$9bdc414229f06e785dc8fd97a243faa9336e164a$lut for cells of type $lut.
Using template $paramod$658b9ed803f0d3d335616d3858b53e0a2522f1e8$lut for cells of type $lut.
Using template $paramod$lut\WIDTH=32'00000000000000000000000000000011\LUT=8'10000000 for cells of type $lut.
Using template $paramod$33e58adf67c6b686a154c9ce8ebbc4b04b8cabc5$lut for cells of type $lut.
Using template $paramod$eba7de026ff587370e320127e266317dae097a89$lut for cells of type $lut.
Using template $paramod$a7dad16c080c08c1647c7e1b9706a59a123d8bcd$lut for cells of type $lut.
Using template $paramod$8adf7fbd410d2cc654c288d5be5f7508ee8809b0$lut for cells of type $lut.
Using template $paramod$3ecf9ddef4604dcf386e9244fca9c73d93eaac60$lut for cells of type $lut.
Using template $paramod$7bb6a37e65823eeb4b38c370fec30ab082759a14$lut for cells of type $lut.
Using template $paramod$9cf044275e70b6dc34d2f815a6f8ffc23f9694a0$lut for cells of type $lut.
Using template $paramod$973818279bc95792902f3c09371fd2407d04a2a5$lut for cells of type $lut.
Using template $paramod$ae9b8abdb4f811ce37985dd5106af9cd21223954$lut for cells of type $lut.
Using template $paramod$lut\WIDTH=32'00000000000000000000000000000010\LUT=4'0100 for cells of type $lut.
Using template $paramod$lut\WIDTH=32'00000000000000000000000000000010\LUT=4'0111 for cells of type $lut.
Using template $paramod$lut\WIDTH=32'00000000000000000000000000000010\LUT=4'1001 for cells of type $lut.
Using template $paramod$8b09f347504cfc0d3d65fbb4601497936543b1b3$lut for cells of type $lut.
Using template $paramod$lut\WIDTH=32'00000000000000000000000000000010\LUT=4'1011 for cells of type $lut.
Using template $paramod$e382997acd49863396d04a04c4bca07c15b0c1dd$lut for cells of type $lut.
Using template $paramod$43779580bfffd5d5a9f321249a174febf1dac288$lut for cells of type $lut.
Using template $paramod$c441dbd41fa7b52ce609b1fb3e8a706905598601$lut for cells of type $lut.
Using template $paramod$15347ed7385bf3cbbaf3dfabb41219d5252f509e$lut for cells of type $lut.
Using template $paramod$6a5c25ea40b1356bd3d6701a3f66691e9e3c4a16$lut for cells of type $lut.
Using template $paramod$9b7a1c30b041dbc3f6195b429a7d9d674450f623$lut for cells of type $lut.
Using template $paramod$cf652acbfbf67d2248e3045cd0f09c58ca55886c$lut for cells of type $lut.
Using template $paramod$ebf910d4087eb067cc21d5b758d87e5b874b2f90$lut for cells of type $lut.
Using template $paramod$4cfd2c84de5cd5544ad5453c087e6be82b2fa896$lut for cells of type $lut.
Using template $paramod$dba07f312012fa7fd7154ebb73c28f79f08648ee$lut for cells of type $lut.
Using template $paramod$0f0659ebbc5a8153aa38dd2068f32c920ad2188b$lut for cells of type $lut.
Using template $paramod$61a60fa88057a3d3849fe8c73521fa5a5e30f6fb$lut for cells of type $lut.
Using template $paramod$571404c0889eaf57f492cb5e37f8acb5df5852f9$lut for cells of type $lut.
Using template $paramod$251994398653c4cf8de320f1e306e535d5d2d624$lut for cells of type $lut.
Using template $paramod$055cca5c33be7071ea2c95c54d4ca51aff6c6dd5$lut for cells of type $lut.
Using template $paramod$61d5f9833e659b2370668b6682e0ad93b0b2100a$lut for cells of type $lut.
Using template $paramod$lut\WIDTH=32'00000000000000000000000000000011\LUT=8'00001101 for cells of type $lut.
Using template $paramod$34e4c5369e45fd857651d92213ac59cdcf3d383b$lut for cells of type $lut.
Using template $paramod$c456a64fe19e989eb763ac6534d34857c12718a4$lut for cells of type $lut.
Using template $paramod$f566830f99cc6cd86ae2ab05a8000341ee25af23$lut for cells of type $lut.
Using template $paramod$14121ddfc79b1e9d3996f60e48080fb38d5018a6$lut for cells of type $lut.
Using template $paramod$0ac02ffab4ae75b52b79dc2fa0947f9130551292$lut for cells of type $lut.
Using template $paramod$1815623b7556098951f4c2b6e61dfa384c84803e$lut for cells of type $lut.
Using template $paramod$183442abdd94c2ce880811c0f17474d28c7e1987$lut for cells of type $lut.
Using template $paramod$5ddb3e5fd362fb03262a0c3580c337ff6002b4e8$lut for cells of type $lut.
Using template $paramod$dd288559789a486d7438832e5bd9f8c547318dcd$lut for cells of type $lut.
Using template $paramod$f29797211bbc10389ded87c140730bb0ac5b18c9$lut for cells of type $lut.
Using template $paramod$1a7a480486efc550211a507b6ca42c979ebb3016$lut for cells of type $lut.
Using template $paramod$3c7334fd59cb29254446299050bdd1fc7d99952f$lut for cells of type $lut.
Using template $paramod$lut\WIDTH=32'00000000000000000000000000000011\LUT=8'10010110 for cells of type $lut.
Using template $paramod$381c3e9e62e078f6a5f7656a7fadc1074682f468$lut for cells of type $lut.
Using template $paramod$lut\WIDTH=32'00000000000000000000000000000011\LUT=8'10110010 for cells of type $lut.
Using template $paramod$9cd552b281440a2eaea0692c2f84b5233375d287$lut for cells of type $lut.
Using template $paramod$23ebc5c51572d16ec3720e55b06a82d3c49f3af3$lut for cells of type $lut.
Using template $paramod$8cf3f119651e436ed48e45999dcdec9bb3372a9f$lut for cells of type $lut.
Using template $paramod$f20dc80df3124f54af6334db8b26a8ea5d2479fb$lut for cells of type $lut.
Using template $paramod$310c87a991b0f36860093cebb55ba9ba34046100$lut for cells of type $lut.
Using template $paramod$759fefb288aec1bf12cae3223e8c59089c7fcc5c$lut for cells of type $lut.
Using template $paramod$891e76347cfefe738978394f6982e214e5561ae9$lut for cells of type $lut.
Using template $paramod$c1e150278e6cabc9e91bc72d22e1039a63c30e11$lut for cells of type $lut.
Using template $paramod$d109d40440ca8e9f4072b7969be85c7ea9f4efcb$lut for cells of type $lut.
Using template $paramod$lut\WIDTH=32'00000000000000000000000000000011\LUT=8'10101100 for cells of type $lut.
Using template $paramod$bcdebcacc8fc0d70b643c45f4d1674e885cf09ca$lut for cells of type $lut.
Using template $paramod$dd2d293c5a457c808823760e2678dc850c355143$lut for cells of type $lut.
Using template $paramod$d2ef43814113ff73f9ebc73be6b7b228fcced45d$lut for cells of type $lut.
Using template $paramod$ec8f389d3b0c4ac15bc66a5f07b2ffe4e8f89d74$lut for cells of type $lut.
Using template $paramod$2ea69c779d6c1b79ac5a87b0d1523c67d5628dba$lut for cells of type $lut.
Using template $paramod$d3d679a72bd0053380b7b9c8ed86fe894aa80b7d$lut for cells of type $lut.
Using template $paramod$bb89eb30d2ffcdff2d9896e9363bcb9a8bbb75d5$lut for cells of type $lut.
Using template $paramod$ed056783c91223396f8bbc4430a7476e3326a2b9$lut for cells of type $lut.
Using template $paramod$ad5fa4c993dc43c3e00419e69284cb50b42316d6$lut for cells of type $lut.
Using template $paramod$lut\WIDTH=32'00000000000000000000000000000011\LUT=8'11101000 for cells of type $lut.
Using template $paramod$lut\WIDTH=32'00000000000000000000000000000011\LUT=8'01101001 for cells of type $lut.
Using template $paramod$6b88af12b57ed3e6382c9c3622c40d8a00fa4883$lut for cells of type $lut.
Using template $paramod$2946b6e6cc66bf5cfe9ac4e0a688aa88d0c5957f$lut for cells of type $lut.
Using template $paramod$7df4c08fb0cde7880ba83f9b205aeb94a0e38509$lut for cells of type $lut.
Using template $paramod$8ac5b9c4d4b4eaef537ed1dd03e76eff6d261ad3$lut for cells of type $lut.
Using template $paramod$6f625205336ac6ce7b8747324becdbce1049bc9c$lut for cells of type $lut.
Using template $paramod$5964dec528c7ded1ee9f528024feacf1107270a1$lut for cells of type $lut.
Using template $paramod$1a4987da337db4cee07843b638ea12feff347983$lut for cells of type $lut.
Using template $paramod$30c13d438faae20ada8e546f8811b156a55f7100$lut for cells of type $lut.
Using template $paramod$e958aef58dea1b912260cbf486d6db37a2443a47$lut for cells of type $lut.
Using template $paramod$97921bef99b13a183291ca393cc34eff844803a9$lut for cells of type $lut.
Using template $paramod$bdec683abe8d21ee6d29d173763bff1b2684738e$lut for cells of type $lut.
Using template $paramod$lut\WIDTH=32'00000000000000000000000000000010\LUT=4'0110 for cells of type $lut.
Using template $paramod$2d96af5a2c84d5bd062fd0a0eabe5499231e7dac$lut for cells of type $lut.
Using template $paramod$c1ecd13b5e2feb77a725850b71cc8207f7841c40$lut for cells of type $lut.
Using template $paramod$c70a1903c8f8afd45929a06a1a54552d774ce785$lut for cells of type $lut.
Using template $paramod$fd904e9e35cfd343a9df248824bd3f1408724879$lut for cells of type $lut.
Using template $paramod$f05d4b8888c79762c43743d193b4196209b4613e$lut for cells of type $lut.
Using template $paramod$bd0a0d477b0e63593ddffae65183e1cc71d34de7$lut for cells of type $lut.
Using template $paramod$21a9cf1c7cffed4ea7970972274e8bcced7c7005$lut for cells of type $lut.
Using template $paramod$4282def8dbd6df3d1248ad282c629bee684502c2$lut for cells of type $lut.
Using template $paramod$9d4f6d07a25f3fd6e69e2752945cb9ddf010c2ba$lut for cells of type $lut.
Using template $paramod$b17641b2d03fb4cdb1d56e058ca49af98a587395$lut for cells of type $lut.
Using template $paramod$6a72a5afa31e9c052b13830d50b22441394e48cc$lut for cells of type $lut.
Using template $paramod$51bae83709e53c13b4b502ae8fea14a5641a26b7$lut for cells of type $lut.
Using template $paramod$77319065de5225d7596cf2a1153ae6b86c59b50c$lut for cells of type $lut.
Using template $paramod$57fd0020f714c9791c7a27db2261c41193e85962$lut for cells of type $lut.
Using template $paramod$40b53a5781d3a7d27b8891148c3684c9fa71719d$lut for cells of type $lut.
Using template $paramod$5ea586604f03ae89270aa8ded210640985dc87db$lut for cells of type $lut.
Using template $paramod$3bb60fccd8813787083fe4ba1c51c2bf9964dc14$lut for cells of type $lut.
Using template $paramod$77dc13b1a8ed1bd865492b5afa1235221533c43b$lut for cells of type $lut.
Using template $paramod$defbbf50bcfad578f02ddb444e6d9470b4ff7f3c$lut for cells of type $lut.
Using template $paramod$f4cfcbb63a0d8245775432ef124f6f579617c995$lut for cells of type $lut.
Using template $paramod$9c10ca67e660fbc0157c86e157164e1b675de305$lut for cells of type $lut.
Using template $paramod$ba8fec3c1811cf88d03e9b6103b06fb923d318e6$lut for cells of type $lut.
Using template $paramod$7860c9a893007bd7aec1fbf6fc7d224de32105d3$lut for cells of type $lut.
Using template $paramod$d5b003ea6938e1f0e6cc25ad642e0e2f43870452$lut for cells of type $lut.
Using template $paramod$dfd57607b12cbcfa0282cd45553eece614a60bf8$lut for cells of type $lut.
Using template $paramod$692927e279b3d5c42ee4aacb287247c0b34943ed$lut for cells of type $lut.
Using template $paramod$43dfafc80137da88c408b1faddcd76e9e3b82d73$lut for cells of type $lut.
Using template $paramod$6bc8ad06b28acf522cc4f45b4065c89ee9aad647$lut for cells of type $lut.
Using template $paramod$a2af08685bcbd905d6311b654564318c2214ba0b$lut for cells of type $lut.
Using template $paramod$3b75601d94336aff95d7b81ee035465c6bc5710e$lut for cells of type $lut.
Using template $paramod$a627d6cad5de2a9b5753bd223d202d48316ea4a2$lut for cells of type $lut.
Using template $paramod$e48d4852cda87663c3f53abdce0ad33742eeca8f$lut for cells of type $lut.
Using template $paramod$9b1e825f0145a1d40c30fb3a0be5fa3e860a23e3$lut for cells of type $lut.
Using template $paramod$154bc29d4d27e3ea3fb8a1218357bc909c2b5a6c$lut for cells of type $lut.
Using template $paramod$06583bed2e2ece85f7f0e69f79e39ff231db83d1$lut for cells of type $lut.
Using template $paramod$cd8bd19f22a828e9ca9dbce8251af0e68cfabf09$lut for cells of type $lut.
Using template $paramod$a159c0ff2da5d34f36f6787f671370b4bd777fdf$lut for cells of type $lut.
Using template $paramod$eee6eccfe3d92dcac07af33b1b434992adb044fd$lut for cells of type $lut.
Using template $paramod$1d70a4f9239695d913200642f4c4f845d4f794a4$lut for cells of type $lut.
Using template $paramod$162fef26d1af41d1c9a2e284a4968a0a9a312508$lut for cells of type $lut.
Using template $paramod$5f7acd58d1c2f3a0002c0112a4b3367969ec8768$lut for cells of type $lut.
Using template $paramod$bfb400b708af11c589c2dbd9dd84f569ed7ca5a1$lut for cells of type $lut.
Using template $paramod$c9fc15ca3532f589ee2a4adf0a3980825042aaf9$lut for cells of type $lut.
Using template $paramod$436da1ed4df9e383f770e19f097123d7f09097ba$lut for cells of type $lut.
Using template $paramod$1f1a15b33d612782bfc1a6aef538d832aecdd1b9$lut for cells of type $lut.
Using template $paramod$a722f0f83de4cb9b1def5d088895df3f21e85509$lut for cells of type $lut.
Using template $paramod$ea88a06962d1884df863d9765f42571fd11bcb32$lut for cells of type $lut.
Using template $paramod$d9a4cfa05abc1158b901c98727274f245bd8b1a2$lut for cells of type $lut.
Using template $paramod$2360bc47b08d6f8b0c336c027432137bdcd778a1$lut for cells of type $lut.
Using template $paramod$c4385cb6d4bb7f89c2f072295bb3e30a5d438725$lut for cells of type $lut.
Using template $paramod$eb74b335dedae809bd0f3e8ac058c7aa4a539670$lut for cells of type $lut.
Using template $paramod$302751d338f9904d284740db4fe9cee5122b9419$lut for cells of type $lut.
Using template $paramod$fefdd18314f809f1ba4e6eeb86ebedbe26c2ce45$lut for cells of type $lut.
Using template $paramod$41326ad8644342a66dfb051d050f2b6fbf15015b$lut for cells of type $lut.
Using template $paramod$d142a891b33bac736e25ae2077c7a4d88b1a883d$lut for cells of type $lut.
Using template $paramod$d2845ee2da121e591069744d16cf238f53bde61d$lut for cells of type $lut.
Using template $paramod$90588117036ea9570e86c36002ea9705f0a8f776$lut for cells of type $lut.
Using template $paramod$08b18b26eeae24f49fe8b59aa26e66cd3e302419$lut for cells of type $lut.
Using template $paramod$95913469ad661c2be2ab77afbf6f8b3f95d69ea0$lut for cells of type $lut.
Using template $paramod$ce66c2d06a26d50d879ed8a9f41c99a3a12eb958$lut for cells of type $lut.
Using template $paramod$lut\WIDTH=32'00000000000000000000000000000011\LUT=8'10010000 for cells of type $lut.
Using template $paramod$c3f119ca459967416ee835056bcc76571d275d81$lut for cells of type $lut.
Using template $paramod$d4fae2c0d9ad2966369cd4e39b81c71bcd1327c9$lut for cells of type $lut.
Using template $paramod$0c3e774de9dd361dcefc4f2747cf32a3c22f2154$lut for cells of type $lut.
Using template $paramod$622ea16b335c699fafeb68bb04a9ce4e2bdfaae0$lut for cells of type $lut.
Using template $paramod$db50504a7d27c6a27ee7333920724d29ca86f385$lut for cells of type $lut.
Using template $paramod$fea2779a6ae24794d95013e9a9a897c12474221e$lut for cells of type $lut.
Using template $paramod$b34250cf522ee25aae0479c904244ad8eb6374cc$lut for cells of type $lut.
Using template $paramod$30828bd0296dc776d04e807f9570f839f8c1212e$lut for cells of type $lut.
Using template $paramod$2c67814f601655eca5f6ffd9555e719b198943e4$lut for cells of type $lut.
No more expansions possible.
<suppressed ~8036 debug messages>

5.46. Executing XILINX_DFFOPT pass (optimize FF control signal usage).
Optimizing FFs in $paramod$b5bfe1d4fce40940586b6e35fec61194ae5a8fde\cap_pdb_state_wide_bank.
Optimizing FFs in $paramod$cbc3189b30a0f0ae8c16e45df15b3f5a54303a8f\cap_pdb_masked_min32.
Optimizing FFs in cap_pdb_parallel_compact_allocation_engine.
  Merging D + CE LUTs for $auto$ff.cc:337:slice$6398/group_minimum[9] (2 -> 5)
  Merging D + CE LUTs for $auto$ff.cc:337:slice$6705/remaining[5] (3 -> 6)
  Merging D + CE LUTs for $auto$ff.cc:337:slice$6704/remaining[5] (3 -> 6)
  Merging D + CE LUTs for $auto$ff.cc:337:slice$6703/remaining[5] (3 -> 6)
  Merging D + CE LUTs for $auto$ff.cc:337:slice$6702/remaining[5] (3 -> 6)
  Merging D + CE LUTs for $auto$ff.cc:337:slice$6701/remaining[5] (4 -> 6)
  Merging D + CE LUTs for $auto$ff.cc:337:slice$6700/remaining[5] (3 -> 6)
  Merging D + CE LUTs for $auto$ff.cc:337:slice$6699/remaining[5] (3 -> 6)
  Merging D + CE LUTs for $auto$ff.cc:337:slice$6698/remaining[5] (4 -> 6)
  Merging D + CE LUTs for $auto$ff.cc:337:slice$6697/remaining[5] (3 -> 6)
  Merging D + CE LUTs for $auto$ff.cc:337:slice$6696/remaining[5] (4 -> 6)
  Merging D + CE LUTs for $auto$ff.cc:337:slice$6695/remaining[5] (3 -> 6)
  Merging D + CE LUTs for $auto$ff.cc:337:slice$6694/remaining[5] (4 -> 6)
  Merging D + CE LUTs for $auto$ff.cc:337:slice$6693/remaining[5] (3 -> 6)
  Merging D + CE LUTs for $auto$ff.cc:337:slice$6692/remaining[5] (4 -> 6)
  Merging D + CE LUTs for $auto$ff.cc:337:slice$6691/remaining[5] (4 -> 6)
  Merging D + CE LUTs for $auto$ff.cc:337:slice$6690/remaining[5] (4 -> 6)
  Merging D + CE LUTs for $auto$ff.cc:337:slice$6689/remaining[5] (3 -> 6)
  Merging D + CE LUTs for $auto$ff.cc:337:slice$6688/remaining[5] (3 -> 6)
  Merging D + CE LUTs for $auto$ff.cc:337:slice$6687/remaining[5] (3 -> 6)
  Merging D + CE LUTs for $auto$ff.cc:337:slice$6685/remaining[6] (3 -> 6)
  Merging D + CE LUTs for $auto$ff.cc:337:slice$6684/remaining[6] (4 -> 6)
  Merging D + CE LUTs for $auto$ff.cc:337:slice$6683/remaining[6] (4 -> 6)
  Merging D + CE LUTs for $auto$ff.cc:337:slice$6682/remaining[6] (3 -> 6)
  Merging D + CE LUTs for $auto$ff.cc:337:slice$6681/remaining[6] (3 -> 6)
  Merging D + CE LUTs for $auto$ff.cc:337:slice$6680/remaining[6] (4 -> 6)
  Merging D + CE LUTs for $auto$ff.cc:337:slice$6679/remaining[6] (3 -> 6)
  Merging D + CE LUTs for $auto$ff.cc:337:slice$6678/remaining[6] (4 -> 6)
  Merging D + CE LUTs for $auto$ff.cc:337:slice$6677/remaining[6] (4 -> 6)
  Merging D + CE LUTs for $auto$ff.cc:337:slice$6676/remaining[6] (3 -> 6)
  Merging D + CE LUTs for $auto$ff.cc:337:slice$6675/remaining[6] (4 -> 6)
  Merging D + CE LUTs for $auto$ff.cc:337:slice$6674/remaining[6] (4 -> 6)
  Merging D + CE LUTs for $auto$ff.cc:337:slice$6673/remaining[6] (4 -> 6)
  Merging D + CE LUTs for $auto$ff.cc:337:slice$6672/remaining[6] (3 -> 6)
  Merging D + CE LUTs for $auto$ff.cc:337:slice$6671/remaining[6] (3 -> 6)
  Merging D + CE LUTs for $auto$ff.cc:337:slice$6670/remaining[6] (3 -> 6)
  Merging D + CE LUTs for $auto$ff.cc:337:slice$6669/remaining[6] (3 -> 6)
  Merging D + CE LUTs for $auto$ff.cc:337:slice$6668/remaining[6] (4 -> 6)
  Merging D + CE LUTs for $auto$ff.cc:337:slice$6667/remaining[6] (4 -> 6)
  Merging D + CE LUTs for $auto$ff.cc:337:slice$6666/remaining[6] (4 -> 6)
  Merging D + CE LUTs for $auto$ff.cc:337:slice$6665/remaining[6] (4 -> 6)
  Merging D + CE LUTs for $auto$ff.cc:337:slice$6664/remaining[6] (3 -> 6)
  Merging D + CE LUTs for $auto$ff.cc:337:slice$6663/remaining[6] (3 -> 6)
  Merging D + CE LUTs for $auto$ff.cc:337:slice$6662/remaining[6] (4 -> 6)
  Merging D + CE LUTs for $auto$ff.cc:337:slice$6661/remaining[6] (4 -> 6)
  Merging D + CE LUTs for $auto$ff.cc:337:slice$6660/remaining[6] (4 -> 6)
  Merging D + CE LUTs for $auto$ff.cc:337:slice$6659/remaining[6] (4 -> 6)
  Merging D + CE LUTs for $auto$ff.cc:337:slice$6658/remaining[6] (3 -> 6)
  Merging D + CE LUTs for $auto$ff.cc:337:slice$6657/remaining[6] (4 -> 6)
  Merging D + CE LUTs for $auto$ff.cc:337:slice$6656/remaining[6] (4 -> 6)
  Merging D + CE LUTs for $auto$ff.cc:337:slice$6655/remaining[6] (4 -> 6)
  Merging D + CE LUTs for $auto$ff.cc:337:slice$6653/remaining[7] (3 -> 6)
  Merging D + CE LUTs for $auto$ff.cc:337:slice$6652/remaining[7] (4 -> 6)
  Merging D + CE LUTs for $auto$ff.cc:337:slice$6651/remaining[7] (4 -> 6)
  Merging D + CE LUTs for $auto$ff.cc:337:slice$6650/remaining[7] (4 -> 6)
  Merging D + CE LUTs for $auto$ff.cc:337:slice$6649/remaining[7] (3 -> 6)
  Merging D + CE LUTs for $auto$ff.cc:337:slice$6648/remaining[7] (4 -> 6)
  Merging D + CE LUTs for $auto$ff.cc:337:slice$6647/remaining[7] (4 -> 6)
  Merging D + CE LUTs for $auto$ff.cc:337:slice$6646/remaining[7] (3 -> 6)
  Merging D + CE LUTs for $auto$ff.cc:337:slice$6645/remaining[7] (4 -> 6)
  Merging D + CE LUTs for $auto$ff.cc:337:slice$6644/remaining[7] (4 -> 6)
  Merging D + CE LUTs for $auto$ff.cc:337:slice$6643/remaining[7] (3 -> 6)
  Merging D + CE LUTs for $auto$ff.cc:337:slice$6642/remaining[7] (4 -> 6)
  Merging D + CE LUTs for $auto$ff.cc:337:slice$6641/remaining[7] (3 -> 6)
  Merging D + CE LUTs for $auto$ff.cc:337:slice$6640/remaining[7] (4 -> 6)
  Merging D + CE LUTs for $auto$ff.cc:337:slice$6639/remaining[7] (4 -> 6)
  Merging D + CE LUTs for $auto$ff.cc:337:slice$6638/remaining[7] (3 -> 6)
  Merging D + CE LUTs for $auto$ff.cc:337:slice$6637/remaining[7] (4 -> 6)
  Merging D + CE LUTs for $auto$ff.cc:337:slice$6636/remaining[7] (4 -> 6)
  Merging D + CE LUTs for $auto$ff.cc:337:slice$6635/remaining[7] (4 -> 6)
  Merging D + CE LUTs for $auto$ff.cc:337:slice$6634/remaining[7] (3 -> 6)
  Merging D + CE LUTs for $auto$ff.cc:337:slice$6633/remaining[7] (4 -> 6)
  Merging D + CE LUTs for $auto$ff.cc:337:slice$6632/remaining[7] (4 -> 6)
  Merging D + CE LUTs for $auto$ff.cc:337:slice$6631/remaining[7] (4 -> 6)
  Merging D + CE LUTs for $auto$ff.cc:337:slice$6630/remaining[7] (3 -> 6)
  Merging D + CE LUTs for $auto$ff.cc:337:slice$6629/remaining[7] (3 -> 6)
  Merging D + CE LUTs for $auto$ff.cc:337:slice$6628/remaining[7] (3 -> 6)
  Merging D + CE LUTs for $auto$ff.cc:337:slice$6627/remaining[7] (4 -> 6)
  Merging D + CE LUTs for $auto$ff.cc:337:slice$6626/remaining[7] (4 -> 6)
  Merging D + CE LUTs for $auto$ff.cc:337:slice$6625/remaining[7] (3 -> 6)
  Merging D + CE LUTs for $auto$ff.cc:337:slice$6624/remaining[7] (4 -> 6)
  Merging D + CE LUTs for $auto$ff.cc:337:slice$6623/remaining[7] (4 -> 6)
  Merging D + CE LUTs for $auto$ff.cc:337:slice$6621/remaining[8] (4 -> 6)
  Merging D + CE LUTs for $auto$ff.cc:337:slice$6620/remaining[8] (4 -> 6)
  Merging D + CE LUTs for $auto$ff.cc:337:slice$6619/remaining[8] (3 -> 6)
  Merging D + CE LUTs for $auto$ff.cc:337:slice$6618/remaining[8] (3 -> 6)
  Merging D + CE LUTs for $auto$ff.cc:337:slice$6617/remaining[8] (3 -> 6)
  Merging D + CE LUTs for $auto$ff.cc:337:slice$6616/remaining[8] (3 -> 6)
  Merging D + CE LUTs for $auto$ff.cc:337:slice$6615/remaining[8] (3 -> 6)
  Merging D + CE LUTs for $auto$ff.cc:337:slice$6614/remaining[8] (4 -> 6)
  Merging D + CE LUTs for $auto$ff.cc:337:slice$6613/remaining[8] (4 -> 6)
  Merging D + CE LUTs for $auto$ff.cc:337:slice$6612/remaining[8] (4 -> 6)
  Merging D + CE LUTs for $auto$ff.cc:337:slice$6611/remaining[8] (4 -> 6)
  Merging D + CE LUTs for $auto$ff.cc:337:slice$6610/remaining[8] (4 -> 6)
  Merging D + CE LUTs for $auto$ff.cc:337:slice$6609/remaining[8] (4 -> 6)
  Merging D + CE LUTs for $auto$ff.cc:337:slice$6608/remaining[8] (3 -> 6)
  Merging D + CE LUTs for $auto$ff.cc:337:slice$6607/remaining[8] (4 -> 6)
  Merging D + CE LUTs for $auto$ff.cc:337:slice$6606/remaining[8] (4 -> 6)
  Merging D + CE LUTs for $auto$ff.cc:337:slice$6605/remaining[8] (3 -> 6)
  Merging D + CE LUTs for $auto$ff.cc:337:slice$6604/remaining[8] (3 -> 6)
  Merging D + CE LUTs for $auto$ff.cc:337:slice$6603/remaining[8] (3 -> 6)
  Merging D + CE LUTs for $auto$ff.cc:337:slice$6602/remaining[8] (3 -> 6)
  Merging D + CE LUTs for $auto$ff.cc:337:slice$6601/remaining[8] (4 -> 6)
  Merging D + CE LUTs for $auto$ff.cc:337:slice$6600/remaining[8] (3 -> 6)
  Merging D + CE LUTs for $auto$ff.cc:337:slice$6599/remaining[8] (3 -> 6)
  Merging D + CE LUTs for $auto$ff.cc:337:slice$6598/remaining[8] (3 -> 6)
  Merging D + CE LUTs for $auto$ff.cc:337:slice$6597/remaining[8] (3 -> 6)
  Merging D + CE LUTs for $auto$ff.cc:337:slice$6596/remaining[8] (3 -> 6)
  Merging D + CE LUTs for $auto$ff.cc:337:slice$6595/remaining[8] (3 -> 6)
  Merging D + CE LUTs for $auto$ff.cc:337:slice$6594/remaining[8] (4 -> 6)
  Merging D + CE LUTs for $auto$ff.cc:337:slice$6593/remaining[8] (3 -> 6)
  Merging D + CE LUTs for $auto$ff.cc:337:slice$6592/remaining[8] (4 -> 6)
  Merging D + CE LUTs for $auto$ff.cc:337:slice$6591/remaining[8] (3 -> 6)
  Merging D + CE LUTs for $auto$ff.cc:337:slice$6589/remaining[9] (3 -> 6)
  Merging D + CE LUTs for $auto$ff.cc:337:slice$6588/remaining[9] (3 -> 6)
  Merging D + CE LUTs for $auto$ff.cc:337:slice$6587/remaining[9] (3 -> 6)
  Merging D + CE LUTs for $auto$ff.cc:337:slice$6586/remaining[9] (4 -> 6)
  Merging D + CE LUTs for $auto$ff.cc:337:slice$6585/remaining[9] (4 -> 6)
  Merging D + CE LUTs for $auto$ff.cc:337:slice$6584/remaining[9] (4 -> 6)
  Merging D + CE LUTs for $auto$ff.cc:337:slice$6583/remaining[9] (4 -> 6)
  Merging D + CE LUTs for $auto$ff.cc:337:slice$6582/remaining[9] (4 -> 6)
  Merging D + CE LUTs for $auto$ff.cc:337:slice$6581/remaining[9] (3 -> 6)
  Merging D + CE LUTs for $auto$ff.cc:337:slice$6580/remaining[9] (3 -> 6)
  Merging D + CE LUTs for $auto$ff.cc:337:slice$6579/remaining[9] (4 -> 6)
  Merging D + CE LUTs for $auto$ff.cc:337:slice$6578/remaining[9] (3 -> 6)
  Merging D + CE LUTs for $auto$ff.cc:337:slice$6577/remaining[9] (3 -> 6)
  Merging D + CE LUTs for $auto$ff.cc:337:slice$6576/remaining[9] (4 -> 6)
  Merging D + CE LUTs for $auto$ff.cc:337:slice$6575/remaining[9] (3 -> 6)
  Merging D + CE LUTs for $auto$ff.cc:337:slice$6574/remaining[9] (3 -> 6)
  Merging D + CE LUTs for $auto$ff.cc:337:slice$6573/remaining[9] (3 -> 6)
  Merging D + CE LUTs for $auto$ff.cc:337:slice$6572/remaining[9] (4 -> 6)
  Merging D + CE LUTs for $auto$ff.cc:337:slice$6571/remaining[9] (3 -> 6)
  Merging D + CE LUTs for $auto$ff.cc:337:slice$6570/remaining[9] (3 -> 6)
  Merging D + CE LUTs for $auto$ff.cc:337:slice$6569/remaining[9] (3 -> 6)
  Merging D + CE LUTs for $auto$ff.cc:337:slice$6568/remaining[9] (4 -> 6)
  Merging D + CE LUTs for $auto$ff.cc:337:slice$6567/remaining[9] (3 -> 6)
  Merging D + CE LUTs for $auto$ff.cc:337:slice$6566/remaining[9] (3 -> 6)
  Merging D + CE LUTs for $auto$ff.cc:337:slice$6565/remaining[9] (3 -> 6)
  Merging D + CE LUTs for $auto$ff.cc:337:slice$6564/remaining[9] (4 -> 6)
  Merging D + CE LUTs for $auto$ff.cc:337:slice$6563/remaining[9] (3 -> 6)
  Merging D + CE LUTs for $auto$ff.cc:337:slice$6562/remaining[9] (4 -> 6)
  Merging D + CE LUTs for $auto$ff.cc:337:slice$6561/remaining[9] (4 -> 6)
  Merging D + CE LUTs for $auto$ff.cc:337:slice$6560/remaining[9] (4 -> 6)
  Merging D + CE LUTs for $auto$ff.cc:337:slice$6559/remaining[9] (4 -> 6)
  Merging D + CE LUTs for $auto$ff.cc:337:slice$6557/remaining[10] (4 -> 6)
  Merging D + CE LUTs for $auto$ff.cc:337:slice$6556/remaining[10] (4 -> 6)
  Merging D + CE LUTs for $auto$ff.cc:337:slice$6555/remaining[10] (4 -> 6)
  Merging D + CE LUTs for $auto$ff.cc:337:slice$6554/remaining[10] (3 -> 6)
  Merging D + CE LUTs for $auto$ff.cc:337:slice$6553/remaining[10] (3 -> 6)
  Merging D + CE LUTs for $auto$ff.cc:337:slice$6552/remaining[10] (3 -> 6)
  Merging D + CE LUTs for $auto$ff.cc:337:slice$6551/remaining[10] (3 -> 6)
  Merging D + CE LUTs for $auto$ff.cc:337:slice$6550/remaining[10] (4 -> 6)
  Merging D + CE LUTs for $auto$ff.cc:337:slice$6549/remaining[10] (3 -> 6)
  Merging D + CE LUTs for $auto$ff.cc:337:slice$6548/remaining[10] (4 -> 6)
  Merging D + CE LUTs for $auto$ff.cc:337:slice$6547/remaining[10] (4 -> 6)
  Merging D + CE LUTs for $auto$ff.cc:337:slice$6546/remaining[10] (4 -> 6)
  Merging D + CE LUTs for $auto$ff.cc:337:slice$6545/remaining[10] (4 -> 6)
  Merging D + CE LUTs for $auto$ff.cc:337:slice$6544/remaining[10] (3 -> 6)
  Merging D + CE LUTs for $auto$ff.cc:337:slice$6543/remaining[10] (3 -> 6)
  Merging D + CE LUTs for $auto$ff.cc:337:slice$6542/remaining[10] (4 -> 6)
  Merging D + CE LUTs for $auto$ff.cc:337:slice$6541/remaining[10] (4 -> 6)
  Merging D + CE LUTs for $auto$ff.cc:337:slice$6540/remaining[10] (3 -> 6)
  Merging D + CE LUTs for $auto$ff.cc:337:slice$6539/remaining[10] (4 -> 6)
  Merging D + CE LUTs for $auto$ff.cc:337:slice$6538/remaining[10] (4 -> 6)
  Merging D + CE LUTs for $auto$ff.cc:337:slice$6537/remaining[10] (3 -> 6)
  Merging D + CE LUTs for $auto$ff.cc:337:slice$6536/remaining[10] (4 -> 6)
  Merging D + CE LUTs for $auto$ff.cc:337:slice$6535/remaining[10] (3 -> 6)
  Merging D + CE LUTs for $auto$ff.cc:337:slice$6534/remaining[10] (4 -> 6)
  Merging D + CE LUTs for $auto$ff.cc:337:slice$6533/remaining[10] (3 -> 6)
  Merging D + CE LUTs for $auto$ff.cc:337:slice$6532/remaining[10] (4 -> 6)
  Merging D + CE LUTs for $auto$ff.cc:337:slice$6531/remaining[10] (4 -> 6)
  Merging D + CE LUTs for $auto$ff.cc:337:slice$6530/remaining[10] (3 -> 6)
  Merging D + CE LUTs for $auto$ff.cc:337:slice$6529/remaining[10] (3 -> 6)
  Merging D + CE LUTs for $auto$ff.cc:337:slice$6528/remaining[10] (4 -> 6)
  Merging D + CE LUTs for $auto$ff.cc:337:slice$6527/remaining[10] (3 -> 6)
  Merging D + CE LUTs for $auto$ff.cc:337:slice$6525/remaining[11] (3 -> 6)
  Merging D + CE LUTs for $auto$ff.cc:337:slice$6524/remaining[11] (3 -> 6)
  Merging D + CE LUTs for $auto$ff.cc:337:slice$6523/remaining[11] (4 -> 6)
  Merging D + CE LUTs for $auto$ff.cc:337:slice$6522/remaining[11] (4 -> 6)
  Merging D + CE LUTs for $auto$ff.cc:337:slice$6521/remaining[11] (3 -> 6)
  Merging D + CE LUTs for $auto$ff.cc:337:slice$6520/remaining[11] (3 -> 6)
  Merging D + CE LUTs for $auto$ff.cc:337:slice$6519/remaining[11] (4 -> 6)
  Merging D + CE LUTs for $auto$ff.cc:337:slice$6518/remaining[11] (3 -> 6)
  Merging D + CE LUTs for $auto$ff.cc:337:slice$6517/remaining[11] (3 -> 6)
  Merging D + CE LUTs for $auto$ff.cc:337:slice$6516/remaining[11] (3 -> 6)
  Merging D + CE LUTs for $auto$ff.cc:337:slice$6515/remaining[11] (3 -> 6)
  Merging D + CE LUTs for $auto$ff.cc:337:slice$6514/remaining[11] (3 -> 6)
  Merging D + CE LUTs for $auto$ff.cc:337:slice$6513/remaining[11] (4 -> 6)
  Merging D + CE LUTs for $auto$ff.cc:337:slice$6512/remaining[11] (4 -> 6)
  Merging D + CE LUTs for $auto$ff.cc:337:slice$6511/remaining[11] (3 -> 6)
  Merging D + CE LUTs for $auto$ff.cc:337:slice$6510/remaining[11] (3 -> 6)
  Merging D + CE LUTs for $auto$ff.cc:337:slice$6509/remaining[11] (4 -> 6)
  Merging D + CE LUTs for $auto$ff.cc:337:slice$6508/remaining[11] (3 -> 6)
  Merging D + CE LUTs for $auto$ff.cc:337:slice$6507/remaining[11] (3 -> 6)
  Merging D + CE LUTs for $auto$ff.cc:337:slice$6506/remaining[11] (4 -> 6)
  Merging D + CE LUTs for $auto$ff.cc:337:slice$6505/remaining[11] (3 -> 6)
  Merging D + CE LUTs for $auto$ff.cc:337:slice$6504/remaining[11] (3 -> 6)
  Merging D + CE LUTs for $auto$ff.cc:337:slice$6503/remaining[11] (3 -> 6)
  Merging D + CE LUTs for $auto$ff.cc:337:slice$6502/remaining[11] (3 -> 6)
  Merging D + CE LUTs for $auto$ff.cc:337:slice$6501/remaining[11] (4 -> 6)
  Merging D + CE LUTs for $auto$ff.cc:337:slice$6500/remaining[11] (3 -> 6)
  Merging D + CE LUTs for $auto$ff.cc:337:slice$6499/remaining[11] (3 -> 6)
  Merging D + CE LUTs for $auto$ff.cc:337:slice$6498/remaining[11] (3 -> 6)
  Merging D + CE LUTs for $auto$ff.cc:337:slice$6497/remaining[11] (3 -> 6)
  Merging D + CE LUTs for $auto$ff.cc:337:slice$6496/remaining[11] (4 -> 6)
  Merging D + CE LUTs for $auto$ff.cc:337:slice$6495/remaining[11] (4 -> 6)
  Merging D + CE LUTs for $auto$ff.cc:337:slice$6493/remaining[12] (4 -> 6)
  Merging D + CE LUTs for $auto$ff.cc:337:slice$6492/remaining[12] (3 -> 6)
  Merging D + CE LUTs for $auto$ff.cc:337:slice$6491/remaining[12] (3 -> 6)
  Merging D + CE LUTs for $auto$ff.cc:337:slice$6490/remaining[12] (4 -> 6)
  Merging D + CE LUTs for $auto$ff.cc:337:slice$6489/remaining[12] (3 -> 6)
  Merging D + CE LUTs for $auto$ff.cc:337:slice$6488/remaining[12] (4 -> 6)
  Merging D + CE LUTs for $auto$ff.cc:337:slice$6487/remaining[12] (4 -> 6)
  Merging D + CE LUTs for $auto$ff.cc:337:slice$6486/remaining[12] (4 -> 6)
  Merging D + CE LUTs for $auto$ff.cc:337:slice$6485/remaining[12] (3 -> 6)
  Merging D + CE LUTs for $auto$ff.cc:337:slice$6484/remaining[12] (4 -> 6)
  Merging D + CE LUTs for $auto$ff.cc:337:slice$6483/remaining[12] (3 -> 6)
  Merging D + CE LUTs for $auto$ff.cc:337:slice$6482/remaining[12] (3 -> 6)
  Merging D + CE LUTs for $auto$ff.cc:337:slice$6481/remaining[12] (3 -> 6)
  Merging D + CE LUTs for $auto$ff.cc:337:slice$6480/remaining[12] (3 -> 6)
  Merging D + CE LUTs for $auto$ff.cc:337:slice$6479/remaining[12] (4 -> 6)
  Merging D + CE LUTs for $auto$ff.cc:337:slice$6478/remaining[12] (3 -> 6)
  Merging D + CE LUTs for $auto$ff.cc:337:slice$6477/remaining[12] (3 -> 6)
  Merging D + CE LUTs for $auto$ff.cc:337:slice$6476/remaining[12] (4 -> 6)
  Merging D + CE LUTs for $auto$ff.cc:337:slice$6475/remaining[12] (3 -> 6)
  Merging D + CE LUTs for $auto$ff.cc:337:slice$6474/remaining[12] (4 -> 6)
  Merging D + CE LUTs for $auto$ff.cc:337:slice$6473/remaining[12] (4 -> 6)
  Merging D + CE LUTs for $auto$ff.cc:337:slice$6472/remaining[12] (3 -> 6)
  Merging D + CE LUTs for $auto$ff.cc:337:slice$6471/remaining[12] (3 -> 6)
  Merging D + CE LUTs for $auto$ff.cc:337:slice$6470/remaining[12] (4 -> 6)
  Merging D + CE LUTs for $auto$ff.cc:337:slice$6469/remaining[12] (3 -> 6)
  Merging D + CE LUTs for $auto$ff.cc:337:slice$6468/remaining[12] (3 -> 6)
  Merging D + CE LUTs for $auto$ff.cc:337:slice$6467/remaining[12] (4 -> 6)
  Merging D + CE LUTs for $auto$ff.cc:337:slice$6466/remaining[12] (3 -> 6)
  Merging D + CE LUTs for $auto$ff.cc:337:slice$6465/remaining[12] (4 -> 6)
  Merging D + CE LUTs for $auto$ff.cc:337:slice$6464/remaining[12] (3 -> 6)
  Merging D + CE LUTs for $auto$ff.cc:337:slice$6463/remaining[12] (3 -> 6)
  Merging D + CE LUTs for $auto$ff.cc:337:slice$6461/group_minimum[6] (2 -> 5)
  Merging D + CE LUTs for $auto$ff.cc:337:slice$6460/group_minimum[6] (2 -> 5)
  Merging D + CE LUTs for $auto$ff.cc:337:slice$6459/group_minimum[6] (2 -> 5)
  Merging D + CE LUTs for $auto$ff.cc:337:slice$6458/group_minimum[6] (2 -> 5)
  Merging D + CE LUTs for $auto$ff.cc:337:slice$6457/group_minimum[6] (2 -> 5)
  Merging D + CE LUTs for $auto$ff.cc:337:slice$6456/group_minimum[6] (2 -> 5)
  Merging D + CE LUTs for $auto$ff.cc:337:slice$6455/group_minimum[6] (2 -> 5)
  Merging D + CE LUTs for $auto$ff.cc:337:slice$6454/group_minimum[6] (2 -> 5)
  Merging D + CE LUTs for $auto$ff.cc:337:slice$6453/group_minimum[6] (2 -> 5)
  Merging D + CE LUTs for $auto$ff.cc:337:slice$6452/group_minimum[6] (2 -> 5)
  Merging D + CE LUTs for $auto$ff.cc:337:slice$6451/group_minimum[6] (2 -> 5)
  Merging D + CE LUTs for $auto$ff.cc:337:slice$6450/group_minimum[6] (2 -> 5)
  Merging D + CE LUTs for $auto$ff.cc:337:slice$6449/group_minimum[6] (2 -> 5)
  Merging D + CE LUTs for $auto$ff.cc:337:slice$6448/group_minimum[6] (2 -> 5)
  Merging D + CE LUTs for $auto$ff.cc:337:slice$6447/group_minimum[6] (2 -> 5)
  Merging D + CE LUTs for $auto$ff.cc:337:slice$6445/group_minimum[7] (2 -> 5)
  Merging D + CE LUTs for $auto$ff.cc:337:slice$6444/group_minimum[7] (2 -> 5)
  Merging D + CE LUTs for $auto$ff.cc:337:slice$6443/group_minimum[7] (2 -> 5)
  Merging D + CE LUTs for $auto$ff.cc:337:slice$6442/group_minimum[7] (2 -> 5)
  Merging D + CE LUTs for $auto$ff.cc:337:slice$6441/group_minimum[7] (2 -> 5)
  Merging D + CE LUTs for $auto$ff.cc:337:slice$6440/group_minimum[7] (2 -> 5)
  Merging D + CE LUTs for $auto$ff.cc:337:slice$6439/group_minimum[7] (2 -> 5)
  Merging D + CE LUTs for $auto$ff.cc:337:slice$6438/group_minimum[7] (2 -> 5)
  Merging D + CE LUTs for $auto$ff.cc:337:slice$6437/group_minimum[7] (2 -> 5)
  Merging D + CE LUTs for $auto$ff.cc:337:slice$6436/group_minimum[7] (2 -> 5)
  Merging D + CE LUTs for $auto$ff.cc:337:slice$6435/group_minimum[7] (2 -> 5)
  Merging D + CE LUTs for $auto$ff.cc:337:slice$6434/group_minimum[7] (2 -> 5)
  Merging D + CE LUTs for $auto$ff.cc:337:slice$6433/group_minimum[7] (2 -> 5)
  Merging D + CE LUTs for $auto$ff.cc:337:slice$6432/group_minimum[7] (2 -> 5)
  Merging D + CE LUTs for $auto$ff.cc:337:slice$6431/group_minimum[7] (2 -> 5)
  Merging D + CE LUTs for $auto$ff.cc:337:slice$6429/group_minimum[8] (2 -> 5)
  Merging D + CE LUTs for $auto$ff.cc:337:slice$6428/group_minimum[8] (2 -> 5)
  Merging D + CE LUTs for $auto$ff.cc:337:slice$6427/group_minimum[8] (2 -> 5)
  Merging D + CE LUTs for $auto$ff.cc:337:slice$6426/group_minimum[8] (2 -> 5)
  Merging D + CE LUTs for $auto$ff.cc:337:slice$6425/group_minimum[8] (2 -> 5)
  Merging D + CE LUTs for $auto$ff.cc:337:slice$6424/group_minimum[8] (2 -> 5)
  Merging D + CE LUTs for $auto$ff.cc:337:slice$6423/group_minimum[8] (2 -> 5)
  Merging D + CE LUTs for $auto$ff.cc:337:slice$6422/group_minimum[8] (2 -> 5)
  Merging D + CE LUTs for $auto$ff.cc:337:slice$6421/group_minimum[8] (2 -> 5)
  Merging D + CE LUTs for $auto$ff.cc:337:slice$6420/group_minimum[8] (2 -> 5)
  Merging D + CE LUTs for $auto$ff.cc:337:slice$6419/group_minimum[8] (2 -> 5)
  Merging D + CE LUTs for $auto$ff.cc:337:slice$6418/group_minimum[8] (2 -> 5)
  Merging D + CE LUTs for $auto$ff.cc:337:slice$6417/group_minimum[8] (2 -> 5)
  Merging D + CE LUTs for $auto$ff.cc:337:slice$6416/group_minimum[8] (2 -> 5)
  Merging D + CE LUTs for $auto$ff.cc:337:slice$6415/group_minimum[8] (2 -> 5)
  Merging D + CE LUTs for $auto$ff.cc:337:slice$6413/group_minimum[9] (2 -> 5)
  Merging D + CE LUTs for $auto$ff.cc:337:slice$6412/group_minimum[9] (2 -> 5)
  Merging D + CE LUTs for $auto$ff.cc:337:slice$6411/group_minimum[9] (2 -> 5)
  Merging D + CE LUTs for $auto$ff.cc:337:slice$6410/group_minimum[9] (2 -> 5)
  Merging D + CE LUTs for $auto$ff.cc:337:slice$6409/group_minimum[9] (2 -> 5)
  Merging D + CE LUTs for $auto$ff.cc:337:slice$6408/group_minimum[9] (2 -> 5)
  Merging D + CE LUTs for $auto$ff.cc:337:slice$6407/group_minimum[9] (2 -> 5)
  Merging D + CE LUTs for $auto$ff.cc:337:slice$6406/group_minimum[9] (2 -> 5)
  Merging D + CE LUTs for $auto$ff.cc:337:slice$6405/group_minimum[9] (2 -> 5)
  Merging D + CE LUTs for $auto$ff.cc:337:slice$6404/group_minimum[9] (2 -> 5)
  Merging D + CE LUTs for $auto$ff.cc:337:slice$6403/group_minimum[9] (2 -> 5)
  Merging D + CE LUTs for $auto$ff.cc:337:slice$6402/group_minimum[9] (2 -> 5)
  Merging D + CE LUTs for $auto$ff.cc:337:slice$6401/group_minimum[9] (2 -> 5)
  Merging D + CE LUTs for $auto$ff.cc:337:slice$6400/group_minimum[9] (2 -> 5)
  Merging D + CE LUTs for $auto$ff.cc:337:slice$7093/group_minimum[12] (2 -> 5)
  Merging D + CE LUTs for $auto$ff.cc:337:slice$7092/group_minimum[12] (2 -> 5)
  Merging D + CE LUTs for $auto$ff.cc:337:slice$7091/group_minimum[12] (2 -> 5)
  Merging D + CE LUTs for $auto$ff.cc:337:slice$7090/group_minimum[12] (2 -> 5)
  Merging D + CE LUTs for $auto$ff.cc:337:slice$7089/group_minimum[12] (2 -> 5)
  Merging D + CE LUTs for $auto$ff.cc:337:slice$7088/group_minimum[12] (2 -> 5)
  Merging D + CE LUTs for $auto$ff.cc:337:slice$7087/group_minimum[12] (2 -> 5)
  Merging D + CE LUTs for $auto$ff.cc:337:slice$7086/group_minimum[12] (2 -> 5)
  Merging D + CE LUTs for $auto$ff.cc:337:slice$7085/group_minimum[12] (2 -> 5)
  Merging D + CE LUTs for $auto$ff.cc:337:slice$7084/group_minimum[12] (2 -> 5)
  Merging D + CE LUTs for $auto$ff.cc:337:slice$7083/group_minimum[12] (2 -> 5)
  Merging D + CE LUTs for $auto$ff.cc:337:slice$7082/group_minimum[12] (2 -> 5)
  Merging D + CE LUTs for $auto$ff.cc:337:slice$7081/group_minimum[12] (2 -> 5)
  Merging D + CE LUTs for $auto$ff.cc:337:slice$7080/group_minimum[12] (2 -> 5)
  Merging D + CE LUTs for $auto$ff.cc:337:slice$7079/group_minimum[12] (2 -> 5)
  Merging D + CE LUTs for $auto$ff.cc:337:slice$7077/group_minimum[11] (2 -> 5)
  Merging D + CE LUTs for $auto$ff.cc:337:slice$7076/group_minimum[11] (2 -> 5)
  Merging D + CE LUTs for $auto$ff.cc:337:slice$6399/group_minimum[9] (2 -> 5)
  Merging D + CE LUTs for $auto$ff.cc:337:slice$7078/group_minimum[12] (2 -> 5)
  Merging D + CE LUTs for $auto$ff.cc:337:slice$7062/group_minimum[11] (2 -> 5)
  Merging D + CE LUTs for $auto$ff.cc:337:slice$7046/group_minimum[0] (2 -> 5)
  Merging D + CE LUTs for $auto$ff.cc:337:slice$7030/group_minimum[1] (2 -> 5)
  Merging D + CE LUTs for $auto$ff.cc:337:slice$7014/group_minimum[2] (2 -> 5)
  Merging D + CE LUTs for $auto$ff.cc:337:slice$6998/group_minimum[3] (2 -> 5)
  Merging D + CE LUTs for $auto$ff.cc:337:slice$6982/group_minimum[4] (2 -> 5)
  Merging D + CE LUTs for $auto$ff.cc:337:slice$6966/group_minimum[5] (2 -> 5)
  Merging D + R LUTs for $auto$ff.cc:337:slice$6953/$iopadmap$done (4 -> 6)
  Merging D + CE LUTs for $auto$ff.cc:337:slice$6889/group_minimum[10] (2 -> 5)
  Merging D + CE LUTs for $auto$ff.cc:337:slice$6857/remaining[0] (3 -> 6)
  Merging D + CE LUTs for $auto$ff.cc:337:slice$6825/remaining[1] (4 -> 6)
  Merging D + CE LUTs for $auto$ff.cc:337:slice$6793/remaining[2] (3 -> 6)
  Merging D + CE LUTs for $auto$ff.cc:337:slice$6759/remaining[3] (3 -> 6)
  Merging D + CE LUTs for $auto$ff.cc:337:slice$6727/remaining[4] (3 -> 6)
  Merging D + CE LUTs for $auto$ff.cc:337:slice$6686/remaining[5] (4 -> 6)
  Merging D + CE LUTs for $auto$ff.cc:337:slice$6654/remaining[6] (4 -> 6)
  Merging D + CE LUTs for $auto$ff.cc:337:slice$6622/remaining[7] (4 -> 6)
  Merging D + CE LUTs for $auto$ff.cc:337:slice$6590/remaining[8] (3 -> 6)
  Merging D + CE LUTs for $auto$ff.cc:337:slice$6558/remaining[9] (3 -> 6)
  Merging D + CE LUTs for $auto$ff.cc:337:slice$6526/remaining[10] (4 -> 6)
  Merging D + CE LUTs for $auto$ff.cc:337:slice$6494/remaining[11] (3 -> 6)
  Merging D + CE LUTs for $auto$ff.cc:337:slice$6462/remaining[12] (4 -> 6)
  Merging D + CE LUTs for $auto$ff.cc:337:slice$6446/group_minimum[6] (2 -> 5)
  Merging D + CE LUTs for $auto$ff.cc:337:slice$6430/group_minimum[7] (2 -> 5)
  Merging D + CE LUTs for $auto$ff.cc:337:slice$7075/group_minimum[11] (2 -> 5)
  Merging D + CE LUTs for $auto$ff.cc:337:slice$7074/group_minimum[11] (2 -> 5)
  Merging D + CE LUTs for $auto$ff.cc:337:slice$7073/group_minimum[11] (2 -> 5)
  Merging D + CE LUTs for $auto$ff.cc:337:slice$7072/group_minimum[11] (2 -> 5)
  Merging D + CE LUTs for $auto$ff.cc:337:slice$7071/group_minimum[11] (2 -> 5)
  Merging D + CE LUTs for $auto$ff.cc:337:slice$7070/group_minimum[11] (2 -> 5)
  Merging D + CE LUTs for $auto$ff.cc:337:slice$7069/group_minimum[11] (2 -> 5)
  Merging D + CE LUTs for $auto$ff.cc:337:slice$6414/group_minimum[8] (2 -> 5)
  Merging D + CE LUTs for $auto$ff.cc:337:slice$7068/group_minimum[11] (2 -> 5)
  Merging D + CE LUTs for $auto$ff.cc:337:slice$7067/group_minimum[11] (2 -> 5)
  Merging D + CE LUTs for $auto$ff.cc:337:slice$7066/group_minimum[11] (2 -> 5)
  Merging D + CE LUTs for $auto$ff.cc:337:slice$7065/group_minimum[11] (2 -> 5)
  Merging D + CE LUTs for $auto$ff.cc:337:slice$7064/group_minimum[11] (2 -> 5)
  Merging D + CE LUTs for $auto$ff.cc:337:slice$7063/group_minimum[11] (2 -> 5)
  Merging D + CE LUTs for $auto$ff.cc:337:slice$7061/group_minimum[0] (2 -> 5)
  Merging D + CE LUTs for $auto$ff.cc:337:slice$7060/group_minimum[0] (2 -> 5)
  Merging D + CE LUTs for $auto$ff.cc:337:slice$7059/group_minimum[0] (2 -> 5)
  Merging D + CE LUTs for $auto$ff.cc:337:slice$7058/group_minimum[0] (2 -> 5)
  Merging D + CE LUTs for $auto$ff.cc:337:slice$7057/group_minimum[0] (2 -> 5)
  Merging D + CE LUTs for $auto$ff.cc:337:slice$7056/group_minimum[0] (2 -> 5)
  Merging D + CE LUTs for $auto$ff.cc:337:slice$7055/group_minimum[0] (2 -> 5)
  Merging D + CE LUTs for $auto$ff.cc:337:slice$7054/group_minimum[0] (2 -> 5)
  Merging D + CE LUTs for $auto$ff.cc:337:slice$7053/group_minimum[0] (2 -> 5)
  Merging D + CE LUTs for $auto$ff.cc:337:slice$7052/group_minimum[0] (2 -> 5)
  Merging D + CE LUTs for $auto$ff.cc:337:slice$7051/group_minimum[0] (2 -> 5)
  Merging D + CE LUTs for $auto$ff.cc:337:slice$7050/group_minimum[0] (2 -> 5)
  Merging D + CE LUTs for $auto$ff.cc:337:slice$7049/group_minimum[0] (2 -> 5)
  Merging D + CE LUTs for $auto$ff.cc:337:slice$7048/group_minimum[0] (2 -> 5)
  Merging D + CE LUTs for $auto$ff.cc:337:slice$7047/group_minimum[0] (2 -> 5)
  Merging D + CE LUTs for $auto$ff.cc:337:slice$7045/group_minimum[1] (2 -> 5)
  Merging D + CE LUTs for $auto$ff.cc:337:slice$7044/group_minimum[1] (2 -> 5)
  Merging D + CE LUTs for $auto$ff.cc:337:slice$7043/group_minimum[1] (2 -> 5)
  Merging D + CE LUTs for $auto$ff.cc:337:slice$7042/group_minimum[1] (2 -> 5)
  Merging D + CE LUTs for $auto$ff.cc:337:slice$7041/group_minimum[1] (2 -> 5)
  Merging D + CE LUTs for $auto$ff.cc:337:slice$7040/group_minimum[1] (2 -> 5)
  Merging D + CE LUTs for $auto$ff.cc:337:slice$7039/group_minimum[1] (2 -> 5)
  Merging D + CE LUTs for $auto$ff.cc:337:slice$7038/group_minimum[1] (2 -> 5)
  Merging D + CE LUTs for $auto$ff.cc:337:slice$7037/group_minimum[1] (2 -> 5)
  Merging D + CE LUTs for $auto$ff.cc:337:slice$7036/group_minimum[1] (2 -> 5)
  Merging D + CE LUTs for $auto$ff.cc:337:slice$7035/group_minimum[1] (2 -> 5)
  Merging D + CE LUTs for $auto$ff.cc:337:slice$7034/group_minimum[1] (2 -> 5)
  Merging D + CE LUTs for $auto$ff.cc:337:slice$7033/group_minimum[1] (2 -> 5)
  Merging D + CE LUTs for $auto$ff.cc:337:slice$7032/group_minimum[1] (2 -> 5)
  Merging D + CE LUTs for $auto$ff.cc:337:slice$7031/group_minimum[1] (2 -> 5)
  Merging D + CE LUTs for $auto$ff.cc:337:slice$7029/group_minimum[2] (2 -> 5)
  Merging D + CE LUTs for $auto$ff.cc:337:slice$7028/group_minimum[2] (2 -> 5)
  Merging D + CE LUTs for $auto$ff.cc:337:slice$7027/group_minimum[2] (2 -> 5)
  Merging D + CE LUTs for $auto$ff.cc:337:slice$7026/group_minimum[2] (2 -> 5)
  Merging D + CE LUTs for $auto$ff.cc:337:slice$7025/group_minimum[2] (2 -> 5)
  Merging D + CE LUTs for $auto$ff.cc:337:slice$7024/group_minimum[2] (2 -> 5)
  Merging D + CE LUTs for $auto$ff.cc:337:slice$7023/group_minimum[2] (2 -> 5)
  Merging D + CE LUTs for $auto$ff.cc:337:slice$7022/group_minimum[2] (2 -> 5)
  Merging D + CE LUTs for $auto$ff.cc:337:slice$7021/group_minimum[2] (2 -> 5)
  Merging D + CE LUTs for $auto$ff.cc:337:slice$7020/group_minimum[2] (2 -> 5)
  Merging D + CE LUTs for $auto$ff.cc:337:slice$7019/group_minimum[2] (2 -> 5)
  Merging D + CE LUTs for $auto$ff.cc:337:slice$7018/group_minimum[2] (2 -> 5)
  Merging D + CE LUTs for $auto$ff.cc:337:slice$7017/group_minimum[2] (2 -> 5)
  Merging D + CE LUTs for $auto$ff.cc:337:slice$7016/group_minimum[2] (2 -> 5)
  Merging D + CE LUTs for $auto$ff.cc:337:slice$7015/group_minimum[2] (2 -> 5)
  Merging D + CE LUTs for $auto$ff.cc:337:slice$7013/group_minimum[3] (2 -> 5)
  Merging D + CE LUTs for $auto$ff.cc:337:slice$7012/group_minimum[3] (2 -> 5)
  Merging D + CE LUTs for $auto$ff.cc:337:slice$7011/group_minimum[3] (2 -> 5)
  Merging D + CE LUTs for $auto$ff.cc:337:slice$7010/group_minimum[3] (2 -> 5)
  Merging D + CE LUTs for $auto$ff.cc:337:slice$7009/group_minimum[3] (2 -> 5)
  Merging D + CE LUTs for $auto$ff.cc:337:slice$7008/group_minimum[3] (2 -> 5)
  Merging D + CE LUTs for $auto$ff.cc:337:slice$7007/group_minimum[3] (2 -> 5)
  Merging D + CE LUTs for $auto$ff.cc:337:slice$7006/group_minimum[3] (2 -> 5)
  Merging D + CE LUTs for $auto$ff.cc:337:slice$7005/group_minimum[3] (2 -> 5)
  Merging D + CE LUTs for $auto$ff.cc:337:slice$7004/group_minimum[3] (2 -> 5)
  Merging D + CE LUTs for $auto$ff.cc:337:slice$7003/group_minimum[3] (2 -> 5)
  Merging D + CE LUTs for $auto$ff.cc:337:slice$7002/group_minimum[3] (2 -> 5)
  Merging D + CE LUTs for $auto$ff.cc:337:slice$7001/group_minimum[3] (2 -> 5)
  Merging D + CE LUTs for $auto$ff.cc:337:slice$7000/group_minimum[3] (2 -> 5)
  Merging D + CE LUTs for $auto$ff.cc:337:slice$6999/group_minimum[3] (2 -> 5)
  Merging D + CE LUTs for $auto$ff.cc:337:slice$6997/group_minimum[4] (2 -> 5)
  Merging D + CE LUTs for $auto$ff.cc:337:slice$6996/group_minimum[4] (2 -> 5)
  Merging D + CE LUTs for $auto$ff.cc:337:slice$6995/group_minimum[4] (2 -> 5)
  Merging D + CE LUTs for $auto$ff.cc:337:slice$6994/group_minimum[4] (2 -> 5)
  Merging D + CE LUTs for $auto$ff.cc:337:slice$6993/group_minimum[4] (2 -> 5)
  Merging D + CE LUTs for $auto$ff.cc:337:slice$6992/group_minimum[4] (2 -> 5)
  Merging D + CE LUTs for $auto$ff.cc:337:slice$6991/group_minimum[4] (2 -> 5)
  Merging D + CE LUTs for $auto$ff.cc:337:slice$6990/group_minimum[4] (2 -> 5)
  Merging D + CE LUTs for $auto$ff.cc:337:slice$6989/group_minimum[4] (2 -> 5)
  Merging D + CE LUTs for $auto$ff.cc:337:slice$6988/group_minimum[4] (2 -> 5)
  Merging D + CE LUTs for $auto$ff.cc:337:slice$6987/group_minimum[4] (2 -> 5)
  Merging D + CE LUTs for $auto$ff.cc:337:slice$6986/group_minimum[4] (2 -> 5)
  Merging D + CE LUTs for $auto$ff.cc:337:slice$6985/group_minimum[4] (2 -> 5)
  Merging D + CE LUTs for $auto$ff.cc:337:slice$6984/group_minimum[4] (2 -> 5)
  Merging D + CE LUTs for $auto$ff.cc:337:slice$6983/group_minimum[4] (2 -> 5)
  Merging D + CE LUTs for $auto$ff.cc:337:slice$6981/group_minimum[5] (2 -> 5)
  Merging D + CE LUTs for $auto$ff.cc:337:slice$6980/group_minimum[5] (2 -> 5)
  Merging D + CE LUTs for $auto$ff.cc:337:slice$6979/group_minimum[5] (2 -> 5)
  Merging D + CE LUTs for $auto$ff.cc:337:slice$6978/group_minimum[5] (2 -> 5)
  Merging D + CE LUTs for $auto$ff.cc:337:slice$6977/group_minimum[5] (2 -> 5)
  Merging D + CE LUTs for $auto$ff.cc:337:slice$6976/group_minimum[5] (2 -> 5)
  Merging D + CE LUTs for $auto$ff.cc:337:slice$6975/group_minimum[5] (2 -> 5)
  Merging D + CE LUTs for $auto$ff.cc:337:slice$6974/group_minimum[5] (2 -> 5)
  Merging D + CE LUTs for $auto$ff.cc:337:slice$6973/group_minimum[5] (2 -> 5)
  Merging D + CE LUTs for $auto$ff.cc:337:slice$6972/group_minimum[5] (2 -> 5)
  Merging D + CE LUTs for $auto$ff.cc:337:slice$6971/group_minimum[5] (2 -> 5)
  Merging D + CE LUTs for $auto$ff.cc:337:slice$6970/group_minimum[5] (2 -> 5)
  Merging D + CE LUTs for $auto$ff.cc:337:slice$6969/group_minimum[5] (2 -> 5)
  Merging D + CE LUTs for $auto$ff.cc:337:slice$6968/group_minimum[5] (2 -> 5)
  Merging D + CE LUTs for $auto$ff.cc:337:slice$6967/group_minimum[5] (2 -> 5)
  Merging D + CE LUTs for $auto$ff.cc:337:slice$6904/group_minimum[10] (2 -> 5)
  Merging D + CE LUTs for $auto$ff.cc:337:slice$6903/group_minimum[10] (2 -> 5)
  Merging D + CE LUTs for $auto$ff.cc:337:slice$6902/group_minimum[10] (2 -> 5)
  Merging D + CE LUTs for $auto$ff.cc:337:slice$6901/group_minimum[10] (2 -> 5)
  Merging D + CE LUTs for $auto$ff.cc:337:slice$6900/group_minimum[10] (2 -> 5)
  Merging D + CE LUTs for $auto$ff.cc:337:slice$6899/group_minimum[10] (2 -> 5)
  Merging D + CE LUTs for $auto$ff.cc:337:slice$6898/group_minimum[10] (2 -> 5)
  Merging D + CE LUTs for $auto$ff.cc:337:slice$6897/group_minimum[10] (2 -> 5)
  Merging D + CE LUTs for $auto$ff.cc:337:slice$6896/group_minimum[10] (2 -> 5)
  Merging D + CE LUTs for $auto$ff.cc:337:slice$6895/group_minimum[10] (2 -> 5)
  Merging D + CE LUTs for $auto$ff.cc:337:slice$6894/group_minimum[10] (2 -> 5)
  Merging D + CE LUTs for $auto$ff.cc:337:slice$6893/group_minimum[10] (2 -> 5)
  Merging D + CE LUTs for $auto$ff.cc:337:slice$6892/group_minimum[10] (2 -> 5)
  Merging D + CE LUTs for $auto$ff.cc:337:slice$6891/group_minimum[10] (2 -> 5)
  Merging D + CE LUTs for $auto$ff.cc:337:slice$6890/group_minimum[10] (2 -> 5)
  Merging D + CE LUTs for $auto$ff.cc:337:slice$6888/remaining[0] (4 -> 6)
  Merging D + CE LUTs for $auto$ff.cc:337:slice$6887/remaining[0] (3 -> 6)
  Merging D + CE LUTs for $auto$ff.cc:337:slice$6886/remaining[0] (3 -> 6)
  Merging D + CE LUTs for $auto$ff.cc:337:slice$6885/remaining[0] (4 -> 6)
  Merging D + CE LUTs for $auto$ff.cc:337:slice$6884/remaining[0] (3 -> 6)
  Merging D + CE LUTs for $auto$ff.cc:337:slice$6883/remaining[0] (3 -> 6)
  Merging D + CE LUTs for $auto$ff.cc:337:slice$6882/remaining[0] (3 -> 6)
  Merging D + CE LUTs for $auto$ff.cc:337:slice$6881/remaining[0] (3 -> 6)
  Merging D + CE LUTs for $auto$ff.cc:337:slice$6880/remaining[0] (3 -> 6)
  Merging D + CE LUTs for $auto$ff.cc:337:slice$6879/remaining[0] (3 -> 6)
  Merging D + CE LUTs for $auto$ff.cc:337:slice$6878/remaining[0] (3 -> 6)
  Merging D + CE LUTs for $auto$ff.cc:337:slice$6877/remaining[0] (3 -> 6)
  Merging D + CE LUTs for $auto$ff.cc:337:slice$6876/remaining[0] (3 -> 6)
  Merging D + CE LUTs for $auto$ff.cc:337:slice$6875/remaining[0] (4 -> 6)
  Merging D + CE LUTs for $auto$ff.cc:337:slice$6874/remaining[0] (3 -> 6)
  Merging D + CE LUTs for $auto$ff.cc:337:slice$6873/remaining[0] (4 -> 6)
  Merging D + CE LUTs for $auto$ff.cc:337:slice$6872/remaining[0] (3 -> 6)
  Merging D + CE LUTs for $auto$ff.cc:337:slice$6871/remaining[0] (3 -> 6)
  Merging D + CE LUTs for $auto$ff.cc:337:slice$6870/remaining[0] (3 -> 6)
  Merging D + CE LUTs for $auto$ff.cc:337:slice$6869/remaining[0] (3 -> 6)
  Merging D + CE LUTs for $auto$ff.cc:337:slice$6868/remaining[0] (3 -> 6)
  Merging D + CE LUTs for $auto$ff.cc:337:slice$6867/remaining[0] (3 -> 6)
  Merging D + CE LUTs for $auto$ff.cc:337:slice$6866/remaining[0] (3 -> 6)
  Merging D + CE LUTs for $auto$ff.cc:337:slice$6865/remaining[0] (4 -> 6)
  Merging D + CE LUTs for $auto$ff.cc:337:slice$6864/remaining[0] (3 -> 6)
  Merging D + CE LUTs for $auto$ff.cc:337:slice$6863/remaining[0] (4 -> 6)
  Merging D + CE LUTs for $auto$ff.cc:337:slice$6862/remaining[0] (4 -> 6)
  Merging D + CE LUTs for $auto$ff.cc:337:slice$6861/remaining[0] (4 -> 6)
  Merging D + CE LUTs for $auto$ff.cc:337:slice$6860/remaining[0] (3 -> 6)
  Merging D + CE LUTs for $auto$ff.cc:337:slice$6859/remaining[0] (3 -> 6)
  Merging D + CE LUTs for $auto$ff.cc:337:slice$6858/remaining[0] (3 -> 6)
  Merging D + CE LUTs for $auto$ff.cc:337:slice$6856/remaining[1] (3 -> 6)
  Merging D + CE LUTs for $auto$ff.cc:337:slice$6855/remaining[1] (4 -> 6)
  Merging D + CE LUTs for $auto$ff.cc:337:slice$6854/remaining[1] (3 -> 6)
  Merging D + CE LUTs for $auto$ff.cc:337:slice$6853/remaining[1] (4 -> 6)
  Merging D + CE LUTs for $auto$ff.cc:337:slice$6852/remaining[1] (4 -> 6)
  Merging D + CE LUTs for $auto$ff.cc:337:slice$6851/remaining[1] (4 -> 6)
  Merging D + CE LUTs for $auto$ff.cc:337:slice$6850/remaining[1] (3 -> 6)
  Merging D + CE LUTs for $auto$ff.cc:337:slice$6849/remaining[1] (4 -> 6)
  Merging D + CE LUTs for $auto$ff.cc:337:slice$6848/remaining[1] (4 -> 6)
  Merging D + CE LUTs for $auto$ff.cc:337:slice$6847/remaining[1] (3 -> 6)
  Merging D + CE LUTs for $auto$ff.cc:337:slice$6846/remaining[1] (3 -> 6)
  Merging D + CE LUTs for $auto$ff.cc:337:slice$6845/remaining[1] (3 -> 6)
  Merging D + CE LUTs for $auto$ff.cc:337:slice$6844/remaining[1] (4 -> 6)
  Merging D + CE LUTs for $auto$ff.cc:337:slice$6843/remaining[1] (4 -> 6)
  Merging D + CE LUTs for $auto$ff.cc:337:slice$6842/remaining[1] (3 -> 6)
  Merging D + CE LUTs for $auto$ff.cc:337:slice$6841/remaining[1] (3 -> 6)
  Merging D + CE LUTs for $auto$ff.cc:337:slice$6840/remaining[1] (4 -> 6)
  Merging D + CE LUTs for $auto$ff.cc:337:slice$6839/remaining[1] (4 -> 6)
  Merging D + CE LUTs for $auto$ff.cc:337:slice$6838/remaining[1] (4 -> 6)
  Merging D + CE LUTs for $auto$ff.cc:337:slice$6837/remaining[1] (4 -> 6)
  Merging D + CE LUTs for $auto$ff.cc:337:slice$6836/remaining[1] (4 -> 6)
  Merging D + CE LUTs for $auto$ff.cc:337:slice$6835/remaining[1] (3 -> 6)
  Merging D + CE LUTs for $auto$ff.cc:337:slice$6834/remaining[1] (3 -> 6)
  Merging D + CE LUTs for $auto$ff.cc:337:slice$6833/remaining[1] (3 -> 6)
  Merging D + CE LUTs for $auto$ff.cc:337:slice$6832/remaining[1] (4 -> 6)
  Merging D + CE LUTs for $auto$ff.cc:337:slice$6831/remaining[1] (3 -> 6)
  Merging D + CE LUTs for $auto$ff.cc:337:slice$6830/remaining[1] (3 -> 6)
  Merging D + CE LUTs for $auto$ff.cc:337:slice$6829/remaining[1] (4 -> 6)
  Merging D + CE LUTs for $auto$ff.cc:337:slice$6828/remaining[1] (4 -> 6)
  Merging D + CE LUTs for $auto$ff.cc:337:slice$6827/remaining[1] (3 -> 6)
  Merging D + CE LUTs for $auto$ff.cc:337:slice$6826/remaining[1] (4 -> 6)
  Merging D + CE LUTs for $auto$ff.cc:337:slice$6824/remaining[2] (4 -> 6)
  Merging D + CE LUTs for $auto$ff.cc:337:slice$6823/remaining[2] (4 -> 6)
  Merging D + CE LUTs for $auto$ff.cc:337:slice$6822/remaining[2] (4 -> 6)
  Merging D + CE LUTs for $auto$ff.cc:337:slice$6821/remaining[2] (4 -> 6)
  Merging D + CE LUTs for $auto$ff.cc:337:slice$6820/remaining[2] (4 -> 6)
  Merging D + CE LUTs for $auto$ff.cc:337:slice$6819/remaining[2] (4 -> 6)
  Merging D + CE LUTs for $auto$ff.cc:337:slice$6818/remaining[2] (4 -> 6)
  Merging D + CE LUTs for $auto$ff.cc:337:slice$6817/remaining[2] (4 -> 6)
  Merging D + CE LUTs for $auto$ff.cc:337:slice$6816/remaining[2] (4 -> 6)
  Merging D + CE LUTs for $auto$ff.cc:337:slice$6815/remaining[2] (4 -> 6)
  Merging D + CE LUTs for $auto$ff.cc:337:slice$6814/remaining[2] (3 -> 6)
  Merging D + CE LUTs for $auto$ff.cc:337:slice$6813/remaining[2] (4 -> 6)
  Merging D + CE LUTs for $auto$ff.cc:337:slice$6812/remaining[2] (3 -> 6)
  Merging D + CE LUTs for $auto$ff.cc:337:slice$6811/remaining[2] (3 -> 6)
  Merging D + CE LUTs for $auto$ff.cc:337:slice$6810/remaining[2] (4 -> 6)
  Merging D + CE LUTs for $auto$ff.cc:337:slice$6809/remaining[2] (3 -> 6)
  Merging D + CE LUTs for $auto$ff.cc:337:slice$6808/remaining[2] (3 -> 6)
  Merging D + CE LUTs for $auto$ff.cc:337:slice$6807/remaining[2] (4 -> 6)
  Merging D + CE LUTs for $auto$ff.cc:337:slice$6806/remaining[2] (4 -> 6)
  Merging D + CE LUTs for $auto$ff.cc:337:slice$6805/remaining[2] (4 -> 6)
  Merging D + CE LUTs for $auto$ff.cc:337:slice$6804/remaining[2] (4 -> 6)
  Merging D + CE LUTs for $auto$ff.cc:337:slice$6803/remaining[2] (3 -> 6)
  Merging D + CE LUTs for $auto$ff.cc:337:slice$6802/remaining[2] (4 -> 6)
  Merging D + CE LUTs for $auto$ff.cc:337:slice$6801/remaining[2] (3 -> 6)
  Merging D + CE LUTs for $auto$ff.cc:337:slice$6800/remaining[2] (3 -> 6)
  Merging D + CE LUTs for $auto$ff.cc:337:slice$6799/remaining[2] (3 -> 6)
  Merging D + CE LUTs for $auto$ff.cc:337:slice$6798/remaining[2] (3 -> 6)
  Merging D + CE LUTs for $auto$ff.cc:337:slice$6797/remaining[2] (3 -> 6)
  Merging D + CE LUTs for $auto$ff.cc:337:slice$6796/remaining[2] (3 -> 6)
  Merging D + CE LUTs for $auto$ff.cc:337:slice$6795/remaining[2] (3 -> 6)
  Merging D + CE LUTs for $auto$ff.cc:337:slice$6794/remaining[2] (4 -> 6)
  Merging D + CE LUTs for $auto$ff.cc:337:slice$6790/remaining[3] (3 -> 6)
  Merging D + CE LUTs for $auto$ff.cc:337:slice$6789/remaining[3] (3 -> 6)
  Merging D + CE LUTs for $auto$ff.cc:337:slice$6788/remaining[3] (4 -> 6)
  Merging D + CE LUTs for $auto$ff.cc:337:slice$6787/remaining[3] (3 -> 6)
  Merging D + CE LUTs for $auto$ff.cc:337:slice$6786/remaining[3] (4 -> 6)
  Merging D + CE LUTs for $auto$ff.cc:337:slice$6785/remaining[3] (4 -> 6)
  Merging D + CE LUTs for $auto$ff.cc:337:slice$6784/remaining[3] (4 -> 6)
  Merging D + CE LUTs for $auto$ff.cc:337:slice$6783/remaining[3] (4 -> 6)
  Merging D + CE LUTs for $auto$ff.cc:337:slice$6782/remaining[3] (4 -> 6)
  Merging D + CE LUTs for $auto$ff.cc:337:slice$6781/remaining[3] (3 -> 6)
  Merging D + CE LUTs for $auto$ff.cc:337:slice$6780/remaining[3] (3 -> 6)
  Merging D + CE LUTs for $auto$ff.cc:337:slice$6779/remaining[3] (3 -> 6)
  Merging D + CE LUTs for $auto$ff.cc:337:slice$6778/remaining[3] (3 -> 6)
  Merging D + CE LUTs for $auto$ff.cc:337:slice$6777/remaining[3] (4 -> 6)
  Merging D + CE LUTs for $auto$ff.cc:337:slice$6776/remaining[3] (4 -> 6)
  Merging D + CE LUTs for $auto$ff.cc:337:slice$6775/remaining[3] (4 -> 6)
  Merging D + CE LUTs for $auto$ff.cc:337:slice$6774/remaining[3] (4 -> 6)
  Merging D + CE LUTs for $auto$ff.cc:337:slice$6773/remaining[3] (4 -> 6)
  Merging D + CE LUTs for $auto$ff.cc:337:slice$6772/remaining[3] (4 -> 6)
  Merging D + CE LUTs for $auto$ff.cc:337:slice$6771/remaining[3] (3 -> 6)
  Merging D + CE LUTs for $auto$ff.cc:337:slice$6770/remaining[3] (4 -> 6)
  Merging D + CE LUTs for $auto$ff.cc:337:slice$6769/remaining[3] (4 -> 6)
  Merging D + CE LUTs for $auto$ff.cc:337:slice$6768/remaining[3] (3 -> 6)
  Merging D + CE LUTs for $auto$ff.cc:337:slice$6767/remaining[3] (4 -> 6)
  Merging D + CE LUTs for $auto$ff.cc:337:slice$6766/remaining[3] (3 -> 6)
  Merging D + CE LUTs for $auto$ff.cc:337:slice$6765/remaining[3] (4 -> 6)
  Merging D + CE LUTs for $auto$ff.cc:337:slice$6764/remaining[3] (3 -> 6)
  Merging D + CE LUTs for $auto$ff.cc:337:slice$6763/remaining[3] (3 -> 6)
  Merging D + CE LUTs for $auto$ff.cc:337:slice$6762/remaining[3] (3 -> 6)
  Merging D + CE LUTs for $auto$ff.cc:337:slice$6761/remaining[3] (3 -> 6)
  Merging D + CE LUTs for $auto$ff.cc:337:slice$6760/remaining[3] (3 -> 6)
  Merging D + CE LUTs for $auto$ff.cc:337:slice$6758/remaining[4] (3 -> 6)
  Merging D + CE LUTs for $auto$ff.cc:337:slice$6757/remaining[4] (4 -> 6)
  Merging D + CE LUTs for $auto$ff.cc:337:slice$6756/remaining[4] (4 -> 6)
  Merging D + CE LUTs for $auto$ff.cc:337:slice$6755/remaining[4] (4 -> 6)
  Merging D + CE LUTs for $auto$ff.cc:337:slice$6754/remaining[4] (4 -> 6)
  Merging D + CE LUTs for $auto$ff.cc:337:slice$6753/remaining[4] (4 -> 6)
  Merging D + CE LUTs for $auto$ff.cc:337:slice$6752/remaining[4] (4 -> 6)
  Merging D + CE LUTs for $auto$ff.cc:337:slice$6751/remaining[4] (4 -> 6)
  Merging D + CE LUTs for $auto$ff.cc:337:slice$6750/remaining[4] (4 -> 6)
  Merging D + CE LUTs for $auto$ff.cc:337:slice$6749/remaining[4] (4 -> 6)
  Merging D + CE LUTs for $auto$ff.cc:337:slice$6748/remaining[4] (4 -> 6)
  Merging D + CE LUTs for $auto$ff.cc:337:slice$6747/remaining[4] (3 -> 6)
  Merging D + CE LUTs for $auto$ff.cc:337:slice$6746/remaining[4] (3 -> 6)
  Merging D + CE LUTs for $auto$ff.cc:337:slice$6745/remaining[4] (4 -> 6)
  Merging D + CE LUTs for $auto$ff.cc:337:slice$6744/remaining[4] (3 -> 6)
  Merging D + CE LUTs for $auto$ff.cc:337:slice$6743/remaining[4] (4 -> 6)
  Merging D + CE LUTs for $auto$ff.cc:337:slice$6742/remaining[4] (4 -> 6)
  Merging D + CE LUTs for $auto$ff.cc:337:slice$6741/remaining[4] (3 -> 6)
  Merging D + CE LUTs for $auto$ff.cc:337:slice$6740/remaining[4] (4 -> 6)
  Merging D + CE LUTs for $auto$ff.cc:337:slice$6739/remaining[4] (3 -> 6)
  Merging D + CE LUTs for $auto$ff.cc:337:slice$6738/remaining[4] (4 -> 6)
  Merging D + CE LUTs for $auto$ff.cc:337:slice$6737/remaining[4] (4 -> 6)
  Merging D + CE LUTs for $auto$ff.cc:337:slice$6736/remaining[4] (4 -> 6)
  Merging D + CE LUTs for $auto$ff.cc:337:slice$6735/remaining[4] (4 -> 6)
  Merging D + CE LUTs for $auto$ff.cc:337:slice$6734/remaining[4] (3 -> 6)
  Merging D + CE LUTs for $auto$ff.cc:337:slice$6733/remaining[4] (4 -> 6)
  Merging D + CE LUTs for $auto$ff.cc:337:slice$6732/remaining[4] (3 -> 6)
  Merging D + CE LUTs for $auto$ff.cc:337:slice$6731/remaining[4] (3 -> 6)
  Merging D + CE LUTs for $auto$ff.cc:337:slice$6730/remaining[4] (3 -> 6)
  Merging D + CE LUTs for $auto$ff.cc:337:slice$6729/remaining[4] (3 -> 6)
  Merging D + CE LUTs for $auto$ff.cc:337:slice$6728/remaining[4] (3 -> 6)
  Merging D + CE LUTs for $auto$ff.cc:337:slice$6717/remaining[5] (3 -> 6)
  Merging D + CE LUTs for $auto$ff.cc:337:slice$6716/remaining[5] (4 -> 6)
  Merging D + CE LUTs for $auto$ff.cc:337:slice$6715/remaining[5] (4 -> 6)
  Merging D + CE LUTs for $auto$ff.cc:337:slice$6714/remaining[5] (3 -> 6)
  Merging D + CE LUTs for $auto$ff.cc:337:slice$6713/remaining[5] (3 -> 6)
  Merging D + CE LUTs for $auto$ff.cc:337:slice$6712/remaining[5] (3 -> 6)
  Merging D + CE LUTs for $auto$ff.cc:337:slice$6711/remaining[5] (4 -> 6)
  Merging D + CE LUTs for $auto$ff.cc:337:slice$6710/remaining[5] (3 -> 6)
  Merging D + CE LUTs for $auto$ff.cc:337:slice$6709/remaining[5] (3 -> 6)
  Merging D + CE LUTs for $auto$ff.cc:337:slice$6708/remaining[5] (3 -> 6)
  Merging D + CE LUTs for $auto$ff.cc:337:slice$6707/remaining[5] (3 -> 6)
  Merging D + CE LUTs for $auto$ff.cc:337:slice$6706/remaining[5] (4 -> 6)

5.47. Executing OPT_LUT_INS pass (discard unused LUT inputs).
Optimizing LUTs in $paramod$b5bfe1d4fce40940586b6e35fec61194ae5a8fde\cap_pdb_state_wide_bank.
Optimizing LUTs in $paramod$cbc3189b30a0f0ae8c16e45df15b3f5a54303a8f\cap_pdb_masked_min32.
  Optimizing lut $abc$22470$auto$blifparse.cc:557:parse_blif$23556.genblk1.genblk1.genblk1.genblk1.genblk1.genblk1.genblk1.genblk1.genblk1.lut0 (6 -> 3)
  Optimizing lut $abc$22470$auto$blifparse.cc:557:parse_blif$22473.genblk1.genblk1.genblk1.genblk1.genblk1.genblk1.genblk1.genblk1.genblk1.lut0 (6 -> 3)
  Optimizing lut $abc$22470$auto$blifparse.cc:557:parse_blif$22473.genblk1.genblk1.genblk1.genblk1.genblk1.genblk1.genblk1.genblk1.genblk1.lut1 (6 -> 3)
  Optimizing lut $abc$22470$auto$blifparse.cc:557:parse_blif$22478.genblk1.genblk1.genblk1.genblk1.genblk1.genblk1.genblk1.genblk1.genblk1.lut1 (6 -> 3)
  Optimizing lut $abc$22470$auto$blifparse.cc:557:parse_blif$22779.genblk1.genblk1.genblk1.genblk1.genblk1.genblk1.genblk1.genblk1.genblk1.lut0 (6 -> 3)
  Optimizing lut $abc$22470$auto$blifparse.cc:557:parse_blif$22484.genblk1.genblk1.genblk1.genblk1.genblk1.genblk1.genblk1.genblk1.genblk1.lut0 (6 -> 3)
  Optimizing lut $abc$22470$auto$blifparse.cc:557:parse_blif$22484.genblk1.genblk1.genblk1.genblk1.genblk1.genblk1.genblk1.genblk1.genblk1.lut1 (6 -> 3)
  Optimizing lut $abc$22470$auto$blifparse.cc:557:parse_blif$22489.genblk1.genblk1.genblk1.genblk1.genblk1.genblk1.genblk1.genblk1.genblk1.lut1 (6 -> 3)
  Optimizing lut $abc$22470$auto$blifparse.cc:557:parse_blif$22478.genblk1.genblk1.genblk1.genblk1.genblk1.genblk1.genblk1.genblk1.genblk1.lut0 (6 -> 3)
  Optimizing lut $abc$22470$auto$blifparse.cc:557:parse_blif$22495.genblk1.genblk1.genblk1.genblk1.genblk1.genblk1.genblk1.genblk1.genblk1.lut0 (6 -> 3)
  Optimizing lut $abc$22470$auto$blifparse.cc:557:parse_blif$22495.genblk1.genblk1.genblk1.genblk1.genblk1.genblk1.genblk1.genblk1.genblk1.lut1 (6 -> 3)
  Optimizing lut $abc$22470$auto$blifparse.cc:557:parse_blif$22500.genblk1.genblk1.genblk1.genblk1.genblk1.genblk1.genblk1.genblk1.genblk1.lut1 (6 -> 3)
  Optimizing lut $abc$22470$auto$blifparse.cc:557:parse_blif$22489.genblk1.genblk1.genblk1.genblk1.genblk1.genblk1.genblk1.genblk1.genblk1.lut0 (6 -> 3)
  Optimizing lut $abc$22470$auto$blifparse.cc:557:parse_blif$22506.genblk1.genblk1.genblk1.genblk1.genblk1.genblk1.genblk1.genblk1.genblk1.lut0 (6 -> 3)
  Optimizing lut $abc$22470$auto$blifparse.cc:557:parse_blif$22506.genblk1.genblk1.genblk1.genblk1.genblk1.genblk1.genblk1.genblk1.genblk1.lut1 (6 -> 3)
  Optimizing lut $abc$22470$auto$blifparse.cc:557:parse_blif$22511.genblk1.genblk1.genblk1.genblk1.genblk1.genblk1.genblk1.genblk1.genblk1.lut1 (6 -> 3)
  Optimizing lut $abc$22470$auto$blifparse.cc:557:parse_blif$22500.genblk1.genblk1.genblk1.genblk1.genblk1.genblk1.genblk1.genblk1.genblk1.lut0 (6 -> 3)
  Optimizing lut $abc$22470$auto$blifparse.cc:557:parse_blif$22517.genblk1.genblk1.genblk1.genblk1.genblk1.genblk1.genblk1.genblk1.genblk1.lut0 (6 -> 3)
  Optimizing lut $abc$22470$auto$blifparse.cc:557:parse_blif$22517.genblk1.genblk1.genblk1.genblk1.genblk1.genblk1.genblk1.genblk1.genblk1.lut1 (6 -> 3)
  Optimizing lut $abc$22470$auto$blifparse.cc:557:parse_blif$22522.genblk1.genblk1.genblk1.genblk1.genblk1.genblk1.genblk1.genblk1.genblk1.lut1 (6 -> 3)
  Optimizing lut $abc$22470$auto$blifparse.cc:557:parse_blif$22511.genblk1.genblk1.genblk1.genblk1.genblk1.genblk1.genblk1.genblk1.genblk1.lut0 (6 -> 3)
  Optimizing lut $abc$22470$auto$blifparse.cc:557:parse_blif$22528.genblk1.genblk1.genblk1.genblk1.genblk1.genblk1.genblk1.genblk1.genblk1.lut0 (6 -> 3)
  Optimizing lut $abc$22470$auto$blifparse.cc:557:parse_blif$22528.genblk1.genblk1.genblk1.genblk1.genblk1.genblk1.genblk1.genblk1.genblk1.lut1 (6 -> 3)
  Optimizing lut $abc$22470$auto$blifparse.cc:557:parse_blif$22533.genblk1.genblk1.genblk1.genblk1.genblk1.genblk1.genblk1.genblk1.genblk1.lut1 (6 -> 3)
  Optimizing lut $abc$22470$auto$blifparse.cc:557:parse_blif$22522.genblk1.genblk1.genblk1.genblk1.genblk1.genblk1.genblk1.genblk1.genblk1.lut0 (6 -> 3)
  Optimizing lut $abc$22470$auto$blifparse.cc:557:parse_blif$22540.genblk1.genblk1.genblk1.genblk1.genblk1.genblk1.genblk1.genblk1.genblk1.lut0 (6 -> 3)
  Optimizing lut $abc$22470$auto$blifparse.cc:557:parse_blif$22540.genblk1.genblk1.genblk1.genblk1.genblk1.genblk1.genblk1.genblk1.genblk1.lut1 (6 -> 3)
  Optimizing lut $abc$22470$auto$blifparse.cc:557:parse_blif$22545.genblk1.genblk1.genblk1.genblk1.genblk1.genblk1.genblk1.genblk1.genblk1.lut1 (6 -> 3)
  Optimizing lut $abc$22470$auto$blifparse.cc:557:parse_blif$22533.genblk1.genblk1.genblk1.genblk1.genblk1.genblk1.genblk1.genblk1.genblk1.lut0 (6 -> 3)
  Optimizing lut $abc$22470$auto$blifparse.cc:557:parse_blif$22551.genblk1.genblk1.genblk1.genblk1.genblk1.genblk1.genblk1.genblk1.genblk1.lut0 (6 -> 3)
  Optimizing lut $abc$22470$auto$blifparse.cc:557:parse_blif$22551.genblk1.genblk1.genblk1.genblk1.genblk1.genblk1.genblk1.genblk1.genblk1.lut1 (6 -> 3)
  Optimizing lut $abc$22470$auto$blifparse.cc:557:parse_blif$22556.genblk1.genblk1.genblk1.genblk1.genblk1.genblk1.genblk1.genblk1.genblk1.lut1 (6 -> 3)
  Optimizing lut $abc$22470$auto$blifparse.cc:557:parse_blif$22545.genblk1.genblk1.genblk1.genblk1.genblk1.genblk1.genblk1.genblk1.genblk1.lut0 (6 -> 3)
  Optimizing lut $abc$22470$auto$blifparse.cc:557:parse_blif$22562.genblk1.genblk1.genblk1.genblk1.genblk1.genblk1.genblk1.genblk1.genblk1.lut0 (6 -> 3)
  Optimizing lut $abc$22470$auto$blifparse.cc:557:parse_blif$22562.genblk1.genblk1.genblk1.genblk1.genblk1.genblk1.genblk1.genblk1.genblk1.lut1 (6 -> 3)
  Optimizing lut $abc$22470$auto$blifparse.cc:557:parse_blif$22567.genblk1.genblk1.genblk1.genblk1.genblk1.genblk1.genblk1.genblk1.genblk1.lut1 (6 -> 3)
  Optimizing lut $abc$22470$auto$blifparse.cc:557:parse_blif$22556.genblk1.genblk1.genblk1.genblk1.genblk1.genblk1.genblk1.genblk1.genblk1.lut0 (6 -> 3)
  Optimizing lut $abc$22470$auto$blifparse.cc:557:parse_blif$22573.genblk1.genblk1.genblk1.genblk1.genblk1.genblk1.genblk1.genblk1.genblk1.lut0 (6 -> 3)
  Optimizing lut $abc$22470$auto$blifparse.cc:557:parse_blif$22573.genblk1.genblk1.genblk1.genblk1.genblk1.genblk1.genblk1.genblk1.genblk1.lut1 (6 -> 3)
  Optimizing lut $abc$22470$auto$blifparse.cc:557:parse_blif$22578.genblk1.genblk1.genblk1.genblk1.genblk1.genblk1.genblk1.genblk1.genblk1.lut1 (6 -> 3)
  Optimizing lut $abc$22470$auto$blifparse.cc:557:parse_blif$22567.genblk1.genblk1.genblk1.genblk1.genblk1.genblk1.genblk1.genblk1.genblk1.lut0 (6 -> 3)
  Optimizing lut $abc$22470$auto$blifparse.cc:557:parse_blif$22584.genblk1.genblk1.genblk1.genblk1.genblk1.genblk1.genblk1.genblk1.genblk1.lut0 (6 -> 3)
  Optimizing lut $abc$22470$auto$blifparse.cc:557:parse_blif$22584.genblk1.genblk1.genblk1.genblk1.genblk1.genblk1.genblk1.genblk1.genblk1.lut1 (6 -> 3)
  Optimizing lut $abc$22470$auto$blifparse.cc:557:parse_blif$22589.genblk1.genblk1.genblk1.genblk1.genblk1.genblk1.genblk1.genblk1.genblk1.lut1 (6 -> 3)
  Optimizing lut $abc$22470$auto$blifparse.cc:557:parse_blif$22578.genblk1.genblk1.genblk1.genblk1.genblk1.genblk1.genblk1.genblk1.genblk1.lut0 (6 -> 3)
  Optimizing lut $abc$22470$auto$blifparse.cc:557:parse_blif$22595.genblk1.genblk1.genblk1.genblk1.genblk1.genblk1.genblk1.genblk1.genblk1.lut0 (6 -> 3)
  Optimizing lut $abc$22470$auto$blifparse.cc:557:parse_blif$22595.genblk1.genblk1.genblk1.genblk1.genblk1.genblk1.genblk1.genblk1.genblk1.lut1 (6 -> 3)
  Optimizing lut $abc$22470$auto$blifparse.cc:557:parse_blif$22600.genblk1.genblk1.genblk1.genblk1.genblk1.genblk1.genblk1.genblk1.genblk1.lut1 (6 -> 3)
  Optimizing lut $abc$22470$auto$blifparse.cc:557:parse_blif$22589.genblk1.genblk1.genblk1.genblk1.genblk1.genblk1.genblk1.genblk1.genblk1.lut0 (6 -> 3)
  Optimizing lut $abc$22470$auto$blifparse.cc:557:parse_blif$22607.genblk1.genblk1.genblk1.genblk1.genblk1.genblk1.genblk1.genblk1.genblk1.lut0 (6 -> 3)
  Optimizing lut $abc$22470$auto$blifparse.cc:557:parse_blif$22607.genblk1.genblk1.genblk1.genblk1.genblk1.genblk1.genblk1.genblk1.genblk1.lut1 (6 -> 3)
  Optimizing lut $abc$22470$auto$blifparse.cc:557:parse_blif$22612.genblk1.genblk1.genblk1.genblk1.genblk1.genblk1.genblk1.genblk1.genblk1.lut1 (6 -> 3)
  Optimizing lut $abc$22470$auto$blifparse.cc:557:parse_blif$22618.genblk1.genblk1.genblk1.genblk1.genblk1.genblk1.genblk1.genblk1.genblk1.lut0 (6 -> 3)
  Optimizing lut $abc$22470$auto$blifparse.cc:557:parse_blif$22618.genblk1.genblk1.genblk1.genblk1.genblk1.genblk1.genblk1.genblk1.genblk1.lut1 (6 -> 3)
  Optimizing lut $abc$22470$auto$blifparse.cc:557:parse_blif$22623.genblk1.genblk1.genblk1.genblk1.genblk1.genblk1.genblk1.genblk1.genblk1.lut1 (6 -> 3)
  Optimizing lut $abc$22470$auto$blifparse.cc:557:parse_blif$22612.genblk1.genblk1.genblk1.genblk1.genblk1.genblk1.genblk1.genblk1.genblk1.lut0 (6 -> 3)
  Optimizing lut $abc$22470$auto$blifparse.cc:557:parse_blif$22629.genblk1.genblk1.genblk1.genblk1.genblk1.genblk1.genblk1.genblk1.genblk1.lut0 (6 -> 3)
  Optimizing lut $abc$22470$auto$blifparse.cc:557:parse_blif$22629.genblk1.genblk1.genblk1.genblk1.genblk1.genblk1.genblk1.genblk1.genblk1.lut1 (6 -> 3)
  Optimizing lut $abc$22470$auto$blifparse.cc:557:parse_blif$22634.genblk1.genblk1.genblk1.genblk1.genblk1.genblk1.genblk1.genblk1.genblk1.lut1 (6 -> 3)
  Optimizing lut $abc$22470$auto$blifparse.cc:557:parse_blif$22623.genblk1.genblk1.genblk1.genblk1.genblk1.genblk1.genblk1.genblk1.genblk1.lut0 (6 -> 3)
  Optimizing lut $abc$22470$auto$blifparse.cc:557:parse_blif$22640.genblk1.genblk1.genblk1.genblk1.genblk1.genblk1.genblk1.genblk1.genblk1.lut0 (6 -> 3)
  Optimizing lut $abc$22470$auto$blifparse.cc:557:parse_blif$22640.genblk1.genblk1.genblk1.genblk1.genblk1.genblk1.genblk1.genblk1.genblk1.lut1 (6 -> 3)
  Optimizing lut $abc$22470$auto$blifparse.cc:557:parse_blif$22645.genblk1.genblk1.genblk1.genblk1.genblk1.genblk1.genblk1.genblk1.genblk1.lut1 (6 -> 3)
  Optimizing lut $abc$22470$auto$blifparse.cc:557:parse_blif$22634.genblk1.genblk1.genblk1.genblk1.genblk1.genblk1.genblk1.genblk1.genblk1.lut0 (6 -> 3)
  Optimizing lut $abc$22470$auto$blifparse.cc:557:parse_blif$22651.genblk1.genblk1.genblk1.genblk1.genblk1.genblk1.genblk1.genblk1.genblk1.lut0 (6 -> 3)
  Optimizing lut $abc$22470$auto$blifparse.cc:557:parse_blif$22651.genblk1.genblk1.genblk1.genblk1.genblk1.genblk1.genblk1.genblk1.genblk1.lut1 (6 -> 3)
  Optimizing lut $abc$22470$auto$blifparse.cc:557:parse_blif$22656.genblk1.genblk1.genblk1.genblk1.genblk1.genblk1.genblk1.genblk1.genblk1.lut1 (6 -> 3)
  Optimizing lut $abc$22470$auto$blifparse.cc:557:parse_blif$22645.genblk1.genblk1.genblk1.genblk1.genblk1.genblk1.genblk1.genblk1.genblk1.lut0 (6 -> 3)
  Optimizing lut $abc$22470$auto$blifparse.cc:557:parse_blif$22662.genblk1.genblk1.genblk1.genblk1.genblk1.genblk1.genblk1.genblk1.genblk1.lut0 (6 -> 3)
  Optimizing lut $abc$22470$auto$blifparse.cc:557:parse_blif$22662.genblk1.genblk1.genblk1.genblk1.genblk1.genblk1.genblk1.genblk1.genblk1.lut1 (6 -> 3)
  Optimizing lut $abc$22470$auto$blifparse.cc:557:parse_blif$22667.genblk1.genblk1.genblk1.genblk1.genblk1.genblk1.genblk1.genblk1.genblk1.lut1 (6 -> 3)
  Optimizing lut $abc$22470$auto$blifparse.cc:557:parse_blif$22656.genblk1.genblk1.genblk1.genblk1.genblk1.genblk1.genblk1.genblk1.genblk1.lut0 (6 -> 3)
  Optimizing lut $abc$22470$auto$blifparse.cc:557:parse_blif$22674.genblk1.genblk1.genblk1.genblk1.genblk1.genblk1.genblk1.genblk1.genblk1.lut0 (6 -> 3)
  Optimizing lut $abc$22470$auto$blifparse.cc:557:parse_blif$22674.genblk1.genblk1.genblk1.genblk1.genblk1.genblk1.genblk1.genblk1.genblk1.lut1 (6 -> 3)
  Optimizing lut $abc$22470$auto$blifparse.cc:557:parse_blif$22679.genblk1.genblk1.genblk1.genblk1.genblk1.genblk1.genblk1.genblk1.genblk1.lut1 (6 -> 3)
  Optimizing lut $abc$22470$auto$blifparse.cc:557:parse_blif$22667.genblk1.genblk1.genblk1.genblk1.genblk1.genblk1.genblk1.genblk1.genblk1.lut0 (6 -> 3)
  Optimizing lut $abc$22470$auto$blifparse.cc:557:parse_blif$22685.genblk1.genblk1.genblk1.genblk1.genblk1.genblk1.genblk1.genblk1.genblk1.lut0 (6 -> 3)
  Optimizing lut $abc$22470$auto$blifparse.cc:557:parse_blif$22685.genblk1.genblk1.genblk1.genblk1.genblk1.genblk1.genblk1.genblk1.genblk1.lut1 (6 -> 3)
  Optimizing lut $abc$22470$auto$blifparse.cc:557:parse_blif$22690.genblk1.genblk1.genblk1.genblk1.genblk1.genblk1.genblk1.genblk1.genblk1.lut1 (6 -> 3)
  Optimizing lut $abc$22470$auto$blifparse.cc:557:parse_blif$22679.genblk1.genblk1.genblk1.genblk1.genblk1.genblk1.genblk1.genblk1.genblk1.lut0 (6 -> 3)
  Optimizing lut $abc$22470$auto$blifparse.cc:557:parse_blif$22696.genblk1.genblk1.genblk1.genblk1.genblk1.genblk1.genblk1.genblk1.genblk1.lut0 (6 -> 3)
  Optimizing lut $abc$22470$auto$blifparse.cc:557:parse_blif$22696.genblk1.genblk1.genblk1.genblk1.genblk1.genblk1.genblk1.genblk1.genblk1.lut1 (6 -> 3)
  Optimizing lut $abc$22470$auto$blifparse.cc:557:parse_blif$22701.genblk1.genblk1.genblk1.genblk1.genblk1.genblk1.genblk1.genblk1.genblk1.lut1 (6 -> 3)
  Optimizing lut $abc$22470$auto$blifparse.cc:557:parse_blif$22690.genblk1.genblk1.genblk1.genblk1.genblk1.genblk1.genblk1.genblk1.genblk1.lut0 (6 -> 3)
  Optimizing lut $abc$22470$auto$blifparse.cc:557:parse_blif$22707.genblk1.genblk1.genblk1.genblk1.genblk1.genblk1.genblk1.genblk1.genblk1.lut0 (6 -> 3)
  Optimizing lut $abc$22470$auto$blifparse.cc:557:parse_blif$22707.genblk1.genblk1.genblk1.genblk1.genblk1.genblk1.genblk1.genblk1.genblk1.lut1 (6 -> 3)
  Optimizing lut $abc$22470$auto$blifparse.cc:557:parse_blif$22712.genblk1.genblk1.genblk1.genblk1.genblk1.genblk1.genblk1.genblk1.genblk1.lut1 (6 -> 3)
  Optimizing lut $abc$22470$auto$blifparse.cc:557:parse_blif$22701.genblk1.genblk1.genblk1.genblk1.genblk1.genblk1.genblk1.genblk1.genblk1.lut0 (6 -> 3)
  Optimizing lut $abc$22470$auto$blifparse.cc:557:parse_blif$22718.genblk1.genblk1.genblk1.genblk1.genblk1.genblk1.genblk1.genblk1.genblk1.lut0 (6 -> 3)
  Optimizing lut $abc$22470$auto$blifparse.cc:557:parse_blif$22718.genblk1.genblk1.genblk1.genblk1.genblk1.genblk1.genblk1.genblk1.genblk1.lut1 (6 -> 3)
  Optimizing lut $abc$22470$auto$blifparse.cc:557:parse_blif$22723.genblk1.genblk1.genblk1.genblk1.genblk1.genblk1.genblk1.genblk1.genblk1.lut1 (6 -> 3)
  Optimizing lut $abc$22470$auto$blifparse.cc:557:parse_blif$22712.genblk1.genblk1.genblk1.genblk1.genblk1.genblk1.genblk1.genblk1.genblk1.lut0 (6 -> 3)
  Optimizing lut $abc$22470$auto$blifparse.cc:557:parse_blif$22729.genblk1.genblk1.genblk1.genblk1.genblk1.genblk1.genblk1.genblk1.genblk1.lut0 (6 -> 3)
  Optimizing lut $abc$22470$auto$blifparse.cc:557:parse_blif$22729.genblk1.genblk1.genblk1.genblk1.genblk1.genblk1.genblk1.genblk1.genblk1.lut1 (6 -> 3)
  Optimizing lut $abc$22470$auto$blifparse.cc:557:parse_blif$22734.genblk1.genblk1.genblk1.genblk1.genblk1.genblk1.genblk1.genblk1.genblk1.lut1 (6 -> 3)
  Optimizing lut $abc$22470$auto$blifparse.cc:557:parse_blif$22723.genblk1.genblk1.genblk1.genblk1.genblk1.genblk1.genblk1.genblk1.genblk1.lut0 (6 -> 3)
  Optimizing lut $abc$22470$auto$blifparse.cc:557:parse_blif$22766.genblk1.genblk1.genblk1.genblk1.genblk1.genblk1.genblk1.genblk1.genblk1.lut0 (6 -> 3)
  Optimizing lut $abc$22470$auto$blifparse.cc:557:parse_blif$22740.genblk1.genblk1.genblk1.genblk1.genblk1.genblk1.genblk1.genblk1.genblk1.lut1 (6 -> 3)
  Optimizing lut $abc$22470$auto$blifparse.cc:557:parse_blif$22753.genblk1.genblk1.genblk1.genblk1.genblk1.genblk1.genblk1.genblk1.genblk1.lut1 (6 -> 3)
  Optimizing lut $abc$22470$auto$blifparse.cc:557:parse_blif$22734.genblk1.genblk1.genblk1.genblk1.genblk1.genblk1.genblk1.genblk1.genblk1.lut0 (6 -> 3)
  Optimizing lut $abc$22470$auto$blifparse.cc:557:parse_blif$22766.genblk1.genblk1.genblk1.genblk1.genblk1.genblk1.genblk1.genblk1.genblk1.lut1 (6 -> 3)
  Optimizing lut $abc$22470$auto$blifparse.cc:557:parse_blif$22740.genblk1.genblk1.genblk1.genblk1.genblk1.genblk1.genblk1.genblk1.genblk1.lut0 (6 -> 3)
  Optimizing lut $abc$22470$auto$blifparse.cc:557:parse_blif$22779.genblk1.genblk1.genblk1.genblk1.genblk1.genblk1.genblk1.genblk1.genblk1.lut1 (6 -> 3)
  Optimizing lut $abc$22470$auto$blifparse.cc:557:parse_blif$22753.genblk1.genblk1.genblk1.genblk1.genblk1.genblk1.genblk1.genblk1.genblk1.lut0 (6 -> 3)
  Optimizing lut $abc$22470$auto$blifparse.cc:557:parse_blif$23411.genblk1.genblk1.genblk1.genblk1.genblk1.genblk1.genblk1.genblk1.genblk1.lut0 (6 -> 3)
  Optimizing lut $abc$22470$auto$blifparse.cc:557:parse_blif$23391.genblk1.genblk1.genblk1.genblk1.genblk1.genblk1.genblk1.genblk1.genblk1.lut1 (6 -> 3)
  Optimizing lut $abc$22470$auto$blifparse.cc:557:parse_blif$23396.genblk1.genblk1.genblk1.genblk1.genblk1.genblk1.genblk1.genblk1.genblk1.lut1 (6 -> 3)
  Optimizing lut $abc$22470$auto$blifparse.cc:557:parse_blif$22600.genblk1.genblk1.genblk1.genblk1.genblk1.genblk1.genblk1.genblk1.genblk1.lut0 (6 -> 3)
  Optimizing lut $abc$22470$auto$blifparse.cc:557:parse_blif$23401.genblk1.genblk1.genblk1.genblk1.genblk1.genblk1.genblk1.genblk1.genblk1.lut1 (6 -> 3)
  Optimizing lut $abc$22470$auto$blifparse.cc:557:parse_blif$23391.genblk1.genblk1.genblk1.genblk1.genblk1.genblk1.genblk1.genblk1.genblk1.lut0 (6 -> 3)
  Optimizing lut $abc$22470$auto$blifparse.cc:557:parse_blif$23406.genblk1.genblk1.genblk1.genblk1.genblk1.genblk1.genblk1.genblk1.genblk1.lut1 (6 -> 3)
  Optimizing lut $abc$22470$auto$blifparse.cc:557:parse_blif$23396.genblk1.genblk1.genblk1.genblk1.genblk1.genblk1.genblk1.genblk1.genblk1.lut0 (6 -> 3)
  Optimizing lut $abc$22470$auto$blifparse.cc:557:parse_blif$23411.genblk1.genblk1.genblk1.genblk1.genblk1.genblk1.genblk1.genblk1.genblk1.lut1 (6 -> 3)
  Optimizing lut $abc$22470$auto$blifparse.cc:557:parse_blif$23401.genblk1.genblk1.genblk1.genblk1.genblk1.genblk1.genblk1.genblk1.genblk1.lut0 (6 -> 3)
  Optimizing lut $abc$22470$auto$blifparse.cc:557:parse_blif$23416.genblk1.genblk1.genblk1.genblk1.genblk1.genblk1.genblk1.genblk1.genblk1.lut1 (6 -> 3)
  Optimizing lut $abc$22470$auto$blifparse.cc:557:parse_blif$23406.genblk1.genblk1.genblk1.genblk1.genblk1.genblk1.genblk1.genblk1.genblk1.lut0 (6 -> 3)
  Optimizing lut $abc$22470$auto$blifparse.cc:557:parse_blif$23442.genblk1.genblk1.genblk1.genblk1.genblk1.genblk1.genblk1.genblk1.genblk1.lut0 (6 -> 3)
  Optimizing lut $abc$22470$auto$blifparse.cc:557:parse_blif$23422.genblk1.genblk1.genblk1.genblk1.genblk1.genblk1.genblk1.genblk1.genblk1.lut1 (6 -> 3)
  Optimizing lut $abc$22470$auto$blifparse.cc:557:parse_blif$23427.genblk1.genblk1.genblk1.genblk1.genblk1.genblk1.genblk1.genblk1.genblk1.lut1 (6 -> 3)
  Optimizing lut $abc$22470$auto$blifparse.cc:557:parse_blif$23416.genblk1.genblk1.genblk1.genblk1.genblk1.genblk1.genblk1.genblk1.genblk1.lut0 (6 -> 3)
  Optimizing lut $abc$22470$auto$blifparse.cc:557:parse_blif$23432.genblk1.genblk1.genblk1.genblk1.genblk1.genblk1.genblk1.genblk1.genblk1.lut1 (6 -> 3)
  Optimizing lut $abc$22470$auto$blifparse.cc:557:parse_blif$23422.genblk1.genblk1.genblk1.genblk1.genblk1.genblk1.genblk1.genblk1.genblk1.lut0 (6 -> 3)
  Optimizing lut $abc$22470$auto$blifparse.cc:557:parse_blif$23437.genblk1.genblk1.genblk1.genblk1.genblk1.genblk1.genblk1.genblk1.genblk1.lut1 (6 -> 3)
  Optimizing lut $abc$22470$auto$blifparse.cc:557:parse_blif$23427.genblk1.genblk1.genblk1.genblk1.genblk1.genblk1.genblk1.genblk1.genblk1.lut0 (6 -> 3)
  Optimizing lut $abc$22470$auto$blifparse.cc:557:parse_blif$23442.genblk1.genblk1.genblk1.genblk1.genblk1.genblk1.genblk1.genblk1.genblk1.lut1 (6 -> 3)
  Optimizing lut $abc$22470$auto$blifparse.cc:557:parse_blif$23432.genblk1.genblk1.genblk1.genblk1.genblk1.genblk1.genblk1.genblk1.genblk1.lut0 (6 -> 3)
  Optimizing lut $abc$22470$auto$blifparse.cc:557:parse_blif$23447.genblk1.genblk1.genblk1.genblk1.genblk1.genblk1.genblk1.genblk1.genblk1.lut1 (6 -> 3)
  Optimizing lut $abc$22470$auto$blifparse.cc:557:parse_blif$23437.genblk1.genblk1.genblk1.genblk1.genblk1.genblk1.genblk1.genblk1.genblk1.lut0 (6 -> 3)
  Optimizing lut $abc$22470$auto$blifparse.cc:557:parse_blif$23556.genblk1.genblk1.genblk1.genblk1.genblk1.genblk1.genblk1.genblk1.genblk1.lut1 (6 -> 3)
  Optimizing lut $abc$22470$auto$blifparse.cc:557:parse_blif$23447.genblk1.genblk1.genblk1.genblk1.genblk1.genblk1.genblk1.genblk1.genblk1.lut0 (6 -> 3)
Optimizing LUTs in cap_pdb_parallel_compact_allocation_engine.
  Optimizing lut $abc$23608$auto$blifparse.cc:557:parse_blif$27226.genblk1.genblk1.genblk1.genblk1.genblk1.genblk1.genblk1.genblk1.genblk1.genblk1.lut1.genblk1.genblk1.genblk1.genblk1.genblk1.genblk1.genblk1.genblk1.genblk1.lut0 (6 -> 0)
  Optimizing lut $abc$23608$auto$blifparse.cc:557:parse_blif$27210.genblk1.genblk1.genblk1.genblk1.genblk1.genblk1.genblk1.genblk1.genblk1.genblk1.lut1.genblk1.genblk1.genblk1.genblk1.genblk1.genblk1.genblk1.genblk1.genblk1.lut0 (6 -> 0)
  Optimizing lut $abc$23608$auto$blifparse.cc:557:parse_blif$27200.genblk1.genblk1.genblk1.genblk1.genblk1.genblk1.genblk1.genblk1.genblk1.genblk1.lut1.genblk1.genblk1.genblk1.genblk1.genblk1.genblk1.genblk1.genblk1.genblk1.lut0 (6 -> 0)
  Optimizing lut $abc$23608$auto$blifparse.cc:557:parse_blif$27178.genblk1.genblk1.genblk1.genblk1.genblk1.genblk1.genblk1.genblk1.genblk1.genblk1.lut1.genblk1.genblk1.genblk1.genblk1.genblk1.genblk1.genblk1.genblk1.genblk1.lut0 (6 -> 0)
  Optimizing lut $abc$23608$auto$blifparse.cc:557:parse_blif$27132.genblk1.genblk1.genblk1.genblk1.genblk1.genblk1.genblk1.genblk1.genblk1.genblk1.lut1.genblk1.genblk1.genblk1.genblk1.genblk1.genblk1.genblk1.genblk1.genblk1.lut0 (6 -> 0)
  Optimizing lut $abc$23608$auto$blifparse.cc:557:parse_blif$27124.genblk1.genblk1.genblk1.genblk1.genblk1.genblk1.genblk1.genblk1.genblk1.genblk1.lut1.genblk1.genblk1.genblk1.genblk1.genblk1.genblk1.genblk1.genblk1.genblk1.lut0 (6 -> 0)
  Optimizing lut $abc$23608$auto$blifparse.cc:557:parse_blif$27104.genblk1.genblk1.genblk1.genblk1.genblk1.genblk1.genblk1.genblk1.genblk1.genblk1.lut1.genblk1.genblk1.genblk1.genblk1.genblk1.genblk1.genblk1.genblk1.genblk1.lut0 (6 -> 0)
  Optimizing lut $abc$23608$auto$blifparse.cc:557:parse_blif$27133.genblk1.genblk1.genblk1.genblk1.genblk1.genblk1.genblk1.genblk1.genblk1.lut0 (6 -> 0)
  Optimizing lut $abc$23608$auto$blifparse.cc:557:parse_blif$27211.genblk1.genblk1.genblk1.genblk1.genblk1.genblk1.genblk1.genblk1.genblk1.lut0 (6 -> 0)
  Optimizing lut $abc$23608$auto$blifparse.cc:557:parse_blif$27227.genblk1.genblk1.genblk1.genblk1.genblk1.genblk1.genblk1.genblk1.genblk1.lut0 (6 -> 0)
  Optimizing lut $abc$23608$auto$blifparse.cc:557:parse_blif$27214.genblk1.genblk1.genblk1.genblk1.genblk1.genblk1.genblk1.genblk1.genblk1.lut0 (6 -> 0)
  Optimizing lut $abc$23608$auto$blifparse.cc:557:parse_blif$27151.genblk1.genblk1.genblk1.genblk1.genblk1.genblk1.genblk1.genblk1.genblk1.lut0 (6 -> 0)
  Optimizing lut $abc$23608$auto$blifparse.cc:557:parse_blif$27230.genblk1.genblk1.genblk1.genblk1.genblk1.genblk1.genblk1.genblk1.genblk1.lut0 (6 -> 0)
  Optimizing lut $abc$23608$auto$blifparse.cc:557:parse_blif$27108.genblk1.genblk1.genblk1.genblk1.genblk1.genblk1.genblk1.genblk1.genblk1.lut0 (6 -> 0)
  Optimizing lut $abc$23608$auto$blifparse.cc:557:parse_blif$27089.genblk1.genblk1.genblk1.genblk1.genblk1.genblk1.genblk1.genblk1.genblk1.lut0 (6 -> 0)
  Optimizing lut $abc$23608$auto$blifparse.cc:557:parse_blif$27190.genblk1.genblk1.genblk1.genblk1.genblk1.genblk1.genblk1.genblk1.genblk1.lut0 (6 -> 0)
  Optimizing lut $abc$23608$auto$blifparse.cc:557:parse_blif$27102.genblk1.genblk1.genblk1.genblk1.genblk1.genblk1.genblk1.genblk1.genblk1.lut0 (6 -> 0)
  Optimizing lut $abc$23608$auto$blifparse.cc:557:parse_blif$27267.genblk1.genblk1.genblk1.genblk1.genblk1.genblk1.genblk1.genblk1.genblk1.lut1 (6 -> 1)
  Optimizing lut $abc$23608$auto$blifparse.cc:557:parse_blif$27091.genblk1.genblk1.genblk1.genblk1.genblk1.genblk1.genblk1.genblk1.genblk1.lut0 (6 -> 0)
  Optimizing lut $abc$23608$auto$blifparse.cc:557:parse_blif$27093.genblk1.genblk1.genblk1.genblk1.genblk1.genblk1.genblk1.genblk1.genblk1.lut0 (6 -> 0)
  Optimizing lut $abc$23608$auto$blifparse.cc:557:parse_blif$27096.genblk1.genblk1.genblk1.genblk1.genblk1.genblk1.genblk1.genblk1.genblk1.lut0 (6 -> 0)
  Optimizing lut $abc$23608$auto$blifparse.cc:557:parse_blif$27110.genblk1.genblk1.genblk1.genblk1.genblk1.genblk1.genblk1.genblk1.genblk1.lut0 (6 -> 0)
  Optimizing lut $abc$23608$auto$blifparse.cc:557:parse_blif$27112.genblk1.genblk1.genblk1.genblk1.genblk1.genblk1.genblk1.genblk1.genblk1.lut0 (6 -> 0)
  Optimizing lut $abc$23608$auto$blifparse.cc:557:parse_blif$27123.genblk1.genblk1.genblk1.genblk1.genblk1.genblk1.genblk1.genblk1.genblk1.lut0 (6 -> 0)
  Optimizing lut $abc$23608$auto$blifparse.cc:557:parse_blif$27129.genblk1.genblk1.genblk1.genblk1.genblk1.genblk1.genblk1.genblk1.genblk1.lut0 (6 -> 0)
  Optimizing lut $abc$23608$auto$blifparse.cc:557:parse_blif$27144.genblk1.genblk1.genblk1.genblk1.genblk1.genblk1.genblk1.genblk1.genblk1.lut0 (6 -> 0)
  Optimizing lut $abc$23608$auto$blifparse.cc:557:parse_blif$27146.genblk1.genblk1.genblk1.genblk1.genblk1.genblk1.genblk1.genblk1.genblk1.lut0 (6 -> 0)
  Optimizing lut $abc$23608$auto$blifparse.cc:557:parse_blif$27154.genblk1.genblk1.genblk1.genblk1.genblk1.genblk1.genblk1.genblk1.genblk1.lut0 (6 -> 0)
  Optimizing lut $abc$23608$auto$blifparse.cc:557:parse_blif$27164.genblk1.genblk1.genblk1.genblk1.genblk1.genblk1.genblk1.genblk1.genblk1.lut0 (6 -> 0)
  Optimizing lut $abc$23608$auto$blifparse.cc:557:parse_blif$27168.genblk1.genblk1.genblk1.genblk1.genblk1.genblk1.genblk1.genblk1.genblk1.lut0 (6 -> 0)
  Optimizing lut $abc$23608$auto$blifparse.cc:557:parse_blif$27192.genblk1.genblk1.genblk1.genblk1.genblk1.genblk1.genblk1.genblk1.genblk1.lut0 (6 -> 0)
  Optimizing lut $abc$23608$auto$blifparse.cc:557:parse_blif$27207.genblk1.genblk1.genblk1.genblk1.genblk1.genblk1.genblk1.genblk1.genblk1.lut0 (6 -> 0)
  Optimizing lut $abc$23608$auto$blifparse.cc:557:parse_blif$27209.genblk1.genblk1.genblk1.genblk1.genblk1.genblk1.genblk1.genblk1.genblk1.lut0 (6 -> 0)
  Optimizing lut $abc$23608$auto$blifparse.cc:557:parse_blif$27223.genblk1.genblk1.genblk1.genblk1.genblk1.genblk1.genblk1.genblk1.genblk1.lut0 (6 -> 0)
  Optimizing lut $abc$23608$auto$blifparse.cc:557:parse_blif$27225.genblk1.genblk1.genblk1.genblk1.genblk1.genblk1.genblk1.genblk1.genblk1.lut0 (6 -> 0)
  Optimizing lut $abc$23608$auto$blifparse.cc:557:parse_blif$27232.genblk1.genblk1.genblk1.genblk1.genblk1.genblk1.genblk1.genblk1.genblk1.lut0 (6 -> 0)

5.48. Executing CLKBUFMAP pass (inserting clock buffers).
Inserting BUFG on cap_pdb_parallel_compact_allocation_engine.$iopadmap$clk[0].
Removed 626 unused cells and 18847 unused wires.

5.49. Executing HIERARCHY pass (managing design hierarchy).
Attribute `top' found on module `cap_pdb_parallel_compact_allocation_engine'. Setting top module to cap_pdb_parallel_compact_allocation_engine.

5.49.1. Analyzing design hierarchy..
Top module:  \cap_pdb_parallel_compact_allocation_engine
Used module:     $paramod$cbc3189b30a0f0ae8c16e45df15b3f5a54303a8f\cap_pdb_masked_min32
Used module:     $paramod$b5bfe1d4fce40940586b6e35fec61194ae5a8fde\cap_pdb_state_wide_bank

5.49.2. Analyzing design hierarchy..
Top module:  \cap_pdb_parallel_compact_allocation_engine
Used module:     $paramod$cbc3189b30a0f0ae8c16e45df15b3f5a54303a8f\cap_pdb_masked_min32
Used module:     $paramod$b5bfe1d4fce40940586b6e35fec61194ae5a8fde\cap_pdb_state_wide_bank
Removed 0 unused modules.

5.50. Printing statistics.

=== $paramod$b5bfe1d4fce40940586b6e35fec61194ae5a8fde\cap_pdb_state_wide_bank ===

        +----------Local Count, excluding submodules.
        |
        8 wires
     1081 wire bits
        7 public wires
     1045 public wire bits
        7 ports
     1045 port bits
       15 cells
       15   RAMB18E1

   Estimated number of LCs:          0

=== $paramod$cbc3189b30a0f0ae8c16e45df15b3f5a54303a8f\cap_pdb_masked_min32 ===

        +----------Local Count, excluding submodules.
        |
      638 wires
     3348 wire bits
        3 public wires
      560 public wire bits
        3 ports
      560 port bits
     1202 cells
      144   LUT2
      320   LUT3
       20   LUT4
      367   LUT5
      351   LUT6
      127 submodules
       62   CARRY4
       65   MUXF7

   Estimated number of LCs:       1058

=== cap_pdb_parallel_compact_allocation_engine ===

        +----------Local Count, excluding submodules.
        |
     2327 wires
    18834 wire bits
      140 public wires
    11237 public wire bits
       15 ports
     1056 port bits
     5455 cells
        1   BUFG
     1013   IBUF
      405   INV
        1   LUT1
      734   LUT2
     1510   LUT3
       53   LUT4
      222   LUT5
     1473   LUT6
       43   OBUF
     1007 submodules
       13   $paramod$b5bfe1d4fce40940586b6e35fec61194ae5a8fde\cap_pdb_state_wide_bank
       13   $paramod$cbc3189b30a0f0ae8c16e45df15b3f5a54303a8f\cap_pdb_masked_min32
      140   CARRY4
      462   FDRE
      208   FDSE
      134   MUXF7
       37   MUXF8

   Estimated number of LCs:      17012

=== design hierarchy ===

        +----------Count including submodules.
        |
    21276 cap_pdb_parallel_compact_allocation_engine
       15 $paramod$b5bfe1d4fce40940586b6e35fec61194ae5a8fde\cap_pdb_state_wide_bank
     1202 $paramod$cbc3189b30a0f0ae8c16e45df15b3f5a54303a8f\cap_pdb_masked_min32

        +----------Count including submodules.
        |
    10725 wires
    76411 wire bits
      270 public wires
    32102 public wire bits
      145 ports
    21921 port bits
        - memories
        - memory bits
        - processes
    21276 cells
        1   BUFG
     1013   IBUF
      405   INV
        1   LUT1
     2606   LUT2
     5670   LUT3
      313   LUT4
     4993   LUT5
     6036   LUT6
       43   OBUF
      195   RAMB18E1
     1007 submodules
       13   $paramod$b5bfe1d4fce40940586b6e35fec61194ae5a8fde\cap_pdb_state_wide_bank
       13   $paramod$cbc3189b30a0f0ae8c16e45df15b3f5a54303a8f\cap_pdb_masked_min32
      140   CARRY4
      462   FDRE
      208   FDSE
      134   MUXF7
       37   MUXF8

   Estimated number of LCs:      17012

5.51. Executing CHECK pass (checking for obvious problems).
Checking module $paramod$b5bfe1d4fce40940586b6e35fec61194ae5a8fde\cap_pdb_state_wide_bank...
Checking module $paramod$cbc3189b30a0f0ae8c16e45df15b3f5a54303a8f\cap_pdb_masked_min32...
Checking module cap_pdb_parallel_compact_allocation_engine...
Found and reported 0 problems.

6. Executing CHECK pass (checking for obvious problems).
Checking module $paramod$b5bfe1d4fce40940586b6e35fec61194ae5a8fde\cap_pdb_state_wide_bank...
Checking module $paramod$cbc3189b30a0f0ae8c16e45df15b3f5a54303a8f\cap_pdb_masked_min32...
Checking module cap_pdb_parallel_compact_allocation_engine...
Found and reported 0 problems.

7. Printing statistics.

=== $paramod$b5bfe1d4fce40940586b6e35fec61194ae5a8fde\cap_pdb_state_wide_bank ===

        +----------Local Count, excluding submodules.
        |
        8 wires
     1081 wire bits
        7 public wires
     1045 public wire bits
        7 ports
     1045 port bits
       15 cells
       15   RAMB18E1

=== $paramod$cbc3189b30a0f0ae8c16e45df15b3f5a54303a8f\cap_pdb_masked_min32 ===

        +----------Local Count, excluding submodules.
        |
      638 wires
     3348 wire bits
        3 public wires
      560 public wire bits
        3 ports
      560 port bits
     1329 cells
       62   CARRY4
      144   LUT2
      320   LUT3
       20   LUT4
      367   LUT5
      351   LUT6
       65   MUXF7

=== cap_pdb_parallel_compact_allocation_engine ===

        +----------Local Count, excluding submodules.
        |
     2327 wires
    18834 wire bits
      140 public wires
    11237 public wire bits
       15 ports
     1056 port bits
     6436 cells
        1   BUFG
      140   CARRY4
      462   FDRE
      208   FDSE
     1013   IBUF
      405   INV
        1   LUT1
      734   LUT2
     1510   LUT3
       53   LUT4
      222   LUT5
     1473   LUT6
      134   MUXF7
       37   MUXF8
       43   OBUF
       26 submodules
       13   $paramod$b5bfe1d4fce40940586b6e35fec61194ae5a8fde\cap_pdb_state_wide_bank
       13   $paramod$cbc3189b30a0f0ae8c16e45df15b3f5a54303a8f\cap_pdb_masked_min32

=== design hierarchy ===

        +----------Count including submodules.
        |
    23908 cap_pdb_parallel_compact_allocation_engine
       15 $paramod$b5bfe1d4fce40940586b6e35fec61194ae5a8fde\cap_pdb_state_wide_bank
     1329 $paramod$cbc3189b30a0f0ae8c16e45df15b3f5a54303a8f\cap_pdb_masked_min32

        +----------Count including submodules.
        |
    10725 wires
    76411 wire bits
      270 public wires
    32102 public wire bits
      145 ports
    21921 port bits
        - memories
        - memory bits
        - processes
    23908 cells
        1   BUFG
      946   CARRY4
      462   FDRE
      208   FDSE
     1013   IBUF
      405   INV
        1   LUT1
     2606   LUT2
     5670   LUT3
      313   LUT4
     4993   LUT5
     6036   LUT6
      979   MUXF7
       37   MUXF8
       43   OBUF
      195   RAMB18E1
       26 submodules
       13   $paramod$b5bfe1d4fce40940586b6e35fec61194ae5a8fde\cap_pdb_state_wide_bank
       13   $paramod$cbc3189b30a0f0ae8c16e45df15b3f5a54303a8f\cap_pdb_masked_min32

Warnings: 2 unique messages, 4 total
End of script. Logfile hash: 9ba322d0e2, time: 21.42s, user: 21.44s, system: 0.00s
Yosys 0.64 (git sha1 ca8886890, ccache clang++  -O3 -fwasm-exceptions -mllvm) [yowasp/yosys at release]
Time spent: 69% 1x abc (14 sec), 11% 19x read_verilog (2 sec), ...
