yowasp-yosys: fetched 0% (0 / 53963000)
yowasp-yosys: fetched 20% (10618880 / 53963000)
yowasp-yosys: fetched 100% (53926307 / 53963000)
yowasp-yosys: fetched 100% (53960988 / 53963000)
yowasp-yosys: fetched 100% (53962370 / 53963000)
yowasp-yosys: fetched 100% (53963000 / 53963000)

 /----------------------------------------------------------------------------\
 |  yosys -- Yosys Open SYnthesis Suite                                       |
 |  Copyright (C) 2012 - 2026  Claire Xenia Wolf <claire@yosyshq.com>         |
 |  Distributed under an ISC-like license, type "license" to see terms        |
 \----------------------------------------------------------------------------/
 Yosys 0.64 (git sha1 ca8886890, ccache clang++  -O3 -fwasm-exceptions -mllvm) [yowasp/yosys at release]

-- Running command `read_verilog -sv cap_pdb_parallel_compact_engine.sv; chparam -set K 64 -set ORDER 4 -set GROUPS 13 -set STATE_BITS 5 -set COST_W 16 -set ACC_W 24 -set SPLIT 48 -set LANES 16 cap_pdb_parallel_compact_allocation_engine; hierarchy -top cap_pdb_parallel_compact_allocation_engine; check -assert; synth_xilinx -family xc7 -top cap_pdb_parallel_compact_allocation_engine; check -assert; stat' --

1. Executing Verilog-2005 frontend: cap_pdb_parallel_compact_engine.sv
Parsing SystemVerilog input from `cap_pdb_parallel_compact_engine.sv' to AST representation.
Generating RTLIL representation for module `\cap_pdb_state_wide_bank'.
Generating RTLIL representation for module `\cap_pdb_masked_min32'.
Generating RTLIL representation for module `\cap_pdb_parallel_compact_allocation_engine'.
Warning: Replacing memory \group_minimum with list of registers. See cap_pdb_parallel_compact_engine.sv:259
Warning: Replacing memory \remaining with list of registers. See cap_pdb_parallel_compact_engine.sv:258
Successfully finished Verilog frontend.
Parameter \K = 64
Parameter \ORDER = 4
Parameter \GROUPS = 13
Parameter \STATE_BITS = 5
Parameter \COST_W = 16
Parameter \ACC_W = 24
Parameter \SPLIT = 48
Parameter \LANES = 16

2. Executing AST frontend in derive mode using pre-parsed AST for module `\cap_pdb_parallel_compact_allocation_engine'.
Parameter \K = 64
Parameter \ORDER = 4
Parameter \GROUPS = 13
Parameter \STATE_BITS = 5
Parameter \COST_W = 16
Parameter \ACC_W = 24
Parameter \SPLIT = 48
Parameter \LANES = 16
Generating RTLIL representation for module `$paramod$84e461cc48bb01e5946f173b96bf2b91522f996e\cap_pdb_parallel_compact_allocation_engine'.
Warning: Replacing memory \group_minimum with list of registers. See cap_pdb_parallel_compact_engine.sv:259
Warning: Replacing memory \remaining with list of registers. See cap_pdb_parallel_compact_engine.sv:258

3. Executing HIERARCHY pass (managing design hierarchy).

3.1. Analyzing design hierarchy..
Top module:  \cap_pdb_parallel_compact_allocation_engine
Used module:     \cap_pdb_state_wide_bank
Used module:     \cap_pdb_masked_min32
Parameter \ROWS = 325
Parameter \ROW_ADDR_W = 9
Parameter \WORD_W = 512

3.2. Executing AST frontend in derive mode using pre-parsed AST for module `\cap_pdb_state_wide_bank'.
Parameter \ROWS = 325
Parameter \ROW_ADDR_W = 9
Parameter \WORD_W = 512
Generating RTLIL representation for module `$paramod$b5bfe1d4fce40940586b6e35fec61194ae5a8fde\cap_pdb_state_wide_bank'.
Parameter \COST_W = 16
Parameter \INF = 16'1111111111111111

3.3. Executing AST frontend in derive mode using pre-parsed AST for module `\cap_pdb_masked_min32'.
Parameter \COST_W = 16
Parameter \INF = 16'1111111111111111
Generating RTLIL representation for module `$paramod$cbc3189b30a0f0ae8c16e45df15b3f5a54303a8f\cap_pdb_masked_min32'.
Parameter \ROWS = 325
Parameter \ROW_ADDR_W = 9
Parameter \WORD_W = 512
Found cached RTLIL representation for module `$paramod$b5bfe1d4fce40940586b6e35fec61194ae5a8fde\cap_pdb_state_wide_bank'.
Parameter \COST_W = 16
Parameter \INF = 16'1111111111111111
Found cached RTLIL representation for module `$paramod$cbc3189b30a0f0ae8c16e45df15b3f5a54303a8f\cap_pdb_masked_min32'.
Parameter \ROWS = 325
Parameter \ROW_ADDR_W = 9
Parameter \WORD_W = 512
Found cached RTLIL representation for module `$paramod$b5bfe1d4fce40940586b6e35fec61194ae5a8fde\cap_pdb_state_wide_bank'.
Parameter \COST_W = 16
Parameter \INF = 16'1111111111111111
Found cached RTLIL representation for module `$paramod$cbc3189b30a0f0ae8c16e45df15b3f5a54303a8f\cap_pdb_masked_min32'.
Parameter \ROWS = 325
Parameter \ROW_ADDR_W = 9
Parameter \WORD_W = 512
Found cached RTLIL representation for module `$paramod$b5bfe1d4fce40940586b6e35fec61194ae5a8fde\cap_pdb_state_wide_bank'.
Parameter \COST_W = 16
Parameter \INF = 16'1111111111111111
Found cached RTLIL representation for module `$paramod$cbc3189b30a0f0ae8c16e45df15b3f5a54303a8f\cap_pdb_masked_min32'.
Parameter \ROWS = 325
Parameter \ROW_ADDR_W = 9
Parameter \WORD_W = 512
Found cached RTLIL representation for module `$paramod$b5bfe1d4fce40940586b6e35fec61194ae5a8fde\cap_pdb_state_wide_bank'.
Parameter \COST_W = 16
Parameter \INF = 16'1111111111111111
Found cached RTLIL representation for module `$paramod$cbc3189b30a0f0ae8c16e45df15b3f5a54303a8f\cap_pdb_masked_min32'.
Parameter \ROWS = 325
Parameter \ROW_ADDR_W = 9
Parameter \WORD_W = 512
Found cached RTLIL representation for module `$paramod$b5bfe1d4fce40940586b6e35fec61194ae5a8fde\cap_pdb_state_wide_bank'.
Parameter \COST_W = 16
Parameter \INF = 16'1111111111111111
Found cached RTLIL representation for module `$paramod$cbc3189b30a0f0ae8c16e45df15b3f5a54303a8f\cap_pdb_masked_min32'.
Parameter \ROWS = 325
Parameter \ROW_ADDR_W = 9
Parameter \WORD_W = 512
Found cached RTLIL representation for module `$paramod$b5bfe1d4fce40940586b6e35fec61194ae5a8fde\cap_pdb_state_wide_bank'.
Parameter \COST_W = 16
Parameter \INF = 16'1111111111111111
Found cached RTLIL representation for module `$paramod$cbc3189b30a0f0ae8c16e45df15b3f5a54303a8f\cap_pdb_masked_min32'.
Parameter \ROWS = 325
Parameter \ROW_ADDR_W = 9
Parameter \WORD_W = 512
Found cached RTLIL representation for module `$paramod$b5bfe1d4fce40940586b6e35fec61194ae5a8fde\cap_pdb_state_wide_bank'.
Parameter \COST_W = 16
Parameter \INF = 16'1111111111111111
Found cached RTLIL representation for module `$paramod$cbc3189b30a0f0ae8c16e45df15b3f5a54303a8f\cap_pdb_masked_min32'.
Parameter \ROWS = 325
Parameter \ROW_ADDR_W = 9
Parameter \WORD_W = 512
Found cached RTLIL representation for module `$paramod$b5bfe1d4fce40940586b6e35fec61194ae5a8fde\cap_pdb_state_wide_bank'.
Parameter \COST_W = 16
Parameter \INF = 16'1111111111111111
Found cached RTLIL representation for module `$paramod$cbc3189b30a0f0ae8c16e45df15b3f5a54303a8f\cap_pdb_masked_min32'.
Parameter \ROWS = 325
Parameter \ROW_ADDR_W = 9
Parameter \WORD_W = 512
Found cached RTLIL representation for module `$paramod$b5bfe1d4fce40940586b6e35fec61194ae5a8fde\cap_pdb_state_wide_bank'.
Parameter \COST_W = 16
Parameter \INF = 16'1111111111111111
Found cached RTLIL representation for module `$paramod$cbc3189b30a0f0ae8c16e45df15b3f5a54303a8f\cap_pdb_masked_min32'.
Parameter \ROWS = 325
Parameter \ROW_ADDR_W = 9
Parameter \WORD_W = 512
Found cached RTLIL representation for module `$paramod$b5bfe1d4fce40940586b6e35fec61194ae5a8fde\cap_pdb_state_wide_bank'.
Parameter \COST_W = 16
Parameter \INF = 16'1111111111111111
Found cached RTLIL representation for module `$paramod$cbc3189b30a0f0ae8c16e45df15b3f5a54303a8f\cap_pdb_masked_min32'.
Parameter \ROWS = 325
Parameter \ROW_ADDR_W = 9
Parameter \WORD_W = 512
Found cached RTLIL representation for module `$paramod$b5bfe1d4fce40940586b6e35fec61194ae5a8fde\cap_pdb_state_wide_bank'.
Parameter \COST_W = 16
Parameter \INF = 16'1111111111111111
Found cached RTLIL representation for module `$paramod$cbc3189b30a0f0ae8c16e45df15b3f5a54303a8f\cap_pdb_masked_min32'.
Parameter \ROWS = 325
Parameter \ROW_ADDR_W = 9
Parameter \WORD_W = 512
Found cached RTLIL representation for module `$paramod$b5bfe1d4fce40940586b6e35fec61194ae5a8fde\cap_pdb_state_wide_bank'.
Parameter \COST_W = 16
Parameter \INF = 16'1111111111111111
Found cached RTLIL representation for module `$paramod$cbc3189b30a0f0ae8c16e45df15b3f5a54303a8f\cap_pdb_masked_min32'.

3.4. Analyzing design hierarchy..
Top module:  \cap_pdb_parallel_compact_allocation_engine
Used module:     $paramod$b5bfe1d4fce40940586b6e35fec61194ae5a8fde\cap_pdb_state_wide_bank
Used module:     $paramod$cbc3189b30a0f0ae8c16e45df15b3f5a54303a8f\cap_pdb_masked_min32

3.5. Analyzing design hierarchy..
Top module:  \cap_pdb_parallel_compact_allocation_engine
Used module:     $paramod$b5bfe1d4fce40940586b6e35fec61194ae5a8fde\cap_pdb_state_wide_bank
Used module:     $paramod$cbc3189b30a0f0ae8c16e45df15b3f5a54303a8f\cap_pdb_masked_min32
Removing unused module `\cap_pdb_masked_min32'.
Removing unused module `\cap_pdb_state_wide_bank'.
Removed 2 unused modules.

4. Executing CHECK pass (checking for obvious problems).
Checking module cap_pdb_parallel_compact_allocation_engine...
Checking module $paramod$cbc3189b30a0f0ae8c16e45df15b3f5a54303a8f\cap_pdb_masked_min32...
Checking module $paramod$b5bfe1d4fce40940586b6e35fec61194ae5a8fde\cap_pdb_state_wide_bank...
Found and reported 0 problems.

5. Executing SYNTH_XILINX pass.

5.1. Executing Verilog-2005 frontend: /share/xilinx/cells_sim.v
Parsing Verilog input from `/share/xilinx/cells_sim.v' to AST representation.
Generating RTLIL representation for module `\VCC'.
Generating RTLIL representation for module `\GND'.
Generating RTLIL representation for module `\IBUF'.
Generating RTLIL representation for module `\IBUFG'.
Generating RTLIL representation for module `\OBUF'.
Generating RTLIL representation for module `\IOBUF'.
Generating RTLIL representation for module `\OBUFT'.
Generating RTLIL representation for module `\BUFG'.
Generating RTLIL representation for module `\BUFGCTRL'.
Generating RTLIL representation for module `\BUFHCE'.
Generating RTLIL representation for module `\INV'.
Generating RTLIL representation for module `\LUT1'.
Generating RTLIL representation for module `\LUT2'.
Generating RTLIL representation for module `\LUT3'.
Generating RTLIL representation for module `\LUT4'.
Generating RTLIL representation for module `\LUT5'.
Generating RTLIL representation for module `\LUT6'.
Generating RTLIL representation for module `\LUT6_2'.
Generating RTLIL representation for module `\$__ABC9_LUT7'.
Generating RTLIL representation for module `\$__ABC9_LUT8'.
Generating RTLIL representation for module `\MUXCY'.
Generating RTLIL representation for module `\MUXF5'.
Generating RTLIL representation for module `\MUXF6'.
Generating RTLIL representation for module `\MUXF7'.
Generating RTLIL representation for module `\MUXF8'.
Generating RTLIL representation for module `\MUXF9'.
Generating RTLIL representation for module `\XORCY'.
Generating RTLIL representation for module `\CARRY4'.
Generating RTLIL representation for module `\CARRY8'.
Generating RTLIL representation for module `\ORCY'.
Generating RTLIL representation for module `\MULT_AND'.
Generating RTLIL representation for module `\FDRE'.
Generating RTLIL representation for module `\FDRE_1'.
Generating RTLIL representation for module `\FDSE'.
Generating RTLIL representation for module `\FDSE_1'.
Generating RTLIL representation for module `\FDRSE'.
Generating RTLIL representation for module `\FDRSE_1'.
Generating RTLIL representation for module `\FDCE'.
Generating RTLIL representation for module `\FDCE_1'.
Generating RTLIL representation for module `\FDPE'.
Generating RTLIL representation for module `\FDPE_1'.
Generating RTLIL representation for module `\FDCPE'.
Generating RTLIL representation for module `\FDCPE_1'.
Generating RTLIL representation for module `\LDCE'.
Generating RTLIL representation for module `\LDPE'.
Generating RTLIL representation for module `\LDCPE'.
Generating RTLIL representation for module `\AND2B1L'.
Generating RTLIL representation for module `\OR2L'.
Generating RTLIL representation for module `\RAM16X1S'.
Generating RTLIL representation for module `\RAM16X1S_1'.
Generating RTLIL representation for module `\RAM32X1S'.
Generating RTLIL representation for module `\RAM32X1S_1'.
Generating RTLIL representation for module `\RAM64X1S'.
Generating RTLIL representation for module `\RAM64X1S_1'.
Generating RTLIL representation for module `\RAM128X1S'.
Generating RTLIL representation for module `\RAM128X1S_1'.
Generating RTLIL representation for module `\RAM256X1S'.
Generating RTLIL representation for module `\RAM512X1S'.
Generating RTLIL representation for module `\RAM16X2S'.
Generating RTLIL representation for module `\RAM32X2S'.
Generating RTLIL representation for module `\RAM64X2S'.
Generating RTLIL representation for module `\RAM16X4S'.
Generating RTLIL representation for module `\RAM32X4S'.
Generating RTLIL representation for module `\RAM16X8S'.
Generating RTLIL representation for module `\RAM32X8S'.
Generating RTLIL representation for module `\RAM16X1D'.
Generating RTLIL representation for module `\RAM16X1D_1'.
Generating RTLIL representation for module `\RAM32X1D'.
Generating RTLIL representation for module `\RAM32X1D_1'.
Generating RTLIL representation for module `\RAM64X1D'.
Generating RTLIL representation for module `\RAM64X1D_1'.
Generating RTLIL representation for module `\RAM128X1D'.
Generating RTLIL representation for module `\RAM256X1D'.
Generating RTLIL representation for module `\RAM32M'.
Generating RTLIL representation for module `\RAM32M16'.
Generating RTLIL representation for module `\RAM64M'.
Generating RTLIL representation for module `\RAM64M8'.
Generating RTLIL representation for module `\RAM32X16DR8'.
Generating RTLIL representation for module `\RAM64X8SW'.
Generating RTLIL representation for module `\ROM16X1'.
Generating RTLIL representation for module `\ROM32X1'.
Generating RTLIL representation for module `\ROM64X1'.
Generating RTLIL representation for module `\ROM128X1'.
Generating RTLIL representation for module `\ROM256X1'.
Generating RTLIL representation for module `\SRL16'.
Generating RTLIL representation for module `\SRL16E'.
Generating RTLIL representation for module `\SRLC16'.
Generating RTLIL representation for module `\SRLC16E'.
Generating RTLIL representation for module `\SRLC32E'.
Generating RTLIL representation for module `\CFGLUT5'.
Generating RTLIL representation for module `\MULT18X18'.
Generating RTLIL representation for module `\MULT18X18S'.
Generating RTLIL representation for module `\MULT18X18SIO'.
Generating RTLIL representation for module `\DSP48A'.
Generating RTLIL representation for module `\DSP48A1'.
Generating RTLIL representation for module `\DSP48'.
Generating RTLIL representation for module `\DSP48E1'.
Generating RTLIL representation for module `\RAMB18E1'.
Generating RTLIL representation for module `\RAMB36E1'.
Successfully finished Verilog frontend.

5.2. Executing Verilog-2005 frontend: /share/xilinx/cells_xtra.v
Parsing Verilog input from `/share/xilinx/cells_xtra.v' to AST representation.
Generating RTLIL representation for module `\RAMB4_S1'.
Generating RTLIL representation for module `\RAMB4_S2'.
Generating RTLIL representation for module `\RAMB4_S4'.
Generating RTLIL representation for module `\RAMB4_S8'.
Generating RTLIL representation for module `\RAMB4_S16'.
Generating RTLIL representation for module `\RAMB4_S1_S1'.
Generating RTLIL representation for module `\RAMB4_S1_S2'.
Generating RTLIL representation for module `\RAMB4_S1_S4'.
Generating RTLIL representation for module `\RAMB4_S1_S8'.
Generating RTLIL representation for module `\RAMB4_S1_S16'.
Generating RTLIL representation for module `\RAMB4_S2_S2'.
Generating RTLIL representation for module `\RAMB4_S2_S4'.
Generating RTLIL representation for module `\RAMB4_S2_S8'.
Generating RTLIL representation for module `\RAMB4_S2_S16'.
Generating RTLIL representation for module `\RAMB4_S4_S4'.
Generating RTLIL representation for module `\RAMB4_S4_S8'.
Generating RTLIL representation for module `\RAMB4_S4_S16'.
Generating RTLIL representation for module `\RAMB4_S8_S8'.
Generating RTLIL representation for module `\RAMB4_S8_S16'.
Generating RTLIL representation for module `\RAMB4_S16_S16'.
Generating RTLIL representation for module `\RAMB16_S1'.
Generating RTLIL representation for module `\RAMB16_S2'.
Generating RTLIL representation for module `\RAMB16_S4'.
Generating RTLIL representation for module `\RAMB16_S9'.
Generating RTLIL representation for module `\RAMB16_S18'.
Generating RTLIL representation for module `\RAMB16_S36'.
Generating RTLIL representation for module `\RAMB16_S1_S1'.
Generating RTLIL representation for module `\RAMB16_S1_S2'.
Generating RTLIL representation for module `\RAMB16_S1_S4'.
Generating RTLIL representation for module `\RAMB16_S1_S9'.
Generating RTLIL representation for module `\RAMB16_S1_S18'.
Generating RTLIL representation for module `\RAMB16_S1_S36'.
Generating RTLIL representation for module `\RAMB16_S2_S2'.
Generating RTLIL representation for module `\RAMB16_S2_S4'.
Generating RTLIL representation for module `\RAMB16_S2_S9'.
Generating RTLIL representation for module `\RAMB16_S2_S18'.
Generating RTLIL representation for module `\RAMB16_S2_S36'.
Generating RTLIL representation for module `\RAMB16_S4_S4'.
Generating RTLIL representation for module `\RAMB16_S4_S9'.
Generating RTLIL representation for module `\RAMB16_S4_S18'.
Generating RTLIL representation for module `\RAMB16_S4_S36'.
Generating RTLIL representation for module `\RAMB16_S9_S9'.
Generating RTLIL representation for module `\RAMB16_S9_S18'.
Generating RTLIL representation for module `\RAMB16_S9_S36'.
Generating RTLIL representation for module `\RAMB16_S18_S18'.
Generating RTLIL representation for module `\RAMB16_S18_S36'.
Generating RTLIL representation for module `\RAMB16_S36_S36'.
Generating RTLIL representation for module `\RAMB16BWE_S18'.
Generating RTLIL representation for module `\RAMB16BWE_S36'.
Generating RTLIL representation for module `\RAMB16BWE_S18_S9'.
Generating RTLIL representation for module `\RAMB16BWE_S18_S18'.
Generating RTLIL representation for module `\RAMB16BWE_S36_S9'.
Generating RTLIL representation for module `\RAMB16BWE_S36_S18'.
Generating RTLIL representation for module `\RAMB16BWE_S36_S36'.
Generating RTLIL representation for module `\RAMB16BWER'.
Generating RTLIL representation for module `\RAMB8BWER'.
Generating RTLIL representation for module `\FIFO16'.
Generating RTLIL representation for module `\RAMB16'.
Generating RTLIL representation for module `\RAMB32_S64_ECC'.
Generating RTLIL representation for module `\FIFO18'.
Generating RTLIL representation for module `\FIFO18_36'.
Generating RTLIL representation for module `\FIFO36'.
Generating RTLIL representation for module `\FIFO36_72'.
Generating RTLIL representation for module `\RAMB18'.
Generating RTLIL representation for module `\RAMB36'.
Generating RTLIL representation for module `\RAMB18SDP'.
Generating RTLIL representation for module `\RAMB36SDP'.
Generating RTLIL representation for module `\FIFO18E1'.
Generating RTLIL representation for module `\FIFO36E1'.
Generating RTLIL representation for module `\FIFO18E2'.
Generating RTLIL representation for module `\FIFO36E2'.
Generating RTLIL representation for module `\RAMB18E2'.
Generating RTLIL representation for module `\RAMB36E2'.
Generating RTLIL representation for module `\URAM288'.
Generating RTLIL representation for module `\URAM288_BASE'.
Generating RTLIL representation for module `\DSP48E'.
Generating RTLIL representation for module `\DSP48E2'.
Generating RTLIL representation for module `\FDDRCPE'.
Generating RTLIL representation for module `\FDDRRSE'.
Generating RTLIL representation for module `\IFDDRCPE'.
Generating RTLIL representation for module `\IFDDRRSE'.
Generating RTLIL representation for module `\OFDDRCPE'.
Generating RTLIL representation for module `\OFDDRRSE'.
Generating RTLIL representation for module `\OFDDRTCPE'.
Generating RTLIL representation for module `\OFDDRTRSE'.
Generating RTLIL representation for module `\IDDR2'.
Generating RTLIL representation for module `\ODDR2'.
Generating RTLIL representation for module `\IDDR'.
Generating RTLIL representation for module `\IDDR_2CLK'.
Generating RTLIL representation for module `\ODDR'.
Generating RTLIL representation for module `\IDELAYCTRL'.
Generating RTLIL representation for module `\IDELAY'.
Generating RTLIL representation for module `\ISERDES'.
Generating RTLIL representation for module `\OSERDES'.
Generating RTLIL representation for module `\IODELAY'.
Generating RTLIL representation for module `\ISERDES_NODELAY'.
Generating RTLIL representation for module `\IODELAYE1'.
Generating RTLIL representation for module `\ISERDESE1'.
Generating RTLIL representation for module `\OSERDESE1'.
Generating RTLIL representation for module `\IDELAYE2'.
Generating RTLIL representation for module `\ODELAYE2'.
Generating RTLIL representation for module `\ISERDESE2'.
Generating RTLIL representation for module `\OSERDESE2'.
Generating RTLIL representation for module `\PHASER_IN'.
Generating RTLIL representation for module `\PHASER_IN_PHY'.
Generating RTLIL representation for module `\PHASER_OUT'.
Generating RTLIL representation for module `\PHASER_OUT_PHY'.
Generating RTLIL representation for module `\PHASER_REF'.
Generating RTLIL representation for module `\PHY_CONTROL'.
Generating RTLIL representation for module `\IDDRE1'.
Generating RTLIL representation for module `\ODDRE1'.
Generating RTLIL representation for module `\IDELAYE3'.
Generating RTLIL representation for module `\ODELAYE3'.
Generating RTLIL representation for module `\ISERDESE3'.
Generating RTLIL representation for module `\OSERDESE3'.
Generating RTLIL representation for module `\BITSLICE_CONTROL'.
Generating RTLIL representation for module `\RIU_OR'.
Generating RTLIL representation for module `\RX_BITSLICE'.
Generating RTLIL representation for module `\RXTX_BITSLICE'.
Generating RTLIL representation for module `\TX_BITSLICE'.
Generating RTLIL representation for module `\TX_BITSLICE_TRI'.
Generating RTLIL representation for module `\IODELAY2'.
Generating RTLIL representation for module `\IODRP2'.
Generating RTLIL representation for module `\IODRP2_MCB'.
Generating RTLIL representation for module `\ISERDES2'.
Generating RTLIL representation for module `\OSERDES2'.
Generating RTLIL representation for module `\IBUF_DLY_ADJ'.
Generating RTLIL representation for module `\IBUF_IBUFDISABLE'.
Generating RTLIL representation for module `\IBUF_INTERMDISABLE'.
Generating RTLIL representation for module `\IBUF_ANALOG'.
Generating RTLIL representation for module `\IBUFE3'.
Generating RTLIL representation for module `\IBUFDS'.
Generating RTLIL representation for module `\IBUFDS_DLY_ADJ'.
Generating RTLIL representation for module `\IBUFDS_IBUFDISABLE'.
Generating RTLIL representation for module `\IBUFDS_INTERMDISABLE'.
Generating RTLIL representation for module `\IBUFDS_DIFF_OUT'.
Generating RTLIL representation for module `\IBUFDS_DIFF_OUT_IBUFDISABLE'.
Generating RTLIL representation for module `\IBUFDS_DIFF_OUT_INTERMDISABLE'.
Generating RTLIL representation for module `\IBUFDSE3'.
Generating RTLIL representation for module `\IBUFDS_DPHY'.
Generating RTLIL representation for module `\IBUFGDS'.
Generating RTLIL representation for module `\IBUFGDS_DIFF_OUT'.
Generating RTLIL representation for module `\IOBUF_DCIEN'.
Generating RTLIL representation for module `\IOBUF_INTERMDISABLE'.
Generating RTLIL representation for module `\IOBUFE3'.
Generating RTLIL representation for module `\IOBUFDS'.
Generating RTLIL representation for module `\IOBUFDS_DCIEN'.
Generating RTLIL representation for module `\IOBUFDS_INTERMDISABLE'.
Generating RTLIL representation for module `\IOBUFDS_DIFF_OUT'.
Generating RTLIL representation for module `\IOBUFDS_DIFF_OUT_DCIEN'.
Generating RTLIL representation for module `\IOBUFDS_DIFF_OUT_INTERMDISABLE'.
Generating RTLIL representation for module `\IOBUFDSE3'.
Generating RTLIL representation for module `\OBUFDS'.
Generating RTLIL representation for module `\OBUFDS_DPHY'.
Generating RTLIL representation for module `\OBUFTDS'.
Generating RTLIL representation for module `\KEEPER'.
Generating RTLIL representation for module `\PULLDOWN'.
Generating RTLIL representation for module `\PULLUP'.
Generating RTLIL representation for module `\DCIRESET'.
Generating RTLIL representation for module `\HPIO_VREF'.
Generating RTLIL representation for module `\BUFGCE'.
Generating RTLIL representation for module `\BUFGCE_1'.
Generating RTLIL representation for module `\BUFGMUX'.
Generating RTLIL representation for module `\BUFGMUX_1'.
Generating RTLIL representation for module `\BUFGMUX_CTRL'.
Generating RTLIL representation for module `\BUFGMUX_VIRTEX4'.
Generating RTLIL representation for module `\BUFG_GT'.
Generating RTLIL representation for module `\BUFG_GT_SYNC'.
Generating RTLIL representation for module `\BUFG_PS'.
Generating RTLIL representation for module `\BUFGCE_DIV'.
Generating RTLIL representation for module `\BUFH'.
Generating RTLIL representation for module `\BUFIO2'.
Generating RTLIL representation for module `\BUFIO2_2CLK'.
Generating RTLIL representation for module `\BUFIO2FB'.
Generating RTLIL representation for module `\BUFPLL'.
Generating RTLIL representation for module `\BUFPLL_MCB'.
Generating RTLIL representation for module `\BUFIO'.
Generating RTLIL representation for module `\BUFIODQS'.
Generating RTLIL representation for module `\BUFR'.
Generating RTLIL representation for module `\BUFMR'.
Generating RTLIL representation for module `\BUFMRCE'.
Generating RTLIL representation for module `\DCM'.
Generating RTLIL representation for module `\DCM_SP'.
Generating RTLIL representation for module `\DCM_CLKGEN'.
Generating RTLIL representation for module `\DCM_ADV'.
Generating RTLIL representation for module `\DCM_BASE'.
Generating RTLIL representation for module `\DCM_PS'.
Generating RTLIL representation for module `\PMCD'.
Generating RTLIL representation for module `\PLL_ADV'.
Generating RTLIL representation for module `\PLL_BASE'.
Generating RTLIL representation for module `\MMCM_ADV'.
Generating RTLIL representation for module `\MMCM_BASE'.
Generating RTLIL representation for module `\MMCME2_ADV'.
Generating RTLIL representation for module `\MMCME2_BASE'.
Generating RTLIL representation for module `\PLLE2_ADV'.
Generating RTLIL representation for module `\PLLE2_BASE'.
Generating RTLIL representation for module `\MMCME3_ADV'.
Generating RTLIL representation for module `\MMCME3_BASE'.
Generating RTLIL representation for module `\PLLE3_ADV'.
Generating RTLIL representation for module `\PLLE3_BASE'.
Generating RTLIL representation for module `\MMCME4_ADV'.
Generating RTLIL representation for module `\MMCME4_BASE'.
Generating RTLIL representation for module `\PLLE4_ADV'.
Generating RTLIL representation for module `\PLLE4_BASE'.
Generating RTLIL representation for module `\BUFT'.
Generating RTLIL representation for module `\IN_FIFO'.
Generating RTLIL representation for module `\OUT_FIFO'.
Generating RTLIL representation for module `\HARD_SYNC'.
Generating RTLIL representation for module `\STARTUP_SPARTAN3'.
Generating RTLIL representation for module `\STARTUP_SPARTAN3E'.
Generating RTLIL representation for module `\STARTUP_SPARTAN3A'.
Generating RTLIL representation for module `\STARTUP_SPARTAN6'.
Generating RTLIL representation for module `\STARTUP_VIRTEX4'.
Generating RTLIL representation for module `\STARTUP_VIRTEX5'.
Generating RTLIL representation for module `\STARTUP_VIRTEX6'.
Generating RTLIL representation for module `\STARTUPE2'.
Generating RTLIL representation for module `\STARTUPE3'.
Generating RTLIL representation for module `\CAPTURE_SPARTAN3'.
Generating RTLIL representation for module `\CAPTURE_SPARTAN3A'.
Generating RTLIL representation for module `\CAPTURE_VIRTEX4'.
Generating RTLIL representation for module `\CAPTURE_VIRTEX5'.
Generating RTLIL representation for module `\CAPTURE_VIRTEX6'.
Generating RTLIL representation for module `\CAPTUREE2'.
Generating RTLIL representation for module `\ICAP_SPARTAN3A'.
Generating RTLIL representation for module `\ICAP_SPARTAN6'.
Generating RTLIL representation for module `\ICAP_VIRTEX4'.
Generating RTLIL representation for module `\ICAP_VIRTEX5'.
Generating RTLIL representation for module `\ICAP_VIRTEX6'.
Generating RTLIL representation for module `\ICAPE2'.
Generating RTLIL representation for module `\ICAPE3'.
Generating RTLIL representation for module `\BSCAN_SPARTAN3'.
Generating RTLIL representation for module `\BSCAN_SPARTAN3A'.
Generating RTLIL representation for module `\BSCAN_SPARTAN6'.
Generating RTLIL representation for module `\BSCAN_VIRTEX4'.
Generating RTLIL representation for module `\BSCAN_VIRTEX5'.
Generating RTLIL representation for module `\BSCAN_VIRTEX6'.
Generating RTLIL representation for module `\BSCANE2'.
Generating RTLIL representation for module `\DNA_PORT'.
Generating RTLIL representation for module `\DNA_PORTE2'.
Generating RTLIL representation for module `\FRAME_ECC_VIRTEX4'.
Generating RTLIL representation for module `\FRAME_ECC_VIRTEX5'.
Generating RTLIL representation for module `\FRAME_ECC_VIRTEX6'.
Generating RTLIL representation for module `\FRAME_ECCE2'.
Generating RTLIL representation for module `\FRAME_ECCE3'.
Generating RTLIL representation for module `\FRAME_ECCE4'.
Generating RTLIL representation for module `\USR_ACCESS_VIRTEX4'.
Generating RTLIL representation for module `\USR_ACCESS_VIRTEX5'.
Generating RTLIL representation for module `\USR_ACCESS_VIRTEX6'.
Generating RTLIL representation for module `\USR_ACCESSE2'.
Generating RTLIL representation for module `\POST_CRC_INTERNAL'.
Generating RTLIL representation for module `\SUSPEND_SYNC'.
Generating RTLIL representation for module `\KEY_CLEAR'.
Generating RTLIL representation for module `\MASTER_JTAG'.
Generating RTLIL representation for module `\SPI_ACCESS'.
Generating RTLIL representation for module `\EFUSE_USR'.
Generating RTLIL representation for module `\SYSMON'.
Generating RTLIL representation for module `\XADC'.
Generating RTLIL representation for module `\SYSMONE1'.
Generating RTLIL representation for module `\SYSMONE4'.
Generating RTLIL representation for module `\GTPA1_DUAL'.
Generating RTLIL representation for module `\GT11_CUSTOM'.
Generating RTLIL representation for module `\GT11_DUAL'.
Generating RTLIL representation for module `\GT11CLK'.
Generating RTLIL representation for module `\GT11CLK_MGT'.
Generating RTLIL representation for module `\GTP_DUAL'.
Generating RTLIL representation for module `\GTX_DUAL'.
Generating RTLIL representation for module `\CRC32'.
Generating RTLIL representation for module `\CRC64'.
Generating RTLIL representation for module `\GTHE1_QUAD'.
Generating RTLIL representation for module `\GTXE1'.
Generating RTLIL representation for module `\IBUFDS_GTXE1'.
Generating RTLIL representation for module `\IBUFDS_GTHE1'.
Generating RTLIL representation for module `\GTHE2_CHANNEL'.
Generating RTLIL representation for module `\GTHE2_COMMON'.
Generating RTLIL representation for module `\GTPE2_CHANNEL'.
Generating RTLIL representation for module `\GTPE2_COMMON'.
Generating RTLIL representation for module `\GTXE2_CHANNEL'.
Generating RTLIL representation for module `\GTXE2_COMMON'.
Generating RTLIL representation for module `\IBUFDS_GTE2'.
Generating RTLIL representation for module `\GTHE3_CHANNEL'.
Generating RTLIL representation for module `\GTHE3_COMMON'.
Generating RTLIL representation for module `\GTYE3_CHANNEL'.
Generating RTLIL representation for module `\GTYE3_COMMON'.
Generating RTLIL representation for module `\IBUFDS_GTE3'.
Generating RTLIL representation for module `\OBUFDS_GTE3'.
Generating RTLIL representation for module `\OBUFDS_GTE3_ADV'.
Generating RTLIL representation for module `\GTHE4_CHANNEL'.
Generating RTLIL representation for module `\GTHE4_COMMON'.
Generating RTLIL representation for module `\GTYE4_CHANNEL'.
Generating RTLIL representation for module `\GTYE4_COMMON'.
Generating RTLIL representation for module `\IBUFDS_GTE4'.
Generating RTLIL representation for module `\OBUFDS_GTE4'.
Generating RTLIL representation for module `\OBUFDS_GTE4_ADV'.
Generating RTLIL representation for module `\GTM_DUAL'.
Generating RTLIL representation for module `\IBUFDS_GTM'.
Generating RTLIL representation for module `\OBUFDS_GTM'.
Generating RTLIL representation for module `\OBUFDS_GTM_ADV'.
Generating RTLIL representation for module `\HSDAC'.
Generating RTLIL representation for module `\HSADC'.
Generating RTLIL representation for module `\RFDAC'.
Generating RTLIL representation for module `\RFADC'.
Generating RTLIL representation for module `\PCIE_A1'.
Generating RTLIL representation for module `\PCIE_EP'.
Generating RTLIL representation for module `\PCIE_2_0'.
Generating RTLIL representation for module `\PCIE_2_1'.
Generating RTLIL representation for module `\PCIE_3_0'.
Generating RTLIL representation for module `\PCIE_3_1'.
Generating RTLIL representation for module `\PCIE40E4'.
Generating RTLIL representation for module `\PCIE4CE4'.
Generating RTLIL representation for module `\EMAC'.
Generating RTLIL representation for module `\TEMAC'.
Generating RTLIL representation for module `\TEMAC_SINGLE'.
Generating RTLIL representation for module `\CMAC'.
Generating RTLIL representation for module `\CMACE4'.
Generating RTLIL representation for module `\MCB'.
Generating RTLIL representation for module `\HBM_REF_CLK'.
Generating RTLIL representation for module `\HBM_SNGLBLI_INTF_APB'.
Generating RTLIL representation for module `\HBM_SNGLBLI_INTF_AXI'.
Generating RTLIL representation for module `\HBM_ONE_STACK_INTF'.
Generating RTLIL representation for module `\HBM_TWO_STACK_INTF'.
Generating RTLIL representation for module `\PPC405_ADV'.
Generating RTLIL representation for module `\PPC440'.
Generating RTLIL representation for module `\PS7'.
Generating RTLIL representation for module `\PS8'.
Generating RTLIL representation for module `\ILKN'.
Generating RTLIL representation for module `\ILKNE4'.
Generating RTLIL representation for module `\VCU'.
Generating RTLIL representation for module `\FE'.
Successfully finished Verilog frontend.

5.3. Executing HIERARCHY pass (managing design hierarchy).

5.3.1. Analyzing design hierarchy..
Top module:  \cap_pdb_parallel_compact_allocation_engine
Used module:     $paramod$b5bfe1d4fce40940586b6e35fec61194ae5a8fde\cap_pdb_state_wide_bank
Used module:     $paramod$cbc3189b30a0f0ae8c16e45df15b3f5a54303a8f\cap_pdb_masked_min32

5.3.2. Analyzing design hierarchy..
Top module:  \cap_pdb_parallel_compact_allocation_engine
Used module:     $paramod$b5bfe1d4fce40940586b6e35fec61194ae5a8fde\cap_pdb_state_wide_bank
Used module:     $paramod$cbc3189b30a0f0ae8c16e45df15b3f5a54303a8f\cap_pdb_masked_min32
Removed 0 unused modules.

5.4. Executing PROC pass (convert processes to netlists).

5.4.1. Executing PROC_CLEAN pass (remove empty switches from decision trees).
Cleaned up 0 empty switches.

5.4.2. Executing PROC_RMDEAD pass (remove dead branches from decision trees).
Marked 26 switch rules as full_case in process $proc$cap_pdb_parallel_compact_engine.sv:232$2665 in module cap_pdb_parallel_compact_allocation_engine.
Marked 3 switch rules as full_case in process $proc$cap_pdb_parallel_compact_engine.sv:249$2705 in module cap_pdb_parallel_compact_allocation_engine.
Marked 1 switch rules as full_case in process $proc$cap_pdb_parallel_compact_engine.sv:22$3293 in module $paramod$b5bfe1d4fce40940586b6e35fec61194ae5a8fde\cap_pdb_state_wide_bank.
Removed a total of 0 dead cases.

5.4.3. Executing PROC_PRUNE pass (remove redundant assignments in processes).
Removed 1 redundant assignment.
Promoted 142 assignments to connections.

5.4.4. Executing PROC_INIT pass (extract init attributes).

5.4.5. Executing PROC_ARST pass (detect async resets in processes).

5.4.6. Executing PROC_ROM pass (convert switches to ROMs).
Converted 0 switches.
<suppressed ~59 debug messages>

5.4.7. Executing PROC_MUX pass (convert decision trees to multiplexers).
Creating decoders for process `\cap_pdb_parallel_compact_allocation_engine.$proc$cap_pdb_parallel_compact_engine.sv:207$1416'.
Creating decoders for process `\cap_pdb_parallel_compact_allocation_engine.$proc$cap_pdb_parallel_compact_engine.sv:232$2665'.
     1/26: $13\final_group_minimum[15:0]
     2/26: $13\all_after_empty[0:0]
     3/26: $12\final_group_minimum[15:0]
     4/26: $12\all_after_empty[0:0]
     5/26: $11\final_group_minimum[15:0]
     6/26: $11\all_after_empty[0:0]
     7/26: $10\final_group_minimum[15:0]
     8/26: $10\all_after_empty[0:0]
     9/26: $9\final_group_minimum[15:0]
    10/26: $9\all_after_empty[0:0]
    11/26: $8\final_group_minimum[15:0]
    12/26: $8\all_after_empty[0:0]
    13/26: $7\final_group_minimum[15:0]
    14/26: $7\all_after_empty[0:0]
    15/26: $6\final_group_minimum[15:0]
    16/26: $6\all_after_empty[0:0]
    17/26: $5\final_group_minimum[15:0]
    18/26: $5\all_after_empty[0:0]
    19/26: $4\final_group_minimum[15:0]
    20/26: $4\all_after_empty[0:0]
    21/26: $3\final_group_minimum[15:0]
    22/26: $3\all_after_empty[0:0]
    23/26: $2\final_group_minimum[15:0]
    24/26: $2\all_after_empty[0:0]
    25/26: $1\final_group_minimum[15:0]
    26/26: $1\all_after_empty[0:0]
Creating decoders for process `\cap_pdb_parallel_compact_allocation_engine.$proc$cap_pdb_parallel_compact_engine.sv:249$2705'.
     1/35: $4\index[31:0]
     2/35: $3\index[31:0]
     3/35: $2\index[31:0]
     4/35: $0\done[0:0]
     5/35: $0\group_minimum[12][15:0]
     6/35: $0\group_minimum[11][15:0]
     7/35: $0\group_minimum[10][15:0]
     8/35: $0\group_minimum[9][15:0]
     9/35: $0\group_minimum[8][15:0]
    10/35: $0\group_minimum[7][15:0]
    11/35: $0\group_minimum[6][15:0]
    12/35: $0\group_minimum[5][15:0]
    13/35: $0\group_minimum[4][15:0]
    14/35: $0\group_minimum[3][15:0]
    15/35: $0\group_minimum[2][15:0]
    16/35: $0\group_minimum[1][15:0]
    17/35: $0\group_minimum[0][15:0]
    18/35: $0\remaining[12][31:0]
    19/35: $0\remaining[11][31:0]
    20/35: $0\remaining[10][31:0]
    21/35: $0\remaining[9][31:0]
    22/35: $0\remaining[8][31:0]
    23/35: $0\remaining[7][31:0]
    24/35: $0\remaining[6][31:0]
    25/35: $0\remaining[5][31:0]
    26/35: $0\remaining[4][31:0]
    27/35: $0\remaining[3][31:0]
    28/35: $0\remaining[2][31:0]
    29/35: $0\remaining[1][31:0]
    30/35: $0\remaining[0][31:0]
    31/35: $0\phase[1:0]
    32/35: $0\cycles[15:0]
    33/35: $0\group_cost_sum[23:0]
    34/35: $0\valid[0:0]
    35/35: $0\busy[0:0]
Creating decoders for process `\cap_pdb_parallel_compact_allocation_engine.$proc$cap_pdb_parallel_compact_engine.sv:185$2775'.
Creating decoders for process `\cap_pdb_parallel_compact_allocation_engine.$proc$cap_pdb_parallel_compact_engine.sv:185$2815'.
Creating decoders for process `\cap_pdb_parallel_compact_allocation_engine.$proc$cap_pdb_parallel_compact_engine.sv:185$2855'.
Creating decoders for process `\cap_pdb_parallel_compact_allocation_engine.$proc$cap_pdb_parallel_compact_engine.sv:185$2895'.
Creating decoders for process `\cap_pdb_parallel_compact_allocation_engine.$proc$cap_pdb_parallel_compact_engine.sv:185$2935'.
Creating decoders for process `\cap_pdb_parallel_compact_allocation_engine.$proc$cap_pdb_parallel_compact_engine.sv:185$2975'.
Creating decoders for process `\cap_pdb_parallel_compact_allocation_engine.$proc$cap_pdb_parallel_compact_engine.sv:185$3015'.
Creating decoders for process `\cap_pdb_parallel_compact_allocation_engine.$proc$cap_pdb_parallel_compact_engine.sv:185$3055'.
Creating decoders for process `\cap_pdb_parallel_compact_allocation_engine.$proc$cap_pdb_parallel_compact_engine.sv:185$3095'.
Creating decoders for process `\cap_pdb_parallel_compact_allocation_engine.$proc$cap_pdb_parallel_compact_engine.sv:185$3135'.
Creating decoders for process `\cap_pdb_parallel_compact_allocation_engine.$proc$cap_pdb_parallel_compact_engine.sv:185$3175'.
Creating decoders for process `\cap_pdb_parallel_compact_allocation_engine.$proc$cap_pdb_parallel_compact_engine.sv:185$3215'.
Creating decoders for process `\cap_pdb_parallel_compact_allocation_engine.$proc$cap_pdb_parallel_compact_engine.sv:185$3255'.
Creating decoders for process `$paramod$b5bfe1d4fce40940586b6e35fec61194ae5a8fde\cap_pdb_state_wide_bank.$proc$cap_pdb_parallel_compact_engine.sv:22$3293'.
     1/4: $1$memwr$\memory$cap_pdb_parallel_compact_engine.sv:24$3292_EN[511:0]$3299
     2/4: $1$memwr$\memory$cap_pdb_parallel_compact_engine.sv:24$3292_DATA[511:0]$3298
     3/4: $1$memwr$\memory$cap_pdb_parallel_compact_engine.sv:24$3292_ADDR[8:0]$3297
     4/4: $0\rdata[511:0]

5.4.8. Executing PROC_DLATCH pass (convert process syncs to latches).
No latch inferred for signal `\cap_pdb_parallel_compact_allocation_engine.\selected_effect_bus' from process `\cap_pdb_parallel_compact_allocation_engine.$proc$cap_pdb_parallel_compact_engine.sv:207$1416'.
No latch inferred for signal `\cap_pdb_parallel_compact_allocation_engine.\remaining_after_bus' from process `\cap_pdb_parallel_compact_allocation_engine.$proc$cap_pdb_parallel_compact_engine.sv:207$1416'.
No latch inferred for signal `\cap_pdb_parallel_compact_allocation_engine.\select_group' from process `\cap_pdb_parallel_compact_allocation_engine.$proc$cap_pdb_parallel_compact_engine.sv:207$1416'.
No latch inferred for signal `\cap_pdb_parallel_compact_allocation_engine.\select_lane' from process `\cap_pdb_parallel_compact_allocation_engine.$proc$cap_pdb_parallel_compact_engine.sv:207$1416'.
No latch inferred for signal `\cap_pdb_parallel_compact_allocation_engine.\select_pending' from process `\cap_pdb_parallel_compact_allocation_engine.$proc$cap_pdb_parallel_compact_engine.sv:207$1416'.
No latch inferred for signal `\cap_pdb_parallel_compact_allocation_engine.\select_least' from process `\cap_pdb_parallel_compact_allocation_engine.$proc$cap_pdb_parallel_compact_engine.sv:207$1416'.
No latch inferred for signal `\cap_pdb_parallel_compact_allocation_engine.\index' from process `\cap_pdb_parallel_compact_allocation_engine.$proc$cap_pdb_parallel_compact_engine.sv:232$2665'.
No latch inferred for signal `\cap_pdb_parallel_compact_allocation_engine.\all_after_empty' from process `\cap_pdb_parallel_compact_allocation_engine.$proc$cap_pdb_parallel_compact_engine.sv:232$2665'.
No latch inferred for signal `\cap_pdb_parallel_compact_allocation_engine.\final_sum' from process `\cap_pdb_parallel_compact_allocation_engine.$proc$cap_pdb_parallel_compact_engine.sv:232$2665'.
No latch inferred for signal `\cap_pdb_parallel_compact_allocation_engine.\final_group_minimum' from process `\cap_pdb_parallel_compact_allocation_engine.$proc$cap_pdb_parallel_compact_engine.sv:232$2665'.
No latch inferred for signal `\cap_pdb_parallel_compact_allocation_engine.\xor_permute_mask$func$cap_pdb_parallel_compact_engine.sv:185$1389.$result' from process `\cap_pdb_parallel_compact_allocation_engine.$proc$cap_pdb_parallel_compact_engine.sv:185$2775'.
No latch inferred for signal `\cap_pdb_parallel_compact_allocation_engine.\xor_permute_mask$func$cap_pdb_parallel_compact_engine.sv:185$1402.$result' from process `\cap_pdb_parallel_compact_allocation_engine.$proc$cap_pdb_parallel_compact_engine.sv:185$2775'.
No latch inferred for signal `\cap_pdb_parallel_compact_allocation_engine.\xor_permute_mask$func$cap_pdb_parallel_compact_engine.sv:185$1402.mask' from process `\cap_pdb_parallel_compact_allocation_engine.$proc$cap_pdb_parallel_compact_engine.sv:185$2775'.
No latch inferred for signal `\cap_pdb_parallel_compact_allocation_engine.\xor_permute_mask$func$cap_pdb_parallel_compact_engine.sv:185$1402.xor_state' from process `\cap_pdb_parallel_compact_allocation_engine.$proc$cap_pdb_parallel_compact_engine.sv:185$2775'.
No latch inferred for signal `\cap_pdb_parallel_compact_allocation_engine.\xor_permute_mask$func$cap_pdb_parallel_compact_engine.sv:185$1402.stage0' from process `\cap_pdb_parallel_compact_allocation_engine.$proc$cap_pdb_parallel_compact_engine.sv:185$2775'.
No latch inferred for signal `\cap_pdb_parallel_compact_allocation_engine.\xor_permute_mask$func$cap_pdb_parallel_compact_engine.sv:185$1402.stage1' from process `\cap_pdb_parallel_compact_allocation_engine.$proc$cap_pdb_parallel_compact_engine.sv:185$2775'.
No latch inferred for signal `\cap_pdb_parallel_compact_allocation_engine.\xor_permute_mask$func$cap_pdb_parallel_compact_engine.sv:185$1402.stage2' from process `\cap_pdb_parallel_compact_allocation_engine.$proc$cap_pdb_parallel_compact_engine.sv:185$2775'.
No latch inferred for signal `\cap_pdb_parallel_compact_allocation_engine.\xor_permute_mask$func$cap_pdb_parallel_compact_engine.sv:185$1402.stage3' from process `\cap_pdb_parallel_compact_allocation_engine.$proc$cap_pdb_parallel_compact_engine.sv:185$2775'.
No latch inferred for signal `\cap_pdb_parallel_compact_allocation_engine.\xor_permute_mask$func$cap_pdb_parallel_compact_engine.sv:185$1390.$result' from process `\cap_pdb_parallel_compact_allocation_engine.$proc$cap_pdb_parallel_compact_engine.sv:185$2815'.
No latch inferred for signal `\cap_pdb_parallel_compact_allocation_engine.\xor_permute_mask$func$cap_pdb_parallel_compact_engine.sv:185$1403.$result' from process `\cap_pdb_parallel_compact_allocation_engine.$proc$cap_pdb_parallel_compact_engine.sv:185$2815'.
No latch inferred for signal `\cap_pdb_parallel_compact_allocation_engine.\xor_permute_mask$func$cap_pdb_parallel_compact_engine.sv:185$1403.mask' from process `\cap_pdb_parallel_compact_allocation_engine.$proc$cap_pdb_parallel_compact_engine.sv:185$2815'.
No latch inferred for signal `\cap_pdb_parallel_compact_allocation_engine.\xor_permute_mask$func$cap_pdb_parallel_compact_engine.sv:185$1403.xor_state' from process `\cap_pdb_parallel_compact_allocation_engine.$proc$cap_pdb_parallel_compact_engine.sv:185$2815'.
No latch inferred for signal `\cap_pdb_parallel_compact_allocation_engine.\xor_permute_mask$func$cap_pdb_parallel_compact_engine.sv:185$1403.stage0' from process `\cap_pdb_parallel_compact_allocation_engine.$proc$cap_pdb_parallel_compact_engine.sv:185$2815'.
No latch inferred for signal `\cap_pdb_parallel_compact_allocation_engine.\xor_permute_mask$func$cap_pdb_parallel_compact_engine.sv:185$1403.stage1' from process `\cap_pdb_parallel_compact_allocation_engine.$proc$cap_pdb_parallel_compact_engine.sv:185$2815'.
No latch inferred for signal `\cap_pdb_parallel_compact_allocation_engine.\xor_permute_mask$func$cap_pdb_parallel_compact_engine.sv:185$1403.stage2' from process `\cap_pdb_parallel_compact_allocation_engine.$proc$cap_pdb_parallel_compact_engine.sv:185$2815'.
No latch inferred for signal `\cap_pdb_parallel_compact_allocation_engine.\xor_permute_mask$func$cap_pdb_parallel_compact_engine.sv:185$1403.stage3' from process `\cap_pdb_parallel_compact_allocation_engine.$proc$cap_pdb_parallel_compact_engine.sv:185$2815'.
No latch inferred for signal `\cap_pdb_parallel_compact_allocation_engine.\xor_permute_mask$func$cap_pdb_parallel_compact_engine.sv:185$1391.$result' from process `\cap_pdb_parallel_compact_allocation_engine.$proc$cap_pdb_parallel_compact_engine.sv:185$2855'.
No latch inferred for signal `\cap_pdb_parallel_compact_allocation_engine.\xor_permute_mask$func$cap_pdb_parallel_compact_engine.sv:185$1404.$result' from process `\cap_pdb_parallel_compact_allocation_engine.$proc$cap_pdb_parallel_compact_engine.sv:185$2855'.
No latch inferred for signal `\cap_pdb_parallel_compact_allocation_engine.\xor_permute_mask$func$cap_pdb_parallel_compact_engine.sv:185$1404.mask' from process `\cap_pdb_parallel_compact_allocation_engine.$proc$cap_pdb_parallel_compact_engine.sv:185$2855'.
No latch inferred for signal `\cap_pdb_parallel_compact_allocation_engine.\xor_permute_mask$func$cap_pdb_parallel_compact_engine.sv:185$1404.xor_state' from process `\cap_pdb_parallel_compact_allocation_engine.$proc$cap_pdb_parallel_compact_engine.sv:185$2855'.
No latch inferred for signal `\cap_pdb_parallel_compact_allocation_engine.\xor_permute_mask$func$cap_pdb_parallel_compact_engine.sv:185$1404.stage0' from process `\cap_pdb_parallel_compact_allocation_engine.$proc$cap_pdb_parallel_compact_engine.sv:185$2855'.
No latch inferred for signal `\cap_pdb_parallel_compact_allocation_engine.\xor_permute_mask$func$cap_pdb_parallel_compact_engine.sv:185$1404.stage1' from process `\cap_pdb_parallel_compact_allocation_engine.$proc$cap_pdb_parallel_compact_engine.sv:185$2855'.
No latch inferred for signal `\cap_pdb_parallel_compact_allocation_engine.\xor_permute_mask$func$cap_pdb_parallel_compact_engine.sv:185$1404.stage2' from process `\cap_pdb_parallel_compact_allocation_engine.$proc$cap_pdb_parallel_compact_engine.sv:185$2855'.
No latch inferred for signal `\cap_pdb_parallel_compact_allocation_engine.\xor_permute_mask$func$cap_pdb_parallel_compact_engine.sv:185$1404.stage3' from process `\cap_pdb_parallel_compact_allocation_engine.$proc$cap_pdb_parallel_compact_engine.sv:185$2855'.
No latch inferred for signal `\cap_pdb_parallel_compact_allocation_engine.\xor_permute_mask$func$cap_pdb_parallel_compact_engine.sv:185$1392.$result' from process `\cap_pdb_parallel_compact_allocation_engine.$proc$cap_pdb_parallel_compact_engine.sv:185$2895'.
No latch inferred for signal `\cap_pdb_parallel_compact_allocation_engine.\xor_permute_mask$func$cap_pdb_parallel_compact_engine.sv:185$1405.$result' from process `\cap_pdb_parallel_compact_allocation_engine.$proc$cap_pdb_parallel_compact_engine.sv:185$2895'.
No latch inferred for signal `\cap_pdb_parallel_compact_allocation_engine.\xor_permute_mask$func$cap_pdb_parallel_compact_engine.sv:185$1405.mask' from process `\cap_pdb_parallel_compact_allocation_engine.$proc$cap_pdb_parallel_compact_engine.sv:185$2895'.
No latch inferred for signal `\cap_pdb_parallel_compact_allocation_engine.\xor_permute_mask$func$cap_pdb_parallel_compact_engine.sv:185$1405.xor_state' from process `\cap_pdb_parallel_compact_allocation_engine.$proc$cap_pdb_parallel_compact_engine.sv:185$2895'.
No latch inferred for signal `\cap_pdb_parallel_compact_allocation_engine.\xor_permute_mask$func$cap_pdb_parallel_compact_engine.sv:185$1405.stage0' from process `\cap_pdb_parallel_compact_allocation_engine.$proc$cap_pdb_parallel_compact_engine.sv:185$2895'.
No latch inferred for signal `\cap_pdb_parallel_compact_allocation_engine.\xor_permute_mask$func$cap_pdb_parallel_compact_engine.sv:185$1405.stage1' from process `\cap_pdb_parallel_compact_allocation_engine.$proc$cap_pdb_parallel_compact_engine.sv:185$2895'.
No latch inferred for signal `\cap_pdb_parallel_compact_allocation_engine.\xor_permute_mask$func$cap_pdb_parallel_compact_engine.sv:185$1405.stage2' from process `\cap_pdb_parallel_compact_allocation_engine.$proc$cap_pdb_parallel_compact_engine.sv:185$2895'.
No latch inferred for signal `\cap_pdb_parallel_compact_allocation_engine.\xor_permute_mask$func$cap_pdb_parallel_compact_engine.sv:185$1405.stage3' from process `\cap_pdb_parallel_compact_allocation_engine.$proc$cap_pdb_parallel_compact_engine.sv:185$2895'.
No latch inferred for signal `\cap_pdb_parallel_compact_allocation_engine.\xor_permute_mask$func$cap_pdb_parallel_compact_engine.sv:185$1393.$result' from process `\cap_pdb_parallel_compact_allocation_engine.$proc$cap_pdb_parallel_compact_engine.sv:185$2935'.
No latch inferred for signal `\cap_pdb_parallel_compact_allocation_engine.\xor_permute_mask$func$cap_pdb_parallel_compact_engine.sv:185$1406.$result' from process `\cap_pdb_parallel_compact_allocation_engine.$proc$cap_pdb_parallel_compact_engine.sv:185$2935'.
No latch inferred for signal `\cap_pdb_parallel_compact_allocation_engine.\xor_permute_mask$func$cap_pdb_parallel_compact_engine.sv:185$1406.mask' from process `\cap_pdb_parallel_compact_allocation_engine.$proc$cap_pdb_parallel_compact_engine.sv:185$2935'.
No latch inferred for signal `\cap_pdb_parallel_compact_allocation_engine.\xor_permute_mask$func$cap_pdb_parallel_compact_engine.sv:185$1406.xor_state' from process `\cap_pdb_parallel_compact_allocation_engine.$proc$cap_pdb_parallel_compact_engine.sv:185$2935'.
No latch inferred for signal `\cap_pdb_parallel_compact_allocation_engine.\xor_permute_mask$func$cap_pdb_parallel_compact_engine.sv:185$1406.stage0' from process `\cap_pdb_parallel_compact_allocation_engine.$proc$cap_pdb_parallel_compact_engine.sv:185$2935'.
No latch inferred for signal `\cap_pdb_parallel_compact_allocation_engine.\xor_permute_mask$func$cap_pdb_parallel_compact_engine.sv:185$1406.stage1' from process `\cap_pdb_parallel_compact_allocation_engine.$proc$cap_pdb_parallel_compact_engine.sv:185$2935'.
No latch inferred for signal `\cap_pdb_parallel_compact_allocation_engine.\xor_permute_mask$func$cap_pdb_parallel_compact_engine.sv:185$1406.stage2' from process `\cap_pdb_parallel_compact_allocation_engine.$proc$cap_pdb_parallel_compact_engine.sv:185$2935'.
No latch inferred for signal `\cap_pdb_parallel_compact_allocation_engine.\xor_permute_mask$func$cap_pdb_parallel_compact_engine.sv:185$1406.stage3' from process `\cap_pdb_parallel_compact_allocation_engine.$proc$cap_pdb_parallel_compact_engine.sv:185$2935'.
No latch inferred for signal `\cap_pdb_parallel_compact_allocation_engine.\xor_permute_mask$func$cap_pdb_parallel_compact_engine.sv:185$1394.$result' from process `\cap_pdb_parallel_compact_allocation_engine.$proc$cap_pdb_parallel_compact_engine.sv:185$2975'.
No latch inferred for signal `\cap_pdb_parallel_compact_allocation_engine.\xor_permute_mask$func$cap_pdb_parallel_compact_engine.sv:185$1407.$result' from process `\cap_pdb_parallel_compact_allocation_engine.$proc$cap_pdb_parallel_compact_engine.sv:185$2975'.
No latch inferred for signal `\cap_pdb_parallel_compact_allocation_engine.\xor_permute_mask$func$cap_pdb_parallel_compact_engine.sv:185$1407.mask' from process `\cap_pdb_parallel_compact_allocation_engine.$proc$cap_pdb_parallel_compact_engine.sv:185$2975'.
No latch inferred for signal `\cap_pdb_parallel_compact_allocation_engine.\xor_permute_mask$func$cap_pdb_parallel_compact_engine.sv:185$1407.xor_state' from process `\cap_pdb_parallel_compact_allocation_engine.$proc$cap_pdb_parallel_compact_engine.sv:185$2975'.
No latch inferred for signal `\cap_pdb_parallel_compact_allocation_engine.\xor_permute_mask$func$cap_pdb_parallel_compact_engine.sv:185$1407.stage0' from process `\cap_pdb_parallel_compact_allocation_engine.$proc$cap_pdb_parallel_compact_engine.sv:185$2975'.
No latch inferred for signal `\cap_pdb_parallel_compact_allocation_engine.\xor_permute_mask$func$cap_pdb_parallel_compact_engine.sv:185$1407.stage1' from process `\cap_pdb_parallel_compact_allocation_engine.$proc$cap_pdb_parallel_compact_engine.sv:185$2975'.
No latch inferred for signal `\cap_pdb_parallel_compact_allocation_engine.\xor_permute_mask$func$cap_pdb_parallel_compact_engine.sv:185$1407.stage2' from process `\cap_pdb_parallel_compact_allocation_engine.$proc$cap_pdb_parallel_compact_engine.sv:185$2975'.
No latch inferred for signal `\cap_pdb_parallel_compact_allocation_engine.\xor_permute_mask$func$cap_pdb_parallel_compact_engine.sv:185$1407.stage3' from process `\cap_pdb_parallel_compact_allocation_engine.$proc$cap_pdb_parallel_compact_engine.sv:185$2975'.
No latch inferred for signal `\cap_pdb_parallel_compact_allocation_engine.\xor_permute_mask$func$cap_pdb_parallel_compact_engine.sv:185$1395.$result' from process `\cap_pdb_parallel_compact_allocation_engine.$proc$cap_pdb_parallel_compact_engine.sv:185$3015'.
No latch inferred for signal `\cap_pdb_parallel_compact_allocation_engine.\xor_permute_mask$func$cap_pdb_parallel_compact_engine.sv:185$1408.$result' from process `\cap_pdb_parallel_compact_allocation_engine.$proc$cap_pdb_parallel_compact_engine.sv:185$3015'.
No latch inferred for signal `\cap_pdb_parallel_compact_allocation_engine.\xor_permute_mask$func$cap_pdb_parallel_compact_engine.sv:185$1408.mask' from process `\cap_pdb_parallel_compact_allocation_engine.$proc$cap_pdb_parallel_compact_engine.sv:185$3015'.
No latch inferred for signal `\cap_pdb_parallel_compact_allocation_engine.\xor_permute_mask$func$cap_pdb_parallel_compact_engine.sv:185$1408.xor_state' from process `\cap_pdb_parallel_compact_allocation_engine.$proc$cap_pdb_parallel_compact_engine.sv:185$3015'.
No latch inferred for signal `\cap_pdb_parallel_compact_allocation_engine.\xor_permute_mask$func$cap_pdb_parallel_compact_engine.sv:185$1408.stage0' from process `\cap_pdb_parallel_compact_allocation_engine.$proc$cap_pdb_parallel_compact_engine.sv:185$3015'.
No latch inferred for signal `\cap_pdb_parallel_compact_allocation_engine.\xor_permute_mask$func$cap_pdb_parallel_compact_engine.sv:185$1408.stage1' from process `\cap_pdb_parallel_compact_allocation_engine.$proc$cap_pdb_parallel_compact_engine.sv:185$3015'.
No latch inferred for signal `\cap_pdb_parallel_compact_allocation_engine.\xor_permute_mask$func$cap_pdb_parallel_compact_engine.sv:185$1408.stage2' from process `\cap_pdb_parallel_compact_allocation_engine.$proc$cap_pdb_parallel_compact_engine.sv:185$3015'.
No latch inferred for signal `\cap_pdb_parallel_compact_allocation_engine.\xor_permute_mask$func$cap_pdb_parallel_compact_engine.sv:185$1408.stage3' from process `\cap_pdb_parallel_compact_allocation_engine.$proc$cap_pdb_parallel_compact_engine.sv:185$3015'.
No latch inferred for signal `\cap_pdb_parallel_compact_allocation_engine.\xor_permute_mask$func$cap_pdb_parallel_compact_engine.sv:185$1396.$result' from process `\cap_pdb_parallel_compact_allocation_engine.$proc$cap_pdb_parallel_compact_engine.sv:185$3055'.
No latch inferred for signal `\cap_pdb_parallel_compact_allocation_engine.\xor_permute_mask$func$cap_pdb_parallel_compact_engine.sv:185$1409.$result' from process `\cap_pdb_parallel_compact_allocation_engine.$proc$cap_pdb_parallel_compact_engine.sv:185$3055'.
No latch inferred for signal `\cap_pdb_parallel_compact_allocation_engine.\xor_permute_mask$func$cap_pdb_parallel_compact_engine.sv:185$1409.mask' from process `\cap_pdb_parallel_compact_allocation_engine.$proc$cap_pdb_parallel_compact_engine.sv:185$3055'.
No latch inferred for signal `\cap_pdb_parallel_compact_allocation_engine.\xor_permute_mask$func$cap_pdb_parallel_compact_engine.sv:185$1409.xor_state' from process `\cap_pdb_parallel_compact_allocation_engine.$proc$cap_pdb_parallel_compact_engine.sv:185$3055'.
No latch inferred for signal `\cap_pdb_parallel_compact_allocation_engine.\xor_permute_mask$func$cap_pdb_parallel_compact_engine.sv:185$1409.stage0' from process `\cap_pdb_parallel_compact_allocation_engine.$proc$cap_pdb_parallel_compact_engine.sv:185$3055'.
No latch inferred for signal `\cap_pdb_parallel_compact_allocation_engine.\xor_permute_mask$func$cap_pdb_parallel_compact_engine.sv:185$1409.stage1' from process `\cap_pdb_parallel_compact_allocation_engine.$proc$cap_pdb_parallel_compact_engine.sv:185$3055'.
No latch inferred for signal `\cap_pdb_parallel_compact_allocation_engine.\xor_permute_mask$func$cap_pdb_parallel_compact_engine.sv:185$1409.stage2' from process `\cap_pdb_parallel_compact_allocation_engine.$proc$cap_pdb_parallel_compact_engine.sv:185$3055'.
No latch inferred for signal `\cap_pdb_parallel_compact_allocation_engine.\xor_permute_mask$func$cap_pdb_parallel_compact_engine.sv:185$1409.stage3' from process `\cap_pdb_parallel_compact_allocation_engine.$proc$cap_pdb_parallel_compact_engine.sv:185$3055'.
No latch inferred for signal `\cap_pdb_parallel_compact_allocation_engine.\xor_permute_mask$func$cap_pdb_parallel_compact_engine.sv:185$1397.$result' from process `\cap_pdb_parallel_compact_allocation_engine.$proc$cap_pdb_parallel_compact_engine.sv:185$3095'.
No latch inferred for signal `\cap_pdb_parallel_compact_allocation_engine.\xor_permute_mask$func$cap_pdb_parallel_compact_engine.sv:185$1410.$result' from process `\cap_pdb_parallel_compact_allocation_engine.$proc$cap_pdb_parallel_compact_engine.sv:185$3095'.
No latch inferred for signal `\cap_pdb_parallel_compact_allocation_engine.\xor_permute_mask$func$cap_pdb_parallel_compact_engine.sv:185$1410.mask' from process `\cap_pdb_parallel_compact_allocation_engine.$proc$cap_pdb_parallel_compact_engine.sv:185$3095'.
No latch inferred for signal `\cap_pdb_parallel_compact_allocation_engine.\xor_permute_mask$func$cap_pdb_parallel_compact_engine.sv:185$1410.xor_state' from process `\cap_pdb_parallel_compact_allocation_engine.$proc$cap_pdb_parallel_compact_engine.sv:185$3095'.
No latch inferred for signal `\cap_pdb_parallel_compact_allocation_engine.\xor_permute_mask$func$cap_pdb_parallel_compact_engine.sv:185$1410.stage0' from process `\cap_pdb_parallel_compact_allocation_engine.$proc$cap_pdb_parallel_compact_engine.sv:185$3095'.
No latch inferred for signal `\cap_pdb_parallel_compact_allocation_engine.\xor_permute_mask$func$cap_pdb_parallel_compact_engine.sv:185$1410.stage1' from process `\cap_pdb_parallel_compact_allocation_engine.$proc$cap_pdb_parallel_compact_engine.sv:185$3095'.
No latch inferred for signal `\cap_pdb_parallel_compact_allocation_engine.\xor_permute_mask$func$cap_pdb_parallel_compact_engine.sv:185$1410.stage2' from process `\cap_pdb_parallel_compact_allocation_engine.$proc$cap_pdb_parallel_compact_engine.sv:185$3095'.
No latch inferred for signal `\cap_pdb_parallel_compact_allocation_engine.\xor_permute_mask$func$cap_pdb_parallel_compact_engine.sv:185$1410.stage3' from process `\cap_pdb_parallel_compact_allocation_engine.$proc$cap_pdb_parallel_compact_engine.sv:185$3095'.
No latch inferred for signal `\cap_pdb_parallel_compact_allocation_engine.\xor_permute_mask$func$cap_pdb_parallel_compact_engine.sv:185$1398.$result' from process `\cap_pdb_parallel_compact_allocation_engine.$proc$cap_pdb_parallel_compact_engine.sv:185$3135'.
No latch inferred for signal `\cap_pdb_parallel_compact_allocation_engine.\xor_permute_mask$func$cap_pdb_parallel_compact_engine.sv:185$1411.$result' from process `\cap_pdb_parallel_compact_allocation_engine.$proc$cap_pdb_parallel_compact_engine.sv:185$3135'.
No latch inferred for signal `\cap_pdb_parallel_compact_allocation_engine.\xor_permute_mask$func$cap_pdb_parallel_compact_engine.sv:185$1411.mask' from process `\cap_pdb_parallel_compact_allocation_engine.$proc$cap_pdb_parallel_compact_engine.sv:185$3135'.
No latch inferred for signal `\cap_pdb_parallel_compact_allocation_engine.\xor_permute_mask$func$cap_pdb_parallel_compact_engine.sv:185$1411.xor_state' from process `\cap_pdb_parallel_compact_allocation_engine.$proc$cap_pdb_parallel_compact_engine.sv:185$3135'.
No latch inferred for signal `\cap_pdb_parallel_compact_allocation_engine.\xor_permute_mask$func$cap_pdb_parallel_compact_engine.sv:185$1411.stage0' from process `\cap_pdb_parallel_compact_allocation_engine.$proc$cap_pdb_parallel_compact_engine.sv:185$3135'.
No latch inferred for signal `\cap_pdb_parallel_compact_allocation_engine.\xor_permute_mask$func$cap_pdb_parallel_compact_engine.sv:185$1411.stage1' from process `\cap_pdb_parallel_compact_allocation_engine.$proc$cap_pdb_parallel_compact_engine.sv:185$3135'.
No latch inferred for signal `\cap_pdb_parallel_compact_allocation_engine.\xor_permute_mask$func$cap_pdb_parallel_compact_engine.sv:185$1411.stage2' from process `\cap_pdb_parallel_compact_allocation_engine.$proc$cap_pdb_parallel_compact_engine.sv:185$3135'.
No latch inferred for signal `\cap_pdb_parallel_compact_allocation_engine.\xor_permute_mask$func$cap_pdb_parallel_compact_engine.sv:185$1411.stage3' from process `\cap_pdb_parallel_compact_allocation_engine.$proc$cap_pdb_parallel_compact_engine.sv:185$3135'.
No latch inferred for signal `\cap_pdb_parallel_compact_allocation_engine.\xor_permute_mask$func$cap_pdb_parallel_compact_engine.sv:185$1399.$result' from process `\cap_pdb_parallel_compact_allocation_engine.$proc$cap_pdb_parallel_compact_engine.sv:185$3175'.
No latch inferred for signal `\cap_pdb_parallel_compact_allocation_engine.\xor_permute_mask$func$cap_pdb_parallel_compact_engine.sv:185$1412.$result' from process `\cap_pdb_parallel_compact_allocation_engine.$proc$cap_pdb_parallel_compact_engine.sv:185$3175'.
No latch inferred for signal `\cap_pdb_parallel_compact_allocation_engine.\xor_permute_mask$func$cap_pdb_parallel_compact_engine.sv:185$1412.mask' from process `\cap_pdb_parallel_compact_allocation_engine.$proc$cap_pdb_parallel_compact_engine.sv:185$3175'.
No latch inferred for signal `\cap_pdb_parallel_compact_allocation_engine.\xor_permute_mask$func$cap_pdb_parallel_compact_engine.sv:185$1412.xor_state' from process `\cap_pdb_parallel_compact_allocation_engine.$proc$cap_pdb_parallel_compact_engine.sv:185$3175'.
No latch inferred for signal `\cap_pdb_parallel_compact_allocation_engine.\xor_permute_mask$func$cap_pdb_parallel_compact_engine.sv:185$1412.stage0' from process `\cap_pdb_parallel_compact_allocation_engine.$proc$cap_pdb_parallel_compact_engine.sv:185$3175'.
No latch inferred for signal `\cap_pdb_parallel_compact_allocation_engine.\xor_permute_mask$func$cap_pdb_parallel_compact_engine.sv:185$1412.stage1' from process `\cap_pdb_parallel_compact_allocation_engine.$proc$cap_pdb_parallel_compact_engine.sv:185$3175'.
No latch inferred for signal `\cap_pdb_parallel_compact_allocation_engine.\xor_permute_mask$func$cap_pdb_parallel_compact_engine.sv:185$1412.stage2' from process `\cap_pdb_parallel_compact_allocation_engine.$proc$cap_pdb_parallel_compact_engine.sv:185$3175'.
No latch inferred for signal `\cap_pdb_parallel_compact_allocation_engine.\xor_permute_mask$func$cap_pdb_parallel_compact_engine.sv:185$1412.stage3' from process `\cap_pdb_parallel_compact_allocation_engine.$proc$cap_pdb_parallel_compact_engine.sv:185$3175'.
No latch inferred for signal `\cap_pdb_parallel_compact_allocation_engine.\xor_permute_mask$func$cap_pdb_parallel_compact_engine.sv:185$1400.$result' from process `\cap_pdb_parallel_compact_allocation_engine.$proc$cap_pdb_parallel_compact_engine.sv:185$3215'.
No latch inferred for signal `\cap_pdb_parallel_compact_allocation_engine.\xor_permute_mask$func$cap_pdb_parallel_compact_engine.sv:185$1413.$result' from process `\cap_pdb_parallel_compact_allocation_engine.$proc$cap_pdb_parallel_compact_engine.sv:185$3215'.
No latch inferred for signal `\cap_pdb_parallel_compact_allocation_engine.\xor_permute_mask$func$cap_pdb_parallel_compact_engine.sv:185$1413.mask' from process `\cap_pdb_parallel_compact_allocation_engine.$proc$cap_pdb_parallel_compact_engine.sv:185$3215'.
No latch inferred for signal `\cap_pdb_parallel_compact_allocation_engine.\xor_permute_mask$func$cap_pdb_parallel_compact_engine.sv:185$1413.xor_state' from process `\cap_pdb_parallel_compact_allocation_engine.$proc$cap_pdb_parallel_compact_engine.sv:185$3215'.
No latch inferred for signal `\cap_pdb_parallel_compact_allocation_engine.\xor_permute_mask$func$cap_pdb_parallel_compact_engine.sv:185$1413.stage0' from process `\cap_pdb_parallel_compact_allocation_engine.$proc$cap_pdb_parallel_compact_engine.sv:185$3215'.
No latch inferred for signal `\cap_pdb_parallel_compact_allocation_engine.\xor_permute_mask$func$cap_pdb_parallel_compact_engine.sv:185$1413.stage1' from process `\cap_pdb_parallel_compact_allocation_engine.$proc$cap_pdb_parallel_compact_engine.sv:185$3215'.
No latch inferred for signal `\cap_pdb_parallel_compact_allocation_engine.\xor_permute_mask$func$cap_pdb_parallel_compact_engine.sv:185$1413.stage2' from process `\cap_pdb_parallel_compact_allocation_engine.$proc$cap_pdb_parallel_compact_engine.sv:185$3215'.
No latch inferred for signal `\cap_pdb_parallel_compact_allocation_engine.\xor_permute_mask$func$cap_pdb_parallel_compact_engine.sv:185$1413.stage3' from process `\cap_pdb_parallel_compact_allocation_engine.$proc$cap_pdb_parallel_compact_engine.sv:185$3215'.
No latch inferred for signal `\cap_pdb_parallel_compact_allocation_engine.\xor_permute_mask$func$cap_pdb_parallel_compact_engine.sv:185$1401.$result' from process `\cap_pdb_parallel_compact_allocation_engine.$proc$cap_pdb_parallel_compact_engine.sv:185$3255'.
No latch inferred for signal `\cap_pdb_parallel_compact_allocation_engine.\xor_permute_mask$func$cap_pdb_parallel_compact_engine.sv:185$1414.$result' from process `\cap_pdb_parallel_compact_allocation_engine.$proc$cap_pdb_parallel_compact_engine.sv:185$3255'.
No latch inferred for signal `\cap_pdb_parallel_compact_allocation_engine.\xor_permute_mask$func$cap_pdb_parallel_compact_engine.sv:185$1414.mask' from process `\cap_pdb_parallel_compact_allocation_engine.$proc$cap_pdb_parallel_compact_engine.sv:185$3255'.
No latch inferred for signal `\cap_pdb_parallel_compact_allocation_engine.\xor_permute_mask$func$cap_pdb_parallel_compact_engine.sv:185$1414.xor_state' from process `\cap_pdb_parallel_compact_allocation_engine.$proc$cap_pdb_parallel_compact_engine.sv:185$3255'.
No latch inferred for signal `\cap_pdb_parallel_compact_allocation_engine.\xor_permute_mask$func$cap_pdb_parallel_compact_engine.sv:185$1414.stage0' from process `\cap_pdb_parallel_compact_allocation_engine.$proc$cap_pdb_parallel_compact_engine.sv:185$3255'.
No latch inferred for signal `\cap_pdb_parallel_compact_allocation_engine.\xor_permute_mask$func$cap_pdb_parallel_compact_engine.sv:185$1414.stage1' from process `\cap_pdb_parallel_compact_allocation_engine.$proc$cap_pdb_parallel_compact_engine.sv:185$3255'.
No latch inferred for signal `\cap_pdb_parallel_compact_allocation_engine.\xor_permute_mask$func$cap_pdb_parallel_compact_engine.sv:185$1414.stage2' from process `\cap_pdb_parallel_compact_allocation_engine.$proc$cap_pdb_parallel_compact_engine.sv:185$3255'.
No latch inferred for signal `\cap_pdb_parallel_compact_allocation_engine.\xor_permute_mask$func$cap_pdb_parallel_compact_engine.sv:185$1414.stage3' from process `\cap_pdb_parallel_compact_allocation_engine.$proc$cap_pdb_parallel_compact_engine.sv:185$3255'.

5.4.9. Executing PROC_DFF pass (convert process syncs to FFs).
Creating register for signal `\cap_pdb_parallel_compact_allocation_engine.\busy' using process `\cap_pdb_parallel_compact_allocation_engine.$proc$cap_pdb_parallel_compact_engine.sv:249$2705'.
  created $dff cell `$procdff$4978' with positive edge clock.
Creating register for signal `\cap_pdb_parallel_compact_allocation_engine.\done' using process `\cap_pdb_parallel_compact_allocation_engine.$proc$cap_pdb_parallel_compact_engine.sv:249$2705'.
  created $dff cell `$procdff$4979' with positive edge clock.
Creating register for signal `\cap_pdb_parallel_compact_allocation_engine.\valid' using process `\cap_pdb_parallel_compact_allocation_engine.$proc$cap_pdb_parallel_compact_engine.sv:249$2705'.
  created $dff cell `$procdff$4980' with positive edge clock.
Creating register for signal `\cap_pdb_parallel_compact_allocation_engine.\group_cost_sum' using process `\cap_pdb_parallel_compact_allocation_engine.$proc$cap_pdb_parallel_compact_engine.sv:249$2705'.
  created $dff cell `$procdff$4981' with positive edge clock.
Creating register for signal `\cap_pdb_parallel_compact_allocation_engine.\cycles' using process `\cap_pdb_parallel_compact_allocation_engine.$proc$cap_pdb_parallel_compact_engine.sv:249$2705'.
  created $dff cell `$procdff$4982' with positive edge clock.
Creating register for signal `\cap_pdb_parallel_compact_allocation_engine.\phase' using process `\cap_pdb_parallel_compact_allocation_engine.$proc$cap_pdb_parallel_compact_engine.sv:249$2705'.
  created $dff cell `$procdff$4983' with positive edge clock.
Creating register for signal `\cap_pdb_parallel_compact_allocation_engine.\index' using process `\cap_pdb_parallel_compact_allocation_engine.$proc$cap_pdb_parallel_compact_engine.sv:249$2705'.
  created $dff cell `$procdff$4984' with positive edge clock.
Creating register for signal `\cap_pdb_parallel_compact_allocation_engine.\remaining[0]' using process `\cap_pdb_parallel_compact_allocation_engine.$proc$cap_pdb_parallel_compact_engine.sv:249$2705'.
  created $dff cell `$procdff$4985' with positive edge clock.
Creating register for signal `\cap_pdb_parallel_compact_allocation_engine.\remaining[1]' using process `\cap_pdb_parallel_compact_allocation_engine.$proc$cap_pdb_parallel_compact_engine.sv:249$2705'.
  created $dff cell `$procdff$4986' with positive edge clock.
Creating register for signal `\cap_pdb_parallel_compact_allocation_engine.\remaining[2]' using process `\cap_pdb_parallel_compact_allocation_engine.$proc$cap_pdb_parallel_compact_engine.sv:249$2705'.
  created $dff cell `$procdff$4987' with positive edge clock.
Creating register for signal `\cap_pdb_parallel_compact_allocation_engine.\remaining[3]' using process `\cap_pdb_parallel_compact_allocation_engine.$proc$cap_pdb_parallel_compact_engine.sv:249$2705'.
  created $dff cell `$procdff$4988' with positive edge clock.
Creating register for signal `\cap_pdb_parallel_compact_allocation_engine.\remaining[4]' using process `\cap_pdb_parallel_compact_allocation_engine.$proc$cap_pdb_parallel_compact_engine.sv:249$2705'.
  created $dff cell `$procdff$4989' with positive edge clock.
Creating register for signal `\cap_pdb_parallel_compact_allocation_engine.\remaining[5]' using process `\cap_pdb_parallel_compact_allocation_engine.$proc$cap_pdb_parallel_compact_engine.sv:249$2705'.
  created $dff cell `$procdff$4990' with positive edge clock.
Creating register for signal `\cap_pdb_parallel_compact_allocation_engine.\remaining[6]' using process `\cap_pdb_parallel_compact_allocation_engine.$proc$cap_pdb_parallel_compact_engine.sv:249$2705'.
  created $dff cell `$procdff$4991' with positive edge clock.
Creating register for signal `\cap_pdb_parallel_compact_allocation_engine.\remaining[7]' using process `\cap_pdb_parallel_compact_allocation_engine.$proc$cap_pdb_parallel_compact_engine.sv:249$2705'.
  created $dff cell `$procdff$4992' with positive edge clock.
Creating register for signal `\cap_pdb_parallel_compact_allocation_engine.\remaining[8]' using process `\cap_pdb_parallel_compact_allocation_engine.$proc$cap_pdb_parallel_compact_engine.sv:249$2705'.
  created $dff cell `$procdff$4993' with positive edge clock.
Creating register for signal `\cap_pdb_parallel_compact_allocation_engine.\remaining[9]' using process `\cap_pdb_parallel_compact_allocation_engine.$proc$cap_pdb_parallel_compact_engine.sv:249$2705'.
  created $dff cell `$procdff$4994' with positive edge clock.
Creating register for signal `\cap_pdb_parallel_compact_allocation_engine.\remaining[10]' using process `\cap_pdb_parallel_compact_allocation_engine.$proc$cap_pdb_parallel_compact_engine.sv:249$2705'.
  created $dff cell `$procdff$4995' with positive edge clock.
Creating register for signal `\cap_pdb_parallel_compact_allocation_engine.\remaining[11]' using process `\cap_pdb_parallel_compact_allocation_engine.$proc$cap_pdb_parallel_compact_engine.sv:249$2705'.
  created $dff cell `$procdff$4996' with positive edge clock.
Creating register for signal `\cap_pdb_parallel_compact_allocation_engine.\remaining[12]' using process `\cap_pdb_parallel_compact_allocation_engine.$proc$cap_pdb_parallel_compact_engine.sv:249$2705'.
  created $dff cell `$procdff$4997' with positive edge clock.
Creating register for signal `\cap_pdb_parallel_compact_allocation_engine.\group_minimum[0]' using process `\cap_pdb_parallel_compact_allocation_engine.$proc$cap_pdb_parallel_compact_engine.sv:249$2705'.
  created $dff cell `$procdff$4998' with positive edge clock.
Creating register for signal `\cap_pdb_parallel_compact_allocation_engine.\group_minimum[1]' using process `\cap_pdb_parallel_compact_allocation_engine.$proc$cap_pdb_parallel_compact_engine.sv:249$2705'.
  created $dff cell `$procdff$4999' with positive edge clock.
Creating register for signal `\cap_pdb_parallel_compact_allocation_engine.\group_minimum[2]' using process `\cap_pdb_parallel_compact_allocation_engine.$proc$cap_pdb_parallel_compact_engine.sv:249$2705'.
  created $dff cell `$procdff$5000' with positive edge clock.
Creating register for signal `\cap_pdb_parallel_compact_allocation_engine.\group_minimum[3]' using process `\cap_pdb_parallel_compact_allocation_engine.$proc$cap_pdb_parallel_compact_engine.sv:249$2705'.
  created $dff cell `$procdff$5001' with positive edge clock.
Creating register for signal `\cap_pdb_parallel_compact_allocation_engine.\group_minimum[4]' using process `\cap_pdb_parallel_compact_allocation_engine.$proc$cap_pdb_parallel_compact_engine.sv:249$2705'.
  created $dff cell `$procdff$5002' with positive edge clock.
Creating register for signal `\cap_pdb_parallel_compact_allocation_engine.\group_minimum[5]' using process `\cap_pdb_parallel_compact_allocation_engine.$proc$cap_pdb_parallel_compact_engine.sv:249$2705'.
  created $dff cell `$procdff$5003' with positive edge clock.
Creating register for signal `\cap_pdb_parallel_compact_allocation_engine.\group_minimum[6]' using process `\cap_pdb_parallel_compact_allocation_engine.$proc$cap_pdb_parallel_compact_engine.sv:249$2705'.
  created $dff cell `$procdff$5004' with positive edge clock.
Creating register for signal `\cap_pdb_parallel_compact_allocation_engine.\group_minimum[7]' using process `\cap_pdb_parallel_compact_allocation_engine.$proc$cap_pdb_parallel_compact_engine.sv:249$2705'.
  created $dff cell `$procdff$5005' with positive edge clock.
Creating register for signal `\cap_pdb_parallel_compact_allocation_engine.\group_minimum[8]' using process `\cap_pdb_parallel_compact_allocation_engine.$proc$cap_pdb_parallel_compact_engine.sv:249$2705'.
  created $dff cell `$procdff$5006' with positive edge clock.
Creating register for signal `\cap_pdb_parallel_compact_allocation_engine.\group_minimum[9]' using process `\cap_pdb_parallel_compact_allocation_engine.$proc$cap_pdb_parallel_compact_engine.sv:249$2705'.
  created $dff cell `$procdff$5007' with positive edge clock.
Creating register for signal `\cap_pdb_parallel_compact_allocation_engine.\group_minimum[10]' using process `\cap_pdb_parallel_compact_allocation_engine.$proc$cap_pdb_parallel_compact_engine.sv:249$2705'.
  created $dff cell `$procdff$5008' with positive edge clock.
Creating register for signal `\cap_pdb_parallel_compact_allocation_engine.\group_minimum[11]' using process `\cap_pdb_parallel_compact_allocation_engine.$proc$cap_pdb_parallel_compact_engine.sv:249$2705'.
  created $dff cell `$procdff$5009' with positive edge clock.
Creating register for signal `\cap_pdb_parallel_compact_allocation_engine.\group_minimum[12]' using process `\cap_pdb_parallel_compact_allocation_engine.$proc$cap_pdb_parallel_compact_engine.sv:249$2705'.
  created $dff cell `$procdff$5010' with positive edge clock.
Creating register for signal `$paramod$b5bfe1d4fce40940586b6e35fec61194ae5a8fde\cap_pdb_state_wide_bank.\rdata' using process `$paramod$b5bfe1d4fce40940586b6e35fec61194ae5a8fde\cap_pdb_state_wide_bank.$proc$cap_pdb_parallel_compact_engine.sv:22$3293'.
  created $dff cell `$procdff$5011' with positive edge clock.
Creating register for signal `$paramod$b5bfe1d4fce40940586b6e35fec61194ae5a8fde\cap_pdb_state_wide_bank.$memwr$\memory$cap_pdb_parallel_compact_engine.sv:24$3292_ADDR' using process `$paramod$b5bfe1d4fce40940586b6e35fec61194ae5a8fde\cap_pdb_state_wide_bank.$proc$cap_pdb_parallel_compact_engine.sv:22$3293'.
  created $dff cell `$procdff$5012' with positive edge clock.
Creating register for signal `$paramod$b5bfe1d4fce40940586b6e35fec61194ae5a8fde\cap_pdb_state_wide_bank.$memwr$\memory$cap_pdb_parallel_compact_engine.sv:24$3292_DATA' using process `$paramod$b5bfe1d4fce40940586b6e35fec61194ae5a8fde\cap_pdb_state_wide_bank.$proc$cap_pdb_parallel_compact_engine.sv:22$3293'.
  created $dff cell `$procdff$5013' with positive edge clock.
Creating register for signal `$paramod$b5bfe1d4fce40940586b6e35fec61194ae5a8fde\cap_pdb_state_wide_bank.$memwr$\memory$cap_pdb_parallel_compact_engine.sv:24$3292_EN' using process `$paramod$b5bfe1d4fce40940586b6e35fec61194ae5a8fde\cap_pdb_state_wide_bank.$proc$cap_pdb_parallel_compact_engine.sv:22$3293'.
  created $dff cell `$procdff$5014' with positive edge clock.

5.4.10. Executing PROC_MEMWR pass (convert process memory writes to cells).

5.4.11. Executing PROC_CLEAN pass (remove empty switches from decision trees).
Removing empty process `cap_pdb_parallel_compact_allocation_engine.$proc$cap_pdb_parallel_compact_engine.sv:207$1416'.
Found and cleaned up 26 empty switches in `\cap_pdb_parallel_compact_allocation_engine.$proc$cap_pdb_parallel_compact_engine.sv:232$2665'.
Removing empty process `cap_pdb_parallel_compact_allocation_engine.$proc$cap_pdb_parallel_compact_engine.sv:232$2665'.
Found and cleaned up 31 empty switches in `\cap_pdb_parallel_compact_allocation_engine.$proc$cap_pdb_parallel_compact_engine.sv:249$2705'.
Removing empty process `cap_pdb_parallel_compact_allocation_engine.$proc$cap_pdb_parallel_compact_engine.sv:249$2705'.
Removing empty process `cap_pdb_parallel_compact_allocation_engine.$proc$cap_pdb_parallel_compact_engine.sv:185$2775'.
Removing empty process `cap_pdb_parallel_compact_allocation_engine.$proc$cap_pdb_parallel_compact_engine.sv:185$2815'.
Removing empty process `cap_pdb_parallel_compact_allocation_engine.$proc$cap_pdb_parallel_compact_engine.sv:185$2855'.
Removing empty process `cap_pdb_parallel_compact_allocation_engine.$proc$cap_pdb_parallel_compact_engine.sv:185$2895'.
Removing empty process `cap_pdb_parallel_compact_allocation_engine.$proc$cap_pdb_parallel_compact_engine.sv:185$2935'.
Removing empty process `cap_pdb_parallel_compact_allocation_engine.$proc$cap_pdb_parallel_compact_engine.sv:185$2975'.
Removing empty process `cap_pdb_parallel_compact_allocation_engine.$proc$cap_pdb_parallel_compact_engine.sv:185$3015'.
Removing empty process `cap_pdb_parallel_compact_allocation_engine.$proc$cap_pdb_parallel_compact_engine.sv:185$3055'.
Removing empty process `cap_pdb_parallel_compact_allocation_engine.$proc$cap_pdb_parallel_compact_engine.sv:185$3095'.
Removing empty process `cap_pdb_parallel_compact_allocation_engine.$proc$cap_pdb_parallel_compact_engine.sv:185$3135'.
Removing empty process `cap_pdb_parallel_compact_allocation_engine.$proc$cap_pdb_parallel_compact_engine.sv:185$3175'.
Removing empty process `cap_pdb_parallel_compact_allocation_engine.$proc$cap_pdb_parallel_compact_engine.sv:185$3215'.
Removing empty process `cap_pdb_parallel_compact_allocation_engine.$proc$cap_pdb_parallel_compact_engine.sv:185$3255'.
Found and cleaned up 2 empty switches in `$paramod$b5bfe1d4fce40940586b6e35fec61194ae5a8fde\cap_pdb_state_wide_bank.$proc$cap_pdb_parallel_compact_engine.sv:22$3293'.
Removing empty process `$paramod$b5bfe1d4fce40940586b6e35fec61194ae5a8fde\cap_pdb_state_wide_bank.$proc$cap_pdb_parallel_compact_engine.sv:22$3293'.
Cleaned up 59 empty switches.

5.4.12. Executing OPT_EXPR pass (perform const folding).
Optimizing module cap_pdb_parallel_compact_allocation_engine.
<suppressed ~294 debug messages>
Optimizing module $paramod$cbc3189b30a0f0ae8c16e45df15b3f5a54303a8f\cap_pdb_masked_min32.
Optimizing module $paramod$b5bfe1d4fce40940586b6e35fec61194ae5a8fde\cap_pdb_state_wide_bank.

5.5. Executing TRIBUF pass.

5.6. Executing DEMINOUT pass (demote inout ports to input or output).

5.7. Executing OPT_EXPR pass (perform const folding).
Optimizing module cap_pdb_parallel_compact_allocation_engine.
<suppressed ~1 debug messages>
Optimizing module $paramod$cbc3189b30a0f0ae8c16e45df15b3f5a54303a8f\cap_pdb_masked_min32.
Optimizing module $paramod$b5bfe1d4fce40940586b6e35fec61194ae5a8fde\cap_pdb_state_wide_bank.

5.8. Executing OPT_CLEAN pass (remove unused cells and wires).
Finding unused cells or wires in module \cap_pdb_parallel_compact_allocation_engine..
Finding unused cells or wires in module $paramod$cbc3189b30a0f0ae8c16e45df15b3f5a54303a8f\cap_pdb_masked_min32..
Finding unused cells or wires in module $paramod$b5bfe1d4fce40940586b6e35fec61194ae5a8fde\cap_pdb_state_wide_bank..
Removed 25 unused cells and 715 unused wires.
<suppressed ~29 debug messages>

5.9. Executing CHECK pass (checking for obvious problems).
Checking module cap_pdb_parallel_compact_allocation_engine...
Checking module $paramod$cbc3189b30a0f0ae8c16e45df15b3f5a54303a8f\cap_pdb_masked_min32...
Checking module $paramod$b5bfe1d4fce40940586b6e35fec61194ae5a8fde\cap_pdb_state_wide_bank...
Found and reported 0 problems.

5.10. Executing OPT pass (performing simple optimizations).

5.10.1. Executing OPT_EXPR pass (perform const folding).
Optimizing module cap_pdb_parallel_compact_allocation_engine.
Optimizing module $paramod$cbc3189b30a0f0ae8c16e45df15b3f5a54303a8f\cap_pdb_masked_min32.
Optimizing module $paramod$b5bfe1d4fce40940586b6e35fec61194ae5a8fde\cap_pdb_state_wide_bank.

5.10.2. Executing OPT_MERGE pass (detect identical cells).
Finding identical cells in module `\cap_pdb_parallel_compact_allocation_engine'.
Computing hashes of 1766 cells of `\cap_pdb_parallel_compact_allocation_engine'.
Finding duplicate cells in `\cap_pdb_parallel_compact_allocation_engine'.
Computing hashes of 1682 cells of `\cap_pdb_parallel_compact_allocation_engine'.
Finding duplicate cells in `\cap_pdb_parallel_compact_allocation_engine'.
<suppressed ~252 debug messages>
Finding identical cells in module `$paramod$cbc3189b30a0f0ae8c16e45df15b3f5a54303a8f\cap_pdb_masked_min32'.
Computing hashes of 94 cells of `$paramod$cbc3189b30a0f0ae8c16e45df15b3f5a54303a8f\cap_pdb_masked_min32'.
Finding duplicate cells in `$paramod$cbc3189b30a0f0ae8c16e45df15b3f5a54303a8f\cap_pdb_masked_min32'.
Finding identical cells in module `$paramod$b5bfe1d4fce40940586b6e35fec61194ae5a8fde\cap_pdb_state_wide_bank'.
Computing hashes of 7 cells of `$paramod$b5bfe1d4fce40940586b6e35fec61194ae5a8fde\cap_pdb_state_wide_bank'.
Finding duplicate cells in `$paramod$b5bfe1d4fce40940586b6e35fec61194ae5a8fde\cap_pdb_state_wide_bank'.
Removed a total of 84 cells.

5.10.3. Executing OPT_MUXTREE pass (detect dead branches in mux trees).
Running muxtree optimizer on module \cap_pdb_parallel_compact_allocation_engine..
  Creating internal representation of mux trees.
  Evaluating internal representation of mux trees.
  Analyzing evaluation results.
Running muxtree optimizer on module $paramod$cbc3189b30a0f0ae8c16e45df15b3f5a54303a8f\cap_pdb_masked_min32..
  Creating internal representation of mux trees.
  Evaluating internal representation of mux trees.
  Analyzing evaluation results.
Running muxtree optimizer on module $paramod$b5bfe1d4fce40940586b6e35fec61194ae5a8fde\cap_pdb_state_wide_bank..
  Creating internal representation of mux trees.
  Evaluating internal representation of mux trees.
  Analyzing evaluation results.
Removed 0 multiplexer ports.
<suppressed ~464 debug messages>

5.10.4. Executing OPT_REDUCE pass (consolidate $*mux and $reduce_* inputs).
  Optimizing cells in module \cap_pdb_parallel_compact_allocation_engine.
  Optimizing cells in module $paramod$cbc3189b30a0f0ae8c16e45df15b3f5a54303a8f\cap_pdb_masked_min32.
  Optimizing cells in module $paramod$b5bfe1d4fce40940586b6e35fec61194ae5a8fde\cap_pdb_state_wide_bank.
    Consolidated identical input bits for $mux cell $procmux$4968:
      Old ports: A=512'00000000000000000000000000000000000000000000000000000000000000000000000000000000000000000000000000000000000000000000000000000000000000000000000000000000000000000000000000000000000000000000000000000000000000000000000000000000000000000000000000000000000000000000000000000000000000000000000000000000000000000000000000000000000000000000000000000000000000000000000000000000000000000000000000000000000000000000000000000000000000000000000000000000000000000000000000000000000000000000000000000000000000000000000000000000, B=512'11111111111111111111111111111111111111111111111111111111111111111111111111111111111111111111111111111111111111111111111111111111111111111111111111111111111111111111111111111111111111111111111111111111111111111111111111111111111111111111111111111111111111111111111111111111111111111111111111111111111111111111111111111111111111111111111111111111111111111111111111111111111111111111111111111111111111111111111111111111111111111111111111111111111111111111111111111111111111111111111111111111111111111111111111111111, Y=$0$memwr$\memory$cap_pdb_parallel_compact_engine.sv:24$3292_EN[511:0]$3296
      New ports: A=1'0, B=1'1, Y=$0$memwr$\memory$cap_pdb_parallel_compact_engine.sv:24$3292_EN[511:0]$3296 [0]
      New connections: $0$memwr$\memory$cap_pdb_parallel_compact_engine.sv:24$3292_EN[511:0]$3296 [511:1] = { $0$memwr$\memory$cap_pdb_parallel_compact_engine.sv:24$3292_EN[511:0]$3296 [0] $0$memwr$\memory$cap_pdb_parallel_compact_engine.sv:24$3292_EN[511:0]$3296 [0] $0$memwr$\memory$cap_pdb_parallel_compact_engine.sv:24$3292_EN[511:0]$3296 [0] $0$memwr$\memory$cap_pdb_parallel_compact_engine.sv:24$3292_EN[511:0]$3296 [0] $0$memwr$\memory$cap_pdb_parallel_compact_engine.sv:24$3292_EN[511:0]$3296 [0] $0$memwr$\memory$cap_pdb_parallel_compact_engine.sv:24$3292_EN[511:0]$3296 [0] $0$memwr$\memory$cap_pdb_parallel_compact_engine.sv:24$3292_EN[511:0]$3296 [0] $0$memwr$\memory$cap_pdb_parallel_compact_engine.sv:24$3292_EN[511:0]$3296 [0] $0$memwr$\memory$cap_pdb_parallel_compact_engine.sv:24$3292_EN[511:0]$3296 [0] $0$memwr$\memory$cap_pdb_parallel_compact_engine.sv:24$3292_EN[511:0]$3296 [0] $0$memwr$\memory$cap_pdb_parallel_compact_engine.sv:24$3292_EN[511:0]$3296 [0] $0$memwr$\memory$cap_pdb_parallel_compact_engine.sv:24$3292_EN[511:0]$3296 [0] $0$memwr$\memory$cap_pdb_parallel_compact_engine.sv:24$3292_EN[511:0]$3296 [0] $0$memwr$\memory$cap_pdb_parallel_compact_engine.sv:24$3292_EN[511:0]$3296 [0] $0$memwr$\memory$cap_pdb_parallel_compact_engine.sv:24$3292_EN[511:0]$3296 [0] $0$memwr$\memory$cap_pdb_parallel_compact_engine.sv:24$3292_EN[511:0]$3296 [0] $0$memwr$\memory$cap_pdb_parallel_compact_engine.sv:24$3292_EN[511:0]$3296 [0] $0$memwr$\memory$cap_pdb_parallel_compact_engine.sv:24$3292_EN[511:0]$3296 [0] $0$memwr$\memory$cap_pdb_parallel_compact_engine.sv:24$3292_EN[511:0]$3296 [0] $0$memwr$\memory$cap_pdb_parallel_compact_engine.sv:24$3292_EN[511:0]$3296 [0] $0$memwr$\memory$cap_pdb_parallel_compact_engine.sv:24$3292_EN[511:0]$3296 [0] $0$memwr$\memory$cap_pdb_parallel_compact_engine.sv:24$3292_EN[511:0]$3296 [0] $0$memwr$\memory$cap_pdb_parallel_compact_engine.sv:24$3292_EN[511:0]$3296 [0] $0$memwr$\memory$cap_pdb_parallel_compact_engine.sv:24$3292_EN[511:0]$3296 [0] $0$memwr$\memory$cap_pdb_parallel_compact_engine.sv:24$3292_EN[511:0]$3296 [0] $0$memwr$\memory$cap_pdb_parallel_compact_engine.sv:24$3292_EN[511:0]$3296 [0] $0$memwr$\memory$cap_pdb_parallel_compact_engine.sv:24$3292_EN[511:0]$3296 [0] $0$memwr$\memory$cap_pdb_parallel_compact_engine.sv:24$3292_EN[511:0]$3296 [0] $0$memwr$\memory$cap_pdb_parallel_compact_engine.sv:24$3292_EN[511:0]$3296 [0] $0$memwr$\memory$cap_pdb_parallel_compact_engine.sv:24$3292_EN[511:0]$3296 [0] $0$memwr$\memory$cap_pdb_parallel_compact_engine.sv:24$3292_EN[511:0]$3296 [0] $0$memwr$\memory$cap_pdb_parallel_compact_engine.sv:24$3292_EN[511:0]$3296 [0] $0$memwr$\memory$cap_pdb_parallel_compact_engine.sv:24$3292_EN[511:0]$3296 [0] $0$memwr$\memory$cap_pdb_parallel_compact_engine.sv:24$3292_EN[511:0]$3296 [0] $0$memwr$\memory$cap_pdb_parallel_compact_engine.sv:24$3292_EN[511:0]$3296 [0] $0$memwr$\memory$cap_pdb_parallel_compact_engine.sv:24$3292_EN[511:0]$3296 [0] $0$memwr$\memory$cap_pdb_parallel_compact_engine.sv:24$3292_EN[511:0]$3296 [0] $0$memwr$\memory$cap_pdb_parallel_compact_engine.sv:24$3292_EN[511:0]$3296 [0] $0$memwr$\memory$cap_pdb_parallel_compact_engine.sv:24$3292_EN[511:0]$3296 [0] $0$memwr$\memory$cap_pdb_parallel_compact_engine.sv:24$3292_EN[511:0]$3296 [0] $0$memwr$\memory$cap_pdb_parallel_compact_engine.sv:24$3292_EN[511:0]$3296 [0] $0$memwr$\memory$cap_pdb_parallel_compact_engine.sv:24$3292_EN[511:0]$3296 [0] $0$memwr$\memory$cap_pdb_parallel_compact_engine.sv:24$3292_EN[511:0]$3296 [0] $0$memwr$\memory$cap_pdb_parallel_compact_engine.sv:24$3292_EN[511:0]$3296 [0] $0$memwr$\memory$cap_pdb_parallel_compact_engine.sv:24$3292_EN[511:0]$3296 [0] $0$memwr$\memory$cap_pdb_parallel_compact_engine.sv:24$3292_EN[511:0]$3296 [0] $0$memwr$\memory$cap_pdb_parallel_compact_engine.sv:24$3292_EN[511:0]$3296 [0] $0$memwr$\memory$cap_pdb_parallel_compact_engine.sv:24$3292_EN[511:0]$3296 [0] $0$memwr$\memory$cap_pdb_parallel_compact_engine.sv:24$3292_EN[511:0]$3296 [0] $0$memwr$\memory$cap_pdb_parallel_compact_engine.sv:24$3292_EN[511:0]$3296 [0] $0$memwr$\memory$cap_pdb_parallel_compact_engine.sv:24$3292_EN[511:0]$3296 [0] $0$memwr$\memory$cap_pdb_parallel_compact_engine.sv:24$3292_EN[511:0]$3296 [0] $0$memwr$\memory$cap_pdb_parallel_compact_engine.sv:24$3292_EN[511:0]$3296 [0] $0$memwr$\memory$cap_pdb_parallel_compact_engine.sv:24$3292_EN[511:0]$3296 [0] $0$memwr$\memory$cap_pdb_parallel_compact_engine.sv:24$3292_EN[511:0]$3296 [0] $0$memwr$\memory$cap_pdb_parallel_compact_engine.sv:24$3292_EN[511:0]$3296 [0] $0$memwr$\memory$cap_pdb_parallel_compact_engine.sv:24$3292_EN[511:0]$3296 [0] $0$memwr$\memory$cap_pdb_parallel_compact_engine.sv:24$3292_EN[511:0]$3296 [0] $0$memwr$\memory$cap_pdb_parallel_compact_engine.sv:24$3292_EN[511:0]$3296 [0] $0$memwr$\memory$cap_pdb_parallel_compact_engine.sv:24$3292_EN[511:0]$3296 [0] $0$memwr$\memory$cap_pdb_parallel_compact_engine.sv:24$3292_EN[511:0]$3296 [0] $0$memwr$\memory$cap_pdb_parallel_compact_engine.sv:24$3292_EN[511:0]$3296 [0] $0$memwr$\memory$cap_pdb_parallel_compact_engine.sv:24$3292_EN[511:0]$3296 [0] $0$memwr$\memory$cap_pdb_parallel_compact_engine.sv:24$3292_EN[511:0]$3296 [0] $0$memwr$\memory$cap_pdb_parallel_compact_engine.sv:24$3292_EN[511:0]$3296 [0] $0$memwr$\memory$cap_pdb_parallel_compact_engine.sv:24$3292_EN[511:0]$3296 [0] $0$memwr$\memory$cap_pdb_parallel_compact_engine.sv:24$3292_EN[511:0]$3296 [0] $0$memwr$\memory$cap_pdb_parallel_compact_engine.sv:24$3292_EN[511:0]$3296 [0] $0$memwr$\memory$cap_pdb_parallel_compact_engine.sv:24$3292_EN[511:0]$3296 [0] $0$memwr$\memory$cap_pdb_parallel_compact_engine.sv:24$3292_EN[511:0]$3296 [0] $0$memwr$\memory$cap_pdb_parallel_compact_engine.sv:24$3292_EN[511:0]$3296 [0] $0$memwr$\memory$cap_pdb_parallel_compact_engine.sv:24$3292_EN[511:0]$3296 [0] $0$memwr$\memory$cap_pdb_parallel_compact_engine.sv:24$3292_EN[511:0]$3296 [0] $0$memwr$\memory$cap_pdb_parallel_compact_engine.sv:24$3292_EN[511:0]$3296 [0] $0$memwr$\memory$cap_pdb_parallel_compact_engine.sv:24$3292_EN[511:0]$3296 [0] $0$memwr$\memory$cap_pdb_parallel_compact_engine.sv:24$3292_EN[511:0]$3296 [0] $0$memwr$\memory$cap_pdb_parallel_compact_engine.sv:24$3292_EN[511:0]$3296 [0] $0$memwr$\memory$cap_pdb_parallel_compact_engine.sv:24$3292_EN[511:0]$3296 [0] $0$memwr$\memory$cap_pdb_parallel_compact_engine.sv:24$3292_EN[511:0]$3296 [0] $0$memwr$\memory$cap_pdb_parallel_compact_engine.sv:24$3292_EN[511:0]$3296 [0] $0$memwr$\memory$cap_pdb_parallel_compact_engine.sv:24$3292_EN[511:0]$3296 [0] $0$memwr$\memory$cap_pdb_parallel_compact_engine.sv:24$3292_EN[511:0]$3296 [0] $0$memwr$\memory$cap_pdb_parallel_compact_engine.sv:24$3292_EN[511:0]$3296 [0] $0$memwr$\memory$cap_pdb_parallel_compact_engine.sv:24$3292_EN[511:0]$3296 [0] $0$memwr$\memory$cap_pdb_parallel_compact_engine.sv:24$3292_EN[511:0]$3296 [0] $0$memwr$\memory$cap_pdb_parallel_compact_engine.sv:24$3292_EN[511:0]$3296 [0] $0$memwr$\memory$cap_pdb_parallel_compact_engine.sv:24$3292_EN[511:0]$3296 [0] $0$memwr$\memory$cap_pdb_parallel_compact_engine.sv:24$3292_EN[511:0]$3296 [0] $0$memwr$\memory$cap_pdb_parallel_compact_engine.sv:24$3292_EN[511:0]$3296 [0] $0$memwr$\memory$cap_pdb_parallel_compact_engine.sv:24$3292_EN[511:0]$3296 [0] $0$memwr$\memory$cap_pdb_parallel_compact_engine.sv:24$3292_EN[511:0]$3296 [0] $0$memwr$\memory$cap_pdb_parallel_compact_engine.sv:24$3292_EN[511:0]$3296 [0] $0$memwr$\memory$cap_pdb_parallel_compact_engine.sv:24$3292_EN[511:0]$3296 [0] $0$memwr$\memory$cap_pdb_parallel_compact_engine.sv:24$3292_EN[511:0]$3296 [0] $0$memwr$\memory$cap_pdb_parallel_compact_engine.sv:24$3292_EN[511:0]$3296 [0] $0$memwr$\memory$cap_pdb_parallel_compact_engine.sv:24$3292_EN[511:0]$3296 [0] $0$memwr$\memory$cap_pdb_parallel_compact_engine.sv:24$3292_EN[511:0]$3296 [0] $0$memwr$\memory$cap_pdb_parallel_compact_engine.sv:24$3292_EN[511:0]$3296 [0] $0$memwr$\memory$cap_pdb_parallel_compact_engine.sv:24$3292_EN[511:0]$3296 [0] $0$memwr$\memory$cap_pdb_parallel_compact_engine.sv:24$3292_EN[511:0]$3296 [0] $0$memwr$\memory$cap_pdb_parallel_compact_engine.sv:24$3292_EN[511:0]$3296 [0] $0$memwr$\memory$cap_pdb_parallel_compact_engine.sv:24$3292_EN[511:0]$3296 [0] $0$memwr$\memory$cap_pdb_parallel_compact_engine.sv:24$3292_EN[511:0]$3296 [0] $0$memwr$\memory$cap_pdb_parallel_compact_engine.sv:24$3292_EN[511:0]$3296 [0] $0$memwr$\memory$cap_pdb_parallel_compact_engine.sv:24$3292_EN[511:0]$3296 [0] $0$memwr$\memory$cap_pdb_parallel_compact_engine.sv:24$3292_EN[511:0]$3296 [0] $0$memwr$\memory$cap_pdb_parallel_compact_engine.sv:24$3292_EN[511:0]$3296 [0] $0$memwr$\memory$cap_pdb_parallel_compact_engine.sv:24$3292_EN[511:0]$3296 [0] $0$memwr$\memory$cap_pdb_parallel_compact_engine.sv:24$3292_EN[511:0]$3296 [0] $0$memwr$\memory$cap_pdb_parallel_compact_engine.sv:24$3292_EN[511:0]$3296 [0] $0$memwr$\memory$cap_pdb_parallel_compact_engine.sv:24$3292_EN[511:0]$3296 [0] $0$memwr$\memory$cap_pdb_parallel_compact_engine.sv:24$3292_EN[511:0]$3296 [0] $0$memwr$\memory$cap_pdb_parallel_compact_engine.sv:24$3292_EN[511:0]$3296 [0] $0$memwr$\memory$cap_pdb_parallel_compact_engine.sv:24$3292_EN[511:0]$3296 [0] $0$memwr$\memory$cap_pdb_parallel_compact_engine.sv:24$3292_EN[511:0]$3296 [0] $0$memwr$\memory$cap_pdb_parallel_compact_engine.sv:24$3292_EN[511:0]$3296 [0] $0$memwr$\memory$cap_pdb_parallel_compact_engine.sv:24$3292_EN[511:0]$3296 [0] $0$memwr$\memory$cap_pdb_parallel_compact_engine.sv:24$3292_EN[511:0]$3296 [0] $0$memwr$\memory$cap_pdb_parallel_compact_engine.sv:24$3292_EN[511:0]$3296 [0] $0$memwr$\memory$cap_pdb_parallel_compact_engine.sv:24$3292_EN[511:0]$3296 [0] $0$memwr$\memory$cap_pdb_parallel_compact_engine.sv:24$3292_EN[511:0]$3296 [0] $0$memwr$\memory$cap_pdb_parallel_compact_engine.sv:24$3292_EN[511:0]$3296 [0] $0$memwr$\memory$cap_pdb_parallel_compact_engine.sv:24$3292_EN[511:0]$3296 [0] $0$memwr$\memory$cap_pdb_parallel_compact_engine.sv:24$3292_EN[511:0]$3296 [0] $0$memwr$\memory$cap_pdb_parallel_compact_engine.sv:24$3292_EN[511:0]$3296 [0] $0$memwr$\memory$cap_pdb_parallel_compact_engine.sv:24$3292_EN[511:0]$3296 [0] $0$memwr$\memory$cap_pdb_parallel_compact_engine.sv:24$3292_EN[511:0]$3296 [0] $0$memwr$\memory$cap_pdb_parallel_compact_engine.sv:24$3292_EN[511:0]$3296 [0] $0$memwr$\memory$cap_pdb_parallel_compact_engine.sv:24$3292_EN[511:0]$3296 [0] $0$memwr$\memory$cap_pdb_parallel_compact_engine.sv:24$3292_EN[511:0]$3296 [0] $0$memwr$\memory$cap_pdb_parallel_compact_engine.sv:24$3292_EN[511:0]$3296 [0] $0$memwr$\memory$cap_pdb_parallel_compact_engine.sv:24$3292_EN[511:0]$3296 [0] $0$memwr$\memory$cap_pdb_parallel_compact_engine.sv:24$3292_EN[511:0]$3296 [0] $0$memwr$\memory$cap_pdb_parallel_compact_engine.sv:24$3292_EN[511:0]$3296 [0] $0$memwr$\memory$cap_pdb_parallel_compact_engine.sv:24$3292_EN[511:0]$3296 [0] $0$memwr$\memory$cap_pdb_parallel_compact_engine.sv:24$3292_EN[511:0]$3296 [0] $0$memwr$\memory$cap_pdb_parallel_compact_engine.sv:24$3292_EN[511:0]$3296 [0] $0$memwr$\memory$cap_pdb_parallel_compact_engine.sv:24$3292_EN[511:0]$3296 [0] $0$memwr$\memory$cap_pdb_parallel_compact_engine.sv:24$3292_EN[511:0]$3296 [0] $0$memwr$\memory$cap_pdb_parallel_compact_engine.sv:24$3292_EN[511:0]$3296 [0] $0$memwr$\memory$cap_pdb_parallel_compact_engine.sv:24$3292_EN[511:0]$3296 [0] $0$memwr$\memory$cap_pdb_parallel_compact_engine.sv:24$3292_EN[511:0]$3296 [0] $0$memwr$\memory$cap_pdb_parallel_compact_engine.sv:24$3292_EN[511:0]$3296 [0] $0$memwr$\memory$cap_pdb_parallel_compact_engine.sv:24$3292_EN[511:0]$3296 [0] $0$memwr$\memory$cap_pdb_parallel_compact_engine.sv:24$3292_EN[511:0]$3296 [0] $0$memwr$\memory$cap_pdb_parallel_compact_engine.sv:24$3292_EN[511:0]$3296 [0] $0$memwr$\memory$cap_pdb_parallel_compact_engine.sv:24$3292_EN[511:0]$3296 [0] $0$memwr$\memory$cap_pdb_parallel_compact_engine.sv:24$3292_EN[511:0]$3296 [0] $0$memwr$\memory$cap_pdb_parallel_compact_engine.sv:24$3292_EN[511:0]$3296 [0] $0$memwr$\memory$cap_pdb_parallel_compact_engine.sv:24$3292_EN[511:0]$3296 [0] $0$memwr$\memory$cap_pdb_parallel_compact_engine.sv:24$3292_EN[511:0]$3296 [0] $0$memwr$\memory$cap_pdb_parallel_compact_engine.sv:24$3292_EN[511:0]$3296 [0] $0$memwr$\memory$cap_pdb_parallel_compact_engine.sv:24$3292_EN[511:0]$3296 [0] $0$memwr$\memory$cap_pdb_parallel_compact_engine.sv:24$3292_EN[511:0]$3296 [0] $0$memwr$\memory$cap_pdb_parallel_compact_engine.sv:24$3292_EN[511:0]$3296 [0] $0$memwr$\memory$cap_pdb_parallel_compact_engine.sv:24$3292_EN[511:0]$3296 [0] $0$memwr$\memory$cap_pdb_parallel_compact_engine.sv:24$3292_EN[511:0]$3296 [0] $0$memwr$\memory$cap_pdb_parallel_compact_engine.sv:24$3292_EN[511:0]$3296 [0] $0$memwr$\memory$cap_pdb_parallel_compact_engine.sv:24$3292_EN[511:0]$3296 [0] $0$memwr$\memory$cap_pdb_parallel_compact_engine.sv:24$3292_EN[511:0]$3296 [0] $0$memwr$\memory$cap_pdb_parallel_compact_engine.sv:24$3292_EN[511:0]$3296 [0] $0$memwr$\memory$cap_pdb_parallel_compact_engine.sv:24$3292_EN[511:0]$3296 [0] $0$memwr$\memory$cap_pdb_parallel_compact_engine.sv:24$3292_EN[511:0]$3296 [0] $0$memwr$\memory$cap_pdb_parallel_compact_engine.sv:24$3292_EN[511:0]$3296 [0] $0$memwr$\memory$cap_pdb_parallel_compact_engine.sv:24$3292_EN[511:0]$3296 [0] $0$memwr$\memory$cap_pdb_parallel_compact_engine.sv:24$3292_EN[511:0]$3296 [0] $0$memwr$\memory$cap_pdb_parallel_compact_engine.sv:24$3292_EN[511:0]$3296 [0] $0$memwr$\memory$cap_pdb_parallel_compact_engine.sv:24$3292_EN[511:0]$3296 [0] $0$memwr$\memory$cap_pdb_parallel_compact_engine.sv:24$3292_EN[511:0]$3296 [0] $0$memwr$\memory$cap_pdb_parallel_compact_engine.sv:24$3292_EN[511:0]$3296 [0] $0$memwr$\memory$cap_pdb_parallel_compact_engine.sv:24$3292_EN[511:0]$3296 [0] $0$memwr$\memory$cap_pdb_parallel_compact_engine.sv:24$3292_EN[511:0]$3296 [0] $0$memwr$\memory$cap_pdb_parallel_compact_engine.sv:24$3292_EN[511:0]$3296 [0] $0$memwr$\memory$cap_pdb_parallel_compact_engine.sv:24$3292_EN[511:0]$3296 [0] $0$memwr$\memory$cap_pdb_parallel_compact_engine.sv:24$3292_EN[511:0]$3296 [0] $0$memwr$\memory$cap_pdb_parallel_compact_engine.sv:24$3292_EN[511:0]$3296 [0] $0$memwr$\memory$cap_pdb_parallel_compact_engine.sv:24$3292_EN[511:0]$3296 [0] $0$memwr$\memory$cap_pdb_parallel_compact_engine.sv:24$3292_EN[511:0]$3296 [0] $0$memwr$\memory$cap_pdb_parallel_compact_engine.sv:24$3292_EN[511:0]$3296 [0] $0$memwr$\memory$cap_pdb_parallel_compact_engine.sv:24$3292_EN[511:0]$3296 [0] $0$memwr$\memory$cap_pdb_parallel_compact_engine.sv:24$3292_EN[511:0]$3296 [0] $0$memwr$\memory$cap_pdb_parallel_compact_engine.sv:24$3292_EN[511:0]$3296 [0] $0$memwr$\memory$cap_pdb_parallel_compact_engine.sv:24$3292_EN[511:0]$3296 [0] $0$memwr$\memory$cap_pdb_parallel_compact_engine.sv:24$3292_EN[511:0]$3296 [0] $0$memwr$\memory$cap_pdb_parallel_compact_engine.sv:24$3292_EN[511:0]$3296 [0] $0$memwr$\memory$cap_pdb_parallel_compact_engine.sv:24$3292_EN[511:0]$3296 [0] $0$memwr$\memory$cap_pdb_parallel_compact_engine.sv:24$3292_EN[511:0]$3296 [0] $0$memwr$\memory$cap_pdb_parallel_compact_engine.sv:24$3292_EN[511:0]$3296 [0] $0$memwr$\memory$cap_pdb_parallel_compact_engine.sv:24$3292_EN[511:0]$3296 [0] $0$memwr$\memory$cap_pdb_parallel_compact_engine.sv:24$3292_EN[511:0]$3296 [0] $0$memwr$\memory$cap_pdb_parallel_compact_engine.sv:24$3292_EN[511:0]$3296 [0] $0$memwr$\memory$cap_pdb_parallel_compact_engine.sv:24$3292_EN[511:0]$3296 [0] $0$memwr$\memory$cap_pdb_parallel_compact_engine.sv:24$3292_EN[511:0]$3296 [0] $0$memwr$\memory$cap_pdb_parallel_compact_engine.sv:24$3292_EN[511:0]$3296 [0] $0$memwr$\memory$cap_pdb_parallel_compact_engine.sv:24$3292_EN[511:0]$3296 [0] $0$memwr$\memory$cap_pdb_parallel_compact_engine.sv:24$3292_EN[511:0]$3296 [0] $0$memwr$\memory$cap_pdb_parallel_compact_engine.sv:24$3292_EN[511:0]$3296 [0] $0$memwr$\memory$cap_pdb_parallel_compact_engine.sv:24$3292_EN[511:0]$3296 [0] $0$memwr$\memory$cap_pdb_parallel_compact_engine.sv:24$3292_EN[511:0]$3296 [0] $0$memwr$\memory$cap_pdb_parallel_compact_engine.sv:24$3292_EN[511:0]$3296 [0] $0$memwr$\memory$cap_pdb_parallel_compact_engine.sv:24$3292_EN[511:0]$3296 [0] $0$memwr$\memory$cap_pdb_parallel_compact_engine.sv:24$3292_EN[511:0]$3296 [0] $0$memwr$\memory$cap_pdb_parallel_compact_engine.sv:24$3292_EN[511:0]$3296 [0] $0$memwr$\memory$cap_pdb_parallel_compact_engine.sv:24$3292_EN[511:0]$3296 [0] $0$memwr$\memory$cap_pdb_parallel_compact_engine.sv:24$3292_EN[511:0]$3296 [0] $0$memwr$\memory$cap_pdb_parallel_compact_engine.sv:24$3292_EN[511:0]$3296 [0] $0$memwr$\memory$cap_pdb_parallel_compact_engine.sv:24$3292_EN[511:0]$3296 [0] $0$memwr$\memory$cap_pdb_parallel_compact_engine.sv:24$3292_EN[511:0]$3296 [0] $0$memwr$\memory$cap_pdb_parallel_compact_engine.sv:24$3292_EN[511:0]$3296 [0] $0$memwr$\memory$cap_pdb_parallel_compact_engine.sv:24$3292_EN[511:0]$3296 [0] $0$memwr$\memory$cap_pdb_parallel_compact_engine.sv:24$3292_EN[511:0]$3296 [0] $0$memwr$\memory$cap_pdb_parallel_compact_engine.sv:24$3292_EN[511:0]$3296 [0] $0$memwr$\memory$cap_pdb_parallel_compact_engine.sv:24$3292_EN[511:0]$3296 [0] $0$memwr$\memory$cap_pdb_parallel_compact_engine.sv:24$3292_EN[511:0]$3296 [0] $0$memwr$\memory$cap_pdb_parallel_compact_engine.sv:24$3292_EN[511:0]$3296 [0] $0$memwr$\memory$cap_pdb_parallel_compact_engine.sv:24$3292_EN[511:0]$3296 [0] $0$memwr$\memory$cap_pdb_parallel_compact_engine.sv:24$3292_EN[511:0]$3296 [0] $0$memwr$\memory$cap_pdb_parallel_compact_engine.sv:24$3292_EN[511:0]$3296 [0] $0$memwr$\memory$cap_pdb_parallel_compact_engine.sv:24$3292_EN[511:0]$3296 [0] $0$memwr$\memory$cap_pdb_parallel_compact_engine.sv:24$3292_EN[511:0]$3296 [0] $0$memwr$\memory$cap_pdb_parallel_compact_engine.sv:24$3292_EN[511:0]$3296 [0] $0$memwr$\memory$cap_pdb_parallel_compact_engine.sv:24$3292_EN[511:0]$3296 [0] $0$memwr$\memory$cap_pdb_parallel_compact_engine.sv:24$3292_EN[511:0]$3296 [0] $0$memwr$\memory$cap_pdb_parallel_compact_engine.sv:24$3292_EN[511:0]$3296 [0] $0$memwr$\memory$cap_pdb_parallel_compact_engine.sv:24$3292_EN[511:0]$3296 [0] $0$memwr$\memory$cap_pdb_parallel_compact_engine.sv:24$3292_EN[511:0]$3296 [0] $0$memwr$\memory$cap_pdb_parallel_compact_engine.sv:24$3292_EN[511:0]$3296 [0] $0$memwr$\memory$cap_pdb_parallel_compact_engine.sv:24$3292_EN[511:0]$3296 [0] $0$memwr$\memory$cap_pdb_parallel_compact_engine.sv:24$3292_EN[511:0]$3296 [0] $0$memwr$\memory$cap_pdb_parallel_compact_engine.sv:24$3292_EN[511:0]$3296 [0] $0$memwr$\memory$cap_pdb_parallel_compact_engine.sv:24$3292_EN[511:0]$3296 [0] $0$memwr$\memory$cap_pdb_parallel_compact_engine.sv:24$3292_EN[511:0]$3296 [0] $0$memwr$\memory$cap_pdb_parallel_compact_engine.sv:24$3292_EN[511:0]$3296 [0] $0$memwr$\memory$cap_pdb_parallel_compact_engine.sv:24$3292_EN[511:0]$3296 [0] $0$memwr$\memory$cap_pdb_parallel_compact_engine.sv:24$3292_EN[511:0]$3296 [0] $0$memwr$\memory$cap_pdb_parallel_compact_engine.sv:24$3292_EN[511:0]$3296 [0] $0$memwr$\memory$cap_pdb_parallel_compact_engine.sv:24$3292_EN[511:0]$3296 [0] $0$memwr$\memory$cap_pdb_parallel_compact_engine.sv:24$3292_EN[511:0]$3296 [0] $0$memwr$\memory$cap_pdb_parallel_compact_engine.sv:24$3292_EN[511:0]$3296 [0] $0$memwr$\memory$cap_pdb_parallel_compact_engine.sv:24$3292_EN[511:0]$3296 [0] $0$memwr$\memory$cap_pdb_parallel_compact_engine.sv:24$3292_EN[511:0]$3296 [0] $0$memwr$\memory$cap_pdb_parallel_compact_engine.sv:24$3292_EN[511:0]$3296 [0] $0$memwr$\memory$cap_pdb_parallel_compact_engine.sv:24$3292_EN[511:0]$3296 [0] $0$memwr$\memory$cap_pdb_parallel_compact_engine.sv:24$3292_EN[511:0]$3296 [0] $0$memwr$\memory$cap_pdb_parallel_compact_engine.sv:24$3292_EN[511:0]$3296 [0] $0$memwr$\memory$cap_pdb_parallel_compact_engine.sv:24$3292_EN[511:0]$3296 [0] $0$memwr$\memory$cap_pdb_parallel_compact_engine.sv:24$3292_EN[511:0]$3296 [0] $0$memwr$\memory$cap_pdb_parallel_compact_engine.sv:24$3292_EN[511:0]$3296 [0] $0$memwr$\memory$cap_pdb_parallel_compact_engine.sv:24$3292_EN[511:0]$3296 [0] $0$memwr$\memory$cap_pdb_parallel_compact_engine.sv:24$3292_EN[511:0]$3296 [0] $0$memwr$\memory$cap_pdb_parallel_compact_engine.sv:24$3292_EN[511:0]$3296 [0] $0$memwr$\memory$cap_pdb_parallel_compact_engine.sv:24$3292_EN[511:0]$3296 [0] $0$memwr$\memory$cap_pdb_parallel_compact_engine.sv:24$3292_EN[511:0]$3296 [0] $0$memwr$\memory$cap_pdb_parallel_compact_engine.sv:24$3292_EN[511:0]$3296 [0] $0$memwr$\memory$cap_pdb_parallel_compact_engine.sv:24$3292_EN[511:0]$3296 [0] $0$memwr$\memory$cap_pdb_parallel_compact_engine.sv:24$3292_EN[511:0]$3296 [0] $0$memwr$\memory$cap_pdb_parallel_compact_engine.sv:24$3292_EN[511:0]$3296 [0] $0$memwr$\memory$cap_pdb_parallel_compact_engine.sv:24$3292_EN[511:0]$3296 [0] $0$memwr$\memory$cap_pdb_parallel_compact_engine.sv:24$3292_EN[511:0]$3296 [0] $0$memwr$\memory$cap_pdb_parallel_compact_engine.sv:24$3292_EN[511:0]$3296 [0] $0$memwr$\memory$cap_pdb_parallel_compact_engine.sv:24$3292_EN[511:0]$3296 [0] $0$memwr$\memory$cap_pdb_parallel_compact_engine.sv:24$3292_EN[511:0]$3296 [0] $0$memwr$\memory$cap_pdb_parallel_compact_engine.sv:24$3292_EN[511:0]$3296 [0] $0$memwr$\memory$cap_pdb_parallel_compact_engine.sv:24$3292_EN[511:0]$3296 [0] $0$memwr$\memory$cap_pdb_parallel_compact_engine.sv:24$3292_EN[511:0]$3296 [0] $0$memwr$\memory$cap_pdb_parallel_compact_engine.sv:24$3292_EN[511:0]$3296 [0] $0$memwr$\memory$cap_pdb_parallel_compact_engine.sv:24$3292_EN[511:0]$3296 [0] $0$memwr$\memory$cap_pdb_parallel_compact_engine.sv:24$3292_EN[511:0]$3296 [0] $0$memwr$\memory$cap_pdb_parallel_compact_engine.sv:24$3292_EN[511:0]$3296 [0] $0$memwr$\memory$cap_pdb_parallel_compact_engine.sv:24$3292_EN[511:0]$3296 [0] $0$memwr$\memory$cap_pdb_parallel_compact_engine.sv:24$3292_EN[511:0]$3296 [0] $0$memwr$\memory$cap_pdb_parallel_compact_engine.sv:24$3292_EN[511:0]$3296 [0] $0$memwr$\memory$cap_pdb_parallel_compact_engine.sv:24$3292_EN[511:0]$3296 [0] $0$memwr$\memory$cap_pdb_parallel_compact_engine.sv:24$3292_EN[511:0]$3296 [0] $0$memwr$\memory$cap_pdb_parallel_compact_engine.sv:24$3292_EN[511:0]$3296 [0] $0$memwr$\memory$cap_pdb_parallel_compact_engine.sv:24$3292_EN[511:0]$3296 [0] $0$memwr$\memory$cap_pdb_parallel_compact_engine.sv:24$3292_EN[511:0]$3296 [0] $0$memwr$\memory$cap_pdb_parallel_compact_engine.sv:24$3292_EN[511:0]$3296 [0] $0$memwr$\memory$cap_pdb_parallel_compact_engine.sv:24$3292_EN[511:0]$3296 [0] $0$memwr$\memory$cap_pdb_parallel_compact_engine.sv:24$3292_EN[511:0]$3296 [0] $0$memwr$\memory$cap_pdb_parallel_compact_engine.sv:24$3292_EN[511:0]$3296 [0] $0$memwr$\memory$cap_pdb_parallel_compact_engine.sv:24$3292_EN[511:0]$3296 [0] $0$memwr$\memory$cap_pdb_parallel_compact_engine.sv:24$3292_EN[511:0]$3296 [0] $0$memwr$\memory$cap_pdb_parallel_compact_engine.sv:24$3292_EN[511:0]$3296 [0] $0$memwr$\memory$cap_pdb_parallel_compact_engine.sv:24$3292_EN[511:0]$3296 [0] $0$memwr$\memory$cap_pdb_parallel_compact_engine.sv:24$3292_EN[511:0]$3296 [0] $0$memwr$\memory$cap_pdb_parallel_compact_engine.sv:24$3292_EN[511:0]$3296 [0] $0$memwr$\memory$cap_pdb_parallel_compact_engine.sv:24$3292_EN[511:0]$3296 [0] $0$memwr$\memory$cap_pdb_parallel_compact_engine.sv:24$3292_EN[511:0]$3296 [0] $0$memwr$\memory$cap_pdb_parallel_compact_engine.sv:24$3292_EN[511:0]$3296 [0] $0$memwr$\memory$cap_pdb_parallel_compact_engine.sv:24$3292_EN[511:0]$3296 [0] $0$memwr$\memory$cap_pdb_parallel_compact_engine.sv:24$3292_EN[511:0]$3296 [0] $0$memwr$\memory$cap_pdb_parallel_compact_engine.sv:24$3292_EN[511:0]$3296 [0] $0$memwr$\memory$cap_pdb_parallel_compact_engine.sv:24$3292_EN[511:0]$3296 [0] $0$memwr$\memory$cap_pdb_parallel_compact_engine.sv:24$3292_EN[511:0]$3296 [0] $0$memwr$\memory$cap_pdb_parallel_compact_engine.sv:24$3292_EN[511:0]$3296 [0] $0$memwr$\memory$cap_pdb_parallel_compact_engine.sv:24$3292_EN[511:0]$3296 [0] $0$memwr$\memory$cap_pdb_parallel_compact_engine.sv:24$3292_EN[511:0]$3296 [0] $0$memwr$\memory$cap_pdb_parallel_compact_engine.sv:24$3292_EN[511:0]$3296 [0] $0$memwr$\memory$cap_pdb_parallel_compact_engine.sv:24$3292_EN[511:0]$3296 [0] $0$memwr$\memory$cap_pdb_parallel_compact_engine.sv:24$3292_EN[511:0]$3296 [0] $0$memwr$\memory$cap_pdb_parallel_compact_engine.sv:24$3292_EN[511:0]$3296 [0] $0$memwr$\memory$cap_pdb_parallel_compact_engine.sv:24$3292_EN[511:0]$3296 [0] $0$memwr$\memory$cap_pdb_parallel_compact_engine.sv:24$3292_EN[511:0]$3296 [0] $0$memwr$\memory$cap_pdb_parallel_compact_engine.sv:24$3292_EN[511:0]$3296 [0] $0$memwr$\memory$cap_pdb_parallel_compact_engine.sv:24$3292_EN[511:0]$3296 [0] $0$memwr$\memory$cap_pdb_parallel_compact_engine.sv:24$3292_EN[511:0]$3296 [0] $0$memwr$\memory$cap_pdb_parallel_compact_engine.sv:24$3292_EN[511:0]$3296 [0] $0$memwr$\memory$cap_pdb_parallel_compact_engine.sv:24$3292_EN[511:0]$3296 [0] $0$memwr$\memory$cap_pdb_parallel_compact_engine.sv:24$3292_EN[511:0]$3296 [0] $0$memwr$\memory$cap_pdb_parallel_compact_engine.sv:24$3292_EN[511:0]$3296 [0] $0$memwr$\memory$cap_pdb_parallel_compact_engine.sv:24$3292_EN[511:0]$3296 [0] $0$memwr$\memory$cap_pdb_parallel_compact_engine.sv:24$3292_EN[511:0]$3296 [0] $0$memwr$\memory$cap_pdb_parallel_compact_engine.sv:24$3292_EN[511:0]$3296 [0] $0$memwr$\memory$cap_pdb_parallel_compact_engine.sv:24$3292_EN[511:0]$3296 [0] $0$memwr$\memory$cap_pdb_parallel_compact_engine.sv:24$3292_EN[511:0]$3296 [0] $0$memwr$\memory$cap_pdb_parallel_compact_engine.sv:24$3292_EN[511:0]$3296 [0] $0$memwr$\memory$cap_pdb_parallel_compact_engine.sv:24$3292_EN[511:0]$3296 [0] $0$memwr$\memory$cap_pdb_parallel_compact_engine.sv:24$3292_EN[511:0]$3296 [0] $0$memwr$\memory$cap_pdb_parallel_compact_engine.sv:24$3292_EN[511:0]$3296 [0] $0$memwr$\memory$cap_pdb_parallel_compact_engine.sv:24$3292_EN[511:0]$3296 [0] $0$memwr$\memory$cap_pdb_parallel_compact_engine.sv:24$3292_EN[511:0]$3296 [0] $0$memwr$\memory$cap_pdb_parallel_compact_engine.sv:24$3292_EN[511:0]$3296 [0] $0$memwr$\memory$cap_pdb_parallel_compact_engine.sv:24$3292_EN[511:0]$3296 [0] $0$memwr$\memory$cap_pdb_parallel_compact_engine.sv:24$3292_EN[511:0]$3296 [0] $0$memwr$\memory$cap_pdb_parallel_compact_engine.sv:24$3292_EN[511:0]$3296 [0] $0$memwr$\memory$cap_pdb_parallel_compact_engine.sv:24$3292_EN[511:0]$3296 [0] $0$memwr$\memory$cap_pdb_parallel_compact_engine.sv:24$3292_EN[511:0]$3296 [0] $0$memwr$\memory$cap_pdb_parallel_compact_engine.sv:24$3292_EN[511:0]$3296 [0] $0$memwr$\memory$cap_pdb_parallel_compact_engine.sv:24$3292_EN[511:0]$3296 [0] $0$memwr$\memory$cap_pdb_parallel_compact_engine.sv:24$3292_EN[511:0]$3296 [0] $0$memwr$\memory$cap_pdb_parallel_compact_engine.sv:24$3292_EN[511:0]$3296 [0] $0$memwr$\memory$cap_pdb_parallel_compact_engine.sv:24$3292_EN[511:0]$3296 [0] $0$memwr$\memory$cap_pdb_parallel_compact_engine.sv:24$3292_EN[511:0]$3296 [0] $0$memwr$\memory$cap_pdb_parallel_compact_engine.sv:24$3292_EN[511:0]$3296 [0] $0$memwr$\memory$cap_pdb_parallel_compact_engine.sv:24$3292_EN[511:0]$3296 [0] $0$memwr$\memory$cap_pdb_parallel_compact_engine.sv:24$3292_EN[511:0]$3296 [0] $0$memwr$\memory$cap_pdb_parallel_compact_engine.sv:24$3292_EN[511:0]$3296 [0] $0$memwr$\memory$cap_pdb_parallel_compact_engine.sv:24$3292_EN[511:0]$3296 [0] $0$memwr$\memory$cap_pdb_parallel_compact_engine.sv:24$3292_EN[511:0]$3296 [0] $0$memwr$\memory$cap_pdb_parallel_compact_engine.sv:24$3292_EN[511:0]$3296 [0] $0$memwr$\memory$cap_pdb_parallel_compact_engine.sv:24$3292_EN[511:0]$3296 [0] $0$memwr$\memory$cap_pdb_parallel_compact_engine.sv:24$3292_EN[511:0]$3296 [0] $0$memwr$\memory$cap_pdb_parallel_compact_engine.sv:24$3292_EN[511:0]$3296 [0] $0$memwr$\memory$cap_pdb_parallel_compact_engine.sv:24$3292_EN[511:0]$3296 [0] $0$memwr$\memory$cap_pdb_parallel_compact_engine.sv:24$3292_EN[511:0]$3296 [0] $0$memwr$\memory$cap_pdb_parallel_compact_engine.sv:24$3292_EN[511:0]$3296 [0] $0$memwr$\memory$cap_pdb_parallel_compact_engine.sv:24$3292_EN[511:0]$3296 [0] $0$memwr$\memory$cap_pdb_parallel_compact_engine.sv:24$3292_EN[511:0]$3296 [0] $0$memwr$\memory$cap_pdb_parallel_compact_engine.sv:24$3292_EN[511:0]$3296 [0] $0$memwr$\memory$cap_pdb_parallel_compact_engine.sv:24$3292_EN[511:0]$3296 [0] $0$memwr$\memory$cap_pdb_parallel_compact_engine.sv:24$3292_EN[511:0]$3296 [0] $0$memwr$\memory$cap_pdb_parallel_compact_engine.sv:24$3292_EN[511:0]$3296 [0] $0$memwr$\memory$cap_pdb_parallel_compact_engine.sv:24$3292_EN[511:0]$3296 [0] $0$memwr$\memory$cap_pdb_parallel_compact_engine.sv:24$3292_EN[511:0]$3296 [0] $0$memwr$\memory$cap_pdb_parallel_compact_engine.sv:24$3292_EN[511:0]$3296 [0] $0$memwr$\memory$cap_pdb_parallel_compact_engine.sv:24$3292_EN[511:0]$3296 [0] $0$memwr$\memory$cap_pdb_parallel_compact_engine.sv:24$3292_EN[511:0]$3296 [0] $0$memwr$\memory$cap_pdb_parallel_compact_engine.sv:24$3292_EN[511:0]$3296 [0] $0$memwr$\memory$cap_pdb_parallel_compact_engine.sv:24$3292_EN[511:0]$3296 [0] $0$memwr$\memory$cap_pdb_parallel_compact_engine.sv:24$3292_EN[511:0]$3296 [0] $0$memwr$\memory$cap_pdb_parallel_compact_engine.sv:24$3292_EN[511:0]$3296 [0] $0$memwr$\memory$cap_pdb_parallel_compact_engine.sv:24$3292_EN[511:0]$3296 [0] $0$memwr$\memory$cap_pdb_parallel_compact_engine.sv:24$3292_EN[511:0]$3296 [0] $0$memwr$\memory$cap_pdb_parallel_compact_engine.sv:24$3292_EN[511:0]$3296 [0] $0$memwr$\memory$cap_pdb_parallel_compact_engine.sv:24$3292_EN[511:0]$3296 [0] $0$memwr$\memory$cap_pdb_parallel_compact_engine.sv:24$3292_EN[511:0]$3296 [0] $0$memwr$\memory$cap_pdb_parallel_compact_engine.sv:24$3292_EN[511:0]$3296 [0] $0$memwr$\memory$cap_pdb_parallel_compact_engine.sv:24$3292_EN[511:0]$3296 [0] $0$memwr$\memory$cap_pdb_parallel_compact_engine.sv:24$3292_EN[511:0]$3296 [0] $0$memwr$\memory$cap_pdb_parallel_compact_engine.sv:24$3292_EN[511:0]$3296 [0] $0$memwr$\memory$cap_pdb_parallel_compact_engine.sv:24$3292_EN[511:0]$3296 [0] $0$memwr$\memory$cap_pdb_parallel_compact_engine.sv:24$3292_EN[511:0]$3296 [0] $0$memwr$\memory$cap_pdb_parallel_compact_engine.sv:24$3292_EN[511:0]$3296 [0] $0$memwr$\memory$cap_pdb_parallel_compact_engine.sv:24$3292_EN[511:0]$3296 [0] $0$memwr$\memory$cap_pdb_parallel_compact_engine.sv:24$3292_EN[511:0]$3296 [0] $0$memwr$\memory$cap_pdb_parallel_compact_engine.sv:24$3292_EN[511:0]$3296 [0] $0$memwr$\memory$cap_pdb_parallel_compact_engine.sv:24$3292_EN[511:0]$3296 [0] $0$memwr$\memory$cap_pdb_parallel_compact_engine.sv:24$3292_EN[511:0]$3296 [0] $0$memwr$\memory$cap_pdb_parallel_compact_engine.sv:24$3292_EN[511:0]$3296 [0] $0$memwr$\memory$cap_pdb_parallel_compact_engine.sv:24$3292_EN[511:0]$3296 [0] $0$memwr$\memory$cap_pdb_parallel_compact_engine.sv:24$3292_EN[511:0]$3296 [0] $0$memwr$\memory$cap_pdb_parallel_compact_engine.sv:24$3292_EN[511:0]$3296 [0] $0$memwr$\memory$cap_pdb_parallel_compact_engine.sv:24$3292_EN[511:0]$3296 [0] $0$memwr$\memory$cap_pdb_parallel_compact_engine.sv:24$3292_EN[511:0]$3296 [0] $0$memwr$\memory$cap_pdb_parallel_compact_engine.sv:24$3292_EN[511:0]$3296 [0] $0$memwr$\memory$cap_pdb_parallel_compact_engine.sv:24$3292_EN[511:0]$3296 [0] $0$memwr$\memory$cap_pdb_parallel_compact_engine.sv:24$3292_EN[511:0]$3296 [0] $0$memwr$\memory$cap_pdb_parallel_compact_engine.sv:24$3292_EN[511:0]$3296 [0] $0$memwr$\memory$cap_pdb_parallel_compact_engine.sv:24$3292_EN[511:0]$3296 [0] $0$memwr$\memory$cap_pdb_parallel_compact_engine.sv:24$3292_EN[511:0]$3296 [0] $0$memwr$\memory$cap_pdb_parallel_compact_engine.sv:24$3292_EN[511:0]$3296 [0] $0$memwr$\memory$cap_pdb_parallel_compact_engine.sv:24$3292_EN[511:0]$3296 [0] $0$memwr$\memory$cap_pdb_parallel_compact_engine.sv:24$3292_EN[511:0]$3296 [0] $0$memwr$\memory$cap_pdb_parallel_compact_engine.sv:24$3292_EN[511:0]$3296 [0] $0$memwr$\memory$cap_pdb_parallel_compact_engine.sv:24$3292_EN[511:0]$3296 [0] $0$memwr$\memory$cap_pdb_parallel_compact_engine.sv:24$3292_EN[511:0]$3296 [0] $0$memwr$\memory$cap_pdb_parallel_compact_engine.sv:24$3292_EN[511:0]$3296 [0] $0$memwr$\memory$cap_pdb_parallel_compact_engine.sv:24$3292_EN[511:0]$3296 [0] $0$memwr$\memory$cap_pdb_parallel_compact_engine.sv:24$3292_EN[511:0]$3296 [0] $0$memwr$\memory$cap_pdb_parallel_compact_engine.sv:24$3292_EN[511:0]$3296 [0] $0$memwr$\memory$cap_pdb_parallel_compact_engine.sv:24$3292_EN[511:0]$3296 [0] $0$memwr$\memory$cap_pdb_parallel_compact_engine.sv:24$3292_EN[511:0]$3296 [0] $0$memwr$\memory$cap_pdb_parallel_compact_engine.sv:24$3292_EN[511:0]$3296 [0] $0$memwr$\memory$cap_pdb_parallel_compact_engine.sv:24$3292_EN[511:0]$3296 [0] $0$memwr$\memory$cap_pdb_parallel_compact_engine.sv:24$3292_EN[511:0]$3296 [0] $0$memwr$\memory$cap_pdb_parallel_compact_engine.sv:24$3292_EN[511:0]$3296 [0] $0$memwr$\memory$cap_pdb_parallel_compact_engine.sv:24$3292_EN[511:0]$3296 [0] $0$memwr$\memory$cap_pdb_parallel_compact_engine.sv:24$3292_EN[511:0]$3296 [0] $0$memwr$\memory$cap_pdb_parallel_compact_engine.sv:24$3292_EN[511:0]$3296 [0] $0$memwr$\memory$cap_pdb_parallel_compact_engine.sv:24$3292_EN[511:0]$3296 [0] $0$memwr$\memory$cap_pdb_parallel_compact_engine.sv:24$3292_EN[511:0]$3296 [0] $0$memwr$\memory$cap_pdb_parallel_compact_engine.sv:24$3292_EN[511:0]$3296 [0] $0$memwr$\memory$cap_pdb_parallel_compact_engine.sv:24$3292_EN[511:0]$3296 [0] $0$memwr$\memory$cap_pdb_parallel_compact_engine.sv:24$3292_EN[511:0]$3296 [0] $0$memwr$\memory$cap_pdb_parallel_compact_engine.sv:24$3292_EN[511:0]$3296 [0] $0$memwr$\memory$cap_pdb_parallel_compact_engine.sv:24$3292_EN[511:0]$3296 [0] $0$memwr$\memory$cap_pdb_parallel_compact_engine.sv:24$3292_EN[511:0]$3296 [0] $0$memwr$\memory$cap_pdb_parallel_compact_engine.sv:24$3292_EN[511:0]$3296 [0] $0$memwr$\memory$cap_pdb_parallel_compact_engine.sv:24$3292_EN[511:0]$3296 [0] $0$memwr$\memory$cap_pdb_parallel_compact_engine.sv:24$3292_EN[511:0]$3296 [0] $0$memwr$\memory$cap_pdb_parallel_compact_engine.sv:24$3292_EN[511:0]$3296 [0] $0$memwr$\memory$cap_pdb_parallel_compact_engine.sv:24$3292_EN[511:0]$3296 [0] $0$memwr$\memory$cap_pdb_parallel_compact_engine.sv:24$3292_EN[511:0]$3296 [0] $0$memwr$\memory$cap_pdb_parallel_compact_engine.sv:24$3292_EN[511:0]$3296 [0] $0$memwr$\memory$cap_pdb_parallel_compact_engine.sv:24$3292_EN[511:0]$3296 [0] $0$memwr$\memory$cap_pdb_parallel_compact_engine.sv:24$3292_EN[511:0]$3296 [0] $0$memwr$\memory$cap_pdb_parallel_compact_engine.sv:24$3292_EN[511:0]$3296 [0] $0$memwr$\memory$cap_pdb_parallel_compact_engine.sv:24$3292_EN[511:0]$3296 [0] $0$memwr$\memory$cap_pdb_parallel_compact_engine.sv:24$3292_EN[511:0]$3296 [0] $0$memwr$\memory$cap_pdb_parallel_compact_engine.sv:24$3292_EN[511:0]$3296 [0] $0$memwr$\memory$cap_pdb_parallel_compact_engine.sv:24$3292_EN[511:0]$3296 [0] $0$memwr$\memory$cap_pdb_parallel_compact_engine.sv:24$3292_EN[511:0]$3296 [0] $0$memwr$\memory$cap_pdb_parallel_compact_engine.sv:24$3292_EN[511:0]$3296 [0] $0$memwr$\memory$cap_pdb_parallel_compact_engine.sv:24$3292_EN[511:0]$3296 [0] $0$memwr$\memory$cap_pdb_parallel_compact_engine.sv:24$3292_EN[511:0]$3296 [0] $0$memwr$\memory$cap_pdb_parallel_compact_engine.sv:24$3292_EN[511:0]$3296 [0] $0$memwr$\memory$cap_pdb_parallel_compact_engine.sv:24$3292_EN[511:0]$3296 [0] $0$memwr$\memory$cap_pdb_parallel_compact_engine.sv:24$3292_EN[511:0]$3296 [0] $0$memwr$\memory$cap_pdb_parallel_compact_engine.sv:24$3292_EN[511:0]$3296 [0] $0$memwr$\memory$cap_pdb_parallel_compact_engine.sv:24$3292_EN[511:0]$3296 [0] $0$memwr$\memory$cap_pdb_parallel_compact_engine.sv:24$3292_EN[511:0]$3296 [0] $0$memwr$\memory$cap_pdb_parallel_compact_engine.sv:24$3292_EN[511:0]$3296 [0] $0$memwr$\memory$cap_pdb_parallel_compact_engine.sv:24$3292_EN[511:0]$3296 [0] $0$memwr$\memory$cap_pdb_parallel_compact_engine.sv:24$3292_EN[511:0]$3296 [0] $0$memwr$\memory$cap_pdb_parallel_compact_engine.sv:24$3292_EN[511:0]$3296 [0] $0$memwr$\memory$cap_pdb_parallel_compact_engine.sv:24$3292_EN[511:0]$3296 [0] $0$memwr$\memory$cap_pdb_parallel_compact_engine.sv:24$3292_EN[511:0]$3296 [0] $0$memwr$\memory$cap_pdb_parallel_compact_engine.sv:24$3292_EN[511:0]$3296 [0] $0$memwr$\memory$cap_pdb_parallel_compact_engine.sv:24$3292_EN[511:0]$3296 [0] $0$memwr$\memory$cap_pdb_parallel_compact_engine.sv:24$3292_EN[511:0]$3296 [0] $0$memwr$\memory$cap_pdb_parallel_compact_engine.sv:24$3292_EN[511:0]$3296 [0] $0$memwr$\memory$cap_pdb_parallel_compact_engine.sv:24$3292_EN[511:0]$3296 [0] $0$memwr$\memory$cap_pdb_parallel_compact_engine.sv:24$3292_EN[511:0]$3296 [0] $0$memwr$\memory$cap_pdb_parallel_compact_engine.sv:24$3292_EN[511:0]$3296 [0] $0$memwr$\memory$cap_pdb_parallel_compact_engine.sv:24$3292_EN[511:0]$3296 [0] $0$memwr$\memory$cap_pdb_parallel_compact_engine.sv:24$3292_EN[511:0]$3296 [0] $0$memwr$\memory$cap_pdb_parallel_compact_engine.sv:24$3292_EN[511:0]$3296 [0] $0$memwr$\memory$cap_pdb_parallel_compact_engine.sv:24$3292_EN[511:0]$3296 [0] $0$memwr$\memory$cap_pdb_parallel_compact_engine.sv:24$3292_EN[511:0]$3296 [0] $0$memwr$\memory$cap_pdb_parallel_compact_engine.sv:24$3292_EN[511:0]$3296 [0] $0$memwr$\memory$cap_pdb_parallel_compact_engine.sv:24$3292_EN[511:0]$3296 [0] $0$memwr$\memory$cap_pdb_parallel_compact_engine.sv:24$3292_EN[511:0]$3296 [0] $0$memwr$\memory$cap_pdb_parallel_compact_engine.sv:24$3292_EN[511:0]$3296 [0] $0$memwr$\memory$cap_pdb_parallel_compact_engine.sv:24$3292_EN[511:0]$3296 [0] $0$memwr$\memory$cap_pdb_parallel_compact_engine.sv:24$3292_EN[511:0]$3296 [0] $0$memwr$\memory$cap_pdb_parallel_compact_engine.sv:24$3292_EN[511:0]$3296 [0] $0$memwr$\memory$cap_pdb_parallel_compact_engine.sv:24$3292_EN[511:0]$3296 [0] $0$memwr$\memory$cap_pdb_parallel_compact_engine.sv:24$3292_EN[511:0]$3296 [0] $0$memwr$\memory$cap_pdb_parallel_compact_engine.sv:24$3292_EN[511:0]$3296 [0] $0$memwr$\memory$cap_pdb_parallel_compact_engine.sv:24$3292_EN[511:0]$3296 [0] $0$memwr$\memory$cap_pdb_parallel_compact_engine.sv:24$3292_EN[511:0]$3296 [0] $0$memwr$\memory$cap_pdb_parallel_compact_engine.sv:24$3292_EN[511:0]$3296 [0] $0$memwr$\memory$cap_pdb_parallel_compact_engine.sv:24$3292_EN[511:0]$3296 [0] $0$memwr$\memory$cap_pdb_parallel_compact_engine.sv:24$3292_EN[511:0]$3296 [0] $0$memwr$\memory$cap_pdb_parallel_compact_engine.sv:24$3292_EN[511:0]$3296 [0] $0$memwr$\memory$cap_pdb_parallel_compact_engine.sv:24$3292_EN[511:0]$3296 [0] $0$memwr$\memory$cap_pdb_parallel_compact_engine.sv:24$3292_EN[511:0]$3296 [0] $0$memwr$\memory$cap_pdb_parallel_compact_engine.sv:24$3292_EN[511:0]$3296 [0] $0$memwr$\memory$cap_pdb_parallel_compact_engine.sv:24$3292_EN[511:0]$3296 [0] $0$memwr$\memory$cap_pdb_parallel_compact_engine.sv:24$3292_EN[511:0]$3296 [0] $0$memwr$\memory$cap_pdb_parallel_compact_engine.sv:24$3292_EN[511:0]$3296 [0] $0$memwr$\memory$cap_pdb_parallel_compact_engine.sv:24$3292_EN[511:0]$3296 [0] $0$memwr$\memory$cap_pdb_parallel_compact_engine.sv:24$3292_EN[511:0]$3296 [0] $0$memwr$\memory$cap_pdb_parallel_compact_engine.sv:24$3292_EN[511:0]$3296 [0] $0$memwr$\memory$cap_pdb_parallel_compact_engine.sv:24$3292_EN[511:0]$3296 [0] $0$memwr$\memory$cap_pdb_parallel_compact_engine.sv:24$3292_EN[511:0]$3296 [0] $0$memwr$\memory$cap_pdb_parallel_compact_engine.sv:24$3292_EN[511:0]$3296 [0] $0$memwr$\memory$cap_pdb_parallel_compact_engine.sv:24$3292_EN[511:0]$3296 [0] $0$memwr$\memory$cap_pdb_parallel_compact_engine.sv:24$3292_EN[511:0]$3296 [0] $0$memwr$\memory$cap_pdb_parallel_compact_engine.sv:24$3292_EN[511:0]$3296 [0] $0$memwr$\memory$cap_pdb_parallel_compact_engine.sv:24$3292_EN[511:0]$3296 [0] $0$memwr$\memory$cap_pdb_parallel_compact_engine.sv:24$3292_EN[511:0]$3296 [0] $0$memwr$\memory$cap_pdb_parallel_compact_engine.sv:24$3292_EN[511:0]$3296 [0] $0$memwr$\memory$cap_pdb_parallel_compact_engine.sv:24$3292_EN[511:0]$3296 [0] $0$memwr$\memory$cap_pdb_parallel_compact_engine.sv:24$3292_EN[511:0]$3296 [0] $0$memwr$\memory$cap_pdb_parallel_compact_engine.sv:24$3292_EN[511:0]$3296 [0] $0$memwr$\memory$cap_pdb_parallel_compact_engine.sv:24$3292_EN[511:0]$3296 [0] $0$memwr$\memory$cap_pdb_parallel_compact_engine.sv:24$3292_EN[511:0]$3296 [0] $0$memwr$\memory$cap_pdb_parallel_compact_engine.sv:24$3292_EN[511:0]$3296 [0] $0$memwr$\memory$cap_pdb_parallel_compact_engine.sv:24$3292_EN[511:0]$3296 [0] $0$memwr$\memory$cap_pdb_parallel_compact_engine.sv:24$3292_EN[511:0]$3296 [0] $0$memwr$\memory$cap_pdb_parallel_compact_engine.sv:24$3292_EN[511:0]$3296 [0] $0$memwr$\memory$cap_pdb_parallel_compact_engine.sv:24$3292_EN[511:0]$3296 [0] $0$memwr$\memory$cap_pdb_parallel_compact_engine.sv:24$3292_EN[511:0]$3296 [0] $0$memwr$\memory$cap_pdb_parallel_compact_engine.sv:24$3292_EN[511:0]$3296 [0] $0$memwr$\memory$cap_pdb_parallel_compact_engine.sv:24$3292_EN[511:0]$3296 [0] $0$memwr$\memory$cap_pdb_parallel_compact_engine.sv:24$3292_EN[511:0]$3296 [0] $0$memwr$\memory$cap_pdb_parallel_compact_engine.sv:24$3292_EN[511:0]$3296 [0] $0$memwr$\memory$cap_pdb_parallel_compact_engine.sv:24$3292_EN[511:0]$3296 [0] $0$memwr$\memory$cap_pdb_parallel_compact_engine.sv:24$3292_EN[511:0]$3296 [0] }
  Optimizing cells in module $paramod$b5bfe1d4fce40940586b6e35fec61194ae5a8fde\cap_pdb_state_wide_bank.
Performed a total of 1 changes.

5.10.5. Executing OPT_MERGE pass (detect identical cells).
Finding identical cells in module `\cap_pdb_parallel_compact_allocation_engine'.
Computing hashes of 1682 cells of `\cap_pdb_parallel_compact_allocation_engine'.
Finding duplicate cells in `\cap_pdb_parallel_compact_allocation_engine'.
Computing hashes of 1669 cells of `\cap_pdb_parallel_compact_allocation_engine'.
Finding duplicate cells in `\cap_pdb_parallel_compact_allocation_engine'.
<suppressed ~39 debug messages>
Finding identical cells in module `$paramod$cbc3189b30a0f0ae8c16e45df15b3f5a54303a8f\cap_pdb_masked_min32'.
Computing hashes of 94 cells of `$paramod$cbc3189b30a0f0ae8c16e45df15b3f5a54303a8f\cap_pdb_masked_min32'.
Finding duplicate cells in `$paramod$cbc3189b30a0f0ae8c16e45df15b3f5a54303a8f\cap_pdb_masked_min32'.
Finding identical cells in module `$paramod$b5bfe1d4fce40940586b6e35fec61194ae5a8fde\cap_pdb_state_wide_bank'.
Computing hashes of 7 cells of `$paramod$b5bfe1d4fce40940586b6e35fec61194ae5a8fde\cap_pdb_state_wide_bank'.
Finding duplicate cells in `$paramod$b5bfe1d4fce40940586b6e35fec61194ae5a8fde\cap_pdb_state_wide_bank'.
Removed a total of 13 cells.

5.10.6. Executing OPT_DFF pass (perform DFF optimizations).

5.10.7. Executing OPT_CLEAN pass (remove unused cells and wires).
Finding unused cells or wires in module \cap_pdb_parallel_compact_allocation_engine..
Finding unused cells or wires in module $paramod$cbc3189b30a0f0ae8c16e45df15b3f5a54303a8f\cap_pdb_masked_min32..
Finding unused cells or wires in module $paramod$b5bfe1d4fce40940586b6e35fec61194ae5a8fde\cap_pdb_state_wide_bank..
Removed 0 unused cells and 97 unused wires.
<suppressed ~1 debug messages>

5.10.8. Executing OPT_EXPR pass (perform const folding).
Optimizing module cap_pdb_parallel_compact_allocation_engine.
Optimizing module $paramod$cbc3189b30a0f0ae8c16e45df15b3f5a54303a8f\cap_pdb_masked_min32.
Optimizing module $paramod$b5bfe1d4fce40940586b6e35fec61194ae5a8fde\cap_pdb_state_wide_bank.

5.10.9. Rerunning OPT passes. (Maybe there is more to do..)

5.10.10. Executing OPT_MUXTREE pass (detect dead branches in mux trees).
Running muxtree optimizer on module \cap_pdb_parallel_compact_allocation_engine..
  Creating internal representation of mux trees.
  Evaluating internal representation of mux trees.
  Analyzing evaluation results.
Running muxtree optimizer on module $paramod$cbc3189b30a0f0ae8c16e45df15b3f5a54303a8f\cap_pdb_masked_min32..
  Creating internal representation of mux trees.
  Evaluating internal representation of mux trees.
  Analyzing evaluation results.
Running muxtree optimizer on module $paramod$b5bfe1d4fce40940586b6e35fec61194ae5a8fde\cap_pdb_state_wide_bank..
  Creating internal representation of mux trees.
  Evaluating internal representation of mux trees.
  Analyzing evaluation results.
Removed 0 multiplexer ports.
<suppressed ~451 debug messages>

5.10.11. Executing OPT_REDUCE pass (consolidate $*mux and $reduce_* inputs).
  Optimizing cells in module \cap_pdb_parallel_compact_allocation_engine.
  Optimizing cells in module $paramod$cbc3189b30a0f0ae8c16e45df15b3f5a54303a8f\cap_pdb_masked_min32.
  Optimizing cells in module $paramod$b5bfe1d4fce40940586b6e35fec61194ae5a8fde\cap_pdb_state_wide_bank.
Performed a total of 0 changes.

5.10.12. Executing OPT_MERGE pass (detect identical cells).
Finding identical cells in module `\cap_pdb_parallel_compact_allocation_engine'.
Computing hashes of 1669 cells of `\cap_pdb_parallel_compact_allocation_engine'.
Finding duplicate cells in `\cap_pdb_parallel_compact_allocation_engine'.
Finding identical cells in module `$paramod$cbc3189b30a0f0ae8c16e45df15b3f5a54303a8f\cap_pdb_masked_min32'.
Computing hashes of 94 cells of `$paramod$cbc3189b30a0f0ae8c16e45df15b3f5a54303a8f\cap_pdb_masked_min32'.
Finding duplicate cells in `$paramod$cbc3189b30a0f0ae8c16e45df15b3f5a54303a8f\cap_pdb_masked_min32'.
Finding identical cells in module `$paramod$b5bfe1d4fce40940586b6e35fec61194ae5a8fde\cap_pdb_state_wide_bank'.
Computing hashes of 7 cells of `$paramod$b5bfe1d4fce40940586b6e35fec61194ae5a8fde\cap_pdb_state_wide_bank'.
Finding duplicate cells in `$paramod$b5bfe1d4fce40940586b6e35fec61194ae5a8fde\cap_pdb_state_wide_bank'.
Removed a total of 0 cells.

5.10.13. Executing OPT_DFF pass (perform DFF optimizations).

5.10.14. Executing OPT_CLEAN pass (remove unused cells and wires).
Finding unused cells or wires in module \cap_pdb_parallel_compact_allocation_engine..
Finding unused cells or wires in module $paramod$cbc3189b30a0f0ae8c16e45df15b3f5a54303a8f\cap_pdb_masked_min32..
Finding unused cells or wires in module $paramod$b5bfe1d4fce40940586b6e35fec61194ae5a8fde\cap_pdb_state_wide_bank..

5.10.15. Executing OPT_EXPR pass (perform const folding).
Optimizing module cap_pdb_parallel_compact_allocation_engine.
Optimizing module $paramod$cbc3189b30a0f0ae8c16e45df15b3f5a54303a8f\cap_pdb_masked_min32.
Optimizing module $paramod$b5bfe1d4fce40940586b6e35fec61194ae5a8fde\cap_pdb_state_wide_bank.

5.10.16. Finished fast OPT passes. (There is nothing left to do.)

5.11. Executing FSM pass (extract and optimize FSM).

5.11.1. Executing FSM_DETECT pass (finding FSMs in design).
Found FSM state register cap_pdb_parallel_compact_allocation_engine.phase.

5.11.2. Executing FSM_EXTRACT pass (extracting FSM from design).
Extracting FSM `\phase' from module `\cap_pdb_parallel_compact_allocation_engine'.
  found $dff cell for state register: $procdff$4983
  root of input selection tree: $0\phase[1:0]
  found reset state: 2'00 (guessed from mux tree)
  found ctrl input: \rst
  found ctrl input: $procmux$4594_CMP
  found ctrl input: $eq$cap_pdb_parallel_compact_engine.sv:180$2774_Y
  found ctrl input: $procmux$4606_CMP
  found state code: 2'00
  found ctrl input: \all_after_empty
  found state code: 2'10
  found ctrl input: \start
  found state code: 2'01
  found ctrl output: $eq$cap_pdb_parallel_compact_engine.sv:180$2774_Y
  found ctrl output: $procmux$4594_CMP
  found ctrl output: $procmux$4606_CMP
  ctrl inputs: { \all_after_empty \start \rst }
  ctrl outputs: { $procmux$4606_CMP $procmux$4594_CMP $eq$cap_pdb_parallel_compact_engine.sv:180$2774_Y $0\phase[1:0] }
  transition:       2'00 3'-00 ->       2'00 5'10000
  transition:       2'00 3'-10 ->       2'01 5'10001
  transition:       2'00 3'--1 ->       2'00 5'10000
  transition:       2'10 3'0-0 ->       2'10 5'01010
  transition:       2'10 3'1-0 ->       2'00 5'01000
  transition:       2'10 3'--1 ->       2'00 5'01000
  transition:       2'01 3'--0 ->       2'10 5'00110
  transition:       2'01 3'--1 ->       2'00 5'00100

5.11.3. Executing FSM_OPT pass (simple optimizations of FSMs).
Optimizing FSM `$fsm$\phase$5016' from module `\cap_pdb_parallel_compact_allocation_engine'.

5.11.4. Executing OPT_CLEAN pass (remove unused cells and wires).
Finding unused cells or wires in module \cap_pdb_parallel_compact_allocation_engine..
Finding unused cells or wires in module $paramod$cbc3189b30a0f0ae8c16e45df15b3f5a54303a8f\cap_pdb_masked_min32..
Finding unused cells or wires in module $paramod$b5bfe1d4fce40940586b6e35fec61194ae5a8fde\cap_pdb_state_wide_bank..
Removed 8 unused cells and 8 unused wires.
<suppressed ~9 debug messages>

5.11.5. Executing FSM_OPT pass (simple optimizations of FSMs).
Optimizing FSM `$fsm$\phase$5016' from module `\cap_pdb_parallel_compact_allocation_engine'.
  Removing unused output signal $0\phase[1:0] [0].
  Removing unused output signal $0\phase[1:0] [1].

5.11.6. Executing FSM_RECODE pass (re-assigning FSM state encoding).
Recoding FSM `$fsm$\phase$5016' from module `\cap_pdb_parallel_compact_allocation_engine' using `auto' encoding:
  mapping auto encoding to `one-hot` for this FSM.
  00 -> --1
  10 -> -1-
  01 -> 1--

5.11.7. Executing FSM_INFO pass (dumping all available information on FSM cells).

FSM `$fsm$\phase$5016' from module `cap_pdb_parallel_compact_allocation_engine':
-------------------------------------

  Information on FSM $fsm$\phase$5016 (\phase):

  Number of input signals:    3
  Number of output signals:   3
  Number of state bits:       3

  Input signals:
    0: \rst
    1: \start
    2: \all_after_empty

  Output signals:
    0: $eq$cap_pdb_parallel_compact_engine.sv:180$2774_Y
    1: $procmux$4594_CMP
    2: $procmux$4606_CMP

  State encoding:
    0:      3'--1  <RESET STATE>
    1:      3'-1-
    2:      3'1--

  Transition Table (state_in, ctrl_in, state_out, ctrl_out):
      0:     0 3'-00   ->     0 3'100
      1:     0 3'--1   ->     0 3'100
      2:     0 3'-10   ->     2 3'100
      3:     1 3'1-0   ->     0 3'010
      4:     1 3'--1   ->     0 3'010
      5:     1 3'0-0   ->     1 3'010
      6:     2 3'--1   ->     0 3'001
      7:     2 3'--0   ->     1 3'001

-------------------------------------

5.11.8. Executing FSM_MAP pass (mapping FSMs to basic logic).
Mapping FSM `$fsm$\phase$5016' from module `\cap_pdb_parallel_compact_allocation_engine'.

5.12. Executing OPT pass (performing simple optimizations).

5.12.1. Executing OPT_EXPR pass (perform const folding).
Optimizing module cap_pdb_parallel_compact_allocation_engine.
<suppressed ~4 debug messages>
Optimizing module $paramod$cbc3189b30a0f0ae8c16e45df15b3f5a54303a8f\cap_pdb_masked_min32.
Optimizing module $paramod$b5bfe1d4fce40940586b6e35fec61194ae5a8fde\cap_pdb_state_wide_bank.

5.12.2. Executing OPT_MERGE pass (detect identical cells).
Finding identical cells in module `\cap_pdb_parallel_compact_allocation_engine'.
Computing hashes of 1674 cells of `\cap_pdb_parallel_compact_allocation_engine'.
Finding duplicate cells in `\cap_pdb_parallel_compact_allocation_engine'.
Finding identical cells in module `$paramod$cbc3189b30a0f0ae8c16e45df15b3f5a54303a8f\cap_pdb_masked_min32'.
Computing hashes of 94 cells of `$paramod$cbc3189b30a0f0ae8c16e45df15b3f5a54303a8f\cap_pdb_masked_min32'.
Finding duplicate cells in `$paramod$cbc3189b30a0f0ae8c16e45df15b3f5a54303a8f\cap_pdb_masked_min32'.
Finding identical cells in module `$paramod$b5bfe1d4fce40940586b6e35fec61194ae5a8fde\cap_pdb_state_wide_bank'.
Computing hashes of 7 cells of `$paramod$b5bfe1d4fce40940586b6e35fec61194ae5a8fde\cap_pdb_state_wide_bank'.
Finding duplicate cells in `$paramod$b5bfe1d4fce40940586b6e35fec61194ae5a8fde\cap_pdb_state_wide_bank'.
Removed a total of 0 cells.

5.12.3. Executing OPT_MUXTREE pass (detect dead branches in mux trees).
Running muxtree optimizer on module \cap_pdb_parallel_compact_allocation_engine..
  Creating internal representation of mux trees.
  Evaluating internal representation of mux trees.
  Analyzing evaluation results.
Running muxtree optimizer on module $paramod$cbc3189b30a0f0ae8c16e45df15b3f5a54303a8f\cap_pdb_masked_min32..
  Creating internal representation of mux trees.
  Evaluating internal representation of mux trees.
  Analyzing evaluation results.
Running muxtree optimizer on module $paramod$b5bfe1d4fce40940586b6e35fec61194ae5a8fde\cap_pdb_state_wide_bank..
  Creating internal representation of mux trees.
  Evaluating internal representation of mux trees.
  Analyzing evaluation results.
Removed 0 multiplexer ports.
<suppressed ~446 debug messages>

5.12.4. Executing OPT_REDUCE pass (consolidate $*mux and $reduce_* inputs).
  Optimizing cells in module \cap_pdb_parallel_compact_allocation_engine.
  Optimizing cells in module $paramod$cbc3189b30a0f0ae8c16e45df15b3f5a54303a8f\cap_pdb_masked_min32.
  Optimizing cells in module $paramod$b5bfe1d4fce40940586b6e35fec61194ae5a8fde\cap_pdb_state_wide_bank.
Performed a total of 0 changes.

5.12.5. Executing OPT_MERGE pass (detect identical cells).
Finding identical cells in module `\cap_pdb_parallel_compact_allocation_engine'.
Computing hashes of 1674 cells of `\cap_pdb_parallel_compact_allocation_engine'.
Finding duplicate cells in `\cap_pdb_parallel_compact_allocation_engine'.
Finding identical cells in module `$paramod$cbc3189b30a0f0ae8c16e45df15b3f5a54303a8f\cap_pdb_masked_min32'.
Computing hashes of 94 cells of `$paramod$cbc3189b30a0f0ae8c16e45df15b3f5a54303a8f\cap_pdb_masked_min32'.
Finding duplicate cells in `$paramod$cbc3189b30a0f0ae8c16e45df15b3f5a54303a8f\cap_pdb_masked_min32'.
Finding identical cells in module `$paramod$b5bfe1d4fce40940586b6e35fec61194ae5a8fde\cap_pdb_state_wide_bank'.
Computing hashes of 7 cells of `$paramod$b5bfe1d4fce40940586b6e35fec61194ae5a8fde\cap_pdb_state_wide_bank'.
Finding duplicate cells in `$paramod$b5bfe1d4fce40940586b6e35fec61194ae5a8fde\cap_pdb_state_wide_bank'.
Removed a total of 0 cells.

5.12.6. Executing OPT_DFF pass (perform DFF optimizations).
Adding SRST signal on $procdff$5009 ($dff) from module cap_pdb_parallel_compact_allocation_engine (D = $procmux$4613_Y, Q = \group_minimum[11], rval = 16'1111111111111111).
Adding EN signal on $auto$ff.cc:337:slice$5049 ($sdff) from module cap_pdb_parallel_compact_allocation_engine (D = $procmux$4613_Y, Q = \group_minimum[11]).
Adding SRST signal on $procdff$4978 ($dff) from module cap_pdb_parallel_compact_allocation_engine (D = $procmux$4958_Y, Q = \busy, rval = 1'0).
Adding EN signal on $auto$ff.cc:337:slice$5057 ($sdff) from module cap_pdb_parallel_compact_allocation_engine (D = $procmux$4958_Y, Q = \busy).
Adding SRST signal on $procdff$4979 ($dff) from module cap_pdb_parallel_compact_allocation_engine (D = $procmux$4591_Y, Q = \done, rval = 1'0).
Adding SRST signal on $procdff$4980 ($dff) from module cap_pdb_parallel_compact_allocation_engine (D = $procmux$4950_Y, Q = \valid, rval = 1'0).
Adding EN signal on $auto$ff.cc:337:slice$5072 ($sdff) from module cap_pdb_parallel_compact_allocation_engine (D = $procmux$4946_Y, Q = \valid).
Adding SRST signal on $procdff$4981 ($dff) from module cap_pdb_parallel_compact_allocation_engine (D = $procmux$4913_Y, Q = \group_cost_sum, rval = 24'000000000000000000000000).
Adding EN signal on $auto$ff.cc:337:slice$5076 ($sdff) from module cap_pdb_parallel_compact_allocation_engine (D = \final_sum, Q = \group_cost_sum).
Adding SRST signal on $procdff$4982 ($dff) from module cap_pdb_parallel_compact_allocation_engine (D = $procmux$4905_Y, Q = \cycles, rval = 16'0000000000000000).
Adding SRST signal on $procdff$4985 ($dff) from module cap_pdb_parallel_compact_allocation_engine (D = $procmux$4875_Y, Q = \remaining[0], rval = 0).
Adding EN signal on $auto$ff.cc:337:slice$5081 ($sdff) from module cap_pdb_parallel_compact_allocation_engine (D = $procmux$4875_Y, Q = \remaining[0]).
Adding SRST signal on $procdff$4986 ($dff) from module cap_pdb_parallel_compact_allocation_engine (D = $procmux$4865_Y, Q = \remaining[1], rval = 0).
Adding EN signal on $auto$ff.cc:337:slice$5089 ($sdff) from module cap_pdb_parallel_compact_allocation_engine (D = $procmux$4865_Y, Q = \remaining[1]).
Adding SRST signal on $procdff$4987 ($dff) from module cap_pdb_parallel_compact_allocation_engine (D = $procmux$4855_Y, Q = \remaining[2], rval = 0).
Adding EN signal on $auto$ff.cc:337:slice$5097 ($sdff) from module cap_pdb_parallel_compact_allocation_engine (D = $procmux$4855_Y, Q = \remaining[2]).
Adding SRST signal on $procdff$4988 ($dff) from module cap_pdb_parallel_compact_allocation_engine (D = $procmux$4845_Y, Q = \remaining[3], rval = 0).
Adding EN signal on $auto$ff.cc:337:slice$5105 ($sdff) from module cap_pdb_parallel_compact_allocation_engine (D = $procmux$4845_Y, Q = \remaining[3]).
Adding SRST signal on $procdff$4989 ($dff) from module cap_pdb_parallel_compact_allocation_engine (D = $procmux$4835_Y, Q = \remaining[4], rval = 0).
Adding EN signal on $auto$ff.cc:337:slice$5113 ($sdff) from module cap_pdb_parallel_compact_allocation_engine (D = $procmux$4835_Y, Q = \remaining[4]).
Adding SRST signal on $procdff$4990 ($dff) from module cap_pdb_parallel_compact_allocation_engine (D = $procmux$4825_Y, Q = \remaining[5], rval = 0).
Adding EN signal on $auto$ff.cc:337:slice$5121 ($sdff) from module cap_pdb_parallel_compact_allocation_engine (D = $procmux$4825_Y, Q = \remaining[5]).
Adding SRST signal on $procdff$4991 ($dff) from module cap_pdb_parallel_compact_allocation_engine (D = $procmux$4815_Y, Q = \remaining[6], rval = 0).
Adding EN signal on $auto$ff.cc:337:slice$5129 ($sdff) from module cap_pdb_parallel_compact_allocation_engine (D = $procmux$4815_Y, Q = \remaining[6]).
Adding SRST signal on $procdff$4992 ($dff) from module cap_pdb_parallel_compact_allocation_engine (D = $procmux$4805_Y, Q = \remaining[7], rval = 0).
Adding EN signal on $auto$ff.cc:337:slice$5137 ($sdff) from module cap_pdb_parallel_compact_allocation_engine (D = $procmux$4805_Y, Q = \remaining[7]).
Adding SRST signal on $procdff$4993 ($dff) from module cap_pdb_parallel_compact_allocation_engine (D = $procmux$4795_Y, Q = \remaining[8], rval = 0).
Adding EN signal on $auto$ff.cc:337:slice$5145 ($sdff) from module cap_pdb_parallel_compact_allocation_engine (D = $procmux$4795_Y, Q = \remaining[8]).
Adding SRST signal on $procdff$4994 ($dff) from module cap_pdb_parallel_compact_allocation_engine (D = $procmux$4785_Y, Q = \remaining[9], rval = 0).
Adding EN signal on $auto$ff.cc:337:slice$5153 ($sdff) from module cap_pdb_parallel_compact_allocation_engine (D = $procmux$4785_Y, Q = \remaining[9]).
Adding SRST signal on $procdff$4995 ($dff) from module cap_pdb_parallel_compact_allocation_engine (D = $procmux$4775_Y, Q = \remaining[10], rval = 0).
Adding EN signal on $auto$ff.cc:337:slice$5161 ($sdff) from module cap_pdb_parallel_compact_allocation_engine (D = $procmux$4775_Y, Q = \remaining[10]).
Adding SRST signal on $procdff$4996 ($dff) from module cap_pdb_parallel_compact_allocation_engine (D = $procmux$4765_Y, Q = \remaining[11], rval = 0).
Adding EN signal on $auto$ff.cc:337:slice$5169 ($sdff) from module cap_pdb_parallel_compact_allocation_engine (D = $procmux$4765_Y, Q = \remaining[11]).
Adding SRST signal on $procdff$4997 ($dff) from module cap_pdb_parallel_compact_allocation_engine (D = $procmux$4755_Y, Q = \remaining[12], rval = 0).
Adding EN signal on $auto$ff.cc:337:slice$5177 ($sdff) from module cap_pdb_parallel_compact_allocation_engine (D = $procmux$4755_Y, Q = \remaining[12]).
Adding SRST signal on $procdff$5010 ($dff) from module cap_pdb_parallel_compact_allocation_engine (D = $procmux$4601_Y, Q = \group_minimum[12], rval = 16'1111111111111111).
Adding EN signal on $auto$ff.cc:337:slice$5185 ($sdff) from module cap_pdb_parallel_compact_allocation_engine (D = $procmux$4601_Y, Q = \group_minimum[12]).
Adding SRST signal on $procdff$4998 ($dff) from module cap_pdb_parallel_compact_allocation_engine (D = $procmux$4745_Y, Q = \group_minimum[0], rval = 16'1111111111111111).
Adding EN signal on $auto$ff.cc:337:slice$5193 ($sdff) from module cap_pdb_parallel_compact_allocation_engine (D = $procmux$4745_Y, Q = \group_minimum[0]).
Adding SRST signal on $procdff$4999 ($dff) from module cap_pdb_parallel_compact_allocation_engine (D = $procmux$4733_Y, Q = \group_minimum[1], rval = 16'1111111111111111).
Adding EN signal on $auto$ff.cc:337:slice$5201 ($sdff) from module cap_pdb_parallel_compact_allocation_engine (D = $procmux$4733_Y, Q = \group_minimum[1]).
Adding SRST signal on $procdff$5000 ($dff) from module cap_pdb_parallel_compact_allocation_engine (D = $procmux$4721_Y, Q = \group_minimum[2], rval = 16'1111111111111111).
Adding EN signal on $auto$ff.cc:337:slice$5209 ($sdff) from module cap_pdb_parallel_compact_allocation_engine (D = $procmux$4721_Y, Q = \group_minimum[2]).
Adding SRST signal on $procdff$5001 ($dff) from module cap_pdb_parallel_compact_allocation_engine (D = $procmux$4709_Y, Q = \group_minimum[3], rval = 16'1111111111111111).
Adding EN signal on $auto$ff.cc:337:slice$5217 ($sdff) from module cap_pdb_parallel_compact_allocation_engine (D = $procmux$4709_Y, Q = \group_minimum[3]).
Adding SRST signal on $procdff$5002 ($dff) from module cap_pdb_parallel_compact_allocation_engine (D = $procmux$4697_Y, Q = \group_minimum[4], rval = 16'1111111111111111).
Adding EN signal on $auto$ff.cc:337:slice$5225 ($sdff) from module cap_pdb_parallel_compact_allocation_engine (D = $procmux$4697_Y, Q = \group_minimum[4]).
Adding SRST signal on $procdff$5003 ($dff) from module cap_pdb_parallel_compact_allocation_engine (D = $procmux$4685_Y, Q = \group_minimum[5], rval = 16'1111111111111111).
Adding EN signal on $auto$ff.cc:337:slice$5233 ($sdff) from module cap_pdb_parallel_compact_allocation_engine (D = $procmux$4685_Y, Q = \group_minimum[5]).
Adding SRST signal on $procdff$5004 ($dff) from module cap_pdb_parallel_compact_allocation_engine (D = $procmux$4673_Y, Q = \group_minimum[6], rval = 16'1111111111111111).
Adding EN signal on $auto$ff.cc:337:slice$5241 ($sdff) from module cap_pdb_parallel_compact_allocation_engine (D = $procmux$4673_Y, Q = \group_minimum[6]).
Adding SRST signal on $procdff$5005 ($dff) from module cap_pdb_parallel_compact_allocation_engine (D = $procmux$4661_Y, Q = \group_minimum[7], rval = 16'1111111111111111).
Adding EN signal on $auto$ff.cc:337:slice$5249 ($sdff) from module cap_pdb_parallel_compact_allocation_engine (D = $procmux$4661_Y, Q = \group_minimum[7]).
Adding SRST signal on $procdff$5006 ($dff) from module cap_pdb_parallel_compact_allocation_engine (D = $procmux$4649_Y, Q = \group_minimum[8], rval = 16'1111111111111111).
Adding EN signal on $auto$ff.cc:337:slice$5257 ($sdff) from module cap_pdb_parallel_compact_allocation_engine (D = $procmux$4649_Y, Q = \group_minimum[8]).
Adding SRST signal on $procdff$5007 ($dff) from module cap_pdb_parallel_compact_allocation_engine (D = $procmux$4637_Y, Q = \group_minimum[9], rval = 16'1111111111111111).
Adding EN signal on $auto$ff.cc:337:slice$5265 ($sdff) from module cap_pdb_parallel_compact_allocation_engine (D = $procmux$4637_Y, Q = \group_minimum[9]).
Adding SRST signal on $procdff$5008 ($dff) from module cap_pdb_parallel_compact_allocation_engine (D = $procmux$4625_Y, Q = \group_minimum[10], rval = 16'1111111111111111).
Adding EN signal on $auto$ff.cc:337:slice$5273 ($sdff) from module cap_pdb_parallel_compact_allocation_engine (D = $procmux$4625_Y, Q = \group_minimum[10]).
Adding EN signal on $procdff$5011 ($dff) from module $paramod$b5bfe1d4fce40940586b6e35fec61194ae5a8fde\cap_pdb_state_wide_bank (D = $memrd$\memory$cap_pdb_parallel_compact_engine.sv:26$3300_DATA, Q = \rdata).

5.12.7. Executing OPT_CLEAN pass (remove unused cells and wires).
Finding unused cells or wires in module \cap_pdb_parallel_compact_allocation_engine..
Finding unused cells or wires in module $paramod$cbc3189b30a0f0ae8c16e45df15b3f5a54303a8f\cap_pdb_masked_min32..
Finding unused cells or wires in module $paramod$b5bfe1d4fce40940586b6e35fec61194ae5a8fde\cap_pdb_state_wide_bank..
Removed 37 unused cells and 44 unused wires.
<suppressed ~39 debug messages>

5.12.8. Executing OPT_EXPR pass (perform const folding).
Optimizing module cap_pdb_parallel_compact_allocation_engine.
<suppressed ~27 debug messages>
Optimizing module $paramod$cbc3189b30a0f0ae8c16e45df15b3f5a54303a8f\cap_pdb_masked_min32.
Optimizing module $paramod$b5bfe1d4fce40940586b6e35fec61194ae5a8fde\cap_pdb_state_wide_bank.

5.12.9. Rerunning OPT passes. (Maybe there is more to do..)

5.12.10. Executing OPT_MUXTREE pass (detect dead branches in mux trees).
Running muxtree optimizer on module \cap_pdb_parallel_compact_allocation_engine..
  Creating internal representation of mux trees.
  Evaluating internal representation of mux trees.
  Analyzing evaluation results.
Running muxtree optimizer on module $paramod$cbc3189b30a0f0ae8c16e45df15b3f5a54303a8f\cap_pdb_masked_min32..
  Creating internal representation of mux trees.
  Evaluating internal representation of mux trees.
  Analyzing evaluation results.
Running muxtree optimizer on module $paramod$b5bfe1d4fce40940586b6e35fec61194ae5a8fde\cap_pdb_state_wide_bank..
  Creating internal representation of mux trees.
  Evaluating internal representation of mux trees.
  Analyzing evaluation results.
Removed 0 multiplexer ports.
<suppressed ~407 debug messages>

5.12.11. Executing OPT_REDUCE pass (consolidate $*mux and $reduce_* inputs).
  Optimizing cells in module \cap_pdb_parallel_compact_allocation_engine.
  Optimizing cells in module $paramod$cbc3189b30a0f0ae8c16e45df15b3f5a54303a8f\cap_pdb_masked_min32.
  Optimizing cells in module $paramod$b5bfe1d4fce40940586b6e35fec61194ae5a8fde\cap_pdb_state_wide_bank.
Performed a total of 0 changes.

5.12.12. Executing OPT_MERGE pass (detect identical cells).
Finding identical cells in module `\cap_pdb_parallel_compact_allocation_engine'.
Computing hashes of 1724 cells of `\cap_pdb_parallel_compact_allocation_engine'.
Finding duplicate cells in `\cap_pdb_parallel_compact_allocation_engine'.
Computing hashes of 1660 cells of `\cap_pdb_parallel_compact_allocation_engine'.
Finding duplicate cells in `\cap_pdb_parallel_compact_allocation_engine'.
Computing hashes of 1635 cells of `\cap_pdb_parallel_compact_allocation_engine'.
Finding duplicate cells in `\cap_pdb_parallel_compact_allocation_engine'.
<suppressed ~267 debug messages>
Finding identical cells in module `$paramod$cbc3189b30a0f0ae8c16e45df15b3f5a54303a8f\cap_pdb_masked_min32'.
Computing hashes of 94 cells of `$paramod$cbc3189b30a0f0ae8c16e45df15b3f5a54303a8f\cap_pdb_masked_min32'.
Finding duplicate cells in `$paramod$cbc3189b30a0f0ae8c16e45df15b3f5a54303a8f\cap_pdb_masked_min32'.
Finding identical cells in module `$paramod$b5bfe1d4fce40940586b6e35fec61194ae5a8fde\cap_pdb_state_wide_bank'.
Computing hashes of 6 cells of `$paramod$b5bfe1d4fce40940586b6e35fec61194ae5a8fde\cap_pdb_state_wide_bank'.
Finding duplicate cells in `$paramod$b5bfe1d4fce40940586b6e35fec61194ae5a8fde\cap_pdb_state_wide_bank'.
Removed a total of 89 cells.

5.12.13. Executing OPT_DFF pass (perform DFF optimizations).

5.12.14. Executing OPT_CLEAN pass (remove unused cells and wires).
Finding unused cells or wires in module \cap_pdb_parallel_compact_allocation_engine..
Finding unused cells or wires in module $paramod$cbc3189b30a0f0ae8c16e45df15b3f5a54303a8f\cap_pdb_masked_min32..
Finding unused cells or wires in module $paramod$b5bfe1d4fce40940586b6e35fec61194ae5a8fde\cap_pdb_state_wide_bank..
Removed 0 unused cells and 89 unused wires.
<suppressed ~1 debug messages>

5.12.15. Executing OPT_EXPR pass (perform const folding).
Optimizing module cap_pdb_parallel_compact_allocation_engine.
Optimizing module $paramod$cbc3189b30a0f0ae8c16e45df15b3f5a54303a8f\cap_pdb_masked_min32.
Optimizing module $paramod$b5bfe1d4fce40940586b6e35fec61194ae5a8fde\cap_pdb_state_wide_bank.

5.12.16. Rerunning OPT passes. (Maybe there is more to do..)

5.12.17. Executing OPT_MUXTREE pass (detect dead branches in mux trees).
Running muxtree optimizer on module \cap_pdb_parallel_compact_allocation_engine..
  Creating internal representation of mux trees.
  Evaluating internal representation of mux trees.
  Analyzing evaluation results.
Running muxtree optimizer on module $paramod$cbc3189b30a0f0ae8c16e45df15b3f5a54303a8f\cap_pdb_masked_min32..
  Creating internal representation of mux trees.
  Evaluating internal representation of mux trees.
  Analyzing evaluation results.
Running muxtree optimizer on module $paramod$b5bfe1d4fce40940586b6e35fec61194ae5a8fde\cap_pdb_state_wide_bank..
  Creating internal representation of mux trees.
  Evaluating internal representation of mux trees.
  Analyzing evaluation results.
Removed 0 multiplexer ports.
<suppressed ~409 debug messages>

5.12.18. Executing OPT_REDUCE pass (consolidate $*mux and $reduce_* inputs).
  Optimizing cells in module \cap_pdb_parallel_compact_allocation_engine.
  Optimizing cells in module $paramod$cbc3189b30a0f0ae8c16e45df15b3f5a54303a8f\cap_pdb_masked_min32.
  Optimizing cells in module $paramod$b5bfe1d4fce40940586b6e35fec61194ae5a8fde\cap_pdb_state_wide_bank.
Performed a total of 0 changes.

5.12.19. Executing OPT_MERGE pass (detect identical cells).
Finding identical cells in module `\cap_pdb_parallel_compact_allocation_engine'.
Computing hashes of 1635 cells of `\cap_pdb_parallel_compact_allocation_engine'.
Finding duplicate cells in `\cap_pdb_parallel_compact_allocation_engine'.
Finding identical cells in module `$paramod$cbc3189b30a0f0ae8c16e45df15b3f5a54303a8f\cap_pdb_masked_min32'.
Computing hashes of 94 cells of `$paramod$cbc3189b30a0f0ae8c16e45df15b3f5a54303a8f\cap_pdb_masked_min32'.
Finding duplicate cells in `$paramod$cbc3189b30a0f0ae8c16e45df15b3f5a54303a8f\cap_pdb_masked_min32'.
Finding identical cells in module `$paramod$b5bfe1d4fce40940586b6e35fec61194ae5a8fde\cap_pdb_state_wide_bank'.
Computing hashes of 6 cells of `$paramod$b5bfe1d4fce40940586b6e35fec61194ae5a8fde\cap_pdb_state_wide_bank'.
Finding duplicate cells in `$paramod$b5bfe1d4fce40940586b6e35fec61194ae5a8fde\cap_pdb_state_wide_bank'.
Removed a total of 0 cells.

5.12.20. Executing OPT_DFF pass (perform DFF optimizations).

5.12.21. Executing OPT_CLEAN pass (remove unused cells and wires).
Finding unused cells or wires in module \cap_pdb_parallel_compact_allocation_engine..
Finding unused cells or wires in module $paramod$cbc3189b30a0f0ae8c16e45df15b3f5a54303a8f\cap_pdb_masked_min32..
Finding unused cells or wires in module $paramod$b5bfe1d4fce40940586b6e35fec61194ae5a8fde\cap_pdb_state_wide_bank..

5.12.22. Executing OPT_EXPR pass (perform const folding).
Optimizing module cap_pdb_parallel_compact_allocation_engine.
Optimizing module $paramod$cbc3189b30a0f0ae8c16e45df15b3f5a54303a8f\cap_pdb_masked_min32.
Optimizing module $paramod$b5bfe1d4fce40940586b6e35fec61194ae5a8fde\cap_pdb_state_wide_bank.

5.12.23. Finished fast OPT passes. (There is nothing left to do.)

5.13. Executing WREDUCE pass (reducing word size of cells).
Removed top 1 bits (of 2) from port B of cell cap_pdb_parallel_compact_allocation_engine.$auto$opt_dff.cc:235:make_patterns_logic$5064 ($ne).
Removed top 24 bits (of 32) from port A of cell cap_pdb_parallel_compact_allocation_engine.$add$cap_pdb_parallel_compact_engine.sv:166$1415 ($add).
Removed top 23 bits (of 32) from port Y of cell cap_pdb_parallel_compact_allocation_engine.$add$cap_pdb_parallel_compact_engine.sv:166$1415 ($add).
Removed top 31 bits (of 32) from port B of cell cap_pdb_parallel_compact_allocation_engine.$add$cap_pdb_parallel_compact_engine.sv:218$1418 ($add).
Removed top 31 bits (of 32) from port B of cell cap_pdb_parallel_compact_allocation_engine.$add$cap_pdb_parallel_compact_engine.sv:218$1424 ($add).
Removed top 31 bits (of 32) from port B of cell cap_pdb_parallel_compact_allocation_engine.$add$cap_pdb_parallel_compact_engine.sv:218$1430 ($add).
Removed top 31 bits (of 32) from port B of cell cap_pdb_parallel_compact_allocation_engine.$add$cap_pdb_parallel_compact_engine.sv:218$1436 ($add).
Removed top 31 bits (of 32) from port B of cell cap_pdb_parallel_compact_allocation_engine.$add$cap_pdb_parallel_compact_engine.sv:218$1442 ($add).
Removed top 31 bits (of 32) from port B of cell cap_pdb_parallel_compact_allocation_engine.$add$cap_pdb_parallel_compact_engine.sv:218$1448 ($add).
Removed top 31 bits (of 32) from port B of cell cap_pdb_parallel_compact_allocation_engine.$add$cap_pdb_parallel_compact_engine.sv:218$1454 ($add).
Removed top 31 bits (of 32) from port B of cell cap_pdb_parallel_compact_allocation_engine.$add$cap_pdb_parallel_compact_engine.sv:218$1460 ($add).
Removed top 31 bits (of 32) from port B of cell cap_pdb_parallel_compact_allocation_engine.$add$cap_pdb_parallel_compact_engine.sv:218$1466 ($add).
Removed top 31 bits (of 32) from port B of cell cap_pdb_parallel_compact_allocation_engine.$add$cap_pdb_parallel_compact_engine.sv:218$1472 ($add).
Removed top 31 bits (of 32) from port B of cell cap_pdb_parallel_compact_allocation_engine.$add$cap_pdb_parallel_compact_engine.sv:218$1478 ($add).
Removed top 31 bits (of 32) from port B of cell cap_pdb_parallel_compact_allocation_engine.$add$cap_pdb_parallel_compact_engine.sv:218$1484 ($add).
Removed top 31 bits (of 32) from port B of cell cap_pdb_parallel_compact_allocation_engine.$add$cap_pdb_parallel_compact_engine.sv:218$1490 ($add).
Removed top 31 bits (of 32) from port B of cell cap_pdb_parallel_compact_allocation_engine.$add$cap_pdb_parallel_compact_engine.sv:218$1496 ($add).
Removed top 31 bits (of 32) from port B of cell cap_pdb_parallel_compact_allocation_engine.$add$cap_pdb_parallel_compact_engine.sv:218$1502 ($add).
Removed top 31 bits (of 32) from port B of cell cap_pdb_parallel_compact_allocation_engine.$add$cap_pdb_parallel_compact_engine.sv:218$1508 ($add).
Removed top 31 bits (of 32) from port B of cell cap_pdb_parallel_compact_allocation_engine.$add$cap_pdb_parallel_compact_engine.sv:218$1514 ($add).
Removed top 31 bits (of 32) from port B of cell cap_pdb_parallel_compact_allocation_engine.$add$cap_pdb_parallel_compact_engine.sv:218$1520 ($add).
Removed top 31 bits (of 32) from port B of cell cap_pdb_parallel_compact_allocation_engine.$add$cap_pdb_parallel_compact_engine.sv:218$1526 ($add).
Removed top 31 bits (of 32) from port B of cell cap_pdb_parallel_compact_allocation_engine.$add$cap_pdb_parallel_compact_engine.sv:218$1532 ($add).
Removed top 31 bits (of 32) from port B of cell cap_pdb_parallel_compact_allocation_engine.$add$cap_pdb_parallel_compact_engine.sv:218$1538 ($add).
Removed top 31 bits (of 32) from port B of cell cap_pdb_parallel_compact_allocation_engine.$add$cap_pdb_parallel_compact_engine.sv:218$1544 ($add).
Removed top 31 bits (of 32) from port B of cell cap_pdb_parallel_compact_allocation_engine.$add$cap_pdb_parallel_compact_engine.sv:218$1550 ($add).
Removed top 31 bits (of 32) from port B of cell cap_pdb_parallel_compact_allocation_engine.$add$cap_pdb_parallel_compact_engine.sv:218$1556 ($add).
Removed top 31 bits (of 32) from port B of cell cap_pdb_parallel_compact_allocation_engine.$add$cap_pdb_parallel_compact_engine.sv:218$1562 ($add).
Removed top 31 bits (of 32) from port B of cell cap_pdb_parallel_compact_allocation_engine.$add$cap_pdb_parallel_compact_engine.sv:218$1568 ($add).
Removed top 31 bits (of 32) from port B of cell cap_pdb_parallel_compact_allocation_engine.$add$cap_pdb_parallel_compact_engine.sv:218$1574 ($add).
Removed top 31 bits (of 32) from port B of cell cap_pdb_parallel_compact_allocation_engine.$add$cap_pdb_parallel_compact_engine.sv:218$1580 ($add).
Removed top 31 bits (of 32) from port B of cell cap_pdb_parallel_compact_allocation_engine.$add$cap_pdb_parallel_compact_engine.sv:218$1586 ($add).
Removed top 31 bits (of 32) from port B of cell cap_pdb_parallel_compact_allocation_engine.$add$cap_pdb_parallel_compact_engine.sv:218$1592 ($add).
Removed top 31 bits (of 32) from port B of cell cap_pdb_parallel_compact_allocation_engine.$add$cap_pdb_parallel_compact_engine.sv:218$1598 ($add).
Removed top 31 bits (of 32) from port B of cell cap_pdb_parallel_compact_allocation_engine.$add$cap_pdb_parallel_compact_engine.sv:218$1604 ($add).
Removed top 31 bits (of 32) from port B of cell cap_pdb_parallel_compact_allocation_engine.$add$cap_pdb_parallel_compact_engine.sv:218$1610 ($add).
Removed top 31 bits (of 32) from port B of cell cap_pdb_parallel_compact_allocation_engine.$add$cap_pdb_parallel_compact_engine.sv:218$1616 ($add).
Removed top 31 bits (of 32) from port B of cell cap_pdb_parallel_compact_allocation_engine.$add$cap_pdb_parallel_compact_engine.sv:218$1622 ($add).
Removed top 31 bits (of 32) from port B of cell cap_pdb_parallel_compact_allocation_engine.$add$cap_pdb_parallel_compact_engine.sv:218$1628 ($add).
Removed top 31 bits (of 32) from port B of cell cap_pdb_parallel_compact_allocation_engine.$add$cap_pdb_parallel_compact_engine.sv:218$1634 ($add).
Removed top 31 bits (of 32) from port B of cell cap_pdb_parallel_compact_allocation_engine.$add$cap_pdb_parallel_compact_engine.sv:218$1640 ($add).
Removed top 31 bits (of 32) from port B of cell cap_pdb_parallel_compact_allocation_engine.$add$cap_pdb_parallel_compact_engine.sv:218$1646 ($add).
Removed top 31 bits (of 32) from port B of cell cap_pdb_parallel_compact_allocation_engine.$add$cap_pdb_parallel_compact_engine.sv:218$1652 ($add).
Removed top 31 bits (of 32) from port B of cell cap_pdb_parallel_compact_allocation_engine.$add$cap_pdb_parallel_compact_engine.sv:218$1658 ($add).
Removed top 31 bits (of 32) from port B of cell cap_pdb_parallel_compact_allocation_engine.$add$cap_pdb_parallel_compact_engine.sv:218$1664 ($add).
Removed top 31 bits (of 32) from port B of cell cap_pdb_parallel_compact_allocation_engine.$add$cap_pdb_parallel_compact_engine.sv:218$1670 ($add).
Removed top 31 bits (of 32) from port B of cell cap_pdb_parallel_compact_allocation_engine.$add$cap_pdb_parallel_compact_engine.sv:218$1676 ($add).
Removed top 31 bits (of 32) from port B of cell cap_pdb_parallel_compact_allocation_engine.$add$cap_pdb_parallel_compact_engine.sv:218$1682 ($add).
Removed top 31 bits (of 32) from port B of cell cap_pdb_parallel_compact_allocation_engine.$add$cap_pdb_parallel_compact_engine.sv:218$1688 ($add).
Removed top 31 bits (of 32) from port B of cell cap_pdb_parallel_compact_allocation_engine.$add$cap_pdb_parallel_compact_engine.sv:218$1694 ($add).
Removed top 31 bits (of 32) from port B of cell cap_pdb_parallel_compact_allocation_engine.$add$cap_pdb_parallel_compact_engine.sv:218$1700 ($add).
Removed top 31 bits (of 32) from port B of cell cap_pdb_parallel_compact_allocation_engine.$add$cap_pdb_parallel_compact_engine.sv:218$1706 ($add).
Removed top 31 bits (of 32) from port B of cell cap_pdb_parallel_compact_allocation_engine.$add$cap_pdb_parallel_compact_engine.sv:218$1712 ($add).
Removed top 31 bits (of 32) from port B of cell cap_pdb_parallel_compact_allocation_engine.$add$cap_pdb_parallel_compact_engine.sv:218$1718 ($add).
Removed top 31 bits (of 32) from port B of cell cap_pdb_parallel_compact_allocation_engine.$add$cap_pdb_parallel_compact_engine.sv:218$1724 ($add).
Removed top 31 bits (of 32) from port B of cell cap_pdb_parallel_compact_allocation_engine.$add$cap_pdb_parallel_compact_engine.sv:218$1730 ($add).
Removed top 31 bits (of 32) from port B of cell cap_pdb_parallel_compact_allocation_engine.$add$cap_pdb_parallel_compact_engine.sv:218$1736 ($add).
Removed top 31 bits (of 32) from port B of cell cap_pdb_parallel_compact_allocation_engine.$add$cap_pdb_parallel_compact_engine.sv:218$1742 ($add).
Removed top 31 bits (of 32) from port B of cell cap_pdb_parallel_compact_allocation_engine.$add$cap_pdb_parallel_compact_engine.sv:218$1748 ($add).
Removed top 31 bits (of 32) from port B of cell cap_pdb_parallel_compact_allocation_engine.$add$cap_pdb_parallel_compact_engine.sv:218$1754 ($add).
Removed top 31 bits (of 32) from port B of cell cap_pdb_parallel_compact_allocation_engine.$add$cap_pdb_parallel_compact_engine.sv:218$1760 ($add).
Removed top 31 bits (of 32) from port B of cell cap_pdb_parallel_compact_allocation_engine.$add$cap_pdb_parallel_compact_engine.sv:218$1766 ($add).
Removed top 31 bits (of 32) from port B of cell cap_pdb_parallel_compact_allocation_engine.$add$cap_pdb_parallel_compact_engine.sv:218$1772 ($add).
Removed top 31 bits (of 32) from port B of cell cap_pdb_parallel_compact_allocation_engine.$add$cap_pdb_parallel_compact_engine.sv:218$1778 ($add).
Removed top 31 bits (of 32) from port B of cell cap_pdb_parallel_compact_allocation_engine.$add$cap_pdb_parallel_compact_engine.sv:218$1784 ($add).
Removed top 31 bits (of 32) from port B of cell cap_pdb_parallel_compact_allocation_engine.$add$cap_pdb_parallel_compact_engine.sv:218$1790 ($add).
Removed top 31 bits (of 32) from port B of cell cap_pdb_parallel_compact_allocation_engine.$add$cap_pdb_parallel_compact_engine.sv:218$1796 ($add).
Removed top 31 bits (of 32) from port B of cell cap_pdb_parallel_compact_allocation_engine.$add$cap_pdb_parallel_compact_engine.sv:218$1802 ($add).
Removed top 31 bits (of 32) from port B of cell cap_pdb_parallel_compact_allocation_engine.$add$cap_pdb_parallel_compact_engine.sv:218$1808 ($add).
Removed top 31 bits (of 32) from port B of cell cap_pdb_parallel_compact_allocation_engine.$add$cap_pdb_parallel_compact_engine.sv:218$1814 ($add).
Removed top 31 bits (of 32) from port B of cell cap_pdb_parallel_compact_allocation_engine.$add$cap_pdb_parallel_compact_engine.sv:218$1820 ($add).
Removed top 31 bits (of 32) from port B of cell cap_pdb_parallel_compact_allocation_engine.$add$cap_pdb_parallel_compact_engine.sv:218$1826 ($add).
Removed top 31 bits (of 32) from port B of cell cap_pdb_parallel_compact_allocation_engine.$add$cap_pdb_parallel_compact_engine.sv:218$1832 ($add).
Removed top 31 bits (of 32) from port B of cell cap_pdb_parallel_compact_allocation_engine.$add$cap_pdb_parallel_compact_engine.sv:218$1838 ($add).
Removed top 31 bits (of 32) from port B of cell cap_pdb_parallel_compact_allocation_engine.$add$cap_pdb_parallel_compact_engine.sv:218$1844 ($add).
Removed top 31 bits (of 32) from port B of cell cap_pdb_parallel_compact_allocation_engine.$add$cap_pdb_parallel_compact_engine.sv:218$1850 ($add).
Removed top 31 bits (of 32) from port B of cell cap_pdb_parallel_compact_allocation_engine.$add$cap_pdb_parallel_compact_engine.sv:218$1856 ($add).
Removed top 31 bits (of 32) from port B of cell cap_pdb_parallel_compact_allocation_engine.$add$cap_pdb_parallel_compact_engine.sv:218$1862 ($add).
Removed top 31 bits (of 32) from port B of cell cap_pdb_parallel_compact_allocation_engine.$add$cap_pdb_parallel_compact_engine.sv:218$1868 ($add).
Removed top 31 bits (of 32) from port B of cell cap_pdb_parallel_compact_allocation_engine.$add$cap_pdb_parallel_compact_engine.sv:218$1874 ($add).
Removed top 31 bits (of 32) from port B of cell cap_pdb_parallel_compact_allocation_engine.$add$cap_pdb_parallel_compact_engine.sv:218$1880 ($add).
Removed top 31 bits (of 32) from port B of cell cap_pdb_parallel_compact_allocation_engine.$add$cap_pdb_parallel_compact_engine.sv:218$1886 ($add).
Removed top 31 bits (of 32) from port B of cell cap_pdb_parallel_compact_allocation_engine.$add$cap_pdb_parallel_compact_engine.sv:218$1892 ($add).
Removed top 31 bits (of 32) from port B of cell cap_pdb_parallel_compact_allocation_engine.$add$cap_pdb_parallel_compact_engine.sv:218$1898 ($add).
Removed top 31 bits (of 32) from port B of cell cap_pdb_parallel_compact_allocation_engine.$add$cap_pdb_parallel_compact_engine.sv:218$1904 ($add).
Removed top 31 bits (of 32) from port B of cell cap_pdb_parallel_compact_allocation_engine.$add$cap_pdb_parallel_compact_engine.sv:218$1910 ($add).
Removed top 31 bits (of 32) from port B of cell cap_pdb_parallel_compact_allocation_engine.$add$cap_pdb_parallel_compact_engine.sv:218$1916 ($add).
Removed top 31 bits (of 32) from port B of cell cap_pdb_parallel_compact_allocation_engine.$add$cap_pdb_parallel_compact_engine.sv:218$1922 ($add).
Removed top 31 bits (of 32) from port B of cell cap_pdb_parallel_compact_allocation_engine.$add$cap_pdb_parallel_compact_engine.sv:218$1928 ($add).
Removed top 31 bits (of 32) from port B of cell cap_pdb_parallel_compact_allocation_engine.$add$cap_pdb_parallel_compact_engine.sv:218$1934 ($add).
Removed top 31 bits (of 32) from port B of cell cap_pdb_parallel_compact_allocation_engine.$add$cap_pdb_parallel_compact_engine.sv:218$1940 ($add).
Removed top 31 bits (of 32) from port B of cell cap_pdb_parallel_compact_allocation_engine.$add$cap_pdb_parallel_compact_engine.sv:218$1946 ($add).
Removed top 31 bits (of 32) from port B of cell cap_pdb_parallel_compact_allocation_engine.$add$cap_pdb_parallel_compact_engine.sv:218$1952 ($add).
Removed top 31 bits (of 32) from port B of cell cap_pdb_parallel_compact_allocation_engine.$add$cap_pdb_parallel_compact_engine.sv:218$1958 ($add).
Removed top 31 bits (of 32) from port B of cell cap_pdb_parallel_compact_allocation_engine.$add$cap_pdb_parallel_compact_engine.sv:218$1964 ($add).
Removed top 31 bits (of 32) from port B of cell cap_pdb_parallel_compact_allocation_engine.$add$cap_pdb_parallel_compact_engine.sv:218$1970 ($add).
Removed top 31 bits (of 32) from port B of cell cap_pdb_parallel_compact_allocation_engine.$add$cap_pdb_parallel_compact_engine.sv:218$1976 ($add).
Removed top 31 bits (of 32) from port B of cell cap_pdb_parallel_compact_allocation_engine.$add$cap_pdb_parallel_compact_engine.sv:218$1982 ($add).
Removed top 31 bits (of 32) from port B of cell cap_pdb_parallel_compact_allocation_engine.$add$cap_pdb_parallel_compact_engine.sv:218$1988 ($add).
Removed top 31 bits (of 32) from port B of cell cap_pdb_parallel_compact_allocation_engine.$add$cap_pdb_parallel_compact_engine.sv:218$1994 ($add).
Removed top 31 bits (of 32) from port B of cell cap_pdb_parallel_compact_allocation_engine.$add$cap_pdb_parallel_compact_engine.sv:218$2000 ($add).
Removed top 31 bits (of 32) from port B of cell cap_pdb_parallel_compact_allocation_engine.$add$cap_pdb_parallel_compact_engine.sv:218$2006 ($add).
Removed top 31 bits (of 32) from port B of cell cap_pdb_parallel_compact_allocation_engine.$add$cap_pdb_parallel_compact_engine.sv:218$2012 ($add).
Removed top 31 bits (of 32) from port B of cell cap_pdb_parallel_compact_allocation_engine.$add$cap_pdb_parallel_compact_engine.sv:218$2018 ($add).
Removed top 31 bits (of 32) from port B of cell cap_pdb_parallel_compact_allocation_engine.$add$cap_pdb_parallel_compact_engine.sv:218$2024 ($add).
Removed top 31 bits (of 32) from port B of cell cap_pdb_parallel_compact_allocation_engine.$add$cap_pdb_parallel_compact_engine.sv:218$2030 ($add).
Removed top 31 bits (of 32) from port B of cell cap_pdb_parallel_compact_allocation_engine.$add$cap_pdb_parallel_compact_engine.sv:218$2036 ($add).
Removed top 31 bits (of 32) from port B of cell cap_pdb_parallel_compact_allocation_engine.$add$cap_pdb_parallel_compact_engine.sv:218$2042 ($add).
Removed top 31 bits (of 32) from port B of cell cap_pdb_parallel_compact_allocation_engine.$add$cap_pdb_parallel_compact_engine.sv:218$2048 ($add).
Removed top 31 bits (of 32) from port B of cell cap_pdb_parallel_compact_allocation_engine.$add$cap_pdb_parallel_compact_engine.sv:218$2054 ($add).
Removed top 31 bits (of 32) from port B of cell cap_pdb_parallel_compact_allocation_engine.$add$cap_pdb_parallel_compact_engine.sv:218$2060 ($add).
Removed top 31 bits (of 32) from port B of cell cap_pdb_parallel_compact_allocation_engine.$add$cap_pdb_parallel_compact_engine.sv:218$2066 ($add).
Removed top 31 bits (of 32) from port B of cell cap_pdb_parallel_compact_allocation_engine.$add$cap_pdb_parallel_compact_engine.sv:218$2072 ($add).
Removed top 31 bits (of 32) from port B of cell cap_pdb_parallel_compact_allocation_engine.$add$cap_pdb_parallel_compact_engine.sv:218$2078 ($add).
Removed top 31 bits (of 32) from port B of cell cap_pdb_parallel_compact_allocation_engine.$add$cap_pdb_parallel_compact_engine.sv:218$2084 ($add).
Removed top 31 bits (of 32) from port B of cell cap_pdb_parallel_compact_allocation_engine.$add$cap_pdb_parallel_compact_engine.sv:218$2090 ($add).
Removed top 31 bits (of 32) from port B of cell cap_pdb_parallel_compact_allocation_engine.$add$cap_pdb_parallel_compact_engine.sv:218$2096 ($add).
Removed top 31 bits (of 32) from port B of cell cap_pdb_parallel_compact_allocation_engine.$add$cap_pdb_parallel_compact_engine.sv:218$2102 ($add).
Removed top 31 bits (of 32) from port B of cell cap_pdb_parallel_compact_allocation_engine.$add$cap_pdb_parallel_compact_engine.sv:218$2108 ($add).
Removed top 31 bits (of 32) from port B of cell cap_pdb_parallel_compact_allocation_engine.$add$cap_pdb_parallel_compact_engine.sv:218$2114 ($add).
Removed top 31 bits (of 32) from port B of cell cap_pdb_parallel_compact_allocation_engine.$add$cap_pdb_parallel_compact_engine.sv:218$2120 ($add).
Removed top 31 bits (of 32) from port B of cell cap_pdb_parallel_compact_allocation_engine.$add$cap_pdb_parallel_compact_engine.sv:218$2126 ($add).
Removed top 31 bits (of 32) from port B of cell cap_pdb_parallel_compact_allocation_engine.$add$cap_pdb_parallel_compact_engine.sv:218$2132 ($add).
Removed top 31 bits (of 32) from port B of cell cap_pdb_parallel_compact_allocation_engine.$add$cap_pdb_parallel_compact_engine.sv:218$2138 ($add).
Removed top 31 bits (of 32) from port B of cell cap_pdb_parallel_compact_allocation_engine.$add$cap_pdb_parallel_compact_engine.sv:218$2144 ($add).
Removed top 31 bits (of 32) from port B of cell cap_pdb_parallel_compact_allocation_engine.$add$cap_pdb_parallel_compact_engine.sv:218$2150 ($add).
Removed top 31 bits (of 32) from port B of cell cap_pdb_parallel_compact_allocation_engine.$add$cap_pdb_parallel_compact_engine.sv:218$2156 ($add).
Removed top 31 bits (of 32) from port B of cell cap_pdb_parallel_compact_allocation_engine.$add$cap_pdb_parallel_compact_engine.sv:218$2162 ($add).
Removed top 31 bits (of 32) from port B of cell cap_pdb_parallel_compact_allocation_engine.$add$cap_pdb_parallel_compact_engine.sv:218$2168 ($add).
Removed top 31 bits (of 32) from port B of cell cap_pdb_parallel_compact_allocation_engine.$add$cap_pdb_parallel_compact_engine.sv:218$2174 ($add).
Removed top 31 bits (of 32) from port B of cell cap_pdb_parallel_compact_allocation_engine.$add$cap_pdb_parallel_compact_engine.sv:218$2180 ($add).
Removed top 31 bits (of 32) from port B of cell cap_pdb_parallel_compact_allocation_engine.$add$cap_pdb_parallel_compact_engine.sv:218$2186 ($add).
Removed top 31 bits (of 32) from port B of cell cap_pdb_parallel_compact_allocation_engine.$add$cap_pdb_parallel_compact_engine.sv:218$2192 ($add).
Removed top 31 bits (of 32) from port B of cell cap_pdb_parallel_compact_allocation_engine.$add$cap_pdb_parallel_compact_engine.sv:218$2198 ($add).
Removed top 31 bits (of 32) from port B of cell cap_pdb_parallel_compact_allocation_engine.$add$cap_pdb_parallel_compact_engine.sv:218$2204 ($add).
Removed top 31 bits (of 32) from port B of cell cap_pdb_parallel_compact_allocation_engine.$add$cap_pdb_parallel_compact_engine.sv:218$2210 ($add).
Removed top 31 bits (of 32) from port B of cell cap_pdb_parallel_compact_allocation_engine.$add$cap_pdb_parallel_compact_engine.sv:218$2216 ($add).
Removed top 31 bits (of 32) from port B of cell cap_pdb_parallel_compact_allocation_engine.$add$cap_pdb_parallel_compact_engine.sv:218$2222 ($add).
Removed top 31 bits (of 32) from port B of cell cap_pdb_parallel_compact_allocation_engine.$add$cap_pdb_parallel_compact_engine.sv:218$2228 ($add).
Removed top 31 bits (of 32) from port B of cell cap_pdb_parallel_compact_allocation_engine.$add$cap_pdb_parallel_compact_engine.sv:218$2234 ($add).
Removed top 31 bits (of 32) from port B of cell cap_pdb_parallel_compact_allocation_engine.$add$cap_pdb_parallel_compact_engine.sv:218$2240 ($add).
Removed top 31 bits (of 32) from port B of cell cap_pdb_parallel_compact_allocation_engine.$add$cap_pdb_parallel_compact_engine.sv:218$2246 ($add).
Removed top 31 bits (of 32) from port B of cell cap_pdb_parallel_compact_allocation_engine.$add$cap_pdb_parallel_compact_engine.sv:218$2252 ($add).
Removed top 31 bits (of 32) from port B of cell cap_pdb_parallel_compact_allocation_engine.$add$cap_pdb_parallel_compact_engine.sv:218$2258 ($add).
Removed top 31 bits (of 32) from port B of cell cap_pdb_parallel_compact_allocation_engine.$add$cap_pdb_parallel_compact_engine.sv:218$2264 ($add).
Removed top 31 bits (of 32) from port B of cell cap_pdb_parallel_compact_allocation_engine.$add$cap_pdb_parallel_compact_engine.sv:218$2270 ($add).
Removed top 31 bits (of 32) from port B of cell cap_pdb_parallel_compact_allocation_engine.$add$cap_pdb_parallel_compact_engine.sv:218$2276 ($add).
Removed top 31 bits (of 32) from port B of cell cap_pdb_parallel_compact_allocation_engine.$add$cap_pdb_parallel_compact_engine.sv:218$2282 ($add).
Removed top 31 bits (of 32) from port B of cell cap_pdb_parallel_compact_allocation_engine.$add$cap_pdb_parallel_compact_engine.sv:218$2288 ($add).
Removed top 31 bits (of 32) from port B of cell cap_pdb_parallel_compact_allocation_engine.$add$cap_pdb_parallel_compact_engine.sv:218$2294 ($add).
Removed top 31 bits (of 32) from port B of cell cap_pdb_parallel_compact_allocation_engine.$add$cap_pdb_parallel_compact_engine.sv:218$2300 ($add).
Removed top 31 bits (of 32) from port B of cell cap_pdb_parallel_compact_allocation_engine.$add$cap_pdb_parallel_compact_engine.sv:218$2306 ($add).
Removed top 31 bits (of 32) from port B of cell cap_pdb_parallel_compact_allocation_engine.$add$cap_pdb_parallel_compact_engine.sv:218$2312 ($add).
Removed top 31 bits (of 32) from port B of cell cap_pdb_parallel_compact_allocation_engine.$add$cap_pdb_parallel_compact_engine.sv:218$2318 ($add).
Removed top 31 bits (of 32) from port B of cell cap_pdb_parallel_compact_allocation_engine.$add$cap_pdb_parallel_compact_engine.sv:218$2324 ($add).
Removed top 31 bits (of 32) from port B of cell cap_pdb_parallel_compact_allocation_engine.$add$cap_pdb_parallel_compact_engine.sv:218$2330 ($add).
Removed top 31 bits (of 32) from port B of cell cap_pdb_parallel_compact_allocation_engine.$add$cap_pdb_parallel_compact_engine.sv:218$2336 ($add).
Removed top 31 bits (of 32) from port B of cell cap_pdb_parallel_compact_allocation_engine.$add$cap_pdb_parallel_compact_engine.sv:218$2342 ($add).
Removed top 31 bits (of 32) from port B of cell cap_pdb_parallel_compact_allocation_engine.$add$cap_pdb_parallel_compact_engine.sv:218$2348 ($add).
Removed top 31 bits (of 32) from port B of cell cap_pdb_parallel_compact_allocation_engine.$add$cap_pdb_parallel_compact_engine.sv:218$2354 ($add).
Removed top 31 bits (of 32) from port B of cell cap_pdb_parallel_compact_allocation_engine.$add$cap_pdb_parallel_compact_engine.sv:218$2360 ($add).
Removed top 31 bits (of 32) from port B of cell cap_pdb_parallel_compact_allocation_engine.$add$cap_pdb_parallel_compact_engine.sv:218$2366 ($add).
Removed top 31 bits (of 32) from port B of cell cap_pdb_parallel_compact_allocation_engine.$add$cap_pdb_parallel_compact_engine.sv:218$2372 ($add).
Removed top 31 bits (of 32) from port B of cell cap_pdb_parallel_compact_allocation_engine.$add$cap_pdb_parallel_compact_engine.sv:218$2378 ($add).
Removed top 31 bits (of 32) from port B of cell cap_pdb_parallel_compact_allocation_engine.$add$cap_pdb_parallel_compact_engine.sv:218$2384 ($add).
Removed top 31 bits (of 32) from port B of cell cap_pdb_parallel_compact_allocation_engine.$add$cap_pdb_parallel_compact_engine.sv:218$2390 ($add).
Removed top 31 bits (of 32) from port B of cell cap_pdb_parallel_compact_allocation_engine.$add$cap_pdb_parallel_compact_engine.sv:218$2396 ($add).
Removed top 31 bits (of 32) from port B of cell cap_pdb_parallel_compact_allocation_engine.$add$cap_pdb_parallel_compact_engine.sv:218$2402 ($add).
Removed top 31 bits (of 32) from port B of cell cap_pdb_parallel_compact_allocation_engine.$add$cap_pdb_parallel_compact_engine.sv:218$2408 ($add).
Removed top 31 bits (of 32) from port B of cell cap_pdb_parallel_compact_allocation_engine.$add$cap_pdb_parallel_compact_engine.sv:218$2414 ($add).
Removed top 31 bits (of 32) from port B of cell cap_pdb_parallel_compact_allocation_engine.$add$cap_pdb_parallel_compact_engine.sv:218$2420 ($add).
Removed top 31 bits (of 32) from port B of cell cap_pdb_parallel_compact_allocation_engine.$add$cap_pdb_parallel_compact_engine.sv:218$2426 ($add).
Removed top 31 bits (of 32) from port B of cell cap_pdb_parallel_compact_allocation_engine.$add$cap_pdb_parallel_compact_engine.sv:218$2432 ($add).
Removed top 31 bits (of 32) from port B of cell cap_pdb_parallel_compact_allocation_engine.$add$cap_pdb_parallel_compact_engine.sv:218$2438 ($add).
Removed top 31 bits (of 32) from port B of cell cap_pdb_parallel_compact_allocation_engine.$add$cap_pdb_parallel_compact_engine.sv:218$2444 ($add).
Removed top 31 bits (of 32) from port B of cell cap_pdb_parallel_compact_allocation_engine.$add$cap_pdb_parallel_compact_engine.sv:218$2450 ($add).
Removed top 31 bits (of 32) from port B of cell cap_pdb_parallel_compact_allocation_engine.$add$cap_pdb_parallel_compact_engine.sv:218$2456 ($add).
Removed top 31 bits (of 32) from port B of cell cap_pdb_parallel_compact_allocation_engine.$add$cap_pdb_parallel_compact_engine.sv:218$2462 ($add).
Removed top 31 bits (of 32) from port B of cell cap_pdb_parallel_compact_allocation_engine.$add$cap_pdb_parallel_compact_engine.sv:218$2468 ($add).
Removed top 31 bits (of 32) from port B of cell cap_pdb_parallel_compact_allocation_engine.$add$cap_pdb_parallel_compact_engine.sv:218$2474 ($add).
Removed top 31 bits (of 32) from port B of cell cap_pdb_parallel_compact_allocation_engine.$add$cap_pdb_parallel_compact_engine.sv:218$2480 ($add).
Removed top 31 bits (of 32) from port B of cell cap_pdb_parallel_compact_allocation_engine.$add$cap_pdb_parallel_compact_engine.sv:218$2486 ($add).
Removed top 31 bits (of 32) from port B of cell cap_pdb_parallel_compact_allocation_engine.$add$cap_pdb_parallel_compact_engine.sv:218$2492 ($add).
Removed top 31 bits (of 32) from port B of cell cap_pdb_parallel_compact_allocation_engine.$add$cap_pdb_parallel_compact_engine.sv:218$2498 ($add).
Removed top 31 bits (of 32) from port B of cell cap_pdb_parallel_compact_allocation_engine.$add$cap_pdb_parallel_compact_engine.sv:218$2504 ($add).
Removed top 31 bits (of 32) from port B of cell cap_pdb_parallel_compact_allocation_engine.$add$cap_pdb_parallel_compact_engine.sv:218$2510 ($add).
Removed top 31 bits (of 32) from port B of cell cap_pdb_parallel_compact_allocation_engine.$add$cap_pdb_parallel_compact_engine.sv:218$2516 ($add).
Removed top 31 bits (of 32) from port B of cell cap_pdb_parallel_compact_allocation_engine.$add$cap_pdb_parallel_compact_engine.sv:218$2522 ($add).
Removed top 31 bits (of 32) from port B of cell cap_pdb_parallel_compact_allocation_engine.$add$cap_pdb_parallel_compact_engine.sv:218$2528 ($add).
Removed top 31 bits (of 32) from port B of cell cap_pdb_parallel_compact_allocation_engine.$add$cap_pdb_parallel_compact_engine.sv:218$2534 ($add).
Removed top 31 bits (of 32) from port B of cell cap_pdb_parallel_compact_allocation_engine.$add$cap_pdb_parallel_compact_engine.sv:218$2540 ($add).
Removed top 31 bits (of 32) from port B of cell cap_pdb_parallel_compact_allocation_engine.$add$cap_pdb_parallel_compact_engine.sv:218$2546 ($add).
Removed top 31 bits (of 32) from port B of cell cap_pdb_parallel_compact_allocation_engine.$add$cap_pdb_parallel_compact_engine.sv:218$2552 ($add).
Removed top 31 bits (of 32) from port B of cell cap_pdb_parallel_compact_allocation_engine.$add$cap_pdb_parallel_compact_engine.sv:218$2558 ($add).
Removed top 31 bits (of 32) from port B of cell cap_pdb_parallel_compact_allocation_engine.$add$cap_pdb_parallel_compact_engine.sv:218$2564 ($add).
Removed top 31 bits (of 32) from port B of cell cap_pdb_parallel_compact_allocation_engine.$add$cap_pdb_parallel_compact_engine.sv:218$2570 ($add).
Removed top 31 bits (of 32) from port B of cell cap_pdb_parallel_compact_allocation_engine.$add$cap_pdb_parallel_compact_engine.sv:218$2576 ($add).
Removed top 31 bits (of 32) from port B of cell cap_pdb_parallel_compact_allocation_engine.$add$cap_pdb_parallel_compact_engine.sv:218$2582 ($add).
Removed top 31 bits (of 32) from port B of cell cap_pdb_parallel_compact_allocation_engine.$add$cap_pdb_parallel_compact_engine.sv:218$2588 ($add).
Removed top 31 bits (of 32) from port B of cell cap_pdb_parallel_compact_allocation_engine.$add$cap_pdb_parallel_compact_engine.sv:218$2594 ($add).
Removed top 31 bits (of 32) from port B of cell cap_pdb_parallel_compact_allocation_engine.$add$cap_pdb_parallel_compact_engine.sv:218$2600 ($add).
Removed top 31 bits (of 32) from port B of cell cap_pdb_parallel_compact_allocation_engine.$add$cap_pdb_parallel_compact_engine.sv:218$2606 ($add).
Removed top 31 bits (of 32) from port B of cell cap_pdb_parallel_compact_allocation_engine.$add$cap_pdb_parallel_compact_engine.sv:218$2612 ($add).
Removed top 31 bits (of 32) from port B of cell cap_pdb_parallel_compact_allocation_engine.$add$cap_pdb_parallel_compact_engine.sv:218$2618 ($add).
Removed top 31 bits (of 32) from port B of cell cap_pdb_parallel_compact_allocation_engine.$add$cap_pdb_parallel_compact_engine.sv:218$2624 ($add).
Removed top 31 bits (of 32) from port B of cell cap_pdb_parallel_compact_allocation_engine.$add$cap_pdb_parallel_compact_engine.sv:218$2630 ($add).
Removed top 31 bits (of 32) from port B of cell cap_pdb_parallel_compact_allocation_engine.$add$cap_pdb_parallel_compact_engine.sv:218$2636 ($add).
Removed top 31 bits (of 32) from port B of cell cap_pdb_parallel_compact_allocation_engine.$add$cap_pdb_parallel_compact_engine.sv:218$2642 ($add).
Removed top 31 bits (of 32) from port B of cell cap_pdb_parallel_compact_allocation_engine.$add$cap_pdb_parallel_compact_engine.sv:218$2648 ($add).
Removed top 31 bits (of 32) from port B of cell cap_pdb_parallel_compact_allocation_engine.$add$cap_pdb_parallel_compact_engine.sv:218$2654 ($add).
Removed top 31 bits (of 32) from port B of cell cap_pdb_parallel_compact_allocation_engine.$add$cap_pdb_parallel_compact_engine.sv:218$2660 ($add).
Removed top 8 bits (of 24) from port A of cell cap_pdb_parallel_compact_allocation_engine.$add$cap_pdb_parallel_compact_engine.sv:245$2671 ($add).
Removed top 7 bits (of 24) from port Y of cell cap_pdb_parallel_compact_allocation_engine.$add$cap_pdb_parallel_compact_engine.sv:245$2671 ($add).
Removed top 7 bits (of 24) from port A of cell cap_pdb_parallel_compact_allocation_engine.$add$cap_pdb_parallel_compact_engine.sv:245$2674 ($add).
Removed top 6 bits (of 24) from port Y of cell cap_pdb_parallel_compact_allocation_engine.$add$cap_pdb_parallel_compact_engine.sv:245$2674 ($add).
Removed top 6 bits (of 24) from port A of cell cap_pdb_parallel_compact_allocation_engine.$add$cap_pdb_parallel_compact_engine.sv:245$2677 ($add).
Removed top 5 bits (of 24) from port Y of cell cap_pdb_parallel_compact_allocation_engine.$add$cap_pdb_parallel_compact_engine.sv:245$2677 ($add).
Removed top 5 bits (of 24) from port A of cell cap_pdb_parallel_compact_allocation_engine.$add$cap_pdb_parallel_compact_engine.sv:245$2680 ($add).
Removed top 4 bits (of 24) from port Y of cell cap_pdb_parallel_compact_allocation_engine.$add$cap_pdb_parallel_compact_engine.sv:245$2680 ($add).
Removed top 4 bits (of 24) from port A of cell cap_pdb_parallel_compact_allocation_engine.$add$cap_pdb_parallel_compact_engine.sv:245$2683 ($add).
Removed top 3 bits (of 24) from port Y of cell cap_pdb_parallel_compact_allocation_engine.$add$cap_pdb_parallel_compact_engine.sv:245$2683 ($add).
Removed top 3 bits (of 24) from port A of cell cap_pdb_parallel_compact_allocation_engine.$add$cap_pdb_parallel_compact_engine.sv:245$2686 ($add).
Removed top 2 bits (of 24) from port Y of cell cap_pdb_parallel_compact_allocation_engine.$add$cap_pdb_parallel_compact_engine.sv:245$2686 ($add).
Removed top 2 bits (of 24) from port A of cell cap_pdb_parallel_compact_allocation_engine.$add$cap_pdb_parallel_compact_engine.sv:245$2689 ($add).
Removed top 1 bits (of 24) from port Y of cell cap_pdb_parallel_compact_allocation_engine.$add$cap_pdb_parallel_compact_engine.sv:245$2689 ($add).
Removed top 1 bits (of 24) from port A of cell cap_pdb_parallel_compact_allocation_engine.$add$cap_pdb_parallel_compact_engine.sv:245$2692 ($add).
Removed top 1 bits (of 32) from port A of cell cap_pdb_parallel_compact_allocation_engine.$or$cap_pdb_parallel_compact_engine.sv:144$2788 ($or).
Removed top 2 bits (of 32) from port A of cell cap_pdb_parallel_compact_allocation_engine.$or$cap_pdb_parallel_compact_engine.sv:148$2794 ($or).
Removed top 4 bits (of 32) from port A of cell cap_pdb_parallel_compact_allocation_engine.$or$cap_pdb_parallel_compact_engine.sv:152$2800 ($or).
Removed top 8 bits (of 32) from port A of cell cap_pdb_parallel_compact_allocation_engine.$or$cap_pdb_parallel_compact_engine.sv:156$2806 ($or).
Removed top 16 bits (of 32) from port A of cell cap_pdb_parallel_compact_allocation_engine.$or$cap_pdb_parallel_compact_engine.sv:160$2810 ($or).
Removed top 3 bits (of 4) from port B of cell cap_pdb_parallel_compact_allocation_engine.$eq$cap_pdb_parallel_compact_engine.sv:177$2812 ($eq).
Removed top 1 bits (of 32) from port A of cell cap_pdb_parallel_compact_allocation_engine.$or$cap_pdb_parallel_compact_engine.sv:144$2828 ($or).
Removed top 2 bits (of 32) from port A of cell cap_pdb_parallel_compact_allocation_engine.$or$cap_pdb_parallel_compact_engine.sv:148$2834 ($or).
Removed top 4 bits (of 32) from port A of cell cap_pdb_parallel_compact_allocation_engine.$or$cap_pdb_parallel_compact_engine.sv:152$2840 ($or).
Removed top 8 bits (of 32) from port A of cell cap_pdb_parallel_compact_allocation_engine.$or$cap_pdb_parallel_compact_engine.sv:156$2846 ($or).
Removed top 16 bits (of 32) from port A of cell cap_pdb_parallel_compact_allocation_engine.$or$cap_pdb_parallel_compact_engine.sv:160$2850 ($or).
Removed top 2 bits (of 4) from port B of cell cap_pdb_parallel_compact_allocation_engine.$eq$cap_pdb_parallel_compact_engine.sv:177$2852 ($eq).
Removed top 1 bits (of 32) from port A of cell cap_pdb_parallel_compact_allocation_engine.$or$cap_pdb_parallel_compact_engine.sv:144$2868 ($or).
Removed top 2 bits (of 32) from port A of cell cap_pdb_parallel_compact_allocation_engine.$or$cap_pdb_parallel_compact_engine.sv:148$2874 ($or).
Removed top 4 bits (of 32) from port A of cell cap_pdb_parallel_compact_allocation_engine.$or$cap_pdb_parallel_compact_engine.sv:152$2880 ($or).
Removed top 8 bits (of 32) from port A of cell cap_pdb_parallel_compact_allocation_engine.$or$cap_pdb_parallel_compact_engine.sv:156$2886 ($or).
Removed top 16 bits (of 32) from port A of cell cap_pdb_parallel_compact_allocation_engine.$or$cap_pdb_parallel_compact_engine.sv:160$2890 ($or).
Removed top 2 bits (of 4) from port B of cell cap_pdb_parallel_compact_allocation_engine.$eq$cap_pdb_parallel_compact_engine.sv:177$2892 ($eq).
Removed top 1 bits (of 32) from port A of cell cap_pdb_parallel_compact_allocation_engine.$or$cap_pdb_parallel_compact_engine.sv:144$2908 ($or).
Removed top 2 bits (of 32) from port A of cell cap_pdb_parallel_compact_allocation_engine.$or$cap_pdb_parallel_compact_engine.sv:148$2914 ($or).
Removed top 4 bits (of 32) from port A of cell cap_pdb_parallel_compact_allocation_engine.$or$cap_pdb_parallel_compact_engine.sv:152$2920 ($or).
Removed top 8 bits (of 32) from port A of cell cap_pdb_parallel_compact_allocation_engine.$or$cap_pdb_parallel_compact_engine.sv:156$2926 ($or).
Removed top 16 bits (of 32) from port A of cell cap_pdb_parallel_compact_allocation_engine.$or$cap_pdb_parallel_compact_engine.sv:160$2930 ($or).
Removed top 1 bits (of 4) from port B of cell cap_pdb_parallel_compact_allocation_engine.$eq$cap_pdb_parallel_compact_engine.sv:177$2932 ($eq).
Removed top 1 bits (of 32) from port A of cell cap_pdb_parallel_compact_allocation_engine.$or$cap_pdb_parallel_compact_engine.sv:144$2948 ($or).
Removed top 2 bits (of 32) from port A of cell cap_pdb_parallel_compact_allocation_engine.$or$cap_pdb_parallel_compact_engine.sv:148$2954 ($or).
Removed top 4 bits (of 32) from port A of cell cap_pdb_parallel_compact_allocation_engine.$or$cap_pdb_parallel_compact_engine.sv:152$2960 ($or).
Removed top 8 bits (of 32) from port A of cell cap_pdb_parallel_compact_allocation_engine.$or$cap_pdb_parallel_compact_engine.sv:156$2966 ($or).
Removed top 16 bits (of 32) from port A of cell cap_pdb_parallel_compact_allocation_engine.$or$cap_pdb_parallel_compact_engine.sv:160$2970 ($or).
Removed top 1 bits (of 4) from port B of cell cap_pdb_parallel_compact_allocation_engine.$eq$cap_pdb_parallel_compact_engine.sv:177$2972 ($eq).
Removed top 1 bits (of 32) from port A of cell cap_pdb_parallel_compact_allocation_engine.$or$cap_pdb_parallel_compact_engine.sv:144$2988 ($or).
Removed top 2 bits (of 32) from port A of cell cap_pdb_parallel_compact_allocation_engine.$or$cap_pdb_parallel_compact_engine.sv:148$2994 ($or).
Removed top 4 bits (of 32) from port A of cell cap_pdb_parallel_compact_allocation_engine.$or$cap_pdb_parallel_compact_engine.sv:152$3000 ($or).
Removed top 8 bits (of 32) from port A of cell cap_pdb_parallel_compact_allocation_engine.$or$cap_pdb_parallel_compact_engine.sv:156$3006 ($or).
Removed top 16 bits (of 32) from port A of cell cap_pdb_parallel_compact_allocation_engine.$or$cap_pdb_parallel_compact_engine.sv:160$3010 ($or).
Removed top 1 bits (of 4) from port B of cell cap_pdb_parallel_compact_allocation_engine.$eq$cap_pdb_parallel_compact_engine.sv:177$3012 ($eq).
Removed top 1 bits (of 32) from port A of cell cap_pdb_parallel_compact_allocation_engine.$or$cap_pdb_parallel_compact_engine.sv:144$3028 ($or).
Removed top 2 bits (of 32) from port A of cell cap_pdb_parallel_compact_allocation_engine.$or$cap_pdb_parallel_compact_engine.sv:148$3034 ($or).
Removed top 4 bits (of 32) from port A of cell cap_pdb_parallel_compact_allocation_engine.$or$cap_pdb_parallel_compact_engine.sv:152$3040 ($or).
Removed top 8 bits (of 32) from port A of cell cap_pdb_parallel_compact_allocation_engine.$or$cap_pdb_parallel_compact_engine.sv:156$3046 ($or).
Removed top 16 bits (of 32) from port A of cell cap_pdb_parallel_compact_allocation_engine.$or$cap_pdb_parallel_compact_engine.sv:160$3050 ($or).
Removed top 1 bits (of 4) from port B of cell cap_pdb_parallel_compact_allocation_engine.$eq$cap_pdb_parallel_compact_engine.sv:177$3052 ($eq).
Removed top 1 bits (of 32) from port A of cell cap_pdb_parallel_compact_allocation_engine.$or$cap_pdb_parallel_compact_engine.sv:144$3068 ($or).
Removed top 2 bits (of 32) from port A of cell cap_pdb_parallel_compact_allocation_engine.$or$cap_pdb_parallel_compact_engine.sv:148$3074 ($or).
Removed top 4 bits (of 32) from port A of cell cap_pdb_parallel_compact_allocation_engine.$or$cap_pdb_parallel_compact_engine.sv:152$3080 ($or).
Removed top 8 bits (of 32) from port A of cell cap_pdb_parallel_compact_allocation_engine.$or$cap_pdb_parallel_compact_engine.sv:156$3086 ($or).
Removed top 16 bits (of 32) from port A of cell cap_pdb_parallel_compact_allocation_engine.$or$cap_pdb_parallel_compact_engine.sv:160$3090 ($or).
Removed top 1 bits (of 32) from port A of cell cap_pdb_parallel_compact_allocation_engine.$or$cap_pdb_parallel_compact_engine.sv:144$3108 ($or).
Removed top 2 bits (of 32) from port A of cell cap_pdb_parallel_compact_allocation_engine.$or$cap_pdb_parallel_compact_engine.sv:148$3114 ($or).
Removed top 4 bits (of 32) from port A of cell cap_pdb_parallel_compact_allocation_engine.$or$cap_pdb_parallel_compact_engine.sv:152$3120 ($or).
Removed top 8 bits (of 32) from port A of cell cap_pdb_parallel_compact_allocation_engine.$or$cap_pdb_parallel_compact_engine.sv:156$3126 ($or).
Removed top 16 bits (of 32) from port A of cell cap_pdb_parallel_compact_allocation_engine.$or$cap_pdb_parallel_compact_engine.sv:160$3130 ($or).
Removed top 1 bits (of 32) from port A of cell cap_pdb_parallel_compact_allocation_engine.$or$cap_pdb_parallel_compact_engine.sv:144$3148 ($or).
Removed top 2 bits (of 32) from port A of cell cap_pdb_parallel_compact_allocation_engine.$or$cap_pdb_parallel_compact_engine.sv:148$3154 ($or).
Removed top 4 bits (of 32) from port A of cell cap_pdb_parallel_compact_allocation_engine.$or$cap_pdb_parallel_compact_engine.sv:152$3160 ($or).
Removed top 8 bits (of 32) from port A of cell cap_pdb_parallel_compact_allocation_engine.$or$cap_pdb_parallel_compact_engine.sv:156$3166 ($or).
Removed top 16 bits (of 32) from port A of cell cap_pdb_parallel_compact_allocation_engine.$or$cap_pdb_parallel_compact_engine.sv:160$3170 ($or).
Removed top 1 bits (of 32) from port A of cell cap_pdb_parallel_compact_allocation_engine.$or$cap_pdb_parallel_compact_engine.sv:144$3188 ($or).
Removed top 2 bits (of 32) from port A of cell cap_pdb_parallel_compact_allocation_engine.$or$cap_pdb_parallel_compact_engine.sv:148$3194 ($or).
Removed top 4 bits (of 32) from port A of cell cap_pdb_parallel_compact_allocation_engine.$or$cap_pdb_parallel_compact_engine.sv:152$3200 ($or).
Removed top 8 bits (of 32) from port A of cell cap_pdb_parallel_compact_allocation_engine.$or$cap_pdb_parallel_compact_engine.sv:156$3206 ($or).
Removed top 16 bits (of 32) from port A of cell cap_pdb_parallel_compact_allocation_engine.$or$cap_pdb_parallel_compact_engine.sv:160$3210 ($or).
Removed top 1 bits (of 32) from port A of cell cap_pdb_parallel_compact_allocation_engine.$or$cap_pdb_parallel_compact_engine.sv:144$3228 ($or).
Removed top 2 bits (of 32) from port A of cell cap_pdb_parallel_compact_allocation_engine.$or$cap_pdb_parallel_compact_engine.sv:148$3234 ($or).
Removed top 4 bits (of 32) from port A of cell cap_pdb_parallel_compact_allocation_engine.$or$cap_pdb_parallel_compact_engine.sv:152$3240 ($or).
Removed top 8 bits (of 32) from port A of cell cap_pdb_parallel_compact_allocation_engine.$or$cap_pdb_parallel_compact_engine.sv:156$3246 ($or).
Removed top 16 bits (of 32) from port A of cell cap_pdb_parallel_compact_allocation_engine.$or$cap_pdb_parallel_compact_engine.sv:160$3250 ($or).
Removed top 1 bits (of 32) from port A of cell cap_pdb_parallel_compact_allocation_engine.$or$cap_pdb_parallel_compact_engine.sv:144$3268 ($or).
Removed top 2 bits (of 32) from port A of cell cap_pdb_parallel_compact_allocation_engine.$or$cap_pdb_parallel_compact_engine.sv:148$3274 ($or).
Removed top 4 bits (of 32) from port A of cell cap_pdb_parallel_compact_allocation_engine.$or$cap_pdb_parallel_compact_engine.sv:152$3280 ($or).
Removed top 8 bits (of 32) from port A of cell cap_pdb_parallel_compact_allocation_engine.$or$cap_pdb_parallel_compact_engine.sv:156$3286 ($or).
Removed top 16 bits (of 32) from port A of cell cap_pdb_parallel_compact_allocation_engine.$or$cap_pdb_parallel_compact_engine.sv:160$3290 ($or).
Removed top 7 bits (of 24) from wire cap_pdb_parallel_compact_allocation_engine.$add$cap_pdb_parallel_compact_engine.sv:245$2671_Y.
Removed top 6 bits (of 24) from wire cap_pdb_parallel_compact_allocation_engine.$add$cap_pdb_parallel_compact_engine.sv:245$2674_Y.
Removed top 5 bits (of 24) from wire cap_pdb_parallel_compact_allocation_engine.$add$cap_pdb_parallel_compact_engine.sv:245$2677_Y.
Removed top 4 bits (of 24) from wire cap_pdb_parallel_compact_allocation_engine.$add$cap_pdb_parallel_compact_engine.sv:245$2680_Y.
Removed top 3 bits (of 24) from wire cap_pdb_parallel_compact_allocation_engine.$add$cap_pdb_parallel_compact_engine.sv:245$2683_Y.
Removed top 2 bits (of 24) from wire cap_pdb_parallel_compact_allocation_engine.$add$cap_pdb_parallel_compact_engine.sv:245$2686_Y.
Removed top 1 bits (of 24) from wire cap_pdb_parallel_compact_allocation_engine.$add$cap_pdb_parallel_compact_engine.sv:245$2689_Y.

5.14. Executing PEEPOPT pass (run peephole optimizers).

5.15. Executing OPT_CLEAN pass (remove unused cells and wires).
Finding unused cells or wires in module \cap_pdb_parallel_compact_allocation_engine..
Finding unused cells or wires in module $paramod$cbc3189b30a0f0ae8c16e45df15b3f5a54303a8f\cap_pdb_masked_min32..
Finding unused cells or wires in module $paramod$b5bfe1d4fce40940586b6e35fec61194ae5a8fde\cap_pdb_state_wide_bank..
Removed 0 unused cells and 8 unused wires.
<suppressed ~1 debug messages>

5.16. Executing PMUX2SHIFTX pass.

5.17. Executing SORT pass.

5.18. Executing MEMORY_DFF pass (merging $dff cells to $memrd).
Checking read port `\memory'[0] in module `$paramod$b5bfe1d4fce40940586b6e35fec61194ae5a8fde\cap_pdb_state_wide_bank': merging output FF to cell.
    Write port 0: non-transparent.

5.19. Executing TECHMAP pass (map to technology primitives).

5.19.1. Executing Verilog-2005 frontend: /share/mul2dsp.v
Parsing Verilog input from `/share/mul2dsp.v' to AST representation.
Generating RTLIL representation for module `\_80_mul'.
Generating RTLIL representation for module `\_90_soft_mul'.
Successfully finished Verilog frontend.

5.19.2. Executing Verilog-2005 frontend: /share/xilinx/xc7_dsp_map.v
Parsing Verilog input from `/share/xilinx/xc7_dsp_map.v' to AST representation.
Generating RTLIL representation for module `$__MUL25X18'.
Successfully finished Verilog frontend.

5.19.3. Continuing TECHMAP pass.
No more expansions possible.
<suppressed ~5 debug messages>

5.20. Executing OPT_EXPR pass (perform const folding).

5.21. Executing WREDUCE pass (reducing word size of cells).

5.22. Executing XILINX_DSP pass (pack resources into DSPs).

5.23. Executing TECHMAP pass (map to technology primitives).

5.23.1. Executing Verilog-2005 frontend: /share/cmp2lut.v
Parsing Verilog input from `/share/cmp2lut.v' to AST representation.
Generating RTLIL representation for module `\_90_lut_cmp_'.
Successfully finished Verilog frontend.

5.23.2. Executing Verilog-2005 frontend: /share/cmp2lcu.v
Parsing Verilog input from `/share/cmp2lcu.v' to AST representation.
Generating RTLIL representation for module `\_80_lcu_cmp_'.
Generating RTLIL representation for module `$__CMP2LCU'.
Successfully finished Verilog frontend.

5.23.3. Continuing TECHMAP pass.
Using template $paramod$259894106d2ad198d0d04618b21dd2497b1cfb96\_80_lcu_cmp_ for cells of type $lt.
Using template $paramod$7471c16ccde3ba74bc45d1b0191ea15669d59841\_80_lcu_cmp_ for cells of type $gt.
Using template $paramod$7ba114902243d21bd55ce01b611b70b410e2e654$__CMP2LCU for cells of type $__CMP2LCU.
Using template $paramod$31b1a571242f9f4829f81336a5502c11fcf7a47e$__CMP2LCU for cells of type $__CMP2LCU.
Using template $paramod$7122c373bb4ab1d7b945a769762d7fa3026e99fd$__CMP2LCU for cells of type $__CMP2LCU.
Using template $paramod$68e7ca95ca1d435d5aa6b2e401153157bceeb4a1$__CMP2LCU for cells of type $__CMP2LCU.
Using template $paramod$1ce9fe9e230307a292c219ac14dd22cc37330d2f$__CMP2LCU for cells of type $__CMP2LCU.
Using template $paramod$0de3d8274f0197fb77c79bd31785e7ea6542f21b$__CMP2LCU for cells of type $__CMP2LCU.
Using template $paramod$84911796413521a630725231ea17edc1fc0dcf02$__CMP2LCU for cells of type $__CMP2LCU.
Using template $paramod$5eb4a0dbaf2222b6ef39dcca85e4741982855102$__CMP2LCU for cells of type $__CMP2LCU.
Using template $paramod$7c1994b5db40c652af589ec588d8f67a62bd9380$__CMP2LCU for cells of type $__CMP2LCU.
Using template $paramod$a60672850351e0dbeb479fc7362697b4565fb452$__CMP2LCU for cells of type $__CMP2LCU.
Using template $paramod$9c853ba77d3a615418bb2553d15b3c214f8d2525$__CMP2LCU for cells of type $__CMP2LCU.
Using template $paramod$cec77f66a4d8897a287b98157b2c8a8e9c5f9dd0$__CMP2LCU for cells of type $__CMP2LCU.
Using template $paramod$8157e526e0cb4739ae7b3fdd730271b7acde68f0$__CMP2LCU for cells of type $__CMP2LCU.
Using template $paramod$58cbbacf63264ad79714b909f7dcafd3ccbc957c$__CMP2LCU for cells of type $__CMP2LCU.
Using template $paramod$3163fe788e80b2c48455a5eff67ff379a8db8576$__CMP2LCU for cells of type $__CMP2LCU.
Using template $paramod$eb3e785e88f4d5608f1252b704619f0d061620e9$__CMP2LCU for cells of type $__CMP2LCU.
Using template $paramod$f91eb00affa8600780b6c3973d8a69ce06d163df$__CMP2LCU for cells of type $__CMP2LCU.
Using template $paramod$c3f23b5bb0a3ce78bf2fdfe159e34ea69a3cb907$__CMP2LCU for cells of type $__CMP2LCU.
Using template $paramod$5b6ae47d72852e5de4f8381bc51b0a64939f86a0$__CMP2LCU for cells of type $__CMP2LCU.
Using template $paramod$8260b90de545e2d4ced5fd3634cc52b27f0c4454$__CMP2LCU for cells of type $__CMP2LCU.
Using template $paramod$62fadfd2b95ee4a1ee0b935e9b4ba08c94989766$__CMP2LCU for cells of type $__CMP2LCU.
Using template $paramod$958978196da32f112a582668a1d7787b67706636$__CMP2LCU for cells of type $__CMP2LCU.
No more expansions possible.
<suppressed ~1655 debug messages>

5.24. Executing ALUMACC pass (create $alu and $macc cells).
Extracting $alu and $macc cells in module $paramod$b5bfe1d4fce40940586b6e35fec61194ae5a8fde\cap_pdb_state_wide_bank:
  created 0 $alu and 0 $macc cells.
Extracting $alu and $macc cells in module $paramod$cbc3189b30a0f0ae8c16e45df15b3f5a54303a8f\cap_pdb_masked_min32:
  created 0 $alu and 0 $macc cells.
Extracting $alu and $macc cells in module cap_pdb_parallel_compact_allocation_engine:
  creating $macc model for $add$cap_pdb_parallel_compact_engine.sv:218$1418 ($add).
  creating $macc model for $add$cap_pdb_parallel_compact_engine.sv:218$1424 ($add).
  creating $macc model for $add$cap_pdb_parallel_compact_engine.sv:218$1430 ($add).
  creating $macc model for $add$cap_pdb_parallel_compact_engine.sv:218$1436 ($add).
  creating $macc model for $add$cap_pdb_parallel_compact_engine.sv:218$1442 ($add).
  creating $macc model for $add$cap_pdb_parallel_compact_engine.sv:218$1448 ($add).
  creating $macc model for $add$cap_pdb_parallel_compact_engine.sv:218$1454 ($add).
  creating $macc model for $add$cap_pdb_parallel_compact_engine.sv:218$1460 ($add).
  creating $macc model for $add$cap_pdb_parallel_compact_engine.sv:218$1466 ($add).
  creating $macc model for $add$cap_pdb_parallel_compact_engine.sv:218$1472 ($add).
  creating $macc model for $add$cap_pdb_parallel_compact_engine.sv:218$1478 ($add).
  creating $macc model for $add$cap_pdb_parallel_compact_engine.sv:218$1484 ($add).
  creating $macc model for $add$cap_pdb_parallel_compact_engine.sv:218$1490 ($add).
  creating $macc model for $add$cap_pdb_parallel_compact_engine.sv:218$1496 ($add).
  creating $macc model for $add$cap_pdb_parallel_compact_engine.sv:218$1502 ($add).
  creating $macc model for $add$cap_pdb_parallel_compact_engine.sv:218$1508 ($add).
  creating $macc model for $add$cap_pdb_parallel_compact_engine.sv:218$1514 ($add).
  creating $macc model for $add$cap_pdb_parallel_compact_engine.sv:218$1520 ($add).
  creating $macc model for $add$cap_pdb_parallel_compact_engine.sv:218$1526 ($add).
  creating $macc model for $add$cap_pdb_parallel_compact_engine.sv:218$1532 ($add).
  creating $macc model for $add$cap_pdb_parallel_compact_engine.sv:218$1538 ($add).
  creating $macc model for $add$cap_pdb_parallel_compact_engine.sv:218$1544 ($add).
  creating $macc model for $add$cap_pdb_parallel_compact_engine.sv:218$1550 ($add).
  creating $macc model for $add$cap_pdb_parallel_compact_engine.sv:218$1556 ($add).
  creating $macc model for $add$cap_pdb_parallel_compact_engine.sv:218$1562 ($add).
  creating $macc model for $add$cap_pdb_parallel_compact_engine.sv:218$1568 ($add).
  creating $macc model for $add$cap_pdb_parallel_compact_engine.sv:218$1574 ($add).
  creating $macc model for $add$cap_pdb_parallel_compact_engine.sv:218$1580 ($add).
  creating $macc model for $add$cap_pdb_parallel_compact_engine.sv:218$1586 ($add).
  creating $macc model for $add$cap_pdb_parallel_compact_engine.sv:218$1592 ($add).
  creating $macc model for $add$cap_pdb_parallel_compact_engine.sv:218$1598 ($add).
  creating $macc model for $add$cap_pdb_parallel_compact_engine.sv:218$1604 ($add).
  creating $macc model for $add$cap_pdb_parallel_compact_engine.sv:218$1610 ($add).
  creating $macc model for $add$cap_pdb_parallel_compact_engine.sv:218$1616 ($add).
  creating $macc model for $add$cap_pdb_parallel_compact_engine.sv:218$1622 ($add).
  creating $macc model for $add$cap_pdb_parallel_compact_engine.sv:218$1628 ($add).
  creating $macc model for $add$cap_pdb_parallel_compact_engine.sv:218$1634 ($add).
  creating $macc model for $add$cap_pdb_parallel_compact_engine.sv:218$1640 ($add).
  creating $macc model for $add$cap_pdb_parallel_compact_engine.sv:218$1646 ($add).
  creating $macc model for $add$cap_pdb_parallel_compact_engine.sv:218$1652 ($add).
  creating $macc model for $add$cap_pdb_parallel_compact_engine.sv:218$1658 ($add).
  creating $macc model for $add$cap_pdb_parallel_compact_engine.sv:218$1664 ($add).
  creating $macc model for $add$cap_pdb_parallel_compact_engine.sv:218$1670 ($add).
  creating $macc model for $add$cap_pdb_parallel_compact_engine.sv:218$1676 ($add).
  creating $macc model for $add$cap_pdb_parallel_compact_engine.sv:218$1682 ($add).
  creating $macc model for $add$cap_pdb_parallel_compact_engine.sv:218$1688 ($add).
  creating $macc model for $add$cap_pdb_parallel_compact_engine.sv:218$1694 ($add).
  creating $macc model for $add$cap_pdb_parallel_compact_engine.sv:218$1700 ($add).
  creating $macc model for $add$cap_pdb_parallel_compact_engine.sv:218$1706 ($add).
  creating $macc model for $add$cap_pdb_parallel_compact_engine.sv:218$1712 ($add).
  creating $macc model for $add$cap_pdb_parallel_compact_engine.sv:218$1718 ($add).
  creating $macc model for $add$cap_pdb_parallel_compact_engine.sv:218$1724 ($add).
  creating $macc model for $add$cap_pdb_parallel_compact_engine.sv:218$1730 ($add).
  creating $macc model for $add$cap_pdb_parallel_compact_engine.sv:218$1736 ($add).
  creating $macc model for $add$cap_pdb_parallel_compact_engine.sv:218$1742 ($add).
  creating $macc model for $add$cap_pdb_parallel_compact_engine.sv:218$1748 ($add).
  creating $macc model for $add$cap_pdb_parallel_compact_engine.sv:218$1754 ($add).
  creating $macc model for $add$cap_pdb_parallel_compact_engine.sv:218$1760 ($add).
  creating $macc model for $add$cap_pdb_parallel_compact_engine.sv:218$1766 ($add).
  creating $macc model for $add$cap_pdb_parallel_compact_engine.sv:218$1772 ($add).
  creating $macc model for $add$cap_pdb_parallel_compact_engine.sv:218$1778 ($add).
  creating $macc model for $add$cap_pdb_parallel_compact_engine.sv:218$1784 ($add).
  creating $macc model for $add$cap_pdb_parallel_compact_engine.sv:218$1790 ($add).
  creating $macc model for $add$cap_pdb_parallel_compact_engine.sv:218$1796 ($add).
  creating $macc model for $add$cap_pdb_parallel_compact_engine.sv:218$1802 ($add).
  creating $macc model for $add$cap_pdb_parallel_compact_engine.sv:218$1808 ($add).
  creating $macc model for $add$cap_pdb_parallel_compact_engine.sv:218$1814 ($add).
  creating $macc model for $add$cap_pdb_parallel_compact_engine.sv:218$1820 ($add).
  creating $macc model for $add$cap_pdb_parallel_compact_engine.sv:218$1826 ($add).
  creating $macc model for $add$cap_pdb_parallel_compact_engine.sv:218$1832 ($add).
  creating $macc model for $add$cap_pdb_parallel_compact_engine.sv:218$1838 ($add).
  creating $macc model for $add$cap_pdb_parallel_compact_engine.sv:218$1844 ($add).
  creating $macc model for $add$cap_pdb_parallel_compact_engine.sv:218$1850 ($add).
  creating $macc model for $add$cap_pdb_parallel_compact_engine.sv:218$1856 ($add).
  creating $macc model for $add$cap_pdb_parallel_compact_engine.sv:218$1862 ($add).
  creating $macc model for $add$cap_pdb_parallel_compact_engine.sv:218$1868 ($add).
  creating $macc model for $add$cap_pdb_parallel_compact_engine.sv:218$1874 ($add).
  creating $macc model for $add$cap_pdb_parallel_compact_engine.sv:218$1880 ($add).
  creating $macc model for $add$cap_pdb_parallel_compact_engine.sv:218$1886 ($add).
  creating $macc model for $add$cap_pdb_parallel_compact_engine.sv:218$1892 ($add).
  creating $macc model for $add$cap_pdb_parallel_compact_engine.sv:218$1898 ($add).
  creating $macc model for $add$cap_pdb_parallel_compact_engine.sv:218$1904 ($add).
  creating $macc model for $add$cap_pdb_parallel_compact_engine.sv:218$1910 ($add).
  creating $macc model for $add$cap_pdb_parallel_compact_engine.sv:218$1916 ($add).
  creating $macc model for $add$cap_pdb_parallel_compact_engine.sv:218$1922 ($add).
  creating $macc model for $add$cap_pdb_parallel_compact_engine.sv:218$1928 ($add).
  creating $macc model for $add$cap_pdb_parallel_compact_engine.sv:218$1934 ($add).
  creating $macc model for $add$cap_pdb_parallel_compact_engine.sv:218$1940 ($add).
  creating $macc model for $add$cap_pdb_parallel_compact_engine.sv:218$1946 ($add).
  creating $macc model for $add$cap_pdb_parallel_compact_engine.sv:218$1952 ($add).
  creating $macc model for $add$cap_pdb_parallel_compact_engine.sv:218$1958 ($add).
  creating $macc model for $add$cap_pdb_parallel_compact_engine.sv:218$1964 ($add).
  creating $macc model for $add$cap_pdb_parallel_compact_engine.sv:218$1970 ($add).
  creating $macc model for $add$cap_pdb_parallel_compact_engine.sv:218$1976 ($add).
  creating $macc model for $add$cap_pdb_parallel_compact_engine.sv:218$1982 ($add).
  creating $macc model for $add$cap_pdb_parallel_compact_engine.sv:218$1988 ($add).
  creating $macc model for $add$cap_pdb_parallel_compact_engine.sv:218$1994 ($add).
  creating $macc model for $add$cap_pdb_parallel_compact_engine.sv:218$2000 ($add).
  creating $macc model for $add$cap_pdb_parallel_compact_engine.sv:218$2006 ($add).
  creating $macc model for $add$cap_pdb_parallel_compact_engine.sv:218$2012 ($add).
  creating $macc model for $add$cap_pdb_parallel_compact_engine.sv:218$2018 ($add).
  creating $macc model for $add$cap_pdb_parallel_compact_engine.sv:218$2024 ($add).
  creating $macc model for $add$cap_pdb_parallel_compact_engine.sv:218$2030 ($add).
  creating $macc model for $add$cap_pdb_parallel_compact_engine.sv:218$2036 ($add).
  creating $macc model for $add$cap_pdb_parallel_compact_engine.sv:218$2042 ($add).
  creating $macc model for $add$cap_pdb_parallel_compact_engine.sv:218$2048 ($add).
  creating $macc model for $add$cap_pdb_parallel_compact_engine.sv:218$2054 ($add).
  creating $macc model for $add$cap_pdb_parallel_compact_engine.sv:218$2060 ($add).
  creating $macc model for $add$cap_pdb_parallel_compact_engine.sv:218$2066 ($add).
  creating $macc model for $add$cap_pdb_parallel_compact_engine.sv:218$2072 ($add).
  creating $macc model for $add$cap_pdb_parallel_compact_engine.sv:218$2078 ($add).
  creating $macc model for $add$cap_pdb_parallel_compact_engine.sv:218$2084 ($add).
  creating $macc model for $add$cap_pdb_parallel_compact_engine.sv:218$2090 ($add).
  creating $macc model for $add$cap_pdb_parallel_compact_engine.sv:218$2096 ($add).
  creating $macc model for $add$cap_pdb_parallel_compact_engine.sv:218$2102 ($add).
  creating $macc model for $add$cap_pdb_parallel_compact_engine.sv:218$2108 ($add).
  creating $macc model for $add$cap_pdb_parallel_compact_engine.sv:218$2114 ($add).
  creating $macc model for $add$cap_pdb_parallel_compact_engine.sv:218$2120 ($add).
  creating $macc model for $add$cap_pdb_parallel_compact_engine.sv:218$2126 ($add).
  creating $macc model for $add$cap_pdb_parallel_compact_engine.sv:218$2132 ($add).
  creating $macc model for $add$cap_pdb_parallel_compact_engine.sv:218$2138 ($add).
  creating $macc model for $add$cap_pdb_parallel_compact_engine.sv:218$2144 ($add).
  creating $macc model for $add$cap_pdb_parallel_compact_engine.sv:218$2150 ($add).
  creating $macc model for $add$cap_pdb_parallel_compact_engine.sv:218$2156 ($add).
  creating $macc model for $add$cap_pdb_parallel_compact_engine.sv:218$2162 ($add).
  creating $macc model for $add$cap_pdb_parallel_compact_engine.sv:218$2168 ($add).
  creating $macc model for $add$cap_pdb_parallel_compact_engine.sv:218$2174 ($add).
  creating $macc model for $add$cap_pdb_parallel_compact_engine.sv:218$2180 ($add).
  creating $macc model for $add$cap_pdb_parallel_compact_engine.sv:218$2186 ($add).
  creating $macc model for $add$cap_pdb_parallel_compact_engine.sv:218$2192 ($add).
  creating $macc model for $add$cap_pdb_parallel_compact_engine.sv:218$2198 ($add).
  creating $macc model for $add$cap_pdb_parallel_compact_engine.sv:218$2204 ($add).
  creating $macc model for $add$cap_pdb_parallel_compact_engine.sv:218$2210 ($add).
  creating $macc model for $add$cap_pdb_parallel_compact_engine.sv:218$2216 ($add).
  creating $macc model for $add$cap_pdb_parallel_compact_engine.sv:218$2222 ($add).
  creating $macc model for $add$cap_pdb_parallel_compact_engine.sv:218$2228 ($add).
  creating $macc model for $add$cap_pdb_parallel_compact_engine.sv:218$2234 ($add).
  creating $macc model for $add$cap_pdb_parallel_compact_engine.sv:218$2240 ($add).
  creating $macc model for $add$cap_pdb_parallel_compact_engine.sv:218$2246 ($add).
  creating $macc model for $add$cap_pdb_parallel_compact_engine.sv:218$2252 ($add).
  creating $macc model for $add$cap_pdb_parallel_compact_engine.sv:218$2258 ($add).
  creating $macc model for $add$cap_pdb_parallel_compact_engine.sv:218$2264 ($add).
  creating $macc model for $add$cap_pdb_parallel_compact_engine.sv:218$2270 ($add).
  creating $macc model for $add$cap_pdb_parallel_compact_engine.sv:218$2276 ($add).
  creating $macc model for $add$cap_pdb_parallel_compact_engine.sv:218$2282 ($add).
  creating $macc model for $add$cap_pdb_parallel_compact_engine.sv:218$2288 ($add).
  creating $macc model for $add$cap_pdb_parallel_compact_engine.sv:218$2294 ($add).
  creating $macc model for $add$cap_pdb_parallel_compact_engine.sv:218$2300 ($add).
  creating $macc model for $add$cap_pdb_parallel_compact_engine.sv:218$2306 ($add).
  creating $macc model for $add$cap_pdb_parallel_compact_engine.sv:218$2312 ($add).
  creating $macc model for $add$cap_pdb_parallel_compact_engine.sv:218$2318 ($add).
  creating $macc model for $add$cap_pdb_parallel_compact_engine.sv:218$2324 ($add).
  creating $macc model for $add$cap_pdb_parallel_compact_engine.sv:218$2330 ($add).
  creating $macc model for $add$cap_pdb_parallel_compact_engine.sv:218$2336 ($add).
  creating $macc model for $add$cap_pdb_parallel_compact_engine.sv:218$2342 ($add).
  creating $macc model for $add$cap_pdb_parallel_compact_engine.sv:218$2348 ($add).
  creating $macc model for $add$cap_pdb_parallel_compact_engine.sv:218$2354 ($add).
  creating $macc model for $add$cap_pdb_parallel_compact_engine.sv:218$2360 ($add).
  creating $macc model for $add$cap_pdb_parallel_compact_engine.sv:218$2366 ($add).
  creating $macc model for $add$cap_pdb_parallel_compact_engine.sv:218$2372 ($add).
  creating $macc model for $add$cap_pdb_parallel_compact_engine.sv:218$2378 ($add).
  creating $macc model for $add$cap_pdb_parallel_compact_engine.sv:218$2384 ($add).
  creating $macc model for $add$cap_pdb_parallel_compact_engine.sv:218$2390 ($add).
  creating $macc model for $add$cap_pdb_parallel_compact_engine.sv:218$2396 ($add).
  creating $macc model for $add$cap_pdb_parallel_compact_engine.sv:218$2402 ($add).
  creating $macc model for $add$cap_pdb_parallel_compact_engine.sv:218$2408 ($add).
  creating $macc model for $add$cap_pdb_parallel_compact_engine.sv:218$2414 ($add).
  creating $macc model for $add$cap_pdb_parallel_compact_engine.sv:218$2420 ($add).
  creating $macc model for $add$cap_pdb_parallel_compact_engine.sv:218$2426 ($add).
  creating $macc model for $add$cap_pdb_parallel_compact_engine.sv:218$2432 ($add).
  creating $macc model for $add$cap_pdb_parallel_compact_engine.sv:218$2438 ($add).
  creating $macc model for $add$cap_pdb_parallel_compact_engine.sv:218$2444 ($add).
  creating $macc model for $add$cap_pdb_parallel_compact_engine.sv:218$2450 ($add).
  creating $macc model for $add$cap_pdb_parallel_compact_engine.sv:218$2456 ($add).
  creating $macc model for $add$cap_pdb_parallel_compact_engine.sv:218$2462 ($add).
  creating $macc model for $add$cap_pdb_parallel_compact_engine.sv:218$2468 ($add).
  creating $macc model for $add$cap_pdb_parallel_compact_engine.sv:218$2474 ($add).
  creating $macc model for $add$cap_pdb_parallel_compact_engine.sv:218$2480 ($add).
  creating $macc model for $add$cap_pdb_parallel_compact_engine.sv:218$2486 ($add).
  creating $macc model for $add$cap_pdb_parallel_compact_engine.sv:218$2492 ($add).
  creating $macc model for $add$cap_pdb_parallel_compact_engine.sv:218$2498 ($add).
  creating $macc model for $add$cap_pdb_parallel_compact_engine.sv:218$2504 ($add).
  creating $macc model for $add$cap_pdb_parallel_compact_engine.sv:218$2510 ($add).
  creating $macc model for $add$cap_pdb_parallel_compact_engine.sv:218$2516 ($add).
  creating $macc model for $add$cap_pdb_parallel_compact_engine.sv:218$2522 ($add).
  creating $macc model for $add$cap_pdb_parallel_compact_engine.sv:218$2528 ($add).
  creating $macc model for $add$cap_pdb_parallel_compact_engine.sv:218$2534 ($add).
  creating $macc model for $add$cap_pdb_parallel_compact_engine.sv:218$2540 ($add).
  creating $macc model for $add$cap_pdb_parallel_compact_engine.sv:218$2546 ($add).
  creating $macc model for $add$cap_pdb_parallel_compact_engine.sv:218$2552 ($add).
  creating $macc model for $add$cap_pdb_parallel_compact_engine.sv:218$2558 ($add).
  creating $macc model for $add$cap_pdb_parallel_compact_engine.sv:218$2564 ($add).
  creating $macc model for $add$cap_pdb_parallel_compact_engine.sv:218$2570 ($add).
  creating $macc model for $add$cap_pdb_parallel_compact_engine.sv:218$2576 ($add).
  creating $macc model for $add$cap_pdb_parallel_compact_engine.sv:218$2582 ($add).
  creating $macc model for $add$cap_pdb_parallel_compact_engine.sv:218$2588 ($add).
  creating $macc model for $add$cap_pdb_parallel_compact_engine.sv:218$2594 ($add).
  creating $macc model for $add$cap_pdb_parallel_compact_engine.sv:218$2600 ($add).
  creating $macc model for $add$cap_pdb_parallel_compact_engine.sv:218$2606 ($add).
  creating $macc model for $add$cap_pdb_parallel_compact_engine.sv:218$2612 ($add).
  creating $macc model for $add$cap_pdb_parallel_compact_engine.sv:218$2618 ($add).
  creating $macc model for $add$cap_pdb_parallel_compact_engine.sv:218$2624 ($add).
  creating $macc model for $add$cap_pdb_parallel_compact_engine.sv:218$2630 ($add).
  creating $macc model for $add$cap_pdb_parallel_compact_engine.sv:218$2636 ($add).
  creating $macc model for $add$cap_pdb_parallel_compact_engine.sv:218$2642 ($add).
  creating $macc model for $add$cap_pdb_parallel_compact_engine.sv:218$2648 ($add).
  creating $macc model for $add$cap_pdb_parallel_compact_engine.sv:218$2654 ($add).
  creating $macc model for $add$cap_pdb_parallel_compact_engine.sv:218$2660 ($add).
  creating $macc model for $add$cap_pdb_parallel_compact_engine.sv:245$2671 ($add).
  creating $macc model for $add$cap_pdb_parallel_compact_engine.sv:245$2674 ($add).
  creating $macc model for $add$cap_pdb_parallel_compact_engine.sv:245$2677 ($add).
  creating $macc model for $add$cap_pdb_parallel_compact_engine.sv:245$2680 ($add).
  creating $macc model for $add$cap_pdb_parallel_compact_engine.sv:245$2683 ($add).
  creating $macc model for $add$cap_pdb_parallel_compact_engine.sv:245$2686 ($add).
  creating $macc model for $add$cap_pdb_parallel_compact_engine.sv:245$2689 ($add).
  creating $macc model for $add$cap_pdb_parallel_compact_engine.sv:245$2692 ($add).
  creating $macc model for $add$cap_pdb_parallel_compact_engine.sv:245$2695 ($add).
  creating $macc model for $add$cap_pdb_parallel_compact_engine.sv:245$2698 ($add).
  creating $macc model for $add$cap_pdb_parallel_compact_engine.sv:245$2701 ($add).
  creating $macc model for $add$cap_pdb_parallel_compact_engine.sv:245$2704 ($add).
  creating $macc model for $add$cap_pdb_parallel_compact_engine.sv:264$2706 ($add).
  creating $macc model for $add$cap_pdb_parallel_compact_engine.sv:166$1415 ($add).
  merging $macc model for $add$cap_pdb_parallel_compact_engine.sv:245$2701 into $add$cap_pdb_parallel_compact_engine.sv:245$2704.
  merging $macc model for $add$cap_pdb_parallel_compact_engine.sv:245$2698 into $add$cap_pdb_parallel_compact_engine.sv:245$2704.
  merging $macc model for $add$cap_pdb_parallel_compact_engine.sv:245$2695 into $add$cap_pdb_parallel_compact_engine.sv:245$2704.
  merging $macc model for $add$cap_pdb_parallel_compact_engine.sv:245$2692 into $add$cap_pdb_parallel_compact_engine.sv:245$2704.
  merging $macc model for $add$cap_pdb_parallel_compact_engine.sv:245$2689 into $add$cap_pdb_parallel_compact_engine.sv:245$2704.
  merging $macc model for $add$cap_pdb_parallel_compact_engine.sv:245$2686 into $add$cap_pdb_parallel_compact_engine.sv:245$2704.
  merging $macc model for $add$cap_pdb_parallel_compact_engine.sv:245$2683 into $add$cap_pdb_parallel_compact_engine.sv:245$2704.
  merging $macc model for $add$cap_pdb_parallel_compact_engine.sv:245$2680 into $add$cap_pdb_parallel_compact_engine.sv:245$2704.
  merging $macc model for $add$cap_pdb_parallel_compact_engine.sv:245$2677 into $add$cap_pdb_parallel_compact_engine.sv:245$2704.
  merging $macc model for $add$cap_pdb_parallel_compact_engine.sv:245$2674 into $add$cap_pdb_parallel_compact_engine.sv:245$2704.
  merging $macc model for $add$cap_pdb_parallel_compact_engine.sv:245$2671 into $add$cap_pdb_parallel_compact_engine.sv:245$2704.
  creating $alu model for $macc $add$cap_pdb_parallel_compact_engine.sv:264$2706.
  creating $alu model for $macc $add$cap_pdb_parallel_compact_engine.sv:166$1415.
  creating $alu model for $macc $add$cap_pdb_parallel_compact_engine.sv:218$2660.
  creating $alu model for $macc $add$cap_pdb_parallel_compact_engine.sv:218$2654.
  creating $alu model for $macc $add$cap_pdb_parallel_compact_engine.sv:218$2648.
  creating $alu model for $macc $add$cap_pdb_parallel_compact_engine.sv:218$2642.
  creating $alu model for $macc $add$cap_pdb_parallel_compact_engine.sv:218$2636.
  creating $alu model for $macc $add$cap_pdb_parallel_compact_engine.sv:218$2630.
  creating $alu model for $macc $add$cap_pdb_parallel_compact_engine.sv:218$2624.
  creating $alu model for $macc $add$cap_pdb_parallel_compact_engine.sv:218$2618.
  creating $alu model for $macc $add$cap_pdb_parallel_compact_engine.sv:218$2612.
  creating $alu model for $macc $add$cap_pdb_parallel_compact_engine.sv:218$2606.
  creating $alu model for $macc $add$cap_pdb_parallel_compact_engine.sv:218$2600.
  creating $alu model for $macc $add$cap_pdb_parallel_compact_engine.sv:218$2594.
  creating $alu model for $macc $add$cap_pdb_parallel_compact_engine.sv:218$2588.
  creating $alu model for $macc $add$cap_pdb_parallel_compact_engine.sv:218$2582.
  creating $alu model for $macc $add$cap_pdb_parallel_compact_engine.sv:218$2576.
  creating $alu model for $macc $add$cap_pdb_parallel_compact_engine.sv:218$2570.
  creating $alu model for $macc $add$cap_pdb_parallel_compact_engine.sv:218$2564.
  creating $alu model for $macc $add$cap_pdb_parallel_compact_engine.sv:218$2558.
  creating $alu model for $macc $add$cap_pdb_parallel_compact_engine.sv:218$2552.
  creating $alu model for $macc $add$cap_pdb_parallel_compact_engine.sv:218$2546.
  creating $alu model for $macc $add$cap_pdb_parallel_compact_engine.sv:218$2540.
  creating $alu model for $macc $add$cap_pdb_parallel_compact_engine.sv:218$2534.
  creating $alu model for $macc $add$cap_pdb_parallel_compact_engine.sv:218$2528.
  creating $alu model for $macc $add$cap_pdb_parallel_compact_engine.sv:218$2522.
  creating $alu model for $macc $add$cap_pdb_parallel_compact_engine.sv:218$2516.
  creating $alu model for $macc $add$cap_pdb_parallel_compact_engine.sv:218$2510.
  creating $alu model for $macc $add$cap_pdb_parallel_compact_engine.sv:218$2504.
  creating $alu model for $macc $add$cap_pdb_parallel_compact_engine.sv:218$2498.
  creating $alu model for $macc $add$cap_pdb_parallel_compact_engine.sv:218$2492.
  creating $alu model for $macc $add$cap_pdb_parallel_compact_engine.sv:218$2486.
  creating $alu model for $macc $add$cap_pdb_parallel_compact_engine.sv:218$2480.
  creating $alu model for $macc $add$cap_pdb_parallel_compact_engine.sv:218$2474.
  creating $alu model for $macc $add$cap_pdb_parallel_compact_engine.sv:218$2468.
  creating $alu model for $macc $add$cap_pdb_parallel_compact_engine.sv:218$2462.
  creating $alu model for $macc $add$cap_pdb_parallel_compact_engine.sv:218$2456.
  creating $alu model for $macc $add$cap_pdb_parallel_compact_engine.sv:218$2450.
  creating $alu model for $macc $add$cap_pdb_parallel_compact_engine.sv:218$2444.
  creating $alu model for $macc $add$cap_pdb_parallel_compact_engine.sv:218$2438.
  creating $alu model for $macc $add$cap_pdb_parallel_compact_engine.sv:218$2432.
  creating $alu model for $macc $add$cap_pdb_parallel_compact_engine.sv:218$2426.
  creating $alu model for $macc $add$cap_pdb_parallel_compact_engine.sv:218$2420.
  creating $alu model for $macc $add$cap_pdb_parallel_compact_engine.sv:218$2414.
  creating $alu model for $macc $add$cap_pdb_parallel_compact_engine.sv:218$2408.
  creating $alu model for $macc $add$cap_pdb_parallel_compact_engine.sv:218$2402.
  creating $alu model for $macc $add$cap_pdb_parallel_compact_engine.sv:218$2396.
  creating $alu model for $macc $add$cap_pdb_parallel_compact_engine.sv:218$2390.
  creating $alu model for $macc $add$cap_pdb_parallel_compact_engine.sv:218$2384.
  creating $alu model for $macc $add$cap_pdb_parallel_compact_engine.sv:218$2378.
  creating $alu model for $macc $add$cap_pdb_parallel_compact_engine.sv:218$2372.
  creating $alu model for $macc $add$cap_pdb_parallel_compact_engine.sv:218$2366.
  creating $alu model for $macc $add$cap_pdb_parallel_compact_engine.sv:218$2360.
  creating $alu model for $macc $add$cap_pdb_parallel_compact_engine.sv:218$2354.
  creating $alu model for $macc $add$cap_pdb_parallel_compact_engine.sv:218$2348.
  creating $alu model for $macc $add$cap_pdb_parallel_compact_engine.sv:218$2342.
  creating $alu model for $macc $add$cap_pdb_parallel_compact_engine.sv:218$2336.
  creating $alu model for $macc $add$cap_pdb_parallel_compact_engine.sv:218$2330.
  creating $alu model for $macc $add$cap_pdb_parallel_compact_engine.sv:218$2324.
  creating $alu model for $macc $add$cap_pdb_parallel_compact_engine.sv:218$2318.
  creating $alu model for $macc $add$cap_pdb_parallel_compact_engine.sv:218$2312.
  creating $alu model for $macc $add$cap_pdb_parallel_compact_engine.sv:218$2306.
  creating $alu model for $macc $add$cap_pdb_parallel_compact_engine.sv:218$2300.
  creating $alu model for $macc $add$cap_pdb_parallel_compact_engine.sv:218$2294.
  creating $alu model for $macc $add$cap_pdb_parallel_compact_engine.sv:218$2288.
  creating $alu model for $macc $add$cap_pdb_parallel_compact_engine.sv:218$2282.
  creating $alu model for $macc $add$cap_pdb_parallel_compact_engine.sv:218$2276.
  creating $alu model for $macc $add$cap_pdb_parallel_compact_engine.sv:218$2270.
  creating $alu model for $macc $add$cap_pdb_parallel_compact_engine.sv:218$2264.
  creating $alu model for $macc $add$cap_pdb_parallel_compact_engine.sv:218$2258.
  creating $alu model for $macc $add$cap_pdb_parallel_compact_engine.sv:218$2252.
  creating $alu model for $macc $add$cap_pdb_parallel_compact_engine.sv:218$2246.
  creating $alu model for $macc $add$cap_pdb_parallel_compact_engine.sv:218$2240.
  creating $alu model for $macc $add$cap_pdb_parallel_compact_engine.sv:218$2234.
  creating $alu model for $macc $add$cap_pdb_parallel_compact_engine.sv:218$2228.
  creating $alu model for $macc $add$cap_pdb_parallel_compact_engine.sv:218$2222.
  creating $alu model for $macc $add$cap_pdb_parallel_compact_engine.sv:218$2216.
  creating $alu model for $macc $add$cap_pdb_parallel_compact_engine.sv:218$2210.
  creating $alu model for $macc $add$cap_pdb_parallel_compact_engine.sv:218$2204.
  creating $alu model for $macc $add$cap_pdb_parallel_compact_engine.sv:218$2198.
  creating $alu model for $macc $add$cap_pdb_parallel_compact_engine.sv:218$2192.
  creating $alu model for $macc $add$cap_pdb_parallel_compact_engine.sv:218$2186.
  creating $alu model for $macc $add$cap_pdb_parallel_compact_engine.sv:218$2180.
  creating $alu model for $macc $add$cap_pdb_parallel_compact_engine.sv:218$2174.
  creating $alu model for $macc $add$cap_pdb_parallel_compact_engine.sv:218$2168.
  creating $alu model for $macc $add$cap_pdb_parallel_compact_engine.sv:218$2162.
  creating $alu model for $macc $add$cap_pdb_parallel_compact_engine.sv:218$2156.
  creating $alu model for $macc $add$cap_pdb_parallel_compact_engine.sv:218$2150.
  creating $alu model for $macc $add$cap_pdb_parallel_compact_engine.sv:218$2144.
  creating $alu model for $macc $add$cap_pdb_parallel_compact_engine.sv:218$2138.
  creating $alu model for $macc $add$cap_pdb_parallel_compact_engine.sv:218$2132.
  creating $alu model for $macc $add$cap_pdb_parallel_compact_engine.sv:218$2126.
  creating $alu model for $macc $add$cap_pdb_parallel_compact_engine.sv:218$2120.
  creating $alu model for $macc $add$cap_pdb_parallel_compact_engine.sv:218$2114.
  creating $alu model for $macc $add$cap_pdb_parallel_compact_engine.sv:218$2108.
  creating $alu model for $macc $add$cap_pdb_parallel_compact_engine.sv:218$2102.
  creating $alu model for $macc $add$cap_pdb_parallel_compact_engine.sv:218$2096.
  creating $alu model for $macc $add$cap_pdb_parallel_compact_engine.sv:218$2090.
  creating $alu model for $macc $add$cap_pdb_parallel_compact_engine.sv:218$2084.
  creating $alu model for $macc $add$cap_pdb_parallel_compact_engine.sv:218$2078.
  creating $alu model for $macc $add$cap_pdb_parallel_compact_engine.sv:218$2072.
  creating $alu model for $macc $add$cap_pdb_parallel_compact_engine.sv:218$2066.
  creating $alu model for $macc $add$cap_pdb_parallel_compact_engine.sv:218$2060.
  creating $alu model for $macc $add$cap_pdb_parallel_compact_engine.sv:218$2054.
  creating $alu model for $macc $add$cap_pdb_parallel_compact_engine.sv:218$2048.
  creating $alu model for $macc $add$cap_pdb_parallel_compact_engine.sv:218$2042.
  creating $alu model for $macc $add$cap_pdb_parallel_compact_engine.sv:218$2036.
  creating $alu model for $macc $add$cap_pdb_parallel_compact_engine.sv:218$2030.
  creating $alu model for $macc $add$cap_pdb_parallel_compact_engine.sv:218$2024.
  creating $alu model for $macc $add$cap_pdb_parallel_compact_engine.sv:218$2018.
  creating $alu model for $macc $add$cap_pdb_parallel_compact_engine.sv:218$2012.
  creating $alu model for $macc $add$cap_pdb_parallel_compact_engine.sv:218$2006.
  creating $alu model for $macc $add$cap_pdb_parallel_compact_engine.sv:218$2000.
  creating $alu model for $macc $add$cap_pdb_parallel_compact_engine.sv:218$1994.
  creating $alu model for $macc $add$cap_pdb_parallel_compact_engine.sv:218$1988.
  creating $alu model for $macc $add$cap_pdb_parallel_compact_engine.sv:218$1982.
  creating $alu model for $macc $add$cap_pdb_parallel_compact_engine.sv:218$1976.
  creating $alu model for $macc $add$cap_pdb_parallel_compact_engine.sv:218$1970.
  creating $alu model for $macc $add$cap_pdb_parallel_compact_engine.sv:218$1964.
  creating $alu model for $macc $add$cap_pdb_parallel_compact_engine.sv:218$1958.
  creating $alu model for $macc $add$cap_pdb_parallel_compact_engine.sv:218$1952.
  creating $alu model for $macc $add$cap_pdb_parallel_compact_engine.sv:218$1946.
  creating $alu model for $macc $add$cap_pdb_parallel_compact_engine.sv:218$1940.
  creating $alu model for $macc $add$cap_pdb_parallel_compact_engine.sv:218$1934.
  creating $alu model for $macc $add$cap_pdb_parallel_compact_engine.sv:218$1928.
  creating $alu model for $macc $add$cap_pdb_parallel_compact_engine.sv:218$1922.
  creating $alu model for $macc $add$cap_pdb_parallel_compact_engine.sv:218$1916.
  creating $alu model for $macc $add$cap_pdb_parallel_compact_engine.sv:218$1910.
  creating $alu model for $macc $add$cap_pdb_parallel_compact_engine.sv:218$1904.
  creating $alu model for $macc $add$cap_pdb_parallel_compact_engine.sv:218$1898.
  creating $alu model for $macc $add$cap_pdb_parallel_compact_engine.sv:218$1892.
  creating $alu model for $macc $add$cap_pdb_parallel_compact_engine.sv:218$1886.
  creating $alu model for $macc $add$cap_pdb_parallel_compact_engine.sv:218$1880.
  creating $alu model for $macc $add$cap_pdb_parallel_compact_engine.sv:218$1874.
  creating $alu model for $macc $add$cap_pdb_parallel_compact_engine.sv:218$1868.
  creating $alu model for $macc $add$cap_pdb_parallel_compact_engine.sv:218$1862.
  creating $alu model for $macc $add$cap_pdb_parallel_compact_engine.sv:218$1856.
  creating $alu model for $macc $add$cap_pdb_parallel_compact_engine.sv:218$1850.
  creating $alu model for $macc $add$cap_pdb_parallel_compact_engine.sv:218$1844.
  creating $alu model for $macc $add$cap_pdb_parallel_compact_engine.sv:218$1838.
  creating $alu model for $macc $add$cap_pdb_parallel_compact_engine.sv:218$1832.
  creating $alu model for $macc $add$cap_pdb_parallel_compact_engine.sv:218$1826.
  creating $alu model for $macc $add$cap_pdb_parallel_compact_engine.sv:218$1820.
  creating $alu model for $macc $add$cap_pdb_parallel_compact_engine.sv:218$1814.
  creating $alu model for $macc $add$cap_pdb_parallel_compact_engine.sv:218$1808.
  creating $alu model for $macc $add$cap_pdb_parallel_compact_engine.sv:218$1802.
  creating $alu model for $macc $add$cap_pdb_parallel_compact_engine.sv:218$1796.
  creating $alu model for $macc $add$cap_pdb_parallel_compact_engine.sv:218$1790.
  creating $alu model for $macc $add$cap_pdb_parallel_compact_engine.sv:218$1784.
  creating $alu model for $macc $add$cap_pdb_parallel_compact_engine.sv:218$1778.
  creating $alu model for $macc $add$cap_pdb_parallel_compact_engine.sv:218$1772.
  creating $alu model for $macc $add$cap_pdb_parallel_compact_engine.sv:218$1766.
  creating $alu model for $macc $add$cap_pdb_parallel_compact_engine.sv:218$1760.
  creating $alu model for $macc $add$cap_pdb_parallel_compact_engine.sv:218$1754.
  creating $alu model for $macc $add$cap_pdb_parallel_compact_engine.sv:218$1748.
  creating $alu model for $macc $add$cap_pdb_parallel_compact_engine.sv:218$1742.
  creating $alu model for $macc $add$cap_pdb_parallel_compact_engine.sv:218$1736.
  creating $alu model for $macc $add$cap_pdb_parallel_compact_engine.sv:218$1730.
  creating $alu model for $macc $add$cap_pdb_parallel_compact_engine.sv:218$1724.
  creating $alu model for $macc $add$cap_pdb_parallel_compact_engine.sv:218$1718.
  creating $alu model for $macc $add$cap_pdb_parallel_compact_engine.sv:218$1712.
  creating $alu model for $macc $add$cap_pdb_parallel_compact_engine.sv:218$1706.
  creating $alu model for $macc $add$cap_pdb_parallel_compact_engine.sv:218$1700.
  creating $alu model for $macc $add$cap_pdb_parallel_compact_engine.sv:218$1694.
  creating $alu model for $macc $add$cap_pdb_parallel_compact_engine.sv:218$1688.
  creating $alu model for $macc $add$cap_pdb_parallel_compact_engine.sv:218$1682.
  creating $alu model for $macc $add$cap_pdb_parallel_compact_engine.sv:218$1676.
  creating $alu model for $macc $add$cap_pdb_parallel_compact_engine.sv:218$1670.
  creating $alu model for $macc $add$cap_pdb_parallel_compact_engine.sv:218$1664.
  creating $alu model for $macc $add$cap_pdb_parallel_compact_engine.sv:218$1658.
  creating $alu model for $macc $add$cap_pdb_parallel_compact_engine.sv:218$1652.
  creating $alu model for $macc $add$cap_pdb_parallel_compact_engine.sv:218$1646.
  creating $alu model for $macc $add$cap_pdb_parallel_compact_engine.sv:218$1640.
  creating $alu model for $macc $add$cap_pdb_parallel_compact_engine.sv:218$1634.
  creating $alu model for $macc $add$cap_pdb_parallel_compact_engine.sv:218$1628.
  creating $alu model for $macc $add$cap_pdb_parallel_compact_engine.sv:218$1622.
  creating $alu model for $macc $add$cap_pdb_parallel_compact_engine.sv:218$1616.
  creating $alu model for $macc $add$cap_pdb_parallel_compact_engine.sv:218$1610.
  creating $alu model for $macc $add$cap_pdb_parallel_compact_engine.sv:218$1604.
  creating $alu model for $macc $add$cap_pdb_parallel_compact_engine.sv:218$1598.
  creating $alu model for $macc $add$cap_pdb_parallel_compact_engine.sv:218$1592.
  creating $alu model for $macc $add$cap_pdb_parallel_compact_engine.sv:218$1586.
  creating $alu model for $macc $add$cap_pdb_parallel_compact_engine.sv:218$1580.
  creating $alu model for $macc $add$cap_pdb_parallel_compact_engine.sv:218$1574.
  creating $alu model for $macc $add$cap_pdb_parallel_compact_engine.sv:218$1568.
  creating $alu model for $macc $add$cap_pdb_parallel_compact_engine.sv:218$1562.
  creating $alu model for $macc $add$cap_pdb_parallel_compact_engine.sv:218$1556.
  creating $alu model for $macc $add$cap_pdb_parallel_compact_engine.sv:218$1550.
  creating $alu model for $macc $add$cap_pdb_parallel_compact_engine.sv:218$1544.
  creating $alu model for $macc $add$cap_pdb_parallel_compact_engine.sv:218$1538.
  creating $alu model for $macc $add$cap_pdb_parallel_compact_engine.sv:218$1532.
  creating $alu model for $macc $add$cap_pdb_parallel_compact_engine.sv:218$1526.
  creating $alu model for $macc $add$cap_pdb_parallel_compact_engine.sv:218$1520.
  creating $alu model for $macc $add$cap_pdb_parallel_compact_engine.sv:218$1514.
  creating $alu model for $macc $add$cap_pdb_parallel_compact_engine.sv:218$1508.
  creating $alu model for $macc $add$cap_pdb_parallel_compact_engine.sv:218$1502.
  creating $alu model for $macc $add$cap_pdb_parallel_compact_engine.sv:218$1496.
  creating $alu model for $macc $add$cap_pdb_parallel_compact_engine.sv:218$1490.
  creating $alu model for $macc $add$cap_pdb_parallel_compact_engine.sv:218$1484.
  creating $alu model for $macc $add$cap_pdb_parallel_compact_engine.sv:218$1478.
  creating $alu model for $macc $add$cap_pdb_parallel_compact_engine.sv:218$1472.
  creating $alu model for $macc $add$cap_pdb_parallel_compact_engine.sv:218$1466.
  creating $alu model for $macc $add$cap_pdb_parallel_compact_engine.sv:218$1460.
  creating $alu model for $macc $add$cap_pdb_parallel_compact_engine.sv:218$1454.
  creating $alu model for $macc $add$cap_pdb_parallel_compact_engine.sv:218$1448.
  creating $alu model for $macc $add$cap_pdb_parallel_compact_engine.sv:218$1442.
  creating $alu model for $macc $add$cap_pdb_parallel_compact_engine.sv:218$1436.
  creating $alu model for $macc $add$cap_pdb_parallel_compact_engine.sv:218$1430.
  creating $alu model for $macc $add$cap_pdb_parallel_compact_engine.sv:218$1424.
  creating $alu model for $macc $add$cap_pdb_parallel_compact_engine.sv:218$1418.
  creating $macc cell for $add$cap_pdb_parallel_compact_engine.sv:245$2704: $auto$alumacc.cc:382:replace_macc$6955
  creating $alu cell for $add$cap_pdb_parallel_compact_engine.sv:218$1418: $auto$alumacc.cc:512:replace_alu$6956
  creating $alu cell for $add$cap_pdb_parallel_compact_engine.sv:218$1424: $auto$alumacc.cc:512:replace_alu$6959
  creating $alu cell for $add$cap_pdb_parallel_compact_engine.sv:218$1430: $auto$alumacc.cc:512:replace_alu$6962
  creating $alu cell for $add$cap_pdb_parallel_compact_engine.sv:218$1436: $auto$alumacc.cc:512:replace_alu$6965
  creating $alu cell for $add$cap_pdb_parallel_compact_engine.sv:218$1442: $auto$alumacc.cc:512:replace_alu$6968
  creating $alu cell for $add$cap_pdb_parallel_compact_engine.sv:218$1448: $auto$alumacc.cc:512:replace_alu$6971
  creating $alu cell for $add$cap_pdb_parallel_compact_engine.sv:218$1454: $auto$alumacc.cc:512:replace_alu$6974
  creating $alu cell for $add$cap_pdb_parallel_compact_engine.sv:218$1460: $auto$alumacc.cc:512:replace_alu$6977
  creating $alu cell for $add$cap_pdb_parallel_compact_engine.sv:218$1466: $auto$alumacc.cc:512:replace_alu$6980
  creating $alu cell for $add$cap_pdb_parallel_compact_engine.sv:218$1472: $auto$alumacc.cc:512:replace_alu$6983
  creating $alu cell for $add$cap_pdb_parallel_compact_engine.sv:218$1478: $auto$alumacc.cc:512:replace_alu$6986
  creating $alu cell for $add$cap_pdb_parallel_compact_engine.sv:218$1484: $auto$alumacc.cc:512:replace_alu$6989
  creating $alu cell for $add$cap_pdb_parallel_compact_engine.sv:218$1490: $auto$alumacc.cc:512:replace_alu$6992
  creating $alu cell for $add$cap_pdb_parallel_compact_engine.sv:218$1496: $auto$alumacc.cc:512:replace_alu$6995
  creating $alu cell for $add$cap_pdb_parallel_compact_engine.sv:218$1502: $auto$alumacc.cc:512:replace_alu$6998
  creating $alu cell for $add$cap_pdb_parallel_compact_engine.sv:218$1508: $auto$alumacc.cc:512:replace_alu$7001
  creating $alu cell for $add$cap_pdb_parallel_compact_engine.sv:218$1514: $auto$alumacc.cc:512:replace_alu$7004
  creating $alu cell for $add$cap_pdb_parallel_compact_engine.sv:218$1520: $auto$alumacc.cc:512:replace_alu$7007
  creating $alu cell for $add$cap_pdb_parallel_compact_engine.sv:218$1526: $auto$alumacc.cc:512:replace_alu$7010
  creating $alu cell for $add$cap_pdb_parallel_compact_engine.sv:218$1532: $auto$alumacc.cc:512:replace_alu$7013
  creating $alu cell for $add$cap_pdb_parallel_compact_engine.sv:218$1538: $auto$alumacc.cc:512:replace_alu$7016
  creating $alu cell for $add$cap_pdb_parallel_compact_engine.sv:218$1544: $auto$alumacc.cc:512:replace_alu$7019
  creating $alu cell for $add$cap_pdb_parallel_compact_engine.sv:218$1550: $auto$alumacc.cc:512:replace_alu$7022
  creating $alu cell for $add$cap_pdb_parallel_compact_engine.sv:218$1556: $auto$alumacc.cc:512:replace_alu$7025
  creating $alu cell for $add$cap_pdb_parallel_compact_engine.sv:218$1562: $auto$alumacc.cc:512:replace_alu$7028
  creating $alu cell for $add$cap_pdb_parallel_compact_engine.sv:218$1568: $auto$alumacc.cc:512:replace_alu$7031
  creating $alu cell for $add$cap_pdb_parallel_compact_engine.sv:218$1574: $auto$alumacc.cc:512:replace_alu$7034
  creating $alu cell for $add$cap_pdb_parallel_compact_engine.sv:218$1580: $auto$alumacc.cc:512:replace_alu$7037
  creating $alu cell for $add$cap_pdb_parallel_compact_engine.sv:218$1586: $auto$alumacc.cc:512:replace_alu$7040
  creating $alu cell for $add$cap_pdb_parallel_compact_engine.sv:218$1592: $auto$alumacc.cc:512:replace_alu$7043
  creating $alu cell for $add$cap_pdb_parallel_compact_engine.sv:218$1598: $auto$alumacc.cc:512:replace_alu$7046
  creating $alu cell for $add$cap_pdb_parallel_compact_engine.sv:218$1604: $auto$alumacc.cc:512:replace_alu$7049
  creating $alu cell for $add$cap_pdb_parallel_compact_engine.sv:218$1610: $auto$alumacc.cc:512:replace_alu$7052
  creating $alu cell for $add$cap_pdb_parallel_compact_engine.sv:218$1616: $auto$alumacc.cc:512:replace_alu$7055
  creating $alu cell for $add$cap_pdb_parallel_compact_engine.sv:218$1622: $auto$alumacc.cc:512:replace_alu$7058
  creating $alu cell for $add$cap_pdb_parallel_compact_engine.sv:218$1628: $auto$alumacc.cc:512:replace_alu$7061
  creating $alu cell for $add$cap_pdb_parallel_compact_engine.sv:218$1634: $auto$alumacc.cc:512:replace_alu$7064
  creating $alu cell for $add$cap_pdb_parallel_compact_engine.sv:218$1640: $auto$alumacc.cc:512:replace_alu$7067
  creating $alu cell for $add$cap_pdb_parallel_compact_engine.sv:218$1646: $auto$alumacc.cc:512:replace_alu$7070
  creating $alu cell for $add$cap_pdb_parallel_compact_engine.sv:218$1652: $auto$alumacc.cc:512:replace_alu$7073
  creating $alu cell for $add$cap_pdb_parallel_compact_engine.sv:218$1658: $auto$alumacc.cc:512:replace_alu$7076
  creating $alu cell for $add$cap_pdb_parallel_compact_engine.sv:218$1664: $auto$alumacc.cc:512:replace_alu$7079
  creating $alu cell for $add$cap_pdb_parallel_compact_engine.sv:218$1670: $auto$alumacc.cc:512:replace_alu$7082
  creating $alu cell for $add$cap_pdb_parallel_compact_engine.sv:218$1676: $auto$alumacc.cc:512:replace_alu$7085
  creating $alu cell for $add$cap_pdb_parallel_compact_engine.sv:218$1682: $auto$alumacc.cc:512:replace_alu$7088
  creating $alu cell for $add$cap_pdb_parallel_compact_engine.sv:218$1688: $auto$alumacc.cc:512:replace_alu$7091
  creating $alu cell for $add$cap_pdb_parallel_compact_engine.sv:218$1694: $auto$alumacc.cc:512:replace_alu$7094
  creating $alu cell for $add$cap_pdb_parallel_compact_engine.sv:218$1700: $auto$alumacc.cc:512:replace_alu$7097
  creating $alu cell for $add$cap_pdb_parallel_compact_engine.sv:218$1706: $auto$alumacc.cc:512:replace_alu$7100
  creating $alu cell for $add$cap_pdb_parallel_compact_engine.sv:218$1712: $auto$alumacc.cc:512:replace_alu$7103
  creating $alu cell for $add$cap_pdb_parallel_compact_engine.sv:218$1718: $auto$alumacc.cc:512:replace_alu$7106
  creating $alu cell for $add$cap_pdb_parallel_compact_engine.sv:218$1724: $auto$alumacc.cc:512:replace_alu$7109
  creating $alu cell for $add$cap_pdb_parallel_compact_engine.sv:218$1730: $auto$alumacc.cc:512:replace_alu$7112
  creating $alu cell for $add$cap_pdb_parallel_compact_engine.sv:218$1736: $auto$alumacc.cc:512:replace_alu$7115
  creating $alu cell for $add$cap_pdb_parallel_compact_engine.sv:218$1742: $auto$alumacc.cc:512:replace_alu$7118
  creating $alu cell for $add$cap_pdb_parallel_compact_engine.sv:218$1748: $auto$alumacc.cc:512:replace_alu$7121
  creating $alu cell for $add$cap_pdb_parallel_compact_engine.sv:218$1754: $auto$alumacc.cc:512:replace_alu$7124
  creating $alu cell for $add$cap_pdb_parallel_compact_engine.sv:218$1760: $auto$alumacc.cc:512:replace_alu$7127
  creating $alu cell for $add$cap_pdb_parallel_compact_engine.sv:218$1766: $auto$alumacc.cc:512:replace_alu$7130
  creating $alu cell for $add$cap_pdb_parallel_compact_engine.sv:218$1772: $auto$alumacc.cc:512:replace_alu$7133
  creating $alu cell for $add$cap_pdb_parallel_compact_engine.sv:218$1778: $auto$alumacc.cc:512:replace_alu$7136
  creating $alu cell for $add$cap_pdb_parallel_compact_engine.sv:218$1784: $auto$alumacc.cc:512:replace_alu$7139
  creating $alu cell for $add$cap_pdb_parallel_compact_engine.sv:218$1790: $auto$alumacc.cc:512:replace_alu$7142
  creating $alu cell for $add$cap_pdb_parallel_compact_engine.sv:218$1796: $auto$alumacc.cc:512:replace_alu$7145
  creating $alu cell for $add$cap_pdb_parallel_compact_engine.sv:218$1802: $auto$alumacc.cc:512:replace_alu$7148
  creating $alu cell for $add$cap_pdb_parallel_compact_engine.sv:218$1808: $auto$alumacc.cc:512:replace_alu$7151
  creating $alu cell for $add$cap_pdb_parallel_compact_engine.sv:218$1814: $auto$alumacc.cc:512:replace_alu$7154
  creating $alu cell for $add$cap_pdb_parallel_compact_engine.sv:218$1820: $auto$alumacc.cc:512:replace_alu$7157
  creating $alu cell for $add$cap_pdb_parallel_compact_engine.sv:218$1826: $auto$alumacc.cc:512:replace_alu$7160
  creating $alu cell for $add$cap_pdb_parallel_compact_engine.sv:218$1832: $auto$alumacc.cc:512:replace_alu$7163
  creating $alu cell for $add$cap_pdb_parallel_compact_engine.sv:218$1838: $auto$alumacc.cc:512:replace_alu$7166
  creating $alu cell for $add$cap_pdb_parallel_compact_engine.sv:218$1844: $auto$alumacc.cc:512:replace_alu$7169
  creating $alu cell for $add$cap_pdb_parallel_compact_engine.sv:218$1850: $auto$alumacc.cc:512:replace_alu$7172
  creating $alu cell for $add$cap_pdb_parallel_compact_engine.sv:218$1856: $auto$alumacc.cc:512:replace_alu$7175
  creating $alu cell for $add$cap_pdb_parallel_compact_engine.sv:218$1862: $auto$alumacc.cc:512:replace_alu$7178
  creating $alu cell for $add$cap_pdb_parallel_compact_engine.sv:218$1868: $auto$alumacc.cc:512:replace_alu$7181
  creating $alu cell for $add$cap_pdb_parallel_compact_engine.sv:218$1874: $auto$alumacc.cc:512:replace_alu$7184
  creating $alu cell for $add$cap_pdb_parallel_compact_engine.sv:218$1880: $auto$alumacc.cc:512:replace_alu$7187
  creating $alu cell for $add$cap_pdb_parallel_compact_engine.sv:218$1886: $auto$alumacc.cc:512:replace_alu$7190
  creating $alu cell for $add$cap_pdb_parallel_compact_engine.sv:218$1892: $auto$alumacc.cc:512:replace_alu$7193
  creating $alu cell for $add$cap_pdb_parallel_compact_engine.sv:218$1898: $auto$alumacc.cc:512:replace_alu$7196
  creating $alu cell for $add$cap_pdb_parallel_compact_engine.sv:218$1904: $auto$alumacc.cc:512:replace_alu$7199
  creating $alu cell for $add$cap_pdb_parallel_compact_engine.sv:218$1910: $auto$alumacc.cc:512:replace_alu$7202
  creating $alu cell for $add$cap_pdb_parallel_compact_engine.sv:218$1916: $auto$alumacc.cc:512:replace_alu$7205
  creating $alu cell for $add$cap_pdb_parallel_compact_engine.sv:218$1922: $auto$alumacc.cc:512:replace_alu$7208
  creating $alu cell for $add$cap_pdb_parallel_compact_engine.sv:218$1928: $auto$alumacc.cc:512:replace_alu$7211
  creating $alu cell for $add$cap_pdb_parallel_compact_engine.sv:218$1934: $auto$alumacc.cc:512:replace_alu$7214
  creating $alu cell for $add$cap_pdb_parallel_compact_engine.sv:218$1940: $auto$alumacc.cc:512:replace_alu$7217
  creating $alu cell for $add$cap_pdb_parallel_compact_engine.sv:218$1946: $auto$alumacc.cc:512:replace_alu$7220
  creating $alu cell for $add$cap_pdb_parallel_compact_engine.sv:218$1952: $auto$alumacc.cc:512:replace_alu$7223
  creating $alu cell for $add$cap_pdb_parallel_compact_engine.sv:218$1958: $auto$alumacc.cc:512:replace_alu$7226
  creating $alu cell for $add$cap_pdb_parallel_compact_engine.sv:218$1964: $auto$alumacc.cc:512:replace_alu$7229
  creating $alu cell for $add$cap_pdb_parallel_compact_engine.sv:218$1970: $auto$alumacc.cc:512:replace_alu$7232
  creating $alu cell for $add$cap_pdb_parallel_compact_engine.sv:218$1976: $auto$alumacc.cc:512:replace_alu$7235
  creating $alu cell for $add$cap_pdb_parallel_compact_engine.sv:218$1982: $auto$alumacc.cc:512:replace_alu$7238
  creating $alu cell for $add$cap_pdb_parallel_compact_engine.sv:218$1988: $auto$alumacc.cc:512:replace_alu$7241
  creating $alu cell for $add$cap_pdb_parallel_compact_engine.sv:218$1994: $auto$alumacc.cc:512:replace_alu$7244
  creating $alu cell for $add$cap_pdb_parallel_compact_engine.sv:218$2000: $auto$alumacc.cc:512:replace_alu$7247
  creating $alu cell for $add$cap_pdb_parallel_compact_engine.sv:218$2006: $auto$alumacc.cc:512:replace_alu$7250
  creating $alu cell for $add$cap_pdb_parallel_compact_engine.sv:218$2012: $auto$alumacc.cc:512:replace_alu$7253
  creating $alu cell for $add$cap_pdb_parallel_compact_engine.sv:218$2018: $auto$alumacc.cc:512:replace_alu$7256
  creating $alu cell for $add$cap_pdb_parallel_compact_engine.sv:218$2024: $auto$alumacc.cc:512:replace_alu$7259
  creating $alu cell for $add$cap_pdb_parallel_compact_engine.sv:218$2030: $auto$alumacc.cc:512:replace_alu$7262
  creating $alu cell for $add$cap_pdb_parallel_compact_engine.sv:218$2036: $auto$alumacc.cc:512:replace_alu$7265
  creating $alu cell for $add$cap_pdb_parallel_compact_engine.sv:218$2042: $auto$alumacc.cc:512:replace_alu$7268
  creating $alu cell for $add$cap_pdb_parallel_compact_engine.sv:218$2048: $auto$alumacc.cc:512:replace_alu$7271
  creating $alu cell for $add$cap_pdb_parallel_compact_engine.sv:218$2054: $auto$alumacc.cc:512:replace_alu$7274
  creating $alu cell for $add$cap_pdb_parallel_compact_engine.sv:218$2060: $auto$alumacc.cc:512:replace_alu$7277
  creating $alu cell for $add$cap_pdb_parallel_compact_engine.sv:218$2066: $auto$alumacc.cc:512:replace_alu$7280
  creating $alu cell for $add$cap_pdb_parallel_compact_engine.sv:218$2072: $auto$alumacc.cc:512:replace_alu$7283
  creating $alu cell for $add$cap_pdb_parallel_compact_engine.sv:218$2078: $auto$alumacc.cc:512:replace_alu$7286
  creating $alu cell for $add$cap_pdb_parallel_compact_engine.sv:218$2084: $auto$alumacc.cc:512:replace_alu$7289
  creating $alu cell for $add$cap_pdb_parallel_compact_engine.sv:218$2090: $auto$alumacc.cc:512:replace_alu$7292
  creating $alu cell for $add$cap_pdb_parallel_compact_engine.sv:218$2096: $auto$alumacc.cc:512:replace_alu$7295
  creating $alu cell for $add$cap_pdb_parallel_compact_engine.sv:218$2102: $auto$alumacc.cc:512:replace_alu$7298
  creating $alu cell for $add$cap_pdb_parallel_compact_engine.sv:218$2108: $auto$alumacc.cc:512:replace_alu$7301
  creating $alu cell for $add$cap_pdb_parallel_compact_engine.sv:218$2114: $auto$alumacc.cc:512:replace_alu$7304
  creating $alu cell for $add$cap_pdb_parallel_compact_engine.sv:218$2120: $auto$alumacc.cc:512:replace_alu$7307
  creating $alu cell for $add$cap_pdb_parallel_compact_engine.sv:218$2126: $auto$alumacc.cc:512:replace_alu$7310
  creating $alu cell for $add$cap_pdb_parallel_compact_engine.sv:218$2132: $auto$alumacc.cc:512:replace_alu$7313
  creating $alu cell for $add$cap_pdb_parallel_compact_engine.sv:218$2138: $auto$alumacc.cc:512:replace_alu$7316
  creating $alu cell for $add$cap_pdb_parallel_compact_engine.sv:218$2144: $auto$alumacc.cc:512:replace_alu$7319
  creating $alu cell for $add$cap_pdb_parallel_compact_engine.sv:218$2150: $auto$alumacc.cc:512:replace_alu$7322
  creating $alu cell for $add$cap_pdb_parallel_compact_engine.sv:218$2156: $auto$alumacc.cc:512:replace_alu$7325
  creating $alu cell for $add$cap_pdb_parallel_compact_engine.sv:218$2162: $auto$alumacc.cc:512:replace_alu$7328
  creating $alu cell for $add$cap_pdb_parallel_compact_engine.sv:218$2168: $auto$alumacc.cc:512:replace_alu$7331
  creating $alu cell for $add$cap_pdb_parallel_compact_engine.sv:218$2174: $auto$alumacc.cc:512:replace_alu$7334
  creating $alu cell for $add$cap_pdb_parallel_compact_engine.sv:218$2180: $auto$alumacc.cc:512:replace_alu$7337
  creating $alu cell for $add$cap_pdb_parallel_compact_engine.sv:218$2186: $auto$alumacc.cc:512:replace_alu$7340
  creating $alu cell for $add$cap_pdb_parallel_compact_engine.sv:218$2192: $auto$alumacc.cc:512:replace_alu$7343
  creating $alu cell for $add$cap_pdb_parallel_compact_engine.sv:218$2198: $auto$alumacc.cc:512:replace_alu$7346
  creating $alu cell for $add$cap_pdb_parallel_compact_engine.sv:218$2204: $auto$alumacc.cc:512:replace_alu$7349
  creating $alu cell for $add$cap_pdb_parallel_compact_engine.sv:218$2210: $auto$alumacc.cc:512:replace_alu$7352
  creating $alu cell for $add$cap_pdb_parallel_compact_engine.sv:218$2216: $auto$alumacc.cc:512:replace_alu$7355
  creating $alu cell for $add$cap_pdb_parallel_compact_engine.sv:218$2222: $auto$alumacc.cc:512:replace_alu$7358
  creating $alu cell for $add$cap_pdb_parallel_compact_engine.sv:218$2228: $auto$alumacc.cc:512:replace_alu$7361
  creating $alu cell for $add$cap_pdb_parallel_compact_engine.sv:218$2234: $auto$alumacc.cc:512:replace_alu$7364
  creating $alu cell for $add$cap_pdb_parallel_compact_engine.sv:218$2240: $auto$alumacc.cc:512:replace_alu$7367
  creating $alu cell for $add$cap_pdb_parallel_compact_engine.sv:218$2246: $auto$alumacc.cc:512:replace_alu$7370
  creating $alu cell for $add$cap_pdb_parallel_compact_engine.sv:218$2252: $auto$alumacc.cc:512:replace_alu$7373
  creating $alu cell for $add$cap_pdb_parallel_compact_engine.sv:218$2258: $auto$alumacc.cc:512:replace_alu$7376
  creating $alu cell for $add$cap_pdb_parallel_compact_engine.sv:218$2264: $auto$alumacc.cc:512:replace_alu$7379
  creating $alu cell for $add$cap_pdb_parallel_compact_engine.sv:218$2270: $auto$alumacc.cc:512:replace_alu$7382
  creating $alu cell for $add$cap_pdb_parallel_compact_engine.sv:218$2276: $auto$alumacc.cc:512:replace_alu$7385
  creating $alu cell for $add$cap_pdb_parallel_compact_engine.sv:218$2282: $auto$alumacc.cc:512:replace_alu$7388
  creating $alu cell for $add$cap_pdb_parallel_compact_engine.sv:218$2288: $auto$alumacc.cc:512:replace_alu$7391
  creating $alu cell for $add$cap_pdb_parallel_compact_engine.sv:218$2294: $auto$alumacc.cc:512:replace_alu$7394
  creating $alu cell for $add$cap_pdb_parallel_compact_engine.sv:218$2300: $auto$alumacc.cc:512:replace_alu$7397
  creating $alu cell for $add$cap_pdb_parallel_compact_engine.sv:218$2306: $auto$alumacc.cc:512:replace_alu$7400
  creating $alu cell for $add$cap_pdb_parallel_compact_engine.sv:218$2312: $auto$alumacc.cc:512:replace_alu$7403
  creating $alu cell for $add$cap_pdb_parallel_compact_engine.sv:218$2318: $auto$alumacc.cc:512:replace_alu$7406
  creating $alu cell for $add$cap_pdb_parallel_compact_engine.sv:218$2324: $auto$alumacc.cc:512:replace_alu$7409
  creating $alu cell for $add$cap_pdb_parallel_compact_engine.sv:218$2330: $auto$alumacc.cc:512:replace_alu$7412
  creating $alu cell for $add$cap_pdb_parallel_compact_engine.sv:218$2336: $auto$alumacc.cc:512:replace_alu$7415
  creating $alu cell for $add$cap_pdb_parallel_compact_engine.sv:218$2342: $auto$alumacc.cc:512:replace_alu$7418
  creating $alu cell for $add$cap_pdb_parallel_compact_engine.sv:218$2348: $auto$alumacc.cc:512:replace_alu$7421
  creating $alu cell for $add$cap_pdb_parallel_compact_engine.sv:218$2354: $auto$alumacc.cc:512:replace_alu$7424
  creating $alu cell for $add$cap_pdb_parallel_compact_engine.sv:218$2360: $auto$alumacc.cc:512:replace_alu$7427
  creating $alu cell for $add$cap_pdb_parallel_compact_engine.sv:218$2366: $auto$alumacc.cc:512:replace_alu$7430
  creating $alu cell for $add$cap_pdb_parallel_compact_engine.sv:218$2372: $auto$alumacc.cc:512:replace_alu$7433
  creating $alu cell for $add$cap_pdb_parallel_compact_engine.sv:218$2378: $auto$alumacc.cc:512:replace_alu$7436
  creating $alu cell for $add$cap_pdb_parallel_compact_engine.sv:218$2384: $auto$alumacc.cc:512:replace_alu$7439
  creating $alu cell for $add$cap_pdb_parallel_compact_engine.sv:218$2390: $auto$alumacc.cc:512:replace_alu$7442
  creating $alu cell for $add$cap_pdb_parallel_compact_engine.sv:218$2396: $auto$alumacc.cc:512:replace_alu$7445
  creating $alu cell for $add$cap_pdb_parallel_compact_engine.sv:218$2402: $auto$alumacc.cc:512:replace_alu$7448
  creating $alu cell for $add$cap_pdb_parallel_compact_engine.sv:218$2408: $auto$alumacc.cc:512:replace_alu$7451
  creating $alu cell for $add$cap_pdb_parallel_compact_engine.sv:218$2414: $auto$alumacc.cc:512:replace_alu$7454
  creating $alu cell for $add$cap_pdb_parallel_compact_engine.sv:218$2420: $auto$alumacc.cc:512:replace_alu$7457
  creating $alu cell for $add$cap_pdb_parallel_compact_engine.sv:218$2426: $auto$alumacc.cc:512:replace_alu$7460
  creating $alu cell for $add$cap_pdb_parallel_compact_engine.sv:218$2432: $auto$alumacc.cc:512:replace_alu$7463
  creating $alu cell for $add$cap_pdb_parallel_compact_engine.sv:218$2438: $auto$alumacc.cc:512:replace_alu$7466
  creating $alu cell for $add$cap_pdb_parallel_compact_engine.sv:218$2444: $auto$alumacc.cc:512:replace_alu$7469
  creating $alu cell for $add$cap_pdb_parallel_compact_engine.sv:218$2450: $auto$alumacc.cc:512:replace_alu$7472
  creating $alu cell for $add$cap_pdb_parallel_compact_engine.sv:218$2456: $auto$alumacc.cc:512:replace_alu$7475
  creating $alu cell for $add$cap_pdb_parallel_compact_engine.sv:218$2462: $auto$alumacc.cc:512:replace_alu$7478
  creating $alu cell for $add$cap_pdb_parallel_compact_engine.sv:218$2468: $auto$alumacc.cc:512:replace_alu$7481
  creating $alu cell for $add$cap_pdb_parallel_compact_engine.sv:218$2474: $auto$alumacc.cc:512:replace_alu$7484
  creating $alu cell for $add$cap_pdb_parallel_compact_engine.sv:218$2480: $auto$alumacc.cc:512:replace_alu$7487
  creating $alu cell for $add$cap_pdb_parallel_compact_engine.sv:218$2486: $auto$alumacc.cc:512:replace_alu$7490
  creating $alu cell for $add$cap_pdb_parallel_compact_engine.sv:218$2492: $auto$alumacc.cc:512:replace_alu$7493
  creating $alu cell for $add$cap_pdb_parallel_compact_engine.sv:218$2498: $auto$alumacc.cc:512:replace_alu$7496
  creating $alu cell for $add$cap_pdb_parallel_compact_engine.sv:218$2504: $auto$alumacc.cc:512:replace_alu$7499
  creating $alu cell for $add$cap_pdb_parallel_compact_engine.sv:218$2510: $auto$alumacc.cc:512:replace_alu$7502
  creating $alu cell for $add$cap_pdb_parallel_compact_engine.sv:218$2516: $auto$alumacc.cc:512:replace_alu$7505
  creating $alu cell for $add$cap_pdb_parallel_compact_engine.sv:218$2522: $auto$alumacc.cc:512:replace_alu$7508
  creating $alu cell for $add$cap_pdb_parallel_compact_engine.sv:218$2528: $auto$alumacc.cc:512:replace_alu$7511
  creating $alu cell for $add$cap_pdb_parallel_compact_engine.sv:218$2534: $auto$alumacc.cc:512:replace_alu$7514
  creating $alu cell for $add$cap_pdb_parallel_compact_engine.sv:218$2540: $auto$alumacc.cc:512:replace_alu$7517
  creating $alu cell for $add$cap_pdb_parallel_compact_engine.sv:218$2546: $auto$alumacc.cc:512:replace_alu$7520
  creating $alu cell for $add$cap_pdb_parallel_compact_engine.sv:218$2552: $auto$alumacc.cc:512:replace_alu$7523
  creating $alu cell for $add$cap_pdb_parallel_compact_engine.sv:218$2558: $auto$alumacc.cc:512:replace_alu$7526
  creating $alu cell for $add$cap_pdb_parallel_compact_engine.sv:218$2564: $auto$alumacc.cc:512:replace_alu$7529
  creating $alu cell for $add$cap_pdb_parallel_compact_engine.sv:218$2570: $auto$alumacc.cc:512:replace_alu$7532
  creating $alu cell for $add$cap_pdb_parallel_compact_engine.sv:218$2576: $auto$alumacc.cc:512:replace_alu$7535
  creating $alu cell for $add$cap_pdb_parallel_compact_engine.sv:218$2582: $auto$alumacc.cc:512:replace_alu$7538
  creating $alu cell for $add$cap_pdb_parallel_compact_engine.sv:218$2588: $auto$alumacc.cc:512:replace_alu$7541
  creating $alu cell for $add$cap_pdb_parallel_compact_engine.sv:218$2594: $auto$alumacc.cc:512:replace_alu$7544
  creating $alu cell for $add$cap_pdb_parallel_compact_engine.sv:218$2600: $auto$alumacc.cc:512:replace_alu$7547
  creating $alu cell for $add$cap_pdb_parallel_compact_engine.sv:218$2606: $auto$alumacc.cc:512:replace_alu$7550
  creating $alu cell for $add$cap_pdb_parallel_compact_engine.sv:218$2612: $auto$alumacc.cc:512:replace_alu$7553
  creating $alu cell for $add$cap_pdb_parallel_compact_engine.sv:218$2618: $auto$alumacc.cc:512:replace_alu$7556
  creating $alu cell for $add$cap_pdb_parallel_compact_engine.sv:218$2624: $auto$alumacc.cc:512:replace_alu$7559
  creating $alu cell for $add$cap_pdb_parallel_compact_engine.sv:218$2630: $auto$alumacc.cc:512:replace_alu$7562
  creating $alu cell for $add$cap_pdb_parallel_compact_engine.sv:218$2636: $auto$alumacc.cc:512:replace_alu$7565
  creating $alu cell for $add$cap_pdb_parallel_compact_engine.sv:218$2642: $auto$alumacc.cc:512:replace_alu$7568
  creating $alu cell for $add$cap_pdb_parallel_compact_engine.sv:218$2648: $auto$alumacc.cc:512:replace_alu$7571
  creating $alu cell for $add$cap_pdb_parallel_compact_engine.sv:218$2654: $auto$alumacc.cc:512:replace_alu$7574
  creating $alu cell for $add$cap_pdb_parallel_compact_engine.sv:218$2660: $auto$alumacc.cc:512:replace_alu$7577
  creating $alu cell for $add$cap_pdb_parallel_compact_engine.sv:166$1415: $auto$alumacc.cc:512:replace_alu$7580
  creating $alu cell for $add$cap_pdb_parallel_compact_engine.sv:264$2706: $auto$alumacc.cc:512:replace_alu$7583
  created 210 $alu and 1 $macc cells.

5.25. Executing SHARE pass (SAT-based resource sharing).

5.26. Executing OPT pass (performing simple optimizations).

5.26.1. Executing OPT_EXPR pass (perform const folding).
Optimizing module $paramod$b5bfe1d4fce40940586b6e35fec61194ae5a8fde\cap_pdb_state_wide_bank.
Optimizing module $paramod$cbc3189b30a0f0ae8c16e45df15b3f5a54303a8f\cap_pdb_masked_min32.
<suppressed ~527 debug messages>
Optimizing module cap_pdb_parallel_compact_allocation_engine.
<suppressed ~221 debug messages>

5.26.2. Executing OPT_MERGE pass (detect identical cells).
Finding identical cells in module `$paramod$b5bfe1d4fce40940586b6e35fec61194ae5a8fde\cap_pdb_state_wide_bank'.
Computing hashes of 6 cells of `$paramod$b5bfe1d4fce40940586b6e35fec61194ae5a8fde\cap_pdb_state_wide_bank'.
Finding duplicate cells in `$paramod$b5bfe1d4fce40940586b6e35fec61194ae5a8fde\cap_pdb_state_wide_bank'.
Finding identical cells in module `$paramod$cbc3189b30a0f0ae8c16e45df15b3f5a54303a8f\cap_pdb_masked_min32'.
Computing hashes of 2512 cells of `$paramod$cbc3189b30a0f0ae8c16e45df15b3f5a54303a8f\cap_pdb_masked_min32'.
Finding duplicate cells in `$paramod$cbc3189b30a0f0ae8c16e45df15b3f5a54303a8f\cap_pdb_masked_min32'.
Finding identical cells in module `\cap_pdb_parallel_compact_allocation_engine'.
Computing hashes of 2649 cells of `\cap_pdb_parallel_compact_allocation_engine'.
Finding duplicate cells in `\cap_pdb_parallel_compact_allocation_engine'.
Removed a total of 0 cells.

5.26.3. Executing OPT_MUXTREE pass (detect dead branches in mux trees).
Running muxtree optimizer on module $paramod$b5bfe1d4fce40940586b6e35fec61194ae5a8fde\cap_pdb_state_wide_bank..
  Creating internal representation of mux trees.
  Evaluating internal representation of mux trees.
  Analyzing evaluation results.
Running muxtree optimizer on module $paramod$cbc3189b30a0f0ae8c16e45df15b3f5a54303a8f\cap_pdb_masked_min32..
  Creating internal representation of mux trees.
  Evaluating internal representation of mux trees.
  Analyzing evaluation results.
Running muxtree optimizer on module \cap_pdb_parallel_compact_allocation_engine..
  Creating internal representation of mux trees.
  Evaluating internal representation of mux trees.
  Analyzing evaluation results.
Removed 0 multiplexer ports.
<suppressed ~409 debug messages>

5.26.4. Executing OPT_REDUCE pass (consolidate $*mux and $reduce_* inputs).
  Optimizing cells in module $paramod$b5bfe1d4fce40940586b6e35fec61194ae5a8fde\cap_pdb_state_wide_bank.
  Optimizing cells in module $paramod$cbc3189b30a0f0ae8c16e45df15b3f5a54303a8f\cap_pdb_masked_min32.
  Optimizing cells in module \cap_pdb_parallel_compact_allocation_engine.
Performed a total of 0 changes.

5.26.5. Executing OPT_MERGE pass (detect identical cells).
Finding identical cells in module `$paramod$b5bfe1d4fce40940586b6e35fec61194ae5a8fde\cap_pdb_state_wide_bank'.
Computing hashes of 6 cells of `$paramod$b5bfe1d4fce40940586b6e35fec61194ae5a8fde\cap_pdb_state_wide_bank'.
Finding duplicate cells in `$paramod$b5bfe1d4fce40940586b6e35fec61194ae5a8fde\cap_pdb_state_wide_bank'.
Finding identical cells in module `$paramod$cbc3189b30a0f0ae8c16e45df15b3f5a54303a8f\cap_pdb_masked_min32'.
Computing hashes of 2512 cells of `$paramod$cbc3189b30a0f0ae8c16e45df15b3f5a54303a8f\cap_pdb_masked_min32'.
Finding duplicate cells in `$paramod$cbc3189b30a0f0ae8c16e45df15b3f5a54303a8f\cap_pdb_masked_min32'.
Finding identical cells in module `\cap_pdb_parallel_compact_allocation_engine'.
Computing hashes of 2649 cells of `\cap_pdb_parallel_compact_allocation_engine'.
Finding duplicate cells in `\cap_pdb_parallel_compact_allocation_engine'.
Removed a total of 0 cells.

5.26.6. Executing OPT_DFF pass (perform DFF optimizations).

5.26.7. Executing OPT_CLEAN pass (remove unused cells and wires).
Finding unused cells or wires in module $paramod$b5bfe1d4fce40940586b6e35fec61194ae5a8fde\cap_pdb_state_wide_bank..
Finding unused cells or wires in module $paramod$cbc3189b30a0f0ae8c16e45df15b3f5a54303a8f\cap_pdb_masked_min32..
Finding unused cells or wires in module \cap_pdb_parallel_compact_allocation_engine..
Removed 12 unused cells and 9280 unused wires.
<suppressed ~15 debug messages>

5.26.8. Executing OPT_EXPR pass (perform const folding).
Optimizing module $paramod$b5bfe1d4fce40940586b6e35fec61194ae5a8fde\cap_pdb_state_wide_bank.
Optimizing module $paramod$cbc3189b30a0f0ae8c16e45df15b3f5a54303a8f\cap_pdb_masked_min32.
Optimizing module cap_pdb_parallel_compact_allocation_engine.

5.26.9. Rerunning OPT passes. (Maybe there is more to do..)

5.26.10. Executing OPT_MUXTREE pass (detect dead branches in mux trees).
Running muxtree optimizer on module $paramod$b5bfe1d4fce40940586b6e35fec61194ae5a8fde\cap_pdb_state_wide_bank..
  Creating internal representation of mux trees.
  Evaluating internal representation of mux trees.
  Analyzing evaluation results.
Running muxtree optimizer on module $paramod$cbc3189b30a0f0ae8c16e45df15b3f5a54303a8f\cap_pdb_masked_min32..
  Creating internal representation of mux trees.
  Evaluating internal representation of mux trees.
  Analyzing evaluation results.
Running muxtree optimizer on module \cap_pdb_parallel_compact_allocation_engine..
  Creating internal representation of mux trees.
  Evaluating internal representation of mux trees.
  Analyzing evaluation results.
Removed 0 multiplexer ports.
<suppressed ~409 debug messages>

5.26.11. Executing OPT_REDUCE pass (consolidate $*mux and $reduce_* inputs).
  Optimizing cells in module $paramod$b5bfe1d4fce40940586b6e35fec61194ae5a8fde\cap_pdb_state_wide_bank.
  Optimizing cells in module $paramod$cbc3189b30a0f0ae8c16e45df15b3f5a54303a8f\cap_pdb_masked_min32.
  Optimizing cells in module \cap_pdb_parallel_compact_allocation_engine.
Performed a total of 0 changes.

5.26.12. Executing OPT_MERGE pass (detect identical cells).
Finding identical cells in module `$paramod$b5bfe1d4fce40940586b6e35fec61194ae5a8fde\cap_pdb_state_wide_bank'.
Computing hashes of 5 cells of `$paramod$b5bfe1d4fce40940586b6e35fec61194ae5a8fde\cap_pdb_state_wide_bank'.
Finding duplicate cells in `$paramod$b5bfe1d4fce40940586b6e35fec61194ae5a8fde\cap_pdb_state_wide_bank'.
Finding identical cells in module `$paramod$cbc3189b30a0f0ae8c16e45df15b3f5a54303a8f\cap_pdb_masked_min32'.
Computing hashes of 2512 cells of `$paramod$cbc3189b30a0f0ae8c16e45df15b3f5a54303a8f\cap_pdb_masked_min32'.
Finding duplicate cells in `$paramod$cbc3189b30a0f0ae8c16e45df15b3f5a54303a8f\cap_pdb_masked_min32'.
Finding identical cells in module `\cap_pdb_parallel_compact_allocation_engine'.
Computing hashes of 2638 cells of `\cap_pdb_parallel_compact_allocation_engine'.
Finding duplicate cells in `\cap_pdb_parallel_compact_allocation_engine'.
Removed a total of 0 cells.

5.26.13. Executing OPT_DFF pass (perform DFF optimizations).

5.26.14. Executing OPT_CLEAN pass (remove unused cells and wires).
Finding unused cells or wires in module $paramod$b5bfe1d4fce40940586b6e35fec61194ae5a8fde\cap_pdb_state_wide_bank..
Finding unused cells or wires in module $paramod$cbc3189b30a0f0ae8c16e45df15b3f5a54303a8f\cap_pdb_masked_min32..
Finding unused cells or wires in module \cap_pdb_parallel_compact_allocation_engine..

5.26.15. Executing OPT_EXPR pass (perform const folding).
Optimizing module $paramod$b5bfe1d4fce40940586b6e35fec61194ae5a8fde\cap_pdb_state_wide_bank.
Optimizing module $paramod$cbc3189b30a0f0ae8c16e45df15b3f5a54303a8f\cap_pdb_masked_min32.
Optimizing module cap_pdb_parallel_compact_allocation_engine.

5.26.16. Finished fast OPT passes. (There is nothing left to do.)

5.27. Executing MEMORY pass.

5.27.1. Executing OPT_MEM pass (optimize memories).
Performed a total of 0 transformations.

5.27.2. Executing OPT_MEM_PRIORITY pass (removing unnecessary memory write priority relations).
Performed a total of 0 transformations.

5.27.3. Executing OPT_MEM_FEEDBACK pass (finding memory read-to-write feedback paths).

5.27.4. Executing MEMORY_BMUX2ROM pass (converting muxes to ROMs).

5.27.5. Executing MEMORY_DFF pass (merging $dff cells to $memrd).

5.27.6. Executing OPT_CLEAN pass (remove unused cells and wires).
Finding unused cells or wires in module $paramod$b5bfe1d4fce40940586b6e35fec61194ae5a8fde\cap_pdb_state_wide_bank..
Finding unused cells or wires in module $paramod$cbc3189b30a0f0ae8c16e45df15b3f5a54303a8f\cap_pdb_masked_min32..
Finding unused cells or wires in module \cap_pdb_parallel_compact_allocation_engine..

5.27.7. Executing MEMORY_SHARE pass (consolidating $memrd/$memwr cells).

5.27.8. Executing OPT_MEM_WIDEN pass (optimize memories where all ports are wide).
Performed a total of 0 transformations.

5.27.9. Executing OPT_CLEAN pass (remove unused cells and wires).
Finding unused cells or wires in module $paramod$b5bfe1d4fce40940586b6e35fec61194ae5a8fde\cap_pdb_state_wide_bank..
Finding unused cells or wires in module $paramod$cbc3189b30a0f0ae8c16e45df15b3f5a54303a8f\cap_pdb_masked_min32..
Finding unused cells or wires in module \cap_pdb_parallel_compact_allocation_engine..

5.27.10. Executing MEMORY_COLLECT pass (generating $mem cells).

5.28. Executing OPT_CLEAN pass (remove unused cells and wires).
Finding unused cells or wires in module $paramod$b5bfe1d4fce40940586b6e35fec61194ae5a8fde\cap_pdb_state_wide_bank..
Finding unused cells or wires in module $paramod$cbc3189b30a0f0ae8c16e45df15b3f5a54303a8f\cap_pdb_masked_min32..
Finding unused cells or wires in module \cap_pdb_parallel_compact_allocation_engine..

5.29. Executing MEMORY_LIBMAP pass (mapping memories to cells).
found attribute 'ram_style = block' on memory $paramod$b5bfe1d4fce40940586b6e35fec61194ae5a8fde\cap_pdb_state_wide_bank.memory, forced mapping to block RAM
mapping memory $paramod$b5bfe1d4fce40940586b6e35fec61194ae5a8fde\cap_pdb_state_wide_bank.memory via $__XILINX_BLOCKRAM_SDP_
<suppressed ~1490 debug messages>

5.30. Executing TECHMAP pass (map to technology primitives).

5.30.1. Executing Verilog-2005 frontend: /share/xilinx/lutrams_xc5v_map.v
Parsing Verilog input from `/share/xilinx/lutrams_xc5v_map.v' to AST representation.
Generating RTLIL representation for module `$__XILINX_LUTRAM_SP_'.
Generating RTLIL representation for module `$__XILINX_LUTRAM_DP_'.
Generating RTLIL representation for module `$__XILINX_LUTRAM_QP_'.
Generating RTLIL representation for module `$__XILINX_LUTRAM_OP_'.
Generating RTLIL representation for module `$__XILINX_LUTRAM_SDP_'.
Generating RTLIL representation for module `$__XILINX_LUTRAM_64X8SW_'.
Generating RTLIL representation for module `$__XILINX_LUTRAM_32X16DR8_'.
Successfully finished Verilog frontend.

5.30.2. Continuing TECHMAP pass.
No more expansions possible.
<suppressed ~9 debug messages>

5.31. Executing TECHMAP pass (map to technology primitives).

5.31.1. Executing Verilog-2005 frontend: /share/xilinx/brams_xc6v_map.v
Parsing Verilog input from `/share/xilinx/brams_xc6v_map.v' to AST representation.
Generating RTLIL representation for module `$__XILINX_BLOCKRAM_TDP_'.
Generating RTLIL representation for module `$__XILINX_BLOCKRAM_SDP_'.
Successfully finished Verilog frontend.

5.31.2. Continuing TECHMAP pass.
Using template $paramod$c1bd90735c5c5bb498202293dba419900b8a996d$__XILINX_BLOCKRAM_SDP_ for cells of type $__XILINX_BLOCKRAM_SDP_.
No more expansions possible.
<suppressed ~48 debug messages>

5.32. Executing OPT pass (performing simple optimizations).

5.32.1. Executing OPT_EXPR pass (perform const folding).
Optimizing module $paramod$b5bfe1d4fce40940586b6e35fec61194ae5a8fde\cap_pdb_state_wide_bank.
<suppressed ~3 debug messages>
Optimizing module $paramod$cbc3189b30a0f0ae8c16e45df15b3f5a54303a8f\cap_pdb_masked_min32.
Optimizing module cap_pdb_parallel_compact_allocation_engine.
<suppressed ~67 debug messages>

5.32.2. Executing OPT_MERGE pass (detect identical cells).
Finding identical cells in module `$paramod$b5bfe1d4fce40940586b6e35fec61194ae5a8fde\cap_pdb_state_wide_bank'.
Computing hashes of 15 cells of `$paramod$b5bfe1d4fce40940586b6e35fec61194ae5a8fde\cap_pdb_state_wide_bank'.
Finding duplicate cells in `$paramod$b5bfe1d4fce40940586b6e35fec61194ae5a8fde\cap_pdb_state_wide_bank'.
Finding identical cells in module `$paramod$cbc3189b30a0f0ae8c16e45df15b3f5a54303a8f\cap_pdb_masked_min32'.
Computing hashes of 2512 cells of `$paramod$cbc3189b30a0f0ae8c16e45df15b3f5a54303a8f\cap_pdb_masked_min32'.
Finding duplicate cells in `$paramod$cbc3189b30a0f0ae8c16e45df15b3f5a54303a8f\cap_pdb_masked_min32'.
Finding identical cells in module `\cap_pdb_parallel_compact_allocation_engine'.
Computing hashes of 2619 cells of `\cap_pdb_parallel_compact_allocation_engine'.
Finding duplicate cells in `\cap_pdb_parallel_compact_allocation_engine'.
Removed a total of 0 cells.

5.32.3. Executing OPT_DFF pass (perform DFF optimizations).

5.32.4. Executing OPT_CLEAN pass (remove unused cells and wires).
Finding unused cells or wires in module $paramod$b5bfe1d4fce40940586b6e35fec61194ae5a8fde\cap_pdb_state_wide_bank..
Finding unused cells or wires in module $paramod$cbc3189b30a0f0ae8c16e45df15b3f5a54303a8f\cap_pdb_masked_min32..
Finding unused cells or wires in module \cap_pdb_parallel_compact_allocation_engine..
Removed 0 unused cells and 279 unused wires.
<suppressed ~2 debug messages>

5.32.5. Finished fast OPT passes.

5.33. Executing MEMORY_MAP pass (converting memories to logic and flip-flops).

5.34. Executing OPT pass (performing simple optimizations).

5.34.1. Executing OPT_EXPR pass (perform const folding).
Optimizing module $paramod$b5bfe1d4fce40940586b6e35fec61194ae5a8fde\cap_pdb_state_wide_bank.
Optimizing module $paramod$cbc3189b30a0f0ae8c16e45df15b3f5a54303a8f\cap_pdb_masked_min32.
Optimizing module cap_pdb_parallel_compact_allocation_engine.
<suppressed ~1 debug messages>

5.34.2. Executing OPT_MERGE pass (detect identical cells).
Finding identical cells in module `$paramod$b5bfe1d4fce40940586b6e35fec61194ae5a8fde\cap_pdb_state_wide_bank'.
Computing hashes of 15 cells of `$paramod$b5bfe1d4fce40940586b6e35fec61194ae5a8fde\cap_pdb_state_wide_bank'.
Finding duplicate cells in `$paramod$b5bfe1d4fce40940586b6e35fec61194ae5a8fde\cap_pdb_state_wide_bank'.
Finding identical cells in module `$paramod$cbc3189b30a0f0ae8c16e45df15b3f5a54303a8f\cap_pdb_masked_min32'.
Computing hashes of 2512 cells of `$paramod$cbc3189b30a0f0ae8c16e45df15b3f5a54303a8f\cap_pdb_masked_min32'.
Finding duplicate cells in `$paramod$cbc3189b30a0f0ae8c16e45df15b3f5a54303a8f\cap_pdb_masked_min32'.
Finding identical cells in module `\cap_pdb_parallel_compact_allocation_engine'.
Computing hashes of 2619 cells of `\cap_pdb_parallel_compact_allocation_engine'.
Finding duplicate cells in `\cap_pdb_parallel_compact_allocation_engine'.
Computing hashes of 2618 cells of `\cap_pdb_parallel_compact_allocation_engine'.
Finding duplicate cells in `\cap_pdb_parallel_compact_allocation_engine'.
<suppressed ~3 debug messages>
Removed a total of 1 cells.

5.34.3. Executing OPT_MUXTREE pass (detect dead branches in mux trees).
Running muxtree optimizer on module $paramod$b5bfe1d4fce40940586b6e35fec61194ae5a8fde\cap_pdb_state_wide_bank..
  Creating internal representation of mux trees.
  No muxes found in this module.
Running muxtree optimizer on module $paramod$cbc3189b30a0f0ae8c16e45df15b3f5a54303a8f\cap_pdb_masked_min32..
  Creating internal representation of mux trees.
  Evaluating internal representation of mux trees.
  Analyzing evaluation results.
Running muxtree optimizer on module \cap_pdb_parallel_compact_allocation_engine..
  Creating internal representation of mux trees.
  Evaluating internal representation of mux trees.
  Analyzing evaluation results.
Removed 0 multiplexer ports.
<suppressed ~354 debug messages>

5.34.4. Executing OPT_REDUCE pass (consolidate $*mux and $reduce_* inputs).
  Optimizing cells in module $paramod$b5bfe1d4fce40940586b6e35fec61194ae5a8fde\cap_pdb_state_wide_bank.
  Optimizing cells in module $paramod$cbc3189b30a0f0ae8c16e45df15b3f5a54303a8f\cap_pdb_masked_min32.
  Optimizing cells in module \cap_pdb_parallel_compact_allocation_engine.
Performed a total of 0 changes.

5.34.5. Executing OPT_MERGE pass (detect identical cells).
Finding identical cells in module `$paramod$b5bfe1d4fce40940586b6e35fec61194ae5a8fde\cap_pdb_state_wide_bank'.
Computing hashes of 15 cells of `$paramod$b5bfe1d4fce40940586b6e35fec61194ae5a8fde\cap_pdb_state_wide_bank'.
Finding duplicate cells in `$paramod$b5bfe1d4fce40940586b6e35fec61194ae5a8fde\cap_pdb_state_wide_bank'.
Finding identical cells in module `$paramod$cbc3189b30a0f0ae8c16e45df15b3f5a54303a8f\cap_pdb_masked_min32'.
Computing hashes of 2512 cells of `$paramod$cbc3189b30a0f0ae8c16e45df15b3f5a54303a8f\cap_pdb_masked_min32'.
Finding duplicate cells in `$paramod$cbc3189b30a0f0ae8c16e45df15b3f5a54303a8f\cap_pdb_masked_min32'.
Finding identical cells in module `\cap_pdb_parallel_compact_allocation_engine'.
Computing hashes of 2618 cells of `\cap_pdb_parallel_compact_allocation_engine'.
Finding duplicate cells in `\cap_pdb_parallel_compact_allocation_engine'.
Removed a total of 0 cells.

5.34.6. Executing OPT_SHARE pass.

5.34.7. Executing OPT_DFF pass (perform DFF optimizations).

5.34.8. Executing OPT_CLEAN pass (remove unused cells and wires).
Finding unused cells or wires in module $paramod$b5bfe1d4fce40940586b6e35fec61194ae5a8fde\cap_pdb_state_wide_bank..
Finding unused cells or wires in module $paramod$cbc3189b30a0f0ae8c16e45df15b3f5a54303a8f\cap_pdb_masked_min32..
Finding unused cells or wires in module \cap_pdb_parallel_compact_allocation_engine..
Removed 0 unused cells and 1 unused wires.
<suppressed ~1 debug messages>

5.34.9. Executing OPT_EXPR pass (perform const folding).
Optimizing module $paramod$b5bfe1d4fce40940586b6e35fec61194ae5a8fde\cap_pdb_state_wide_bank.
Optimizing module $paramod$cbc3189b30a0f0ae8c16e45df15b3f5a54303a8f\cap_pdb_masked_min32.
Optimizing module cap_pdb_parallel_compact_allocation_engine.

5.34.10. Rerunning OPT passes. (Maybe there is more to do..)

5.34.11. Executing OPT_MUXTREE pass (detect dead branches in mux trees).
Running muxtree optimizer on module $paramod$b5bfe1d4fce40940586b6e35fec61194ae5a8fde\cap_pdb_state_wide_bank..
  Creating internal representation of mux trees.
  No muxes found in this module.
Running muxtree optimizer on module $paramod$cbc3189b30a0f0ae8c16e45df15b3f5a54303a8f\cap_pdb_masked_min32..
  Creating internal representation of mux trees.
  Evaluating internal representation of mux trees.
  Analyzing evaluation results.
Running muxtree optimizer on module \cap_pdb_parallel_compact_allocation_engine..
  Creating internal representation of mux trees.
  Evaluating internal representation of mux trees.
  Analyzing evaluation results.
Removed 0 multiplexer ports.
<suppressed ~354 debug messages>

5.34.12. Executing OPT_REDUCE pass (consolidate $*mux and $reduce_* inputs).
  Optimizing cells in module $paramod$b5bfe1d4fce40940586b6e35fec61194ae5a8fde\cap_pdb_state_wide_bank.
  Optimizing cells in module $paramod$cbc3189b30a0f0ae8c16e45df15b3f5a54303a8f\cap_pdb_masked_min32.
  Optimizing cells in module \cap_pdb_parallel_compact_allocation_engine.
Performed a total of 0 changes.

5.34.13. Executing OPT_MERGE pass (detect identical cells).
Finding identical cells in module `$paramod$b5bfe1d4fce40940586b6e35fec61194ae5a8fde\cap_pdb_state_wide_bank'.
Computing hashes of 15 cells of `$paramod$b5bfe1d4fce40940586b6e35fec61194ae5a8fde\cap_pdb_state_wide_bank'.
Finding duplicate cells in `$paramod$b5bfe1d4fce40940586b6e35fec61194ae5a8fde\cap_pdb_state_wide_bank'.
Finding identical cells in module `$paramod$cbc3189b30a0f0ae8c16e45df15b3f5a54303a8f\cap_pdb_masked_min32'.
Computing hashes of 2512 cells of `$paramod$cbc3189b30a0f0ae8c16e45df15b3f5a54303a8f\cap_pdb_masked_min32'.
Finding duplicate cells in `$paramod$cbc3189b30a0f0ae8c16e45df15b3f5a54303a8f\cap_pdb_masked_min32'.
Finding identical cells in module `\cap_pdb_parallel_compact_allocation_engine'.
Computing hashes of 2618 cells of `\cap_pdb_parallel_compact_allocation_engine'.
Finding duplicate cells in `\cap_pdb_parallel_compact_allocation_engine'.
Removed a total of 0 cells.

5.34.14. Executing OPT_SHARE pass.

5.34.15. Executing OPT_DFF pass (perform DFF optimizations).

5.34.16. Executing OPT_CLEAN pass (remove unused cells and wires).
Finding unused cells or wires in module $paramod$b5bfe1d4fce40940586b6e35fec61194ae5a8fde\cap_pdb_state_wide_bank..
Finding unused cells or wires in module $paramod$cbc3189b30a0f0ae8c16e45df15b3f5a54303a8f\cap_pdb_masked_min32..
Finding unused cells or wires in module \cap_pdb_parallel_compact_allocation_engine..

5.34.17. Executing OPT_EXPR pass (perform const folding).
Optimizing module $paramod$b5bfe1d4fce40940586b6e35fec61194ae5a8fde\cap_pdb_state_wide_bank.
Optimizing module $paramod$cbc3189b30a0f0ae8c16e45df15b3f5a54303a8f\cap_pdb_masked_min32.
Optimizing module cap_pdb_parallel_compact_allocation_engine.

5.34.18. Finished fast OPT passes. (There is nothing left to do.)

5.35. Executing XILINX_SRL pass (Xilinx shift register extraction).

5.36. Executing TECHMAP pass (map to technology primitives).

5.36.1. Executing Verilog-2005 frontend: /share/techmap.v
Parsing Verilog input from `/share/techmap.v' to AST representation.
Generating RTLIL representation for module `\_90_simplemap_bool_ops'.
Generating RTLIL representation for module `\_90_simplemap_reduce_ops'.
Generating RTLIL representation for module `\_90_simplemap_logic_ops'.
Generating RTLIL representation for module `\_90_simplemap_compare_ops'.
Generating RTLIL representation for module `\_90_simplemap_various'.
Generating RTLIL representation for module `\_90_simplemap_registers'.
Generating RTLIL representation for module `\_90_shift_ops_shr_shl_sshl_sshr'.
Generating RTLIL representation for module `\_90_shift_shiftx'.
Generating RTLIL representation for module `\_90_fa'.
Generating RTLIL representation for module `\_90_lcu_brent_kung'.
Generating RTLIL representation for module `\_90_alu'.
Generating RTLIL representation for module `\_90_macc'.
Generating RTLIL representation for module `\_90_alumacc'.
Generating RTLIL representation for module `$__div_mod_u'.
Generating RTLIL representation for module `$__div_mod_trunc'.
Generating RTLIL representation for module `\_90_div'.
Generating RTLIL representation for module `\_90_mod'.
Generating RTLIL representation for module `$__div_mod_floor'.
Generating RTLIL representation for module `\_90_divfloor'.
Generating RTLIL representation for module `\_90_modfloor'.
Generating RTLIL representation for module `\_90_pow'.
Generating RTLIL representation for module `\_90_demux'.
Generating RTLIL representation for module `\_90_lut'.
Generating RTLIL representation for module `$connect'.
Generating RTLIL representation for module `$input_port'.
Successfully finished Verilog frontend.

5.36.2. Executing Verilog-2005 frontend: /share/xilinx/arith_map.v
Parsing Verilog input from `/share/xilinx/arith_map.v' to AST representation.
Generating RTLIL representation for module `\_80_xilinx_lcu'.
Generating RTLIL representation for module `\_80_xilinx_alu'.
Successfully finished Verilog frontend.

5.36.3. Continuing TECHMAP pass.
Using template $paramod$817919053e360e32f1a00d067c5411f16a07f712\_80_xilinx_alu for cells of type $alu.
Using template $paramod$d735c1bd8e4aaeb55e846141d44dc1e2c1104582\_80_xilinx_alu for cells of type $alu.
Using extmapper maccmap for cells of type $macc_v2.
  add $1\final_group_minimum[15:0] (16 bits, unsigned)
  add \final_group_minimum (16 bits, unsigned)
  add $12\final_group_minimum[15:0] (16 bits, unsigned)
  add $11\final_group_minimum[15:0] (16 bits, unsigned)
  add $10\final_group_minimum[15:0] (16 bits, unsigned)
  add $9\final_group_minimum[15:0] (16 bits, unsigned)
  add $8\final_group_minimum[15:0] (16 bits, unsigned)
  add $7\final_group_minimum[15:0] (16 bits, unsigned)
  add $6\final_group_minimum[15:0] (16 bits, unsigned)
  add $5\final_group_minimum[15:0] (16 bits, unsigned)
  add $4\final_group_minimum[15:0] (16 bits, unsigned)
  add $3\final_group_minimum[15:0] (16 bits, unsigned)
  add $2\final_group_minimum[15:0] (16 bits, unsigned)
Using extmapper simplemap for cells of type $sdffe.
Using extmapper simplemap for cells of type $reduce_bool.
Using extmapper simplemap for cells of type $ne.
Using extmapper simplemap for cells of type $reduce_and.
Using extmapper simplemap for cells of type $sdff.
Using extmapper simplemap for cells of type $reduce_or.
Using extmapper simplemap for cells of type $not.
Using extmapper simplemap for cells of type $and.
Using extmapper simplemap for cells of type $eq.
Using extmapper simplemap for cells of type $logic_not.
Using extmapper simplemap for cells of type $dff.
Using extmapper simplemap for cells of type $or.
Using extmapper simplemap for cells of type $xnor.
Using template $paramod\_80_xilinx_lcu\WIDTH=s32'00000000000000000000000000000110 for cells of type $lcu.
Using extmapper simplemap for cells of type $logic_and.
Using extmapper simplemap for cells of type $mux.
Using template $paramod\_90_fa\WIDTH=32'00000000000000000000000000010000 for cells of type $fa.
Using template $paramod\_90_fa\WIDTH=32'00000000000000000000000000010001 for cells of type $fa.
Using template $paramod\_90_fa\WIDTH=32'00000000000000000000000000010010 for cells of type $fa.
Using template $paramod\_90_fa\WIDTH=32'00000000000000000000000000010011 for cells of type $fa.
Using template $paramod\_90_fa\WIDTH=32'00000000000000000000000000010100 for cells of type $fa.
Using template $paramod$ad0678f72e5eed11ec01a0c5d1190efdf3061355\_80_xilinx_alu for cells of type $alu.
Using extmapper simplemap for cells of type $pos.
Using extmapper simplemap for cells of type $xor.
No more expansions possible.
<suppressed ~6521 debug messages>

5.37. Executing OPT pass (performing simple optimizations).

5.37.1. Executing OPT_EXPR pass (perform const folding).
Optimizing module $paramod$b5bfe1d4fce40940586b6e35fec61194ae5a8fde\cap_pdb_state_wide_bank.
Optimizing module $paramod$cbc3189b30a0f0ae8c16e45df15b3f5a54303a8f\cap_pdb_masked_min32.
Optimizing module cap_pdb_parallel_compact_allocation_engine.
<suppressed ~22456 debug messages>

5.37.2. Executing OPT_MERGE pass (detect identical cells).
Finding identical cells in module `$paramod$b5bfe1d4fce40940586b6e35fec61194ae5a8fde\cap_pdb_state_wide_bank'.
Computing hashes of 15 cells of `$paramod$b5bfe1d4fce40940586b6e35fec61194ae5a8fde\cap_pdb_state_wide_bank'.
Finding duplicate cells in `$paramod$b5bfe1d4fce40940586b6e35fec61194ae5a8fde\cap_pdb_state_wide_bank'.
Finding identical cells in module `$paramod$cbc3189b30a0f0ae8c16e45df15b3f5a54303a8f\cap_pdb_masked_min32'.
Computing hashes of 3860 cells of `$paramod$cbc3189b30a0f0ae8c16e45df15b3f5a54303a8f\cap_pdb_masked_min32'.
Finding duplicate cells in `$paramod$cbc3189b30a0f0ae8c16e45df15b3f5a54303a8f\cap_pdb_masked_min32'.
Finding identical cells in module `\cap_pdb_parallel_compact_allocation_engine'.
Computing hashes of 42098 cells of `\cap_pdb_parallel_compact_allocation_engine'.
Finding duplicate cells in `\cap_pdb_parallel_compact_allocation_engine'.
Computing hashes of 42072 cells of `\cap_pdb_parallel_compact_allocation_engine'.
Finding duplicate cells in `\cap_pdb_parallel_compact_allocation_engine'.
Computing hashes of 42060 cells of `\cap_pdb_parallel_compact_allocation_engine'.
Finding duplicate cells in `\cap_pdb_parallel_compact_allocation_engine'.
<suppressed ~114 debug messages>
Removed a total of 38 cells.

5.37.3. Executing OPT_DFF pass (perform DFF optimizations).

5.37.4. Executing OPT_CLEAN pass (remove unused cells and wires).
Finding unused cells or wires in module $paramod$b5bfe1d4fce40940586b6e35fec61194ae5a8fde\cap_pdb_state_wide_bank..
Finding unused cells or wires in module $paramod$cbc3189b30a0f0ae8c16e45df15b3f5a54303a8f\cap_pdb_masked_min32..
Finding unused cells or wires in module \cap_pdb_parallel_compact_allocation_engine..
Removed 240 unused cells and 5140 unused wires.
<suppressed ~242 debug messages>

5.37.5. Finished fast OPT passes.

5.38. Executing IOPADMAP pass (mapping inputs/outputs to IO-PAD cells).
Mapping port cap_pdb_parallel_compact_allocation_engine.busy using OBUF.
Mapping port cap_pdb_parallel_compact_allocation_engine.clk using IBUF.
Mapping port cap_pdb_parallel_compact_allocation_engine.cycles using OBUF.
Mapping port cap_pdb_parallel_compact_allocation_engine.done using OBUF.
Mapping port cap_pdb_parallel_compact_allocation_engine.group_cost_sum using OBUF.
Mapping port cap_pdb_parallel_compact_allocation_engine.group_state using IBUF.
Mapping port cap_pdb_parallel_compact_allocation_engine.reachable_effects using IBUF.
Mapping port cap_pdb_parallel_compact_allocation_engine.right_weight using IBUF.
Mapping port cap_pdb_parallel_compact_allocation_engine.rst using IBUF.
Mapping port cap_pdb_parallel_compact_allocation_engine.start using IBUF.
Mapping port cap_pdb_parallel_compact_allocation_engine.table_wdata using IBUF.
Mapping port cap_pdb_parallel_compact_allocation_engine.table_we using IBUF.
Mapping port cap_pdb_parallel_compact_allocation_engine.table_wgroup using IBUF.
Mapping port cap_pdb_parallel_compact_allocation_engine.table_wrow using IBUF.
Mapping port cap_pdb_parallel_compact_allocation_engine.valid using OBUF.

5.39. Executing TECHMAP pass (map to technology primitives).

5.39.1. Executing Verilog-2005 frontend: /share/techmap.v
Parsing Verilog input from `/share/techmap.v' to AST representation.
Generating RTLIL representation for module `\_90_simplemap_bool_ops'.
Generating RTLIL representation for module `\_90_simplemap_reduce_ops'.
Generating RTLIL representation for module `\_90_simplemap_logic_ops'.
Generating RTLIL representation for module `\_90_simplemap_compare_ops'.
Generating RTLIL representation for module `\_90_simplemap_various'.
Generating RTLIL representation for module `\_90_simplemap_registers'.
Generating RTLIL representation for module `\_90_shift_ops_shr_shl_sshl_sshr'.
Generating RTLIL representation for module `\_90_shift_shiftx'.
Generating RTLIL representation for module `\_90_fa'.
Generating RTLIL representation for module `\_90_lcu_brent_kung'.
Generating RTLIL representation for module `\_90_alu'.
Generating RTLIL representation for module `\_90_macc'.
Generating RTLIL representation for module `\_90_alumacc'.
Generating RTLIL representation for module `$__div_mod_u'.
Generating RTLIL representation for module `$__div_mod_trunc'.
Generating RTLIL representation for module `\_90_div'.
Generating RTLIL representation for module `\_90_mod'.
Generating RTLIL representation for module `$__div_mod_floor'.
Generating RTLIL representation for module `\_90_divfloor'.
Generating RTLIL representation for module `\_90_modfloor'.
Generating RTLIL representation for module `\_90_pow'.
Generating RTLIL representation for module `\_90_demux'.
Generating RTLIL representation for module `\_90_lut'.
Generating RTLIL representation for module `$connect'.
Generating RTLIL representation for module `$input_port'.
Successfully finished Verilog frontend.

5.39.2. Executing Verilog-2005 frontend: /share/xilinx/cells_map.v
Parsing Verilog input from `/share/xilinx/cells_map.v' to AST representation.
Generating RTLIL representation for module `$__SHREG_'.
Generating RTLIL representation for module `$__XILINX_SHREG_'.
Generating RTLIL representation for module `$__XILINX_MUXF78'.
Successfully finished Verilog frontend.

5.39.3. Continuing TECHMAP pass.
No more expansions possible.
<suppressed ~80 debug messages>
Removed 0 unused cells and 1 unused wires.

5.40. Executing DFFLEGALIZE pass (convert FFs to types supported by the target).

5.41. Executing OPT_EXPR pass (perform const folding).
Optimizing module $paramod$b5bfe1d4fce40940586b6e35fec61194ae5a8fde\cap_pdb_state_wide_bank.
Optimizing module $paramod$cbc3189b30a0f0ae8c16e45df15b3f5a54303a8f\cap_pdb_masked_min32.
Optimizing module cap_pdb_parallel_compact_allocation_engine.

5.42. Executing ABC pass (technology mapping using ABC).

5.42.1. Extracting gate netlist of module `$paramod$b5bfe1d4fce40940586b6e35fec61194ae5a8fde\cap_pdb_state_wide_bank' to `<abc-temp-dir>/input.blif'..

5.42.1.1. Executed ABC.
Extracted 0 gates and 0 wires to a netlist network with 0 inputs and 0 outputs.
Don't call ABC as there is nothing to map.
Removing temp directory.

5.42.2. Extracting gate netlist of module `$paramod$cbc3189b30a0f0ae8c16e45df15b3f5a54303a8f\cap_pdb_masked_min32' to `<abc-temp-dir>/input.blif'..

5.42.2.1. Executed ABC.
Extracted 3798 gates and 4374 wires to a netlist network with 575 inputs and 388 outputs.
Running ABC script: <abc-temp-dir>/abc.script
ABC: ======== ABC command line "source <abc-temp-dir>/abc.script"
ABC: + read_blif <abc-temp-dir>/input.blif
ABC: + read_lut <abc-temp-dir>/lutdefs.txt
ABC: + strash
ABC: + &get -n
ABC: + &fraig -x
ABC: + &put
ABC: + scorr
ABC: Warning: The network is combinational (run "fraig" or "fraig_sweep").
ABC: + dc2
ABC: + dretime
ABC: + strash
ABC: + dch -f
ABC: + if
ABC: + mfs2
ABC: + write_blif <abc-temp-dir>/output.blif

5.42.2.2. Re-integrating ABC results.
ABC RESULTS:              $lut cells:     1137
ABC RESULTS:        internal signals:     3411
ABC RESULTS:           input signals:      575
ABC RESULTS:          output signals:      388
Removing temp directory.

5.42.3. Extracting gate netlist of module `\cap_pdb_parallel_compact_allocation_engine' to `<abc-temp-dir>/input.blif'..

5.42.3.1. Executed ABC.
Extracted 39424 gates and 47451 wires to a netlist network with 8025 inputs and 7916 outputs.
Running ABC script: <abc-temp-dir>/abc.script
ABC: ======== ABC command line "source <abc-temp-dir>/abc.script"
ABC: + read_blif <abc-temp-dir>/input.blif
ABC: + read_lut <abc-temp-dir>/lutdefs.txt
ABC: + strash
ABC: + &get -n
ABC: + &fraig -x
ABC: + &put
ABC: + scorr
ABC: Warning: The network is combinational (run "fraig" or "fraig_sweep").
ABC: + dc2
ABC: + dretime
ABC: + strash
ABC: + dch -f
ABC: + if
ABC: + mfs2
ABC: + write_blif <abc-temp-dir>/output.blif

5.42.3.2. Re-integrating ABC results.
ABC RESULTS:              $lut cells:    12369
ABC RESULTS:        internal signals:    31510
ABC RESULTS:           input signals:     8025
ABC RESULTS:          output signals:     7916
Removing temp directory.
Removing global temp directory.
Removed 0 unused cells and 20003 unused wires.

5.43. Executing TECHMAP pass (map to technology primitives).

5.43.1. Executing Verilog-2005 frontend: /share/xilinx/ff_map.v
Parsing Verilog input from `/share/xilinx/ff_map.v' to AST representation.
Generating RTLIL representation for module `$_DFFE_NP0P_'.
Generating RTLIL representation for module `$_DFFE_PP0P_'.
Generating RTLIL representation for module `$_DFFE_NP1P_'.
Generating RTLIL representation for module `$_DFFE_PP1P_'.
Generating RTLIL representation for module `$_DFFSRE_NPPP_'.
Generating RTLIL representation for module `$_DFFSRE_PPPP_'.
Generating RTLIL representation for module `$_SDFFE_NP0P_'.
Generating RTLIL representation for module `$_SDFFE_PP0P_'.
Generating RTLIL representation for module `$_SDFFE_NP1P_'.
Generating RTLIL representation for module `$_SDFFE_PP1P_'.
Generating RTLIL representation for module `$_DLATCH_NP0_'.
Generating RTLIL representation for module `$_DLATCH_PP0_'.
Generating RTLIL representation for module `$_DLATCH_NP1_'.
Generating RTLIL representation for module `$_DLATCH_PP1_'.
Generating RTLIL representation for module `$_DLATCH_NPP_'.
Generating RTLIL representation for module `$_DLATCH_PPP_'.
Successfully finished Verilog frontend.

5.43.2. Continuing TECHMAP pass.
Using template $paramod$_SDFFE_PP0P_\_TECHMAP_WIREINIT_Q_=1'x for cells of type $_SDFFE_PP0P_.
Using template $paramod$_SDFFE_PP1P_\_TECHMAP_WIREINIT_Q_=1'x for cells of type $_SDFFE_PP1P_.
No more expansions possible.
<suppressed ~710 debug messages>

5.44. Executing XILINX_SRL pass (Xilinx shift register extraction).

5.45. Executing TECHMAP pass (map to technology primitives).

5.45.1. Executing Verilog-2005 frontend: /share/xilinx/lut_map.v
Parsing Verilog input from `/share/xilinx/lut_map.v' to AST representation.
Generating RTLIL representation for module `$lut'.
Successfully finished Verilog frontend.

5.45.2. Executing Verilog-2005 frontend: /share/xilinx/cells_map.v
Parsing Verilog input from `/share/xilinx/cells_map.v' to AST representation.
Generating RTLIL representation for module `$__SHREG_'.
Generating RTLIL representation for module `$__XILINX_SHREG_'.
Generating RTLIL representation for module `$__XILINX_MUXF78'.
Successfully finished Verilog frontend.

5.45.3. Continuing TECHMAP pass.
Using template $paramod$lut\WIDTH=32'00000000000000000000000000000001\LUT=2'01 for cells of type $lut.
Using template $paramod$ee19d45db61acb4c70d938b97483a4ed4b792645$lut for cells of type $lut.
Using template $paramod$lut\WIDTH=32'00000000000000000000000000000010\LUT=4'0001 for cells of type $lut.
Using template $paramod$f57ef67161201254e57fafa887e175f2e7aff75e$lut for cells of type $lut.
Using template $paramod$lut\WIDTH=32'00000000000000000000000000000011\LUT=8'00000001 for cells of type $lut.
Using template $paramod$84dd4e5804cfe81fbddd7eea94243c248360de24$lut for cells of type $lut.
Using template $paramod$7bb6a37e65823eeb4b38c370fec30ab082759a14$lut for cells of type $lut.
Using template $paramod$8eadbc9139801602d3711d81605e04d50401f3ec$lut for cells of type $lut.
Using template $paramod$lut\WIDTH=32'00000000000000000000000000000010\LUT=4'1110 for cells of type $lut.
Using template $paramod$bdaf9ad44ca7fb9a4c30c1f75d318ddd66ad0d74$lut for cells of type $lut.
Using template $paramod$f4c708f43938fe53d8500dcea816d1a915c1905f$lut for cells of type $lut.
Using template $paramod$6344b6a9e05da861a196b83f80ce4c3a000333f6$lut for cells of type $lut.
Using template $paramod$lut\WIDTH=32'00000000000000000000000000000010\LUT=4'1000 for cells of type $lut.
Using template $paramod$bf0916c6d7935eef0257c8c924841f67bcefce14$lut for cells of type $lut.
Using template $paramod$3a456086f9aadd68ee04d4d7afbad8c702368bc8$lut for cells of type $lut.
Using template $paramod$lut\WIDTH=32'00000000000000000000000000000011\LUT=8'01110000 for cells of type $lut.
Using template $paramod$658b9ed803f0d3d335616d3858b53e0a2522f1e8$lut for cells of type $lut.
Using template $paramod$lut\WIDTH=32'00000000000000000000000000000011\LUT=8'01011100 for cells of type $lut.
Using template $paramod$a463d1a3466b6af13b78490c3c2ff396e9121cc4$lut for cells of type $lut.
Using template $paramod$d22f801fcd75db8db906abae80b93b957b773450$lut for cells of type $lut.
Using template $paramod$525425bfbe66d72ee88210d059d9a74f55ab8de8$lut for cells of type $lut.
Using template $paramod$lut\WIDTH=32'00000000000000000000000000000010\LUT=4'0010 for cells of type $lut.
Using template $paramod$6d6beead1425af15cf78b27fd9b11b41b5d4bce8$lut for cells of type $lut.
Using template $paramod$lut\WIDTH=32'00000000000000000000000000000010\LUT=4'1101 for cells of type $lut.
Using template $paramod$9cf044275e70b6dc34d2f815a6f8ffc23f9694a0$lut for cells of type $lut.
Using template $paramod$134ff8682de338bde0aa2a3712804860dfc70a02$lut for cells of type $lut.
Using template $paramod$5874ce2b9c9b7fc4987a26edd546890fe2750607$lut for cells of type $lut.
Using template $paramod$461151e91ac916adeb2782c81069438ef0e777c9$lut for cells of type $lut.
Using template $paramod$9bdc414229f06e785dc8fd97a243faa9336e164a$lut for cells of type $lut.
Using template $paramod$56d1d653b949acd6b5997ecfa11928d8f5ed9e38$lut for cells of type $lut.
Using template $paramod$f827948ca69938f9bf6ff1c1bd3ea5826dc0b97d$lut for cells of type $lut.
Using template $paramod$147df4e0b8965217e1f6e16dadd0f41be2fbff31$lut for cells of type $lut.
Using template $paramod$7d2ffb1127b6d3bcd5c17f2724b343ab1bc3ea11$lut for cells of type $lut.
Using template $paramod$b8bc93a50860defb026422e051b1b5c80f73638b$lut for cells of type $lut.
Using template $paramod$4248beb3df860a2d15bc35921aba7301bae7326f$lut for cells of type $lut.
Using template $paramod$a9af8bbc9d066a527e5d9e8480375d9a47983f5f$lut for cells of type $lut.
Using template $paramod$lut\WIDTH=32'00000000000000000000000000000011\LUT=8'11000101 for cells of type $lut.
Using template $paramod$b9989908ae497c10f5e53025b70a47873f8f4a4a$lut for cells of type $lut.
Using template $paramod$eba7de026ff587370e320127e266317dae097a89$lut for cells of type $lut.
Using template $paramod$34e4c5369e45fd857651d92213ac59cdcf3d383b$lut for cells of type $lut.
Using template $paramod$ab134fc13444119ad94842c810ddf6a527b8afa1$lut for cells of type $lut.
Using template $paramod$90687826ecc50762f08b06e0c2f0be8f8b42044c$lut for cells of type $lut.
Using template $paramod$lut\WIDTH=32'00000000000000000000000000000011\LUT=8'00110101 for cells of type $lut.
Using template $paramod$21beb60ae3a32c4829fcabe9872d6016e2d16821$lut for cells of type $lut.
Using template $paramod$7e1cdf545683685dc578354d667bae26970fd500$lut for cells of type $lut.
Using template $paramod$3af41d2400e35eccb2c5613bb6fa815c11e10927$lut for cells of type $lut.
Using template $paramod$b71ada0891b674f672d67502a0a99ade7603b6f3$lut for cells of type $lut.
Using template $paramod$f1c3570c03a7123675e3adf8ddf2eeb997c0168c$lut for cells of type $lut.
Using template $paramod$lut\WIDTH=32'00000000000000000000000000000010\LUT=4'0100 for cells of type $lut.
Using template $paramod$e077267a16a656dafc33635455de5045f5774071$lut for cells of type $lut.
Using template $paramod$c441dbd41fa7b52ce609b1fb3e8a706905598601$lut for cells of type $lut.
Using template $paramod$b212317e95590b77f4cdd3e8535035f418831d42$lut for cells of type $lut.
Using template $paramod$dd9ec35e5ebbf1a1b19c6f9ab9ea1135233c2f43$lut for cells of type $lut.
Using template $paramod$29c4d24832c11aa317da53c5d45ea5202105d75d$lut for cells of type $lut.
Using template $paramod$c362ad8dedc7d166ed978091aca319ab1e81a2d4$lut for cells of type $lut.
Using template $paramod$69ec8a3fdf78eaeedb8cbb5d5ef493731c901144$lut for cells of type $lut.
Using template $paramod$1b372cbc15b79410cf4fdcc168c8c694e66f0db0$lut for cells of type $lut.
Using template $paramod$c7ddfd4a99b7b0fc327f47c71f064b1d5819cb85$lut for cells of type $lut.
Using template $paramod$5144b7ca6e4237d7e7d5ee3ebdfb612df493e5ba$lut for cells of type $lut.
Using template $paramod$lut\WIDTH=32'00000000000000000000000000000011\LUT=8'10101100 for cells of type $lut.
Using template $paramod$7edc6e62c2bd987c4db7a384b200f8804caaeb85$lut for cells of type $lut.
Using template $paramod$892f09c166ac66d081a83c58c4c973fa8f6776c4$lut for cells of type $lut.
Using template $paramod$f37968911bfc76a2908410ed9cd7db5eee6e7127$lut for cells of type $lut.
Using template $paramod$9ae0f136c9ed34a2deb323e9b2a3a520eea61514$lut for cells of type $lut.
Using template $paramod$ef02ea28c4f9766a22068d6502e87f79cf2d9131$lut for cells of type $lut.
Using template $paramod$319e64b33889667920137e500127a80016d03dfc$lut for cells of type $lut.
Using template $paramod$7afe0a9fabfb1f9cf16c5380ea696cacafb63dee$lut for cells of type $lut.
Using template $paramod$e29d8ce098b65ec340348fa7d4606ccd4f0ca7ba$lut for cells of type $lut.
Using template $paramod$d35161d1d7976dcc02e7c7d51172431be85143b4$lut for cells of type $lut.
Using template $paramod$lut\WIDTH=32'00000000000000000000000000000011\LUT=8'10111111 for cells of type $lut.
Using template $paramod$f1c56dd90aadb4d3729b00796fa63d963627ab0c$lut for cells of type $lut.
Using template $paramod$aa0372b3dd37472591736ea9bdc040e5897afd71$lut for cells of type $lut.
Using template $paramod$6e238df02989b317f10820a22773676e71120644$lut for cells of type $lut.
Using template $paramod$3dcde2c1af8b00a3266399faa4144fa32c300c9d$lut for cells of type $lut.
Using template $paramod$c553bdbe4cf958738cca8d3ee72b1a8b13373060$lut for cells of type $lut.
Using template $paramod$272652f6c6fbe9a75eff76e45cc7e2788835518b$lut for cells of type $lut.
Using template $paramod$8e613e254004b53735f754cfc8ecb96eec7e7895$lut for cells of type $lut.
Using template $paramod$b10115dd1db3698e33417c7d2489fd637c217a0c$lut for cells of type $lut.
Using template $paramod$3ef319efded008eed5f930491a82ee1762b3c0df$lut for cells of type $lut.
Using template $paramod$41ff62965eda29858cd25755ed58c71560bbffd9$lut for cells of type $lut.
Using template $paramod$39a17684f8c6b69cc455a5efe8715f467de3efbe$lut for cells of type $lut.
Using template $paramod$4e7a03299d8e03d6683ea981b19001ad6b83c87b$lut for cells of type $lut.
Using template $paramod$359fe4e746656bf9c72aecaff84fc7bdea9f55a5$lut for cells of type $lut.
Using template $paramod$57b0544f41a25c72a09d87f02afdb1a58250c2f7$lut for cells of type $lut.
Using template $paramod$5cf3d6458b1aa00b8fccd8c34b9f5ac0fd032794$lut for cells of type $lut.
Using template $paramod$3817c97939a42ec170b0c4a017b38cf63d201cc6$lut for cells of type $lut.
Using template $paramod$79bb43cadf8005e4ca4a38b51d1dedfa209a6c2b$lut for cells of type $lut.
Using template $paramod$acb4e1886d766f59d57cf09cd171962a6f0718a2$lut for cells of type $lut.
Using template $paramod$2cb253662332a816d02d19776fa93056990193bd$lut for cells of type $lut.
Using template $paramod$eaea71a4cc0dc5506c6181477cfd70bef8f6e9ab$lut for cells of type $lut.
Using template $paramod$31b733cd55c680261b2f8eac8a3640c7194eebae$lut for cells of type $lut.
Using template $paramod$255c0e6717b5ab197fb31a7ee632d5fe2a1cab33$lut for cells of type $lut.
Using template $paramod$eeed37ce45abdda29d3e180f2d1dfc0c4c376530$lut for cells of type $lut.
Using template $paramod$8a84396cca2c0d9603cca13c2159facbb4321e30$lut for cells of type $lut.
Using template $paramod$0733cb2bac3d558263647b51fb29dfdaf57a523d$lut for cells of type $lut.
Using template $paramod$lut\WIDTH=32'00000000000000000000000000000011\LUT=8'11001010 for cells of type $lut.
Using template $paramod$cffcdcfefee28cb7804202d59fcab831562282d3$lut for cells of type $lut.
Using template $paramod$2bc4db8bd4fb8d056f72dd182e27de9a154d9eee$lut for cells of type $lut.
Using template $paramod$42006ed8574413d87a018675e15c398bf45ec57b$lut for cells of type $lut.
Using template $paramod$c230b81ff74b2d43068bae07cbb3a47917067fd5$lut for cells of type $lut.
Using template $paramod$lut\WIDTH=32'00000000000000000000000000000011\LUT=8'11000100 for cells of type $lut.
Using template $paramod$e395ab8d99512732e4a06f7c45090eef81d62469$lut for cells of type $lut.
Using template $paramod$e8bdf6197c3371fd2cf73cedd2a259c0da599b0f$lut for cells of type $lut.
Using template $paramod$lut\WIDTH=32'00000000000000000000000000000011\LUT=8'00010000 for cells of type $lut.
Using template $paramod$befda866bfb7808c63210194c28cae6058085cb3$lut for cells of type $lut.
Using template $paramod$9017db97158c59c4c4f51d35f52a8f9d230b696e$lut for cells of type $lut.
Using template $paramod$85b31e202bd00f8943c7fe99c3186757a37c556a$lut for cells of type $lut.
Using template $paramod$9eacd934477e4d0ad6344a5a85ef6dcee5b6a38e$lut for cells of type $lut.
Using template $paramod$57f09d6c7a061b9299a587b382c104017b97bb1e$lut for cells of type $lut.
Using template $paramod$lut\WIDTH=32'00000000000000000000000000000011\LUT=8'00111010 for cells of type $lut.
Using template $paramod$a5423464d7fb73caf997ca9bef94eb072039ffa3$lut for cells of type $lut.
Using template $paramod$e6a4aac14b366f7770f6afc50867b3b8176ebb96$lut for cells of type $lut.
Using template $paramod$a7b1dd91c4ebe2536af4370ee08f5559392edfa0$lut for cells of type $lut.
Using template $paramod$1c78b392f3c73d7a59a9776f15703f669e2dbcd6$lut for cells of type $lut.
Using template $paramod$cbb2dfe31d344d3326d567c2ed5a4b2a29f63219$lut for cells of type $lut.
Using template $paramod$6069048ea7c45159713a0558424cdfb243a46dfe$lut for cells of type $lut.
Using template $paramod$c0b04d745f286a1c09e481ed548a39af13d8e5e7$lut for cells of type $lut.
Using template $paramod$6f94ed872e6e996ae21b7b60ade8b217c03dc294$lut for cells of type $lut.
Using template $paramod$200337237619ba4c0bed9a492562f1d1b57fb569$lut for cells of type $lut.
Using template $paramod$422dd33b76f2dc4ebbe202d12393bbe9eed817db$lut for cells of type $lut.
Using template $paramod$09c366e6932047412092167fd3dbee4c1c53e439$lut for cells of type $lut.
Using template $paramod$lut\WIDTH=32'00000000000000000000000000000011\LUT=8'11111110 for cells of type $lut.
Using template $paramod$585f8d0535393226bafbbaa42f3674ea36bbcf40$lut for cells of type $lut.
Using template $paramod$43e9b2d4c9e2be28e51ead1419f2fdeb59b12870$lut for cells of type $lut.
Using template $paramod$40be4653294ca86bfa8ee3545fb1d4900695ff06$lut for cells of type $lut.
Using template $paramod$8153092568bec0a070585c48726e5808c07f3d64$lut for cells of type $lut.
Using template $paramod$75bf44fbe4a183847a7138f4e9646bc6bfe3d49e$lut for cells of type $lut.
Using template $paramod$07652c468021005a63d2e4039c20812a5c0ccb55$lut for cells of type $lut.
Using template $paramod$cf652acbfbf67d2248e3045cd0f09c58ca55886c$lut for cells of type $lut.
Using template $paramod$17ba8e6313205d415307be8c2ed0e55938895aa4$lut for cells of type $lut.
Using template $paramod$3294918f931586c74e42b884568589dfd2e11353$lut for cells of type $lut.
Using template $paramod$a3b54fd28d229f374eacdb8562ed95c032f234ab$lut for cells of type $lut.
Using template $paramod$f2b6faf9d1ec2ce3667118cfb92253fb55ef9ee3$lut for cells of type $lut.
Using template $paramod$eb5584e2af6b6d891f3152a97d3e9007a57f0cfb$lut for cells of type $lut.
Using template $paramod$lut\WIDTH=32'00000000000000000000000000000011\LUT=8'00001101 for cells of type $lut.
Using template $paramod$613d9b53436aeeb0b876e388a768b6b7780eff30$lut for cells of type $lut.
Using template $paramod$be29d0d1cb42072a55a6bf5717092c82d8391ede$lut for cells of type $lut.
Using template $paramod$172a22f4db0cc17281c777b67c8cd80a77805397$lut for cells of type $lut.
Using template $paramod$25a14b7d51aa588f6731aa5430de22bfb5890d44$lut for cells of type $lut.
Using template $paramod$b8bb11a167ee3d0c2be1f441346c2ecfb47227e6$lut for cells of type $lut.
Using template $paramod$20c5ad12ccc49d33d0222ea30b89634b120418ca$lut for cells of type $lut.
Using template $paramod$010cb8d70cdc9639acb93294af0585ed45319fa1$lut for cells of type $lut.
Using template $paramod$fe4be41ca99978dcdb8f8c64fa471e60bfede3a5$lut for cells of type $lut.
Using template $paramod$lut\WIDTH=32'00000000000000000000000000000010\LUT=4'1011 for cells of type $lut.
Using template $paramod$da5c52a78fcf019a293a1c3800006cb1e516cfcc$lut for cells of type $lut.
Using template $paramod$68f1ab08e39f9f84031ba507df152ed237201008$lut for cells of type $lut.
Using template $paramod$6df0f0730ddd13ebffa00a41021411a9cdac3758$lut for cells of type $lut.
Using template $paramod$2cebd2875fac117c3cea9e284b20d05d500c9700$lut for cells of type $lut.
Using template $paramod$8e224a63a74b6daf8fc2e441cb0688a65e7a4073$lut for cells of type $lut.
Using template $paramod$f7741277cc89ee34c1ea13791457647b4e9e8c99$lut for cells of type $lut.
Using template $paramod$lut\WIDTH=32'00000000000000000000000000000011\LUT=8'01010011 for cells of type $lut.
Using template $paramod$05f1b119777ad5614b99a14dcaf7f59a59c394b2$lut for cells of type $lut.
Using template $paramod$4e1b92d2f5e1672ae3c828c3f63e2352bc55a1ca$lut for cells of type $lut.
Using template $paramod$a7e7b155f27f423f1495a5a06dc3b15422f2d7ef$lut for cells of type $lut.
Using template $paramod$lut\WIDTH=32'00000000000000000000000000000011\LUT=8'10100011 for cells of type $lut.
Using template $paramod$ba240a2f3acfd0e4fe38e84b2ab8141fd4121ac1$lut for cells of type $lut.
Using template $paramod$3e11962a137eec22ac7eac3dbd04a242c8dc35af$lut for cells of type $lut.
Using template $paramod$98bc3d0e41530131acd88f9e850e3f1fe95fe3f7$lut for cells of type $lut.
Using template $paramod$6d84344a81eade336bf53556162aed65815f63a3$lut for cells of type $lut.
Using template $paramod$567c88aae42dccbe783883a6f4de8c08b68ec9b5$lut for cells of type $lut.
Using template $paramod$4461bbfe7bb4644618d097e68699b4cd376e3239$lut for cells of type $lut.
Using template $paramod$dab727416364d980eb88190e3fd4791fc3288818$lut for cells of type $lut.
Using template $paramod$21a93543c4b4569538681501c82d60e48e8a8672$lut for cells of type $lut.
Using template $paramod$0be615ae7f559b224d5a15f667708d5284e97c92$lut for cells of type $lut.
Using template $paramod$345e594e3e86fb5714f53304e99d8ef40a9499ad$lut for cells of type $lut.
Using template $paramod$e28b3072f25d7003fb4e43ba7eefa29740e101f6$lut for cells of type $lut.
Using template $paramod$9d1a74182aa9a69676fdf61a550d1c5caf2f938b$lut for cells of type $lut.
Using template $paramod$f1dc2bcd5860b4fddf77822c9a31277596dbd360$lut for cells of type $lut.
Using template $paramod$973593ae60bbc6baa70b51144fbcbfe6bcb50d78$lut for cells of type $lut.
Using template $paramod$a5c09bb042633724860b374b3e6a03742ab99f62$lut for cells of type $lut.
Using template $paramod$237db64c43d5920be2b969bfa0e9f7349b51445c$lut for cells of type $lut.
Using template $paramod$f49efa82bc2f67295aa7dce724d28fd80974a7df$lut for cells of type $lut.
Using template $paramod$2a2aa5b134130a2833c241f664da79131a929bac$lut for cells of type $lut.
Using template $paramod$2a7fa304dfa5743599132e04a79349469f4e4bb5$lut for cells of type $lut.
Using template $paramod$5a7536cdedf6beef168abefecc5dd41388dcc170$lut for cells of type $lut.
Using template $paramod$97955b1bf5d5408d1e0716cb3cb71454b33069f2$lut for cells of type $lut.
Using template $paramod$5ca0a761b43d35f9af4fd138d09ce8f9eec7c5e1$lut for cells of type $lut.
Using template $paramod$b2380447c353ff719ed99977bf14d701b90bca1c$lut for cells of type $lut.
Using template $paramod$371fe52b7730fd7254b5eb1e2c1182401575cbe8$lut for cells of type $lut.
Using template $paramod$0c6b5885c408d7fee7bdcd2b7a944e5e1af1ee0a$lut for cells of type $lut.
Using template $paramod$b98dc5c6d62e7b4d43df5b1b8405cd9d5481fee5$lut for cells of type $lut.
Using template $paramod$7378e969976bb1cadcab0c0652436cbf14b45280$lut for cells of type $lut.
Using template $paramod$fa9a15ef2e63ab13694189deff083f1304df0e9b$lut for cells of type $lut.
Using template $paramod$04dbc55420a95c8cb652b2d277d0f8e64306c395$lut for cells of type $lut.
Using template $paramod$b922726d44d6ae651b8a94be373a492021525920$lut for cells of type $lut.
Using template $paramod$f1d174c31eb5eeb5dd5f5722ac1b85723d6fa430$lut for cells of type $lut.
Using template $paramod$e9da3de86f237bcb085ba1689fb89690cf1237d9$lut for cells of type $lut.
Using template $paramod$3752794c6b7bc350a560155172f11a9518cef1be$lut for cells of type $lut.
Using template $paramod$d1ae33d868081865ceaff51476bc72c6e4a1a2b0$lut for cells of type $lut.
Using template $paramod$da341f86b7151ed05289c3f4177d14c234e64d88$lut for cells of type $lut.
Using template $paramod$8e34e782f9ef59eee1c50ab93ef54fb5ebb3e307$lut for cells of type $lut.
Using template $paramod$02eefd9b74acf66558bff242fcbe62a514559f6a$lut for cells of type $lut.
Using template $paramod$b6d7a549a2689b95d5fe0bd09af8c9a0f9304e36$lut for cells of type $lut.
Using template $paramod$a1c44abe5099c2bda5cf3edee8a21902aede4ce8$lut for cells of type $lut.
Using template $paramod$3ee494d91d5f7b5b811a2621a6504d8259661250$lut for cells of type $lut.
Using template $paramod$6016d300902b9e0821aa030409b720ed10fe2082$lut for cells of type $lut.
Using template $paramod$lut\WIDTH=32'00000000000000000000000000000011\LUT=8'00000100 for cells of type $lut.
Using template $paramod$5980ba3a5eca9061be62335d773e796254ed1b94$lut for cells of type $lut.
Using template $paramod$0168072450226b493f7201bdb9fc41a6a0b6f539$lut for cells of type $lut.
Using template $paramod$lut\WIDTH=32'00000000000000000000000000000011\LUT=8'10000000 for cells of type $lut.
Using template $paramod$973818279bc95792902f3c09371fd2407d04a2a5$lut for cells of type $lut.
Using template $paramod$lut\WIDTH=32'00000000000000000000000000000010\LUT=4'0111 for cells of type $lut.
Using template $paramod$fd3ed3a223484aac184d1b7412ec4cfe4ca64c32$lut for cells of type $lut.
Using template $paramod$lut\WIDTH=32'00000000000000000000000000000011\LUT=8'01000000 for cells of type $lut.
Using template $paramod$lut\WIDTH=32'00000000000000000000000000000010\LUT=4'1001 for cells of type $lut.
Using template $paramod$8b09f347504cfc0d3d65fbb4601497936543b1b3$lut for cells of type $lut.
Using template $paramod$258364be1fa0ab0cc603122687b77f8d325f87be$lut for cells of type $lut.
Using template $paramod$5c744da6639a5036ec92b27e87f01bbb9791d018$lut for cells of type $lut.
Using template $paramod$7e9df0afb32b76fe5fce0691b8752aca650057fa$lut for cells of type $lut.
Using template $paramod$b8aa572978fbeeddc3e4b2d01d6ddff14f1180bc$lut for cells of type $lut.
Using template $paramod$8adf7fbd410d2cc654c288d5be5f7508ee8809b0$lut for cells of type $lut.
Using template $paramod$101238f3d8d49ab12a9b49a2f01cd503b26e9c61$lut for cells of type $lut.
Using template $paramod$1f575543d734f2d93dfcc8f91b30fb001334bb95$lut for cells of type $lut.
Using template $paramod$251994398653c4cf8de320f1e306e535d5d2d624$lut for cells of type $lut.
Using template $paramod$33e58adf67c6b686a154c9ce8ebbc4b04b8cabc5$lut for cells of type $lut.
Using template $paramod$a7dad16c080c08c1647c7e1b9706a59a123d8bcd$lut for cells of type $lut.
Using template $paramod$94ac66a11090dca84889e55fcf03297912a5b7ec$lut for cells of type $lut.
Using template $paramod$fa4f9b366e9253c4a2a22fe16973aa8a9118e5d1$lut for cells of type $lut.
Using template $paramod$a1bd9af54deaaca17c0612b92a4da407d83d104b$lut for cells of type $lut.
Using template $paramod$928430e4f050ad30a2bf5ee1542cb65ad4486e64$lut for cells of type $lut.
Using template $paramod$lut\WIDTH=32'00000000000000000000000000000010\LUT=4'0110 for cells of type $lut.
Using template $paramod$1a7a480486efc550211a507b6ca42c979ebb3016$lut for cells of type $lut.
Using template $paramod$d1c3def8c29d708bcca0677148c3e0d42f6e1bd2$lut for cells of type $lut.
Using template $paramod$4c3e441bae6a2bbcdcee7c54a3b6ae5dd40fa4d9$lut for cells of type $lut.
Using template $paramod$lut\WIDTH=32'00000000000000000000000000000011\LUT=8'11101000 for cells of type $lut.
Using template $paramod$dd288559789a486d7438832e5bd9f8c547318dcd$lut for cells of type $lut.
Using template $paramod$lut\WIDTH=32'00000000000000000000000000000011\LUT=8'10010110 for cells of type $lut.
Using template $paramod$4282def8dbd6df3d1248ad282c629bee684502c2$lut for cells of type $lut.
Using template $paramod$5a722f40a334eb3d0d11dbd5d196d5180c3f1d32$lut for cells of type $lut.
Using template $paramod$310c87a991b0f36860093cebb55ba9ba34046100$lut for cells of type $lut.
Using template $paramod$fc1a17aa9a5f4aaf48fcd72f35ae50aaca317190$lut for cells of type $lut.
Using template $paramod$5ddb3e5fd362fb03262a0c3580c337ff6002b4e8$lut for cells of type $lut.
Using template $paramod$381c3e9e62e078f6a5f7656a7fadc1074682f468$lut for cells of type $lut.
Using template $paramod$lut\WIDTH=32'00000000000000000000000000000011\LUT=8'10110010 for cells of type $lut.
Using template $paramod$f20dc80df3124f54af6334db8b26a8ea5d2479fb$lut for cells of type $lut.
Using template $paramod$dd2d293c5a457c808823760e2678dc850c355143$lut for cells of type $lut.
Using template $paramod$759fefb288aec1bf12cae3223e8c59089c7fcc5c$lut for cells of type $lut.
Using template $paramod$f05d4b8888c79762c43743d193b4196209b4613e$lut for cells of type $lut.
Using template $paramod$ae9b8abdb4f811ce37985dd5106af9cd21223954$lut for cells of type $lut.
Using template $paramod$979794232a1b12010187e90e68ca43f80b43cf7f$lut for cells of type $lut.
Using template $paramod$a694a62c7b21f505c58be1e972b0f1e61f3f786d$lut for cells of type $lut.
Using template $paramod$d0d22c6115a08425e51189dfe5c2159a61500851$lut for cells of type $lut.
Using template $paramod$289a178ff9891889ecf52af6561bdad7dd77d87d$lut for cells of type $lut.
Using template $paramod$816ced487234e8bc1be66da02d9929ed8fc1e24f$lut for cells of type $lut.
Using template $paramod$0d7ad4fa1b47609d129ae81c78db1b63fa3ba1c1$lut for cells of type $lut.
Using template $paramod$7c84a85ff72e6387f9c4b747d5763fc090b19ecf$lut for cells of type $lut.
Using template $paramod$5863734323faef02f1cb83d987aec38211b13641$lut for cells of type $lut.
Using template $paramod$4bd2763b40b3da48aa9e447a60b0d687b12e57b6$lut for cells of type $lut.
Using template $paramod$734c0891763c84ba34892851a4dbc492bae5a45b$lut for cells of type $lut.
Using template $paramod$710645b9ce682a6a224eb4af498b7d54bd606638$lut for cells of type $lut.
Using template $paramod$891e76347cfefe738978394f6982e214e5561ae9$lut for cells of type $lut.
Using template $paramod$d109d40440ca8e9f4072b7969be85c7ea9f4efcb$lut for cells of type $lut.
Using template $paramod$bb89eb30d2ffcdff2d9896e9363bcb9a8bbb75d5$lut for cells of type $lut.
Using template $paramod$lut\WIDTH=32'00000000000000000000000000000011\LUT=8'01101001 for cells of type $lut.
Using template $paramod$ad5fa4c993dc43c3e00419e69284cb50b42316d6$lut for cells of type $lut.
Using template $paramod$7df4c08fb0cde7880ba83f9b205aeb94a0e38509$lut for cells of type $lut.
Using template $paramod$8ac5b9c4d4b4eaef537ed1dd03e76eff6d261ad3$lut for cells of type $lut.
Using template $paramod$b17641b2d03fb4cdb1d56e058ca49af98a587395$lut for cells of type $lut.
Using template $paramod$2d07c1a6c53c7b878509360922c4fa5ebedc3011$lut for cells of type $lut.
Using template $paramod$ed536b89b84aac84b2e862b3507da6b5adb72bb9$lut for cells of type $lut.
Using template $paramod$c6696baf1f8ba47f0d2e376a6a97889bca4d523c$lut for cells of type $lut.
Using template $paramod$da76d0d48acc192ea20ee4919986b4541d2f4d12$lut for cells of type $lut.
Using template $paramod$2d96af5a2c84d5bd062fd0a0eabe5499231e7dac$lut for cells of type $lut.
Using template $paramod$eb4039a50d71d4c5f41cb307d96f1353f1cea711$lut for cells of type $lut.
Using template $paramod$7e0b0a0fa319babd893f23591d8017b0125f6fb1$lut for cells of type $lut.
Using template $paramod$fd904e9e35cfd343a9df248824bd3f1408724879$lut for cells of type $lut.
Using template $paramod$6c4c6b4fd421f1a54e984487cf5534c69332fbcf$lut for cells of type $lut.
Using template $paramod$211da3c284235940ba5265d2e9219f2c45660261$lut for cells of type $lut.
Using template $paramod$f5c97e291c8b48d9f1b4239d871ab7639e5a24ac$lut for cells of type $lut.
Using template $paramod$6f625205336ac6ce7b8747324becdbce1049bc9c$lut for cells of type $lut.
Using template $paramod$bebd8519b635f27d662e1f62360db155ec2d7349$lut for cells of type $lut.
Using template $paramod$3f6120993f5bd16e03f5529bd4cb39209c87a9b9$lut for cells of type $lut.
Using template $paramod$6f9324703e8fcc3b6df2bc2bec54ec19a446ae96$lut for cells of type $lut.
Using template $paramod$0b1e6052cff20f671c44e2829ff3ac32c0950d39$lut for cells of type $lut.
Using template $paramod$f4fcf5179ab2f391d4aa41e5ee27d71c504d4364$lut for cells of type $lut.
Using template $paramod$f05e70a45c3210e3df4289cf24ee5f5b810dc81d$lut for cells of type $lut.
Using template $paramod$c882c793b62b4f3ce2b3ac03636ec886473befe6$lut for cells of type $lut.
Using template $paramod$decd7d44aed8170c3826b15dbafe01496fe539f9$lut for cells of type $lut.
Using template $paramod$571404c0889eaf57f492cb5e37f8acb5df5852f9$lut for cells of type $lut.
Using template $paramod$c8cedb89b2f711c3e7d6353c28c6a50475ef6bcf$lut for cells of type $lut.
Using template $paramod$f9afe1977849ff53ec0293cf68e6dd67302c1c4e$lut for cells of type $lut.
Using template $paramod$lut\WIDTH=32'00000000000000000000000000000011\LUT=8'11101111 for cells of type $lut.
Using template $paramod$80fd3f90b6a7b38da9d25588666decbe3adaf5ec$lut for cells of type $lut.
Using template $paramod$fe9a0158d0352193457c4f5b6282ac86d35fb3ee$lut for cells of type $lut.
Using template $paramod$1843b3c15f2447d117e2d5de9b00f791ef5f9fa3$lut for cells of type $lut.
Using template $paramod$9f7e91c5c42abce2a5bcb042002d5c86a627ca50$lut for cells of type $lut.
Using template $paramod$f449542b0ef168819ee552f21fa2be0d64be5bfb$lut for cells of type $lut.
Using template $paramod$19173966dd863b36474c10fac68c60fe59fbf114$lut for cells of type $lut.
Using template $paramod$4694b472b4da25f9827103711c0db2a176c9f600$lut for cells of type $lut.
Using template $paramod$ea1b9be8e19dcfca952742fa738770fb7678d4d7$lut for cells of type $lut.
Using template $paramod$3c481bea1e136bfed5b4af10c38ac26a1b46158d$lut for cells of type $lut.
Using template $paramod$3c95d79d200b399f0d3488ff2130b92a330bd079$lut for cells of type $lut.
Using template $paramod$10fa98f10eb15451a9e12606c600c38fa2e1e0ac$lut for cells of type $lut.
Using template $paramod$d02e178cae0c0d7b69cedfe64dbeed3f63bf5b41$lut for cells of type $lut.
Using template $paramod$27228fd87bf573023d34b98a8332ba8643ea793d$lut for cells of type $lut.
Using template $paramod$e5de742d99f93147d89a0c550ac15e3573e52f65$lut for cells of type $lut.
Using template $paramod$99e2942c05355c15680b033d67d72dd72bc4c4fc$lut for cells of type $lut.
Using template $paramod$0091b7608c39dbf0062fe273392085380a46df32$lut for cells of type $lut.
Using template $paramod$cb7ebe405c3d870a3e3eaf2a591fa4ebb3c8b636$lut for cells of type $lut.
Using template $paramod$7c67636c43b4d98cdf76317e6bff5b226f758ad1$lut for cells of type $lut.
Using template $paramod$567ec78254faeef3698681403d39ecdde74293ac$lut for cells of type $lut.
Using template $paramod$ac2aa9346594354a8ba9a8a382e3386924c97a4b$lut for cells of type $lut.
Using template $paramod$b53f8709ebb881070cee0ab151d89531351e890e$lut for cells of type $lut.
Using template $paramod$82d7074356b0516b2d03f82980229ac192ce6fbe$lut for cells of type $lut.
Using template $paramod$70912601821f0cbd6ccfaaf348a8ea457999d8d4$lut for cells of type $lut.
Using template $paramod$b0f01bd1911b51fba6e7fce73b215fd6d02ac12a$lut for cells of type $lut.
Using template $paramod$1f5d7bd95a548cf88c6381ab5c184c738955cd05$lut for cells of type $lut.
Using template $paramod$f9c112f5fe2c17715d8c265f1ad593784a1e8114$lut for cells of type $lut.
Using template $paramod$87807c22f72fd3ccdb85fca60d21ca534e0d75d3$lut for cells of type $lut.
Using template $paramod$f7b701d498d04818ab37ae6b3ed932a386834b30$lut for cells of type $lut.
Using template $paramod$5d723def5411204d376cb1f0ff2b4f20b1d8b7c4$lut for cells of type $lut.
Using template $paramod$5338893889e845529d822fb07a7e81bcfe22a4c8$lut for cells of type $lut.
Using template $paramod$19f1ce254357acac048e69e51986888f230a0a16$lut for cells of type $lut.
Using template $paramod$7329b7baf70a66a73088994f6acd007a6475db8d$lut for cells of type $lut.
Using template $paramod$f2cf8122c630b308bad12297bc09e3d1b2abb917$lut for cells of type $lut.
Using template $paramod$d92925418bd0558ca35419161ac33e3aad2fb76a$lut for cells of type $lut.
Using template $paramod$fcf4200aa992cf805beca05cbad222071292304e$lut for cells of type $lut.
Using template $paramod$6dbe712fa433ca399a787f80c4bcc15d270b8c65$lut for cells of type $lut.
Using template $paramod$dc41e9665158f6caac97365e95c1c2f88dcb2656$lut for cells of type $lut.
Using template $paramod$3d04bc5c05b00ea718154314b1e1f9b4056c722d$lut for cells of type $lut.
Using template $paramod$33772c41489a9fa91cf9d835bca0384f12eceecd$lut for cells of type $lut.
Using template $paramod$eb7252d6954dd9d0e5827d4fda710a43576b55c6$lut for cells of type $lut.
Using template $paramod$a7f162b22d015fbc934964dd8bbd440a9f0d4646$lut for cells of type $lut.
Using template $paramod$e698e7a1dd701b6dd4f582af316ca43721c6b511$lut for cells of type $lut.
Using template $paramod$2a49d4df21927d945f16488e3e7273d5d8d76fc5$lut for cells of type $lut.
Using template $paramod$ddb76d33f92cf5bf910134065b6044a9ba834fc2$lut for cells of type $lut.
Using template $paramod$6e1235c12fe39aaa8366795f3fc05ff3ea276b47$lut for cells of type $lut.
Using template $paramod$adfa3fdb6f5874454d7450c11ea5457d41858504$lut for cells of type $lut.
Using template $paramod$66c51a4a1465e54b8ed4f9e345828695b9496a32$lut for cells of type $lut.
Using template $paramod$dc084eb3d73c899aad1aa3ed3bbeb62d28e75691$lut for cells of type $lut.
Using template $paramod$68722b354a26059bab1f29ed6a1660a08d0928dd$lut for cells of type $lut.
Using template $paramod$787661f86a10fc055780dd31b135912b547c2236$lut for cells of type $lut.
Using template $paramod$f58722ee52da1c87c4eb7292a9ac4aa032ee36ad$lut for cells of type $lut.
Using template $paramod$22a7bff2fddab3896bab17df01972ac1e668f2c8$lut for cells of type $lut.
Using template $paramod$57e3bb0e72774752ec7a909f71cc38297dc2fc22$lut for cells of type $lut.
Using template $paramod$f84069f4d9d3cced30aac5e0bf33a8cbf43d582b$lut for cells of type $lut.
Using template $paramod$a5ed1607ce73a6ae2ec99512d5b4b8d3b776686e$lut for cells of type $lut.
Using template $paramod$26856e24310c7812bc7109917ab68217d16c0eab$lut for cells of type $lut.
Using template $paramod$c712a562e1d0f39222463c728f7d53a77078f48d$lut for cells of type $lut.
Using template $paramod$2d374caf31be841c6d8778b43ff3904b5db84b74$lut for cells of type $lut.
Using template $paramod$b2a41a28ccc126914c6f863a27ce037564094572$lut for cells of type $lut.
Using template $paramod$9c1a632639ffa3482f6fea55d48c978fc19ff385$lut for cells of type $lut.
Using template $paramod$9ab9e21dfe607d04ac5f170ba003e5a8d06295ca$lut for cells of type $lut.
Using template $paramod$fd1d7f85ea0c113e6e020f7783cc6e5e5e2f8f17$lut for cells of type $lut.
Using template $paramod$b84bc1e6a8bd62847265a9f082c5f724c5eb01f6$lut for cells of type $lut.
Using template $paramod$81e42f96a3258bb1f4def5eccdae8ad85ccd09cc$lut for cells of type $lut.
Using template $paramod$5c0cdebdd680f93bc480198c8209f8081b734a4d$lut for cells of type $lut.
Using template $paramod$657fd033b77cc6bbb3d4846903c8435a7b83da20$lut for cells of type $lut.
Using template $paramod$d8a483420aeba3c700457ca718a70e76b4f785d9$lut for cells of type $lut.
Using template $paramod$e163c42c62df161336a48abcb1d10f5dc8d1a2a5$lut for cells of type $lut.
Using template $paramod$cd8fcf323c043d324d4cba8cd7f117587de77dac$lut for cells of type $lut.
Using template $paramod$fd95daef289be7584c51b1072c36d673944b457a$lut for cells of type $lut.
Using template $paramod$1de2313c6bda9264cd9ab91900297c11beaea855$lut for cells of type $lut.
Using template $paramod$f2adede8ba1c17e79fad5f55d5903c7912a4b1d5$lut for cells of type $lut.
Using template $paramod$833b8e83200eae8531f87208b7f9f3b7eebdb593$lut for cells of type $lut.
Using template $paramod$52f418e81d00b13fbc629a3b9cd28f4b9b7fd232$lut for cells of type $lut.
Using template $paramod$f671dd9c548fd8f42494ce5773357ec6164066c2$lut for cells of type $lut.
Using template $paramod$1f8dd3815e30dfa1d340c86d19e460ecbfad641b$lut for cells of type $lut.
Using template $paramod$3940bd230f202502ed9dd6e9562be452d60f57b9$lut for cells of type $lut.
Using template $paramod$b6808beb02fa650322edfe92a3f19185c13a82d7$lut for cells of type $lut.
Using template $paramod$7a0e884f57c778808b8bbd75a88be676df1a0781$lut for cells of type $lut.
Using template $paramod$778cfa89a311116b4664a0be7522bd19e4c50232$lut for cells of type $lut.
Using template $paramod$8e38fc8d66139c61c09a670269414f64f4447fee$lut for cells of type $lut.
Using template $paramod$8d7372a89a73e967af50b660b6ad6b8d44077099$lut for cells of type $lut.
Using template $paramod$d07e6f78e690df8ae9a58e59314df836e41fc9c9$lut for cells of type $lut.
Using template $paramod$50d3a346c3265bfe587eab0f6e4dade476161d5c$lut for cells of type $lut.
Using template $paramod$e24c5595db368370ae009c82e6c82dbe7956e96d$lut for cells of type $lut.
Using template $paramod$9f6ce0c950604def7f8af95dcc0978295cfa4470$lut for cells of type $lut.
Using template $paramod$98f064962f49004bca5922173f9038773aeacda2$lut for cells of type $lut.
Using template $paramod$741b5b0761a0d4fbe6a4a7c093905eb125b3e359$lut for cells of type $lut.
Using template $paramod$4a54b9ba77a856fcd68d90a56bcdc70cfc9ad846$lut for cells of type $lut.
Using template $paramod$0a88f8efd012da9f3c37c62c78fc47e379e92dcb$lut for cells of type $lut.
Using template $paramod$780b53bdd3846f99ed68a038402cb8775f6ff0e8$lut for cells of type $lut.
Using template $paramod$c3ef9417e960da724a16d0844a7bd66512fb3485$lut for cells of type $lut.
Using template $paramod$68be1257c8bc7ced9aaba70076da1306b73aaa5b$lut for cells of type $lut.
Using template $paramod$6ebde4604a8d7112e6381c52863fcb136ba0b514$lut for cells of type $lut.
Using template $paramod$404031d0c7e4d5220c2a0c779040732f579e663d$lut for cells of type $lut.
Using template $paramod$3a49f75976000ba86a540ad5d11f03537297126a$lut for cells of type $lut.
Using template $paramod$a606676e92d075418510759428de71d4a7c65d64$lut for cells of type $lut.
Using template $paramod$f84516ffb893b92b286cbea55da3e7bebc2bb568$lut for cells of type $lut.
Using template $paramod$9b2aae409d6ccd2cf524fc6da81acc23b1b3f257$lut for cells of type $lut.
Using template $paramod$73d15bbbd96e0172a3f5b5d616f604e95962bb2d$lut for cells of type $lut.
Using template $paramod$bbcc77815bb7d456dc75cfaaa090039d6d6b60e7$lut for cells of type $lut.
Using template $paramod$6b122f180c4ddc2b3b87b0e9fcfbd25a5072d704$lut for cells of type $lut.
Using template $paramod$4c0945bedc48b527ee2e7bf235c7d06df5e5aec4$lut for cells of type $lut.
Using template $paramod$95f133dd4fdec6a5ac9b80d084b3603fe4a7af62$lut for cells of type $lut.
Using template $paramod$a31a4d9b5f628f5e915fe1982ba1e2a83aac6599$lut for cells of type $lut.
Using template $paramod$fe43231c71553ccb577d53a2a7626953208468ac$lut for cells of type $lut.
Using template $paramod$4dae892b4921244e25e75f05c9bbd92f52e0e7bd$lut for cells of type $lut.
Using template $paramod$82a548f3be318d6fcd108aa50ed5930b08ca8344$lut for cells of type $lut.
Using template $paramod$85e50152969dbc71fcf8a589c5f884f477e8a979$lut for cells of type $lut.
Using template $paramod$f40efe466a337f9719cb4142e86d2d5f4de7e661$lut for cells of type $lut.
Using template $paramod$54fca7fc09bba03ee73c12fb89ff54696ac7dfcf$lut for cells of type $lut.
Using template $paramod$c4c77e32e7d457353e3eb921b42ae348f774ad0d$lut for cells of type $lut.
Using template $paramod$0854d0a56dd602841fd419afdc893762e8ba8e90$lut for cells of type $lut.
Using template $paramod$c47dc8223c7e836a1292ed9b47ea98a09e1a1830$lut for cells of type $lut.
Using template $paramod$47e84d1a03f09be8eeca0de2841f2ccca2bc5011$lut for cells of type $lut.
Using template $paramod$220986ef1c9e3444a4913e45ac96647643a9a036$lut for cells of type $lut.
Using template $paramod$7c3eb01a9c919c8cccd90ae025e2998a3cc411f1$lut for cells of type $lut.
Using template $paramod$fa0338e6e8aebe02520e8d6224cb759f0a5e0065$lut for cells of type $lut.
Using template $paramod$b8dd02c3c88f7295e4f69dbd2914d3e1b1cc1be3$lut for cells of type $lut.
Using template $paramod$e574016118cc30990876b5854e220e2712ae900a$lut for cells of type $lut.
Using template $paramod$186030b83839a98cd509a9499ec9782288b9eb8b$lut for cells of type $lut.
Using template $paramod$2a06f07e559c3ecbd6ba67a17b79a2a3e9eafb08$lut for cells of type $lut.
Using template $paramod$b8f4e931352166cc5161ef1a8df1ca64c62bc00d$lut for cells of type $lut.
Using template $paramod$4bab396fb2c5554b861bd2a74e77cef6a86f230b$lut for cells of type $lut.
Using template $paramod$27fc94c6c29564f0c24fa327ab302c66031ea7ea$lut for cells of type $lut.
Using template $paramod$9db165d983b9a5c244fb006a4adc8b96c71e67f2$lut for cells of type $lut.
Using template $paramod$1b18b57ed5f2d3b1b5c6291a307388e98b7bffc6$lut for cells of type $lut.
Using template $paramod$9e3fd55c701490b21caa77cf5f257729d76e015f$lut for cells of type $lut.
Using template $paramod$4c9548574da982fe3900f27a239d6db87b4853ec$lut for cells of type $lut.
Using template $paramod$160386297cb13a4ae1581c9d0ae2deabe3a70a7d$lut for cells of type $lut.
Using template $paramod$d80d628c9e425fa9c9150804fa4d80a7460329ae$lut for cells of type $lut.
Using template $paramod$96cf872f73e2bce853124c9f1630b3ba7ea38ccf$lut for cells of type $lut.
Using template $paramod$2ea69c779d6c1b79ac5a87b0d1523c67d5628dba$lut for cells of type $lut.
Using template $paramod$814fa67dcdb04afa44156a286c305a69378c7b08$lut for cells of type $lut.
Using template $paramod$2fe202d0db6166df20cc01e3f206130ab9134c88$lut for cells of type $lut.
Using template $paramod$babe40489bf0118940c13cb603cdc4a9e5befd9a$lut for cells of type $lut.
Using template $paramod$d766ae59d90e0423aa9ae8520a98e3000d60c9b5$lut for cells of type $lut.
Using template $paramod$e71eb2e5db95d8d01611ce62a0f74f67cc9a9bf8$lut for cells of type $lut.
Using template $paramod$023b253ba0335c204ff431916fcc0212df28b8f9$lut for cells of type $lut.
Using template $paramod$d224a445e33d328982a23bb9284e149ddcc77b9d$lut for cells of type $lut.
Using template $paramod$7284649fa52846cfd98ff2cabe8185741a4f6c8a$lut for cells of type $lut.
Using template $paramod$aaa7dd374bef581c299b959fed97297963af5030$lut for cells of type $lut.
Using template $paramod$2de200c123dd82fa641f209988b2c38b51c22a49$lut for cells of type $lut.
Using template $paramod$b9305c46c4e536ad44a6dcfb2c3f261766445759$lut for cells of type $lut.
Using template $paramod$dd464e0c0d08b13be2ddc9971840ea08cfd62bb6$lut for cells of type $lut.
Using template $paramod$48ed83967e28bba74449e0046b19a6c200365583$lut for cells of type $lut.
Using template $paramod$11f8afdfeaca7acf0486ad488db8ccf2db1c1ada$lut for cells of type $lut.
Using template $paramod$c874063909badef8ed24f53f0894e426b06f05a5$lut for cells of type $lut.
Using template $paramod$1cee3300fbf7e67ea24aee481a3dda66a30d7032$lut for cells of type $lut.
Using template $paramod$8529f19dc6835986a34b02427ebeb67b4be82fd1$lut for cells of type $lut.
Using template $paramod$8a51ec18b02f56ba353753db53c342ad24bf397c$lut for cells of type $lut.
Using template $paramod$ebf9273ff121237e96884dde6bd8edce0a311f42$lut for cells of type $lut.
Using template $paramod$ea82cbb2223a55f7b8e0710a7ebcb3e2966523c1$lut for cells of type $lut.
Using template $paramod$7e0df09ee2c551d0501b3485300892a783a52be1$lut for cells of type $lut.
Using template $paramod$85a668b6e4afaa9bb5c64c15ba35f894ca8ef324$lut for cells of type $lut.
Using template $paramod$976780162efd1bb354623177f35ce15ad9e5550e$lut for cells of type $lut.
Using template $paramod$dae5eb500d6fdcdb3c0c5b6edb6917247e8ca261$lut for cells of type $lut.
Using template $paramod$f2c2253739da195f4801437496b091d4b39d9051$lut for cells of type $lut.
Using template $paramod$382d82b16c434593aea91ab0a6673c7fa994904e$lut for cells of type $lut.
Using template $paramod$0e1e77e2ffc96297f6faa94b6f907e41cc27bd14$lut for cells of type $lut.
Using template $paramod$2d57d58f92daa4c74a2f50ce4395396b4a9f2708$lut for cells of type $lut.
Using template $paramod$ca8a2db8b9d15854b4ea3b17589473506480794c$lut for cells of type $lut.
Using template $paramod$827e863c419b577ad1c9b7d83ec43921a96fcc5f$lut for cells of type $lut.
Using template $paramod$9172e8986f68373a64f71ff37ef527f98612e414$lut for cells of type $lut.
Using template $paramod$3b3f4c6247e5defda97354070b9454d4eb9ccb50$lut for cells of type $lut.
Using template $paramod$9f70fca18371086158a6606f52a7817d71de0dbf$lut for cells of type $lut.
Using template $paramod$dd30864f24142ea461c5a2e6ea739f039359f643$lut for cells of type $lut.
Using template $paramod$9d72e293ccc99330f9f394e06bcf0fef1c38e5ad$lut for cells of type $lut.
Using template $paramod$90c27fbf80fbff163ac76b8efbf3e0e7e942b169$lut for cells of type $lut.
Using template $paramod$6bffe43b98672c156cb1c512fea9c35a2d6b112a$lut for cells of type $lut.
Using template $paramod$d14ad95bded2b667afa97670e151697087b7de83$lut for cells of type $lut.
Using template $paramod$24c1584bb7dc77e748d8c020f3a489fce46c68b4$lut for cells of type $lut.
Using template $paramod$db5e2802f42829459be952f16c3bc37871e7f3b4$lut for cells of type $lut.
Using template $paramod$a46e996fe0a5c19000c8b8f6af170de3fb409623$lut for cells of type $lut.
Using template $paramod$251e409d1b83bd51cfc9c3d02fd3e0f2b0c42aca$lut for cells of type $lut.
Using template $paramod$8e112aad3855ef0ac99419c1ee44794cd3b1157a$lut for cells of type $lut.
Using template $paramod$8387a689ebaa59b3b17760cf564f5e2008e42fdc$lut for cells of type $lut.
Using template $paramod$5646a79eea2a9fdb199275f279164924128f7d66$lut for cells of type $lut.
Using template $paramod$7b49ff2ab10ec0c7f9ffcbf64a5a6d127e5acca9$lut for cells of type $lut.
Using template $paramod$2e42f4cdfa2b7be54cbecc74818d81b621a7793c$lut for cells of type $lut.
Using template $paramod$968b82198e927164a6aff1561ab3b0bd53ed8ec0$lut for cells of type $lut.
Using template $paramod$15fe6f68fe26c6c723ad5b5bc009e1adfe8ac16e$lut for cells of type $lut.
Using template $paramod$ad55c2f855b9522611046fe8cf52c1f8fc1b04c0$lut for cells of type $lut.
Using template $paramod$fa3550c45695c7eb32f53b89bf891d6db0ac2bc6$lut for cells of type $lut.
Using template $paramod$256f3f936b752cf569dca900ae92c3ac452c7e57$lut for cells of type $lut.
Using template $paramod$1bd45ba343b20df289b3bdd7338670c3cba77ade$lut for cells of type $lut.
Using template $paramod$fd34b54f72a5e273cc33a04cf7cf8a73b3d0ee22$lut for cells of type $lut.
Using template $paramod$83172ed2b073a289cac80d5fb302ea341258b26a$lut for cells of type $lut.
Using template $paramod$3105e22738b858661e48072b5c92499b00874f37$lut for cells of type $lut.
Using template $paramod$bea03cef725dcf7c46c2a545abcb366bab781bdd$lut for cells of type $lut.
Using template $paramod$e16e13c775a1b91485b944b771938732c4f232e3$lut for cells of type $lut.
Using template $paramod$b50fb153b95c0f99ffd98ce08f1483b9748138a4$lut for cells of type $lut.
Using template $paramod$56310ff701860d13f2863d5da88c08ae3780813d$lut for cells of type $lut.
Using template $paramod$532b3c1e0220e6656442119ec0a13fbce456d758$lut for cells of type $lut.
Using template $paramod$d3d679a72bd0053380b7b9c8ed86fe894aa80b7d$lut for cells of type $lut.
Using template $paramod$eb921ca2d69c0aa030a6d7297606b4c183b5dcc2$lut for cells of type $lut.
Using template $paramod$6c0d92e911bcdb123de2953d8aa6b5dccbb18785$lut for cells of type $lut.
Using template $paramod$5b1aa8fbad0289a3f38d50d35536f4f4c0818cd6$lut for cells of type $lut.
Using template $paramod$f5c5f595015aee4de78d8a59fd7b7003b8956fde$lut for cells of type $lut.
Using template $paramod$993ee431481a29c374ccf7faa8a87ad1eb4a11d8$lut for cells of type $lut.
Using template $paramod$1ff424fd360ccd066307231e4791b90a5432df85$lut for cells of type $lut.
Using template $paramod$b2bb5b1ebdf1186c25838bd9684a97e4b6048ef2$lut for cells of type $lut.
Using template $paramod$e7276ad3e60433908320b263fe1bdd4768b666b4$lut for cells of type $lut.
Using template $paramod$d2ef43814113ff73f9ebc73be6b7b228fcced45d$lut for cells of type $lut.
Using template $paramod$a6fa8c6974d4f0fb3b0a69e69853b2b00b739ba9$lut for cells of type $lut.
Using template $paramod$06f6c914c4f34a0cb7c8a5c099366b94b6ac6821$lut for cells of type $lut.
Using template $paramod$9659f5e1050d83cc68994da1655a870c0f8ad59a$lut for cells of type $lut.
Using template $paramod$ec8f389d3b0c4ac15bc66a5f07b2ffe4e8f89d74$lut for cells of type $lut.
Using template $paramod$17fb515e4ebab04c7f494ee146f20963014e8980$lut for cells of type $lut.
Using template $paramod$3a859531648857b7ffc6785a23e529c172a23d77$lut for cells of type $lut.
Using template $paramod$080737fb7ab616d71f5d51fb08c0c81d6e6d57d1$lut for cells of type $lut.
Using template $paramod$2837b0a791f3bf861c44951d405de3901be79709$lut for cells of type $lut.
Using template $paramod$f0b4713bc22df31b6d478a967338a7f08786da60$lut for cells of type $lut.
Using template $paramod$17546c2a2ff6ee99a0a59fa7d5aee43f5a1a5b35$lut for cells of type $lut.
Using template $paramod$0674aa9c8569598bfc5522b3b9ed87500d1719f6$lut for cells of type $lut.
Using template $paramod$4219b488018a16ee62970921da66f14c7a02dd0b$lut for cells of type $lut.
Using template $paramod$2e36dfe4a819baf4dcf3b118fb5a469004727600$lut for cells of type $lut.
Using template $paramod$82b18ec3e9efe420840a0125b581ee781474ae6f$lut for cells of type $lut.
Using template $paramod$7b6ef715572973f85b4c0fee396e16f783157c2e$lut for cells of type $lut.
Using template $paramod$cf0ceac387db4d824ec4cbb716244251e6ef48dc$lut for cells of type $lut.
Using template $paramod$07200c02ef4bab5a5d63df4a1c89d881e074aae2$lut for cells of type $lut.
Using template $paramod$84e76b4531a77e263e4e1139b385f3d54156bf1c$lut for cells of type $lut.
Using template $paramod$14eda2d51198fad3039962167d5d4656a4f2bedb$lut for cells of type $lut.
Using template $paramod$09c691ec0cdfb1f50bf76e4aa7066daa83b740be$lut for cells of type $lut.
Using template $paramod$1c9930bff4f36df61db37f8a6f240cbafb8581c0$lut for cells of type $lut.
Using template $paramod$35ebaa6a51a13821460a5bbecee3234a5c5e793e$lut for cells of type $lut.
Using template $paramod$f4257f9b9dfe762de25d0a149f2ea6e405c888f2$lut for cells of type $lut.
Using template $paramod$5f4c81a20685d6355415497bb50555476bdfbd3e$lut for cells of type $lut.
Using template $paramod$dc604682dbdc1713f2b38967372b667ed5ca3cfb$lut for cells of type $lut.
Using template $paramod$2096ea7da243bb73f4ca72f926bf8f79dc387ee2$lut for cells of type $lut.
Using template $paramod$e248291670c00115763480598e06a874c14498d6$lut for cells of type $lut.
Using template $paramod$e129710e1711ef16f9f10d26d8db4364b8d8dcc6$lut for cells of type $lut.
Using template $paramod$0f130b880cbd0f78d8fdfa54bd31f295a659d73a$lut for cells of type $lut.
Using template $paramod$a7a373d4276acb7d8850517e64aa8e6086102096$lut for cells of type $lut.
Using template $paramod$266d7cad54b576ece8b63c7f264d772544a5664a$lut for cells of type $lut.
Using template $paramod$505d971e3dc0ed71e5e636087d5307c26ee19733$lut for cells of type $lut.
Using template $paramod$c98da1ab510f98f1bdbbe5a79169ddcc9bfb334b$lut for cells of type $lut.
Using template $paramod$3bface0f008a65f0f8098a988b1e5e677852b4c9$lut for cells of type $lut.
Using template $paramod$718da9b4dde30dc7caa107037794f6bbf3917819$lut for cells of type $lut.
Using template $paramod$e0fd903e484df64776f05f90970a671c79f2bf42$lut for cells of type $lut.
Using template $paramod$be5f9a71913403bc59aad4327c7f66e282ac35fc$lut for cells of type $lut.
Using template $paramod$ca06b413d6069235ef8b2613dd8f7f97fd4be52b$lut for cells of type $lut.
Using template $paramod$cb029cb30963f736bca0efc74d333217e1ad16db$lut for cells of type $lut.
Using template $paramod$1ffad623633266b5846a81bfb06d44afce02ffbf$lut for cells of type $lut.
Using template $paramod$2c91ee8078495ff4deaaae74dee12c53d19d9226$lut for cells of type $lut.
Using template $paramod$lut\WIDTH=32'00000000000000000000000000000011\LUT=8'00001110 for cells of type $lut.
Using template $paramod$23b2330d24f7a0dddf9a425451fd622f13db3a98$lut for cells of type $lut.
Using template $paramod$964eb8dca30bec407b6e7558f943c15f8e50ce72$lut for cells of type $lut.
Using template $paramod$91c51424a9fd875ca396694cd29d79eced4eb87f$lut for cells of type $lut.
Using template $paramod$da8dd6bbaf7b4d68c67486eb9b90883ba882f644$lut for cells of type $lut.
Using template $paramod$3ac7c3c6081c5d5299d435a08ed217ad27226142$lut for cells of type $lut.
Using template $paramod$877d799befc31afab7e9411b4f4a5fcd1e17ea32$lut for cells of type $lut.
Using template $paramod$c8e551bab5fd2d141cf81bd072101b07d502018d$lut for cells of type $lut.
Using template $paramod$fc1cdab362995f9d93268d907dec3699b279bb69$lut for cells of type $lut.
Using template $paramod$5e28193a669e13efa26db553fc446a065c0d2fa0$lut for cells of type $lut.
Using template $paramod$eb1bfa8afbc581888c1d1507f71e1736b1f70f64$lut for cells of type $lut.
Using template $paramod$5579d9aa701618899b66e2118f307230efa2e3ae$lut for cells of type $lut.
Using template $paramod$be74a0ae2c5bdbf45dce1a80d26367e73324aa56$lut for cells of type $lut.
Using template $paramod$b1a12add5431b8d60df0535ea1c8a973dd35dd40$lut for cells of type $lut.
Using template $paramod$521f6c7775977d83415c2ff3d7b1e8455ff45565$lut for cells of type $lut.
Using template $paramod$09388fda1c59330b16ee63ccc3a13d59d670ced9$lut for cells of type $lut.
Using template $paramod$53a0b7740ea6288f575f035bf66774049ed3b2f1$lut for cells of type $lut.
Using template $paramod$e9364ec114d6d1d87a6cbbd96c5975d47203d58b$lut for cells of type $lut.
Using template $paramod$46f3f0e332ecd4cd0f06638ba5f2d397ecb45be1$lut for cells of type $lut.
Using template $paramod$0010e0a8a7fa54ba15ac2634008a61d2049d6860$lut for cells of type $lut.
Using template $paramod$45a36d4f273536dd4d0b33194fe5fdfca44f67a8$lut for cells of type $lut.
Using template $paramod$ffbdd166e9ed7a9173329cda0b0eb7aea4fa6e9e$lut for cells of type $lut.
Using template $paramod$50241309808760d3faeec7627ba35782f62950ab$lut for cells of type $lut.
Using template $paramod$27478647a5cc97b90a75a186cf1f61d3be36334d$lut for cells of type $lut.
Using template $paramod$448e62cde015fe549befd921d13c99b4bc90ab2b$lut for cells of type $lut.
Using template $paramod$138d33f75d3401fcb0c11807bccd51ca7f68c02e$lut for cells of type $lut.
Using template $paramod$a8ff60b58a32fd976e84bd1a25002f81872c252e$lut for cells of type $lut.
Using template $paramod$813fdc7e5ca54474b2f0d52d81b99e33ce3487dc$lut for cells of type $lut.
Using template $paramod$d12d4ae35a70909eb654aaa3f6b9f48af67db2ad$lut for cells of type $lut.
Using template $paramod$af795aafa2f3510f852ca0d0ef722d7ce4d99321$lut for cells of type $lut.
Using template $paramod$fdc377a454542a4ac7d56378e2be80d6b1e12d03$lut for cells of type $lut.
Using template $paramod$d5cbf062639536da1428ccf832a26e49bcddd56b$lut for cells of type $lut.
Using template $paramod$78fff81eda10c4ffade17fa56eef0ba531552c51$lut for cells of type $lut.
Using template $paramod$8e960bb95578c22702ececf57c986e6c1d6b499f$lut for cells of type $lut.
Using template $paramod$a37052498a9a7c8f10e151792e7e2dd7954f24fa$lut for cells of type $lut.
Using template $paramod$f5cc3ffc7317efffd9e3a0b6f68401ab0b158d24$lut for cells of type $lut.
Using template $paramod$7235a18cc65aa5118e962015e9bf5227c75dbc9c$lut for cells of type $lut.
Using template $paramod$8f81f0c38ae541f955ad17f9f86b131d06265ffa$lut for cells of type $lut.
Using template $paramod$7fcaaf9d600acfcf90204b8b8fa9d0f3c6e69398$lut for cells of type $lut.
Using template $paramod$692927e279b3d5c42ee4aacb287247c0b34943ed$lut for cells of type $lut.
Using template $paramod$8ebea280d4fee4d1af8727438f8b3fd4e4cc5443$lut for cells of type $lut.
Using template $paramod$40b52d72de471ba33e696cb5d607180fc6910da1$lut for cells of type $lut.
Using template $paramod$c7a560437dcba3edc40d6f58a552598e72745123$lut for cells of type $lut.
Using template $paramod$098a11ea911341bcd04f620a8f825ac650b72e5d$lut for cells of type $lut.
Using template $paramod$984523b989901cd1687d28bab20a22d137ed9d59$lut for cells of type $lut.
Using template $paramod$13505eb82fb5d73935383e407331232af2b1a649$lut for cells of type $lut.
Using template $paramod$1456a6e24d62235f63024d033b36f8bcd54e41eb$lut for cells of type $lut.
Using template $paramod$8ae16a0d63e76963e3f388b2d5197e69c613c4fd$lut for cells of type $lut.
Using template $paramod$ec68bd8d3fc0a71e9f7a2b26d614fbcaa7a8b7fa$lut for cells of type $lut.
Using template $paramod$5255b1f690a16dccd8ad6e2dc56340f2ec6d5ea9$lut for cells of type $lut.
Using template $paramod$0e13d2cda30813c9bcadeb665559645a36f9697a$lut for cells of type $lut.
Using template $paramod$e0078181e82df115da43eb618497454fa28c7c5d$lut for cells of type $lut.
Using template $paramod$493eede14ea020e77ef303f6230ca6cc51acb0a1$lut for cells of type $lut.
Using template $paramod$2e97925c11bbdd800bbfd6717beb43ad2ea11011$lut for cells of type $lut.
Using template $paramod$8dfa87b88724d90bb718786210c3f390e624a4b2$lut for cells of type $lut.
Using template $paramod$e71acd1fd0d505c5322a040014ca4f2fbd36a053$lut for cells of type $lut.
Using template $paramod$1b1fac4f4567d1ec5f9cb942158612e75379b10d$lut for cells of type $lut.
Using template $paramod$e85c899d825c2f99e547d49132ed3bee54b5f2a2$lut for cells of type $lut.
Using template $paramod$1799fd6554f1e9152efaa4e7831c73e5faa06082$lut for cells of type $lut.
Using template $paramod$1a08edddab1f4a3f18e0ece7d712e95df091621c$lut for cells of type $lut.
Using template $paramod$44daa60cbef98747eac6a8608cc17001ae09be3d$lut for cells of type $lut.
Using template $paramod$483fcced9321f5f45a346e9d51364fec9e4473be$lut for cells of type $lut.
Using template $paramod$33ded8b498f5d84ef8b48778077656957c23329e$lut for cells of type $lut.
Using template $paramod$fb82834c5da2912d13fa1b776a6cbb6f6535cffa$lut for cells of type $lut.
Using template $paramod$f0b8c75a1b0eedd10500dada6dcc74f64417f305$lut for cells of type $lut.
Using template $paramod$8201e63743429e7ad153b32276b57e95ac059c13$lut for cells of type $lut.
Using template $paramod$03cff2306fc722c4002c62d17f68e88c12c6376c$lut for cells of type $lut.
Using template $paramod$ede3ec7ca66f4b0d81af050565e7400b28750263$lut for cells of type $lut.
Using template $paramod$744bad16de6cf232b21af00ed55e1369f1b36008$lut for cells of type $lut.
Using template $paramod$5d16c8be1350954453c047dd8faef7f3e6aae96b$lut for cells of type $lut.
Using template $paramod$486bfe046f6fc2cf117086c23fa574ffb9f7bee6$lut for cells of type $lut.
Using template $paramod$2ba18a7c38dac115adc82e440b7df2f8f9742a13$lut for cells of type $lut.
Using template $paramod$becfa4be1cbf62cb6d3b232ddcf44f1e574aebf7$lut for cells of type $lut.
Using template $paramod$e77e254f2f726f255af0b2e2390106aef88bbf41$lut for cells of type $lut.
Using template $paramod$ebcd7f62bf05593fd34af540740b2ab72d1c5bdc$lut for cells of type $lut.
Using template $paramod$5c0f02d0589ccd638d490c099ec282d395349b2f$lut for cells of type $lut.
Using template $paramod$511dcdcea878da7b26176426b1b8e91e20564f04$lut for cells of type $lut.
Using template $paramod$bee66f5618dee7a110b7efdfd32ed29f865b126b$lut for cells of type $lut.
Using template $paramod$7b6b4456c0f0066c56e80c47b59e1c1ef5b97f93$lut for cells of type $lut.
Using template $paramod$b0f9a3d931fed62166fde7c6055a8d150b84d0d0$lut for cells of type $lut.
Using template $paramod$9c35850ecf042bdd42c0007d9ccdbc67b73e3901$lut for cells of type $lut.
Using template $paramod$2343e64156bba575acc6ba2075272bc649a75654$lut for cells of type $lut.
Using template $paramod$a7b4484329cee18fff8599b9de0c7a56a64c3c40$lut for cells of type $lut.
Using template $paramod$4d6710e8c818a5be1eb0069c6388383fd59ec365$lut for cells of type $lut.
Using template $paramod$1a246459e63fecbf106a1840d9dcd37d802f5a2d$lut for cells of type $lut.
Using template $paramod$fc01255368e93fa562f8ae0138503961862019de$lut for cells of type $lut.
Using template $paramod$f46d17908d8b9eadd53b565cb48d97b02a7fdf08$lut for cells of type $lut.
Using template $paramod$85eddb8d50d6627aadd055eebe1f4d4911f6c79d$lut for cells of type $lut.
Using template $paramod$9ccc42a021cadd3fde2059b58540bd4b42122c81$lut for cells of type $lut.
Using template $paramod$ffe605d9bcbd0ffcdc4f968d87b8035f91ec68c0$lut for cells of type $lut.
Using template $paramod$a7a144df165f719bee4bd673bb78888b3014b75e$lut for cells of type $lut.
Using template $paramod$bf5a0c172a67214803368ea7d5335549376d2c48$lut for cells of type $lut.
Using template $paramod$3355ac526466a6ecddd08a2fba4148f7ff16cf6e$lut for cells of type $lut.
Using template $paramod$4bd13ac9aed687c4d10be2c0671b32be42ae6d89$lut for cells of type $lut.
Using template $paramod$d04b1adc0ebadd73ed0cfb52f4922b2bf60d9001$lut for cells of type $lut.
Using template $paramod$f685ee8ae849f05732a8a33eb1a6739048d1fb91$lut for cells of type $lut.
Using template $paramod$0f2ca42fe624ef4337f1a29cc65f1f5db450071c$lut for cells of type $lut.
Using template $paramod$9f52168fd2b02257f5d7c90f87832bcf6f67c08d$lut for cells of type $lut.
Using template $paramod$955029906a8e29cc65b3fe25f71a4690a14d0a21$lut for cells of type $lut.
Using template $paramod$a2b4ddfa3906001b2ef9f2414d79c3048f2a3a6e$lut for cells of type $lut.
Using template $paramod$c315fd171a22ad0b563d890e3adda172ea240769$lut for cells of type $lut.
Using template $paramod$de7a48d2988de0ad41c3fb3ab8ca46334308e49b$lut for cells of type $lut.
Using template $paramod$9778782cf70393a38df3c6ecb412f331d2342eaf$lut for cells of type $lut.
Using template $paramod$3b75601d94336aff95d7b81ee035465c6bc5710e$lut for cells of type $lut.
Using template $paramod$a2af08685bcbd905d6311b654564318c2214ba0b$lut for cells of type $lut.
Using template $paramod$d401f604494019b6e21e76c5694bc4b7723333b1$lut for cells of type $lut.
Using template $paramod$f4b02e83628c68f4457eacdeeea93fef95564f90$lut for cells of type $lut.
Using template $paramod$597e4a636a539656f679964dcd9268ec89b5e38e$lut for cells of type $lut.
Using template $paramod$c1b42c9e20e80acc6a1f921e807fc1d46182cb38$lut for cells of type $lut.
Using template $paramod$2ba6c7ddc7eff64a51d98c96d610d093b8f32fdf$lut for cells of type $lut.
Using template $paramod$123ed58fdad6bd174205e241bd14569fcfbbe887$lut for cells of type $lut.
Using template $paramod$c2dc37716b17bd51439fa8583c553843a9fef169$lut for cells of type $lut.
Using template $paramod$a15d8676ea329a97e9b7f19ecda7179649a41271$lut for cells of type $lut.
Using template $paramod$2736e7b9e79de1fae99f8aa2d22caa06a24f079b$lut for cells of type $lut.
Using template $paramod$3c2c41a3dfa511b9d0c6ddbf4ddb8fe22bb4f3cf$lut for cells of type $lut.
Using template $paramod$05a013c604a8fd8dad9e08dab16a8727fc55d01a$lut for cells of type $lut.
Using template $paramod$44bfdff5e3ae220c23a770741990ae3127a74cff$lut for cells of type $lut.
Using template $paramod$52ddca3366749ff5bad8908467d5f00f7e1a51ee$lut for cells of type $lut.
Using template $paramod$5527b0b6790fa2006ad7293136828428f453099e$lut for cells of type $lut.
Using template $paramod$622c4dd60ae540c5fc26b7300a2871bcb9893ce5$lut for cells of type $lut.
Using template $paramod$535a159d816d9cd2091a4f141c782de327f2ab88$lut for cells of type $lut.
Using template $paramod$d5929ccc0873856f21a8db93c675b68783a2f3c0$lut for cells of type $lut.
Using template $paramod$b2c630a004bf6595a9ebf247e7fc9a38e1539a3a$lut for cells of type $lut.
Using template $paramod$5cb2796b22d0ff600aadf1927d42461c7d7df2e6$lut for cells of type $lut.
Using template $paramod$25f8ba573bd976dd7e1c44b9569204846e43e714$lut for cells of type $lut.
Using template $paramod$3bd7c3295bd9b5e47e54b0dca3b51ae65595153d$lut for cells of type $lut.
Using template $paramod$3aa84c32321d1c553a504165efc4ea0d3f617f96$lut for cells of type $lut.
Using template $paramod$4750d04efca3383cd82610334574aeac2cd132c4$lut for cells of type $lut.
Using template $paramod$8eba99109c5e2e0e6e2cfd8dc983f53648b24487$lut for cells of type $lut.
Using template $paramod$b9f238e72a17fb6f4ba45b26970127deeb4bb457$lut for cells of type $lut.
Using template $paramod$53b8c6a75c5682343fa93b8c2cd51738d6fb3892$lut for cells of type $lut.
Using template $paramod$dfd57607b12cbcfa0282cd45553eece614a60bf8$lut for cells of type $lut.
Using template $paramod$1fc24f04c9d167ae205e81437168472c81ec935a$lut for cells of type $lut.
Using template $paramod$c2e809b69bb23d74253a4960bdda77c56706c407$lut for cells of type $lut.
Using template $paramod$6d8feec99a9e2e3da0388c983c1b92a59c37bfd8$lut for cells of type $lut.
Using template $paramod$bc703c03a5cb343aafc534119fccc6b27ac338ea$lut for cells of type $lut.
Using template $paramod$51b6ff9c1601a4c34d4cf809482cd065ca16d4fd$lut for cells of type $lut.
Using template $paramod$c15f82ac51034d82a5f54ab56430c411ac1c01e0$lut for cells of type $lut.
Using template $paramod$b6d57e8e430457c32f3d7e13331070ea7a62ec78$lut for cells of type $lut.
Using template $paramod$d72d6469f3aa457392ffb4addffbd01cfe8379ab$lut for cells of type $lut.
Using template $paramod$fbebdb4f3887472b219762aa3c005c772bd0c519$lut for cells of type $lut.
Using template $paramod$ebc2a33dc07863a14587a3392e2fede4283bfeeb$lut for cells of type $lut.
Using template $paramod$e8b830566643758d1b56125e958dce47655b6010$lut for cells of type $lut.
Using template $paramod$49ccdef258d18e84fd93cbdb9dbb087115cc61c5$lut for cells of type $lut.
Using template $paramod$59e75a61b2e4a983c96d8aa2f40028bf6469834d$lut for cells of type $lut.
Using template $paramod$3c5bff4aaae8bd0929627762805a8279824e8cdb$lut for cells of type $lut.
Using template $paramod$79d35dcd037ae96fb38563d19da76013daff281a$lut for cells of type $lut.
Using template $paramod$3e9434d49bfe4530b83869b302433963363e36bb$lut for cells of type $lut.
Using template $paramod$072bde2bab34c258c2e276f3cd5bff5e464fd0f4$lut for cells of type $lut.
Using template $paramod$09f16c2a9ceff477913480d8939546b0932dda83$lut for cells of type $lut.
Using template $paramod$2bafd661042682cd0ed05904628523c4f2a9c6c1$lut for cells of type $lut.
Using template $paramod$5225d6cc6f7208a3dc08230c634e0dca3a3e70b7$lut for cells of type $lut.
Using template $paramod$e3a6a84f2646509704571ae441424002f4092c40$lut for cells of type $lut.
Using template $paramod$a4d7b6f84d643be2a261c0cc58b39e69f37bb87e$lut for cells of type $lut.
Using template $paramod$86da86ab700d576b9e816955f178e0f4266c36de$lut for cells of type $lut.
Using template $paramod$492add540b43993d6cf62e858996666f4cf27dca$lut for cells of type $lut.
Using template $paramod$d0c901778c0731f2dff7364e7c79320c03f7d846$lut for cells of type $lut.
Using template $paramod$140e954cab6ad51c18aad42c41875020b194826c$lut for cells of type $lut.
Using template $paramod$835a3c91c27bafecc03d36b9068c9e37f7511071$lut for cells of type $lut.
Using template $paramod$93706bbdb618dfa5bd36c9935853d862b9beeb2c$lut for cells of type $lut.
Using template $paramod$203080518223b2faf69c0310742fa277ac4cbf16$lut for cells of type $lut.
Using template $paramod$3eb03e4757261563a01ecc30caa3ff1cd1dfd6a4$lut for cells of type $lut.
Using template $paramod$bb477fbd44da47fb2bcde2643a716a8eb9842ea3$lut for cells of type $lut.
Using template $paramod$505e71f5eada02019bd095d75c29a092749d237a$lut for cells of type $lut.
Using template $paramod$6ac63e260ac9358393ce55a25a74c7e990c673c3$lut for cells of type $lut.
Using template $paramod$e2c74232b475ad71eb2fb078d9bdc27cbed2ceda$lut for cells of type $lut.
Using template $paramod$ffd80437981ecdce8ce6d421aec00a2868945101$lut for cells of type $lut.
Using template $paramod$c9fc15ca3532f589ee2a4adf0a3980825042aaf9$lut for cells of type $lut.
Using template $paramod$77319065de5225d7596cf2a1153ae6b86c59b50c$lut for cells of type $lut.
Using template $paramod$bfb400b708af11c589c2dbd9dd84f569ed7ca5a1$lut for cells of type $lut.
Using template $paramod$6a1356ec93ceb6fd67ef4cb59e52c7878da23071$lut for cells of type $lut.
Using template $paramod$436da1ed4df9e383f770e19f097123d7f09097ba$lut for cells of type $lut.
Using template $paramod$1f1a15b33d612782bfc1a6aef538d832aecdd1b9$lut for cells of type $lut.
Using template $paramod$a722f0f83de4cb9b1def5d088895df3f21e85509$lut for cells of type $lut.
Using template $paramod$ea88a06962d1884df863d9765f42571fd11bcb32$lut for cells of type $lut.
Using template $paramod$d9a4cfa05abc1158b901c98727274f245bd8b1a2$lut for cells of type $lut.
Using template $paramod$2360bc47b08d6f8b0c336c027432137bdcd778a1$lut for cells of type $lut.
Using template $paramod$c4385cb6d4bb7f89c2f072295bb3e30a5d438725$lut for cells of type $lut.
Using template $paramod$eb74b335dedae809bd0f3e8ac058c7aa4a539670$lut for cells of type $lut.
Using template $paramod$302751d338f9904d284740db4fe9cee5122b9419$lut for cells of type $lut.
Using template $paramod$fefdd18314f809f1ba4e6eeb86ebedbe26c2ce45$lut for cells of type $lut.
Using template $paramod$41326ad8644342a66dfb051d050f2b6fbf15015b$lut for cells of type $lut.
Using template $paramod$d142a891b33bac736e25ae2077c7a4d88b1a883d$lut for cells of type $lut.
Using template $paramod$d2845ee2da121e591069744d16cf238f53bde61d$lut for cells of type $lut.
Using template $paramod$90588117036ea9570e86c36002ea9705f0a8f776$lut for cells of type $lut.
Using template $paramod$08b18b26eeae24f49fe8b59aa26e66cd3e302419$lut for cells of type $lut.
Using template $paramod$95913469ad661c2be2ab77afbf6f8b3f95d69ea0$lut for cells of type $lut.
Using template $paramod$ce66c2d06a26d50d879ed8a9f41c99a3a12eb958$lut for cells of type $lut.
Using template $paramod$lut\WIDTH=32'00000000000000000000000000000011\LUT=8'10010000 for cells of type $lut.
Using template $paramod$c3f119ca459967416ee835056bcc76571d275d81$lut for cells of type $lut.
Using template $paramod$d4fae2c0d9ad2966369cd4e39b81c71bcd1327c9$lut for cells of type $lut.
Using template $paramod$0c3e774de9dd361dcefc4f2747cf32a3c22f2154$lut for cells of type $lut.
Using template $paramod$622ea16b335c699fafeb68bb04a9ce4e2bdfaae0$lut for cells of type $lut.
Using template $paramod$db50504a7d27c6a27ee7333920724d29ca86f385$lut for cells of type $lut.
Using template $paramod$fea2779a6ae24794d95013e9a9a897c12474221e$lut for cells of type $lut.
Using template $paramod$b34250cf522ee25aae0479c904244ad8eb6374cc$lut for cells of type $lut.
Using template $paramod$30828bd0296dc776d04e807f9570f839f8c1212e$lut for cells of type $lut.
Using template $paramod$2c67814f601655eca5f6ffd9555e719b198943e4$lut for cells of type $lut.
No more expansions possible.
<suppressed ~24342 debug messages>

5.46. Executing XILINX_DFFOPT pass (optimize FF control signal usage).
Optimizing FFs in $paramod$b5bfe1d4fce40940586b6e35fec61194ae5a8fde\cap_pdb_state_wide_bank.
Optimizing FFs in $paramod$cbc3189b30a0f0ae8c16e45df15b3f5a54303a8f\cap_pdb_masked_min32.
Optimizing FFs in cap_pdb_parallel_compact_allocation_engine.
  Merging D + CE LUTs for $auto$ff.cc:337:slice$8153/group_minimum[10] (2 -> 5)
  Merging D + CE LUTs for $auto$ff.cc:337:slice$8848/group_minimum[11] (2 -> 5)
  Merging D + CE LUTs for $auto$ff.cc:337:slice$8847/group_minimum[11] (2 -> 5)
  Merging D + CE LUTs for $auto$ff.cc:337:slice$8846/group_minimum[11] (2 -> 5)
  Merging D + CE LUTs for $auto$ff.cc:337:slice$8845/group_minimum[11] (2 -> 5)
  Merging D + CE LUTs for $auto$ff.cc:337:slice$8844/group_minimum[11] (2 -> 5)
  Merging D + CE LUTs for $auto$ff.cc:337:slice$8843/group_minimum[11] (2 -> 5)
  Merging D + CE LUTs for $auto$ff.cc:337:slice$8842/group_minimum[11] (2 -> 5)
  Merging D + CE LUTs for $auto$ff.cc:337:slice$8841/group_minimum[11] (2 -> 5)
  Merging D + CE LUTs for $auto$ff.cc:337:slice$8840/group_minimum[11] (2 -> 5)
  Merging D + CE LUTs for $auto$ff.cc:337:slice$8839/group_minimum[11] (2 -> 5)
  Merging D + CE LUTs for $auto$ff.cc:337:slice$8838/group_minimum[11] (2 -> 5)
  Merging D + CE LUTs for $auto$ff.cc:337:slice$8837/group_minimum[11] (2 -> 5)
  Merging D + CE LUTs for $auto$ff.cc:337:slice$8836/group_minimum[11] (2 -> 5)
  Merging D + CE LUTs for $auto$ff.cc:337:slice$8835/group_minimum[11] (2 -> 5)
  Merging D + CE LUTs for $auto$ff.cc:337:slice$8834/group_minimum[11] (2 -> 5)
  Merging D + CE LUTs for $auto$ff.cc:337:slice$8771/remaining[0] (3 -> 6)
  Merging D + CE LUTs for $auto$ff.cc:337:slice$8770/remaining[0] (3 -> 6)
  Merging D + CE LUTs for $auto$ff.cc:337:slice$8769/remaining[0] (3 -> 6)
  Merging D + CE LUTs for $auto$ff.cc:337:slice$8768/remaining[0] (3 -> 6)
  Merging D + CE LUTs for $auto$ff.cc:337:slice$8767/remaining[0] (3 -> 6)
  Merging D + CE LUTs for $auto$ff.cc:337:slice$8766/remaining[0] (3 -> 6)
  Merging D + CE LUTs for $auto$ff.cc:337:slice$8765/remaining[0] (3 -> 6)
  Merging D + CE LUTs for $auto$ff.cc:337:slice$8764/remaining[0] (3 -> 6)
  Merging D + CE LUTs for $auto$ff.cc:337:slice$8763/remaining[0] (3 -> 6)
  Merging D + CE LUTs for $auto$ff.cc:337:slice$8762/remaining[0] (3 -> 6)
  Merging D + CE LUTs for $auto$ff.cc:337:slice$8761/remaining[0] (3 -> 6)
  Merging D + CE LUTs for $auto$ff.cc:337:slice$8760/remaining[0] (3 -> 6)
  Merging D + CE LUTs for $auto$ff.cc:337:slice$8759/remaining[0] (3 -> 6)
  Merging D + CE LUTs for $auto$ff.cc:337:slice$8758/remaining[0] (3 -> 6)
  Merging D + CE LUTs for $auto$ff.cc:337:slice$8757/remaining[0] (3 -> 6)
  Merging D + CE LUTs for $auto$ff.cc:337:slice$8756/remaining[0] (3 -> 6)
  Merging D + CE LUTs for $auto$ff.cc:337:slice$8755/remaining[0] (3 -> 6)
  Merging D + CE LUTs for $auto$ff.cc:337:slice$8754/remaining[0] (3 -> 6)
  Merging D + CE LUTs for $auto$ff.cc:337:slice$8753/remaining[0] (3 -> 6)
  Merging D + CE LUTs for $auto$ff.cc:337:slice$8752/remaining[0] (3 -> 6)
  Merging D + CE LUTs for $auto$ff.cc:337:slice$8751/remaining[0] (3 -> 6)
  Merging D + CE LUTs for $auto$ff.cc:337:slice$8750/remaining[0] (3 -> 6)
  Merging D + CE LUTs for $auto$ff.cc:337:slice$8749/remaining[0] (3 -> 6)
  Merging D + CE LUTs for $auto$ff.cc:337:slice$8748/remaining[0] (3 -> 6)
  Merging D + CE LUTs for $auto$ff.cc:337:slice$8747/remaining[0] (3 -> 6)
  Merging D + CE LUTs for $auto$ff.cc:337:slice$8746/remaining[0] (3 -> 6)
  Merging D + CE LUTs for $auto$ff.cc:337:slice$8745/remaining[0] (3 -> 6)
  Merging D + CE LUTs for $auto$ff.cc:337:slice$8744/remaining[0] (3 -> 6)
  Merging D + CE LUTs for $auto$ff.cc:337:slice$8743/remaining[0] (3 -> 6)
  Merging D + CE LUTs for $auto$ff.cc:337:slice$8742/remaining[0] (3 -> 6)
  Merging D + CE LUTs for $auto$ff.cc:337:slice$8741/remaining[0] (3 -> 6)
  Merging D + CE LUTs for $auto$ff.cc:337:slice$8739/remaining[1] (3 -> 6)
  Merging D + CE LUTs for $auto$ff.cc:337:slice$8738/remaining[1] (3 -> 6)
  Merging D + CE LUTs for $auto$ff.cc:337:slice$8737/remaining[1] (3 -> 6)
  Merging D + CE LUTs for $auto$ff.cc:337:slice$8736/remaining[1] (3 -> 6)
  Merging D + CE LUTs for $auto$ff.cc:337:slice$8735/remaining[1] (3 -> 6)
  Merging D + CE LUTs for $auto$ff.cc:337:slice$8734/remaining[1] (3 -> 6)
  Merging D + CE LUTs for $auto$ff.cc:337:slice$8733/remaining[1] (3 -> 6)
  Merging D + CE LUTs for $auto$ff.cc:337:slice$8732/remaining[1] (3 -> 6)
  Merging D + CE LUTs for $auto$ff.cc:337:slice$8731/remaining[1] (3 -> 6)
  Merging D + CE LUTs for $auto$ff.cc:337:slice$8730/remaining[1] (3 -> 6)
  Merging D + CE LUTs for $auto$ff.cc:337:slice$8729/remaining[1] (3 -> 6)
  Merging D + CE LUTs for $auto$ff.cc:337:slice$8728/remaining[1] (3 -> 6)
  Merging D + CE LUTs for $auto$ff.cc:337:slice$8727/remaining[1] (3 -> 6)
  Merging D + CE LUTs for $auto$ff.cc:337:slice$8726/remaining[1] (3 -> 6)
  Merging D + CE LUTs for $auto$ff.cc:337:slice$8725/remaining[1] (3 -> 6)
  Merging D + CE LUTs for $auto$ff.cc:337:slice$8724/remaining[1] (3 -> 6)
  Merging D + CE LUTs for $auto$ff.cc:337:slice$8723/remaining[1] (3 -> 6)
  Merging D + CE LUTs for $auto$ff.cc:337:slice$8722/remaining[1] (3 -> 6)
  Merging D + CE LUTs for $auto$ff.cc:337:slice$8721/remaining[1] (3 -> 6)
  Merging D + CE LUTs for $auto$ff.cc:337:slice$8720/remaining[1] (3 -> 6)
  Merging D + CE LUTs for $auto$ff.cc:337:slice$8719/remaining[1] (3 -> 6)
  Merging D + CE LUTs for $auto$ff.cc:337:slice$8718/remaining[1] (3 -> 6)
  Merging D + CE LUTs for $auto$ff.cc:337:slice$8717/remaining[1] (3 -> 6)
  Merging D + CE LUTs for $auto$ff.cc:337:slice$8716/remaining[1] (3 -> 6)
  Merging D + CE LUTs for $auto$ff.cc:337:slice$8715/remaining[1] (3 -> 6)
  Merging D + CE LUTs for $auto$ff.cc:337:slice$8714/remaining[1] (3 -> 6)
  Merging D + CE LUTs for $auto$ff.cc:337:slice$8713/remaining[1] (3 -> 6)
  Merging D + CE LUTs for $auto$ff.cc:337:slice$8712/remaining[1] (3 -> 6)
  Merging D + CE LUTs for $auto$ff.cc:337:slice$8711/remaining[1] (3 -> 6)
  Merging D + CE LUTs for $auto$ff.cc:337:slice$8710/remaining[1] (3 -> 6)
  Merging D + CE LUTs for $auto$ff.cc:337:slice$8709/remaining[1] (3 -> 6)
  Merging D + CE LUTs for $auto$ff.cc:337:slice$8707/remaining[2] (3 -> 6)
  Merging D + CE LUTs for $auto$ff.cc:337:slice$8706/remaining[2] (3 -> 6)
  Merging D + CE LUTs for $auto$ff.cc:337:slice$8705/remaining[2] (3 -> 6)
  Merging D + CE LUTs for $auto$ff.cc:337:slice$8704/remaining[2] (3 -> 6)
  Merging D + CE LUTs for $auto$ff.cc:337:slice$8703/remaining[2] (3 -> 6)
  Merging D + CE LUTs for $auto$ff.cc:337:slice$8702/remaining[2] (3 -> 6)
  Merging D + CE LUTs for $auto$ff.cc:337:slice$8701/remaining[2] (3 -> 6)
  Merging D + CE LUTs for $auto$ff.cc:337:slice$8700/remaining[2] (3 -> 6)
  Merging D + CE LUTs for $auto$ff.cc:337:slice$8699/remaining[2] (3 -> 6)
  Merging D + CE LUTs for $auto$ff.cc:337:slice$8698/remaining[2] (3 -> 6)
  Merging D + CE LUTs for $auto$ff.cc:337:slice$8697/remaining[2] (3 -> 6)
  Merging D + CE LUTs for $auto$ff.cc:337:slice$8696/remaining[2] (3 -> 6)
  Merging D + CE LUTs for $auto$ff.cc:337:slice$8695/remaining[2] (3 -> 6)
  Merging D + CE LUTs for $auto$ff.cc:337:slice$8694/remaining[2] (3 -> 6)
  Merging D + CE LUTs for $auto$ff.cc:337:slice$8693/remaining[2] (3 -> 6)
  Merging D + CE LUTs for $auto$ff.cc:337:slice$8692/remaining[2] (3 -> 6)
  Merging D + CE LUTs for $auto$ff.cc:337:slice$8691/remaining[2] (3 -> 6)
  Merging D + CE LUTs for $auto$ff.cc:337:slice$8690/remaining[2] (3 -> 6)
  Merging D + CE LUTs for $auto$ff.cc:337:slice$8689/remaining[2] (3 -> 6)
  Merging D + CE LUTs for $auto$ff.cc:337:slice$8688/remaining[2] (3 -> 6)
  Merging D + CE LUTs for $auto$ff.cc:337:slice$8687/remaining[2] (3 -> 6)
  Merging D + CE LUTs for $auto$ff.cc:337:slice$8686/remaining[2] (3 -> 6)
  Merging D + CE LUTs for $auto$ff.cc:337:slice$8685/remaining[2] (3 -> 6)
  Merging D + CE LUTs for $auto$ff.cc:337:slice$8684/remaining[2] (3 -> 6)
  Merging D + CE LUTs for $auto$ff.cc:337:slice$8683/remaining[2] (3 -> 6)
  Merging D + CE LUTs for $auto$ff.cc:337:slice$8682/remaining[2] (3 -> 6)
  Merging D + CE LUTs for $auto$ff.cc:337:slice$8681/remaining[2] (3 -> 6)
  Merging D + CE LUTs for $auto$ff.cc:337:slice$8680/remaining[2] (3 -> 6)
  Merging D + CE LUTs for $auto$ff.cc:337:slice$8679/remaining[2] (3 -> 6)
  Merging D + CE LUTs for $auto$ff.cc:337:slice$8678/remaining[2] (3 -> 6)
  Merging D + CE LUTs for $auto$ff.cc:337:slice$8677/remaining[2] (3 -> 6)
  Merging D + CE LUTs for $auto$ff.cc:337:slice$8675/remaining[3] (3 -> 6)
  Merging D + CE LUTs for $auto$ff.cc:337:slice$8674/remaining[3] (3 -> 6)
  Merging D + CE LUTs for $auto$ff.cc:337:slice$8673/remaining[3] (3 -> 6)
  Merging D + CE LUTs for $auto$ff.cc:337:slice$8672/remaining[3] (3 -> 6)
  Merging D + CE LUTs for $auto$ff.cc:337:slice$8671/remaining[3] (3 -> 6)
  Merging D + CE LUTs for $auto$ff.cc:337:slice$8670/remaining[3] (3 -> 6)
  Merging D + CE LUTs for $auto$ff.cc:337:slice$8669/remaining[3] (3 -> 6)
  Merging D + CE LUTs for $auto$ff.cc:337:slice$8668/remaining[3] (3 -> 6)
  Merging D + CE LUTs for $auto$ff.cc:337:slice$8667/remaining[3] (3 -> 6)
  Merging D + CE LUTs for $auto$ff.cc:337:slice$8666/remaining[3] (3 -> 6)
  Merging D + CE LUTs for $auto$ff.cc:337:slice$8665/remaining[3] (3 -> 6)
  Merging D + CE LUTs for $auto$ff.cc:337:slice$8664/remaining[3] (3 -> 6)
  Merging D + CE LUTs for $auto$ff.cc:337:slice$8663/remaining[3] (3 -> 6)
  Merging D + CE LUTs for $auto$ff.cc:337:slice$8662/remaining[3] (3 -> 6)
  Merging D + CE LUTs for $auto$ff.cc:337:slice$8661/remaining[3] (3 -> 6)
  Merging D + CE LUTs for $auto$ff.cc:337:slice$8660/remaining[3] (3 -> 6)
  Merging D + CE LUTs for $auto$ff.cc:337:slice$8659/remaining[3] (3 -> 6)
  Merging D + CE LUTs for $auto$ff.cc:337:slice$8658/remaining[3] (3 -> 6)
  Merging D + CE LUTs for $auto$ff.cc:337:slice$8657/remaining[3] (3 -> 6)
  Merging D + CE LUTs for $auto$ff.cc:337:slice$8656/remaining[3] (3 -> 6)
  Merging D + CE LUTs for $auto$ff.cc:337:slice$8655/remaining[3] (3 -> 6)
  Merging D + CE LUTs for $auto$ff.cc:337:slice$8654/remaining[3] (3 -> 6)
  Merging D + CE LUTs for $auto$ff.cc:337:slice$8653/remaining[3] (3 -> 6)
  Merging D + CE LUTs for $auto$ff.cc:337:slice$8652/remaining[3] (3 -> 6)
  Merging D + CE LUTs for $auto$ff.cc:337:slice$8651/remaining[3] (3 -> 6)
  Merging D + CE LUTs for $auto$ff.cc:337:slice$8650/remaining[3] (3 -> 6)
  Merging D + CE LUTs for $auto$ff.cc:337:slice$8649/remaining[3] (3 -> 6)
  Merging D + CE LUTs for $auto$ff.cc:337:slice$8648/remaining[3] (3 -> 6)
  Merging D + CE LUTs for $auto$ff.cc:337:slice$8647/remaining[3] (3 -> 6)
  Merging D + CE LUTs for $auto$ff.cc:337:slice$8646/remaining[3] (3 -> 6)
  Merging D + CE LUTs for $auto$ff.cc:337:slice$8645/remaining[3] (3 -> 6)
  Merging D + CE LUTs for $auto$ff.cc:337:slice$8643/remaining[4] (3 -> 6)
  Merging D + CE LUTs for $auto$ff.cc:337:slice$8642/remaining[4] (3 -> 6)
  Merging D + CE LUTs for $auto$ff.cc:337:slice$8641/remaining[4] (3 -> 6)
  Merging D + CE LUTs for $auto$ff.cc:337:slice$8640/remaining[4] (3 -> 6)
  Merging D + CE LUTs for $auto$ff.cc:337:slice$8639/remaining[4] (3 -> 6)
  Merging D + CE LUTs for $auto$ff.cc:337:slice$8638/remaining[4] (3 -> 6)
  Merging D + CE LUTs for $auto$ff.cc:337:slice$8637/remaining[4] (3 -> 6)
  Merging D + CE LUTs for $auto$ff.cc:337:slice$8636/remaining[4] (3 -> 6)
  Merging D + CE LUTs for $auto$ff.cc:337:slice$8635/remaining[4] (3 -> 6)
  Merging D + CE LUTs for $auto$ff.cc:337:slice$8634/remaining[4] (3 -> 6)
  Merging D + CE LUTs for $auto$ff.cc:337:slice$8633/remaining[4] (3 -> 6)
  Merging D + CE LUTs for $auto$ff.cc:337:slice$8632/remaining[4] (3 -> 6)
  Merging D + CE LUTs for $auto$ff.cc:337:slice$8631/remaining[4] (3 -> 6)
  Merging D + CE LUTs for $auto$ff.cc:337:slice$8630/remaining[4] (3 -> 6)
  Merging D + CE LUTs for $auto$ff.cc:337:slice$8629/remaining[4] (3 -> 6)
  Merging D + CE LUTs for $auto$ff.cc:337:slice$8628/remaining[4] (3 -> 6)
  Merging D + CE LUTs for $auto$ff.cc:337:slice$8627/remaining[4] (3 -> 6)
  Merging D + CE LUTs for $auto$ff.cc:337:slice$8626/remaining[4] (3 -> 6)
  Merging D + CE LUTs for $auto$ff.cc:337:slice$8625/remaining[4] (3 -> 6)
  Merging D + CE LUTs for $auto$ff.cc:337:slice$8624/remaining[4] (3 -> 6)
  Merging D + CE LUTs for $auto$ff.cc:337:slice$8623/remaining[4] (3 -> 6)
  Merging D + CE LUTs for $auto$ff.cc:337:slice$8622/remaining[4] (3 -> 6)
  Merging D + CE LUTs for $auto$ff.cc:337:slice$8621/remaining[4] (3 -> 6)
  Merging D + CE LUTs for $auto$ff.cc:337:slice$8620/remaining[4] (3 -> 6)
  Merging D + CE LUTs for $auto$ff.cc:337:slice$8619/remaining[4] (3 -> 6)
  Merging D + CE LUTs for $auto$ff.cc:337:slice$8618/remaining[4] (3 -> 6)
  Merging D + CE LUTs for $auto$ff.cc:337:slice$8617/remaining[4] (3 -> 6)
  Merging D + CE LUTs for $auto$ff.cc:337:slice$8616/remaining[4] (3 -> 6)
  Merging D + CE LUTs for $auto$ff.cc:337:slice$8615/remaining[4] (3 -> 6)
  Merging D + CE LUTs for $auto$ff.cc:337:slice$8614/remaining[4] (3 -> 6)
  Merging D + CE LUTs for $auto$ff.cc:337:slice$8613/remaining[4] (3 -> 6)
  Merging D + CE LUTs for $auto$ff.cc:337:slice$8611/remaining[5] (3 -> 6)
  Merging D + CE LUTs for $auto$ff.cc:337:slice$8610/remaining[5] (3 -> 6)
  Merging D + CE LUTs for $auto$ff.cc:337:slice$8609/remaining[5] (3 -> 6)
  Merging D + CE LUTs for $auto$ff.cc:337:slice$8608/remaining[5] (3 -> 6)
  Merging D + CE LUTs for $auto$ff.cc:337:slice$8607/remaining[5] (3 -> 6)
  Merging D + CE LUTs for $auto$ff.cc:337:slice$8606/remaining[5] (3 -> 6)
  Merging D + CE LUTs for $auto$ff.cc:337:slice$8605/remaining[5] (3 -> 6)
  Merging D + CE LUTs for $auto$ff.cc:337:slice$8604/remaining[5] (3 -> 6)
  Merging D + CE LUTs for $auto$ff.cc:337:slice$8603/remaining[5] (3 -> 6)
  Merging D + CE LUTs for $auto$ff.cc:337:slice$8602/remaining[5] (3 -> 6)
  Merging D + CE LUTs for $auto$ff.cc:337:slice$8601/remaining[5] (3 -> 6)
  Merging D + CE LUTs for $auto$ff.cc:337:slice$8600/remaining[5] (3 -> 6)
  Merging D + CE LUTs for $auto$ff.cc:337:slice$8599/remaining[5] (3 -> 6)
  Merging D + CE LUTs for $auto$ff.cc:337:slice$8598/remaining[5] (3 -> 6)
  Merging D + CE LUTs for $auto$ff.cc:337:slice$8597/remaining[5] (3 -> 6)
  Merging D + CE LUTs for $auto$ff.cc:337:slice$8596/remaining[5] (3 -> 6)
  Merging D + CE LUTs for $auto$ff.cc:337:slice$8595/remaining[5] (3 -> 6)
  Merging D + CE LUTs for $auto$ff.cc:337:slice$8594/remaining[5] (3 -> 6)
  Merging D + CE LUTs for $auto$ff.cc:337:slice$8593/remaining[5] (3 -> 6)
  Merging D + CE LUTs for $auto$ff.cc:337:slice$8592/remaining[5] (3 -> 6)
  Merging D + CE LUTs for $auto$ff.cc:337:slice$8591/remaining[5] (3 -> 6)
  Merging D + CE LUTs for $auto$ff.cc:337:slice$8590/remaining[5] (3 -> 6)
  Merging D + CE LUTs for $auto$ff.cc:337:slice$8589/remaining[5] (3 -> 6)
  Merging D + CE LUTs for $auto$ff.cc:337:slice$8588/remaining[5] (3 -> 6)
  Merging D + CE LUTs for $auto$ff.cc:337:slice$8587/remaining[5] (3 -> 6)
  Merging D + CE LUTs for $auto$ff.cc:337:slice$8586/remaining[5] (3 -> 6)
  Merging D + CE LUTs for $auto$ff.cc:337:slice$8585/remaining[5] (3 -> 6)
  Merging D + CE LUTs for $auto$ff.cc:337:slice$8584/remaining[5] (3 -> 6)
  Merging D + CE LUTs for $auto$ff.cc:337:slice$8583/remaining[5] (3 -> 6)
  Merging D + CE LUTs for $auto$ff.cc:337:slice$8582/remaining[5] (3 -> 6)
  Merging D + CE LUTs for $auto$ff.cc:337:slice$8581/remaining[5] (3 -> 6)
  Merging D + CE LUTs for $auto$ff.cc:337:slice$8579/remaining[6] (3 -> 6)
  Merging D + CE LUTs for $auto$ff.cc:337:slice$8578/remaining[6] (3 -> 6)
  Merging D + CE LUTs for $auto$ff.cc:337:slice$8577/remaining[6] (3 -> 6)
  Merging D + CE LUTs for $auto$ff.cc:337:slice$8576/remaining[6] (3 -> 6)
  Merging D + CE LUTs for $auto$ff.cc:337:slice$8575/remaining[6] (3 -> 6)
  Merging D + CE LUTs for $auto$ff.cc:337:slice$8574/remaining[6] (3 -> 6)
  Merging D + CE LUTs for $auto$ff.cc:337:slice$8573/remaining[6] (3 -> 6)
  Merging D + CE LUTs for $auto$ff.cc:337:slice$8572/remaining[6] (3 -> 6)
  Merging D + CE LUTs for $auto$ff.cc:337:slice$8571/remaining[6] (3 -> 6)
  Merging D + CE LUTs for $auto$ff.cc:337:slice$8570/remaining[6] (3 -> 6)
  Merging D + CE LUTs for $auto$ff.cc:337:slice$8569/remaining[6] (3 -> 6)
  Merging D + CE LUTs for $auto$ff.cc:337:slice$8568/remaining[6] (3 -> 6)
  Merging D + CE LUTs for $auto$ff.cc:337:slice$8567/remaining[6] (3 -> 6)
  Merging D + CE LUTs for $auto$ff.cc:337:slice$8566/remaining[6] (3 -> 6)
  Merging D + CE LUTs for $auto$ff.cc:337:slice$8565/remaining[6] (3 -> 6)
  Merging D + CE LUTs for $auto$ff.cc:337:slice$8564/remaining[6] (3 -> 6)
  Merging D + CE LUTs for $auto$ff.cc:337:slice$8563/remaining[6] (3 -> 6)
  Merging D + CE LUTs for $auto$ff.cc:337:slice$8562/remaining[6] (3 -> 6)
  Merging D + CE LUTs for $auto$ff.cc:337:slice$8561/remaining[6] (3 -> 6)
  Merging D + CE LUTs for $auto$ff.cc:337:slice$8560/remaining[6] (3 -> 6)
  Merging D + CE LUTs for $auto$ff.cc:337:slice$8559/remaining[6] (3 -> 6)
  Merging D + CE LUTs for $auto$ff.cc:337:slice$8558/remaining[6] (3 -> 6)
  Merging D + CE LUTs for $auto$ff.cc:337:slice$8557/remaining[6] (3 -> 6)
  Merging D + CE LUTs for $auto$ff.cc:337:slice$8556/remaining[6] (3 -> 6)
  Merging D + CE LUTs for $auto$ff.cc:337:slice$8555/remaining[6] (3 -> 6)
  Merging D + CE LUTs for $auto$ff.cc:337:slice$8554/remaining[6] (3 -> 6)
  Merging D + CE LUTs for $auto$ff.cc:337:slice$8553/remaining[6] (3 -> 6)
  Merging D + CE LUTs for $auto$ff.cc:337:slice$8552/remaining[6] (3 -> 6)
  Merging D + CE LUTs for $auto$ff.cc:337:slice$8551/remaining[6] (3 -> 6)
  Merging D + CE LUTs for $auto$ff.cc:337:slice$8550/remaining[6] (3 -> 6)
  Merging D + CE LUTs for $auto$ff.cc:337:slice$8549/remaining[6] (3 -> 6)
  Merging D + CE LUTs for $auto$ff.cc:337:slice$8547/remaining[7] (3 -> 6)
  Merging D + CE LUTs for $auto$ff.cc:337:slice$8546/remaining[7] (3 -> 6)
  Merging D + CE LUTs for $auto$ff.cc:337:slice$8545/remaining[7] (3 -> 6)
  Merging D + CE LUTs for $auto$ff.cc:337:slice$8544/remaining[7] (3 -> 6)
  Merging D + CE LUTs for $auto$ff.cc:337:slice$8543/remaining[7] (3 -> 6)
  Merging D + CE LUTs for $auto$ff.cc:337:slice$8542/remaining[7] (3 -> 6)
  Merging D + CE LUTs for $auto$ff.cc:337:slice$8541/remaining[7] (3 -> 6)
  Merging D + CE LUTs for $auto$ff.cc:337:slice$8540/remaining[7] (3 -> 6)
  Merging D + CE LUTs for $auto$ff.cc:337:slice$8539/remaining[7] (3 -> 6)
  Merging D + CE LUTs for $auto$ff.cc:337:slice$8538/remaining[7] (3 -> 6)
  Merging D + CE LUTs for $auto$ff.cc:337:slice$8537/remaining[7] (3 -> 6)
  Merging D + CE LUTs for $auto$ff.cc:337:slice$8536/remaining[7] (3 -> 6)
  Merging D + CE LUTs for $auto$ff.cc:337:slice$8535/remaining[7] (3 -> 6)
  Merging D + CE LUTs for $auto$ff.cc:337:slice$8534/remaining[7] (3 -> 6)
  Merging D + CE LUTs for $auto$ff.cc:337:slice$8533/remaining[7] (3 -> 6)
  Merging D + CE LUTs for $auto$ff.cc:337:slice$8532/remaining[7] (3 -> 6)
  Merging D + CE LUTs for $auto$ff.cc:337:slice$8531/remaining[7] (3 -> 6)
  Merging D + CE LUTs for $auto$ff.cc:337:slice$8530/remaining[7] (3 -> 6)
  Merging D + CE LUTs for $auto$ff.cc:337:slice$8529/remaining[7] (3 -> 6)
  Merging D + CE LUTs for $auto$ff.cc:337:slice$8528/remaining[7] (3 -> 6)
  Merging D + CE LUTs for $auto$ff.cc:337:slice$8527/remaining[7] (3 -> 6)
  Merging D + CE LUTs for $auto$ff.cc:337:slice$8526/remaining[7] (3 -> 6)
  Merging D + CE LUTs for $auto$ff.cc:337:slice$8525/remaining[7] (3 -> 6)
  Merging D + CE LUTs for $auto$ff.cc:337:slice$8524/remaining[7] (3 -> 6)
  Merging D + CE LUTs for $auto$ff.cc:337:slice$8523/remaining[7] (3 -> 6)
  Merging D + CE LUTs for $auto$ff.cc:337:slice$8522/remaining[7] (3 -> 6)
  Merging D + CE LUTs for $auto$ff.cc:337:slice$8521/remaining[7] (3 -> 6)
  Merging D + CE LUTs for $auto$ff.cc:337:slice$8520/remaining[7] (3 -> 6)
  Merging D + CE LUTs for $auto$ff.cc:337:slice$8519/remaining[7] (3 -> 6)
  Merging D + CE LUTs for $auto$ff.cc:337:slice$8518/remaining[7] (3 -> 6)
  Merging D + CE LUTs for $auto$ff.cc:337:slice$8517/remaining[7] (3 -> 6)
  Merging D + CE LUTs for $auto$ff.cc:337:slice$8515/remaining[8] (3 -> 6)
  Merging D + CE LUTs for $auto$ff.cc:337:slice$8514/remaining[8] (3 -> 6)
  Merging D + CE LUTs for $auto$ff.cc:337:slice$8513/remaining[8] (3 -> 6)
  Merging D + CE LUTs for $auto$ff.cc:337:slice$8512/remaining[8] (3 -> 6)
  Merging D + CE LUTs for $auto$ff.cc:337:slice$8511/remaining[8] (3 -> 6)
  Merging D + CE LUTs for $auto$ff.cc:337:slice$8509/remaining[8] (3 -> 6)
  Merging D + CE LUTs for $auto$ff.cc:337:slice$8508/remaining[8] (3 -> 6)
  Merging D + CE LUTs for $auto$ff.cc:337:slice$8507/remaining[8] (3 -> 6)
  Merging D + CE LUTs for $auto$ff.cc:337:slice$8506/remaining[8] (3 -> 6)
  Merging D + CE LUTs for $auto$ff.cc:337:slice$8505/remaining[8] (3 -> 6)
  Merging D + CE LUTs for $auto$ff.cc:337:slice$8504/remaining[8] (3 -> 6)
  Merging D + CE LUTs for $auto$ff.cc:337:slice$8503/remaining[8] (3 -> 6)
  Merging D + CE LUTs for $auto$ff.cc:337:slice$8502/remaining[8] (3 -> 6)
  Merging D + CE LUTs for $auto$ff.cc:337:slice$8501/remaining[8] (3 -> 6)
  Merging D + CE LUTs for $auto$ff.cc:337:slice$8499/remaining[8] (3 -> 6)
  Merging D + CE LUTs for $auto$ff.cc:337:slice$8498/remaining[8] (3 -> 6)
  Merging D + CE LUTs for $auto$ff.cc:337:slice$8497/remaining[8] (3 -> 6)
  Merging D + CE LUTs for $auto$ff.cc:337:slice$8496/remaining[8] (3 -> 6)
  Merging D + CE LUTs for $auto$ff.cc:337:slice$8495/remaining[8] (3 -> 6)
  Merging D + CE LUTs for $auto$ff.cc:337:slice$8494/remaining[8] (3 -> 6)
  Merging D + CE LUTs for $auto$ff.cc:337:slice$8493/remaining[8] (3 -> 6)
  Merging D + CE LUTs for $auto$ff.cc:337:slice$8492/remaining[8] (3 -> 6)
  Merging D + CE LUTs for $auto$ff.cc:337:slice$8491/remaining[8] (3 -> 6)
  Merging D + CE LUTs for $auto$ff.cc:337:slice$8490/remaining[8] (3 -> 6)
  Merging D + CE LUTs for $auto$ff.cc:337:slice$8489/remaining[8] (3 -> 6)
  Merging D + CE LUTs for $auto$ff.cc:337:slice$8488/remaining[8] (3 -> 6)
  Merging D + CE LUTs for $auto$ff.cc:337:slice$8487/remaining[8] (3 -> 6)
  Merging D + CE LUTs for $auto$ff.cc:337:slice$8485/remaining[8] (3 -> 6)
  Merging D + CE LUTs for $auto$ff.cc:337:slice$8483/remaining[9] (3 -> 6)
  Merging D + CE LUTs for $auto$ff.cc:337:slice$8482/remaining[9] (3 -> 6)
  Merging D + CE LUTs for $auto$ff.cc:337:slice$8481/remaining[9] (3 -> 6)
  Merging D + CE LUTs for $auto$ff.cc:337:slice$8480/remaining[9] (3 -> 6)
  Merging D + CE LUTs for $auto$ff.cc:337:slice$8479/remaining[9] (3 -> 6)
  Merging D + CE LUTs for $auto$ff.cc:337:slice$8477/remaining[9] (3 -> 6)
  Merging D + CE LUTs for $auto$ff.cc:337:slice$8476/remaining[9] (3 -> 6)
  Merging D + CE LUTs for $auto$ff.cc:337:slice$8475/remaining[9] (3 -> 6)
  Merging D + CE LUTs for $auto$ff.cc:337:slice$8474/remaining[9] (3 -> 6)
  Merging D + CE LUTs for $auto$ff.cc:337:slice$8472/remaining[9] (3 -> 6)
  Merging D + CE LUTs for $auto$ff.cc:337:slice$8471/remaining[9] (3 -> 6)
  Merging D + CE LUTs for $auto$ff.cc:337:slice$8470/remaining[9] (3 -> 6)
  Merging D + CE LUTs for $auto$ff.cc:337:slice$8469/remaining[9] (3 -> 6)
  Merging D + CE LUTs for $auto$ff.cc:337:slice$8468/remaining[9] (3 -> 6)
  Merging D + CE LUTs for $auto$ff.cc:337:slice$8467/remaining[9] (3 -> 6)
  Merging D + CE LUTs for $auto$ff.cc:337:slice$8466/remaining[9] (3 -> 6)
  Merging D + CE LUTs for $auto$ff.cc:337:slice$8465/remaining[9] (3 -> 6)
  Merging D + CE LUTs for $auto$ff.cc:337:slice$8464/remaining[9] (3 -> 6)
  Merging D + CE LUTs for $auto$ff.cc:337:slice$8463/remaining[9] (3 -> 6)
  Merging D + CE LUTs for $auto$ff.cc:337:slice$8462/remaining[9] (3 -> 6)
  Merging D + CE LUTs for $auto$ff.cc:337:slice$8461/remaining[9] (3 -> 6)
  Merging D + CE LUTs for $auto$ff.cc:337:slice$8460/remaining[9] (3 -> 6)
  Merging D + CE LUTs for $auto$ff.cc:337:slice$8459/remaining[9] (3 -> 6)
  Merging D + CE LUTs for $auto$ff.cc:337:slice$8458/remaining[9] (3 -> 6)
  Merging D + CE LUTs for $auto$ff.cc:337:slice$8457/remaining[9] (3 -> 6)
  Merging D + CE LUTs for $auto$ff.cc:337:slice$8456/remaining[9] (3 -> 6)
  Merging D + CE LUTs for $auto$ff.cc:337:slice$8455/remaining[9] (3 -> 6)
  Merging D + CE LUTs for $auto$ff.cc:337:slice$8454/remaining[9] (3 -> 6)
  Merging D + CE LUTs for $auto$ff.cc:337:slice$8453/remaining[9] (3 -> 6)
  Merging D + CE LUTs for $auto$ff.cc:337:slice$8451/remaining[10] (3 -> 6)
  Merging D + CE LUTs for $auto$ff.cc:337:slice$8450/remaining[10] (3 -> 6)
  Merging D + CE LUTs for $auto$ff.cc:337:slice$8449/remaining[10] (3 -> 6)
  Merging D + CE LUTs for $auto$ff.cc:337:slice$8448/remaining[10] (3 -> 6)
  Merging D + CE LUTs for $auto$ff.cc:337:slice$8447/remaining[10] (3 -> 6)
  Merging D + CE LUTs for $auto$ff.cc:337:slice$8446/remaining[10] (3 -> 6)
  Merging D + CE LUTs for $auto$ff.cc:337:slice$8445/remaining[10] (3 -> 6)
  Merging D + CE LUTs for $auto$ff.cc:337:slice$8444/remaining[10] (3 -> 6)
  Merging D + CE LUTs for $auto$ff.cc:337:slice$8443/remaining[10] (3 -> 6)
  Merging D + CE LUTs for $auto$ff.cc:337:slice$8442/remaining[10] (3 -> 6)
  Merging D + CE LUTs for $auto$ff.cc:337:slice$8441/remaining[10] (3 -> 6)
  Merging D + CE LUTs for $auto$ff.cc:337:slice$8440/remaining[10] (3 -> 6)
  Merging D + CE LUTs for $auto$ff.cc:337:slice$8439/remaining[10] (3 -> 6)
  Merging D + CE LUTs for $auto$ff.cc:337:slice$8438/remaining[10] (3 -> 6)
  Merging D + CE LUTs for $auto$ff.cc:337:slice$8437/remaining[10] (3 -> 6)
  Merging D + CE LUTs for $auto$ff.cc:337:slice$8435/remaining[10] (3 -> 6)
  Merging D + CE LUTs for $auto$ff.cc:337:slice$8434/remaining[10] (3 -> 6)
  Merging D + CE LUTs for $auto$ff.cc:337:slice$8433/remaining[10] (3 -> 6)
  Merging D + CE LUTs for $auto$ff.cc:337:slice$8432/remaining[10] (3 -> 6)
  Merging D + CE LUTs for $auto$ff.cc:337:slice$8430/remaining[10] (3 -> 6)
  Merging D + CE LUTs for $auto$ff.cc:337:slice$8429/remaining[10] (3 -> 6)
  Merging D + CE LUTs for $auto$ff.cc:337:slice$8428/remaining[10] (3 -> 6)
  Merging D + CE LUTs for $auto$ff.cc:337:slice$8427/remaining[10] (3 -> 6)
  Merging D + CE LUTs for $auto$ff.cc:337:slice$8426/remaining[10] (3 -> 6)
  Merging D + CE LUTs for $auto$ff.cc:337:slice$8425/remaining[10] (3 -> 6)
  Merging D + CE LUTs for $auto$ff.cc:337:slice$8424/remaining[10] (3 -> 6)
  Merging D + CE LUTs for $auto$ff.cc:337:slice$8423/remaining[10] (3 -> 6)
  Merging D + CE LUTs for $auto$ff.cc:337:slice$8422/remaining[10] (3 -> 6)
  Merging D + CE LUTs for $auto$ff.cc:337:slice$8421/remaining[10] (3 -> 6)
  Merging D + CE LUTs for $auto$ff.cc:337:slice$8419/remaining[11] (3 -> 6)
  Merging D + CE LUTs for $auto$ff.cc:337:slice$8418/remaining[11] (3 -> 6)
  Merging D + CE LUTs for $auto$ff.cc:337:slice$8417/remaining[11] (3 -> 6)
  Merging D + CE LUTs for $auto$ff.cc:337:slice$8416/remaining[11] (3 -> 6)
  Merging D + CE LUTs for $auto$ff.cc:337:slice$8415/remaining[11] (3 -> 6)
  Merging D + CE LUTs for $auto$ff.cc:337:slice$8414/remaining[11] (3 -> 6)
  Merging D + CE LUTs for $auto$ff.cc:337:slice$8413/remaining[11] (3 -> 6)
  Merging D + CE LUTs for $auto$ff.cc:337:slice$8412/remaining[11] (3 -> 6)
  Merging D + CE LUTs for $auto$ff.cc:337:slice$8411/remaining[11] (3 -> 6)
  Merging D + CE LUTs for $auto$ff.cc:337:slice$8410/remaining[11] (3 -> 6)
  Merging D + CE LUTs for $auto$ff.cc:337:slice$8409/remaining[11] (3 -> 6)
  Merging D + CE LUTs for $auto$ff.cc:337:slice$8408/remaining[11] (3 -> 6)
  Merging D + CE LUTs for $auto$ff.cc:337:slice$8406/remaining[11] (3 -> 6)
  Merging D + CE LUTs for $auto$ff.cc:337:slice$8405/remaining[11] (3 -> 6)
  Merging D + CE LUTs for $auto$ff.cc:337:slice$8404/remaining[11] (3 -> 6)
  Merging D + CE LUTs for $auto$ff.cc:337:slice$8403/remaining[11] (3 -> 6)
  Merging D + CE LUTs for $auto$ff.cc:337:slice$8402/remaining[11] (3 -> 6)
  Merging D + CE LUTs for $auto$ff.cc:337:slice$8401/remaining[11] (3 -> 6)
  Merging D + CE LUTs for $auto$ff.cc:337:slice$8400/remaining[11] (3 -> 6)
  Merging D + CE LUTs for $auto$ff.cc:337:slice$8398/remaining[11] (3 -> 6)
  Merging D + CE LUTs for $auto$ff.cc:337:slice$8397/remaining[11] (3 -> 6)
  Merging D + CE LUTs for $auto$ff.cc:337:slice$8396/remaining[11] (3 -> 6)
  Merging D + CE LUTs for $auto$ff.cc:337:slice$8395/remaining[11] (3 -> 6)
  Merging D + CE LUTs for $auto$ff.cc:337:slice$8394/remaining[11] (3 -> 6)
  Merging D + CE LUTs for $auto$ff.cc:337:slice$8393/remaining[11] (3 -> 6)
  Merging D + CE LUTs for $auto$ff.cc:337:slice$8392/remaining[11] (3 -> 6)
  Merging D + CE LUTs for $auto$ff.cc:337:slice$8391/remaining[11] (3 -> 6)
  Merging D + CE LUTs for $auto$ff.cc:337:slice$8390/remaining[11] (3 -> 6)
  Merging D + CE LUTs for $auto$ff.cc:337:slice$8389/remaining[11] (3 -> 6)
  Merging D + CE LUTs for $auto$ff.cc:337:slice$8385/remaining[12] (3 -> 6)
  Merging D + CE LUTs for $auto$ff.cc:337:slice$8384/remaining[12] (3 -> 6)
  Merging D + CE LUTs for $auto$ff.cc:337:slice$8383/remaining[12] (3 -> 6)
  Merging D + CE LUTs for $auto$ff.cc:337:slice$8382/remaining[12] (3 -> 6)
  Merging D + CE LUTs for $auto$ff.cc:337:slice$8381/remaining[12] (3 -> 6)
  Merging D + CE LUTs for $auto$ff.cc:337:slice$8380/remaining[12] (3 -> 6)
  Merging D + CE LUTs for $auto$ff.cc:337:slice$8379/remaining[12] (3 -> 6)
  Merging D + CE LUTs for $auto$ff.cc:337:slice$8378/remaining[12] (3 -> 6)
  Merging D + CE LUTs for $auto$ff.cc:337:slice$8377/remaining[12] (3 -> 6)
  Merging D + CE LUTs for $auto$ff.cc:337:slice$8376/remaining[12] (3 -> 6)
  Merging D + CE LUTs for $auto$ff.cc:337:slice$8375/remaining[12] (3 -> 6)
  Merging D + CE LUTs for $auto$ff.cc:337:slice$8374/remaining[12] (3 -> 6)
  Merging D + CE LUTs for $auto$ff.cc:337:slice$8373/remaining[12] (3 -> 6)
  Merging D + CE LUTs for $auto$ff.cc:337:slice$8372/remaining[12] (3 -> 6)
  Merging D + CE LUTs for $auto$ff.cc:337:slice$8371/remaining[12] (3 -> 6)
  Merging D + CE LUTs for $auto$ff.cc:337:slice$8370/remaining[12] (3 -> 6)
  Merging D + CE LUTs for $auto$ff.cc:337:slice$8369/remaining[12] (3 -> 6)
  Merging D + CE LUTs for $auto$ff.cc:337:slice$8368/remaining[12] (3 -> 6)
  Merging D + CE LUTs for $auto$ff.cc:337:slice$8367/remaining[12] (3 -> 6)
  Merging D + CE LUTs for $auto$ff.cc:337:slice$8366/remaining[12] (3 -> 6)
  Merging D + CE LUTs for $auto$ff.cc:337:slice$8365/remaining[12] (3 -> 6)
  Merging D + CE LUTs for $auto$ff.cc:337:slice$8364/remaining[12] (3 -> 6)
  Merging D + CE LUTs for $auto$ff.cc:337:slice$8363/remaining[12] (3 -> 6)
  Merging D + CE LUTs for $auto$ff.cc:337:slice$8362/remaining[12] (3 -> 6)
  Merging D + CE LUTs for $auto$ff.cc:337:slice$8361/remaining[12] (3 -> 6)
  Merging D + CE LUTs for $auto$ff.cc:337:slice$8360/remaining[12] (3 -> 6)
  Merging D + CE LUTs for $auto$ff.cc:337:slice$8359/remaining[12] (3 -> 6)
  Merging D + CE LUTs for $auto$ff.cc:337:slice$8358/remaining[12] (3 -> 6)
  Merging D + CE LUTs for $auto$ff.cc:337:slice$8357/remaining[12] (3 -> 6)
  Merging D + CE LUTs for $auto$ff.cc:337:slice$8356/remaining[12] (3 -> 6)
  Merging D + CE LUTs for $auto$ff.cc:337:slice$8355/remaining[12] (3 -> 6)
  Merging D + CE LUTs for $auto$ff.cc:337:slice$8344/group_minimum[12] (2 -> 5)
  Merging D + CE LUTs for $auto$ff.cc:337:slice$8343/group_minimum[12] (2 -> 5)
  Merging D + CE LUTs for $auto$ff.cc:337:slice$8342/group_minimum[12] (2 -> 5)
  Merging D + CE LUTs for $auto$ff.cc:337:slice$8341/group_minimum[12] (2 -> 5)
  Merging D + CE LUTs for $auto$ff.cc:337:slice$8340/group_minimum[12] (2 -> 5)
  Merging D + CE LUTs for $auto$ff.cc:337:slice$8339/group_minimum[12] (2 -> 5)
  Merging D + CE LUTs for $auto$ff.cc:337:slice$8338/group_minimum[12] (2 -> 5)
  Merging D + CE LUTs for $auto$ff.cc:337:slice$8337/group_minimum[12] (2 -> 5)
  Merging D + CE LUTs for $auto$ff.cc:337:slice$8336/group_minimum[12] (2 -> 5)
  Merging D + CE LUTs for $auto$ff.cc:337:slice$8335/group_minimum[12] (2 -> 5)
  Merging D + CE LUTs for $auto$ff.cc:337:slice$8334/group_minimum[12] (2 -> 5)
  Merging D + CE LUTs for $auto$ff.cc:337:slice$8333/group_minimum[12] (2 -> 5)
  Merging D + CE LUTs for $auto$ff.cc:337:slice$8332/group_minimum[12] (2 -> 5)
  Merging D + CE LUTs for $auto$ff.cc:337:slice$8331/group_minimum[12] (2 -> 5)
  Merging D + CE LUTs for $auto$ff.cc:337:slice$8330/group_minimum[12] (2 -> 5)
  Merging D + CE LUTs for $auto$ff.cc:337:slice$8328/group_minimum[0] (2 -> 5)
  Merging D + CE LUTs for $auto$ff.cc:337:slice$8327/group_minimum[0] (2 -> 5)
  Merging D + CE LUTs for $auto$ff.cc:337:slice$8326/group_minimum[0] (2 -> 5)
  Merging D + CE LUTs for $auto$ff.cc:337:slice$8325/group_minimum[0] (2 -> 5)
  Merging D + CE LUTs for $auto$ff.cc:337:slice$8324/group_minimum[0] (2 -> 5)
  Merging D + CE LUTs for $auto$ff.cc:337:slice$8323/group_minimum[0] (2 -> 5)
  Merging D + CE LUTs for $auto$ff.cc:337:slice$8322/group_minimum[0] (2 -> 5)
  Merging D + CE LUTs for $auto$ff.cc:337:slice$8321/group_minimum[0] (2 -> 5)
  Merging D + CE LUTs for $auto$ff.cc:337:slice$8320/group_minimum[0] (2 -> 5)
  Merging D + CE LUTs for $auto$ff.cc:337:slice$8319/group_minimum[0] (2 -> 5)
  Merging D + CE LUTs for $auto$ff.cc:337:slice$8318/group_minimum[0] (2 -> 5)
  Merging D + CE LUTs for $auto$ff.cc:337:slice$8317/group_minimum[0] (2 -> 5)
  Merging D + CE LUTs for $auto$ff.cc:337:slice$8316/group_minimum[0] (2 -> 5)
  Merging D + CE LUTs for $auto$ff.cc:337:slice$8315/group_minimum[0] (2 -> 5)
  Merging D + CE LUTs for $auto$ff.cc:337:slice$8314/group_minimum[0] (2 -> 5)
  Merging D + CE LUTs for $auto$ff.cc:337:slice$8312/group_minimum[1] (2 -> 5)
  Merging D + CE LUTs for $auto$ff.cc:337:slice$8311/group_minimum[1] (2 -> 5)
  Merging D + CE LUTs for $auto$ff.cc:337:slice$8310/group_minimum[1] (2 -> 5)
  Merging D + CE LUTs for $auto$ff.cc:337:slice$8309/group_minimum[1] (2 -> 5)
  Merging D + CE LUTs for $auto$ff.cc:337:slice$8308/group_minimum[1] (2 -> 5)
  Merging D + CE LUTs for $auto$ff.cc:337:slice$8307/group_minimum[1] (2 -> 5)
  Merging D + CE LUTs for $auto$ff.cc:337:slice$8306/group_minimum[1] (2 -> 5)
  Merging D + CE LUTs for $auto$ff.cc:337:slice$8305/group_minimum[1] (2 -> 5)
  Merging D + CE LUTs for $auto$ff.cc:337:slice$8304/group_minimum[1] (2 -> 5)
  Merging D + CE LUTs for $auto$ff.cc:337:slice$8303/group_minimum[1] (2 -> 5)
  Merging D + CE LUTs for $auto$ff.cc:337:slice$8302/group_minimum[1] (2 -> 5)
  Merging D + CE LUTs for $auto$ff.cc:337:slice$8301/group_minimum[1] (2 -> 5)
  Merging D + CE LUTs for $auto$ff.cc:337:slice$8300/group_minimum[1] (2 -> 5)
  Merging D + CE LUTs for $auto$ff.cc:337:slice$8299/group_minimum[1] (2 -> 5)
  Merging D + CE LUTs for $auto$ff.cc:337:slice$8298/group_minimum[1] (2 -> 5)
  Merging D + CE LUTs for $auto$ff.cc:337:slice$8296/group_minimum[2] (2 -> 5)
  Merging D + CE LUTs for $auto$ff.cc:337:slice$8295/group_minimum[2] (2 -> 5)
  Merging D + CE LUTs for $auto$ff.cc:337:slice$8294/group_minimum[2] (2 -> 5)
  Merging D + CE LUTs for $auto$ff.cc:337:slice$8293/group_minimum[2] (2 -> 5)
  Merging D + CE LUTs for $auto$ff.cc:337:slice$8292/group_minimum[2] (2 -> 5)
  Merging D + CE LUTs for $auto$ff.cc:337:slice$8291/group_minimum[2] (2 -> 5)
  Merging D + CE LUTs for $auto$ff.cc:337:slice$8290/group_minimum[2] (2 -> 5)
  Merging D + CE LUTs for $auto$ff.cc:337:slice$8289/group_minimum[2] (2 -> 5)
  Merging D + CE LUTs for $auto$ff.cc:337:slice$8288/group_minimum[2] (2 -> 5)
  Merging D + CE LUTs for $auto$ff.cc:337:slice$8287/group_minimum[2] (2 -> 5)
  Merging D + CE LUTs for $auto$ff.cc:337:slice$8286/group_minimum[2] (2 -> 5)
  Merging D + CE LUTs for $auto$ff.cc:337:slice$8285/group_minimum[2] (2 -> 5)
  Merging D + CE LUTs for $auto$ff.cc:337:slice$8284/group_minimum[2] (2 -> 5)
  Merging D + CE LUTs for $auto$ff.cc:337:slice$8283/group_minimum[2] (2 -> 5)
  Merging D + CE LUTs for $auto$ff.cc:337:slice$8282/group_minimum[2] (2 -> 5)
  Merging D + CE LUTs for $auto$ff.cc:337:slice$8280/group_minimum[3] (2 -> 5)
  Merging D + CE LUTs for $auto$ff.cc:337:slice$8279/group_minimum[3] (2 -> 5)
  Merging D + CE LUTs for $auto$ff.cc:337:slice$8278/group_minimum[3] (2 -> 5)
  Merging D + CE LUTs for $auto$ff.cc:337:slice$8277/group_minimum[3] (2 -> 5)
  Merging D + CE LUTs for $auto$ff.cc:337:slice$8276/group_minimum[3] (2 -> 5)
  Merging D + CE LUTs for $auto$ff.cc:337:slice$8275/group_minimum[3] (2 -> 5)
  Merging D + CE LUTs for $auto$ff.cc:337:slice$8274/group_minimum[3] (2 -> 5)
  Merging D + CE LUTs for $auto$ff.cc:337:slice$8273/group_minimum[3] (2 -> 5)
  Merging D + CE LUTs for $auto$ff.cc:337:slice$8272/group_minimum[3] (2 -> 5)
  Merging D + CE LUTs for $auto$ff.cc:337:slice$8271/group_minimum[3] (2 -> 5)
  Merging D + CE LUTs for $auto$ff.cc:337:slice$8270/group_minimum[3] (2 -> 5)
  Merging D + CE LUTs for $auto$ff.cc:337:slice$8269/group_minimum[3] (2 -> 5)
  Merging D + CE LUTs for $auto$ff.cc:337:slice$8268/group_minimum[3] (2 -> 5)
  Merging D + CE LUTs for $auto$ff.cc:337:slice$8267/group_minimum[3] (2 -> 5)
  Merging D + CE LUTs for $auto$ff.cc:337:slice$8266/group_minimum[3] (2 -> 5)
  Merging D + CE LUTs for $auto$ff.cc:337:slice$8264/group_minimum[4] (2 -> 5)
  Merging D + CE LUTs for $auto$ff.cc:337:slice$8263/group_minimum[4] (2 -> 5)
  Merging D + CE LUTs for $auto$ff.cc:337:slice$8262/group_minimum[4] (2 -> 5)
  Merging D + CE LUTs for $auto$ff.cc:337:slice$8261/group_minimum[4] (2 -> 5)
  Merging D + CE LUTs for $auto$ff.cc:337:slice$8260/group_minimum[4] (2 -> 5)
  Merging D + CE LUTs for $auto$ff.cc:337:slice$8259/group_minimum[4] (2 -> 5)
  Merging D + CE LUTs for $auto$ff.cc:337:slice$8258/group_minimum[4] (2 -> 5)
  Merging D + CE LUTs for $auto$ff.cc:337:slice$8257/group_minimum[4] (2 -> 5)
  Merging D + CE LUTs for $auto$ff.cc:337:slice$8256/group_minimum[4] (2 -> 5)
  Merging D + CE LUTs for $auto$ff.cc:337:slice$8255/group_minimum[4] (2 -> 5)
  Merging D + CE LUTs for $auto$ff.cc:337:slice$8254/group_minimum[4] (2 -> 5)
  Merging D + CE LUTs for $auto$ff.cc:337:slice$8253/group_minimum[4] (2 -> 5)
  Merging D + CE LUTs for $auto$ff.cc:337:slice$8252/group_minimum[4] (2 -> 5)
  Merging D + CE LUTs for $auto$ff.cc:337:slice$8251/group_minimum[4] (2 -> 5)
  Merging D + CE LUTs for $auto$ff.cc:337:slice$8250/group_minimum[4] (2 -> 5)
  Merging D + CE LUTs for $auto$ff.cc:337:slice$8248/group_minimum[5] (2 -> 5)
  Merging D + CE LUTs for $auto$ff.cc:337:slice$8247/group_minimum[5] (2 -> 5)
  Merging D + CE LUTs for $auto$ff.cc:337:slice$8246/group_minimum[5] (2 -> 5)
  Merging D + CE LUTs for $auto$ff.cc:337:slice$8245/group_minimum[5] (2 -> 5)
  Merging D + CE LUTs for $auto$ff.cc:337:slice$8244/group_minimum[5] (2 -> 5)
  Merging D + CE LUTs for $auto$ff.cc:337:slice$8243/group_minimum[5] (2 -> 5)
  Merging D + CE LUTs for $auto$ff.cc:337:slice$8242/group_minimum[5] (2 -> 5)
  Merging D + CE LUTs for $auto$ff.cc:337:slice$8241/group_minimum[5] (2 -> 5)
  Merging D + CE LUTs for $auto$ff.cc:337:slice$8240/group_minimum[5] (2 -> 5)
  Merging D + CE LUTs for $auto$ff.cc:337:slice$8239/group_minimum[5] (2 -> 5)
  Merging D + CE LUTs for $auto$ff.cc:337:slice$8238/group_minimum[5] (2 -> 5)
  Merging D + CE LUTs for $auto$ff.cc:337:slice$8237/group_minimum[5] (2 -> 5)
  Merging D + CE LUTs for $auto$ff.cc:337:slice$8236/group_minimum[5] (2 -> 5)
  Merging D + CE LUTs for $auto$ff.cc:337:slice$8235/group_minimum[5] (2 -> 5)
  Merging D + CE LUTs for $auto$ff.cc:337:slice$8234/group_minimum[5] (2 -> 5)
  Merging D + CE LUTs for $auto$ff.cc:337:slice$8232/group_minimum[6] (2 -> 5)
  Merging D + CE LUTs for $auto$ff.cc:337:slice$8231/group_minimum[6] (2 -> 5)
  Merging D + CE LUTs for $auto$ff.cc:337:slice$8230/group_minimum[6] (2 -> 5)
  Merging D + CE LUTs for $auto$ff.cc:337:slice$8229/group_minimum[6] (2 -> 5)
  Merging D + CE LUTs for $auto$ff.cc:337:slice$8228/group_minimum[6] (2 -> 5)
  Merging D + CE LUTs for $auto$ff.cc:337:slice$8227/group_minimum[6] (2 -> 5)
  Merging D + CE LUTs for $auto$ff.cc:337:slice$8226/group_minimum[6] (2 -> 5)
  Merging D + CE LUTs for $auto$ff.cc:337:slice$8225/group_minimum[6] (2 -> 5)
  Merging D + CE LUTs for $auto$ff.cc:337:slice$8224/group_minimum[6] (2 -> 5)
  Merging D + CE LUTs for $auto$ff.cc:337:slice$8223/group_minimum[6] (2 -> 5)
  Merging D + CE LUTs for $auto$ff.cc:337:slice$8222/group_minimum[6] (2 -> 5)
  Merging D + CE LUTs for $auto$ff.cc:337:slice$8221/group_minimum[6] (2 -> 5)
  Merging D + CE LUTs for $auto$ff.cc:337:slice$8220/group_minimum[6] (2 -> 5)
  Merging D + CE LUTs for $auto$ff.cc:337:slice$8219/group_minimum[6] (2 -> 5)
  Merging D + CE LUTs for $auto$ff.cc:337:slice$8218/group_minimum[6] (2 -> 5)
  Merging D + CE LUTs for $auto$ff.cc:337:slice$8216/group_minimum[7] (2 -> 5)
  Merging D + CE LUTs for $auto$ff.cc:337:slice$8215/group_minimum[7] (2 -> 5)
  Merging D + CE LUTs for $auto$ff.cc:337:slice$8214/group_minimum[7] (2 -> 5)
  Merging D + CE LUTs for $auto$ff.cc:337:slice$8213/group_minimum[7] (2 -> 5)
  Merging D + CE LUTs for $auto$ff.cc:337:slice$8212/group_minimum[7] (2 -> 5)
  Merging D + CE LUTs for $auto$ff.cc:337:slice$8211/group_minimum[7] (2 -> 5)
  Merging D + CE LUTs for $auto$ff.cc:337:slice$8210/group_minimum[7] (2 -> 5)
  Merging D + CE LUTs for $auto$ff.cc:337:slice$8209/group_minimum[7] (2 -> 5)
  Merging D + CE LUTs for $auto$ff.cc:337:slice$8208/group_minimum[7] (2 -> 5)
  Merging D + CE LUTs for $auto$ff.cc:337:slice$8207/group_minimum[7] (2 -> 5)
  Merging D + CE LUTs for $auto$ff.cc:337:slice$8206/group_minimum[7] (2 -> 5)
  Merging D + CE LUTs for $auto$ff.cc:337:slice$8205/group_minimum[7] (2 -> 5)
  Merging D + CE LUTs for $auto$ff.cc:337:slice$8204/group_minimum[7] (2 -> 5)
  Merging D + CE LUTs for $auto$ff.cc:337:slice$8203/group_minimum[7] (2 -> 5)
  Merging D + CE LUTs for $auto$ff.cc:337:slice$8202/group_minimum[7] (2 -> 5)
  Merging D + CE LUTs for $auto$ff.cc:337:slice$8200/group_minimum[8] (2 -> 5)
  Merging D + CE LUTs for $auto$ff.cc:337:slice$8199/group_minimum[8] (2 -> 5)
  Merging D + CE LUTs for $auto$ff.cc:337:slice$8198/group_minimum[8] (2 -> 5)
  Merging D + CE LUTs for $auto$ff.cc:337:slice$8197/group_minimum[8] (2 -> 5)
  Merging D + CE LUTs for $auto$ff.cc:337:slice$8196/group_minimum[8] (2 -> 5)
  Merging D + CE LUTs for $auto$ff.cc:337:slice$8195/group_minimum[8] (2 -> 5)
  Merging D + CE LUTs for $auto$ff.cc:337:slice$8194/group_minimum[8] (2 -> 5)
  Merging D + CE LUTs for $auto$ff.cc:337:slice$8193/group_minimum[8] (2 -> 5)
  Merging D + CE LUTs for $auto$ff.cc:337:slice$8192/group_minimum[8] (2 -> 5)
  Merging D + CE LUTs for $auto$ff.cc:337:slice$8191/group_minimum[8] (2 -> 5)
  Merging D + CE LUTs for $auto$ff.cc:337:slice$8190/group_minimum[8] (2 -> 5)
  Merging D + CE LUTs for $auto$ff.cc:337:slice$8189/group_minimum[8] (2 -> 5)
  Merging D + CE LUTs for $auto$ff.cc:337:slice$8188/group_minimum[8] (2 -> 5)
  Merging D + CE LUTs for $auto$ff.cc:337:slice$8187/group_minimum[8] (2 -> 5)
  Merging D + CE LUTs for $auto$ff.cc:337:slice$8186/group_minimum[8] (2 -> 5)
  Merging D + CE LUTs for $auto$ff.cc:337:slice$8184/group_minimum[9] (2 -> 5)
  Merging D + CE LUTs for $auto$ff.cc:337:slice$8183/group_minimum[9] (2 -> 5)
  Merging D + CE LUTs for $auto$ff.cc:337:slice$8182/group_minimum[9] (2 -> 5)
  Merging D + CE LUTs for $auto$ff.cc:337:slice$8181/group_minimum[9] (2 -> 5)
  Merging D + CE LUTs for $auto$ff.cc:337:slice$8180/group_minimum[9] (2 -> 5)
  Merging D + CE LUTs for $auto$ff.cc:337:slice$8179/group_minimum[9] (2 -> 5)
  Merging D + CE LUTs for $auto$ff.cc:337:slice$8178/group_minimum[9] (2 -> 5)
  Merging D + CE LUTs for $auto$ff.cc:337:slice$8177/group_minimum[9] (2 -> 5)
  Merging D + CE LUTs for $auto$ff.cc:337:slice$8176/group_minimum[9] (2 -> 5)
  Merging D + CE LUTs for $auto$ff.cc:337:slice$8175/group_minimum[9] (2 -> 5)
  Merging D + CE LUTs for $auto$ff.cc:337:slice$8174/group_minimum[9] (2 -> 5)
  Merging D + CE LUTs for $auto$ff.cc:337:slice$8173/group_minimum[9] (2 -> 5)
  Merging D + CE LUTs for $auto$ff.cc:337:slice$8172/group_minimum[9] (2 -> 5)
  Merging D + CE LUTs for $auto$ff.cc:337:slice$8171/group_minimum[9] (2 -> 5)
  Merging D + CE LUTs for $auto$ff.cc:337:slice$8170/group_minimum[9] (2 -> 5)
  Merging D + CE LUTs for $auto$ff.cc:337:slice$8168/group_minimum[10] (2 -> 5)
  Merging D + CE LUTs for $auto$ff.cc:337:slice$8167/group_minimum[10] (2 -> 5)
  Merging D + CE LUTs for $auto$ff.cc:337:slice$8166/group_minimum[10] (2 -> 5)
  Merging D + CE LUTs for $auto$ff.cc:337:slice$8165/group_minimum[10] (2 -> 5)
  Merging D + CE LUTs for $auto$ff.cc:337:slice$8164/group_minimum[10] (2 -> 5)
  Merging D + CE LUTs for $auto$ff.cc:337:slice$8163/group_minimum[10] (2 -> 5)
  Merging D + CE LUTs for $auto$ff.cc:337:slice$8162/group_minimum[10] (2 -> 5)
  Merging D + CE LUTs for $auto$ff.cc:337:slice$8161/group_minimum[10] (2 -> 5)
  Merging D + CE LUTs for $auto$ff.cc:337:slice$8160/group_minimum[10] (2 -> 5)
  Merging D + CE LUTs for $auto$ff.cc:337:slice$8159/group_minimum[10] (2 -> 5)
  Merging D + CE LUTs for $auto$ff.cc:337:slice$8158/group_minimum[10] (2 -> 5)
  Merging D + CE LUTs for $auto$ff.cc:337:slice$8157/group_minimum[10] (2 -> 5)
  Merging D + CE LUTs for $auto$ff.cc:337:slice$8156/group_minimum[10] (2 -> 5)
  Merging D + CE LUTs for $auto$ff.cc:337:slice$8155/group_minimum[10] (2 -> 5)
  Merging D + CE LUTs for $auto$ff.cc:337:slice$8154/group_minimum[10] (2 -> 5)
  Merging D + CE LUTs for $auto$ff.cc:337:slice$8833/group_minimum[11] (2 -> 5)
  Merging D + CE LUTs for $auto$ff.cc:337:slice$8740/remaining[0] (3 -> 6)
  Merging D + CE LUTs for $auto$ff.cc:337:slice$8708/remaining[1] (3 -> 6)
  Merging D + CE LUTs for $auto$ff.cc:337:slice$8676/remaining[2] (3 -> 6)
  Merging D + CE LUTs for $auto$ff.cc:337:slice$8644/remaining[3] (3 -> 6)
  Merging D + CE LUTs for $auto$ff.cc:337:slice$8612/remaining[4] (3 -> 6)
  Merging D + CE LUTs for $auto$ff.cc:337:slice$8580/remaining[5] (3 -> 6)
  Merging D + CE LUTs for $auto$ff.cc:337:slice$8548/remaining[6] (3 -> 6)
  Merging D + CE LUTs for $auto$ff.cc:337:slice$8516/remaining[7] (3 -> 6)
  Merging D + CE LUTs for $auto$ff.cc:337:slice$8484/remaining[8] (3 -> 6)
  Merging D + CE LUTs for $auto$ff.cc:337:slice$8452/remaining[9] (3 -> 6)
  Merging D + CE LUTs for $auto$ff.cc:337:slice$8420/remaining[10] (3 -> 6)
  Merging D + CE LUTs for $auto$ff.cc:337:slice$8388/remaining[11] (3 -> 6)
  Merging D + CE LUTs for $auto$ff.cc:337:slice$8354/remaining[12] (3 -> 6)
  Merging D + CE LUTs for $auto$ff.cc:337:slice$8329/group_minimum[12] (2 -> 5)
  Merging D + CE LUTs for $auto$ff.cc:337:slice$8313/group_minimum[0] (2 -> 5)
  Merging D + CE LUTs for $auto$ff.cc:337:slice$8297/group_minimum[1] (2 -> 5)
  Merging D + CE LUTs for $auto$ff.cc:337:slice$8281/group_minimum[2] (2 -> 5)
  Merging D + CE LUTs for $auto$ff.cc:337:slice$8265/group_minimum[3] (2 -> 5)
  Merging D + CE LUTs for $auto$ff.cc:337:slice$8249/group_minimum[4] (2 -> 5)
  Merging D + CE LUTs for $auto$ff.cc:337:slice$8233/group_minimum[5] (2 -> 5)
  Merging D + CE LUTs for $auto$ff.cc:337:slice$8217/group_minimum[6] (2 -> 5)
  Merging D + CE LUTs for $auto$ff.cc:337:slice$8201/group_minimum[7] (2 -> 5)
  Merging D + CE LUTs for $auto$ff.cc:337:slice$8185/group_minimum[8] (2 -> 5)
  Merging D + CE LUTs for $auto$ff.cc:337:slice$8169/group_minimum[9] (2 -> 5)

5.47. Executing OPT_LUT_INS pass (discard unused LUT inputs).
Optimizing LUTs in $paramod$b5bfe1d4fce40940586b6e35fec61194ae5a8fde\cap_pdb_state_wide_bank.
Optimizing LUTs in $paramod$cbc3189b30a0f0ae8c16e45df15b3f5a54303a8f\cap_pdb_masked_min32.
  Optimizing lut $abc$75367$auto$blifparse.cc:557:parse_blif$76453.genblk1.genblk1.genblk1.genblk1.genblk1.genblk1.genblk1.genblk1.genblk1.lut0 (6 -> 3)
  Optimizing lut $abc$75367$auto$blifparse.cc:557:parse_blif$75370.genblk1.genblk1.genblk1.genblk1.genblk1.genblk1.genblk1.genblk1.genblk1.lut0 (6 -> 3)
  Optimizing lut $abc$75367$auto$blifparse.cc:557:parse_blif$75370.genblk1.genblk1.genblk1.genblk1.genblk1.genblk1.genblk1.genblk1.genblk1.lut1 (6 -> 3)
  Optimizing lut $abc$75367$auto$blifparse.cc:557:parse_blif$75375.genblk1.genblk1.genblk1.genblk1.genblk1.genblk1.genblk1.genblk1.genblk1.lut1 (6 -> 3)
  Optimizing lut $abc$75367$auto$blifparse.cc:557:parse_blif$75381.genblk1.genblk1.genblk1.genblk1.genblk1.genblk1.genblk1.genblk1.genblk1.lut0 (6 -> 3)
  Optimizing lut $abc$75367$auto$blifparse.cc:557:parse_blif$75381.genblk1.genblk1.genblk1.genblk1.genblk1.genblk1.genblk1.genblk1.genblk1.lut1 (6 -> 3)
  Optimizing lut $abc$75367$auto$blifparse.cc:557:parse_blif$75386.genblk1.genblk1.genblk1.genblk1.genblk1.genblk1.genblk1.genblk1.genblk1.lut1 (6 -> 3)
  Optimizing lut $abc$75367$auto$blifparse.cc:557:parse_blif$75375.genblk1.genblk1.genblk1.genblk1.genblk1.genblk1.genblk1.genblk1.genblk1.lut0 (6 -> 3)
  Optimizing lut $abc$75367$auto$blifparse.cc:557:parse_blif$75392.genblk1.genblk1.genblk1.genblk1.genblk1.genblk1.genblk1.genblk1.genblk1.lut0 (6 -> 3)
  Optimizing lut $abc$75367$auto$blifparse.cc:557:parse_blif$75392.genblk1.genblk1.genblk1.genblk1.genblk1.genblk1.genblk1.genblk1.genblk1.lut1 (6 -> 3)
  Optimizing lut $abc$75367$auto$blifparse.cc:557:parse_blif$75397.genblk1.genblk1.genblk1.genblk1.genblk1.genblk1.genblk1.genblk1.genblk1.lut1 (6 -> 3)
  Optimizing lut $abc$75367$auto$blifparse.cc:557:parse_blif$75386.genblk1.genblk1.genblk1.genblk1.genblk1.genblk1.genblk1.genblk1.genblk1.lut0 (6 -> 3)
  Optimizing lut $abc$75367$auto$blifparse.cc:557:parse_blif$75403.genblk1.genblk1.genblk1.genblk1.genblk1.genblk1.genblk1.genblk1.genblk1.lut0 (6 -> 3)
  Optimizing lut $abc$75367$auto$blifparse.cc:557:parse_blif$75403.genblk1.genblk1.genblk1.genblk1.genblk1.genblk1.genblk1.genblk1.genblk1.lut1 (6 -> 3)
  Optimizing lut $abc$75367$auto$blifparse.cc:557:parse_blif$75408.genblk1.genblk1.genblk1.genblk1.genblk1.genblk1.genblk1.genblk1.genblk1.lut1 (6 -> 3)
  Optimizing lut $abc$75367$auto$blifparse.cc:557:parse_blif$75397.genblk1.genblk1.genblk1.genblk1.genblk1.genblk1.genblk1.genblk1.genblk1.lut0 (6 -> 3)
  Optimizing lut $abc$75367$auto$blifparse.cc:557:parse_blif$75414.genblk1.genblk1.genblk1.genblk1.genblk1.genblk1.genblk1.genblk1.genblk1.lut0 (6 -> 3)
  Optimizing lut $abc$75367$auto$blifparse.cc:557:parse_blif$75414.genblk1.genblk1.genblk1.genblk1.genblk1.genblk1.genblk1.genblk1.genblk1.lut1 (6 -> 3)
  Optimizing lut $abc$75367$auto$blifparse.cc:557:parse_blif$75419.genblk1.genblk1.genblk1.genblk1.genblk1.genblk1.genblk1.genblk1.genblk1.lut1 (6 -> 3)
  Optimizing lut $abc$75367$auto$blifparse.cc:557:parse_blif$75408.genblk1.genblk1.genblk1.genblk1.genblk1.genblk1.genblk1.genblk1.genblk1.lut0 (6 -> 3)
  Optimizing lut $abc$75367$auto$blifparse.cc:557:parse_blif$75425.genblk1.genblk1.genblk1.genblk1.genblk1.genblk1.genblk1.genblk1.genblk1.lut0 (6 -> 3)
  Optimizing lut $abc$75367$auto$blifparse.cc:557:parse_blif$75425.genblk1.genblk1.genblk1.genblk1.genblk1.genblk1.genblk1.genblk1.genblk1.lut1 (6 -> 3)
  Optimizing lut $abc$75367$auto$blifparse.cc:557:parse_blif$75430.genblk1.genblk1.genblk1.genblk1.genblk1.genblk1.genblk1.genblk1.genblk1.lut1 (6 -> 3)
  Optimizing lut $abc$75367$auto$blifparse.cc:557:parse_blif$75419.genblk1.genblk1.genblk1.genblk1.genblk1.genblk1.genblk1.genblk1.genblk1.lut0 (6 -> 3)
  Optimizing lut $abc$75367$auto$blifparse.cc:557:parse_blif$75437.genblk1.genblk1.genblk1.genblk1.genblk1.genblk1.genblk1.genblk1.genblk1.lut0 (6 -> 3)
  Optimizing lut $abc$75367$auto$blifparse.cc:557:parse_blif$75437.genblk1.genblk1.genblk1.genblk1.genblk1.genblk1.genblk1.genblk1.genblk1.lut1 (6 -> 3)
  Optimizing lut $abc$75367$auto$blifparse.cc:557:parse_blif$75442.genblk1.genblk1.genblk1.genblk1.genblk1.genblk1.genblk1.genblk1.genblk1.lut1 (6 -> 3)
  Optimizing lut $abc$75367$auto$blifparse.cc:557:parse_blif$75430.genblk1.genblk1.genblk1.genblk1.genblk1.genblk1.genblk1.genblk1.genblk1.lut0 (6 -> 3)
  Optimizing lut $abc$75367$auto$blifparse.cc:557:parse_blif$75448.genblk1.genblk1.genblk1.genblk1.genblk1.genblk1.genblk1.genblk1.genblk1.lut0 (6 -> 3)
  Optimizing lut $abc$75367$auto$blifparse.cc:557:parse_blif$75448.genblk1.genblk1.genblk1.genblk1.genblk1.genblk1.genblk1.genblk1.genblk1.lut1 (6 -> 3)
  Optimizing lut $abc$75367$auto$blifparse.cc:557:parse_blif$75453.genblk1.genblk1.genblk1.genblk1.genblk1.genblk1.genblk1.genblk1.genblk1.lut1 (6 -> 3)
  Optimizing lut $abc$75367$auto$blifparse.cc:557:parse_blif$75442.genblk1.genblk1.genblk1.genblk1.genblk1.genblk1.genblk1.genblk1.genblk1.lut0 (6 -> 3)
  Optimizing lut $abc$75367$auto$blifparse.cc:557:parse_blif$75459.genblk1.genblk1.genblk1.genblk1.genblk1.genblk1.genblk1.genblk1.genblk1.lut0 (6 -> 3)
  Optimizing lut $abc$75367$auto$blifparse.cc:557:parse_blif$75459.genblk1.genblk1.genblk1.genblk1.genblk1.genblk1.genblk1.genblk1.genblk1.lut1 (6 -> 3)
  Optimizing lut $abc$75367$auto$blifparse.cc:557:parse_blif$75464.genblk1.genblk1.genblk1.genblk1.genblk1.genblk1.genblk1.genblk1.genblk1.lut1 (6 -> 3)
  Optimizing lut $abc$75367$auto$blifparse.cc:557:parse_blif$75453.genblk1.genblk1.genblk1.genblk1.genblk1.genblk1.genblk1.genblk1.genblk1.lut0 (6 -> 3)
  Optimizing lut $abc$75367$auto$blifparse.cc:557:parse_blif$75470.genblk1.genblk1.genblk1.genblk1.genblk1.genblk1.genblk1.genblk1.genblk1.lut0 (6 -> 3)
  Optimizing lut $abc$75367$auto$blifparse.cc:557:parse_blif$75470.genblk1.genblk1.genblk1.genblk1.genblk1.genblk1.genblk1.genblk1.genblk1.lut1 (6 -> 3)
  Optimizing lut $abc$75367$auto$blifparse.cc:557:parse_blif$75475.genblk1.genblk1.genblk1.genblk1.genblk1.genblk1.genblk1.genblk1.genblk1.lut1 (6 -> 3)
  Optimizing lut $abc$75367$auto$blifparse.cc:557:parse_blif$75464.genblk1.genblk1.genblk1.genblk1.genblk1.genblk1.genblk1.genblk1.genblk1.lut0 (6 -> 3)
  Optimizing lut $abc$75367$auto$blifparse.cc:557:parse_blif$75481.genblk1.genblk1.genblk1.genblk1.genblk1.genblk1.genblk1.genblk1.genblk1.lut0 (6 -> 3)
  Optimizing lut $abc$75367$auto$blifparse.cc:557:parse_blif$75481.genblk1.genblk1.genblk1.genblk1.genblk1.genblk1.genblk1.genblk1.genblk1.lut1 (6 -> 3)
  Optimizing lut $abc$75367$auto$blifparse.cc:557:parse_blif$75486.genblk1.genblk1.genblk1.genblk1.genblk1.genblk1.genblk1.genblk1.genblk1.lut1 (6 -> 3)
  Optimizing lut $abc$75367$auto$blifparse.cc:557:parse_blif$75475.genblk1.genblk1.genblk1.genblk1.genblk1.genblk1.genblk1.genblk1.genblk1.lut0 (6 -> 3)
  Optimizing lut $abc$75367$auto$blifparse.cc:557:parse_blif$75492.genblk1.genblk1.genblk1.genblk1.genblk1.genblk1.genblk1.genblk1.genblk1.lut0 (6 -> 3)
  Optimizing lut $abc$75367$auto$blifparse.cc:557:parse_blif$75492.genblk1.genblk1.genblk1.genblk1.genblk1.genblk1.genblk1.genblk1.genblk1.lut1 (6 -> 3)
  Optimizing lut $abc$75367$auto$blifparse.cc:557:parse_blif$75497.genblk1.genblk1.genblk1.genblk1.genblk1.genblk1.genblk1.genblk1.genblk1.lut1 (6 -> 3)
  Optimizing lut $abc$75367$auto$blifparse.cc:557:parse_blif$75486.genblk1.genblk1.genblk1.genblk1.genblk1.genblk1.genblk1.genblk1.genblk1.lut0 (6 -> 3)
  Optimizing lut $abc$75367$auto$blifparse.cc:557:parse_blif$75504.genblk1.genblk1.genblk1.genblk1.genblk1.genblk1.genblk1.genblk1.genblk1.lut0 (6 -> 3)
  Optimizing lut $abc$75367$auto$blifparse.cc:557:parse_blif$75504.genblk1.genblk1.genblk1.genblk1.genblk1.genblk1.genblk1.genblk1.genblk1.lut1 (6 -> 3)
  Optimizing lut $abc$75367$auto$blifparse.cc:557:parse_blif$75509.genblk1.genblk1.genblk1.genblk1.genblk1.genblk1.genblk1.genblk1.genblk1.lut1 (6 -> 3)
  Optimizing lut $abc$75367$auto$blifparse.cc:557:parse_blif$75497.genblk1.genblk1.genblk1.genblk1.genblk1.genblk1.genblk1.genblk1.genblk1.lut0 (6 -> 3)
  Optimizing lut $abc$75367$auto$blifparse.cc:557:parse_blif$75515.genblk1.genblk1.genblk1.genblk1.genblk1.genblk1.genblk1.genblk1.genblk1.lut0 (6 -> 3)
  Optimizing lut $abc$75367$auto$blifparse.cc:557:parse_blif$75515.genblk1.genblk1.genblk1.genblk1.genblk1.genblk1.genblk1.genblk1.genblk1.lut1 (6 -> 3)
  Optimizing lut $abc$75367$auto$blifparse.cc:557:parse_blif$75520.genblk1.genblk1.genblk1.genblk1.genblk1.genblk1.genblk1.genblk1.genblk1.lut1 (6 -> 3)
  Optimizing lut $abc$75367$auto$blifparse.cc:557:parse_blif$75509.genblk1.genblk1.genblk1.genblk1.genblk1.genblk1.genblk1.genblk1.genblk1.lut0 (6 -> 3)
  Optimizing lut $abc$75367$auto$blifparse.cc:557:parse_blif$75526.genblk1.genblk1.genblk1.genblk1.genblk1.genblk1.genblk1.genblk1.genblk1.lut0 (6 -> 3)
  Optimizing lut $abc$75367$auto$blifparse.cc:557:parse_blif$75526.genblk1.genblk1.genblk1.genblk1.genblk1.genblk1.genblk1.genblk1.genblk1.lut1 (6 -> 3)
  Optimizing lut $abc$75367$auto$blifparse.cc:557:parse_blif$75531.genblk1.genblk1.genblk1.genblk1.genblk1.genblk1.genblk1.genblk1.genblk1.lut1 (6 -> 3)
  Optimizing lut $abc$75367$auto$blifparse.cc:557:parse_blif$75520.genblk1.genblk1.genblk1.genblk1.genblk1.genblk1.genblk1.genblk1.genblk1.lut0 (6 -> 3)
  Optimizing lut $abc$75367$auto$blifparse.cc:557:parse_blif$75537.genblk1.genblk1.genblk1.genblk1.genblk1.genblk1.genblk1.genblk1.genblk1.lut0 (6 -> 3)
  Optimizing lut $abc$75367$auto$blifparse.cc:557:parse_blif$75537.genblk1.genblk1.genblk1.genblk1.genblk1.genblk1.genblk1.genblk1.genblk1.lut1 (6 -> 3)
  Optimizing lut $abc$75367$auto$blifparse.cc:557:parse_blif$75542.genblk1.genblk1.genblk1.genblk1.genblk1.genblk1.genblk1.genblk1.genblk1.lut1 (6 -> 3)
  Optimizing lut $abc$75367$auto$blifparse.cc:557:parse_blif$75531.genblk1.genblk1.genblk1.genblk1.genblk1.genblk1.genblk1.genblk1.genblk1.lut0 (6 -> 3)
  Optimizing lut $abc$75367$auto$blifparse.cc:557:parse_blif$75548.genblk1.genblk1.genblk1.genblk1.genblk1.genblk1.genblk1.genblk1.genblk1.lut0 (6 -> 3)
  Optimizing lut $abc$75367$auto$blifparse.cc:557:parse_blif$75548.genblk1.genblk1.genblk1.genblk1.genblk1.genblk1.genblk1.genblk1.genblk1.lut1 (6 -> 3)
  Optimizing lut $abc$75367$auto$blifparse.cc:557:parse_blif$75553.genblk1.genblk1.genblk1.genblk1.genblk1.genblk1.genblk1.genblk1.genblk1.lut1 (6 -> 3)
  Optimizing lut $abc$75367$auto$blifparse.cc:557:parse_blif$75542.genblk1.genblk1.genblk1.genblk1.genblk1.genblk1.genblk1.genblk1.genblk1.lut0 (6 -> 3)
  Optimizing lut $abc$75367$auto$blifparse.cc:557:parse_blif$75559.genblk1.genblk1.genblk1.genblk1.genblk1.genblk1.genblk1.genblk1.genblk1.lut0 (6 -> 3)
  Optimizing lut $abc$75367$auto$blifparse.cc:557:parse_blif$75559.genblk1.genblk1.genblk1.genblk1.genblk1.genblk1.genblk1.genblk1.genblk1.lut1 (6 -> 3)
  Optimizing lut $abc$75367$auto$blifparse.cc:557:parse_blif$75564.genblk1.genblk1.genblk1.genblk1.genblk1.genblk1.genblk1.genblk1.genblk1.lut1 (6 -> 3)
  Optimizing lut $abc$75367$auto$blifparse.cc:557:parse_blif$75553.genblk1.genblk1.genblk1.genblk1.genblk1.genblk1.genblk1.genblk1.genblk1.lut0 (6 -> 3)
  Optimizing lut $abc$75367$auto$blifparse.cc:557:parse_blif$75571.genblk1.genblk1.genblk1.genblk1.genblk1.genblk1.genblk1.genblk1.genblk1.lut0 (6 -> 3)
  Optimizing lut $abc$75367$auto$blifparse.cc:557:parse_blif$75571.genblk1.genblk1.genblk1.genblk1.genblk1.genblk1.genblk1.genblk1.genblk1.lut1 (6 -> 3)
  Optimizing lut $abc$75367$auto$blifparse.cc:557:parse_blif$75576.genblk1.genblk1.genblk1.genblk1.genblk1.genblk1.genblk1.genblk1.genblk1.lut1 (6 -> 3)
  Optimizing lut $abc$75367$auto$blifparse.cc:557:parse_blif$75564.genblk1.genblk1.genblk1.genblk1.genblk1.genblk1.genblk1.genblk1.genblk1.lut0 (6 -> 3)
  Optimizing lut $abc$75367$auto$blifparse.cc:557:parse_blif$75582.genblk1.genblk1.genblk1.genblk1.genblk1.genblk1.genblk1.genblk1.genblk1.lut0 (6 -> 3)
  Optimizing lut $abc$75367$auto$blifparse.cc:557:parse_blif$75582.genblk1.genblk1.genblk1.genblk1.genblk1.genblk1.genblk1.genblk1.genblk1.lut1 (6 -> 3)
  Optimizing lut $abc$75367$auto$blifparse.cc:557:parse_blif$75587.genblk1.genblk1.genblk1.genblk1.genblk1.genblk1.genblk1.genblk1.genblk1.lut1 (6 -> 3)
  Optimizing lut $abc$75367$auto$blifparse.cc:557:parse_blif$75576.genblk1.genblk1.genblk1.genblk1.genblk1.genblk1.genblk1.genblk1.genblk1.lut0 (6 -> 3)
  Optimizing lut $abc$75367$auto$blifparse.cc:557:parse_blif$75593.genblk1.genblk1.genblk1.genblk1.genblk1.genblk1.genblk1.genblk1.genblk1.lut0 (6 -> 3)
  Optimizing lut $abc$75367$auto$blifparse.cc:557:parse_blif$75593.genblk1.genblk1.genblk1.genblk1.genblk1.genblk1.genblk1.genblk1.genblk1.lut1 (6 -> 3)
  Optimizing lut $abc$75367$auto$blifparse.cc:557:parse_blif$75598.genblk1.genblk1.genblk1.genblk1.genblk1.genblk1.genblk1.genblk1.genblk1.lut1 (6 -> 3)
  Optimizing lut $abc$75367$auto$blifparse.cc:557:parse_blif$75587.genblk1.genblk1.genblk1.genblk1.genblk1.genblk1.genblk1.genblk1.genblk1.lut0 (6 -> 3)
  Optimizing lut $abc$75367$auto$blifparse.cc:557:parse_blif$75604.genblk1.genblk1.genblk1.genblk1.genblk1.genblk1.genblk1.genblk1.genblk1.lut0 (6 -> 3)
  Optimizing lut $abc$75367$auto$blifparse.cc:557:parse_blif$75604.genblk1.genblk1.genblk1.genblk1.genblk1.genblk1.genblk1.genblk1.genblk1.lut1 (6 -> 3)
  Optimizing lut $abc$75367$auto$blifparse.cc:557:parse_blif$75609.genblk1.genblk1.genblk1.genblk1.genblk1.genblk1.genblk1.genblk1.genblk1.lut1 (6 -> 3)
  Optimizing lut $abc$75367$auto$blifparse.cc:557:parse_blif$75598.genblk1.genblk1.genblk1.genblk1.genblk1.genblk1.genblk1.genblk1.genblk1.lut0 (6 -> 3)
  Optimizing lut $abc$75367$auto$blifparse.cc:557:parse_blif$75615.genblk1.genblk1.genblk1.genblk1.genblk1.genblk1.genblk1.genblk1.genblk1.lut0 (6 -> 3)
  Optimizing lut $abc$75367$auto$blifparse.cc:557:parse_blif$75615.genblk1.genblk1.genblk1.genblk1.genblk1.genblk1.genblk1.genblk1.genblk1.lut1 (6 -> 3)
  Optimizing lut $abc$75367$auto$blifparse.cc:557:parse_blif$75620.genblk1.genblk1.genblk1.genblk1.genblk1.genblk1.genblk1.genblk1.genblk1.lut1 (6 -> 3)
  Optimizing lut $abc$75367$auto$blifparse.cc:557:parse_blif$75609.genblk1.genblk1.genblk1.genblk1.genblk1.genblk1.genblk1.genblk1.genblk1.lut0 (6 -> 3)
  Optimizing lut $abc$75367$auto$blifparse.cc:557:parse_blif$75626.genblk1.genblk1.genblk1.genblk1.genblk1.genblk1.genblk1.genblk1.genblk1.lut0 (6 -> 3)
  Optimizing lut $abc$75367$auto$blifparse.cc:557:parse_blif$75626.genblk1.genblk1.genblk1.genblk1.genblk1.genblk1.genblk1.genblk1.genblk1.lut1 (6 -> 3)
  Optimizing lut $abc$75367$auto$blifparse.cc:557:parse_blif$75631.genblk1.genblk1.genblk1.genblk1.genblk1.genblk1.genblk1.genblk1.genblk1.lut1 (6 -> 3)
  Optimizing lut $abc$75367$auto$blifparse.cc:557:parse_blif$75620.genblk1.genblk1.genblk1.genblk1.genblk1.genblk1.genblk1.genblk1.genblk1.lut0 (6 -> 3)
  Optimizing lut $abc$75367$auto$blifparse.cc:557:parse_blif$75663.genblk1.genblk1.genblk1.genblk1.genblk1.genblk1.genblk1.genblk1.genblk1.lut0 (6 -> 3)
  Optimizing lut $abc$75367$auto$blifparse.cc:557:parse_blif$75637.genblk1.genblk1.genblk1.genblk1.genblk1.genblk1.genblk1.genblk1.genblk1.lut1 (6 -> 3)
  Optimizing lut $abc$75367$auto$blifparse.cc:557:parse_blif$75650.genblk1.genblk1.genblk1.genblk1.genblk1.genblk1.genblk1.genblk1.genblk1.lut1 (6 -> 3)
  Optimizing lut $abc$75367$auto$blifparse.cc:557:parse_blif$75631.genblk1.genblk1.genblk1.genblk1.genblk1.genblk1.genblk1.genblk1.genblk1.lut0 (6 -> 3)
  Optimizing lut $abc$75367$auto$blifparse.cc:557:parse_blif$75663.genblk1.genblk1.genblk1.genblk1.genblk1.genblk1.genblk1.genblk1.genblk1.lut1 (6 -> 3)
  Optimizing lut $abc$75367$auto$blifparse.cc:557:parse_blif$75637.genblk1.genblk1.genblk1.genblk1.genblk1.genblk1.genblk1.genblk1.genblk1.lut0 (6 -> 3)
  Optimizing lut $abc$75367$auto$blifparse.cc:557:parse_blif$75676.genblk1.genblk1.genblk1.genblk1.genblk1.genblk1.genblk1.genblk1.genblk1.lut1 (6 -> 3)
  Optimizing lut $abc$75367$auto$blifparse.cc:557:parse_blif$75650.genblk1.genblk1.genblk1.genblk1.genblk1.genblk1.genblk1.genblk1.genblk1.lut0 (6 -> 3)
  Optimizing lut $abc$75367$auto$blifparse.cc:557:parse_blif$76308.genblk1.genblk1.genblk1.genblk1.genblk1.genblk1.genblk1.genblk1.genblk1.lut0 (6 -> 3)
  Optimizing lut $abc$75367$auto$blifparse.cc:557:parse_blif$76288.genblk1.genblk1.genblk1.genblk1.genblk1.genblk1.genblk1.genblk1.genblk1.lut1 (6 -> 3)
  Optimizing lut $abc$75367$auto$blifparse.cc:557:parse_blif$76293.genblk1.genblk1.genblk1.genblk1.genblk1.genblk1.genblk1.genblk1.genblk1.lut1 (6 -> 3)
  Optimizing lut $abc$75367$auto$blifparse.cc:557:parse_blif$75676.genblk1.genblk1.genblk1.genblk1.genblk1.genblk1.genblk1.genblk1.genblk1.lut0 (6 -> 3)
  Optimizing lut $abc$75367$auto$blifparse.cc:557:parse_blif$76298.genblk1.genblk1.genblk1.genblk1.genblk1.genblk1.genblk1.genblk1.genblk1.lut1 (6 -> 3)
  Optimizing lut $abc$75367$auto$blifparse.cc:557:parse_blif$76288.genblk1.genblk1.genblk1.genblk1.genblk1.genblk1.genblk1.genblk1.genblk1.lut0 (6 -> 3)
  Optimizing lut $abc$75367$auto$blifparse.cc:557:parse_blif$76303.genblk1.genblk1.genblk1.genblk1.genblk1.genblk1.genblk1.genblk1.genblk1.lut1 (6 -> 3)
  Optimizing lut $abc$75367$auto$blifparse.cc:557:parse_blif$76293.genblk1.genblk1.genblk1.genblk1.genblk1.genblk1.genblk1.genblk1.genblk1.lut0 (6 -> 3)
  Optimizing lut $abc$75367$auto$blifparse.cc:557:parse_blif$76308.genblk1.genblk1.genblk1.genblk1.genblk1.genblk1.genblk1.genblk1.genblk1.lut1 (6 -> 3)
  Optimizing lut $abc$75367$auto$blifparse.cc:557:parse_blif$76298.genblk1.genblk1.genblk1.genblk1.genblk1.genblk1.genblk1.genblk1.genblk1.lut0 (6 -> 3)
  Optimizing lut $abc$75367$auto$blifparse.cc:557:parse_blif$76313.genblk1.genblk1.genblk1.genblk1.genblk1.genblk1.genblk1.genblk1.genblk1.lut1 (6 -> 3)
  Optimizing lut $abc$75367$auto$blifparse.cc:557:parse_blif$76303.genblk1.genblk1.genblk1.genblk1.genblk1.genblk1.genblk1.genblk1.genblk1.lut0 (6 -> 3)
  Optimizing lut $abc$75367$auto$blifparse.cc:557:parse_blif$76339.genblk1.genblk1.genblk1.genblk1.genblk1.genblk1.genblk1.genblk1.genblk1.lut0 (6 -> 3)
  Optimizing lut $abc$75367$auto$blifparse.cc:557:parse_blif$76319.genblk1.genblk1.genblk1.genblk1.genblk1.genblk1.genblk1.genblk1.genblk1.lut1 (6 -> 3)
  Optimizing lut $abc$75367$auto$blifparse.cc:557:parse_blif$76324.genblk1.genblk1.genblk1.genblk1.genblk1.genblk1.genblk1.genblk1.genblk1.lut1 (6 -> 3)
  Optimizing lut $abc$75367$auto$blifparse.cc:557:parse_blif$76313.genblk1.genblk1.genblk1.genblk1.genblk1.genblk1.genblk1.genblk1.genblk1.lut0 (6 -> 3)
  Optimizing lut $abc$75367$auto$blifparse.cc:557:parse_blif$76329.genblk1.genblk1.genblk1.genblk1.genblk1.genblk1.genblk1.genblk1.genblk1.lut1 (6 -> 3)
  Optimizing lut $abc$75367$auto$blifparse.cc:557:parse_blif$76319.genblk1.genblk1.genblk1.genblk1.genblk1.genblk1.genblk1.genblk1.genblk1.lut0 (6 -> 3)
  Optimizing lut $abc$75367$auto$blifparse.cc:557:parse_blif$76334.genblk1.genblk1.genblk1.genblk1.genblk1.genblk1.genblk1.genblk1.genblk1.lut1 (6 -> 3)
  Optimizing lut $abc$75367$auto$blifparse.cc:557:parse_blif$76324.genblk1.genblk1.genblk1.genblk1.genblk1.genblk1.genblk1.genblk1.genblk1.lut0 (6 -> 3)
  Optimizing lut $abc$75367$auto$blifparse.cc:557:parse_blif$76339.genblk1.genblk1.genblk1.genblk1.genblk1.genblk1.genblk1.genblk1.genblk1.lut1 (6 -> 3)
  Optimizing lut $abc$75367$auto$blifparse.cc:557:parse_blif$76329.genblk1.genblk1.genblk1.genblk1.genblk1.genblk1.genblk1.genblk1.genblk1.lut0 (6 -> 3)
  Optimizing lut $abc$75367$auto$blifparse.cc:557:parse_blif$76344.genblk1.genblk1.genblk1.genblk1.genblk1.genblk1.genblk1.genblk1.genblk1.lut1 (6 -> 3)
  Optimizing lut $abc$75367$auto$blifparse.cc:557:parse_blif$76334.genblk1.genblk1.genblk1.genblk1.genblk1.genblk1.genblk1.genblk1.genblk1.lut0 (6 -> 3)
  Optimizing lut $abc$75367$auto$blifparse.cc:557:parse_blif$76453.genblk1.genblk1.genblk1.genblk1.genblk1.genblk1.genblk1.genblk1.genblk1.lut1 (6 -> 3)
  Optimizing lut $abc$75367$auto$blifparse.cc:557:parse_blif$76344.genblk1.genblk1.genblk1.genblk1.genblk1.genblk1.genblk1.genblk1.genblk1.lut0 (6 -> 3)
Optimizing LUTs in cap_pdb_parallel_compact_allocation_engine.
  Optimizing lut $abc$76505$auto$blifparse.cc:557:parse_blif$76656.genblk1.genblk1.genblk1.genblk1.genblk1.genblk1.genblk1.genblk1.genblk1.genblk1.lut0.genblk1.genblk1.genblk1.genblk1.genblk1.genblk1.genblk1.genblk1.genblk1.lut0 (6 -> 2)
  Optimizing lut $abc$76505$auto$blifparse.cc:557:parse_blif$76722.genblk1.genblk1.genblk1.genblk1.genblk1.genblk1.genblk1.genblk1.genblk1.genblk1.lut0.genblk1.genblk1.genblk1.genblk1.genblk1.genblk1.genblk1.genblk1.genblk1.lut0 (6 -> 2)
  Optimizing lut $abc$76505$auto$blifparse.cc:557:parse_blif$76811.genblk1.genblk1.genblk1.genblk1.genblk1.genblk1.genblk1.genblk1.genblk1.lut0 (6 -> 4)
  Optimizing lut $abc$76505$auto$blifparse.cc:557:parse_blif$76778.genblk1.genblk1.genblk1.genblk1.genblk1.genblk1.genblk1.genblk1.genblk1.genblk1.lut0.genblk1.genblk1.genblk1.genblk1.genblk1.genblk1.genblk1.genblk1.genblk1.lut0 (6 -> 1)
  Optimizing lut $abc$76505$auto$blifparse.cc:557:parse_blif$76752.genblk1.genblk1.genblk1.genblk1.genblk1.genblk1.genblk1.genblk1.genblk1.lut0 (6 -> 4)
  Optimizing lut $abc$76505$auto$blifparse.cc:557:parse_blif$76785.genblk1.genblk1.genblk1.genblk1.genblk1.genblk1.genblk1.genblk1.genblk1.genblk1.lut0.genblk1.genblk1.genblk1.genblk1.genblk1.genblk1.genblk1.genblk1.genblk1.lut0 (6 -> 2)
  Optimizing lut $abc$76505$auto$blifparse.cc:557:parse_blif$76818.genblk1.genblk1.genblk1.genblk1.genblk1.genblk1.genblk1.genblk1.genblk1.lut0 (6 -> 4)
  Optimizing lut $abc$76505$auto$blifparse.cc:557:parse_blif$76792.genblk1.genblk1.genblk1.genblk1.genblk1.genblk1.genblk1.genblk1.genblk1.genblk1.lut0.genblk1.genblk1.genblk1.genblk1.genblk1.genblk1.genblk1.genblk1.genblk1.lut0 (6 -> 2)
  Optimizing lut $abc$76505$auto$blifparse.cc:557:parse_blif$76786.genblk1.genblk1.genblk1.genblk1.genblk1.genblk1.genblk1.genblk1.genblk1.lut0 (6 -> 3)
  Optimizing lut $abc$76505$auto$blifparse.cc:557:parse_blif$76796.genblk1.genblk1.genblk1.genblk1.genblk1.genblk1.genblk1.genblk1.genblk1.genblk1.lut0.genblk1.genblk1.genblk1.genblk1.genblk1.genblk1.genblk1.genblk1.genblk1.lut0 (6 -> 1)
  Optimizing lut $abc$76505$auto$blifparse.cc:557:parse_blif$76825.genblk1.genblk1.genblk1.genblk1.genblk1.genblk1.genblk1.genblk1.genblk1.lut0 (6 -> 4)
  Optimizing lut $abc$76505$auto$blifparse.cc:557:parse_blif$77458.genblk1.genblk1.genblk1.genblk1.genblk1.genblk1.genblk1.genblk1.genblk1.genblk1.lut0.genblk1.genblk1.genblk1.genblk1.genblk1.genblk1.genblk1.genblk1.genblk1.lut0 (6 -> 1)
  Optimizing lut $abc$76505$auto$blifparse.cc:557:parse_blif$76797.genblk1.genblk1.genblk1.genblk1.genblk1.genblk1.genblk1.genblk1.genblk1.lut0 (6 -> 3)
  Optimizing lut $abc$76505$auto$blifparse.cc:557:parse_blif$77442.genblk1.genblk1.genblk1.genblk1.genblk1.genblk1.genblk1.genblk1.genblk1.genblk1.lut0.genblk1.genblk1.genblk1.genblk1.genblk1.genblk1.genblk1.genblk1.genblk1.lut0 (6 -> 1)
  Optimizing lut $abc$76505$auto$blifparse.cc:557:parse_blif$77527.genblk1.genblk1.genblk1.genblk1.genblk1.genblk1.genblk1.genblk1.genblk1.lut0 (6 -> 4)
  Optimizing lut $abc$76505$auto$blifparse.cc:557:parse_blif$77471.genblk1.genblk1.genblk1.genblk1.genblk1.genblk1.genblk1.genblk1.genblk1.genblk1.lut0.genblk1.genblk1.genblk1.genblk1.genblk1.genblk1.genblk1.genblk1.genblk1.lut0 (6 -> 2)
  Optimizing lut $abc$76505$auto$blifparse.cc:557:parse_blif$77516.genblk1.genblk1.genblk1.genblk1.genblk1.genblk1.genblk1.genblk1.genblk1.lut0 (6 -> 4)
  Optimizing lut $abc$76505$auto$blifparse.cc:557:parse_blif$77499.genblk1.genblk1.genblk1.genblk1.genblk1.genblk1.genblk1.genblk1.genblk1.lut0 (6 -> 4)
  Optimizing lut $abc$76505$auto$blifparse.cc:557:parse_blif$77372.genblk1.genblk1.genblk1.genblk1.genblk1.genblk1.genblk1.genblk1.genblk1.genblk1.lut1.genblk1.genblk1.genblk1.genblk1.genblk1.genblk1.genblk1.genblk1.genblk1.lut0 (6 -> 0)
  Optimizing lut $abc$76505$auto$blifparse.cc:557:parse_blif$77373.genblk1.genblk1.genblk1.genblk1.genblk1.genblk1.genblk1.genblk1.genblk1.lut1 (6 -> 0)
  Optimizing lut $abc$76505$auto$blifparse.cc:557:parse_blif$77346.genblk1.genblk1.genblk1.genblk1.genblk1.genblk1.genblk1.genblk1.genblk1.genblk1.lut1.genblk1.genblk1.genblk1.genblk1.genblk1.genblk1.genblk1.genblk1.genblk1.lut0 (6 -> 0)
  Optimizing lut $abc$76505$auto$blifparse.cc:557:parse_blif$77369.genblk1.genblk1.genblk1.genblk1.genblk1.genblk1.genblk1.genblk1.genblk1.lut1 (6 -> 0)
  Optimizing lut $abc$76505$auto$blifparse.cc:557:parse_blif$77307.genblk1.genblk1.genblk1.genblk1.genblk1.genblk1.genblk1.genblk1.genblk1.genblk1.lut1.genblk1.genblk1.genblk1.genblk1.genblk1.genblk1.genblk1.genblk1.genblk1.lut0 (6 -> 0)
  Optimizing lut $abc$76505$auto$blifparse.cc:557:parse_blif$77304.genblk1.genblk1.genblk1.genblk1.genblk1.genblk1.genblk1.genblk1.genblk1.genblk1.lut1.genblk1.genblk1.genblk1.genblk1.genblk1.genblk1.genblk1.genblk1.genblk1.lut0 (6 -> 0)
  Optimizing lut $abc$76505$auto$blifparse.cc:557:parse_blif$77305.genblk1.genblk1.genblk1.genblk1.genblk1.genblk1.genblk1.genblk1.genblk1.lut1 (6 -> 0)
  Optimizing lut $abc$76505$auto$blifparse.cc:557:parse_blif$77285.genblk1.genblk1.genblk1.genblk1.genblk1.genblk1.genblk1.genblk1.genblk1.genblk1.lut1.genblk1.genblk1.genblk1.genblk1.genblk1.genblk1.genblk1.genblk1.genblk1.lut0 (6 -> 2)
  Optimizing lut $abc$76505$auto$blifparse.cc:557:parse_blif$77424.genblk1.genblk1.genblk1.genblk1.genblk1.genblk1.genblk1.genblk1.genblk1.genblk1.lut1.genblk1.genblk1.genblk1.genblk1.genblk1.genblk1.genblk1.genblk1.genblk1.lut0 (6 -> 0)
  Optimizing lut $abc$76505$auto$blifparse.cc:557:parse_blif$77434.genblk1.genblk1.genblk1.genblk1.genblk1.genblk1.genblk1.genblk1.genblk1.lut1 (6 -> 0)
  Optimizing lut $abc$76505$auto$blifparse.cc:557:parse_blif$76555.genblk1.genblk1.genblk1.genblk1.genblk1.genblk1.genblk1.genblk1.genblk1.lut1 (6 -> 0)
  Optimizing lut $abc$76505$auto$blifparse.cc:557:parse_blif$81941.genblk1.genblk1.genblk1.genblk1.genblk1.genblk1.genblk1.genblk1.genblk1.genblk1.lut1.genblk1.genblk1.genblk1.genblk1.genblk1.genblk1.genblk1.genblk1.genblk1.lut0 (6 -> 0)
  Optimizing lut $abc$76505$auto$blifparse.cc:557:parse_blif$81968.genblk1.genblk1.genblk1.genblk1.genblk1.genblk1.genblk1.genblk1.genblk1.genblk1.lut1.genblk1.genblk1.genblk1.genblk1.genblk1.genblk1.genblk1.genblk1.genblk1.lut0 (6 -> 0)
  Optimizing lut $abc$76505$auto$blifparse.cc:557:parse_blif$79743.genblk1.genblk1.genblk1.genblk1.genblk1.genblk1.genblk1.genblk1.genblk1.lut1 (6 -> 4)
  Optimizing lut $abc$76505$auto$blifparse.cc:557:parse_blif$82012.genblk1.genblk1.genblk1.genblk1.genblk1.genblk1.genblk1.genblk1.genblk1.genblk1.lut1.genblk1.genblk1.genblk1.genblk1.genblk1.genblk1.genblk1.genblk1.genblk1.lut0 (6 -> 0)
  Optimizing lut $abc$76505$auto$blifparse.cc:557:parse_blif$80739.genblk1.genblk1.genblk1.genblk1.genblk1.genblk1.genblk1.genblk1.genblk1.lut1 (6 -> 3)
  Optimizing lut $abc$76505$auto$blifparse.cc:557:parse_blif$82509.genblk1.genblk1.genblk1.genblk1.genblk1.genblk1.genblk1.genblk1.genblk1.genblk1.lut0.genblk1.genblk1.genblk1.genblk1.genblk1.genblk1.genblk1.genblk1.genblk1.lut0 (6 -> 0)
  Optimizing lut $abc$76505$auto$blifparse.cc:557:parse_blif$82547.genblk1.genblk1.genblk1.genblk1.genblk1.genblk1.genblk1.genblk1.genblk1.genblk1.lut1.genblk1.genblk1.genblk1.genblk1.genblk1.genblk1.genblk1.genblk1.genblk1.lut0 (6 -> 0)
  Optimizing lut $abc$76505$auto$blifparse.cc:557:parse_blif$80738.genblk1.genblk1.genblk1.genblk1.genblk1.genblk1.genblk1.genblk1.genblk1.lut1 (6 -> 3)
  Optimizing lut $abc$76505$auto$blifparse.cc:557:parse_blif$80734.genblk1.genblk1.genblk1.genblk1.genblk1.genblk1.genblk1.genblk1.genblk1.genblk1.lut1.genblk1.genblk1.genblk1.genblk1.genblk1.genblk1.genblk1.genblk1.genblk1.lut0 (6 -> 2)
  Optimizing lut $abc$76505$auto$blifparse.cc:557:parse_blif$80735.genblk1.genblk1.genblk1.genblk1.genblk1.genblk1.genblk1.genblk1.genblk1.lut1 (6 -> 4)
  Optimizing lut $abc$76505$auto$blifparse.cc:557:parse_blif$80619.genblk1.genblk1.genblk1.genblk1.genblk1.genblk1.genblk1.genblk1.genblk1.genblk1.lut1.genblk1.genblk1.genblk1.genblk1.genblk1.genblk1.genblk1.genblk1.genblk1.lut0 (6 -> 0)
  Optimizing lut $abc$76505$auto$blifparse.cc:557:parse_blif$80620.genblk1.genblk1.genblk1.genblk1.genblk1.genblk1.genblk1.genblk1.genblk1.lut1 (6 -> 0)
  Optimizing lut $abc$76505$auto$blifparse.cc:557:parse_blif$82442.genblk1.genblk1.genblk1.genblk1.genblk1.genblk1.genblk1.genblk1.genblk1.genblk1.lut1.genblk1.genblk1.genblk1.genblk1.genblk1.genblk1.genblk1.genblk1.genblk1.lut0 (6 -> 0)
  Optimizing lut $abc$76505$auto$blifparse.cc:557:parse_blif$82450.genblk1.genblk1.genblk1.genblk1.genblk1.genblk1.genblk1.genblk1.genblk1.genblk1.lut1.genblk1.genblk1.genblk1.genblk1.genblk1.genblk1.genblk1.genblk1.genblk1.lut0 (6 -> 0)
  Optimizing lut $abc$76505$auto$blifparse.cc:557:parse_blif$80745.genblk1.genblk1.genblk1.genblk1.genblk1.genblk1.genblk1.genblk1.genblk1.lut1 (6 -> 4)
  Optimizing lut $abc$76505$auto$blifparse.cc:557:parse_blif$82452.genblk1.genblk1.genblk1.genblk1.genblk1.genblk1.genblk1.genblk1.genblk1.genblk1.lut1.genblk1.genblk1.genblk1.genblk1.genblk1.genblk1.genblk1.genblk1.genblk1.lut0 (6 -> 0)
  Optimizing lut $abc$76505$auto$blifparse.cc:557:parse_blif$82911.genblk1.genblk1.genblk1.genblk1.genblk1.genblk1.genblk1.genblk1.genblk1.genblk1.lut1.genblk1.genblk1.genblk1.genblk1.genblk1.genblk1.genblk1.genblk1.genblk1.lut0 (6 -> 0)
  Optimizing lut $abc$76505$auto$blifparse.cc:557:parse_blif$78984.genblk1.genblk1.genblk1.genblk1.genblk1.genblk1.genblk1.genblk1.genblk1.lut1 (6 -> 4)
  Optimizing lut $abc$76505$auto$blifparse.cc:557:parse_blif$76802.genblk1.genblk1.genblk1.genblk1.genblk1.genblk1.genblk1.genblk1.genblk1.genblk1.lut1.genblk1.genblk1.genblk1.genblk1.genblk1.genblk1.genblk1.genblk1.genblk1.lut0 (6 -> 2)
  Optimizing lut $abc$76505$auto$blifparse.cc:557:parse_blif$76808.genblk1.genblk1.genblk1.genblk1.genblk1.genblk1.genblk1.genblk1.genblk1.genblk1.lut1.genblk1.genblk1.genblk1.genblk1.genblk1.genblk1.genblk1.genblk1.genblk1.lut0 (6 -> 2)
  Optimizing lut $abc$76505$auto$blifparse.cc:557:parse_blif$76695.genblk1.genblk1.genblk1.genblk1.genblk1.genblk1.genblk1.genblk1.genblk1.lut1 (6 -> 0)
  Optimizing lut $abc$76505$auto$blifparse.cc:557:parse_blif$83508.genblk1.genblk1.genblk1.genblk1.genblk1.genblk1.genblk1.genblk1.genblk1.genblk1.lut0.genblk1.genblk1.genblk1.genblk1.genblk1.genblk1.genblk1.genblk1.genblk1.lut0 (6 -> 0)
  Optimizing lut $abc$76505$auto$blifparse.cc:557:parse_blif$77844.genblk1.genblk1.genblk1.genblk1.genblk1.genblk1.genblk1.genblk1.genblk1.genblk1.lut1.genblk1.genblk1.genblk1.genblk1.genblk1.genblk1.genblk1.genblk1.genblk1.lut0 (6 -> 0)
  Optimizing lut $abc$76505$auto$blifparse.cc:557:parse_blif$76807.genblk1.genblk1.genblk1.genblk1.genblk1.genblk1.genblk1.genblk1.genblk1.lut1 (6 -> 4)
  Optimizing lut $abc$76505$auto$blifparse.cc:557:parse_blif$78297.genblk1.genblk1.genblk1.genblk1.genblk1.genblk1.genblk1.genblk1.genblk1.genblk1.lut1.genblk1.genblk1.genblk1.genblk1.genblk1.genblk1.genblk1.genblk1.genblk1.lut0 (6 -> 0)
  Optimizing lut $abc$76505$auto$blifparse.cc:557:parse_blif$77999.genblk1.genblk1.genblk1.genblk1.genblk1.genblk1.genblk1.genblk1.genblk1.lut1 (6 -> 0)
  Optimizing lut $abc$76505$auto$blifparse.cc:557:parse_blif$78293.genblk1.genblk1.genblk1.genblk1.genblk1.genblk1.genblk1.genblk1.genblk1.genblk1.lut0.genblk1.genblk1.genblk1.genblk1.genblk1.genblk1.genblk1.genblk1.genblk1.lut0 (6 -> 0)
  Optimizing lut $abc$76505$auto$blifparse.cc:557:parse_blif$87461.genblk1.genblk1.genblk1.genblk1.genblk1.genblk1.genblk1.genblk1.genblk1.genblk1.lut0.genblk1.genblk1.genblk1.genblk1.genblk1.genblk1.genblk1.genblk1.genblk1.lut0 (6 -> 0)
  Optimizing lut $abc$76505$auto$blifparse.cc:557:parse_blif$80233.genblk1.genblk1.genblk1.genblk1.genblk1.genblk1.genblk1.genblk1.genblk1.genblk1.lut1.genblk1.genblk1.genblk1.genblk1.genblk1.genblk1.genblk1.genblk1.genblk1.lut0 (6 -> 0)
  Optimizing lut $abc$76505$auto$blifparse.cc:557:parse_blif$78363.genblk1.genblk1.genblk1.genblk1.genblk1.genblk1.genblk1.genblk1.genblk1.lut1 (6 -> 0)
  Optimizing lut $abc$76505$auto$blifparse.cc:557:parse_blif$78332.genblk1.genblk1.genblk1.genblk1.genblk1.genblk1.genblk1.genblk1.genblk1.lut1 (6 -> 0)
  Optimizing lut $abc$76505$auto$blifparse.cc:557:parse_blif$78335.genblk1.genblk1.genblk1.genblk1.genblk1.genblk1.genblk1.genblk1.genblk1.genblk1.lut1.genblk1.genblk1.genblk1.genblk1.genblk1.genblk1.genblk1.genblk1.genblk1.lut0 (6 -> 0)
  Optimizing lut $abc$76505$auto$blifparse.cc:557:parse_blif$78336.genblk1.genblk1.genblk1.genblk1.genblk1.genblk1.genblk1.genblk1.genblk1.lut1 (6 -> 0)
  Optimizing lut $abc$76505$auto$blifparse.cc:557:parse_blif$79339.genblk1.genblk1.genblk1.genblk1.genblk1.genblk1.genblk1.genblk1.genblk1.genblk1.lut1.genblk1.genblk1.genblk1.genblk1.genblk1.genblk1.genblk1.genblk1.genblk1.lut0 (6 -> 0)
  Optimizing lut $abc$76505$auto$blifparse.cc:557:parse_blif$88090.genblk1.genblk1.genblk1.genblk1.genblk1.genblk1.genblk1.genblk1.genblk1.genblk1.lut1.genblk1.genblk1.genblk1.genblk1.genblk1.genblk1.genblk1.genblk1.genblk1.lut0 (6 -> 0)
  Optimizing lut $abc$76505$auto$blifparse.cc:557:parse_blif$88082.genblk1.genblk1.genblk1.genblk1.genblk1.genblk1.genblk1.genblk1.genblk1.genblk1.lut1.genblk1.genblk1.genblk1.genblk1.genblk1.genblk1.genblk1.genblk1.genblk1.lut0 (6 -> 0)
  Optimizing lut $abc$76505$auto$blifparse.cc:557:parse_blif$88071.genblk1.genblk1.genblk1.genblk1.genblk1.genblk1.genblk1.genblk1.genblk1.genblk1.lut1.genblk1.genblk1.genblk1.genblk1.genblk1.genblk1.genblk1.genblk1.genblk1.lut0 (6 -> 0)
  Optimizing lut $abc$76505$auto$blifparse.cc:557:parse_blif$88036.genblk1.genblk1.genblk1.genblk1.genblk1.genblk1.genblk1.genblk1.genblk1.genblk1.lut1.genblk1.genblk1.genblk1.genblk1.genblk1.genblk1.genblk1.genblk1.genblk1.lut0 (6 -> 0)
  Optimizing lut $abc$76505$auto$blifparse.cc:557:parse_blif$88065.genblk1.genblk1.genblk1.genblk1.genblk1.genblk1.genblk1.genblk1.genblk1.lut1 (6 -> 0)
  Optimizing lut $abc$76505$auto$blifparse.cc:557:parse_blif$88027.genblk1.genblk1.genblk1.genblk1.genblk1.genblk1.genblk1.genblk1.genblk1.genblk1.lut1.genblk1.genblk1.genblk1.genblk1.genblk1.genblk1.genblk1.genblk1.genblk1.lut0 (6 -> 0)
  Optimizing lut $abc$76505$auto$blifparse.cc:557:parse_blif$88026.genblk1.genblk1.genblk1.genblk1.genblk1.genblk1.genblk1.genblk1.genblk1.genblk1.lut1.genblk1.genblk1.genblk1.genblk1.genblk1.genblk1.genblk1.genblk1.genblk1.lut0 (6 -> 0)
  Optimizing lut $abc$76505$auto$blifparse.cc:557:parse_blif$88022.genblk1.genblk1.genblk1.genblk1.genblk1.genblk1.genblk1.genblk1.genblk1.genblk1.lut1.genblk1.genblk1.genblk1.genblk1.genblk1.genblk1.genblk1.genblk1.genblk1.lut0 (6 -> 0)
  Optimizing lut $abc$76505$auto$blifparse.cc:557:parse_blif$88003.genblk1.genblk1.genblk1.genblk1.genblk1.genblk1.genblk1.genblk1.genblk1.genblk1.lut1.genblk1.genblk1.genblk1.genblk1.genblk1.genblk1.genblk1.genblk1.genblk1.lut0 (6 -> 0)
  Optimizing lut $abc$76505$auto$blifparse.cc:557:parse_blif$87997.genblk1.genblk1.genblk1.genblk1.genblk1.genblk1.genblk1.genblk1.genblk1.genblk1.lut1.genblk1.genblk1.genblk1.genblk1.genblk1.genblk1.genblk1.genblk1.genblk1.lut0 (6 -> 0)
  Optimizing lut $abc$76505$auto$blifparse.cc:557:parse_blif$87995.genblk1.genblk1.genblk1.genblk1.genblk1.genblk1.genblk1.genblk1.genblk1.genblk1.lut1.genblk1.genblk1.genblk1.genblk1.genblk1.genblk1.genblk1.genblk1.genblk1.lut0 (6 -> 0)
  Optimizing lut $abc$76505$auto$blifparse.cc:557:parse_blif$87990.genblk1.genblk1.genblk1.genblk1.genblk1.genblk1.genblk1.genblk1.genblk1.genblk1.lut1.genblk1.genblk1.genblk1.genblk1.genblk1.genblk1.genblk1.genblk1.genblk1.lut0 (6 -> 0)
  Optimizing lut $abc$76505$auto$blifparse.cc:557:parse_blif$87989.genblk1.genblk1.genblk1.genblk1.genblk1.genblk1.genblk1.genblk1.genblk1.genblk1.lut1.genblk1.genblk1.genblk1.genblk1.genblk1.genblk1.genblk1.genblk1.genblk1.lut0 (6 -> 0)
  Optimizing lut $abc$76505$auto$blifparse.cc:557:parse_blif$87987.genblk1.genblk1.genblk1.genblk1.genblk1.genblk1.genblk1.genblk1.genblk1.genblk1.lut1.genblk1.genblk1.genblk1.genblk1.genblk1.genblk1.genblk1.genblk1.genblk1.lut0 (6 -> 0)
  Optimizing lut $abc$76505$auto$blifparse.cc:557:parse_blif$87983.genblk1.genblk1.genblk1.genblk1.genblk1.genblk1.genblk1.genblk1.genblk1.genblk1.lut1.genblk1.genblk1.genblk1.genblk1.genblk1.genblk1.genblk1.genblk1.genblk1.lut0 (6 -> 0)
  Optimizing lut $abc$76505$auto$blifparse.cc:557:parse_blif$87980.genblk1.genblk1.genblk1.genblk1.genblk1.genblk1.genblk1.genblk1.genblk1.genblk1.lut1.genblk1.genblk1.genblk1.genblk1.genblk1.genblk1.genblk1.genblk1.genblk1.lut0 (6 -> 0)
  Optimizing lut $abc$76505$auto$blifparse.cc:557:parse_blif$88092.genblk1.genblk1.genblk1.genblk1.genblk1.genblk1.genblk1.genblk1.genblk1.genblk1.lut1.genblk1.genblk1.genblk1.genblk1.genblk1.genblk1.genblk1.genblk1.genblk1.lut0 (6 -> 0)
  Optimizing lut $abc$76505$auto$blifparse.cc:557:parse_blif$87398.genblk1.genblk1.genblk1.genblk1.genblk1.genblk1.genblk1.genblk1.genblk1.genblk1.lut1.genblk1.genblk1.genblk1.genblk1.genblk1.genblk1.genblk1.genblk1.genblk1.lut0 (6 -> 0)
  Optimizing lut $abc$76505$auto$blifparse.cc:557:parse_blif$87346.genblk1.genblk1.genblk1.genblk1.genblk1.genblk1.genblk1.genblk1.genblk1.genblk1.lut1.genblk1.genblk1.genblk1.genblk1.genblk1.genblk1.genblk1.genblk1.genblk1.lut0 (6 -> 0)
  Optimizing lut $abc$76505$auto$blifparse.cc:557:parse_blif$87345.genblk1.genblk1.genblk1.genblk1.genblk1.genblk1.genblk1.genblk1.genblk1.genblk1.lut1.genblk1.genblk1.genblk1.genblk1.genblk1.genblk1.genblk1.genblk1.genblk1.lut0 (6 -> 0)
  Optimizing lut $abc$76505$auto$blifparse.cc:557:parse_blif$87344.genblk1.genblk1.genblk1.genblk1.genblk1.genblk1.genblk1.genblk1.genblk1.genblk1.lut1.genblk1.genblk1.genblk1.genblk1.genblk1.genblk1.genblk1.genblk1.genblk1.lut0 (6 -> 0)
  Optimizing lut $abc$76505$auto$blifparse.cc:557:parse_blif$87343.genblk1.genblk1.genblk1.genblk1.genblk1.genblk1.genblk1.genblk1.genblk1.genblk1.lut1.genblk1.genblk1.genblk1.genblk1.genblk1.genblk1.genblk1.genblk1.genblk1.lut0 (6 -> 0)
  Optimizing lut $abc$76505$auto$blifparse.cc:557:parse_blif$87342.genblk1.genblk1.genblk1.genblk1.genblk1.genblk1.genblk1.genblk1.genblk1.genblk1.lut1.genblk1.genblk1.genblk1.genblk1.genblk1.genblk1.genblk1.genblk1.genblk1.lut0 (6 -> 0)
  Optimizing lut $abc$76505$auto$blifparse.cc:557:parse_blif$87341.genblk1.genblk1.genblk1.genblk1.genblk1.genblk1.genblk1.genblk1.genblk1.genblk1.lut1.genblk1.genblk1.genblk1.genblk1.genblk1.genblk1.genblk1.genblk1.genblk1.lut0 (6 -> 0)
  Optimizing lut $abc$76505$auto$blifparse.cc:557:parse_blif$87340.genblk1.genblk1.genblk1.genblk1.genblk1.genblk1.genblk1.genblk1.genblk1.genblk1.lut1.genblk1.genblk1.genblk1.genblk1.genblk1.genblk1.genblk1.genblk1.genblk1.lut0 (6 -> 0)
  Optimizing lut $abc$76505$auto$blifparse.cc:557:parse_blif$87339.genblk1.genblk1.genblk1.genblk1.genblk1.genblk1.genblk1.genblk1.genblk1.genblk1.lut1.genblk1.genblk1.genblk1.genblk1.genblk1.genblk1.genblk1.genblk1.genblk1.lut0 (6 -> 0)
  Optimizing lut $abc$76505$auto$blifparse.cc:557:parse_blif$87338.genblk1.genblk1.genblk1.genblk1.genblk1.genblk1.genblk1.genblk1.genblk1.genblk1.lut1.genblk1.genblk1.genblk1.genblk1.genblk1.genblk1.genblk1.genblk1.genblk1.lut0 (6 -> 0)
  Optimizing lut $abc$76505$auto$blifparse.cc:557:parse_blif$87338.genblk1.genblk1.genblk1.genblk1.genblk1.genblk1.genblk1.genblk1.genblk1.genblk1.lut0.genblk1.genblk1.genblk1.genblk1.genblk1.genblk1.genblk1.genblk1.genblk1.lut0 (6 -> 0)
  Optimizing lut $abc$76505$auto$blifparse.cc:557:parse_blif$87335.genblk1.genblk1.genblk1.genblk1.genblk1.genblk1.genblk1.genblk1.genblk1.genblk1.lut1.genblk1.genblk1.genblk1.genblk1.genblk1.genblk1.genblk1.genblk1.genblk1.lut0 (6 -> 0)
  Optimizing lut $abc$76505$auto$blifparse.cc:557:parse_blif$87336.genblk1.genblk1.genblk1.genblk1.genblk1.genblk1.genblk1.genblk1.genblk1.lut1 (6 -> 0)
  Optimizing lut $abc$76505$auto$blifparse.cc:557:parse_blif$87334.genblk1.genblk1.genblk1.genblk1.genblk1.genblk1.genblk1.genblk1.genblk1.genblk1.lut1.genblk1.genblk1.genblk1.genblk1.genblk1.genblk1.genblk1.genblk1.genblk1.lut0 (6 -> 0)
  Optimizing lut $abc$76505$auto$blifparse.cc:557:parse_blif$87333.genblk1.genblk1.genblk1.genblk1.genblk1.genblk1.genblk1.genblk1.genblk1.genblk1.lut1.genblk1.genblk1.genblk1.genblk1.genblk1.genblk1.genblk1.genblk1.genblk1.lut0 (6 -> 0)
  Optimizing lut $abc$76505$auto$blifparse.cc:557:parse_blif$87332.genblk1.genblk1.genblk1.genblk1.genblk1.genblk1.genblk1.genblk1.genblk1.genblk1.lut1.genblk1.genblk1.genblk1.genblk1.genblk1.genblk1.genblk1.genblk1.genblk1.lut0 (6 -> 0)
  Optimizing lut $abc$76505$auto$blifparse.cc:557:parse_blif$87331.genblk1.genblk1.genblk1.genblk1.genblk1.genblk1.genblk1.genblk1.genblk1.genblk1.lut1.genblk1.genblk1.genblk1.genblk1.genblk1.genblk1.genblk1.genblk1.genblk1.lut0 (6 -> 0)
  Optimizing lut $abc$76505$auto$blifparse.cc:557:parse_blif$87306.genblk1.genblk1.genblk1.genblk1.genblk1.genblk1.genblk1.genblk1.genblk1.genblk1.lut1.genblk1.genblk1.genblk1.genblk1.genblk1.genblk1.genblk1.genblk1.genblk1.lut0 (6 -> 0)
  Optimizing lut $abc$76505$auto$blifparse.cc:557:parse_blif$87297.genblk1.genblk1.genblk1.genblk1.genblk1.genblk1.genblk1.genblk1.genblk1.genblk1.lut1.genblk1.genblk1.genblk1.genblk1.genblk1.genblk1.genblk1.genblk1.genblk1.lut0 (6 -> 0)
  Optimizing lut $abc$76505$auto$blifparse.cc:557:parse_blif$87295.genblk1.genblk1.genblk1.genblk1.genblk1.genblk1.genblk1.genblk1.genblk1.genblk1.lut1.genblk1.genblk1.genblk1.genblk1.genblk1.genblk1.genblk1.genblk1.genblk1.lut0 (6 -> 0)
  Optimizing lut $abc$76505$auto$blifparse.cc:557:parse_blif$87294.genblk1.genblk1.genblk1.genblk1.genblk1.genblk1.genblk1.genblk1.genblk1.genblk1.lut1.genblk1.genblk1.genblk1.genblk1.genblk1.genblk1.genblk1.genblk1.genblk1.lut0 (6 -> 0)
  Optimizing lut $abc$76505$auto$blifparse.cc:557:parse_blif$87293.genblk1.genblk1.genblk1.genblk1.genblk1.genblk1.genblk1.genblk1.genblk1.genblk1.lut1.genblk1.genblk1.genblk1.genblk1.genblk1.genblk1.genblk1.genblk1.genblk1.lut0 (6 -> 0)
  Optimizing lut $abc$76505$auto$blifparse.cc:557:parse_blif$87292.genblk1.genblk1.genblk1.genblk1.genblk1.genblk1.genblk1.genblk1.genblk1.genblk1.lut1.genblk1.genblk1.genblk1.genblk1.genblk1.genblk1.genblk1.genblk1.genblk1.lut0 (6 -> 0)
  Optimizing lut $abc$76505$auto$blifparse.cc:557:parse_blif$87276.genblk1.genblk1.genblk1.genblk1.genblk1.genblk1.genblk1.genblk1.genblk1.genblk1.lut1.genblk1.genblk1.genblk1.genblk1.genblk1.genblk1.genblk1.genblk1.genblk1.lut0 (6 -> 0)
  Optimizing lut $abc$76505$auto$blifparse.cc:557:parse_blif$87264.genblk1.genblk1.genblk1.genblk1.genblk1.genblk1.genblk1.genblk1.genblk1.genblk1.lut1.genblk1.genblk1.genblk1.genblk1.genblk1.genblk1.genblk1.genblk1.genblk1.lut0 (6 -> 0)
  Optimizing lut $abc$76505$auto$blifparse.cc:557:parse_blif$87256.genblk1.genblk1.genblk1.genblk1.genblk1.genblk1.genblk1.genblk1.genblk1.genblk1.lut1.genblk1.genblk1.genblk1.genblk1.genblk1.genblk1.genblk1.genblk1.genblk1.lut0 (6 -> 0)
  Optimizing lut $abc$76505$auto$blifparse.cc:557:parse_blif$80631.genblk1.genblk1.genblk1.genblk1.genblk1.genblk1.genblk1.genblk1.genblk1.genblk1.lut1.genblk1.genblk1.genblk1.genblk1.genblk1.genblk1.genblk1.genblk1.genblk1.lut0 (6 -> 2)
  Optimizing lut $abc$76505$auto$blifparse.cc:557:parse_blif$80825.genblk1.genblk1.genblk1.genblk1.genblk1.genblk1.genblk1.genblk1.genblk1.genblk1.lut1.genblk1.genblk1.genblk1.genblk1.genblk1.genblk1.genblk1.genblk1.genblk1.lut0 (6 -> 2)
  Optimizing lut $abc$76505$auto$blifparse.cc:557:parse_blif$80929.genblk1.genblk1.genblk1.genblk1.genblk1.genblk1.genblk1.genblk1.genblk1.lut1 (6 -> 1)
  Optimizing lut $abc$76505$auto$blifparse.cc:557:parse_blif$80819.genblk1.genblk1.genblk1.genblk1.genblk1.genblk1.genblk1.genblk1.genblk1.genblk1.lut1.genblk1.genblk1.genblk1.genblk1.genblk1.genblk1.genblk1.genblk1.genblk1.lut0 (6 -> 2)
  Optimizing lut $abc$76505$auto$blifparse.cc:557:parse_blif$80824.genblk1.genblk1.genblk1.genblk1.genblk1.genblk1.genblk1.genblk1.genblk1.lut1 (6 -> 3)
  Optimizing lut $abc$76505$auto$blifparse.cc:557:parse_blif$76591.genblk1.genblk1.genblk1.genblk1.genblk1.genblk1.genblk1.genblk1.genblk1.lut0 (6 -> 4)
  Optimizing lut $abc$76505$auto$blifparse.cc:557:parse_blif$80818.genblk1.genblk1.genblk1.genblk1.genblk1.genblk1.genblk1.genblk1.genblk1.lut1 (6 -> 3)
  Optimizing lut $abc$76505$auto$blifparse.cc:557:parse_blif$76682.genblk1.genblk1.genblk1.genblk1.genblk1.genblk1.genblk1.genblk1.genblk1.lut0 (6 -> 4)
  Optimizing lut $abc$76505$auto$blifparse.cc:557:parse_blif$76780.genblk1.genblk1.genblk1.genblk1.genblk1.genblk1.genblk1.genblk1.genblk1.lut0 (6 -> 4)
  Optimizing lut $abc$76505$auto$blifparse.cc:557:parse_blif$76794.genblk1.genblk1.genblk1.genblk1.genblk1.genblk1.genblk1.genblk1.genblk1.lut0 (6 -> 4)
  Optimizing lut $abc$76505$auto$blifparse.cc:557:parse_blif$76806.genblk1.genblk1.genblk1.genblk1.genblk1.genblk1.genblk1.genblk1.genblk1.lut0 (6 -> 0)
  Optimizing lut $abc$76505$auto$blifparse.cc:557:parse_blif$76812.genblk1.genblk1.genblk1.genblk1.genblk1.genblk1.genblk1.genblk1.genblk1.lut0 (6 -> 0)
  Optimizing lut $abc$76505$auto$blifparse.cc:557:parse_blif$76722.genblk1.genblk1.genblk1.genblk1.genblk1.genblk1.genblk1.genblk1.genblk1.genblk1.lut1.genblk1.genblk1.genblk1.genblk1.genblk1.genblk1.genblk1.genblk1.genblk1.lut0 (6 -> 1)
  Optimizing lut $abc$76505$auto$blifparse.cc:557:parse_blif$76815.genblk1.genblk1.genblk1.genblk1.genblk1.genblk1.genblk1.genblk1.genblk1.lut0 (6 -> 0)
  Optimizing lut $abc$76505$auto$blifparse.cc:557:parse_blif$76819.genblk1.genblk1.genblk1.genblk1.genblk1.genblk1.genblk1.genblk1.genblk1.lut0 (6 -> 0)
  Optimizing lut $abc$76505$auto$blifparse.cc:557:parse_blif$76785.genblk1.genblk1.genblk1.genblk1.genblk1.genblk1.genblk1.genblk1.genblk1.genblk1.lut1.genblk1.genblk1.genblk1.genblk1.genblk1.genblk1.genblk1.genblk1.genblk1.lut0 (6 -> 1)
  Optimizing lut $abc$76505$auto$blifparse.cc:557:parse_blif$76822.genblk1.genblk1.genblk1.genblk1.genblk1.genblk1.genblk1.genblk1.genblk1.lut0 (6 -> 0)
  Optimizing lut $abc$76505$auto$blifparse.cc:557:parse_blif$76826.genblk1.genblk1.genblk1.genblk1.genblk1.genblk1.genblk1.genblk1.genblk1.lut0 (6 -> 0)
  Optimizing lut $abc$76505$auto$blifparse.cc:557:parse_blif$76796.genblk1.genblk1.genblk1.genblk1.genblk1.genblk1.genblk1.genblk1.genblk1.genblk1.lut1.genblk1.genblk1.genblk1.genblk1.genblk1.genblk1.genblk1.genblk1.genblk1.lut0 (6 -> 2)
  Optimizing lut $abc$76505$auto$blifparse.cc:557:parse_blif$76829.genblk1.genblk1.genblk1.genblk1.genblk1.genblk1.genblk1.genblk1.genblk1.lut0 (6 -> 0)
  Optimizing lut $abc$76505$auto$blifparse.cc:557:parse_blif$77193.genblk1.genblk1.genblk1.genblk1.genblk1.genblk1.genblk1.genblk1.genblk1.lut0 (6 -> 4)
  Optimizing lut $abc$76505$auto$blifparse.cc:557:parse_blif$77204.genblk1.genblk1.genblk1.genblk1.genblk1.genblk1.genblk1.genblk1.genblk1.lut0 (6 -> 4)
  Optimizing lut $abc$76505$auto$blifparse.cc:557:parse_blif$77215.genblk1.genblk1.genblk1.genblk1.genblk1.genblk1.genblk1.genblk1.genblk1.lut0 (6 -> 0)
  Optimizing lut $abc$76505$auto$blifparse.cc:557:parse_blif$77226.genblk1.genblk1.genblk1.genblk1.genblk1.genblk1.genblk1.genblk1.genblk1.lut0 (6 -> 0)
  Optimizing lut $abc$76505$auto$blifparse.cc:557:parse_blif$77231.genblk1.genblk1.genblk1.genblk1.genblk1.genblk1.genblk1.genblk1.genblk1.lut0 (6 -> 0)
  Optimizing lut $abc$76505$auto$blifparse.cc:557:parse_blif$77236.genblk1.genblk1.genblk1.genblk1.genblk1.genblk1.genblk1.genblk1.genblk1.lut0 (6 -> 0)
  Optimizing lut $abc$76505$auto$blifparse.cc:557:parse_blif$77459.genblk1.genblk1.genblk1.genblk1.genblk1.genblk1.genblk1.genblk1.genblk1.lut0 (6 -> 0)
  Optimizing lut $abc$76505$auto$blifparse.cc:557:parse_blif$77471.genblk1.genblk1.genblk1.genblk1.genblk1.genblk1.genblk1.genblk1.genblk1.genblk1.lut1.genblk1.genblk1.genblk1.genblk1.genblk1.genblk1.genblk1.genblk1.genblk1.lut0 (6 -> 2)
  Optimizing lut $abc$76505$auto$blifparse.cc:557:parse_blif$77816.genblk1.genblk1.genblk1.genblk1.genblk1.genblk1.genblk1.genblk1.genblk1.lut0 (6 -> 4)
  Optimizing lut $abc$76505$auto$blifparse.cc:557:parse_blif$77748.genblk1.genblk1.genblk1.genblk1.genblk1.genblk1.genblk1.genblk1.genblk1.lut0 (6 -> 4)
  Optimizing lut $abc$76505$auto$blifparse.cc:557:parse_blif$77652.genblk1.genblk1.genblk1.genblk1.genblk1.genblk1.genblk1.genblk1.genblk1.lut0 (6 -> 0)
  Optimizing lut $abc$76505$auto$blifparse.cc:557:parse_blif$77812.genblk1.genblk1.genblk1.genblk1.genblk1.genblk1.genblk1.genblk1.genblk1.lut0 (6 -> 0)
  Optimizing lut $abc$76505$auto$blifparse.cc:557:parse_blif$78224.genblk1.genblk1.genblk1.genblk1.genblk1.genblk1.genblk1.genblk1.genblk1.lut0 (6 -> 0)
  Optimizing lut $abc$76505$auto$blifparse.cc:557:parse_blif$80779.genblk1.genblk1.genblk1.genblk1.genblk1.genblk1.genblk1.genblk1.genblk1.lut0 (6 -> 1)
  Optimizing lut $abc$76505$auto$blifparse.cc:557:parse_blif$80797.genblk1.genblk1.genblk1.genblk1.genblk1.genblk1.genblk1.genblk1.genblk1.lut0 (6 -> 1)
  Optimizing lut $abc$76505$auto$blifparse.cc:557:parse_blif$80820.genblk1.genblk1.genblk1.genblk1.genblk1.genblk1.genblk1.genblk1.genblk1.lut0 (6 -> 1)
  Optimizing lut $abc$76505$auto$blifparse.cc:557:parse_blif$80845.genblk1.genblk1.genblk1.genblk1.genblk1.genblk1.genblk1.genblk1.genblk1.lut0 (6 -> 1)
  Optimizing lut $abc$76505$auto$blifparse.cc:557:parse_blif$80861.genblk1.genblk1.genblk1.genblk1.genblk1.genblk1.genblk1.genblk1.genblk1.lut0 (6 -> 1)
  Optimizing lut $abc$76505$auto$blifparse.cc:557:parse_blif$80876.genblk1.genblk1.genblk1.genblk1.genblk1.genblk1.genblk1.genblk1.genblk1.lut0 (6 -> 1)
  Optimizing lut $abc$76505$auto$blifparse.cc:557:parse_blif$80888.genblk1.genblk1.genblk1.genblk1.genblk1.genblk1.genblk1.genblk1.genblk1.lut0 (6 -> 1)
  Optimizing lut $abc$76505$auto$blifparse.cc:557:parse_blif$78230.genblk1.genblk1.genblk1.genblk1.genblk1.genblk1.genblk1.genblk1.genblk1.lut0 (6 -> 4)
  Optimizing lut $abc$76505$auto$blifparse.cc:557:parse_blif$78236.genblk1.genblk1.genblk1.genblk1.genblk1.genblk1.genblk1.genblk1.genblk1.lut0 (6 -> 0)
  Optimizing lut $abc$76505$auto$blifparse.cc:557:parse_blif$80894.genblk1.genblk1.genblk1.genblk1.genblk1.genblk1.genblk1.genblk1.genblk1.lut0 (6 -> 1)
  Optimizing lut $abc$76505$auto$blifparse.cc:557:parse_blif$80901.genblk1.genblk1.genblk1.genblk1.genblk1.genblk1.genblk1.genblk1.genblk1.lut0 (6 -> 1)
  Optimizing lut $abc$76505$auto$blifparse.cc:557:parse_blif$80842.genblk1.genblk1.genblk1.genblk1.genblk1.genblk1.genblk1.genblk1.genblk1.lut0 (6 -> 4)
  Optimizing lut $abc$76505$auto$blifparse.cc:557:parse_blif$80817.genblk1.genblk1.genblk1.genblk1.genblk1.genblk1.genblk1.genblk1.genblk1.lut0 (6 -> 3)
  Optimizing lut $abc$76505$auto$blifparse.cc:557:parse_blif$80818.genblk1.genblk1.genblk1.genblk1.genblk1.genblk1.genblk1.genblk1.genblk1.lut0 (6 -> 4)
  Optimizing lut $abc$76505$auto$blifparse.cc:557:parse_blif$80819.genblk1.genblk1.genblk1.genblk1.genblk1.genblk1.genblk1.genblk1.genblk1.genblk1.lut1.genblk1.genblk1.genblk1.genblk1.genblk1.genblk1.genblk1.genblk1.genblk1.lut1 (6 -> 1)
  Optimizing lut $abc$76505$auto$blifparse.cc:557:parse_blif$80921.genblk1.genblk1.genblk1.genblk1.genblk1.genblk1.genblk1.genblk1.genblk1.lut0 (6 -> 1)
  Optimizing lut $abc$76505$auto$blifparse.cc:557:parse_blif$80923.genblk1.genblk1.genblk1.genblk1.genblk1.genblk1.genblk1.genblk1.genblk1.lut0 (6 -> 5)
  Optimizing lut $abc$76505$auto$blifparse.cc:557:parse_blif$80547.genblk1.genblk1.genblk1.genblk1.genblk1.genblk1.genblk1.genblk1.genblk1.lut0 (6 -> 4)
  Optimizing lut $abc$76505$auto$blifparse.cc:557:parse_blif$80823.genblk1.genblk1.genblk1.genblk1.genblk1.genblk1.genblk1.genblk1.genblk1.lut0 (6 -> 3)
  Optimizing lut $abc$76505$auto$blifparse.cc:557:parse_blif$80824.genblk1.genblk1.genblk1.genblk1.genblk1.genblk1.genblk1.genblk1.genblk1.lut0 (6 -> 4)
  Optimizing lut $abc$76505$auto$blifparse.cc:557:parse_blif$80825.genblk1.genblk1.genblk1.genblk1.genblk1.genblk1.genblk1.genblk1.genblk1.genblk1.lut1.genblk1.genblk1.genblk1.genblk1.genblk1.genblk1.genblk1.genblk1.genblk1.lut1 (6 -> 1)
  Optimizing lut $abc$76505$auto$blifparse.cc:557:parse_blif$80658.genblk1.genblk1.genblk1.genblk1.genblk1.genblk1.genblk1.genblk1.genblk1.lut0 (6 -> 3)
  Optimizing lut $abc$76505$auto$blifparse.cc:557:parse_blif$80706.genblk1.genblk1.genblk1.genblk1.genblk1.genblk1.genblk1.genblk1.genblk1.lut0 (6 -> 3)
  Optimizing lut $abc$76505$auto$blifparse.cc:557:parse_blif$78716.genblk1.genblk1.genblk1.genblk1.genblk1.genblk1.genblk1.genblk1.genblk1.lut0 (6 -> 4)
  Optimizing lut $abc$76505$auto$blifparse.cc:557:parse_blif$78721.genblk1.genblk1.genblk1.genblk1.genblk1.genblk1.genblk1.genblk1.genblk1.lut0 (6 -> 0)
  Optimizing lut $abc$76505$auto$blifparse.cc:557:parse_blif$78936.genblk1.genblk1.genblk1.genblk1.genblk1.genblk1.genblk1.genblk1.genblk1.lut0 (6 -> 4)
  Optimizing lut $abc$76505$auto$blifparse.cc:557:parse_blif$78941.genblk1.genblk1.genblk1.genblk1.genblk1.genblk1.genblk1.genblk1.genblk1.lut0 (6 -> 0)
  Optimizing lut $abc$76505$auto$blifparse.cc:557:parse_blif$87293.genblk1.genblk1.genblk1.genblk1.genblk1.genblk1.genblk1.genblk1.genblk1.genblk1.lut1.genblk1.genblk1.genblk1.genblk1.genblk1.genblk1.genblk1.genblk1.genblk1.lut1 (6 -> 0)
  Optimizing lut $abc$76505$auto$blifparse.cc:557:parse_blif$87294.genblk1.genblk1.genblk1.genblk1.genblk1.genblk1.genblk1.genblk1.genblk1.genblk1.lut1.genblk1.genblk1.genblk1.genblk1.genblk1.genblk1.genblk1.genblk1.genblk1.lut1 (6 -> 0)
  Optimizing lut $abc$76505$auto$blifparse.cc:557:parse_blif$87295.genblk1.genblk1.genblk1.genblk1.genblk1.genblk1.genblk1.genblk1.genblk1.genblk1.lut1.genblk1.genblk1.genblk1.genblk1.genblk1.genblk1.genblk1.genblk1.genblk1.lut1 (6 -> 0)
  Optimizing lut $abc$76505$auto$blifparse.cc:557:parse_blif$87306.genblk1.genblk1.genblk1.genblk1.genblk1.genblk1.genblk1.genblk1.genblk1.genblk1.lut1.genblk1.genblk1.genblk1.genblk1.genblk1.genblk1.genblk1.genblk1.genblk1.lut1 (6 -> 0)
  Optimizing lut $abc$76505$auto$blifparse.cc:557:parse_blif$87330.genblk1.genblk1.genblk1.genblk1.genblk1.genblk1.genblk1.genblk1.genblk1.lut0 (6 -> 0)
  Optimizing lut $abc$76505$auto$blifparse.cc:557:parse_blif$87331.genblk1.genblk1.genblk1.genblk1.genblk1.genblk1.genblk1.genblk1.genblk1.genblk1.lut1.genblk1.genblk1.genblk1.genblk1.genblk1.genblk1.genblk1.genblk1.genblk1.lut1 (6 -> 0)
  Optimizing lut $abc$76505$auto$blifparse.cc:557:parse_blif$87332.genblk1.genblk1.genblk1.genblk1.genblk1.genblk1.genblk1.genblk1.genblk1.genblk1.lut1.genblk1.genblk1.genblk1.genblk1.genblk1.genblk1.genblk1.genblk1.genblk1.lut1 (6 -> 0)
  Optimizing lut $abc$76505$auto$blifparse.cc:557:parse_blif$87333.genblk1.genblk1.genblk1.genblk1.genblk1.genblk1.genblk1.genblk1.genblk1.genblk1.lut1.genblk1.genblk1.genblk1.genblk1.genblk1.genblk1.genblk1.genblk1.genblk1.lut1 (6 -> 0)
  Optimizing lut $abc$76505$auto$blifparse.cc:557:parse_blif$87334.genblk1.genblk1.genblk1.genblk1.genblk1.genblk1.genblk1.genblk1.genblk1.genblk1.lut1.genblk1.genblk1.genblk1.genblk1.genblk1.genblk1.genblk1.genblk1.genblk1.lut1 (6 -> 0)
  Optimizing lut $abc$76505$auto$blifparse.cc:557:parse_blif$87335.genblk1.genblk1.genblk1.genblk1.genblk1.genblk1.genblk1.genblk1.genblk1.genblk1.lut1.genblk1.genblk1.genblk1.genblk1.genblk1.genblk1.genblk1.genblk1.genblk1.lut1 (6 -> 0)
  Optimizing lut $abc$76505$auto$blifparse.cc:557:parse_blif$87339.genblk1.genblk1.genblk1.genblk1.genblk1.genblk1.genblk1.genblk1.genblk1.genblk1.lut1.genblk1.genblk1.genblk1.genblk1.genblk1.genblk1.genblk1.genblk1.genblk1.lut1 (6 -> 0)
  Optimizing lut $abc$76505$auto$blifparse.cc:557:parse_blif$87340.genblk1.genblk1.genblk1.genblk1.genblk1.genblk1.genblk1.genblk1.genblk1.genblk1.lut1.genblk1.genblk1.genblk1.genblk1.genblk1.genblk1.genblk1.genblk1.genblk1.lut1 (6 -> 0)
  Optimizing lut $abc$76505$auto$blifparse.cc:557:parse_blif$87341.genblk1.genblk1.genblk1.genblk1.genblk1.genblk1.genblk1.genblk1.genblk1.genblk1.lut1.genblk1.genblk1.genblk1.genblk1.genblk1.genblk1.genblk1.genblk1.genblk1.lut1 (6 -> 0)
  Optimizing lut $abc$76505$auto$blifparse.cc:557:parse_blif$87342.genblk1.genblk1.genblk1.genblk1.genblk1.genblk1.genblk1.genblk1.genblk1.genblk1.lut1.genblk1.genblk1.genblk1.genblk1.genblk1.genblk1.genblk1.genblk1.genblk1.lut1 (6 -> 0)
  Optimizing lut $abc$76505$auto$blifparse.cc:557:parse_blif$87343.genblk1.genblk1.genblk1.genblk1.genblk1.genblk1.genblk1.genblk1.genblk1.genblk1.lut1.genblk1.genblk1.genblk1.genblk1.genblk1.genblk1.genblk1.genblk1.genblk1.lut1 (6 -> 0)
  Optimizing lut $abc$76505$auto$blifparse.cc:557:parse_blif$87344.genblk1.genblk1.genblk1.genblk1.genblk1.genblk1.genblk1.genblk1.genblk1.genblk1.lut1.genblk1.genblk1.genblk1.genblk1.genblk1.genblk1.genblk1.genblk1.genblk1.lut1 (6 -> 0)
  Optimizing lut $abc$76505$auto$blifparse.cc:557:parse_blif$87345.genblk1.genblk1.genblk1.genblk1.genblk1.genblk1.genblk1.genblk1.genblk1.genblk1.lut1.genblk1.genblk1.genblk1.genblk1.genblk1.genblk1.genblk1.genblk1.genblk1.lut1 (6 -> 0)
  Optimizing lut $abc$76505$auto$blifparse.cc:557:parse_blif$87346.genblk1.genblk1.genblk1.genblk1.genblk1.genblk1.genblk1.genblk1.genblk1.genblk1.lut1.genblk1.genblk1.genblk1.genblk1.genblk1.genblk1.genblk1.genblk1.genblk1.lut1 (6 -> 0)
  Optimizing lut $abc$76505$auto$blifparse.cc:557:parse_blif$88093.genblk1.genblk1.genblk1.genblk1.genblk1.genblk1.genblk1.genblk1.genblk1.lut0 (6 -> 0)
  Optimizing lut $abc$76505$auto$blifparse.cc:557:parse_blif$88026.genblk1.genblk1.genblk1.genblk1.genblk1.genblk1.genblk1.genblk1.genblk1.genblk1.lut1.genblk1.genblk1.genblk1.genblk1.genblk1.genblk1.genblk1.genblk1.genblk1.lut1 (6 -> 0)
  Optimizing lut $abc$76505$auto$blifparse.cc:557:parse_blif$79207.genblk1.genblk1.genblk1.genblk1.genblk1.genblk1.genblk1.genblk1.genblk1.lut0 (6 -> 4)
  Optimizing lut $abc$76505$auto$blifparse.cc:557:parse_blif$76808.genblk1.genblk1.genblk1.genblk1.genblk1.genblk1.genblk1.genblk1.genblk1.genblk1.lut1.genblk1.genblk1.genblk1.genblk1.genblk1.genblk1.genblk1.genblk1.genblk1.lut1 (6 -> 1)
  Optimizing lut $abc$76505$auto$blifparse.cc:557:parse_blif$76835.genblk1.genblk1.genblk1.genblk1.genblk1.genblk1.genblk1.genblk1.genblk1.lut0 (6 -> 4)
  Optimizing lut $abc$76505$auto$blifparse.cc:557:parse_blif$80735.genblk1.genblk1.genblk1.genblk1.genblk1.genblk1.genblk1.genblk1.genblk1.lut0 (6 -> 3)
  Optimizing lut $abc$76505$auto$blifparse.cc:557:parse_blif$76568.genblk1.genblk1.genblk1.genblk1.genblk1.genblk1.genblk1.genblk1.genblk1.lut1 (6 -> 0)
  Optimizing lut $abc$76505$auto$blifparse.cc:557:parse_blif$77408.genblk1.genblk1.genblk1.genblk1.genblk1.genblk1.genblk1.genblk1.genblk1.lut1 (6 -> 0)
  Optimizing lut $abc$76505$auto$blifparse.cc:557:parse_blif$78687.genblk1.genblk1.genblk1.genblk1.genblk1.genblk1.genblk1.genblk1.genblk1.lut0 (6 -> 0)
  Optimizing lut $abc$76505$auto$blifparse.cc:557:parse_blif$77425.genblk1.genblk1.genblk1.genblk1.genblk1.genblk1.genblk1.genblk1.genblk1.lut1 (6 -> 0)
  Optimizing lut $abc$76505$auto$blifparse.cc:557:parse_blif$76591.genblk1.genblk1.genblk1.genblk1.genblk1.genblk1.genblk1.genblk1.genblk1.lut1 (6 -> 4)
  Optimizing lut $abc$76505$auto$blifparse.cc:557:parse_blif$87374.genblk1.genblk1.genblk1.genblk1.genblk1.genblk1.genblk1.genblk1.genblk1.lut0 (6 -> 0)
  Optimizing lut $abc$76505$auto$blifparse.cc:557:parse_blif$87375.genblk1.genblk1.genblk1.genblk1.genblk1.genblk1.genblk1.genblk1.genblk1.genblk1.lut1.genblk1.genblk1.genblk1.genblk1.genblk1.genblk1.genblk1.genblk1.genblk1.lut1 (6 -> 0)
  Optimizing lut $abc$76505$auto$blifparse.cc:557:parse_blif$79946.genblk1.genblk1.genblk1.genblk1.genblk1.genblk1.genblk1.genblk1.genblk1.lut0 (6 -> 0)
  Optimizing lut $abc$76505$auto$blifparse.cc:557:parse_blif$76605.genblk1.genblk1.genblk1.genblk1.genblk1.genblk1.genblk1.genblk1.genblk1.lut1 (6 -> 0)
  Optimizing lut $abc$76505$auto$blifparse.cc:557:parse_blif$76833.genblk1.genblk1.genblk1.genblk1.genblk1.genblk1.genblk1.genblk1.genblk1.lut0 (6 -> 0)
  Optimizing lut $abc$76505$auto$blifparse.cc:557:parse_blif$79922.genblk1.genblk1.genblk1.genblk1.genblk1.genblk1.genblk1.genblk1.genblk1.lut0 (6 -> 0)
  Optimizing lut $abc$76505$auto$blifparse.cc:557:parse_blif$76627.genblk1.genblk1.genblk1.genblk1.genblk1.genblk1.genblk1.genblk1.genblk1.lut1 (6 -> 0)
  Optimizing lut $abc$76505$auto$blifparse.cc:557:parse_blif$76656.genblk1.genblk1.genblk1.genblk1.genblk1.genblk1.genblk1.genblk1.genblk1.genblk1.lut1.genblk1.genblk1.genblk1.genblk1.genblk1.genblk1.genblk1.genblk1.genblk1.lut1 (6 -> 1)
  Optimizing lut $abc$76505$auto$blifparse.cc:557:parse_blif$76640.genblk1.genblk1.genblk1.genblk1.genblk1.genblk1.genblk1.genblk1.genblk1.lut0 (6 -> 0)
  Optimizing lut $abc$76505$auto$blifparse.cc:557:parse_blif$76832.genblk1.genblk1.genblk1.genblk1.genblk1.genblk1.genblk1.genblk1.genblk1.lut0 (6 -> 4)
  Optimizing lut $abc$76505$auto$blifparse.cc:557:parse_blif$76656.genblk1.genblk1.genblk1.genblk1.genblk1.genblk1.genblk1.genblk1.genblk1.genblk1.lut0.genblk1.genblk1.genblk1.genblk1.genblk1.genblk1.genblk1.genblk1.genblk1.lut1 (6 -> 1)
  Optimizing lut $abc$76505$auto$blifparse.cc:557:parse_blif$76663.genblk1.genblk1.genblk1.genblk1.genblk1.genblk1.genblk1.genblk1.genblk1.lut0 (6 -> 0)
  Optimizing lut $abc$76505$auto$blifparse.cc:557:parse_blif$76802.genblk1.genblk1.genblk1.genblk1.genblk1.genblk1.genblk1.genblk1.genblk1.genblk1.lut0.genblk1.genblk1.genblk1.genblk1.genblk1.genblk1.genblk1.genblk1.genblk1.lut0 (6 -> 1)
  Optimizing lut $abc$76505$auto$blifparse.cc:557:parse_blif$76674.genblk1.genblk1.genblk1.genblk1.genblk1.genblk1.genblk1.genblk1.genblk1.lut0 (6 -> 0)
  Optimizing lut $abc$76505$auto$blifparse.cc:557:parse_blif$76682.genblk1.genblk1.genblk1.genblk1.genblk1.genblk1.genblk1.genblk1.genblk1.lut1 (6 -> 4)
  Optimizing lut $abc$76505$auto$blifparse.cc:557:parse_blif$76835.genblk1.genblk1.genblk1.genblk1.genblk1.genblk1.genblk1.genblk1.genblk1.lut1 (6 -> 4)
  Optimizing lut $abc$76505$auto$blifparse.cc:557:parse_blif$77044.genblk1.genblk1.genblk1.genblk1.genblk1.genblk1.genblk1.genblk1.genblk1.lut0 (6 -> 4)
  Optimizing lut $abc$76505$auto$blifparse.cc:557:parse_blif$76722.genblk1.genblk1.genblk1.genblk1.genblk1.genblk1.genblk1.genblk1.genblk1.genblk1.lut0.genblk1.genblk1.genblk1.genblk1.genblk1.genblk1.genblk1.genblk1.genblk1.lut1 (6 -> 1)
  Optimizing lut $abc$76505$auto$blifparse.cc:557:parse_blif$76731.genblk1.genblk1.genblk1.genblk1.genblk1.genblk1.genblk1.genblk1.genblk1.lut0 (6 -> 0)
  Optimizing lut $abc$76505$auto$blifparse.cc:557:parse_blif$76808.genblk1.genblk1.genblk1.genblk1.genblk1.genblk1.genblk1.genblk1.genblk1.genblk1.lut0.genblk1.genblk1.genblk1.genblk1.genblk1.genblk1.genblk1.genblk1.genblk1.lut0 (6 -> 1)
  Optimizing lut $abc$76505$auto$blifparse.cc:557:parse_blif$76750.genblk1.genblk1.genblk1.genblk1.genblk1.genblk1.genblk1.genblk1.genblk1.lut0 (6 -> 0)
  Optimizing lut $abc$76505$auto$blifparse.cc:557:parse_blif$76752.genblk1.genblk1.genblk1.genblk1.genblk1.genblk1.genblk1.genblk1.genblk1.lut1 (6 -> 3)
  Optimizing lut $abc$76505$auto$blifparse.cc:557:parse_blif$83508.genblk1.genblk1.genblk1.genblk1.genblk1.genblk1.genblk1.genblk1.genblk1.genblk1.lut1.genblk1.genblk1.genblk1.genblk1.genblk1.genblk1.genblk1.genblk1.genblk1.lut1 (6 -> 0)
  Optimizing lut $abc$76505$auto$blifparse.cc:557:parse_blif$83509.genblk1.genblk1.genblk1.genblk1.genblk1.genblk1.genblk1.genblk1.genblk1.genblk1.lut1.genblk1.genblk1.genblk1.genblk1.genblk1.genblk1.genblk1.genblk1.genblk1.lut1 (6 -> 0)
  Optimizing lut $abc$76505$auto$blifparse.cc:557:parse_blif$87240.genblk1.genblk1.genblk1.genblk1.genblk1.genblk1.genblk1.genblk1.genblk1.lut0 (6 -> 0)
  Optimizing lut $abc$76505$auto$blifparse.cc:557:parse_blif$87466.genblk1.genblk1.genblk1.genblk1.genblk1.genblk1.genblk1.genblk1.genblk1.lut0 (6 -> 0)
  Optimizing lut $abc$76505$auto$blifparse.cc:557:parse_blif$83339.genblk1.genblk1.genblk1.genblk1.genblk1.genblk1.genblk1.genblk1.genblk1.lut0 (6 -> 0)
  Optimizing lut $abc$76505$auto$blifparse.cc:557:parse_blif$76771.genblk1.genblk1.genblk1.genblk1.genblk1.genblk1.genblk1.genblk1.genblk1.lut0 (6 -> 0)
  Optimizing lut $abc$76505$auto$blifparse.cc:557:parse_blif$76775.genblk1.genblk1.genblk1.genblk1.genblk1.genblk1.genblk1.genblk1.genblk1.lut1 (6 -> 4)
  Optimizing lut $abc$76505$auto$blifparse.cc:557:parse_blif$76778.genblk1.genblk1.genblk1.genblk1.genblk1.genblk1.genblk1.genblk1.genblk1.genblk1.lut1.genblk1.genblk1.genblk1.genblk1.genblk1.genblk1.genblk1.genblk1.genblk1.lut1 (6 -> 2)
  Optimizing lut $abc$76505$auto$blifparse.cc:557:parse_blif$76778.genblk1.genblk1.genblk1.genblk1.genblk1.genblk1.genblk1.genblk1.genblk1.genblk1.lut0.genblk1.genblk1.genblk1.genblk1.genblk1.genblk1.genblk1.genblk1.genblk1.lut1 (6 -> 1)
  Optimizing lut $abc$76505$auto$blifparse.cc:557:parse_blif$76780.genblk1.genblk1.genblk1.genblk1.genblk1.genblk1.genblk1.genblk1.genblk1.lut1 (6 -> 4)
  Optimizing lut $abc$76505$auto$blifparse.cc:557:parse_blif$76785.genblk1.genblk1.genblk1.genblk1.genblk1.genblk1.genblk1.genblk1.genblk1.genblk1.lut0.genblk1.genblk1.genblk1.genblk1.genblk1.genblk1.genblk1.genblk1.genblk1.lut1 (6 -> 1)
  Optimizing lut $abc$76505$auto$blifparse.cc:557:parse_blif$76786.genblk1.genblk1.genblk1.genblk1.genblk1.genblk1.genblk1.genblk1.genblk1.lut1 (6 -> 4)
  Optimizing lut $abc$76505$auto$blifparse.cc:557:parse_blif$76789.genblk1.genblk1.genblk1.genblk1.genblk1.genblk1.genblk1.genblk1.genblk1.lut1 (6 -> 4)
  Optimizing lut $abc$76505$auto$blifparse.cc:557:parse_blif$76792.genblk1.genblk1.genblk1.genblk1.genblk1.genblk1.genblk1.genblk1.genblk1.genblk1.lut1.genblk1.genblk1.genblk1.genblk1.genblk1.genblk1.genblk1.genblk1.genblk1.lut1 (6 -> 1)
  Optimizing lut $abc$76505$auto$blifparse.cc:557:parse_blif$76792.genblk1.genblk1.genblk1.genblk1.genblk1.genblk1.genblk1.genblk1.genblk1.genblk1.lut0.genblk1.genblk1.genblk1.genblk1.genblk1.genblk1.genblk1.genblk1.genblk1.lut1 (6 -> 1)
  Optimizing lut $abc$76505$auto$blifparse.cc:557:parse_blif$76794.genblk1.genblk1.genblk1.genblk1.genblk1.genblk1.genblk1.genblk1.genblk1.lut1 (6 -> 4)
  Optimizing lut $abc$76505$auto$blifparse.cc:557:parse_blif$76796.genblk1.genblk1.genblk1.genblk1.genblk1.genblk1.genblk1.genblk1.genblk1.genblk1.lut0.genblk1.genblk1.genblk1.genblk1.genblk1.genblk1.genblk1.genblk1.genblk1.lut1 (6 -> 2)
  Optimizing lut $abc$76505$auto$blifparse.cc:557:parse_blif$76797.genblk1.genblk1.genblk1.genblk1.genblk1.genblk1.genblk1.genblk1.genblk1.lut1 (6 -> 4)
  Optimizing lut $abc$76505$auto$blifparse.cc:557:parse_blif$76800.genblk1.genblk1.genblk1.genblk1.genblk1.genblk1.genblk1.genblk1.genblk1.lut1 (6 -> 4)
  Optimizing lut $abc$76505$auto$blifparse.cc:557:parse_blif$76802.genblk1.genblk1.genblk1.genblk1.genblk1.genblk1.genblk1.genblk1.genblk1.genblk1.lut0.genblk1.genblk1.genblk1.genblk1.genblk1.genblk1.genblk1.genblk1.genblk1.lut1 (6 -> 1)
  Optimizing lut $abc$76505$auto$blifparse.cc:557:parse_blif$76656.genblk1.genblk1.genblk1.genblk1.genblk1.genblk1.genblk1.genblk1.genblk1.genblk1.lut1.genblk1.genblk1.genblk1.genblk1.genblk1.genblk1.genblk1.genblk1.genblk1.lut0 (6 -> 2)
  Optimizing lut $abc$76505$auto$blifparse.cc:557:parse_blif$77171.genblk1.genblk1.genblk1.genblk1.genblk1.genblk1.genblk1.genblk1.genblk1.lut1 (6 -> 0)
  Optimizing lut $abc$76505$auto$blifparse.cc:557:parse_blif$76808.genblk1.genblk1.genblk1.genblk1.genblk1.genblk1.genblk1.genblk1.genblk1.genblk1.lut0.genblk1.genblk1.genblk1.genblk1.genblk1.genblk1.genblk1.genblk1.genblk1.lut1 (6 -> 2)
  Optimizing lut $abc$76505$auto$blifparse.cc:557:parse_blif$76811.genblk1.genblk1.genblk1.genblk1.genblk1.genblk1.genblk1.genblk1.genblk1.lut1 (6 -> 4)
  Optimizing lut $abc$76505$auto$blifparse.cc:557:parse_blif$76778.genblk1.genblk1.genblk1.genblk1.genblk1.genblk1.genblk1.genblk1.genblk1.genblk1.lut1.genblk1.genblk1.genblk1.genblk1.genblk1.genblk1.genblk1.genblk1.genblk1.lut0 (6 -> 2)
  Optimizing lut $abc$76505$auto$blifparse.cc:557:parse_blif$76818.genblk1.genblk1.genblk1.genblk1.genblk1.genblk1.genblk1.genblk1.genblk1.lut1 (6 -> 4)
  Optimizing lut $abc$76505$auto$blifparse.cc:557:parse_blif$76792.genblk1.genblk1.genblk1.genblk1.genblk1.genblk1.genblk1.genblk1.genblk1.genblk1.lut1.genblk1.genblk1.genblk1.genblk1.genblk1.genblk1.genblk1.genblk1.genblk1.lut0 (6 -> 2)
  Optimizing lut $abc$76505$auto$blifparse.cc:557:parse_blif$76825.genblk1.genblk1.genblk1.genblk1.genblk1.genblk1.genblk1.genblk1.genblk1.lut1 (6 -> 4)
  Optimizing lut $abc$76505$auto$blifparse.cc:557:parse_blif$76654.genblk1.genblk1.genblk1.genblk1.genblk1.genblk1.genblk1.genblk1.genblk1.lut1 (6 -> 0)
  Optimizing lut $abc$76505$auto$blifparse.cc:557:parse_blif$76609.genblk1.genblk1.genblk1.genblk1.genblk1.genblk1.genblk1.genblk1.genblk1.lut1 (6 -> 0)
  Optimizing lut $abc$76505$auto$blifparse.cc:557:parse_blif$76611.genblk1.genblk1.genblk1.genblk1.genblk1.genblk1.genblk1.genblk1.genblk1.lut0 (6 -> 0)
  Optimizing lut $abc$76505$auto$blifparse.cc:557:parse_blif$76775.genblk1.genblk1.genblk1.genblk1.genblk1.genblk1.genblk1.genblk1.genblk1.lut0 (6 -> 4)
  Optimizing lut $abc$76505$auto$blifparse.cc:557:parse_blif$76776.genblk1.genblk1.genblk1.genblk1.genblk1.genblk1.genblk1.genblk1.genblk1.lut0 (6 -> 0)
  Optimizing lut $abc$76505$auto$blifparse.cc:557:parse_blif$76789.genblk1.genblk1.genblk1.genblk1.genblk1.genblk1.genblk1.genblk1.genblk1.lut0 (6 -> 4)
  Optimizing lut $abc$76505$auto$blifparse.cc:557:parse_blif$76790.genblk1.genblk1.genblk1.genblk1.genblk1.genblk1.genblk1.genblk1.genblk1.lut0 (6 -> 0)
  Optimizing lut $abc$76505$auto$blifparse.cc:557:parse_blif$76800.genblk1.genblk1.genblk1.genblk1.genblk1.genblk1.genblk1.genblk1.genblk1.lut0 (6 -> 4)
  Optimizing lut $abc$76505$auto$blifparse.cc:557:parse_blif$76801.genblk1.genblk1.genblk1.genblk1.genblk1.genblk1.genblk1.genblk1.genblk1.lut0 (6 -> 0)
  Optimizing lut $abc$76505$auto$blifparse.cc:557:parse_blif$76722.genblk1.genblk1.genblk1.genblk1.genblk1.genblk1.genblk1.genblk1.genblk1.genblk1.lut1.genblk1.genblk1.genblk1.genblk1.genblk1.genblk1.genblk1.genblk1.genblk1.lut1 (6 -> 2)
  Optimizing lut $abc$76505$auto$blifparse.cc:557:parse_blif$76785.genblk1.genblk1.genblk1.genblk1.genblk1.genblk1.genblk1.genblk1.genblk1.genblk1.lut1.genblk1.genblk1.genblk1.genblk1.genblk1.genblk1.genblk1.genblk1.genblk1.lut1 (6 -> 2)
  Optimizing lut $abc$76505$auto$blifparse.cc:557:parse_blif$76796.genblk1.genblk1.genblk1.genblk1.genblk1.genblk1.genblk1.genblk1.genblk1.genblk1.lut1.genblk1.genblk1.genblk1.genblk1.genblk1.genblk1.genblk1.genblk1.genblk1.lut1 (6 -> 1)
  Optimizing lut $abc$76505$auto$blifparse.cc:557:parse_blif$76807.genblk1.genblk1.genblk1.genblk1.genblk1.genblk1.genblk1.genblk1.genblk1.lut0 (6 -> 3)
  Optimizing lut $abc$76505$auto$blifparse.cc:557:parse_blif$76802.genblk1.genblk1.genblk1.genblk1.genblk1.genblk1.genblk1.genblk1.genblk1.genblk1.lut1.genblk1.genblk1.genblk1.genblk1.genblk1.genblk1.genblk1.genblk1.genblk1.lut1 (6 -> 2)
  Optimizing lut $abc$76505$auto$blifparse.cc:557:parse_blif$77044.genblk1.genblk1.genblk1.genblk1.genblk1.genblk1.genblk1.genblk1.genblk1.lut1 (6 -> 4)
  Optimizing lut $abc$76505$auto$blifparse.cc:557:parse_blif$77048.genblk1.genblk1.genblk1.genblk1.genblk1.genblk1.genblk1.genblk1.genblk1.lut0 (6 -> 0)
  Optimizing lut $abc$76505$auto$blifparse.cc:557:parse_blif$77242.genblk1.genblk1.genblk1.genblk1.genblk1.genblk1.genblk1.genblk1.genblk1.lut1 (6 -> 4)
  Optimizing lut $abc$76505$auto$blifparse.cc:557:parse_blif$77053.genblk1.genblk1.genblk1.genblk1.genblk1.genblk1.genblk1.genblk1.genblk1.lut1 (6 -> 0)
  Optimizing lut $abc$76505$auto$blifparse.cc:557:parse_blif$77057.genblk1.genblk1.genblk1.genblk1.genblk1.genblk1.genblk1.genblk1.genblk1.lut1 (6 -> 0)
  Optimizing lut $abc$76505$auto$blifparse.cc:557:parse_blif$77063.genblk1.genblk1.genblk1.genblk1.genblk1.genblk1.genblk1.genblk1.genblk1.lut1 (6 -> 4)
  Optimizing lut $abc$76505$auto$blifparse.cc:557:parse_blif$77241.genblk1.genblk1.genblk1.genblk1.genblk1.genblk1.genblk1.genblk1.genblk1.lut1 (6 -> 4)
  Optimizing lut $abc$76505$auto$blifparse.cc:557:parse_blif$77071.genblk1.genblk1.genblk1.genblk1.genblk1.genblk1.genblk1.genblk1.genblk1.lut1 (6 -> 0)
  Optimizing lut $abc$76505$auto$blifparse.cc:557:parse_blif$77075.genblk1.genblk1.genblk1.genblk1.genblk1.genblk1.genblk1.genblk1.genblk1.lut1 (6 -> 0)
  Optimizing lut $abc$76505$auto$blifparse.cc:557:parse_blif$77242.genblk1.genblk1.genblk1.genblk1.genblk1.genblk1.genblk1.genblk1.genblk1.lut0 (6 -> 4)
  Optimizing lut $abc$76505$auto$blifparse.cc:557:parse_blif$77084.genblk1.genblk1.genblk1.genblk1.genblk1.genblk1.genblk1.genblk1.genblk1.lut1 (6 -> 0)
  Optimizing lut $abc$76505$auto$blifparse.cc:557:parse_blif$77088.genblk1.genblk1.genblk1.genblk1.genblk1.genblk1.genblk1.genblk1.genblk1.lut1 (6 -> 0)
  Optimizing lut $abc$76505$auto$blifparse.cc:557:parse_blif$77094.genblk1.genblk1.genblk1.genblk1.genblk1.genblk1.genblk1.genblk1.genblk1.lut1 (6 -> 0)
  Optimizing lut $abc$76505$auto$blifparse.cc:557:parse_blif$77227.genblk1.genblk1.genblk1.genblk1.genblk1.genblk1.genblk1.genblk1.genblk1.lut0 (6 -> 0)
  Optimizing lut $abc$76505$auto$blifparse.cc:557:parse_blif$77098.genblk1.genblk1.genblk1.genblk1.genblk1.genblk1.genblk1.genblk1.genblk1.lut1 (6 -> 0)
  Optimizing lut $abc$76505$auto$blifparse.cc:557:parse_blif$77108.genblk1.genblk1.genblk1.genblk1.genblk1.genblk1.genblk1.genblk1.genblk1.lut1 (6 -> 0)
  Optimizing lut $abc$76505$auto$blifparse.cc:557:parse_blif$77241.genblk1.genblk1.genblk1.genblk1.genblk1.genblk1.genblk1.genblk1.genblk1.lut0 (6 -> 4)
  Optimizing lut $abc$76505$auto$blifparse.cc:557:parse_blif$77153.genblk1.genblk1.genblk1.genblk1.genblk1.genblk1.genblk1.genblk1.genblk1.lut1 (6 -> 0)
  Optimizing lut $abc$76505$auto$blifparse.cc:557:parse_blif$77123.genblk1.genblk1.genblk1.genblk1.genblk1.genblk1.genblk1.genblk1.genblk1.lut1 (6 -> 0)
  Optimizing lut $abc$76505$auto$blifparse.cc:557:parse_blif$77127.genblk1.genblk1.genblk1.genblk1.genblk1.genblk1.genblk1.genblk1.genblk1.lut1 (6 -> 0)
  Optimizing lut $abc$76505$auto$blifparse.cc:557:parse_blif$77131.genblk1.genblk1.genblk1.genblk1.genblk1.genblk1.genblk1.genblk1.genblk1.lut1 (6 -> 0)
  Optimizing lut $abc$76505$auto$blifparse.cc:557:parse_blif$77061.genblk1.genblk1.genblk1.genblk1.genblk1.genblk1.genblk1.genblk1.genblk1.lut1 (6 -> 0)
  Optimizing lut $abc$76505$auto$blifparse.cc:557:parse_blif$77140.genblk1.genblk1.genblk1.genblk1.genblk1.genblk1.genblk1.genblk1.genblk1.lut1 (6 -> 0)
  Optimizing lut $abc$76505$auto$blifparse.cc:557:parse_blif$77144.genblk1.genblk1.genblk1.genblk1.genblk1.genblk1.genblk1.genblk1.genblk1.lut1 (6 -> 0)
  Optimizing lut $abc$76505$auto$blifparse.cc:557:parse_blif$77189.genblk1.genblk1.genblk1.genblk1.genblk1.genblk1.genblk1.genblk1.genblk1.lut1 (6 -> 0)
  Optimizing lut $abc$76505$auto$blifparse.cc:557:parse_blif$77158.genblk1.genblk1.genblk1.genblk1.genblk1.genblk1.genblk1.genblk1.genblk1.lut1 (6 -> 0)
  Optimizing lut $abc$76505$auto$blifparse.cc:557:parse_blif$77162.genblk1.genblk1.genblk1.genblk1.genblk1.genblk1.genblk1.genblk1.genblk1.lut1 (6 -> 0)
  Optimizing lut $abc$76505$auto$blifparse.cc:557:parse_blif$77135.genblk1.genblk1.genblk1.genblk1.genblk1.genblk1.genblk1.genblk1.genblk1.lut1 (6 -> 0)
  Optimizing lut $abc$76505$auto$blifparse.cc:557:parse_blif$77176.genblk1.genblk1.genblk1.genblk1.genblk1.genblk1.genblk1.genblk1.genblk1.lut1 (6 -> 0)
  Optimizing lut $abc$76505$auto$blifparse.cc:557:parse_blif$77180.genblk1.genblk1.genblk1.genblk1.genblk1.genblk1.genblk1.genblk1.genblk1.lut1 (6 -> 0)
  Optimizing lut $abc$76505$auto$blifparse.cc:557:parse_blif$77186.genblk1.genblk1.genblk1.genblk1.genblk1.genblk1.genblk1.genblk1.genblk1.lut1 (6 -> 0)
  Optimizing lut $abc$76505$auto$blifparse.cc:557:parse_blif$77193.genblk1.genblk1.genblk1.genblk1.genblk1.genblk1.genblk1.genblk1.genblk1.lut1 (6 -> 4)
  Optimizing lut $abc$76505$auto$blifparse.cc:557:parse_blif$77194.genblk1.genblk1.genblk1.genblk1.genblk1.genblk1.genblk1.genblk1.genblk1.lut1 (6 -> 4)
  Optimizing lut $abc$76505$auto$blifparse.cc:557:parse_blif$77232.genblk1.genblk1.genblk1.genblk1.genblk1.genblk1.genblk1.genblk1.genblk1.lut0 (6 -> 0)
  Optimizing lut $abc$76505$auto$blifparse.cc:557:parse_blif$77204.genblk1.genblk1.genblk1.genblk1.genblk1.genblk1.genblk1.genblk1.genblk1.lut1 (6 -> 4)
  Optimizing lut $abc$76505$auto$blifparse.cc:557:parse_blif$77205.genblk1.genblk1.genblk1.genblk1.genblk1.genblk1.genblk1.genblk1.genblk1.lut1 (6 -> 4)
  Optimizing lut $abc$76505$auto$blifparse.cc:557:parse_blif$77237.genblk1.genblk1.genblk1.genblk1.genblk1.genblk1.genblk1.genblk1.genblk1.lut0 (6 -> 0)
  Optimizing lut $abc$76505$auto$blifparse.cc:557:parse_blif$77117.genblk1.genblk1.genblk1.genblk1.genblk1.genblk1.genblk1.genblk1.genblk1.lut1 (6 -> 0)
  Optimizing lut $abc$76505$auto$blifparse.cc:557:parse_blif$77079.genblk1.genblk1.genblk1.genblk1.genblk1.genblk1.genblk1.genblk1.genblk1.lut1 (6 -> 0)
  Optimizing lut $abc$76505$auto$blifparse.cc:557:parse_blif$77063.genblk1.genblk1.genblk1.genblk1.genblk1.genblk1.genblk1.genblk1.genblk1.lut0 (6 -> 4)
  Optimizing lut $abc$76505$auto$blifparse.cc:557:parse_blif$77194.genblk1.genblk1.genblk1.genblk1.genblk1.genblk1.genblk1.genblk1.genblk1.lut0 (6 -> 4)
  Optimizing lut $abc$76505$auto$blifparse.cc:557:parse_blif$77205.genblk1.genblk1.genblk1.genblk1.genblk1.genblk1.genblk1.genblk1.genblk1.lut0 (6 -> 4)
  Optimizing lut $abc$76505$auto$blifparse.cc:557:parse_blif$77216.genblk1.genblk1.genblk1.genblk1.genblk1.genblk1.genblk1.genblk1.genblk1.lut0 (6 -> 0)
  Optimizing lut $abc$76505$auto$blifparse.cc:557:parse_blif$77285.genblk1.genblk1.genblk1.genblk1.genblk1.genblk1.genblk1.genblk1.genblk1.genblk1.lut0.genblk1.genblk1.genblk1.genblk1.genblk1.genblk1.genblk1.genblk1.genblk1.lut1 (6 -> 1)
  Optimizing lut $abc$76505$auto$blifparse.cc:557:parse_blif$77288.genblk1.genblk1.genblk1.genblk1.genblk1.genblk1.genblk1.genblk1.genblk1.lut0 (6 -> 0)
  Optimizing lut $abc$76505$auto$blifparse.cc:557:parse_blif$77285.genblk1.genblk1.genblk1.genblk1.genblk1.genblk1.genblk1.genblk1.genblk1.genblk1.lut0.genblk1.genblk1.genblk1.genblk1.genblk1.genblk1.genblk1.genblk1.genblk1.lut0 (6 -> 2)
  Optimizing lut $abc$76505$auto$blifparse.cc:557:parse_blif$77293.genblk1.genblk1.genblk1.genblk1.genblk1.genblk1.genblk1.genblk1.genblk1.genblk1.lut1.genblk1.genblk1.genblk1.genblk1.genblk1.genblk1.genblk1.genblk1.genblk1.lut1 (6 -> 0)
  Optimizing lut $abc$76505$auto$blifparse.cc:557:parse_blif$77293.genblk1.genblk1.genblk1.genblk1.genblk1.genblk1.genblk1.genblk1.genblk1.genblk1.lut0.genblk1.genblk1.genblk1.genblk1.genblk1.genblk1.genblk1.genblk1.genblk1.lut1 (6 -> 0)
  Optimizing lut $abc$76505$auto$blifparse.cc:557:parse_blif$80854.genblk1.genblk1.genblk1.genblk1.genblk1.genblk1.genblk1.genblk1.genblk1.lut0 (6 -> 0)
  Optimizing lut $abc$76505$auto$blifparse.cc:557:parse_blif$77304.genblk1.genblk1.genblk1.genblk1.genblk1.genblk1.genblk1.genblk1.genblk1.genblk1.lut1.genblk1.genblk1.genblk1.genblk1.genblk1.genblk1.genblk1.genblk1.genblk1.lut1 (6 -> 0)
  Optimizing lut $abc$76505$auto$blifparse.cc:557:parse_blif$77304.genblk1.genblk1.genblk1.genblk1.genblk1.genblk1.genblk1.genblk1.genblk1.genblk1.lut0.genblk1.genblk1.genblk1.genblk1.genblk1.genblk1.genblk1.genblk1.genblk1.lut1 (6 -> 0)
  Optimizing lut $abc$76505$auto$blifparse.cc:557:parse_blif$77307.genblk1.genblk1.genblk1.genblk1.genblk1.genblk1.genblk1.genblk1.genblk1.genblk1.lut1.genblk1.genblk1.genblk1.genblk1.genblk1.genblk1.genblk1.genblk1.genblk1.lut1 (6 -> 0)
  Optimizing lut $abc$76505$auto$blifparse.cc:557:parse_blif$77307.genblk1.genblk1.genblk1.genblk1.genblk1.genblk1.genblk1.genblk1.genblk1.genblk1.lut0.genblk1.genblk1.genblk1.genblk1.genblk1.genblk1.genblk1.genblk1.genblk1.lut1 (6 -> 0)
  Optimizing lut $abc$76505$auto$blifparse.cc:557:parse_blif$77317.genblk1.genblk1.genblk1.genblk1.genblk1.genblk1.genblk1.genblk1.genblk1.lut0 (6 -> 0)
  Optimizing lut $abc$76505$auto$blifparse.cc:557:parse_blif$77494.genblk1.genblk1.genblk1.genblk1.genblk1.genblk1.genblk1.genblk1.genblk1.lut1 (6 -> 4)
  Optimizing lut $abc$76505$auto$blifparse.cc:557:parse_blif$77343.genblk1.genblk1.genblk1.genblk1.genblk1.genblk1.genblk1.genblk1.genblk1.lut0 (6 -> 0)
  Optimizing lut $abc$76505$auto$blifparse.cc:557:parse_blif$77308.genblk1.genblk1.genblk1.genblk1.genblk1.genblk1.genblk1.genblk1.genblk1.lut1 (6 -> 0)
  Optimizing lut $abc$76505$auto$blifparse.cc:557:parse_blif$77346.genblk1.genblk1.genblk1.genblk1.genblk1.genblk1.genblk1.genblk1.genblk1.genblk1.lut0.genblk1.genblk1.genblk1.genblk1.genblk1.genblk1.genblk1.genblk1.genblk1.lut1 (6 -> 0)
  Optimizing lut $abc$76505$auto$blifparse.cc:557:parse_blif$80792.genblk1.genblk1.genblk1.genblk1.genblk1.genblk1.genblk1.genblk1.genblk1.lut0 (6 -> 0)
  Optimizing lut $abc$76505$auto$blifparse.cc:557:parse_blif$77372.genblk1.genblk1.genblk1.genblk1.genblk1.genblk1.genblk1.genblk1.genblk1.genblk1.lut1.genblk1.genblk1.genblk1.genblk1.genblk1.genblk1.genblk1.genblk1.genblk1.lut1 (6 -> 0)
  Optimizing lut $abc$76505$auto$blifparse.cc:557:parse_blif$77372.genblk1.genblk1.genblk1.genblk1.genblk1.genblk1.genblk1.genblk1.genblk1.genblk1.lut0.genblk1.genblk1.genblk1.genblk1.genblk1.genblk1.genblk1.genblk1.genblk1.lut1 (6 -> 0)
  Optimizing lut $abc$76505$auto$blifparse.cc:557:parse_blif$77375.genblk1.genblk1.genblk1.genblk1.genblk1.genblk1.genblk1.genblk1.genblk1.genblk1.lut1.genblk1.genblk1.genblk1.genblk1.genblk1.genblk1.genblk1.genblk1.genblk1.lut1 (6 -> 0)
  Optimizing lut $abc$76505$auto$blifparse.cc:557:parse_blif$77375.genblk1.genblk1.genblk1.genblk1.genblk1.genblk1.genblk1.genblk1.genblk1.genblk1.lut0.genblk1.genblk1.genblk1.genblk1.genblk1.genblk1.genblk1.genblk1.genblk1.lut1 (6 -> 0)
  Optimizing lut $abc$76505$auto$blifparse.cc:557:parse_blif$77494.genblk1.genblk1.genblk1.genblk1.genblk1.genblk1.genblk1.genblk1.genblk1.lut0 (6 -> 4)
  Optimizing lut $abc$76505$auto$blifparse.cc:557:parse_blif$84325.genblk1.genblk1.genblk1.genblk1.genblk1.genblk1.genblk1.genblk1.genblk1.lut0 (6 -> 0)
  Optimizing lut $abc$76505$auto$blifparse.cc:557:parse_blif$76544.genblk1.genblk1.genblk1.genblk1.genblk1.genblk1.genblk1.genblk1.genblk1.lut0 (6 -> 0)
  Optimizing lut $abc$76505$auto$blifparse.cc:557:parse_blif$76561.genblk1.genblk1.genblk1.genblk1.genblk1.genblk1.genblk1.genblk1.genblk1.lut1 (6 -> 0)
  Optimizing lut $abc$76505$auto$blifparse.cc:557:parse_blif$77419.genblk1.genblk1.genblk1.genblk1.genblk1.genblk1.genblk1.genblk1.genblk1.lut0 (6 -> 0)
  Optimizing lut $abc$76505$auto$blifparse.cc:557:parse_blif$77415.genblk1.genblk1.genblk1.genblk1.genblk1.genblk1.genblk1.genblk1.genblk1.lut1 (6 -> 0)
  Optimizing lut $abc$76505$auto$blifparse.cc:557:parse_blif$77424.genblk1.genblk1.genblk1.genblk1.genblk1.genblk1.genblk1.genblk1.genblk1.genblk1.lut1.genblk1.genblk1.genblk1.genblk1.genblk1.genblk1.genblk1.genblk1.genblk1.lut1 (6 -> 0)
  Optimizing lut $abc$76505$auto$blifparse.cc:557:parse_blif$77424.genblk1.genblk1.genblk1.genblk1.genblk1.genblk1.genblk1.genblk1.genblk1.genblk1.lut0.genblk1.genblk1.genblk1.genblk1.genblk1.genblk1.genblk1.genblk1.genblk1.lut1 (6 -> 0)
  Optimizing lut $abc$76505$auto$blifparse.cc:557:parse_blif$76580.genblk1.genblk1.genblk1.genblk1.genblk1.genblk1.genblk1.genblk1.genblk1.lut1 (6 -> 0)
  Optimizing lut $abc$76505$auto$blifparse.cc:557:parse_blif$77442.genblk1.genblk1.genblk1.genblk1.genblk1.genblk1.genblk1.genblk1.genblk1.genblk1.lut1.genblk1.genblk1.genblk1.genblk1.genblk1.genblk1.genblk1.genblk1.genblk1.lut1 (6 -> 2)
  Optimizing lut $abc$76505$auto$blifparse.cc:557:parse_blif$77471.genblk1.genblk1.genblk1.genblk1.genblk1.genblk1.genblk1.genblk1.genblk1.genblk1.lut1.genblk1.genblk1.genblk1.genblk1.genblk1.genblk1.genblk1.genblk1.genblk1.lut1 (6 -> 1)
  Optimizing lut $abc$76505$auto$blifparse.cc:557:parse_blif$77442.genblk1.genblk1.genblk1.genblk1.genblk1.genblk1.genblk1.genblk1.genblk1.genblk1.lut0.genblk1.genblk1.genblk1.genblk1.genblk1.genblk1.genblk1.genblk1.genblk1.lut1 (6 -> 1)
  Optimizing lut $abc$76505$auto$blifparse.cc:557:parse_blif$77458.genblk1.genblk1.genblk1.genblk1.genblk1.genblk1.genblk1.genblk1.genblk1.genblk1.lut0.genblk1.genblk1.genblk1.genblk1.genblk1.genblk1.genblk1.genblk1.genblk1.lut1 (6 -> 1)
  Optimizing lut $abc$76505$auto$blifparse.cc:557:parse_blif$77443.genblk1.genblk1.genblk1.genblk1.genblk1.genblk1.genblk1.genblk1.genblk1.lut0 (6 -> 0)
  Optimizing lut $abc$76505$auto$blifparse.cc:557:parse_blif$77471.genblk1.genblk1.genblk1.genblk1.genblk1.genblk1.genblk1.genblk1.genblk1.genblk1.lut0.genblk1.genblk1.genblk1.genblk1.genblk1.genblk1.genblk1.genblk1.genblk1.lut1 (6 -> 1)
  Optimizing lut $abc$76505$auto$blifparse.cc:557:parse_blif$78532.genblk1.genblk1.genblk1.genblk1.genblk1.genblk1.genblk1.genblk1.genblk1.lut1 (6 -> 0)
  Optimizing lut $abc$76505$auto$blifparse.cc:557:parse_blif$77375.genblk1.genblk1.genblk1.genblk1.genblk1.genblk1.genblk1.genblk1.genblk1.genblk1.lut0.genblk1.genblk1.genblk1.genblk1.genblk1.genblk1.genblk1.genblk1.genblk1.lut0 (6 -> 0)
  Optimizing lut $abc$76505$auto$blifparse.cc:557:parse_blif$77499.genblk1.genblk1.genblk1.genblk1.genblk1.genblk1.genblk1.genblk1.genblk1.lut1 (6 -> 4)
  Optimizing lut $abc$76505$auto$blifparse.cc:557:parse_blif$77516.genblk1.genblk1.genblk1.genblk1.genblk1.genblk1.genblk1.genblk1.genblk1.lut1 (6 -> 4)
  Optimizing lut $abc$76505$auto$blifparse.cc:557:parse_blif$77458.genblk1.genblk1.genblk1.genblk1.genblk1.genblk1.genblk1.genblk1.genblk1.genblk1.lut1.genblk1.genblk1.genblk1.genblk1.genblk1.genblk1.genblk1.genblk1.genblk1.lut1 (6 -> 2)
  Optimizing lut $abc$76505$auto$blifparse.cc:557:parse_blif$77527.genblk1.genblk1.genblk1.genblk1.genblk1.genblk1.genblk1.genblk1.genblk1.lut1 (6 -> 4)
  Optimizing lut $abc$76505$auto$blifparse.cc:557:parse_blif$77285.genblk1.genblk1.genblk1.genblk1.genblk1.genblk1.genblk1.genblk1.genblk1.genblk1.lut1.genblk1.genblk1.genblk1.genblk1.genblk1.genblk1.genblk1.genblk1.genblk1.lut1 (6 -> 1)
  Optimizing lut $abc$76505$auto$blifparse.cc:557:parse_blif$77472.genblk1.genblk1.genblk1.genblk1.genblk1.genblk1.genblk1.genblk1.genblk1.lut0 (6 -> 0)
  Optimizing lut $abc$76505$auto$blifparse.cc:557:parse_blif$77314.genblk1.genblk1.genblk1.genblk1.genblk1.genblk1.genblk1.genblk1.genblk1.lut0 (6 -> 0)
  Optimizing lut $abc$76505$auto$blifparse.cc:557:parse_blif$77442.genblk1.genblk1.genblk1.genblk1.genblk1.genblk1.genblk1.genblk1.genblk1.genblk1.lut1.genblk1.genblk1.genblk1.genblk1.genblk1.genblk1.genblk1.genblk1.genblk1.lut0 (6 -> 2)
  Optimizing lut $abc$76505$auto$blifparse.cc:557:parse_blif$77458.genblk1.genblk1.genblk1.genblk1.genblk1.genblk1.genblk1.genblk1.genblk1.genblk1.lut1.genblk1.genblk1.genblk1.genblk1.genblk1.genblk1.genblk1.genblk1.genblk1.lut0 (6 -> 2)
  Optimizing lut $abc$76505$auto$blifparse.cc:557:parse_blif$77748.genblk1.genblk1.genblk1.genblk1.genblk1.genblk1.genblk1.genblk1.genblk1.lut1 (6 -> 4)
  Optimizing lut $abc$76505$auto$blifparse.cc:557:parse_blif$78987.genblk1.genblk1.genblk1.genblk1.genblk1.genblk1.genblk1.genblk1.genblk1.lut0 (6 -> 0)
  Optimizing lut $abc$76505$auto$blifparse.cc:557:parse_blif$77629.genblk1.genblk1.genblk1.genblk1.genblk1.genblk1.genblk1.genblk1.genblk1.lut1 (6 -> 4)
  Optimizing lut $abc$76505$auto$blifparse.cc:557:parse_blif$87370.genblk1.genblk1.genblk1.genblk1.genblk1.genblk1.genblk1.genblk1.genblk1.lut0 (6 -> 0)
  Optimizing lut $abc$76505$auto$blifparse.cc:557:parse_blif$87471.genblk1.genblk1.genblk1.genblk1.genblk1.genblk1.genblk1.genblk1.genblk1.lut0 (6 -> 0)
  Optimizing lut $abc$76505$auto$blifparse.cc:557:parse_blif$82875.genblk1.genblk1.genblk1.genblk1.genblk1.genblk1.genblk1.genblk1.genblk1.lut0 (6 -> 0)
  Optimizing lut $abc$76505$auto$blifparse.cc:557:parse_blif$78952.genblk1.genblk1.genblk1.genblk1.genblk1.genblk1.genblk1.genblk1.genblk1.lut0 (6 -> 0)
  Optimizing lut $abc$76505$auto$blifparse.cc:557:parse_blif$78986.genblk1.genblk1.genblk1.genblk1.genblk1.genblk1.genblk1.genblk1.genblk1.lut0 (6 -> 4)
  Optimizing lut $abc$76505$auto$blifparse.cc:557:parse_blif$78951.genblk1.genblk1.genblk1.genblk1.genblk1.genblk1.genblk1.genblk1.genblk1.lut0 (6 -> 4)
  Optimizing lut $abc$76505$auto$blifparse.cc:557:parse_blif$87368.genblk1.genblk1.genblk1.genblk1.genblk1.genblk1.genblk1.genblk1.genblk1.lut0 (6 -> 0)
  Optimizing lut $abc$76505$auto$blifparse.cc:557:parse_blif$77729.genblk1.genblk1.genblk1.genblk1.genblk1.genblk1.genblk1.genblk1.genblk1.lut0 (6 -> 0)
  Optimizing lut $abc$76505$auto$blifparse.cc:557:parse_blif$78983.genblk1.genblk1.genblk1.genblk1.genblk1.genblk1.genblk1.genblk1.genblk1.lut0 (6 -> 0)
  Optimizing lut $abc$76505$auto$blifparse.cc:557:parse_blif$79909.genblk1.genblk1.genblk1.genblk1.genblk1.genblk1.genblk1.genblk1.genblk1.lut1 (6 -> 3)
  Optimizing lut $abc$76505$auto$blifparse.cc:557:parse_blif$78984.genblk1.genblk1.genblk1.genblk1.genblk1.genblk1.genblk1.genblk1.genblk1.lut0 (6 -> 4)
  Optimizing lut $abc$76505$auto$blifparse.cc:557:parse_blif$87384.genblk1.genblk1.genblk1.genblk1.genblk1.genblk1.genblk1.genblk1.genblk1.genblk1.lut1.genblk1.genblk1.genblk1.genblk1.genblk1.genblk1.genblk1.genblk1.genblk1.lut1 (6 -> 0)
  Optimizing lut $abc$76505$auto$blifparse.cc:557:parse_blif$78947.genblk1.genblk1.genblk1.genblk1.genblk1.genblk1.genblk1.genblk1.genblk1.lut0 (6 -> 4)
  Optimizing lut $abc$76505$auto$blifparse.cc:557:parse_blif$88466.genblk1.genblk1.genblk1.genblk1.genblk1.genblk1.genblk1.genblk1.genblk1.lut0 (6 -> 5)
  Optimizing lut $abc$76505$auto$blifparse.cc:557:parse_blif$78715.genblk1.genblk1.genblk1.genblk1.genblk1.genblk1.genblk1.genblk1.genblk1.lut0 (6 -> 0)
  Optimizing lut $abc$76505$auto$blifparse.cc:557:parse_blif$78946.genblk1.genblk1.genblk1.genblk1.genblk1.genblk1.genblk1.genblk1.genblk1.lut0 (6 -> 0)
  Optimizing lut $abc$76505$auto$blifparse.cc:557:parse_blif$77784.genblk1.genblk1.genblk1.genblk1.genblk1.genblk1.genblk1.genblk1.genblk1.lut0 (6 -> 0)
  Optimizing lut $abc$76505$auto$blifparse.cc:557:parse_blif$82911.genblk1.genblk1.genblk1.genblk1.genblk1.genblk1.genblk1.genblk1.genblk1.genblk1.lut0.genblk1.genblk1.genblk1.genblk1.genblk1.genblk1.genblk1.genblk1.genblk1.lut0 (6 -> 0)
  Optimizing lut $abc$76505$auto$blifparse.cc:557:parse_blif$77629.genblk1.genblk1.genblk1.genblk1.genblk1.genblk1.genblk1.genblk1.genblk1.lut0 (6 -> 4)
  Optimizing lut $abc$76505$auto$blifparse.cc:557:parse_blif$77796.genblk1.genblk1.genblk1.genblk1.genblk1.genblk1.genblk1.genblk1.genblk1.lut0 (6 -> 4)
  Optimizing lut $abc$76505$auto$blifparse.cc:557:parse_blif$78935.genblk1.genblk1.genblk1.genblk1.genblk1.genblk1.genblk1.genblk1.genblk1.lut0 (6 -> 0)
  Optimizing lut $abc$76505$auto$blifparse.cc:557:parse_blif$77804.genblk1.genblk1.genblk1.genblk1.genblk1.genblk1.genblk1.genblk1.genblk1.lut0 (6 -> 0)
  Optimizing lut $abc$76505$auto$blifparse.cc:557:parse_blif$77796.genblk1.genblk1.genblk1.genblk1.genblk1.genblk1.genblk1.genblk1.genblk1.lut1 (6 -> 4)
  Optimizing lut $abc$76505$auto$blifparse.cc:557:parse_blif$77810.genblk1.genblk1.genblk1.genblk1.genblk1.genblk1.genblk1.genblk1.genblk1.lut0 (6 -> 4)
  Optimizing lut $abc$76505$auto$blifparse.cc:557:parse_blif$77810.genblk1.genblk1.genblk1.genblk1.genblk1.genblk1.genblk1.genblk1.genblk1.lut1 (6 -> 4)
  Optimizing lut $abc$76505$auto$blifparse.cc:557:parse_blif$77816.genblk1.genblk1.genblk1.genblk1.genblk1.genblk1.genblk1.genblk1.genblk1.lut1 (6 -> 4)
  Optimizing lut $abc$76505$auto$blifparse.cc:557:parse_blif$80261.genblk1.genblk1.genblk1.genblk1.genblk1.genblk1.genblk1.genblk1.genblk1.lut0 (6 -> 0)
  Optimizing lut $abc$76505$auto$blifparse.cc:557:parse_blif$80339.genblk1.genblk1.genblk1.genblk1.genblk1.genblk1.genblk1.genblk1.genblk1.lut0 (6 -> 0)
  Optimizing lut $abc$76505$auto$blifparse.cc:557:parse_blif$77844.genblk1.genblk1.genblk1.genblk1.genblk1.genblk1.genblk1.genblk1.genblk1.genblk1.lut0.genblk1.genblk1.genblk1.genblk1.genblk1.genblk1.genblk1.genblk1.genblk1.lut1 (6 -> 0)
  Optimizing lut $abc$76505$auto$blifparse.cc:557:parse_blif$80074.genblk1.genblk1.genblk1.genblk1.genblk1.genblk1.genblk1.genblk1.genblk1.lut0 (6 -> 0)
  Optimizing lut $abc$76505$auto$blifparse.cc:557:parse_blif$77875.genblk1.genblk1.genblk1.genblk1.genblk1.genblk1.genblk1.genblk1.genblk1.lut1 (6 -> 0)
  Optimizing lut $abc$76505$auto$blifparse.cc:557:parse_blif$78057.genblk1.genblk1.genblk1.genblk1.genblk1.genblk1.genblk1.genblk1.genblk1.lut0 (6 -> 4)
  Optimizing lut $abc$76505$auto$blifparse.cc:557:parse_blif$78046.genblk1.genblk1.genblk1.genblk1.genblk1.genblk1.genblk1.genblk1.genblk1.lut0 (6 -> 0)
  Optimizing lut $abc$76505$auto$blifparse.cc:557:parse_blif$78343.genblk1.genblk1.genblk1.genblk1.genblk1.genblk1.genblk1.genblk1.genblk1.lut0 (6 -> 4)
  Optimizing lut $abc$76505$auto$blifparse.cc:557:parse_blif$77905.genblk1.genblk1.genblk1.genblk1.genblk1.genblk1.genblk1.genblk1.genblk1.lut0 (6 -> 0)
  Optimizing lut $abc$76505$auto$blifparse.cc:557:parse_blif$80305.genblk1.genblk1.genblk1.genblk1.genblk1.genblk1.genblk1.genblk1.genblk1.lut0 (6 -> 0)
  Optimizing lut $abc$76505$auto$blifparse.cc:557:parse_blif$80259.genblk1.genblk1.genblk1.genblk1.genblk1.genblk1.genblk1.genblk1.genblk1.lut0 (6 -> 0)
  Optimizing lut $abc$76505$auto$blifparse.cc:557:parse_blif$80377.genblk1.genblk1.genblk1.genblk1.genblk1.genblk1.genblk1.genblk1.genblk1.lut0 (6 -> 0)
  Optimizing lut $abc$76505$auto$blifparse.cc:557:parse_blif$77963.genblk1.genblk1.genblk1.genblk1.genblk1.genblk1.genblk1.genblk1.genblk1.lut1 (6 -> 0)
  Optimizing lut $abc$76505$auto$blifparse.cc:557:parse_blif$77968.genblk1.genblk1.genblk1.genblk1.genblk1.genblk1.genblk1.genblk1.genblk1.lut1 (6 -> 0)
  Optimizing lut $abc$76505$auto$blifparse.cc:557:parse_blif$78003.genblk1.genblk1.genblk1.genblk1.genblk1.genblk1.genblk1.genblk1.genblk1.lut1 (6 -> 4)
  Optimizing lut $abc$76505$auto$blifparse.cc:557:parse_blif$78051.genblk1.genblk1.genblk1.genblk1.genblk1.genblk1.genblk1.genblk1.genblk1.lut0 (6 -> 0)
  Optimizing lut $abc$76505$auto$blifparse.cc:557:parse_blif$77888.genblk1.genblk1.genblk1.genblk1.genblk1.genblk1.genblk1.genblk1.genblk1.lut0 (6 -> 0)
  Optimizing lut $abc$76505$auto$blifparse.cc:557:parse_blif$78017.genblk1.genblk1.genblk1.genblk1.genblk1.genblk1.genblk1.genblk1.genblk1.lut1 (6 -> 4)
  Optimizing lut $abc$76505$auto$blifparse.cc:557:parse_blif$77878.genblk1.genblk1.genblk1.genblk1.genblk1.genblk1.genblk1.genblk1.genblk1.lut1 (6 -> 0)
  Optimizing lut $abc$76505$auto$blifparse.cc:557:parse_blif$78003.genblk1.genblk1.genblk1.genblk1.genblk1.genblk1.genblk1.genblk1.genblk1.lut0 (6 -> 4)
  Optimizing lut $abc$76505$auto$blifparse.cc:557:parse_blif$78017.genblk1.genblk1.genblk1.genblk1.genblk1.genblk1.genblk1.genblk1.genblk1.lut0 (6 -> 4)
  Optimizing lut $abc$76505$auto$blifparse.cc:557:parse_blif$78030.genblk1.genblk1.genblk1.genblk1.genblk1.genblk1.genblk1.genblk1.genblk1.lut0 (6 -> 0)
  Optimizing lut $abc$76505$auto$blifparse.cc:557:parse_blif$78041.genblk1.genblk1.genblk1.genblk1.genblk1.genblk1.genblk1.genblk1.genblk1.lut0 (6 -> 0)
  Optimizing lut $abc$76505$auto$blifparse.cc:557:parse_blif$88005.genblk1.genblk1.genblk1.genblk1.genblk1.genblk1.genblk1.genblk1.genblk1.lut0 (6 -> 0)
  Optimizing lut $abc$76505$auto$blifparse.cc:557:parse_blif$78216.genblk1.genblk1.genblk1.genblk1.genblk1.genblk1.genblk1.genblk1.genblk1.lut0 (6 -> 4)
  Optimizing lut $abc$76505$auto$blifparse.cc:557:parse_blif$80732.genblk1.genblk1.genblk1.genblk1.genblk1.genblk1.genblk1.genblk1.genblk1.lut1 (6 -> 5)
  Optimizing lut $abc$76505$auto$blifparse.cc:557:parse_blif$78219.genblk1.genblk1.genblk1.genblk1.genblk1.genblk1.genblk1.genblk1.genblk1.lut0 (6 -> 0)
  Optimizing lut $abc$76505$auto$blifparse.cc:557:parse_blif$78216.genblk1.genblk1.genblk1.genblk1.genblk1.genblk1.genblk1.genblk1.genblk1.lut1 (6 -> 4)
  Optimizing lut $abc$76505$auto$blifparse.cc:557:parse_blif$78223.genblk1.genblk1.genblk1.genblk1.genblk1.genblk1.genblk1.genblk1.genblk1.lut0 (6 -> 4)
  Optimizing lut $abc$76505$auto$blifparse.cc:557:parse_blif$78223.genblk1.genblk1.genblk1.genblk1.genblk1.genblk1.genblk1.genblk1.genblk1.lut1 (6 -> 4)
  Optimizing lut $abc$76505$auto$blifparse.cc:557:parse_blif$78229.genblk1.genblk1.genblk1.genblk1.genblk1.genblk1.genblk1.genblk1.genblk1.lut0 (6 -> 0)
  Optimizing lut $abc$76505$auto$blifparse.cc:557:parse_blif$80888.genblk1.genblk1.genblk1.genblk1.genblk1.genblk1.genblk1.genblk1.genblk1.lut1 (6 -> 5)
  Optimizing lut $abc$76505$auto$blifparse.cc:557:parse_blif$78235.genblk1.genblk1.genblk1.genblk1.genblk1.genblk1.genblk1.genblk1.genblk1.lut0 (6 -> 4)
  Optimizing lut $abc$76505$auto$blifparse.cc:557:parse_blif$78230.genblk1.genblk1.genblk1.genblk1.genblk1.genblk1.genblk1.genblk1.genblk1.lut1 (6 -> 4)
  Optimizing lut $abc$76505$auto$blifparse.cc:557:parse_blif$78235.genblk1.genblk1.genblk1.genblk1.genblk1.genblk1.genblk1.genblk1.genblk1.lut1 (6 -> 4)
  Optimizing lut $abc$76505$auto$blifparse.cc:557:parse_blif$87461.genblk1.genblk1.genblk1.genblk1.genblk1.genblk1.genblk1.genblk1.genblk1.genblk1.lut1.genblk1.genblk1.genblk1.genblk1.genblk1.genblk1.genblk1.genblk1.genblk1.lut1 (6 -> 0)
  Optimizing lut $abc$76505$auto$blifparse.cc:557:parse_blif$78289.genblk1.genblk1.genblk1.genblk1.genblk1.genblk1.genblk1.genblk1.genblk1.lut1 (6 -> 0)
  Optimizing lut $abc$76505$auto$blifparse.cc:557:parse_blif$78269.genblk1.genblk1.genblk1.genblk1.genblk1.genblk1.genblk1.genblk1.genblk1.lut1 (6 -> 0)
  Optimizing lut $abc$76505$auto$blifparse.cc:557:parse_blif$78302.genblk1.genblk1.genblk1.genblk1.genblk1.genblk1.genblk1.genblk1.genblk1.lut1 (6 -> 0)
  Optimizing lut $abc$76505$auto$blifparse.cc:557:parse_blif$78293.genblk1.genblk1.genblk1.genblk1.genblk1.genblk1.genblk1.genblk1.genblk1.genblk1.lut1.genblk1.genblk1.genblk1.genblk1.genblk1.genblk1.genblk1.genblk1.genblk1.lut1 (6 -> 0)
  Optimizing lut $abc$76505$auto$blifparse.cc:557:parse_blif$78293.genblk1.genblk1.genblk1.genblk1.genblk1.genblk1.genblk1.genblk1.genblk1.genblk1.lut0.genblk1.genblk1.genblk1.genblk1.genblk1.genblk1.genblk1.genblk1.genblk1.lut1 (6 -> 0)
  Optimizing lut $abc$76505$auto$blifparse.cc:557:parse_blif$78297.genblk1.genblk1.genblk1.genblk1.genblk1.genblk1.genblk1.genblk1.genblk1.genblk1.lut1.genblk1.genblk1.genblk1.genblk1.genblk1.genblk1.genblk1.genblk1.genblk1.lut1 (6 -> 0)
  Optimizing lut $abc$76505$auto$blifparse.cc:557:parse_blif$78297.genblk1.genblk1.genblk1.genblk1.genblk1.genblk1.genblk1.genblk1.genblk1.genblk1.lut0.genblk1.genblk1.genblk1.genblk1.genblk1.genblk1.genblk1.genblk1.genblk1.lut1 (6 -> 0)
  Optimizing lut $abc$76505$auto$blifparse.cc:557:parse_blif$78298.genblk1.genblk1.genblk1.genblk1.genblk1.genblk1.genblk1.genblk1.genblk1.lut1 (6 -> 0)
  Optimizing lut $abc$76505$auto$blifparse.cc:557:parse_blif$78279.genblk1.genblk1.genblk1.genblk1.genblk1.genblk1.genblk1.genblk1.genblk1.lut1 (6 -> 0)
  Optimizing lut $abc$76505$auto$blifparse.cc:557:parse_blif$78311.genblk1.genblk1.genblk1.genblk1.genblk1.genblk1.genblk1.genblk1.genblk1.lut1 (6 -> 0)
  Optimizing lut $abc$76505$auto$blifparse.cc:557:parse_blif$78341.genblk1.genblk1.genblk1.genblk1.genblk1.genblk1.genblk1.genblk1.genblk1.lut1 (6 -> 0)
  Optimizing lut $abc$76505$auto$blifparse.cc:557:parse_blif$78335.genblk1.genblk1.genblk1.genblk1.genblk1.genblk1.genblk1.genblk1.genblk1.genblk1.lut1.genblk1.genblk1.genblk1.genblk1.genblk1.genblk1.genblk1.genblk1.genblk1.lut1 (6 -> 0)
  Optimizing lut $abc$76505$auto$blifparse.cc:557:parse_blif$78335.genblk1.genblk1.genblk1.genblk1.genblk1.genblk1.genblk1.genblk1.genblk1.genblk1.lut0.genblk1.genblk1.genblk1.genblk1.genblk1.genblk1.genblk1.genblk1.genblk1.lut1 (6 -> 0)
  Optimizing lut $abc$76505$auto$blifparse.cc:557:parse_blif$78338.genblk1.genblk1.genblk1.genblk1.genblk1.genblk1.genblk1.genblk1.genblk1.genblk1.lut1.genblk1.genblk1.genblk1.genblk1.genblk1.genblk1.genblk1.genblk1.genblk1.lut1 (6 -> 0)
  Optimizing lut $abc$76505$auto$blifparse.cc:557:parse_blif$78338.genblk1.genblk1.genblk1.genblk1.genblk1.genblk1.genblk1.genblk1.genblk1.genblk1.lut0.genblk1.genblk1.genblk1.genblk1.genblk1.genblk1.genblk1.genblk1.genblk1.lut1 (6 -> 0)
  Optimizing lut $abc$76505$auto$blifparse.cc:557:parse_blif$78338.genblk1.genblk1.genblk1.genblk1.genblk1.genblk1.genblk1.genblk1.genblk1.genblk1.lut0.genblk1.genblk1.genblk1.genblk1.genblk1.genblk1.genblk1.genblk1.genblk1.lut0 (6 -> 0)
  Optimizing lut $abc$76505$auto$blifparse.cc:557:parse_blif$78343.genblk1.genblk1.genblk1.genblk1.genblk1.genblk1.genblk1.genblk1.genblk1.lut1 (6 -> 4)
  Optimizing lut $abc$76505$auto$blifparse.cc:557:parse_blif$80033.genblk1.genblk1.genblk1.genblk1.genblk1.genblk1.genblk1.genblk1.genblk1.lut0 (6 -> 0)
  Optimizing lut $abc$76505$auto$blifparse.cc:557:parse_blif$80295.genblk1.genblk1.genblk1.genblk1.genblk1.genblk1.genblk1.genblk1.genblk1.lut0 (6 -> 0)
  Optimizing lut $abc$76505$auto$blifparse.cc:557:parse_blif$78359.genblk1.genblk1.genblk1.genblk1.genblk1.genblk1.genblk1.genblk1.genblk1.lut1 (6 -> 0)
  Optimizing lut $abc$76505$auto$blifparse.cc:557:parse_blif$78378.genblk1.genblk1.genblk1.genblk1.genblk1.genblk1.genblk1.genblk1.genblk1.lut0 (6 -> 0)
  Optimizing lut $abc$76505$auto$blifparse.cc:557:parse_blif$80233.genblk1.genblk1.genblk1.genblk1.genblk1.genblk1.genblk1.genblk1.genblk1.genblk1.lut0.genblk1.genblk1.genblk1.genblk1.genblk1.genblk1.genblk1.genblk1.genblk1.lut0 (6 -> 0)
  Optimizing lut $abc$76505$auto$blifparse.cc:557:parse_blif$78383.genblk1.genblk1.genblk1.genblk1.genblk1.genblk1.genblk1.genblk1.genblk1.lut1 (6 -> 0)
  Optimizing lut $abc$76505$auto$blifparse.cc:557:parse_blif$78448.genblk1.genblk1.genblk1.genblk1.genblk1.genblk1.genblk1.genblk1.genblk1.lut0 (6 -> 0)
  Optimizing lut $abc$76505$auto$blifparse.cc:557:parse_blif$78386.genblk1.genblk1.genblk1.genblk1.genblk1.genblk1.genblk1.genblk1.genblk1.lut1 (6 -> 0)
  Optimizing lut $abc$76505$auto$blifparse.cc:557:parse_blif$78396.genblk1.genblk1.genblk1.genblk1.genblk1.genblk1.genblk1.genblk1.genblk1.lut1 (6 -> 0)
  Optimizing lut $abc$76505$auto$blifparse.cc:557:parse_blif$78400.genblk1.genblk1.genblk1.genblk1.genblk1.genblk1.genblk1.genblk1.genblk1.lut1 (6 -> 0)
  Optimizing lut $abc$76505$auto$blifparse.cc:557:parse_blif$78456.genblk1.genblk1.genblk1.genblk1.genblk1.genblk1.genblk1.genblk1.genblk1.lut0 (6 -> 4)
  Optimizing lut $abc$76505$auto$blifparse.cc:557:parse_blif$78416.genblk1.genblk1.genblk1.genblk1.genblk1.genblk1.genblk1.genblk1.genblk1.lut1 (6 -> 4)
  Optimizing lut $abc$76505$auto$blifparse.cc:557:parse_blif$78452.genblk1.genblk1.genblk1.genblk1.genblk1.genblk1.genblk1.genblk1.genblk1.lut0 (6 -> 0)
  Optimizing lut $abc$76505$auto$blifparse.cc:557:parse_blif$78427.genblk1.genblk1.genblk1.genblk1.genblk1.genblk1.genblk1.genblk1.genblk1.lut1 (6 -> 4)
  Optimizing lut $abc$76505$auto$blifparse.cc:557:parse_blif$78846.genblk1.genblk1.genblk1.genblk1.genblk1.genblk1.genblk1.genblk1.genblk1.lut0 (6 -> 0)
  Optimizing lut $abc$76505$auto$blifparse.cc:557:parse_blif$78404.genblk1.genblk1.genblk1.genblk1.genblk1.genblk1.genblk1.genblk1.genblk1.lut1 (6 -> 0)
  Optimizing lut $abc$76505$auto$blifparse.cc:557:parse_blif$78416.genblk1.genblk1.genblk1.genblk1.genblk1.genblk1.genblk1.genblk1.genblk1.lut0 (6 -> 4)
  Optimizing lut $abc$76505$auto$blifparse.cc:557:parse_blif$78427.genblk1.genblk1.genblk1.genblk1.genblk1.genblk1.genblk1.genblk1.genblk1.lut0 (6 -> 4)
  Optimizing lut $abc$76505$auto$blifparse.cc:557:parse_blif$78439.genblk1.genblk1.genblk1.genblk1.genblk1.genblk1.genblk1.genblk1.genblk1.lut0 (6 -> 0)
  Optimizing lut $abc$76505$auto$blifparse.cc:557:parse_blif$78444.genblk1.genblk1.genblk1.genblk1.genblk1.genblk1.genblk1.genblk1.genblk1.lut0 (6 -> 0)
  Optimizing lut $abc$76505$auto$blifparse.cc:557:parse_blif$87371.genblk1.genblk1.genblk1.genblk1.genblk1.genblk1.genblk1.genblk1.genblk1.lut0 (6 -> 0)
  Optimizing lut $abc$76505$auto$blifparse.cc:557:parse_blif$87372.genblk1.genblk1.genblk1.genblk1.genblk1.genblk1.genblk1.genblk1.genblk1.genblk1.lut1.genblk1.genblk1.genblk1.genblk1.genblk1.genblk1.genblk1.genblk1.genblk1.lut1 (6 -> 0)
  Optimizing lut $abc$76505$auto$blifparse.cc:557:parse_blif$87372.genblk1.genblk1.genblk1.genblk1.genblk1.genblk1.genblk1.genblk1.genblk1.genblk1.lut0.genblk1.genblk1.genblk1.genblk1.genblk1.genblk1.genblk1.genblk1.genblk1.lut0 (6 -> 0)
  Optimizing lut $abc$76505$auto$blifparse.cc:557:parse_blif$77485.genblk1.genblk1.genblk1.genblk1.genblk1.genblk1.genblk1.genblk1.genblk1.lut1 (6 -> 0)
  Optimizing lut $abc$76505$auto$blifparse.cc:557:parse_blif$78543.genblk1.genblk1.genblk1.genblk1.genblk1.genblk1.genblk1.genblk1.genblk1.lut1 (6 -> 0)
  Optimizing lut $abc$76505$auto$blifparse.cc:557:parse_blif$78552.genblk1.genblk1.genblk1.genblk1.genblk1.genblk1.genblk1.genblk1.genblk1.lut1 (6 -> 0)
  Optimizing lut $abc$76505$auto$blifparse.cc:557:parse_blif$78732.genblk1.genblk1.genblk1.genblk1.genblk1.genblk1.genblk1.genblk1.genblk1.lut0 (6 -> 0)
  Optimizing lut $abc$76505$auto$blifparse.cc:557:parse_blif$78733.genblk1.genblk1.genblk1.genblk1.genblk1.genblk1.genblk1.genblk1.genblk1.lut0 (6 -> 4)
  Optimizing lut $abc$76505$auto$blifparse.cc:557:parse_blif$78793.genblk1.genblk1.genblk1.genblk1.genblk1.genblk1.genblk1.genblk1.genblk1.lut0 (6 -> 0)
  Optimizing lut $abc$76505$auto$blifparse.cc:557:parse_blif$78641.genblk1.genblk1.genblk1.genblk1.genblk1.genblk1.genblk1.genblk1.genblk1.lut1 (6 -> 4)
  Optimizing lut $abc$76505$auto$blifparse.cc:557:parse_blif$78861.genblk1.genblk1.genblk1.genblk1.genblk1.genblk1.genblk1.genblk1.genblk1.lut1 (6 -> 0)
  Optimizing lut $abc$76505$auto$blifparse.cc:557:parse_blif$78833.genblk1.genblk1.genblk1.genblk1.genblk1.genblk1.genblk1.genblk1.genblk1.lut1 (6 -> 0)
  Optimizing lut $abc$76505$auto$blifparse.cc:557:parse_blif$88031.genblk1.genblk1.genblk1.genblk1.genblk1.genblk1.genblk1.genblk1.genblk1.lut1 (6 -> 0)
  Optimizing lut $abc$76505$auto$blifparse.cc:557:parse_blif$78810.genblk1.genblk1.genblk1.genblk1.genblk1.genblk1.genblk1.genblk1.genblk1.lut1 (6 -> 0)
  Optimizing lut $abc$76505$auto$blifparse.cc:557:parse_blif$78720.genblk1.genblk1.genblk1.genblk1.genblk1.genblk1.genblk1.genblk1.genblk1.lut0 (6 -> 4)
  Optimizing lut $abc$76505$auto$blifparse.cc:557:parse_blif$78716.genblk1.genblk1.genblk1.genblk1.genblk1.genblk1.genblk1.genblk1.genblk1.lut1 (6 -> 4)
  Optimizing lut $abc$76505$auto$blifparse.cc:557:parse_blif$78720.genblk1.genblk1.genblk1.genblk1.genblk1.genblk1.genblk1.genblk1.genblk1.lut1 (6 -> 4)
  Optimizing lut $abc$76505$auto$blifparse.cc:557:parse_blif$77477.genblk1.genblk1.genblk1.genblk1.genblk1.genblk1.genblk1.genblk1.genblk1.lut1 (6 -> 0)
  Optimizing lut $abc$76505$auto$blifparse.cc:557:parse_blif$79340.genblk1.genblk1.genblk1.genblk1.genblk1.genblk1.genblk1.genblk1.genblk1.lut1 (6 -> 0)
  Optimizing lut $abc$76505$auto$blifparse.cc:557:parse_blif$78704.genblk1.genblk1.genblk1.genblk1.genblk1.genblk1.genblk1.genblk1.genblk1.lut1 (6 -> 0)
  Optimizing lut $abc$76505$auto$blifparse.cc:557:parse_blif$78794.genblk1.genblk1.genblk1.genblk1.genblk1.genblk1.genblk1.genblk1.genblk1.lut0 (6 -> 4)
  Optimizing lut $abc$76505$auto$blifparse.cc:557:parse_blif$78794.genblk1.genblk1.genblk1.genblk1.genblk1.genblk1.genblk1.genblk1.genblk1.lut1 (6 -> 4)
  Optimizing lut $abc$76505$auto$blifparse.cc:557:parse_blif$78758.genblk1.genblk1.genblk1.genblk1.genblk1.genblk1.genblk1.genblk1.genblk1.lut1 (6 -> 0)
  Optimizing lut $abc$76505$auto$blifparse.cc:557:parse_blif$78815.genblk1.genblk1.genblk1.genblk1.genblk1.genblk1.genblk1.genblk1.genblk1.lut1 (6 -> 0)
  Optimizing lut $abc$76505$auto$blifparse.cc:557:parse_blif$78770.genblk1.genblk1.genblk1.genblk1.genblk1.genblk1.genblk1.genblk1.genblk1.lut1 (6 -> 0)
  Optimizing lut $abc$76505$auto$blifparse.cc:557:parse_blif$78827.genblk1.genblk1.genblk1.genblk1.genblk1.genblk1.genblk1.genblk1.genblk1.lut1 (6 -> 0)
  Optimizing lut $abc$76505$auto$blifparse.cc:557:parse_blif$78641.genblk1.genblk1.genblk1.genblk1.genblk1.genblk1.genblk1.genblk1.genblk1.lut0 (6 -> 4)
  Optimizing lut $abc$76505$auto$blifparse.cc:557:parse_blif$88027.genblk1.genblk1.genblk1.genblk1.genblk1.genblk1.genblk1.genblk1.genblk1.genblk1.lut1.genblk1.genblk1.genblk1.genblk1.genblk1.genblk1.genblk1.genblk1.genblk1.lut1 (6 -> 0)
  Optimizing lut $abc$76505$auto$blifparse.cc:557:parse_blif$79315.genblk1.genblk1.genblk1.genblk1.genblk1.genblk1.genblk1.genblk1.genblk1.lut1 (6 -> 0)
  Optimizing lut $abc$76505$auto$blifparse.cc:557:parse_blif$79353.genblk1.genblk1.genblk1.genblk1.genblk1.genblk1.genblk1.genblk1.genblk1.lut1 (6 -> 0)
  Optimizing lut $abc$76505$auto$blifparse.cc:557:parse_blif$78678.genblk1.genblk1.genblk1.genblk1.genblk1.genblk1.genblk1.genblk1.genblk1.lut1 (6 -> 0)
  Optimizing lut $abc$76505$auto$blifparse.cc:557:parse_blif$78745.genblk1.genblk1.genblk1.genblk1.genblk1.genblk1.genblk1.genblk1.genblk1.lut1 (6 -> 0)
  Optimizing lut $abc$76505$auto$blifparse.cc:557:parse_blif$78940.genblk1.genblk1.genblk1.genblk1.genblk1.genblk1.genblk1.genblk1.genblk1.lut0 (6 -> 4)
  Optimizing lut $abc$76505$auto$blifparse.cc:557:parse_blif$78936.genblk1.genblk1.genblk1.genblk1.genblk1.genblk1.genblk1.genblk1.genblk1.lut1 (6 -> 4)
  Optimizing lut $abc$76505$auto$blifparse.cc:557:parse_blif$78940.genblk1.genblk1.genblk1.genblk1.genblk1.genblk1.genblk1.genblk1.genblk1.lut1 (6 -> 4)
  Optimizing lut $abc$76505$auto$blifparse.cc:557:parse_blif$78947.genblk1.genblk1.genblk1.genblk1.genblk1.genblk1.genblk1.genblk1.genblk1.lut1 (6 -> 4)
  Optimizing lut $abc$76505$auto$blifparse.cc:557:parse_blif$78951.genblk1.genblk1.genblk1.genblk1.genblk1.genblk1.genblk1.genblk1.genblk1.lut1 (6 -> 4)
  Optimizing lut $abc$76505$auto$blifparse.cc:557:parse_blif$76631.genblk1.genblk1.genblk1.genblk1.genblk1.genblk1.genblk1.genblk1.genblk1.lut1 (6 -> 0)
  Optimizing lut $abc$76505$auto$blifparse.cc:557:parse_blif$78986.genblk1.genblk1.genblk1.genblk1.genblk1.genblk1.genblk1.genblk1.genblk1.lut1 (6 -> 4)
  Optimizing lut $abc$76505$auto$blifparse.cc:557:parse_blif$79000.genblk1.genblk1.genblk1.genblk1.genblk1.genblk1.genblk1.genblk1.genblk1.lut0 (6 -> 0)
  Optimizing lut $abc$76505$auto$blifparse.cc:557:parse_blif$79207.genblk1.genblk1.genblk1.genblk1.genblk1.genblk1.genblk1.genblk1.genblk1.lut1 (6 -> 4)
  Optimizing lut $abc$76505$auto$blifparse.cc:557:parse_blif$79136.genblk1.genblk1.genblk1.genblk1.genblk1.genblk1.genblk1.genblk1.genblk1.lut1 (6 -> 0)
  Optimizing lut $abc$76505$auto$blifparse.cc:557:parse_blif$79073.genblk1.genblk1.genblk1.genblk1.genblk1.genblk1.genblk1.genblk1.genblk1.lut1 (6 -> 0)
  Optimizing lut $abc$76505$auto$blifparse.cc:557:parse_blif$79044.genblk1.genblk1.genblk1.genblk1.genblk1.genblk1.genblk1.genblk1.genblk1.lut1 (6 -> 0)
  Optimizing lut $abc$76505$auto$blifparse.cc:557:parse_blif$79195.genblk1.genblk1.genblk1.genblk1.genblk1.genblk1.genblk1.genblk1.genblk1.lut0 (6 -> 0)
  Optimizing lut $abc$76505$auto$blifparse.cc:557:parse_blif$79034.genblk1.genblk1.genblk1.genblk1.genblk1.genblk1.genblk1.genblk1.genblk1.lut1 (6 -> 0)
  Optimizing lut $abc$76505$auto$blifparse.cc:557:parse_blif$79063.genblk1.genblk1.genblk1.genblk1.genblk1.genblk1.genblk1.genblk1.genblk1.lut1 (6 -> 0)
  Optimizing lut $abc$76505$auto$blifparse.cc:557:parse_blif$79146.genblk1.genblk1.genblk1.genblk1.genblk1.genblk1.genblk1.genblk1.genblk1.lut1 (6 -> 0)
  Optimizing lut $abc$76505$auto$blifparse.cc:557:parse_blif$79419.genblk1.genblk1.genblk1.genblk1.genblk1.genblk1.genblk1.genblk1.genblk1.lut1 (6 -> 0)
  Optimizing lut $abc$76505$auto$blifparse.cc:557:parse_blif$78992.genblk1.genblk1.genblk1.genblk1.genblk1.genblk1.genblk1.genblk1.genblk1.lut1 (6 -> 4)
  Optimizing lut $abc$76505$auto$blifparse.cc:557:parse_blif$79199.genblk1.genblk1.genblk1.genblk1.genblk1.genblk1.genblk1.genblk1.genblk1.lut0 (6 -> 0)
  Optimizing lut $abc$76505$auto$blifparse.cc:557:parse_blif$79159.genblk1.genblk1.genblk1.genblk1.genblk1.genblk1.genblk1.genblk1.genblk1.lut1 (6 -> 4)
  Optimizing lut $abc$76505$auto$blifparse.cc:557:parse_blif$79203.genblk1.genblk1.genblk1.genblk1.genblk1.genblk1.genblk1.genblk1.genblk1.lut0 (6 -> 0)
  Optimizing lut $abc$76505$auto$blifparse.cc:557:parse_blif$79173.genblk1.genblk1.genblk1.genblk1.genblk1.genblk1.genblk1.genblk1.genblk1.lut1 (6 -> 4)
  Optimizing lut $abc$76505$auto$blifparse.cc:557:parse_blif$79054.genblk1.genblk1.genblk1.genblk1.genblk1.genblk1.genblk1.genblk1.genblk1.lut1 (6 -> 0)
  Optimizing lut $abc$76505$auto$blifparse.cc:557:parse_blif$78992.genblk1.genblk1.genblk1.genblk1.genblk1.genblk1.genblk1.genblk1.genblk1.lut0 (6 -> 4)
  Optimizing lut $abc$76505$auto$blifparse.cc:557:parse_blif$79159.genblk1.genblk1.genblk1.genblk1.genblk1.genblk1.genblk1.genblk1.genblk1.lut0 (6 -> 4)
  Optimizing lut $abc$76505$auto$blifparse.cc:557:parse_blif$79173.genblk1.genblk1.genblk1.genblk1.genblk1.genblk1.genblk1.genblk1.genblk1.lut0 (6 -> 4)
  Optimizing lut $abc$76505$auto$blifparse.cc:557:parse_blif$79185.genblk1.genblk1.genblk1.genblk1.genblk1.genblk1.genblk1.genblk1.genblk1.lut0 (6 -> 0)
  Optimizing lut $abc$76505$auto$blifparse.cc:557:parse_blif$79378.genblk1.genblk1.genblk1.genblk1.genblk1.genblk1.genblk1.genblk1.genblk1.lut1 (6 -> 0)
  Optimizing lut $abc$76505$auto$blifparse.cc:557:parse_blif$79339.genblk1.genblk1.genblk1.genblk1.genblk1.genblk1.genblk1.genblk1.genblk1.genblk1.lut0.genblk1.genblk1.genblk1.genblk1.genblk1.genblk1.genblk1.genblk1.genblk1.lut1 (6 -> 0)
  Optimizing lut $abc$76505$auto$blifparse.cc:557:parse_blif$78881.genblk1.genblk1.genblk1.genblk1.genblk1.genblk1.genblk1.genblk1.genblk1.lut1 (6 -> 0)
  Optimizing lut $abc$76505$auto$blifparse.cc:557:parse_blif$79365.genblk1.genblk1.genblk1.genblk1.genblk1.genblk1.genblk1.genblk1.genblk1.lut1 (6 -> 0)
  Optimizing lut $abc$76505$auto$blifparse.cc:557:parse_blif$79348.genblk1.genblk1.genblk1.genblk1.genblk1.genblk1.genblk1.genblk1.genblk1.lut1 (6 -> 0)
  Optimizing lut $abc$76505$auto$blifparse.cc:557:parse_blif$78919.genblk1.genblk1.genblk1.genblk1.genblk1.genblk1.genblk1.genblk1.genblk1.lut1 (6 -> 0)
  Optimizing lut $abc$76505$auto$blifparse.cc:557:parse_blif$79328.genblk1.genblk1.genblk1.genblk1.genblk1.genblk1.genblk1.genblk1.genblk1.lut1 (6 -> 0)
  Optimizing lut $abc$76505$auto$blifparse.cc:557:parse_blif$78821.genblk1.genblk1.genblk1.genblk1.genblk1.genblk1.genblk1.genblk1.genblk1.lut1 (6 -> 0)
  Optimizing lut $abc$76505$auto$blifparse.cc:557:parse_blif$79743.genblk1.genblk1.genblk1.genblk1.genblk1.genblk1.genblk1.genblk1.genblk1.lut0 (6 -> 3)
  Optimizing lut $abc$76505$auto$blifparse.cc:557:parse_blif$79741.genblk1.genblk1.genblk1.genblk1.genblk1.genblk1.genblk1.genblk1.genblk1.lut0 (6 -> 0)
  Optimizing lut $abc$76505$auto$blifparse.cc:557:parse_blif$81968.genblk1.genblk1.genblk1.genblk1.genblk1.genblk1.genblk1.genblk1.genblk1.genblk1.lut0.genblk1.genblk1.genblk1.genblk1.genblk1.genblk1.genblk1.genblk1.genblk1.lut0 (6 -> 0)
  Optimizing lut $abc$76505$auto$blifparse.cc:557:parse_blif$79755.genblk1.genblk1.genblk1.genblk1.genblk1.genblk1.genblk1.genblk1.genblk1.lut0 (6 -> 0)
  Optimizing lut $abc$76505$auto$blifparse.cc:557:parse_blif$81941.genblk1.genblk1.genblk1.genblk1.genblk1.genblk1.genblk1.genblk1.genblk1.genblk1.lut0.genblk1.genblk1.genblk1.genblk1.genblk1.genblk1.genblk1.genblk1.genblk1.lut0 (6 -> 0)
  Optimizing lut $abc$76505$auto$blifparse.cc:557:parse_blif$79783.genblk1.genblk1.genblk1.genblk1.genblk1.genblk1.genblk1.genblk1.genblk1.lut0 (6 -> 0)
  Optimizing lut $abc$76505$auto$blifparse.cc:557:parse_blif$79811.genblk1.genblk1.genblk1.genblk1.genblk1.genblk1.genblk1.genblk1.genblk1.lut0 (6 -> 0)
  Optimizing lut $abc$76505$auto$blifparse.cc:557:parse_blif$82012.genblk1.genblk1.genblk1.genblk1.genblk1.genblk1.genblk1.genblk1.genblk1.genblk1.lut0.genblk1.genblk1.genblk1.genblk1.genblk1.genblk1.genblk1.genblk1.genblk1.lut0 (6 -> 0)
  Optimizing lut $abc$76505$auto$blifparse.cc:557:parse_blif$79893.genblk1.genblk1.genblk1.genblk1.genblk1.genblk1.genblk1.genblk1.genblk1.lut0 (6 -> 3)
  Optimizing lut $abc$76505$auto$blifparse.cc:557:parse_blif$79982.genblk1.genblk1.genblk1.genblk1.genblk1.genblk1.genblk1.genblk1.genblk1.lut0 (6 -> 3)
  Optimizing lut $abc$76505$auto$blifparse.cc:557:parse_blif$79909.genblk1.genblk1.genblk1.genblk1.genblk1.genblk1.genblk1.genblk1.genblk1.lut0 (6 -> 4)
  Optimizing lut $abc$76505$auto$blifparse.cc:557:parse_blif$79982.genblk1.genblk1.genblk1.genblk1.genblk1.genblk1.genblk1.genblk1.genblk1.lut1 (6 -> 4)
  Optimizing lut $abc$76505$auto$blifparse.cc:557:parse_blif$87989.genblk1.genblk1.genblk1.genblk1.genblk1.genblk1.genblk1.genblk1.genblk1.genblk1.lut1.genblk1.genblk1.genblk1.genblk1.genblk1.genblk1.genblk1.genblk1.genblk1.lut1 (6 -> 0)
  Optimizing lut $abc$76505$auto$blifparse.cc:557:parse_blif$87375.genblk1.genblk1.genblk1.genblk1.genblk1.genblk1.genblk1.genblk1.genblk1.genblk1.lut0.genblk1.genblk1.genblk1.genblk1.genblk1.genblk1.genblk1.genblk1.genblk1.lut0 (6 -> 0)
  Optimizing lut $abc$76505$auto$blifparse.cc:557:parse_blif$77844.genblk1.genblk1.genblk1.genblk1.genblk1.genblk1.genblk1.genblk1.genblk1.genblk1.lut1.genblk1.genblk1.genblk1.genblk1.genblk1.genblk1.genblk1.genblk1.genblk1.lut1 (6 -> 0)
  Optimizing lut $abc$76505$auto$blifparse.cc:557:parse_blif$79893.genblk1.genblk1.genblk1.genblk1.genblk1.genblk1.genblk1.genblk1.genblk1.lut1 (6 -> 4)
  Optimizing lut $abc$76505$auto$blifparse.cc:557:parse_blif$87997.genblk1.genblk1.genblk1.genblk1.genblk1.genblk1.genblk1.genblk1.genblk1.genblk1.lut1.genblk1.genblk1.genblk1.genblk1.genblk1.genblk1.genblk1.genblk1.genblk1.lut1 (6 -> 0)
  Optimizing lut $abc$76505$auto$blifparse.cc:557:parse_blif$78456.genblk1.genblk1.genblk1.genblk1.genblk1.genblk1.genblk1.genblk1.genblk1.lut1 (6 -> 4)
  Optimizing lut $abc$76505$auto$blifparse.cc:557:parse_blif$77845.genblk1.genblk1.genblk1.genblk1.genblk1.genblk1.genblk1.genblk1.genblk1.lut1 (6 -> 0)
  Optimizing lut $abc$76505$auto$blifparse.cc:557:parse_blif$78899.genblk1.genblk1.genblk1.genblk1.genblk1.genblk1.genblk1.genblk1.genblk1.lut0 (6 -> 0)
  Optimizing lut $abc$76505$auto$blifparse.cc:557:parse_blif$79408.genblk1.genblk1.genblk1.genblk1.genblk1.genblk1.genblk1.genblk1.genblk1.lut0 (6 -> 0)
  Optimizing lut $abc$76505$auto$blifparse.cc:557:parse_blif$79258.genblk1.genblk1.genblk1.genblk1.genblk1.genblk1.genblk1.genblk1.genblk1.lut1 (6 -> 0)
  Optimizing lut $abc$76505$auto$blifparse.cc:557:parse_blif$80119.genblk1.genblk1.genblk1.genblk1.genblk1.genblk1.genblk1.genblk1.genblk1.lut0 (6 -> 0)
  Optimizing lut $abc$76505$auto$blifparse.cc:557:parse_blif$87995.genblk1.genblk1.genblk1.genblk1.genblk1.genblk1.genblk1.genblk1.genblk1.genblk1.lut1.genblk1.genblk1.genblk1.genblk1.genblk1.genblk1.genblk1.genblk1.genblk1.lut1 (6 -> 0)
  Optimizing lut $abc$76505$auto$blifparse.cc:557:parse_blif$88071.genblk1.genblk1.genblk1.genblk1.genblk1.genblk1.genblk1.genblk1.genblk1.genblk1.lut1.genblk1.genblk1.genblk1.genblk1.genblk1.genblk1.genblk1.genblk1.genblk1.lut1 (6 -> 0)
  Optimizing lut $abc$76505$auto$blifparse.cc:557:parse_blif$88003.genblk1.genblk1.genblk1.genblk1.genblk1.genblk1.genblk1.genblk1.genblk1.genblk1.lut1.genblk1.genblk1.genblk1.genblk1.genblk1.genblk1.genblk1.genblk1.genblk1.lut1 (6 -> 0)
  Optimizing lut $abc$76505$auto$blifparse.cc:557:parse_blif$80233.genblk1.genblk1.genblk1.genblk1.genblk1.genblk1.genblk1.genblk1.genblk1.genblk1.lut0.genblk1.genblk1.genblk1.genblk1.genblk1.genblk1.genblk1.genblk1.genblk1.lut1 (6 -> 0)
  Optimizing lut $abc$76505$auto$blifparse.cc:557:parse_blif$88082.genblk1.genblk1.genblk1.genblk1.genblk1.genblk1.genblk1.genblk1.genblk1.genblk1.lut1.genblk1.genblk1.genblk1.genblk1.genblk1.genblk1.genblk1.genblk1.genblk1.lut1 (6 -> 0)
  Optimizing lut $abc$76505$auto$blifparse.cc:557:parse_blif$78057.genblk1.genblk1.genblk1.genblk1.genblk1.genblk1.genblk1.genblk1.genblk1.lut1 (6 -> 4)
  Optimizing lut $abc$76505$auto$blifparse.cc:557:parse_blif$88040.genblk1.genblk1.genblk1.genblk1.genblk1.genblk1.genblk1.genblk1.genblk1.lut0 (6 -> 0)
  Optimizing lut $abc$76505$auto$blifparse.cc:557:parse_blif$78320.genblk1.genblk1.genblk1.genblk1.genblk1.genblk1.genblk1.genblk1.genblk1.lut1 (6 -> 0)
  Optimizing lut $abc$76505$auto$blifparse.cc:557:parse_blif$88050.genblk1.genblk1.genblk1.genblk1.genblk1.genblk1.genblk1.genblk1.genblk1.lut0 (6 -> 0)
  Optimizing lut $abc$76505$auto$blifparse.cc:557:parse_blif$87990.genblk1.genblk1.genblk1.genblk1.genblk1.genblk1.genblk1.genblk1.genblk1.genblk1.lut1.genblk1.genblk1.genblk1.genblk1.genblk1.genblk1.genblk1.genblk1.genblk1.lut1 (6 -> 0)
  Optimizing lut $abc$76505$auto$blifparse.cc:557:parse_blif$80361.genblk1.genblk1.genblk1.genblk1.genblk1.genblk1.genblk1.genblk1.genblk1.lut0 (6 -> 0)
  Optimizing lut $abc$76505$auto$blifparse.cc:557:parse_blif$88013.genblk1.genblk1.genblk1.genblk1.genblk1.genblk1.genblk1.genblk1.genblk1.lut1 (6 -> 0)
  Optimizing lut $abc$76505$auto$blifparse.cc:557:parse_blif$87980.genblk1.genblk1.genblk1.genblk1.genblk1.genblk1.genblk1.genblk1.genblk1.genblk1.lut1.genblk1.genblk1.genblk1.genblk1.genblk1.genblk1.genblk1.genblk1.genblk1.lut1 (6 -> 0)
  Optimizing lut $abc$76505$auto$blifparse.cc:557:parse_blif$80406.genblk1.genblk1.genblk1.genblk1.genblk1.genblk1.genblk1.genblk1.genblk1.lut0 (6 -> 0)
  Optimizing lut $abc$76505$auto$blifparse.cc:557:parse_blif$79405.genblk1.genblk1.genblk1.genblk1.genblk1.genblk1.genblk1.genblk1.genblk1.lut1 (6 -> 0)
  Optimizing lut $abc$76505$auto$blifparse.cc:557:parse_blif$78667.genblk1.genblk1.genblk1.genblk1.genblk1.genblk1.genblk1.genblk1.genblk1.lut0 (6 -> 0)
  Optimizing lut $abc$76505$auto$blifparse.cc:557:parse_blif$79341.genblk1.genblk1.genblk1.genblk1.genblk1.genblk1.genblk1.genblk1.genblk1.lut0 (6 -> 0)
  Optimizing lut $abc$76505$auto$blifparse.cc:557:parse_blif$79339.genblk1.genblk1.genblk1.genblk1.genblk1.genblk1.genblk1.genblk1.genblk1.genblk1.lut1.genblk1.genblk1.genblk1.genblk1.genblk1.genblk1.genblk1.genblk1.genblk1.lut1 (6 -> 0)
  Optimizing lut $abc$76505$auto$blifparse.cc:557:parse_blif$79387.genblk1.genblk1.genblk1.genblk1.genblk1.genblk1.genblk1.genblk1.genblk1.lut0 (6 -> 0)
  Optimizing lut $abc$76505$auto$blifparse.cc:557:parse_blif$86913.genblk1.genblk1.genblk1.genblk1.genblk1.genblk1.genblk1.genblk1.genblk1.lut0 (6 -> 0)
  Optimizing lut $abc$76505$auto$blifparse.cc:557:parse_blif$80546.genblk1.genblk1.genblk1.genblk1.genblk1.genblk1.genblk1.genblk1.genblk1.lut0 (6 -> 5)
  Optimizing lut $abc$76505$auto$blifparse.cc:557:parse_blif$80923.genblk1.genblk1.genblk1.genblk1.genblk1.genblk1.genblk1.genblk1.genblk1.lut1 (6 -> 1)
  Optimizing lut $abc$76505$auto$blifparse.cc:557:parse_blif$87239.genblk1.genblk1.genblk1.genblk1.genblk1.genblk1.genblk1.genblk1.genblk1.lut0 (6 -> 0)
  Optimizing lut $abc$76505$auto$blifparse.cc:557:parse_blif$78202.genblk1.genblk1.genblk1.genblk1.genblk1.genblk1.genblk1.genblk1.genblk1.lut0 (6 -> 0)
  Optimizing lut $abc$76505$auto$blifparse.cc:557:parse_blif$80569.genblk1.genblk1.genblk1.genblk1.genblk1.genblk1.genblk1.genblk1.genblk1.lut0 (6 -> 0)
  Optimizing lut $abc$76505$auto$blifparse.cc:557:parse_blif$82452.genblk1.genblk1.genblk1.genblk1.genblk1.genblk1.genblk1.genblk1.genblk1.genblk1.lut0.genblk1.genblk1.genblk1.genblk1.genblk1.genblk1.genblk1.genblk1.genblk1.lut0 (6 -> 0)
  Optimizing lut $abc$76505$auto$blifparse.cc:557:parse_blif$80576.genblk1.genblk1.genblk1.genblk1.genblk1.genblk1.genblk1.genblk1.genblk1.lut0 (6 -> 0)
  Optimizing lut $abc$76505$auto$blifparse.cc:557:parse_blif$82450.genblk1.genblk1.genblk1.genblk1.genblk1.genblk1.genblk1.genblk1.genblk1.genblk1.lut0.genblk1.genblk1.genblk1.genblk1.genblk1.genblk1.genblk1.genblk1.genblk1.lut0 (6 -> 0)
  Optimizing lut $abc$76505$auto$blifparse.cc:557:parse_blif$80582.genblk1.genblk1.genblk1.genblk1.genblk1.genblk1.genblk1.genblk1.genblk1.lut0 (6 -> 0)
  Optimizing lut $abc$76505$auto$blifparse.cc:557:parse_blif$88466.genblk1.genblk1.genblk1.genblk1.genblk1.genblk1.genblk1.genblk1.genblk1.lut1 (6 -> 1)
  Optimizing lut $abc$76505$auto$blifparse.cc:557:parse_blif$80799.genblk1.genblk1.genblk1.genblk1.genblk1.genblk1.genblk1.genblk1.genblk1.lut0 (6 -> 0)
  Optimizing lut $abc$76505$auto$blifparse.cc:557:parse_blif$80706.genblk1.genblk1.genblk1.genblk1.genblk1.genblk1.genblk1.genblk1.genblk1.lut1 (6 -> 4)
  Optimizing lut $abc$76505$auto$blifparse.cc:557:parse_blif$80600.genblk1.genblk1.genblk1.genblk1.genblk1.genblk1.genblk1.genblk1.genblk1.lut0 (6 -> 0)
  Optimizing lut $abc$76505$auto$blifparse.cc:557:parse_blif$82442.genblk1.genblk1.genblk1.genblk1.genblk1.genblk1.genblk1.genblk1.genblk1.genblk1.lut0.genblk1.genblk1.genblk1.genblk1.genblk1.genblk1.genblk1.genblk1.genblk1.lut0 (6 -> 0)
  Optimizing lut $abc$76505$auto$blifparse.cc:557:parse_blif$80613.genblk1.genblk1.genblk1.genblk1.genblk1.genblk1.genblk1.genblk1.genblk1.lut0 (6 -> 0)
  Optimizing lut $abc$76505$auto$blifparse.cc:557:parse_blif$80732.genblk1.genblk1.genblk1.genblk1.genblk1.genblk1.genblk1.genblk1.genblk1.lut0 (6 -> 1)
  Optimizing lut $abc$76505$auto$blifparse.cc:557:parse_blif$80619.genblk1.genblk1.genblk1.genblk1.genblk1.genblk1.genblk1.genblk1.genblk1.genblk1.lut0.genblk1.genblk1.genblk1.genblk1.genblk1.genblk1.genblk1.genblk1.genblk1.lut1 (6 -> 0)
  Optimizing lut $abc$76505$auto$blifparse.cc:557:parse_blif$80782.genblk1.genblk1.genblk1.genblk1.genblk1.genblk1.genblk1.genblk1.genblk1.lut0 (6 -> 0)
  Optimizing lut $abc$76505$auto$blifparse.cc:557:parse_blif$80631.genblk1.genblk1.genblk1.genblk1.genblk1.genblk1.genblk1.genblk1.genblk1.genblk1.lut0.genblk1.genblk1.genblk1.genblk1.genblk1.genblk1.genblk1.genblk1.genblk1.lut1 (6 -> 1)
  Optimizing lut $abc$76505$auto$blifparse.cc:557:parse_blif$80734.genblk1.genblk1.genblk1.genblk1.genblk1.genblk1.genblk1.genblk1.genblk1.genblk1.lut0.genblk1.genblk1.genblk1.genblk1.genblk1.genblk1.genblk1.genblk1.genblk1.lut0 (6 -> 1)
  Optimizing lut $abc$76505$auto$blifparse.cc:557:parse_blif$80656.genblk1.genblk1.genblk1.genblk1.genblk1.genblk1.genblk1.genblk1.genblk1.lut0 (6 -> 0)
  Optimizing lut $abc$76505$auto$blifparse.cc:557:parse_blif$80640.genblk1.genblk1.genblk1.genblk1.genblk1.genblk1.genblk1.genblk1.genblk1.lut1 (6 -> 1)
  Optimizing lut $abc$76505$auto$blifparse.cc:557:parse_blif$80631.genblk1.genblk1.genblk1.genblk1.genblk1.genblk1.genblk1.genblk1.genblk1.genblk1.lut0.genblk1.genblk1.genblk1.genblk1.genblk1.genblk1.genblk1.genblk1.genblk1.lut0 (6 -> 1)
  Optimizing lut $abc$76505$auto$blifparse.cc:557:parse_blif$80669.genblk1.genblk1.genblk1.genblk1.genblk1.genblk1.genblk1.genblk1.genblk1.lut0 (6 -> 0)
  Optimizing lut $abc$76505$auto$blifparse.cc:557:parse_blif$82547.genblk1.genblk1.genblk1.genblk1.genblk1.genblk1.genblk1.genblk1.genblk1.genblk1.lut0.genblk1.genblk1.genblk1.genblk1.genblk1.genblk1.genblk1.genblk1.genblk1.lut0 (6 -> 0)
  Optimizing lut $abc$76505$auto$blifparse.cc:557:parse_blif$80679.genblk1.genblk1.genblk1.genblk1.genblk1.genblk1.genblk1.genblk1.genblk1.lut0 (6 -> 3)
  Optimizing lut $abc$76505$auto$blifparse.cc:557:parse_blif$80738.genblk1.genblk1.genblk1.genblk1.genblk1.genblk1.genblk1.genblk1.genblk1.lut0 (6 -> 4)
  Optimizing lut $abc$76505$auto$blifparse.cc:557:parse_blif$80658.genblk1.genblk1.genblk1.genblk1.genblk1.genblk1.genblk1.genblk1.genblk1.lut1 (6 -> 4)
  Optimizing lut $abc$76505$auto$blifparse.cc:557:parse_blif$82509.genblk1.genblk1.genblk1.genblk1.genblk1.genblk1.genblk1.genblk1.genblk1.genblk1.lut1.genblk1.genblk1.genblk1.genblk1.genblk1.genblk1.genblk1.genblk1.genblk1.lut1 (6 -> 0)
  Optimizing lut $abc$76505$auto$blifparse.cc:557:parse_blif$80686.genblk1.genblk1.genblk1.genblk1.genblk1.genblk1.genblk1.genblk1.genblk1.genblk1.lut1.genblk1.genblk1.genblk1.genblk1.genblk1.genblk1.genblk1.genblk1.genblk1.lut1 (6 -> 0)
  Optimizing lut $abc$76505$auto$blifparse.cc:557:parse_blif$80686.genblk1.genblk1.genblk1.genblk1.genblk1.genblk1.genblk1.genblk1.genblk1.genblk1.lut0.genblk1.genblk1.genblk1.genblk1.genblk1.genblk1.genblk1.genblk1.genblk1.lut1 (6 -> 0)
  Optimizing lut $abc$76505$auto$blifparse.cc:557:parse_blif$80739.genblk1.genblk1.genblk1.genblk1.genblk1.genblk1.genblk1.genblk1.genblk1.lut0 (6 -> 4)
  Optimizing lut $abc$76505$auto$blifparse.cc:557:parse_blif$80679.genblk1.genblk1.genblk1.genblk1.genblk1.genblk1.genblk1.genblk1.genblk1.lut1 (6 -> 4)
  Optimizing lut $abc$76505$auto$blifparse.cc:557:parse_blif$80546.genblk1.genblk1.genblk1.genblk1.genblk1.genblk1.genblk1.genblk1.genblk1.lut1 (6 -> 1)
  Optimizing lut $abc$76505$auto$blifparse.cc:557:parse_blif$80740.genblk1.genblk1.genblk1.genblk1.genblk1.genblk1.genblk1.genblk1.genblk1.lut0 (6 -> 4)
  Optimizing lut $abc$76505$auto$blifparse.cc:557:parse_blif$80734.genblk1.genblk1.genblk1.genblk1.genblk1.genblk1.genblk1.genblk1.genblk1.genblk1.lut0.genblk1.genblk1.genblk1.genblk1.genblk1.genblk1.genblk1.genblk1.genblk1.lut1 (6 -> 1)
  Optimizing lut $abc$76505$auto$blifparse.cc:557:parse_blif$80686.genblk1.genblk1.genblk1.genblk1.genblk1.genblk1.genblk1.genblk1.genblk1.genblk1.lut0.genblk1.genblk1.genblk1.genblk1.genblk1.genblk1.genblk1.genblk1.genblk1.lut0 (6 -> 0)
  Optimizing lut $abc$76505$auto$blifparse.cc:557:parse_blif$80908.genblk1.genblk1.genblk1.genblk1.genblk1.genblk1.genblk1.genblk1.genblk1.lut1 (6 -> 1)
  Optimizing lut $abc$76505$auto$blifparse.cc:557:parse_blif$80909.genblk1.genblk1.genblk1.genblk1.genblk1.genblk1.genblk1.genblk1.genblk1.lut0 (6 -> 1)
  Optimizing lut $abc$76505$auto$blifparse.cc:557:parse_blif$80619.genblk1.genblk1.genblk1.genblk1.genblk1.genblk1.genblk1.genblk1.genblk1.genblk1.lut1.genblk1.genblk1.genblk1.genblk1.genblk1.genblk1.genblk1.genblk1.genblk1.lut1 (6 -> 0)
  Optimizing lut $abc$76505$auto$blifparse.cc:557:parse_blif$80631.genblk1.genblk1.genblk1.genblk1.genblk1.genblk1.genblk1.genblk1.genblk1.genblk1.lut1.genblk1.genblk1.genblk1.genblk1.genblk1.genblk1.genblk1.genblk1.genblk1.lut1 (6 -> 2)
  Optimizing lut $abc$76505$auto$blifparse.cc:557:parse_blif$80589.genblk1.genblk1.genblk1.genblk1.genblk1.genblk1.genblk1.genblk1.genblk1.lut0 (6 -> 3)
  Optimizing lut $abc$76505$auto$blifparse.cc:557:parse_blif$80589.genblk1.genblk1.genblk1.genblk1.genblk1.genblk1.genblk1.genblk1.genblk1.lut1 (6 -> 4)
  Optimizing lut $abc$76505$auto$blifparse.cc:557:parse_blif$88045.genblk1.genblk1.genblk1.genblk1.genblk1.genblk1.genblk1.genblk1.genblk1.lut0 (6 -> 0)
  Optimizing lut $abc$76505$auto$blifparse.cc:557:parse_blif$77347.genblk1.genblk1.genblk1.genblk1.genblk1.genblk1.genblk1.genblk1.genblk1.lut1 (6 -> 0)
  Optimizing lut $abc$76505$auto$blifparse.cc:557:parse_blif$80795.genblk1.genblk1.genblk1.genblk1.genblk1.genblk1.genblk1.genblk1.genblk1.lut0 (6 -> 5)
  Optimizing lut $abc$76505$auto$blifparse.cc:557:parse_blif$80779.genblk1.genblk1.genblk1.genblk1.genblk1.genblk1.genblk1.genblk1.genblk1.lut1 (6 -> 5)
  Optimizing lut $abc$76505$auto$blifparse.cc:557:parse_blif$80795.genblk1.genblk1.genblk1.genblk1.genblk1.genblk1.genblk1.genblk1.genblk1.lut1 (6 -> 1)
  Optimizing lut $abc$76505$auto$blifparse.cc:557:parse_blif$80917.genblk1.genblk1.genblk1.genblk1.genblk1.genblk1.genblk1.genblk1.genblk1.lut0 (6 -> 1)
  Optimizing lut $abc$76505$auto$blifparse.cc:557:parse_blif$80745.genblk1.genblk1.genblk1.genblk1.genblk1.genblk1.genblk1.genblk1.genblk1.lut0 (6 -> 3)
  Optimizing lut $abc$76505$auto$blifparse.cc:557:parse_blif$80809.genblk1.genblk1.genblk1.genblk1.genblk1.genblk1.genblk1.genblk1.genblk1.lut0 (6 -> 5)
  Optimizing lut $abc$76505$auto$blifparse.cc:557:parse_blif$80797.genblk1.genblk1.genblk1.genblk1.genblk1.genblk1.genblk1.genblk1.genblk1.lut1 (6 -> 5)
  Optimizing lut $abc$76505$auto$blifparse.cc:557:parse_blif$80814.genblk1.genblk1.genblk1.genblk1.genblk1.genblk1.genblk1.genblk1.genblk1.lut0 (6 -> 0)
  Optimizing lut $abc$76505$auto$blifparse.cc:557:parse_blif$80812.genblk1.genblk1.genblk1.genblk1.genblk1.genblk1.genblk1.genblk1.genblk1.lut0 (6 -> 4)
  Optimizing lut $abc$76505$auto$blifparse.cc:557:parse_blif$80847.genblk1.genblk1.genblk1.genblk1.genblk1.genblk1.genblk1.genblk1.genblk1.lut1 (6 -> 4)
  Optimizing lut $abc$76505$auto$blifparse.cc:557:parse_blif$80847.genblk1.genblk1.genblk1.genblk1.genblk1.genblk1.genblk1.genblk1.genblk1.lut0 (6 -> 4)
  Optimizing lut $abc$76505$auto$blifparse.cc:557:parse_blif$80912.genblk1.genblk1.genblk1.genblk1.genblk1.genblk1.genblk1.genblk1.genblk1.lut1 (6 -> 1)
  Optimizing lut $abc$76505$auto$blifparse.cc:557:parse_blif$80812.genblk1.genblk1.genblk1.genblk1.genblk1.genblk1.genblk1.genblk1.genblk1.lut1 (6 -> 3)
  Optimizing lut $abc$76505$auto$blifparse.cc:557:parse_blif$80816.genblk1.genblk1.genblk1.genblk1.genblk1.genblk1.genblk1.genblk1.genblk1.lut1 (6 -> 4)
  Optimizing lut $abc$76505$auto$blifparse.cc:557:parse_blif$80817.genblk1.genblk1.genblk1.genblk1.genblk1.genblk1.genblk1.genblk1.genblk1.lut1 (6 -> 4)
  Optimizing lut $abc$76505$auto$blifparse.cc:557:parse_blif$80819.genblk1.genblk1.genblk1.genblk1.genblk1.genblk1.genblk1.genblk1.genblk1.genblk1.lut0.genblk1.genblk1.genblk1.genblk1.genblk1.genblk1.genblk1.genblk1.genblk1.lut1 (6 -> 1)
  Optimizing lut $abc$76505$auto$blifparse.cc:557:parse_blif$80809.genblk1.genblk1.genblk1.genblk1.genblk1.genblk1.genblk1.genblk1.genblk1.lut1 (6 -> 1)
  Optimizing lut $abc$76505$auto$blifparse.cc:557:parse_blif$80822.genblk1.genblk1.genblk1.genblk1.genblk1.genblk1.genblk1.genblk1.genblk1.lut0 (6 -> 3)
  Optimizing lut $abc$76505$auto$blifparse.cc:557:parse_blif$80926.genblk1.genblk1.genblk1.genblk1.genblk1.genblk1.genblk1.genblk1.genblk1.lut1 (6 -> 1)
  Optimizing lut $abc$76505$auto$blifparse.cc:557:parse_blif$80822.genblk1.genblk1.genblk1.genblk1.genblk1.genblk1.genblk1.genblk1.genblk1.lut1 (6 -> 4)
  Optimizing lut $abc$76505$auto$blifparse.cc:557:parse_blif$80823.genblk1.genblk1.genblk1.genblk1.genblk1.genblk1.genblk1.genblk1.genblk1.lut1 (6 -> 4)
  Optimizing lut $abc$76505$auto$blifparse.cc:557:parse_blif$80825.genblk1.genblk1.genblk1.genblk1.genblk1.genblk1.genblk1.genblk1.genblk1.genblk1.lut0.genblk1.genblk1.genblk1.genblk1.genblk1.genblk1.genblk1.genblk1.genblk1.lut1 (6 -> 1)
  Optimizing lut $abc$76505$auto$blifparse.cc:557:parse_blif$80828.genblk1.genblk1.genblk1.genblk1.genblk1.genblk1.genblk1.genblk1.genblk1.lut0 (6 -> 4)
  Optimizing lut $abc$76505$auto$blifparse.cc:557:parse_blif$80825.genblk1.genblk1.genblk1.genblk1.genblk1.genblk1.genblk1.genblk1.genblk1.genblk1.lut0.genblk1.genblk1.genblk1.genblk1.genblk1.genblk1.genblk1.genblk1.genblk1.lut0 (6 -> 2)
  Optimizing lut $abc$76505$auto$blifparse.cc:557:parse_blif$80830.genblk1.genblk1.genblk1.genblk1.genblk1.genblk1.genblk1.genblk1.genblk1.lut0 (6 -> 0)
  Optimizing lut $abc$76505$auto$blifparse.cc:557:parse_blif$80828.genblk1.genblk1.genblk1.genblk1.genblk1.genblk1.genblk1.genblk1.genblk1.lut1 (6 -> 3)
  Optimizing lut $abc$76505$auto$blifparse.cc:557:parse_blif$80841.genblk1.genblk1.genblk1.genblk1.genblk1.genblk1.genblk1.genblk1.genblk1.lut0 (6 -> 5)
  Optimizing lut $abc$76505$auto$blifparse.cc:557:parse_blif$80820.genblk1.genblk1.genblk1.genblk1.genblk1.genblk1.genblk1.genblk1.genblk1.lut1 (6 -> 5)
  Optimizing lut $abc$76505$auto$blifparse.cc:557:parse_blif$80917.genblk1.genblk1.genblk1.genblk1.genblk1.genblk1.genblk1.genblk1.genblk1.lut1 (6 -> 5)
  Optimizing lut $abc$76505$auto$blifparse.cc:557:parse_blif$80841.genblk1.genblk1.genblk1.genblk1.genblk1.genblk1.genblk1.genblk1.genblk1.lut1 (6 -> 1)
  Optimizing lut $abc$76505$auto$blifparse.cc:557:parse_blif$80905.genblk1.genblk1.genblk1.genblk1.genblk1.genblk1.genblk1.genblk1.genblk1.lut0 (6 -> 1)
  Optimizing lut $abc$76505$auto$blifparse.cc:557:parse_blif$80920.genblk1.genblk1.genblk1.genblk1.genblk1.genblk1.genblk1.genblk1.genblk1.lut1 (6 -> 1)
  Optimizing lut $abc$76505$auto$blifparse.cc:557:parse_blif$77293.genblk1.genblk1.genblk1.genblk1.genblk1.genblk1.genblk1.genblk1.genblk1.genblk1.lut0.genblk1.genblk1.genblk1.genblk1.genblk1.genblk1.genblk1.genblk1.genblk1.lut0 (6 -> 0)
  Optimizing lut $abc$76505$auto$blifparse.cc:557:parse_blif$77346.genblk1.genblk1.genblk1.genblk1.genblk1.genblk1.genblk1.genblk1.genblk1.genblk1.lut1.genblk1.genblk1.genblk1.genblk1.genblk1.genblk1.genblk1.genblk1.genblk1.lut1 (6 -> 0)
  Optimizing lut $abc$76505$auto$blifparse.cc:557:parse_blif$80859.genblk1.genblk1.genblk1.genblk1.genblk1.genblk1.genblk1.genblk1.genblk1.lut0 (6 -> 5)
  Optimizing lut $abc$76505$auto$blifparse.cc:557:parse_blif$80845.genblk1.genblk1.genblk1.genblk1.genblk1.genblk1.genblk1.genblk1.genblk1.lut1 (6 -> 5)
  Optimizing lut $abc$76505$auto$blifparse.cc:557:parse_blif$80859.genblk1.genblk1.genblk1.genblk1.genblk1.genblk1.genblk1.genblk1.genblk1.lut1 (6 -> 1)
  Optimizing lut $abc$76505$auto$blifparse.cc:557:parse_blif$80913.genblk1.genblk1.genblk1.genblk1.genblk1.genblk1.genblk1.genblk1.genblk1.lut0 (6 -> 1)
  Optimizing lut $abc$76505$auto$blifparse.cc:557:parse_blif$80874.genblk1.genblk1.genblk1.genblk1.genblk1.genblk1.genblk1.genblk1.genblk1.lut0 (6 -> 5)
  Optimizing lut $abc$76505$auto$blifparse.cc:557:parse_blif$80861.genblk1.genblk1.genblk1.genblk1.genblk1.genblk1.genblk1.genblk1.genblk1.lut1 (6 -> 5)
  Optimizing lut $abc$76505$auto$blifparse.cc:557:parse_blif$80874.genblk1.genblk1.genblk1.genblk1.genblk1.genblk1.genblk1.genblk1.genblk1.lut1 (6 -> 1)
  Optimizing lut $abc$76505$auto$blifparse.cc:557:parse_blif$80816.genblk1.genblk1.genblk1.genblk1.genblk1.genblk1.genblk1.genblk1.genblk1.lut0 (6 -> 3)
  Optimizing lut $abc$76505$auto$blifparse.cc:557:parse_blif$88090.genblk1.genblk1.genblk1.genblk1.genblk1.genblk1.genblk1.genblk1.genblk1.genblk1.lut1.genblk1.genblk1.genblk1.genblk1.genblk1.genblk1.genblk1.genblk1.genblk1.lut1 (6 -> 0)
  Optimizing lut $abc$76505$auto$blifparse.cc:557:parse_blif$80886.genblk1.genblk1.genblk1.genblk1.genblk1.genblk1.genblk1.genblk1.genblk1.lut0 (6 -> 5)
  Optimizing lut $abc$76505$auto$blifparse.cc:557:parse_blif$80876.genblk1.genblk1.genblk1.genblk1.genblk1.genblk1.genblk1.genblk1.genblk1.lut1 (6 -> 5)
  Optimizing lut $abc$76505$auto$blifparse.cc:557:parse_blif$80886.genblk1.genblk1.genblk1.genblk1.genblk1.genblk1.genblk1.genblk1.genblk1.lut1 (6 -> 1)
  Optimizing lut $abc$76505$auto$blifparse.cc:557:parse_blif$80899.genblk1.genblk1.genblk1.genblk1.genblk1.genblk1.genblk1.genblk1.genblk1.lut0 (6 -> 1)
  Optimizing lut $abc$76505$auto$blifparse.cc:557:parse_blif$80894.genblk1.genblk1.genblk1.genblk1.genblk1.genblk1.genblk1.genblk1.genblk1.lut1 (6 -> 5)
  Optimizing lut $abc$76505$auto$blifparse.cc:557:parse_blif$80734.genblk1.genblk1.genblk1.genblk1.genblk1.genblk1.genblk1.genblk1.genblk1.genblk1.lut1.genblk1.genblk1.genblk1.genblk1.genblk1.genblk1.genblk1.genblk1.genblk1.lut1 (6 -> 2)
  Optimizing lut $abc$76505$auto$blifparse.cc:557:parse_blif$80899.genblk1.genblk1.genblk1.genblk1.genblk1.genblk1.genblk1.genblk1.genblk1.lut1 (6 -> 5)
  Optimizing lut $abc$76505$auto$blifparse.cc:557:parse_blif$80904.genblk1.genblk1.genblk1.genblk1.genblk1.genblk1.genblk1.genblk1.genblk1.lut0 (6 -> 5)
  Optimizing lut $abc$76505$auto$blifparse.cc:557:parse_blif$80901.genblk1.genblk1.genblk1.genblk1.genblk1.genblk1.genblk1.genblk1.genblk1.lut1 (6 -> 5)
  Optimizing lut $abc$76505$auto$blifparse.cc:557:parse_blif$80904.genblk1.genblk1.genblk1.genblk1.genblk1.genblk1.genblk1.genblk1.genblk1.lut1 (6 -> 1)
  Optimizing lut $abc$76505$auto$blifparse.cc:557:parse_blif$80908.genblk1.genblk1.genblk1.genblk1.genblk1.genblk1.genblk1.genblk1.genblk1.lut0 (6 -> 5)
  Optimizing lut $abc$76505$auto$blifparse.cc:557:parse_blif$80905.genblk1.genblk1.genblk1.genblk1.genblk1.genblk1.genblk1.genblk1.genblk1.lut1 (6 -> 5)
  Optimizing lut $abc$76505$auto$blifparse.cc:557:parse_blif$80740.genblk1.genblk1.genblk1.genblk1.genblk1.genblk1.genblk1.genblk1.genblk1.lut1 (6 -> 4)
  Optimizing lut $abc$76505$auto$blifparse.cc:557:parse_blif$80912.genblk1.genblk1.genblk1.genblk1.genblk1.genblk1.genblk1.genblk1.genblk1.lut0 (6 -> 5)
  Optimizing lut $abc$76505$auto$blifparse.cc:557:parse_blif$80909.genblk1.genblk1.genblk1.genblk1.genblk1.genblk1.genblk1.genblk1.genblk1.lut1 (6 -> 5)
  Optimizing lut $abc$76505$auto$blifparse.cc:557:parse_blif$80916.genblk1.genblk1.genblk1.genblk1.genblk1.genblk1.genblk1.genblk1.genblk1.lut0 (6 -> 5)
  Optimizing lut $abc$76505$auto$blifparse.cc:557:parse_blif$80913.genblk1.genblk1.genblk1.genblk1.genblk1.genblk1.genblk1.genblk1.genblk1.lut1 (6 -> 5)
  Optimizing lut $abc$76505$auto$blifparse.cc:557:parse_blif$80916.genblk1.genblk1.genblk1.genblk1.genblk1.genblk1.genblk1.genblk1.genblk1.lut1 (6 -> 1)
  Optimizing lut $abc$76505$auto$blifparse.cc:557:parse_blif$80920.genblk1.genblk1.genblk1.genblk1.genblk1.genblk1.genblk1.genblk1.genblk1.lut0 (6 -> 5)
  Optimizing lut $abc$76505$auto$blifparse.cc:557:parse_blif$80842.genblk1.genblk1.genblk1.genblk1.genblk1.genblk1.genblk1.genblk1.genblk1.lut1 (6 -> 4)
  Optimizing lut $abc$76505$auto$blifparse.cc:557:parse_blif$80819.genblk1.genblk1.genblk1.genblk1.genblk1.genblk1.genblk1.genblk1.genblk1.genblk1.lut0.genblk1.genblk1.genblk1.genblk1.genblk1.genblk1.genblk1.genblk1.genblk1.lut0 (6 -> 2)
  Optimizing lut $abc$76505$auto$blifparse.cc:557:parse_blif$80921.genblk1.genblk1.genblk1.genblk1.genblk1.genblk1.genblk1.genblk1.genblk1.lut1 (6 -> 5)
  Optimizing lut $abc$76505$auto$blifparse.cc:557:parse_blif$80926.genblk1.genblk1.genblk1.genblk1.genblk1.genblk1.genblk1.genblk1.genblk1.lut0 (6 -> 5)
  Optimizing lut $abc$76505$auto$blifparse.cc:557:parse_blif$80547.genblk1.genblk1.genblk1.genblk1.genblk1.genblk1.genblk1.genblk1.genblk1.lut1 (6 -> 4)
  Optimizing lut $abc$76505$auto$blifparse.cc:557:parse_blif$80929.genblk1.genblk1.genblk1.genblk1.genblk1.genblk1.genblk1.genblk1.genblk1.lut0 (6 -> 5)
  Optimizing lut $abc$76505$auto$blifparse.cc:557:parse_blif$87983.genblk1.genblk1.genblk1.genblk1.genblk1.genblk1.genblk1.genblk1.genblk1.genblk1.lut1.genblk1.genblk1.genblk1.genblk1.genblk1.genblk1.genblk1.genblk1.genblk1.lut1 (6 -> 0)
  Optimizing lut $abc$76505$auto$blifparse.cc:557:parse_blif$81941.genblk1.genblk1.genblk1.genblk1.genblk1.genblk1.genblk1.genblk1.genblk1.genblk1.lut0.genblk1.genblk1.genblk1.genblk1.genblk1.genblk1.genblk1.genblk1.genblk1.lut1 (6 -> 0)
  Optimizing lut $abc$76505$auto$blifparse.cc:557:parse_blif$81968.genblk1.genblk1.genblk1.genblk1.genblk1.genblk1.genblk1.genblk1.genblk1.genblk1.lut0.genblk1.genblk1.genblk1.genblk1.genblk1.genblk1.genblk1.genblk1.genblk1.lut1 (6 -> 0)
  Optimizing lut $abc$76505$auto$blifparse.cc:557:parse_blif$82012.genblk1.genblk1.genblk1.genblk1.genblk1.genblk1.genblk1.genblk1.genblk1.genblk1.lut0.genblk1.genblk1.genblk1.genblk1.genblk1.genblk1.genblk1.genblk1.genblk1.lut1 (6 -> 0)
  Optimizing lut $abc$76505$auto$blifparse.cc:557:parse_blif$82442.genblk1.genblk1.genblk1.genblk1.genblk1.genblk1.genblk1.genblk1.genblk1.genblk1.lut0.genblk1.genblk1.genblk1.genblk1.genblk1.genblk1.genblk1.genblk1.genblk1.lut1 (6 -> 0)
  Optimizing lut $abc$76505$auto$blifparse.cc:557:parse_blif$88075.genblk1.genblk1.genblk1.genblk1.genblk1.genblk1.genblk1.genblk1.genblk1.lut0 (6 -> 0)
  Optimizing lut $abc$76505$auto$blifparse.cc:557:parse_blif$82450.genblk1.genblk1.genblk1.genblk1.genblk1.genblk1.genblk1.genblk1.genblk1.genblk1.lut0.genblk1.genblk1.genblk1.genblk1.genblk1.genblk1.genblk1.genblk1.genblk1.lut1 (6 -> 0)
  Optimizing lut $abc$76505$auto$blifparse.cc:557:parse_blif$82452.genblk1.genblk1.genblk1.genblk1.genblk1.genblk1.genblk1.genblk1.genblk1.genblk1.lut0.genblk1.genblk1.genblk1.genblk1.genblk1.genblk1.genblk1.genblk1.genblk1.lut1 (6 -> 0)
  Optimizing lut $abc$76505$auto$blifparse.cc:557:parse_blif$82509.genblk1.genblk1.genblk1.genblk1.genblk1.genblk1.genblk1.genblk1.genblk1.genblk1.lut0.genblk1.genblk1.genblk1.genblk1.genblk1.genblk1.genblk1.genblk1.genblk1.lut1 (6 -> 0)
  Optimizing lut $abc$76505$auto$blifparse.cc:557:parse_blif$82547.genblk1.genblk1.genblk1.genblk1.genblk1.genblk1.genblk1.genblk1.genblk1.genblk1.lut0.genblk1.genblk1.genblk1.genblk1.genblk1.genblk1.genblk1.genblk1.genblk1.lut1 (6 -> 0)
  Optimizing lut $abc$76505$auto$blifparse.cc:557:parse_blif$82911.genblk1.genblk1.genblk1.genblk1.genblk1.genblk1.genblk1.genblk1.genblk1.genblk1.lut0.genblk1.genblk1.genblk1.genblk1.genblk1.genblk1.genblk1.genblk1.genblk1.lut1 (6 -> 0)
  Optimizing lut $abc$76505$auto$blifparse.cc:557:parse_blif$88030.genblk1.genblk1.genblk1.genblk1.genblk1.genblk1.genblk1.genblk1.genblk1.lut0 (6 -> 0)
  Optimizing lut $abc$76505$auto$blifparse.cc:557:parse_blif$83508.genblk1.genblk1.genblk1.genblk1.genblk1.genblk1.genblk1.genblk1.genblk1.genblk1.lut0.genblk1.genblk1.genblk1.genblk1.genblk1.genblk1.genblk1.genblk1.genblk1.lut1 (6 -> 0)
  Optimizing lut $abc$76505$auto$blifparse.cc:557:parse_blif$83509.genblk1.genblk1.genblk1.genblk1.genblk1.genblk1.genblk1.genblk1.genblk1.genblk1.lut0.genblk1.genblk1.genblk1.genblk1.genblk1.genblk1.genblk1.genblk1.genblk1.lut1 (6 -> 0)
  Optimizing lut $abc$76505$auto$blifparse.cc:557:parse_blif$78564.genblk1.genblk1.genblk1.genblk1.genblk1.genblk1.genblk1.genblk1.genblk1.lut1 (6 -> 0)
  Optimizing lut $abc$76505$auto$blifparse.cc:557:parse_blif$87235.genblk1.genblk1.genblk1.genblk1.genblk1.genblk1.genblk1.genblk1.genblk1.lut0 (6 -> 0)
  Optimizing lut $abc$76505$auto$blifparse.cc:557:parse_blif$83509.genblk1.genblk1.genblk1.genblk1.genblk1.genblk1.genblk1.genblk1.genblk1.genblk1.lut0.genblk1.genblk1.genblk1.genblk1.genblk1.genblk1.genblk1.genblk1.genblk1.lut0 (6 -> 0)
  Optimizing lut $abc$76505$auto$blifparse.cc:557:parse_blif$87256.genblk1.genblk1.genblk1.genblk1.genblk1.genblk1.genblk1.genblk1.genblk1.genblk1.lut1.genblk1.genblk1.genblk1.genblk1.genblk1.genblk1.genblk1.genblk1.genblk1.lut1 (6 -> 0)
  Optimizing lut $abc$76505$auto$blifparse.cc:557:parse_blif$87256.genblk1.genblk1.genblk1.genblk1.genblk1.genblk1.genblk1.genblk1.genblk1.genblk1.lut0.genblk1.genblk1.genblk1.genblk1.genblk1.genblk1.genblk1.genblk1.genblk1.lut1 (6 -> 0)
  Optimizing lut $abc$76505$auto$blifparse.cc:557:parse_blif$87264.genblk1.genblk1.genblk1.genblk1.genblk1.genblk1.genblk1.genblk1.genblk1.genblk1.lut1.genblk1.genblk1.genblk1.genblk1.genblk1.genblk1.genblk1.genblk1.genblk1.lut1 (6 -> 0)
  Optimizing lut $abc$76505$auto$blifparse.cc:557:parse_blif$87264.genblk1.genblk1.genblk1.genblk1.genblk1.genblk1.genblk1.genblk1.genblk1.genblk1.lut0.genblk1.genblk1.genblk1.genblk1.genblk1.genblk1.genblk1.genblk1.genblk1.lut1 (6 -> 0)
  Optimizing lut $abc$76505$auto$blifparse.cc:557:parse_blif$87276.genblk1.genblk1.genblk1.genblk1.genblk1.genblk1.genblk1.genblk1.genblk1.genblk1.lut1.genblk1.genblk1.genblk1.genblk1.genblk1.genblk1.genblk1.genblk1.genblk1.lut1 (6 -> 0)
  Optimizing lut $abc$76505$auto$blifparse.cc:557:parse_blif$87276.genblk1.genblk1.genblk1.genblk1.genblk1.genblk1.genblk1.genblk1.genblk1.genblk1.lut0.genblk1.genblk1.genblk1.genblk1.genblk1.genblk1.genblk1.genblk1.genblk1.lut1 (6 -> 0)
  Optimizing lut $abc$76505$auto$blifparse.cc:557:parse_blif$87278.genblk1.genblk1.genblk1.genblk1.genblk1.genblk1.genblk1.genblk1.genblk1.lut0 (6 -> 0)
  Optimizing lut $abc$76505$auto$blifparse.cc:557:parse_blif$87292.genblk1.genblk1.genblk1.genblk1.genblk1.genblk1.genblk1.genblk1.genblk1.genblk1.lut1.genblk1.genblk1.genblk1.genblk1.genblk1.genblk1.genblk1.genblk1.genblk1.lut1 (6 -> 0)
  Optimizing lut $abc$76505$auto$blifparse.cc:557:parse_blif$87292.genblk1.genblk1.genblk1.genblk1.genblk1.genblk1.genblk1.genblk1.genblk1.genblk1.lut0.genblk1.genblk1.genblk1.genblk1.genblk1.genblk1.genblk1.genblk1.genblk1.lut1 (6 -> 0)
  Optimizing lut $abc$76505$auto$blifparse.cc:557:parse_blif$87293.genblk1.genblk1.genblk1.genblk1.genblk1.genblk1.genblk1.genblk1.genblk1.genblk1.lut0.genblk1.genblk1.genblk1.genblk1.genblk1.genblk1.genblk1.genblk1.genblk1.lut1 (6 -> 0)
  Optimizing lut $abc$76505$auto$blifparse.cc:557:parse_blif$87294.genblk1.genblk1.genblk1.genblk1.genblk1.genblk1.genblk1.genblk1.genblk1.genblk1.lut0.genblk1.genblk1.genblk1.genblk1.genblk1.genblk1.genblk1.genblk1.genblk1.lut1 (6 -> 0)
  Optimizing lut $abc$76505$auto$blifparse.cc:557:parse_blif$87295.genblk1.genblk1.genblk1.genblk1.genblk1.genblk1.genblk1.genblk1.genblk1.genblk1.lut0.genblk1.genblk1.genblk1.genblk1.genblk1.genblk1.genblk1.genblk1.genblk1.lut1 (6 -> 0)
  Optimizing lut $abc$76505$auto$blifparse.cc:557:parse_blif$87297.genblk1.genblk1.genblk1.genblk1.genblk1.genblk1.genblk1.genblk1.genblk1.genblk1.lut1.genblk1.genblk1.genblk1.genblk1.genblk1.genblk1.genblk1.genblk1.genblk1.lut1 (6 -> 0)
  Optimizing lut $abc$76505$auto$blifparse.cc:557:parse_blif$87297.genblk1.genblk1.genblk1.genblk1.genblk1.genblk1.genblk1.genblk1.genblk1.genblk1.lut0.genblk1.genblk1.genblk1.genblk1.genblk1.genblk1.genblk1.genblk1.genblk1.lut1 (6 -> 0)
  Optimizing lut $abc$76505$auto$blifparse.cc:557:parse_blif$87306.genblk1.genblk1.genblk1.genblk1.genblk1.genblk1.genblk1.genblk1.genblk1.genblk1.lut0.genblk1.genblk1.genblk1.genblk1.genblk1.genblk1.genblk1.genblk1.genblk1.lut1 (6 -> 0)
  Optimizing lut $abc$76505$auto$blifparse.cc:557:parse_blif$87322.genblk1.genblk1.genblk1.genblk1.genblk1.genblk1.genblk1.genblk1.genblk1.lut0 (6 -> 0)
  Optimizing lut $abc$76505$auto$blifparse.cc:557:parse_blif$87331.genblk1.genblk1.genblk1.genblk1.genblk1.genblk1.genblk1.genblk1.genblk1.genblk1.lut0.genblk1.genblk1.genblk1.genblk1.genblk1.genblk1.genblk1.genblk1.genblk1.lut1 (6 -> 0)
  Optimizing lut $abc$76505$auto$blifparse.cc:557:parse_blif$87332.genblk1.genblk1.genblk1.genblk1.genblk1.genblk1.genblk1.genblk1.genblk1.genblk1.lut0.genblk1.genblk1.genblk1.genblk1.genblk1.genblk1.genblk1.genblk1.genblk1.lut1 (6 -> 0)
  Optimizing lut $abc$76505$auto$blifparse.cc:557:parse_blif$87333.genblk1.genblk1.genblk1.genblk1.genblk1.genblk1.genblk1.genblk1.genblk1.genblk1.lut0.genblk1.genblk1.genblk1.genblk1.genblk1.genblk1.genblk1.genblk1.genblk1.lut1 (6 -> 0)
  Optimizing lut $abc$76505$auto$blifparse.cc:557:parse_blif$87334.genblk1.genblk1.genblk1.genblk1.genblk1.genblk1.genblk1.genblk1.genblk1.genblk1.lut0.genblk1.genblk1.genblk1.genblk1.genblk1.genblk1.genblk1.genblk1.genblk1.lut1 (6 -> 0)
  Optimizing lut $abc$76505$auto$blifparse.cc:557:parse_blif$87335.genblk1.genblk1.genblk1.genblk1.genblk1.genblk1.genblk1.genblk1.genblk1.genblk1.lut0.genblk1.genblk1.genblk1.genblk1.genblk1.genblk1.genblk1.genblk1.genblk1.lut1 (6 -> 0)
  Optimizing lut $abc$76505$auto$blifparse.cc:557:parse_blif$87338.genblk1.genblk1.genblk1.genblk1.genblk1.genblk1.genblk1.genblk1.genblk1.genblk1.lut0.genblk1.genblk1.genblk1.genblk1.genblk1.genblk1.genblk1.genblk1.genblk1.lut1 (6 -> 0)
  Optimizing lut $abc$76505$auto$blifparse.cc:557:parse_blif$87339.genblk1.genblk1.genblk1.genblk1.genblk1.genblk1.genblk1.genblk1.genblk1.genblk1.lut0.genblk1.genblk1.genblk1.genblk1.genblk1.genblk1.genblk1.genblk1.genblk1.lut1 (6 -> 0)
  Optimizing lut $abc$76505$auto$blifparse.cc:557:parse_blif$87340.genblk1.genblk1.genblk1.genblk1.genblk1.genblk1.genblk1.genblk1.genblk1.genblk1.lut0.genblk1.genblk1.genblk1.genblk1.genblk1.genblk1.genblk1.genblk1.genblk1.lut1 (6 -> 0)
  Optimizing lut $abc$76505$auto$blifparse.cc:557:parse_blif$87341.genblk1.genblk1.genblk1.genblk1.genblk1.genblk1.genblk1.genblk1.genblk1.genblk1.lut0.genblk1.genblk1.genblk1.genblk1.genblk1.genblk1.genblk1.genblk1.genblk1.lut1 (6 -> 0)
  Optimizing lut $abc$76505$auto$blifparse.cc:557:parse_blif$87342.genblk1.genblk1.genblk1.genblk1.genblk1.genblk1.genblk1.genblk1.genblk1.genblk1.lut0.genblk1.genblk1.genblk1.genblk1.genblk1.genblk1.genblk1.genblk1.genblk1.lut1 (6 -> 0)
  Optimizing lut $abc$76505$auto$blifparse.cc:557:parse_blif$87343.genblk1.genblk1.genblk1.genblk1.genblk1.genblk1.genblk1.genblk1.genblk1.genblk1.lut0.genblk1.genblk1.genblk1.genblk1.genblk1.genblk1.genblk1.genblk1.genblk1.lut1 (6 -> 0)
  Optimizing lut $abc$76505$auto$blifparse.cc:557:parse_blif$87344.genblk1.genblk1.genblk1.genblk1.genblk1.genblk1.genblk1.genblk1.genblk1.genblk1.lut0.genblk1.genblk1.genblk1.genblk1.genblk1.genblk1.genblk1.genblk1.genblk1.lut1 (6 -> 0)
  Optimizing lut $abc$76505$auto$blifparse.cc:557:parse_blif$87345.genblk1.genblk1.genblk1.genblk1.genblk1.genblk1.genblk1.genblk1.genblk1.genblk1.lut0.genblk1.genblk1.genblk1.genblk1.genblk1.genblk1.genblk1.genblk1.genblk1.lut1 (6 -> 0)
  Optimizing lut $abc$76505$auto$blifparse.cc:557:parse_blif$87346.genblk1.genblk1.genblk1.genblk1.genblk1.genblk1.genblk1.genblk1.genblk1.genblk1.lut0.genblk1.genblk1.genblk1.genblk1.genblk1.genblk1.genblk1.genblk1.genblk1.lut1 (6 -> 0)
  Optimizing lut $abc$76505$auto$blifparse.cc:557:parse_blif$87376.genblk1.genblk1.genblk1.genblk1.genblk1.genblk1.genblk1.genblk1.genblk1.lut0 (6 -> 0)
  Optimizing lut $abc$76505$auto$blifparse.cc:557:parse_blif$78733.genblk1.genblk1.genblk1.genblk1.genblk1.genblk1.genblk1.genblk1.genblk1.lut1 (6 -> 4)
  Optimizing lut $abc$76505$auto$blifparse.cc:557:parse_blif$87372.genblk1.genblk1.genblk1.genblk1.genblk1.genblk1.genblk1.genblk1.genblk1.genblk1.lut0.genblk1.genblk1.genblk1.genblk1.genblk1.genblk1.genblk1.genblk1.genblk1.lut1 (6 -> 0)
  Optimizing lut $abc$76505$auto$blifparse.cc:557:parse_blif$76832.genblk1.genblk1.genblk1.genblk1.genblk1.genblk1.genblk1.genblk1.genblk1.lut1 (6 -> 4)
  Optimizing lut $abc$76505$auto$blifparse.cc:557:parse_blif$87375.genblk1.genblk1.genblk1.genblk1.genblk1.genblk1.genblk1.genblk1.genblk1.genblk1.lut0.genblk1.genblk1.genblk1.genblk1.genblk1.genblk1.genblk1.genblk1.genblk1.lut1 (6 -> 0)
  Optimizing lut $abc$76505$auto$blifparse.cc:557:parse_blif$82489.genblk1.genblk1.genblk1.genblk1.genblk1.genblk1.genblk1.genblk1.genblk1.lut0 (6 -> 0)
  Optimizing lut $abc$76505$auto$blifparse.cc:557:parse_blif$87384.genblk1.genblk1.genblk1.genblk1.genblk1.genblk1.genblk1.genblk1.genblk1.genblk1.lut0.genblk1.genblk1.genblk1.genblk1.genblk1.genblk1.genblk1.genblk1.genblk1.lut1 (6 -> 0)
  Optimizing lut $abc$76505$auto$blifparse.cc:557:parse_blif$83489.genblk1.genblk1.genblk1.genblk1.genblk1.genblk1.genblk1.genblk1.genblk1.lut0 (6 -> 0)
  Optimizing lut $abc$76505$auto$blifparse.cc:557:parse_blif$82562.genblk1.genblk1.genblk1.genblk1.genblk1.genblk1.genblk1.genblk1.genblk1.lut0 (6 -> 0)
  Optimizing lut $abc$76505$auto$blifparse.cc:557:parse_blif$87398.genblk1.genblk1.genblk1.genblk1.genblk1.genblk1.genblk1.genblk1.genblk1.genblk1.lut1.genblk1.genblk1.genblk1.genblk1.genblk1.genblk1.genblk1.genblk1.genblk1.lut1 (6 -> 0)
  Optimizing lut $abc$76505$auto$blifparse.cc:557:parse_blif$87398.genblk1.genblk1.genblk1.genblk1.genblk1.genblk1.genblk1.genblk1.genblk1.genblk1.lut0.genblk1.genblk1.genblk1.genblk1.genblk1.genblk1.genblk1.genblk1.genblk1.lut1 (6 -> 0)
  Optimizing lut $abc$76505$auto$blifparse.cc:557:parse_blif$79859.genblk1.genblk1.genblk1.genblk1.genblk1.genblk1.genblk1.genblk1.genblk1.lut0 (6 -> 1)
  Optimizing lut $abc$76505$auto$blifparse.cc:557:parse_blif$82409.genblk1.genblk1.genblk1.genblk1.genblk1.genblk1.genblk1.genblk1.genblk1.lut0 (6 -> 0)
  Optimizing lut $abc$76505$auto$blifparse.cc:557:parse_blif$87461.genblk1.genblk1.genblk1.genblk1.genblk1.genblk1.genblk1.genblk1.genblk1.genblk1.lut0.genblk1.genblk1.genblk1.genblk1.genblk1.genblk1.genblk1.genblk1.genblk1.lut1 (6 -> 0)
  Optimizing lut $abc$76505$auto$blifparse.cc:557:parse_blif$82882.genblk1.genblk1.genblk1.genblk1.genblk1.genblk1.genblk1.genblk1.genblk1.lut0 (6 -> 0)
  Optimizing lut $abc$76505$auto$blifparse.cc:557:parse_blif$83022.genblk1.genblk1.genblk1.genblk1.genblk1.genblk1.genblk1.genblk1.genblk1.lut0 (6 -> 0)
  Optimizing lut $abc$76505$auto$blifparse.cc:557:parse_blif$81934.genblk1.genblk1.genblk1.genblk1.genblk1.genblk1.genblk1.genblk1.genblk1.lut0 (6 -> 0)
  Optimizing lut $abc$76505$auto$blifparse.cc:557:parse_blif$87976.genblk1.genblk1.genblk1.genblk1.genblk1.genblk1.genblk1.genblk1.genblk1.lut0 (6 -> 0)
  Optimizing lut $abc$76505$auto$blifparse.cc:557:parse_blif$87978.genblk1.genblk1.genblk1.genblk1.genblk1.genblk1.genblk1.genblk1.genblk1.lut0 (6 -> 0)
  Optimizing lut $abc$76505$auto$blifparse.cc:557:parse_blif$87980.genblk1.genblk1.genblk1.genblk1.genblk1.genblk1.genblk1.genblk1.genblk1.genblk1.lut0.genblk1.genblk1.genblk1.genblk1.genblk1.genblk1.genblk1.genblk1.genblk1.lut1 (6 -> 0)
  Optimizing lut $abc$76505$auto$blifparse.cc:557:parse_blif$87983.genblk1.genblk1.genblk1.genblk1.genblk1.genblk1.genblk1.genblk1.genblk1.genblk1.lut0.genblk1.genblk1.genblk1.genblk1.genblk1.genblk1.genblk1.genblk1.genblk1.lut1 (6 -> 0)
  Optimizing lut $abc$76505$auto$blifparse.cc:557:parse_blif$87987.genblk1.genblk1.genblk1.genblk1.genblk1.genblk1.genblk1.genblk1.genblk1.genblk1.lut1.genblk1.genblk1.genblk1.genblk1.genblk1.genblk1.genblk1.genblk1.genblk1.lut1 (6 -> 0)
  Optimizing lut $abc$76505$auto$blifparse.cc:557:parse_blif$87987.genblk1.genblk1.genblk1.genblk1.genblk1.genblk1.genblk1.genblk1.genblk1.genblk1.lut0.genblk1.genblk1.genblk1.genblk1.genblk1.genblk1.genblk1.genblk1.genblk1.lut1 (6 -> 0)
  Optimizing lut $abc$76505$auto$blifparse.cc:557:parse_blif$87989.genblk1.genblk1.genblk1.genblk1.genblk1.genblk1.genblk1.genblk1.genblk1.genblk1.lut0.genblk1.genblk1.genblk1.genblk1.genblk1.genblk1.genblk1.genblk1.genblk1.lut1 (6 -> 0)
  Optimizing lut $abc$76505$auto$blifparse.cc:557:parse_blif$87990.genblk1.genblk1.genblk1.genblk1.genblk1.genblk1.genblk1.genblk1.genblk1.genblk1.lut0.genblk1.genblk1.genblk1.genblk1.genblk1.genblk1.genblk1.genblk1.genblk1.lut1 (6 -> 0)
  Optimizing lut $abc$76505$auto$blifparse.cc:557:parse_blif$87995.genblk1.genblk1.genblk1.genblk1.genblk1.genblk1.genblk1.genblk1.genblk1.genblk1.lut0.genblk1.genblk1.genblk1.genblk1.genblk1.genblk1.genblk1.genblk1.genblk1.lut1 (6 -> 0)
  Optimizing lut $abc$76505$auto$blifparse.cc:557:parse_blif$87997.genblk1.genblk1.genblk1.genblk1.genblk1.genblk1.genblk1.genblk1.genblk1.genblk1.lut0.genblk1.genblk1.genblk1.genblk1.genblk1.genblk1.genblk1.genblk1.genblk1.lut1 (6 -> 0)
  Optimizing lut $abc$76505$auto$blifparse.cc:557:parse_blif$88003.genblk1.genblk1.genblk1.genblk1.genblk1.genblk1.genblk1.genblk1.genblk1.genblk1.lut0.genblk1.genblk1.genblk1.genblk1.genblk1.genblk1.genblk1.genblk1.genblk1.lut1 (6 -> 0)
  Optimizing lut $abc$76505$auto$blifparse.cc:557:parse_blif$88010.genblk1.genblk1.genblk1.genblk1.genblk1.genblk1.genblk1.genblk1.genblk1.lut0 (6 -> 0)
  Optimizing lut $abc$76505$auto$blifparse.cc:557:parse_blif$88022.genblk1.genblk1.genblk1.genblk1.genblk1.genblk1.genblk1.genblk1.genblk1.genblk1.lut1.genblk1.genblk1.genblk1.genblk1.genblk1.genblk1.genblk1.genblk1.genblk1.lut1 (6 -> 0)
  Optimizing lut $abc$76505$auto$blifparse.cc:557:parse_blif$88022.genblk1.genblk1.genblk1.genblk1.genblk1.genblk1.genblk1.genblk1.genblk1.genblk1.lut0.genblk1.genblk1.genblk1.genblk1.genblk1.genblk1.genblk1.genblk1.genblk1.lut1 (6 -> 0)
  Optimizing lut $abc$76505$auto$blifparse.cc:557:parse_blif$80337.genblk1.genblk1.genblk1.genblk1.genblk1.genblk1.genblk1.genblk1.genblk1.lut0 (6 -> 0)
  Optimizing lut $abc$76505$auto$blifparse.cc:557:parse_blif$88026.genblk1.genblk1.genblk1.genblk1.genblk1.genblk1.genblk1.genblk1.genblk1.genblk1.lut0.genblk1.genblk1.genblk1.genblk1.genblk1.genblk1.genblk1.genblk1.genblk1.lut1 (6 -> 0)
  Optimizing lut $abc$76505$auto$blifparse.cc:557:parse_blif$88027.genblk1.genblk1.genblk1.genblk1.genblk1.genblk1.genblk1.genblk1.genblk1.genblk1.lut0.genblk1.genblk1.genblk1.genblk1.genblk1.genblk1.genblk1.genblk1.genblk1.lut1 (6 -> 0)
  Optimizing lut $abc$76505$auto$blifparse.cc:557:parse_blif$88036.genblk1.genblk1.genblk1.genblk1.genblk1.genblk1.genblk1.genblk1.genblk1.genblk1.lut1.genblk1.genblk1.genblk1.genblk1.genblk1.genblk1.genblk1.genblk1.genblk1.lut1 (6 -> 0)
  Optimizing lut $abc$76505$auto$blifparse.cc:557:parse_blif$88036.genblk1.genblk1.genblk1.genblk1.genblk1.genblk1.genblk1.genblk1.genblk1.genblk1.lut0.genblk1.genblk1.genblk1.genblk1.genblk1.genblk1.genblk1.genblk1.genblk1.lut1 (6 -> 0)
  Optimizing lut $abc$76505$auto$blifparse.cc:557:parse_blif$88060.genblk1.genblk1.genblk1.genblk1.genblk1.genblk1.genblk1.genblk1.genblk1.lut0 (6 -> 0)
  Optimizing lut $abc$76505$auto$blifparse.cc:557:parse_blif$88071.genblk1.genblk1.genblk1.genblk1.genblk1.genblk1.genblk1.genblk1.genblk1.genblk1.lut0.genblk1.genblk1.genblk1.genblk1.genblk1.genblk1.genblk1.genblk1.genblk1.lut1 (6 -> 0)
  Optimizing lut $abc$76505$auto$blifparse.cc:557:parse_blif$88073.genblk1.genblk1.genblk1.genblk1.genblk1.genblk1.genblk1.genblk1.genblk1.lut0 (6 -> 0)
  Optimizing lut $abc$76505$auto$blifparse.cc:557:parse_blif$88082.genblk1.genblk1.genblk1.genblk1.genblk1.genblk1.genblk1.genblk1.genblk1.genblk1.lut0.genblk1.genblk1.genblk1.genblk1.genblk1.genblk1.genblk1.genblk1.genblk1.lut1 (6 -> 0)
  Optimizing lut $abc$76505$auto$blifparse.cc:557:parse_blif$88090.genblk1.genblk1.genblk1.genblk1.genblk1.genblk1.genblk1.genblk1.genblk1.genblk1.lut0.genblk1.genblk1.genblk1.genblk1.genblk1.genblk1.genblk1.genblk1.genblk1.lut1 (6 -> 0)
  Optimizing lut $abc$76505$auto$blifparse.cc:557:parse_blif$88092.genblk1.genblk1.genblk1.genblk1.genblk1.genblk1.genblk1.genblk1.genblk1.genblk1.lut1.genblk1.genblk1.genblk1.genblk1.genblk1.genblk1.genblk1.genblk1.genblk1.lut1 (6 -> 0)
  Optimizing lut $abc$76505$auto$blifparse.cc:557:parse_blif$88092.genblk1.genblk1.genblk1.genblk1.genblk1.genblk1.genblk1.genblk1.genblk1.genblk1.lut0.genblk1.genblk1.genblk1.genblk1.genblk1.genblk1.genblk1.genblk1.genblk1.lut1 (6 -> 0)
  Optimizing lut $abc$76505$auto$blifparse.cc:557:parse_blif$87384.genblk1.genblk1.genblk1.genblk1.genblk1.genblk1.genblk1.genblk1.genblk1.genblk1.lut0.genblk1.genblk1.genblk1.genblk1.genblk1.genblk1.genblk1.genblk1.genblk1.lut0 (6 -> 0)

5.48. Executing CLKBUFMAP pass (inserting clock buffers).
Inserting BUFG on cap_pdb_parallel_compact_allocation_engine.$iopadmap$clk[0].
Removed 615 unused cells and 38050 unused wires.

5.49. Executing HIERARCHY pass (managing design hierarchy).
Attribute `top' found on module `cap_pdb_parallel_compact_allocation_engine'. Setting top module to cap_pdb_parallel_compact_allocation_engine.

5.49.1. Analyzing design hierarchy..
Top module:  \cap_pdb_parallel_compact_allocation_engine
Used module:     $paramod$cbc3189b30a0f0ae8c16e45df15b3f5a54303a8f\cap_pdb_masked_min32
Used module:     $paramod$b5bfe1d4fce40940586b6e35fec61194ae5a8fde\cap_pdb_state_wide_bank

5.49.2. Analyzing design hierarchy..
Top module:  \cap_pdb_parallel_compact_allocation_engine
Used module:     $paramod$cbc3189b30a0f0ae8c16e45df15b3f5a54303a8f\cap_pdb_masked_min32
Used module:     $paramod$b5bfe1d4fce40940586b6e35fec61194ae5a8fde\cap_pdb_state_wide_bank
Removed 0 unused modules.

5.50. Printing statistics.

=== $paramod$b5bfe1d4fce40940586b6e35fec61194ae5a8fde\cap_pdb_state_wide_bank ===

        +----------Local Count, excluding submodules.
        |
        8 wires
     1081 wire bits
        7 public wires
     1045 public wire bits
        7 ports
     1045 port bits
       15 cells
       15   RAMB18E1

   Estimated number of LCs:          0

=== $paramod$cbc3189b30a0f0ae8c16e45df15b3f5a54303a8f\cap_pdb_masked_min32 ===

        +----------Local Count, excluding submodules.
        |
      638 wires
     3348 wire bits
        3 public wires
      560 public wire bits
        3 ports
      560 port bits
     1202 cells
      144   LUT2
      320   LUT3
       20   LUT4
      367   LUT5
      351   LUT6
      127 submodules
       62   CARRY4
       65   MUXF7

   Estimated number of LCs:       1058

=== cap_pdb_parallel_compact_allocation_engine ===

        +----------Local Count, excluding submodules.
        |
     4771 wires
    49797 wire bits
      141 public wires
    11238 public wire bits
       15 ports
     1056 port bits
    13594 cells
        1   BUFG
     1013   IBUF
      405   INV
       66   LUT1
     5524   LUT2
     1809   LUT3
     1017   LUT4
      851   LUT5
     2865   LUT6
       43   OBUF
     3035 submodules
       13   $paramod$b5bfe1d4fce40940586b6e35fec61194ae5a8fde\cap_pdb_state_wide_bank
       13   $paramod$cbc3189b30a0f0ae8c16e45df15b3f5a54303a8f\cap_pdb_masked_min32
     1700   CARRY4
      462   FDRE
      208   FDSE
      551   MUXF7
       88   MUXF8

   Estimated number of LCs:      20371

=== design hierarchy ===

        +----------Count including submodules.
        |
    29415 cap_pdb_parallel_compact_allocation_engine
       15 $paramod$b5bfe1d4fce40940586b6e35fec61194ae5a8fde\cap_pdb_state_wide_bank
     1202 $paramod$cbc3189b30a0f0ae8c16e45df15b3f5a54303a8f\cap_pdb_masked_min32

        +----------Count including submodules.
        |
    13169 wires
   107374 wire bits
      271 public wires
    32103 public wire bits
      145 ports
    21921 port bits
        - memories
        - memory bits
        - processes
    29415 cells
        1   BUFG
     1013   IBUF
      405   INV
       66   LUT1
     7396   LUT2
     5969   LUT3
     1277   LUT4
     5622   LUT5
     7428   LUT6
       43   OBUF
      195   RAMB18E1
     3035 submodules
       13   $paramod$b5bfe1d4fce40940586b6e35fec61194ae5a8fde\cap_pdb_state_wide_bank
       13   $paramod$cbc3189b30a0f0ae8c16e45df15b3f5a54303a8f\cap_pdb_masked_min32
     1700   CARRY4
      462   FDRE
      208   FDSE
      551   MUXF7
       88   MUXF8

   Estimated number of LCs:      20371

5.51. Executing CHECK pass (checking for obvious problems).
Checking module $paramod$b5bfe1d4fce40940586b6e35fec61194ae5a8fde\cap_pdb_state_wide_bank...
Checking module $paramod$cbc3189b30a0f0ae8c16e45df15b3f5a54303a8f\cap_pdb_masked_min32...
Checking module cap_pdb_parallel_compact_allocation_engine...
Found and reported 0 problems.

6. Executing CHECK pass (checking for obvious problems).
Checking module $paramod$b5bfe1d4fce40940586b6e35fec61194ae5a8fde\cap_pdb_state_wide_bank...
Checking module $paramod$cbc3189b30a0f0ae8c16e45df15b3f5a54303a8f\cap_pdb_masked_min32...
Checking module cap_pdb_parallel_compact_allocation_engine...
Found and reported 0 problems.

7. Printing statistics.

=== $paramod$b5bfe1d4fce40940586b6e35fec61194ae5a8fde\cap_pdb_state_wide_bank ===

        +----------Local Count, excluding submodules.
        |
        8 wires
     1081 wire bits
        7 public wires
     1045 public wire bits
        7 ports
     1045 port bits
       15 cells
       15   RAMB18E1

=== $paramod$cbc3189b30a0f0ae8c16e45df15b3f5a54303a8f\cap_pdb_masked_min32 ===

        +----------Local Count, excluding submodules.
        |
      638 wires
     3348 wire bits
        3 public wires
      560 public wire bits
        3 ports
      560 port bits
     1329 cells
       62   CARRY4
      144   LUT2
      320   LUT3
       20   LUT4
      367   LUT5
      351   LUT6
       65   MUXF7

=== cap_pdb_parallel_compact_allocation_engine ===

        +----------Local Count, excluding submodules.
        |
     4771 wires
    49797 wire bits
      141 public wires
    11238 public wire bits
       15 ports
     1056 port bits
    16603 cells
        1   BUFG
     1700   CARRY4
      462   FDRE
      208   FDSE
     1013   IBUF
      405   INV
       66   LUT1
     5524   LUT2
     1809   LUT3
     1017   LUT4
      851   LUT5
     2865   LUT6
      551   MUXF7
       88   MUXF8
       43   OBUF
       26 submodules
       13   $paramod$b5bfe1d4fce40940586b6e35fec61194ae5a8fde\cap_pdb_state_wide_bank
       13   $paramod$cbc3189b30a0f0ae8c16e45df15b3f5a54303a8f\cap_pdb_masked_min32

=== design hierarchy ===

        +----------Count including submodules.
        |
    34075 cap_pdb_parallel_compact_allocation_engine
       15 $paramod$b5bfe1d4fce40940586b6e35fec61194ae5a8fde\cap_pdb_state_wide_bank
     1329 $paramod$cbc3189b30a0f0ae8c16e45df15b3f5a54303a8f\cap_pdb_masked_min32

        +----------Count including submodules.
        |
    13169 wires
   107374 wire bits
      271 public wires
    32103 public wire bits
      145 ports
    21921 port bits
        - memories
        - memory bits
        - processes
    34075 cells
        1   BUFG
     2506   CARRY4
      462   FDRE
      208   FDSE
     1013   IBUF
      405   INV
       66   LUT1
     7396   LUT2
     5969   LUT3
     1277   LUT4
     5622   LUT5
     7428   LUT6
     1396   MUXF7
       88   MUXF8
       43   OBUF
      195   RAMB18E1
       26 submodules
       13   $paramod$b5bfe1d4fce40940586b6e35fec61194ae5a8fde\cap_pdb_state_wide_bank
       13   $paramod$cbc3189b30a0f0ae8c16e45df15b3f5a54303a8f\cap_pdb_masked_min32

Warnings: 2 unique messages, 4 total
End of script. Logfile hash: 195187a12d, time: 72.34s, user: 72.36s, system: 0.00s
Yosys 0.64 (git sha1 ca8886890, ccache clang++  -O3 -fwasm-exceptions -mllvm) [yowasp/yosys at release]
Time spent: 73% 1x abc (53 sec), 7% 8x techmap (5 sec), ...
