yowasp-yosys: fetched 0% (0 / 53963000)
yowasp-yosys: fetched 20% (10618880 / 53963000)
yowasp-yosys: fetched 100% (53926307 / 53963000)
yowasp-yosys: fetched 100% (53960988 / 53963000)
yowasp-yosys: fetched 100% (53962370 / 53963000)
yowasp-yosys: fetched 100% (53963000 / 53963000)

 /----------------------------------------------------------------------------\
 |  yosys -- Yosys Open SYnthesis Suite                                       |
 |  Copyright (C) 2012 - 2026  Claire Xenia Wolf <claire@yosyshq.com>         |
 |  Distributed under an ISC-like license, type "license" to see terms        |
 \----------------------------------------------------------------------------/
 Yosys 0.64 (git sha1 ca8886890, ccache clang++  -O3 -fwasm-exceptions -mllvm) [yowasp/yosys at release]

-- Running command `read_verilog -sv cap_pdb_parallel_compact_engine.sv; chparam -set K 64 -set ORDER 4 -set GROUPS 13 -set STATE_BITS 5 -set COST_W 16 -set ACC_W 24 -set SPLIT 48 -set LANES 4 cap_pdb_parallel_compact_allocation_engine; hierarchy -top cap_pdb_parallel_compact_allocation_engine; check -assert; synth_xilinx -family xc7 -top cap_pdb_parallel_compact_allocation_engine; check -assert; stat' --

1. Executing Verilog-2005 frontend: cap_pdb_parallel_compact_engine.sv
Parsing SystemVerilog input from `cap_pdb_parallel_compact_engine.sv' to AST representation.
Generating RTLIL representation for module `\cap_pdb_state_wide_bank'.
Generating RTLIL representation for module `\cap_pdb_masked_min32'.
Generating RTLIL representation for module `\cap_pdb_parallel_compact_allocation_engine'.
Warning: Replacing memory \group_minimum with list of registers. See cap_pdb_parallel_compact_engine.sv:259
Warning: Replacing memory \remaining with list of registers. See cap_pdb_parallel_compact_engine.sv:258
Successfully finished Verilog frontend.
Parameter \K = 64
Parameter \ORDER = 4
Parameter \GROUPS = 13
Parameter \STATE_BITS = 5
Parameter \COST_W = 16
Parameter \ACC_W = 24
Parameter \SPLIT = 48
Parameter \LANES = 4

2. Executing AST frontend in derive mode using pre-parsed AST for module `\cap_pdb_parallel_compact_allocation_engine'.
Parameter \K = 64
Parameter \ORDER = 4
Parameter \GROUPS = 13
Parameter \STATE_BITS = 5
Parameter \COST_W = 16
Parameter \ACC_W = 24
Parameter \SPLIT = 48
Parameter \LANES = 4
Generating RTLIL representation for module `$paramod$4943854e032335379fcc2c3a819d7388ffccca63\cap_pdb_parallel_compact_allocation_engine'.
Warning: Replacing memory \group_minimum with list of registers. See cap_pdb_parallel_compact_engine.sv:259
Warning: Replacing memory \remaining with list of registers. See cap_pdb_parallel_compact_engine.sv:258

3. Executing HIERARCHY pass (managing design hierarchy).

3.1. Analyzing design hierarchy..
Top module:  \cap_pdb_parallel_compact_allocation_engine
Used module:     \cap_pdb_state_wide_bank
Used module:     \cap_pdb_masked_min32
Parameter \ROWS = 325
Parameter \ROW_ADDR_W = 9
Parameter \WORD_W = 512

3.2. Executing AST frontend in derive mode using pre-parsed AST for module `\cap_pdb_state_wide_bank'.
Parameter \ROWS = 325
Parameter \ROW_ADDR_W = 9
Parameter \WORD_W = 512
Generating RTLIL representation for module `$paramod$b5bfe1d4fce40940586b6e35fec61194ae5a8fde\cap_pdb_state_wide_bank'.
Parameter \COST_W = 16
Parameter \INF = 16'1111111111111111

3.3. Executing AST frontend in derive mode using pre-parsed AST for module `\cap_pdb_masked_min32'.
Parameter \COST_W = 16
Parameter \INF = 16'1111111111111111
Generating RTLIL representation for module `$paramod$cbc3189b30a0f0ae8c16e45df15b3f5a54303a8f\cap_pdb_masked_min32'.
Parameter \ROWS = 325
Parameter \ROW_ADDR_W = 9
Parameter \WORD_W = 512
Found cached RTLIL representation for module `$paramod$b5bfe1d4fce40940586b6e35fec61194ae5a8fde\cap_pdb_state_wide_bank'.
Parameter \COST_W = 16
Parameter \INF = 16'1111111111111111
Found cached RTLIL representation for module `$paramod$cbc3189b30a0f0ae8c16e45df15b3f5a54303a8f\cap_pdb_masked_min32'.
Parameter \ROWS = 325
Parameter \ROW_ADDR_W = 9
Parameter \WORD_W = 512
Found cached RTLIL representation for module `$paramod$b5bfe1d4fce40940586b6e35fec61194ae5a8fde\cap_pdb_state_wide_bank'.
Parameter \COST_W = 16
Parameter \INF = 16'1111111111111111
Found cached RTLIL representation for module `$paramod$cbc3189b30a0f0ae8c16e45df15b3f5a54303a8f\cap_pdb_masked_min32'.
Parameter \ROWS = 325
Parameter \ROW_ADDR_W = 9
Parameter \WORD_W = 512
Found cached RTLIL representation for module `$paramod$b5bfe1d4fce40940586b6e35fec61194ae5a8fde\cap_pdb_state_wide_bank'.
Parameter \COST_W = 16
Parameter \INF = 16'1111111111111111
Found cached RTLIL representation for module `$paramod$cbc3189b30a0f0ae8c16e45df15b3f5a54303a8f\cap_pdb_masked_min32'.
Parameter \ROWS = 325
Parameter \ROW_ADDR_W = 9
Parameter \WORD_W = 512
Found cached RTLIL representation for module `$paramod$b5bfe1d4fce40940586b6e35fec61194ae5a8fde\cap_pdb_state_wide_bank'.
Parameter \COST_W = 16
Parameter \INF = 16'1111111111111111
Found cached RTLIL representation for module `$paramod$cbc3189b30a0f0ae8c16e45df15b3f5a54303a8f\cap_pdb_masked_min32'.
Parameter \ROWS = 325
Parameter \ROW_ADDR_W = 9
Parameter \WORD_W = 512
Found cached RTLIL representation for module `$paramod$b5bfe1d4fce40940586b6e35fec61194ae5a8fde\cap_pdb_state_wide_bank'.
Parameter \COST_W = 16
Parameter \INF = 16'1111111111111111
Found cached RTLIL representation for module `$paramod$cbc3189b30a0f0ae8c16e45df15b3f5a54303a8f\cap_pdb_masked_min32'.
Parameter \ROWS = 325
Parameter \ROW_ADDR_W = 9
Parameter \WORD_W = 512
Found cached RTLIL representation for module `$paramod$b5bfe1d4fce40940586b6e35fec61194ae5a8fde\cap_pdb_state_wide_bank'.
Parameter \COST_W = 16
Parameter \INF = 16'1111111111111111
Found cached RTLIL representation for module `$paramod$cbc3189b30a0f0ae8c16e45df15b3f5a54303a8f\cap_pdb_masked_min32'.
Parameter \ROWS = 325
Parameter \ROW_ADDR_W = 9
Parameter \WORD_W = 512
Found cached RTLIL representation for module `$paramod$b5bfe1d4fce40940586b6e35fec61194ae5a8fde\cap_pdb_state_wide_bank'.
Parameter \COST_W = 16
Parameter \INF = 16'1111111111111111
Found cached RTLIL representation for module `$paramod$cbc3189b30a0f0ae8c16e45df15b3f5a54303a8f\cap_pdb_masked_min32'.
Parameter \ROWS = 325
Parameter \ROW_ADDR_W = 9
Parameter \WORD_W = 512
Found cached RTLIL representation for module `$paramod$b5bfe1d4fce40940586b6e35fec61194ae5a8fde\cap_pdb_state_wide_bank'.
Parameter \COST_W = 16
Parameter \INF = 16'1111111111111111
Found cached RTLIL representation for module `$paramod$cbc3189b30a0f0ae8c16e45df15b3f5a54303a8f\cap_pdb_masked_min32'.
Parameter \ROWS = 325
Parameter \ROW_ADDR_W = 9
Parameter \WORD_W = 512
Found cached RTLIL representation for module `$paramod$b5bfe1d4fce40940586b6e35fec61194ae5a8fde\cap_pdb_state_wide_bank'.
Parameter \COST_W = 16
Parameter \INF = 16'1111111111111111
Found cached RTLIL representation for module `$paramod$cbc3189b30a0f0ae8c16e45df15b3f5a54303a8f\cap_pdb_masked_min32'.
Parameter \ROWS = 325
Parameter \ROW_ADDR_W = 9
Parameter \WORD_W = 512
Found cached RTLIL representation for module `$paramod$b5bfe1d4fce40940586b6e35fec61194ae5a8fde\cap_pdb_state_wide_bank'.
Parameter \COST_W = 16
Parameter \INF = 16'1111111111111111
Found cached RTLIL representation for module `$paramod$cbc3189b30a0f0ae8c16e45df15b3f5a54303a8f\cap_pdb_masked_min32'.
Parameter \ROWS = 325
Parameter \ROW_ADDR_W = 9
Parameter \WORD_W = 512
Found cached RTLIL representation for module `$paramod$b5bfe1d4fce40940586b6e35fec61194ae5a8fde\cap_pdb_state_wide_bank'.
Parameter \COST_W = 16
Parameter \INF = 16'1111111111111111
Found cached RTLIL representation for module `$paramod$cbc3189b30a0f0ae8c16e45df15b3f5a54303a8f\cap_pdb_masked_min32'.
Parameter \ROWS = 325
Parameter \ROW_ADDR_W = 9
Parameter \WORD_W = 512
Found cached RTLIL representation for module `$paramod$b5bfe1d4fce40940586b6e35fec61194ae5a8fde\cap_pdb_state_wide_bank'.
Parameter \COST_W = 16
Parameter \INF = 16'1111111111111111
Found cached RTLIL representation for module `$paramod$cbc3189b30a0f0ae8c16e45df15b3f5a54303a8f\cap_pdb_masked_min32'.

3.4. Analyzing design hierarchy..
Top module:  \cap_pdb_parallel_compact_allocation_engine
Used module:     $paramod$b5bfe1d4fce40940586b6e35fec61194ae5a8fde\cap_pdb_state_wide_bank
Used module:     $paramod$cbc3189b30a0f0ae8c16e45df15b3f5a54303a8f\cap_pdb_masked_min32

3.5. Analyzing design hierarchy..
Top module:  \cap_pdb_parallel_compact_allocation_engine
Used module:     $paramod$b5bfe1d4fce40940586b6e35fec61194ae5a8fde\cap_pdb_state_wide_bank
Used module:     $paramod$cbc3189b30a0f0ae8c16e45df15b3f5a54303a8f\cap_pdb_masked_min32
Removing unused module `\cap_pdb_masked_min32'.
Removing unused module `\cap_pdb_state_wide_bank'.
Removed 2 unused modules.

4. Executing CHECK pass (checking for obvious problems).
Checking module cap_pdb_parallel_compact_allocation_engine...
Checking module $paramod$cbc3189b30a0f0ae8c16e45df15b3f5a54303a8f\cap_pdb_masked_min32...
Checking module $paramod$b5bfe1d4fce40940586b6e35fec61194ae5a8fde\cap_pdb_state_wide_bank...
Found and reported 0 problems.

5. Executing SYNTH_XILINX pass.

5.1. Executing Verilog-2005 frontend: /share/xilinx/cells_sim.v
Parsing Verilog input from `/share/xilinx/cells_sim.v' to AST representation.
Generating RTLIL representation for module `\VCC'.
Generating RTLIL representation for module `\GND'.
Generating RTLIL representation for module `\IBUF'.
Generating RTLIL representation for module `\IBUFG'.
Generating RTLIL representation for module `\OBUF'.
Generating RTLIL representation for module `\IOBUF'.
Generating RTLIL representation for module `\OBUFT'.
Generating RTLIL representation for module `\BUFG'.
Generating RTLIL representation for module `\BUFGCTRL'.
Generating RTLIL representation for module `\BUFHCE'.
Generating RTLIL representation for module `\INV'.
Generating RTLIL representation for module `\LUT1'.
Generating RTLIL representation for module `\LUT2'.
Generating RTLIL representation for module `\LUT3'.
Generating RTLIL representation for module `\LUT4'.
Generating RTLIL representation for module `\LUT5'.
Generating RTLIL representation for module `\LUT6'.
Generating RTLIL representation for module `\LUT6_2'.
Generating RTLIL representation for module `\$__ABC9_LUT7'.
Generating RTLIL representation for module `\$__ABC9_LUT8'.
Generating RTLIL representation for module `\MUXCY'.
Generating RTLIL representation for module `\MUXF5'.
Generating RTLIL representation for module `\MUXF6'.
Generating RTLIL representation for module `\MUXF7'.
Generating RTLIL representation for module `\MUXF8'.
Generating RTLIL representation for module `\MUXF9'.
Generating RTLIL representation for module `\XORCY'.
Generating RTLIL representation for module `\CARRY4'.
Generating RTLIL representation for module `\CARRY8'.
Generating RTLIL representation for module `\ORCY'.
Generating RTLIL representation for module `\MULT_AND'.
Generating RTLIL representation for module `\FDRE'.
Generating RTLIL representation for module `\FDRE_1'.
Generating RTLIL representation for module `\FDSE'.
Generating RTLIL representation for module `\FDSE_1'.
Generating RTLIL representation for module `\FDRSE'.
Generating RTLIL representation for module `\FDRSE_1'.
Generating RTLIL representation for module `\FDCE'.
Generating RTLIL representation for module `\FDCE_1'.
Generating RTLIL representation for module `\FDPE'.
Generating RTLIL representation for module `\FDPE_1'.
Generating RTLIL representation for module `\FDCPE'.
Generating RTLIL representation for module `\FDCPE_1'.
Generating RTLIL representation for module `\LDCE'.
Generating RTLIL representation for module `\LDPE'.
Generating RTLIL representation for module `\LDCPE'.
Generating RTLIL representation for module `\AND2B1L'.
Generating RTLIL representation for module `\OR2L'.
Generating RTLIL representation for module `\RAM16X1S'.
Generating RTLIL representation for module `\RAM16X1S_1'.
Generating RTLIL representation for module `\RAM32X1S'.
Generating RTLIL representation for module `\RAM32X1S_1'.
Generating RTLIL representation for module `\RAM64X1S'.
Generating RTLIL representation for module `\RAM64X1S_1'.
Generating RTLIL representation for module `\RAM128X1S'.
Generating RTLIL representation for module `\RAM128X1S_1'.
Generating RTLIL representation for module `\RAM256X1S'.
Generating RTLIL representation for module `\RAM512X1S'.
Generating RTLIL representation for module `\RAM16X2S'.
Generating RTLIL representation for module `\RAM32X2S'.
Generating RTLIL representation for module `\RAM64X2S'.
Generating RTLIL representation for module `\RAM16X4S'.
Generating RTLIL representation for module `\RAM32X4S'.
Generating RTLIL representation for module `\RAM16X8S'.
Generating RTLIL representation for module `\RAM32X8S'.
Generating RTLIL representation for module `\RAM16X1D'.
Generating RTLIL representation for module `\RAM16X1D_1'.
Generating RTLIL representation for module `\RAM32X1D'.
Generating RTLIL representation for module `\RAM32X1D_1'.
Generating RTLIL representation for module `\RAM64X1D'.
Generating RTLIL representation for module `\RAM64X1D_1'.
Generating RTLIL representation for module `\RAM128X1D'.
Generating RTLIL representation for module `\RAM256X1D'.
Generating RTLIL representation for module `\RAM32M'.
Generating RTLIL representation for module `\RAM32M16'.
Generating RTLIL representation for module `\RAM64M'.
Generating RTLIL representation for module `\RAM64M8'.
Generating RTLIL representation for module `\RAM32X16DR8'.
Generating RTLIL representation for module `\RAM64X8SW'.
Generating RTLIL representation for module `\ROM16X1'.
Generating RTLIL representation for module `\ROM32X1'.
Generating RTLIL representation for module `\ROM64X1'.
Generating RTLIL representation for module `\ROM128X1'.
Generating RTLIL representation for module `\ROM256X1'.
Generating RTLIL representation for module `\SRL16'.
Generating RTLIL representation for module `\SRL16E'.
Generating RTLIL representation for module `\SRLC16'.
Generating RTLIL representation for module `\SRLC16E'.
Generating RTLIL representation for module `\SRLC32E'.
Generating RTLIL representation for module `\CFGLUT5'.
Generating RTLIL representation for module `\MULT18X18'.
Generating RTLIL representation for module `\MULT18X18S'.
Generating RTLIL representation for module `\MULT18X18SIO'.
Generating RTLIL representation for module `\DSP48A'.
Generating RTLIL representation for module `\DSP48A1'.
Generating RTLIL representation for module `\DSP48'.
Generating RTLIL representation for module `\DSP48E1'.
Generating RTLIL representation for module `\RAMB18E1'.
Generating RTLIL representation for module `\RAMB36E1'.
Successfully finished Verilog frontend.

5.2. Executing Verilog-2005 frontend: /share/xilinx/cells_xtra.v
Parsing Verilog input from `/share/xilinx/cells_xtra.v' to AST representation.
Generating RTLIL representation for module `\RAMB4_S1'.
Generating RTLIL representation for module `\RAMB4_S2'.
Generating RTLIL representation for module `\RAMB4_S4'.
Generating RTLIL representation for module `\RAMB4_S8'.
Generating RTLIL representation for module `\RAMB4_S16'.
Generating RTLIL representation for module `\RAMB4_S1_S1'.
Generating RTLIL representation for module `\RAMB4_S1_S2'.
Generating RTLIL representation for module `\RAMB4_S1_S4'.
Generating RTLIL representation for module `\RAMB4_S1_S8'.
Generating RTLIL representation for module `\RAMB4_S1_S16'.
Generating RTLIL representation for module `\RAMB4_S2_S2'.
Generating RTLIL representation for module `\RAMB4_S2_S4'.
Generating RTLIL representation for module `\RAMB4_S2_S8'.
Generating RTLIL representation for module `\RAMB4_S2_S16'.
Generating RTLIL representation for module `\RAMB4_S4_S4'.
Generating RTLIL representation for module `\RAMB4_S4_S8'.
Generating RTLIL representation for module `\RAMB4_S4_S16'.
Generating RTLIL representation for module `\RAMB4_S8_S8'.
Generating RTLIL representation for module `\RAMB4_S8_S16'.
Generating RTLIL representation for module `\RAMB4_S16_S16'.
Generating RTLIL representation for module `\RAMB16_S1'.
Generating RTLIL representation for module `\RAMB16_S2'.
Generating RTLIL representation for module `\RAMB16_S4'.
Generating RTLIL representation for module `\RAMB16_S9'.
Generating RTLIL representation for module `\RAMB16_S18'.
Generating RTLIL representation for module `\RAMB16_S36'.
Generating RTLIL representation for module `\RAMB16_S1_S1'.
Generating RTLIL representation for module `\RAMB16_S1_S2'.
Generating RTLIL representation for module `\RAMB16_S1_S4'.
Generating RTLIL representation for module `\RAMB16_S1_S9'.
Generating RTLIL representation for module `\RAMB16_S1_S18'.
Generating RTLIL representation for module `\RAMB16_S1_S36'.
Generating RTLIL representation for module `\RAMB16_S2_S2'.
Generating RTLIL representation for module `\RAMB16_S2_S4'.
Generating RTLIL representation for module `\RAMB16_S2_S9'.
Generating RTLIL representation for module `\RAMB16_S2_S18'.
Generating RTLIL representation for module `\RAMB16_S2_S36'.
Generating RTLIL representation for module `\RAMB16_S4_S4'.
Generating RTLIL representation for module `\RAMB16_S4_S9'.
Generating RTLIL representation for module `\RAMB16_S4_S18'.
Generating RTLIL representation for module `\RAMB16_S4_S36'.
Generating RTLIL representation for module `\RAMB16_S9_S9'.
Generating RTLIL representation for module `\RAMB16_S9_S18'.
Generating RTLIL representation for module `\RAMB16_S9_S36'.
Generating RTLIL representation for module `\RAMB16_S18_S18'.
Generating RTLIL representation for module `\RAMB16_S18_S36'.
Generating RTLIL representation for module `\RAMB16_S36_S36'.
Generating RTLIL representation for module `\RAMB16BWE_S18'.
Generating RTLIL representation for module `\RAMB16BWE_S36'.
Generating RTLIL representation for module `\RAMB16BWE_S18_S9'.
Generating RTLIL representation for module `\RAMB16BWE_S18_S18'.
Generating RTLIL representation for module `\RAMB16BWE_S36_S9'.
Generating RTLIL representation for module `\RAMB16BWE_S36_S18'.
Generating RTLIL representation for module `\RAMB16BWE_S36_S36'.
Generating RTLIL representation for module `\RAMB16BWER'.
Generating RTLIL representation for module `\RAMB8BWER'.
Generating RTLIL representation for module `\FIFO16'.
Generating RTLIL representation for module `\RAMB16'.
Generating RTLIL representation for module `\RAMB32_S64_ECC'.
Generating RTLIL representation for module `\FIFO18'.
Generating RTLIL representation for module `\FIFO18_36'.
Generating RTLIL representation for module `\FIFO36'.
Generating RTLIL representation for module `\FIFO36_72'.
Generating RTLIL representation for module `\RAMB18'.
Generating RTLIL representation for module `\RAMB36'.
Generating RTLIL representation for module `\RAMB18SDP'.
Generating RTLIL representation for module `\RAMB36SDP'.
Generating RTLIL representation for module `\FIFO18E1'.
Generating RTLIL representation for module `\FIFO36E1'.
Generating RTLIL representation for module `\FIFO18E2'.
Generating RTLIL representation for module `\FIFO36E2'.
Generating RTLIL representation for module `\RAMB18E2'.
Generating RTLIL representation for module `\RAMB36E2'.
Generating RTLIL representation for module `\URAM288'.
Generating RTLIL representation for module `\URAM288_BASE'.
Generating RTLIL representation for module `\DSP48E'.
Generating RTLIL representation for module `\DSP48E2'.
Generating RTLIL representation for module `\FDDRCPE'.
Generating RTLIL representation for module `\FDDRRSE'.
Generating RTLIL representation for module `\IFDDRCPE'.
Generating RTLIL representation for module `\IFDDRRSE'.
Generating RTLIL representation for module `\OFDDRCPE'.
Generating RTLIL representation for module `\OFDDRRSE'.
Generating RTLIL representation for module `\OFDDRTCPE'.
Generating RTLIL representation for module `\OFDDRTRSE'.
Generating RTLIL representation for module `\IDDR2'.
Generating RTLIL representation for module `\ODDR2'.
Generating RTLIL representation for module `\IDDR'.
Generating RTLIL representation for module `\IDDR_2CLK'.
Generating RTLIL representation for module `\ODDR'.
Generating RTLIL representation for module `\IDELAYCTRL'.
Generating RTLIL representation for module `\IDELAY'.
Generating RTLIL representation for module `\ISERDES'.
Generating RTLIL representation for module `\OSERDES'.
Generating RTLIL representation for module `\IODELAY'.
Generating RTLIL representation for module `\ISERDES_NODELAY'.
Generating RTLIL representation for module `\IODELAYE1'.
Generating RTLIL representation for module `\ISERDESE1'.
Generating RTLIL representation for module `\OSERDESE1'.
Generating RTLIL representation for module `\IDELAYE2'.
Generating RTLIL representation for module `\ODELAYE2'.
Generating RTLIL representation for module `\ISERDESE2'.
Generating RTLIL representation for module `\OSERDESE2'.
Generating RTLIL representation for module `\PHASER_IN'.
Generating RTLIL representation for module `\PHASER_IN_PHY'.
Generating RTLIL representation for module `\PHASER_OUT'.
Generating RTLIL representation for module `\PHASER_OUT_PHY'.
Generating RTLIL representation for module `\PHASER_REF'.
Generating RTLIL representation for module `\PHY_CONTROL'.
Generating RTLIL representation for module `\IDDRE1'.
Generating RTLIL representation for module `\ODDRE1'.
Generating RTLIL representation for module `\IDELAYE3'.
Generating RTLIL representation for module `\ODELAYE3'.
Generating RTLIL representation for module `\ISERDESE3'.
Generating RTLIL representation for module `\OSERDESE3'.
Generating RTLIL representation for module `\BITSLICE_CONTROL'.
Generating RTLIL representation for module `\RIU_OR'.
Generating RTLIL representation for module `\RX_BITSLICE'.
Generating RTLIL representation for module `\RXTX_BITSLICE'.
Generating RTLIL representation for module `\TX_BITSLICE'.
Generating RTLIL representation for module `\TX_BITSLICE_TRI'.
Generating RTLIL representation for module `\IODELAY2'.
Generating RTLIL representation for module `\IODRP2'.
Generating RTLIL representation for module `\IODRP2_MCB'.
Generating RTLIL representation for module `\ISERDES2'.
Generating RTLIL representation for module `\OSERDES2'.
Generating RTLIL representation for module `\IBUF_DLY_ADJ'.
Generating RTLIL representation for module `\IBUF_IBUFDISABLE'.
Generating RTLIL representation for module `\IBUF_INTERMDISABLE'.
Generating RTLIL representation for module `\IBUF_ANALOG'.
Generating RTLIL representation for module `\IBUFE3'.
Generating RTLIL representation for module `\IBUFDS'.
Generating RTLIL representation for module `\IBUFDS_DLY_ADJ'.
Generating RTLIL representation for module `\IBUFDS_IBUFDISABLE'.
Generating RTLIL representation for module `\IBUFDS_INTERMDISABLE'.
Generating RTLIL representation for module `\IBUFDS_DIFF_OUT'.
Generating RTLIL representation for module `\IBUFDS_DIFF_OUT_IBUFDISABLE'.
Generating RTLIL representation for module `\IBUFDS_DIFF_OUT_INTERMDISABLE'.
Generating RTLIL representation for module `\IBUFDSE3'.
Generating RTLIL representation for module `\IBUFDS_DPHY'.
Generating RTLIL representation for module `\IBUFGDS'.
Generating RTLIL representation for module `\IBUFGDS_DIFF_OUT'.
Generating RTLIL representation for module `\IOBUF_DCIEN'.
Generating RTLIL representation for module `\IOBUF_INTERMDISABLE'.
Generating RTLIL representation for module `\IOBUFE3'.
Generating RTLIL representation for module `\IOBUFDS'.
Generating RTLIL representation for module `\IOBUFDS_DCIEN'.
Generating RTLIL representation for module `\IOBUFDS_INTERMDISABLE'.
Generating RTLIL representation for module `\IOBUFDS_DIFF_OUT'.
Generating RTLIL representation for module `\IOBUFDS_DIFF_OUT_DCIEN'.
Generating RTLIL representation for module `\IOBUFDS_DIFF_OUT_INTERMDISABLE'.
Generating RTLIL representation for module `\IOBUFDSE3'.
Generating RTLIL representation for module `\OBUFDS'.
Generating RTLIL representation for module `\OBUFDS_DPHY'.
Generating RTLIL representation for module `\OBUFTDS'.
Generating RTLIL representation for module `\KEEPER'.
Generating RTLIL representation for module `\PULLDOWN'.
Generating RTLIL representation for module `\PULLUP'.
Generating RTLIL representation for module `\DCIRESET'.
Generating RTLIL representation for module `\HPIO_VREF'.
Generating RTLIL representation for module `\BUFGCE'.
Generating RTLIL representation for module `\BUFGCE_1'.
Generating RTLIL representation for module `\BUFGMUX'.
Generating RTLIL representation for module `\BUFGMUX_1'.
Generating RTLIL representation for module `\BUFGMUX_CTRL'.
Generating RTLIL representation for module `\BUFGMUX_VIRTEX4'.
Generating RTLIL representation for module `\BUFG_GT'.
Generating RTLIL representation for module `\BUFG_GT_SYNC'.
Generating RTLIL representation for module `\BUFG_PS'.
Generating RTLIL representation for module `\BUFGCE_DIV'.
Generating RTLIL representation for module `\BUFH'.
Generating RTLIL representation for module `\BUFIO2'.
Generating RTLIL representation for module `\BUFIO2_2CLK'.
Generating RTLIL representation for module `\BUFIO2FB'.
Generating RTLIL representation for module `\BUFPLL'.
Generating RTLIL representation for module `\BUFPLL_MCB'.
Generating RTLIL representation for module `\BUFIO'.
Generating RTLIL representation for module `\BUFIODQS'.
Generating RTLIL representation for module `\BUFR'.
Generating RTLIL representation for module `\BUFMR'.
Generating RTLIL representation for module `\BUFMRCE'.
Generating RTLIL representation for module `\DCM'.
Generating RTLIL representation for module `\DCM_SP'.
Generating RTLIL representation for module `\DCM_CLKGEN'.
Generating RTLIL representation for module `\DCM_ADV'.
Generating RTLIL representation for module `\DCM_BASE'.
Generating RTLIL representation for module `\DCM_PS'.
Generating RTLIL representation for module `\PMCD'.
Generating RTLIL representation for module `\PLL_ADV'.
Generating RTLIL representation for module `\PLL_BASE'.
Generating RTLIL representation for module `\MMCM_ADV'.
Generating RTLIL representation for module `\MMCM_BASE'.
Generating RTLIL representation for module `\MMCME2_ADV'.
Generating RTLIL representation for module `\MMCME2_BASE'.
Generating RTLIL representation for module `\PLLE2_ADV'.
Generating RTLIL representation for module `\PLLE2_BASE'.
Generating RTLIL representation for module `\MMCME3_ADV'.
Generating RTLIL representation for module `\MMCME3_BASE'.
Generating RTLIL representation for module `\PLLE3_ADV'.
Generating RTLIL representation for module `\PLLE3_BASE'.
Generating RTLIL representation for module `\MMCME4_ADV'.
Generating RTLIL representation for module `\MMCME4_BASE'.
Generating RTLIL representation for module `\PLLE4_ADV'.
Generating RTLIL representation for module `\PLLE4_BASE'.
Generating RTLIL representation for module `\BUFT'.
Generating RTLIL representation for module `\IN_FIFO'.
Generating RTLIL representation for module `\OUT_FIFO'.
Generating RTLIL representation for module `\HARD_SYNC'.
Generating RTLIL representation for module `\STARTUP_SPARTAN3'.
Generating RTLIL representation for module `\STARTUP_SPARTAN3E'.
Generating RTLIL representation for module `\STARTUP_SPARTAN3A'.
Generating RTLIL representation for module `\STARTUP_SPARTAN6'.
Generating RTLIL representation for module `\STARTUP_VIRTEX4'.
Generating RTLIL representation for module `\STARTUP_VIRTEX5'.
Generating RTLIL representation for module `\STARTUP_VIRTEX6'.
Generating RTLIL representation for module `\STARTUPE2'.
Generating RTLIL representation for module `\STARTUPE3'.
Generating RTLIL representation for module `\CAPTURE_SPARTAN3'.
Generating RTLIL representation for module `\CAPTURE_SPARTAN3A'.
Generating RTLIL representation for module `\CAPTURE_VIRTEX4'.
Generating RTLIL representation for module `\CAPTURE_VIRTEX5'.
Generating RTLIL representation for module `\CAPTURE_VIRTEX6'.
Generating RTLIL representation for module `\CAPTUREE2'.
Generating RTLIL representation for module `\ICAP_SPARTAN3A'.
Generating RTLIL representation for module `\ICAP_SPARTAN6'.
Generating RTLIL representation for module `\ICAP_VIRTEX4'.
Generating RTLIL representation for module `\ICAP_VIRTEX5'.
Generating RTLIL representation for module `\ICAP_VIRTEX6'.
Generating RTLIL representation for module `\ICAPE2'.
Generating RTLIL representation for module `\ICAPE3'.
Generating RTLIL representation for module `\BSCAN_SPARTAN3'.
Generating RTLIL representation for module `\BSCAN_SPARTAN3A'.
Generating RTLIL representation for module `\BSCAN_SPARTAN6'.
Generating RTLIL representation for module `\BSCAN_VIRTEX4'.
Generating RTLIL representation for module `\BSCAN_VIRTEX5'.
Generating RTLIL representation for module `\BSCAN_VIRTEX6'.
Generating RTLIL representation for module `\BSCANE2'.
Generating RTLIL representation for module `\DNA_PORT'.
Generating RTLIL representation for module `\DNA_PORTE2'.
Generating RTLIL representation for module `\FRAME_ECC_VIRTEX4'.
Generating RTLIL representation for module `\FRAME_ECC_VIRTEX5'.
Generating RTLIL representation for module `\FRAME_ECC_VIRTEX6'.
Generating RTLIL representation for module `\FRAME_ECCE2'.
Generating RTLIL representation for module `\FRAME_ECCE3'.
Generating RTLIL representation for module `\FRAME_ECCE4'.
Generating RTLIL representation for module `\USR_ACCESS_VIRTEX4'.
Generating RTLIL representation for module `\USR_ACCESS_VIRTEX5'.
Generating RTLIL representation for module `\USR_ACCESS_VIRTEX6'.
Generating RTLIL representation for module `\USR_ACCESSE2'.
Generating RTLIL representation for module `\POST_CRC_INTERNAL'.
Generating RTLIL representation for module `\SUSPEND_SYNC'.
Generating RTLIL representation for module `\KEY_CLEAR'.
Generating RTLIL representation for module `\MASTER_JTAG'.
Generating RTLIL representation for module `\SPI_ACCESS'.
Generating RTLIL representation for module `\EFUSE_USR'.
Generating RTLIL representation for module `\SYSMON'.
Generating RTLIL representation for module `\XADC'.
Generating RTLIL representation for module `\SYSMONE1'.
Generating RTLIL representation for module `\SYSMONE4'.
Generating RTLIL representation for module `\GTPA1_DUAL'.
Generating RTLIL representation for module `\GT11_CUSTOM'.
Generating RTLIL representation for module `\GT11_DUAL'.
Generating RTLIL representation for module `\GT11CLK'.
Generating RTLIL representation for module `\GT11CLK_MGT'.
Generating RTLIL representation for module `\GTP_DUAL'.
Generating RTLIL representation for module `\GTX_DUAL'.
Generating RTLIL representation for module `\CRC32'.
Generating RTLIL representation for module `\CRC64'.
Generating RTLIL representation for module `\GTHE1_QUAD'.
Generating RTLIL representation for module `\GTXE1'.
Generating RTLIL representation for module `\IBUFDS_GTXE1'.
Generating RTLIL representation for module `\IBUFDS_GTHE1'.
Generating RTLIL representation for module `\GTHE2_CHANNEL'.
Generating RTLIL representation for module `\GTHE2_COMMON'.
Generating RTLIL representation for module `\GTPE2_CHANNEL'.
Generating RTLIL representation for module `\GTPE2_COMMON'.
Generating RTLIL representation for module `\GTXE2_CHANNEL'.
Generating RTLIL representation for module `\GTXE2_COMMON'.
Generating RTLIL representation for module `\IBUFDS_GTE2'.
Generating RTLIL representation for module `\GTHE3_CHANNEL'.
Generating RTLIL representation for module `\GTHE3_COMMON'.
Generating RTLIL representation for module `\GTYE3_CHANNEL'.
Generating RTLIL representation for module `\GTYE3_COMMON'.
Generating RTLIL representation for module `\IBUFDS_GTE3'.
Generating RTLIL representation for module `\OBUFDS_GTE3'.
Generating RTLIL representation for module `\OBUFDS_GTE3_ADV'.
Generating RTLIL representation for module `\GTHE4_CHANNEL'.
Generating RTLIL representation for module `\GTHE4_COMMON'.
Generating RTLIL representation for module `\GTYE4_CHANNEL'.
Generating RTLIL representation for module `\GTYE4_COMMON'.
Generating RTLIL representation for module `\IBUFDS_GTE4'.
Generating RTLIL representation for module `\OBUFDS_GTE4'.
Generating RTLIL representation for module `\OBUFDS_GTE4_ADV'.
Generating RTLIL representation for module `\GTM_DUAL'.
Generating RTLIL representation for module `\IBUFDS_GTM'.
Generating RTLIL representation for module `\OBUFDS_GTM'.
Generating RTLIL representation for module `\OBUFDS_GTM_ADV'.
Generating RTLIL representation for module `\HSDAC'.
Generating RTLIL representation for module `\HSADC'.
Generating RTLIL representation for module `\RFDAC'.
Generating RTLIL representation for module `\RFADC'.
Generating RTLIL representation for module `\PCIE_A1'.
Generating RTLIL representation for module `\PCIE_EP'.
Generating RTLIL representation for module `\PCIE_2_0'.
Generating RTLIL representation for module `\PCIE_2_1'.
Generating RTLIL representation for module `\PCIE_3_0'.
Generating RTLIL representation for module `\PCIE_3_1'.
Generating RTLIL representation for module `\PCIE40E4'.
Generating RTLIL representation for module `\PCIE4CE4'.
Generating RTLIL representation for module `\EMAC'.
Generating RTLIL representation for module `\TEMAC'.
Generating RTLIL representation for module `\TEMAC_SINGLE'.
Generating RTLIL representation for module `\CMAC'.
Generating RTLIL representation for module `\CMACE4'.
Generating RTLIL representation for module `\MCB'.
Generating RTLIL representation for module `\HBM_REF_CLK'.
Generating RTLIL representation for module `\HBM_SNGLBLI_INTF_APB'.
Generating RTLIL representation for module `\HBM_SNGLBLI_INTF_AXI'.
Generating RTLIL representation for module `\HBM_ONE_STACK_INTF'.
Generating RTLIL representation for module `\HBM_TWO_STACK_INTF'.
Generating RTLIL representation for module `\PPC405_ADV'.
Generating RTLIL representation for module `\PPC440'.
Generating RTLIL representation for module `\PS7'.
Generating RTLIL representation for module `\PS8'.
Generating RTLIL representation for module `\ILKN'.
Generating RTLIL representation for module `\ILKNE4'.
Generating RTLIL representation for module `\VCU'.
Generating RTLIL representation for module `\FE'.
Successfully finished Verilog frontend.

5.3. Executing HIERARCHY pass (managing design hierarchy).

5.3.1. Analyzing design hierarchy..
Top module:  \cap_pdb_parallel_compact_allocation_engine
Used module:     $paramod$b5bfe1d4fce40940586b6e35fec61194ae5a8fde\cap_pdb_state_wide_bank
Used module:     $paramod$cbc3189b30a0f0ae8c16e45df15b3f5a54303a8f\cap_pdb_masked_min32

5.3.2. Analyzing design hierarchy..
Top module:  \cap_pdb_parallel_compact_allocation_engine
Used module:     $paramod$b5bfe1d4fce40940586b6e35fec61194ae5a8fde\cap_pdb_state_wide_bank
Used module:     $paramod$cbc3189b30a0f0ae8c16e45df15b3f5a54303a8f\cap_pdb_masked_min32
Removed 0 unused modules.

5.4. Executing PROC pass (convert processes to netlists).

5.4.1. Executing PROC_CLEAN pass (remove empty switches from decision trees).
Cleaned up 0 empty switches.

5.4.2. Executing PROC_RMDEAD pass (remove dead branches from decision trees).
Marked 26 switch rules as full_case in process $proc$cap_pdb_parallel_compact_engine.sv:232$1729 in module cap_pdb_parallel_compact_allocation_engine.
Marked 3 switch rules as full_case in process $proc$cap_pdb_parallel_compact_engine.sv:249$1769 in module cap_pdb_parallel_compact_allocation_engine.
Marked 1 switch rules as full_case in process $proc$cap_pdb_parallel_compact_engine.sv:22$2357 in module $paramod$b5bfe1d4fce40940586b6e35fec61194ae5a8fde\cap_pdb_state_wide_bank.
Removed a total of 0 dead cases.

5.4.3. Executing PROC_PRUNE pass (remove redundant assignments in processes).
Removed 1 redundant assignment.
Promoted 142 assignments to connections.

5.4.4. Executing PROC_INIT pass (extract init attributes).

5.4.5. Executing PROC_ARST pass (detect async resets in processes).

5.4.6. Executing PROC_ROM pass (convert switches to ROMs).
Converted 0 switches.
<suppressed ~59 debug messages>

5.4.7. Executing PROC_MUX pass (convert decision trees to multiplexers).
Creating decoders for process `\cap_pdb_parallel_compact_allocation_engine.$proc$cap_pdb_parallel_compact_engine.sv:207$1416'.
Creating decoders for process `\cap_pdb_parallel_compact_allocation_engine.$proc$cap_pdb_parallel_compact_engine.sv:232$1729'.
     1/26: $13\final_group_minimum[15:0]
     2/26: $13\all_after_empty[0:0]
     3/26: $12\final_group_minimum[15:0]
     4/26: $12\all_after_empty[0:0]
     5/26: $11\final_group_minimum[15:0]
     6/26: $11\all_after_empty[0:0]
     7/26: $10\final_group_minimum[15:0]
     8/26: $10\all_after_empty[0:0]
     9/26: $9\final_group_minimum[15:0]
    10/26: $9\all_after_empty[0:0]
    11/26: $8\final_group_minimum[15:0]
    12/26: $8\all_after_empty[0:0]
    13/26: $7\final_group_minimum[15:0]
    14/26: $7\all_after_empty[0:0]
    15/26: $6\final_group_minimum[15:0]
    16/26: $6\all_after_empty[0:0]
    17/26: $5\final_group_minimum[15:0]
    18/26: $5\all_after_empty[0:0]
    19/26: $4\final_group_minimum[15:0]
    20/26: $4\all_after_empty[0:0]
    21/26: $3\final_group_minimum[15:0]
    22/26: $3\all_after_empty[0:0]
    23/26: $2\final_group_minimum[15:0]
    24/26: $2\all_after_empty[0:0]
    25/26: $1\final_group_minimum[15:0]
    26/26: $1\all_after_empty[0:0]
Creating decoders for process `\cap_pdb_parallel_compact_allocation_engine.$proc$cap_pdb_parallel_compact_engine.sv:249$1769'.
     1/35: $4\index[31:0]
     2/35: $3\index[31:0]
     3/35: $2\index[31:0]
     4/35: $0\done[0:0]
     5/35: $0\group_minimum[12][15:0]
     6/35: $0\group_minimum[11][15:0]
     7/35: $0\group_minimum[10][15:0]
     8/35: $0\group_minimum[9][15:0]
     9/35: $0\group_minimum[8][15:0]
    10/35: $0\group_minimum[7][15:0]
    11/35: $0\group_minimum[6][15:0]
    12/35: $0\group_minimum[5][15:0]
    13/35: $0\group_minimum[4][15:0]
    14/35: $0\group_minimum[3][15:0]
    15/35: $0\group_minimum[2][15:0]
    16/35: $0\group_minimum[1][15:0]
    17/35: $0\group_minimum[0][15:0]
    18/35: $0\remaining[12][31:0]
    19/35: $0\remaining[11][31:0]
    20/35: $0\remaining[10][31:0]
    21/35: $0\remaining[9][31:0]
    22/35: $0\remaining[8][31:0]
    23/35: $0\remaining[7][31:0]
    24/35: $0\remaining[6][31:0]
    25/35: $0\remaining[5][31:0]
    26/35: $0\remaining[4][31:0]
    27/35: $0\remaining[3][31:0]
    28/35: $0\remaining[2][31:0]
    29/35: $0\remaining[1][31:0]
    30/35: $0\remaining[0][31:0]
    31/35: $0\phase[1:0]
    32/35: $0\cycles[15:0]
    33/35: $0\group_cost_sum[23:0]
    34/35: $0\valid[0:0]
    35/35: $0\busy[0:0]
Creating decoders for process `\cap_pdb_parallel_compact_allocation_engine.$proc$cap_pdb_parallel_compact_engine.sv:185$1839'.
Creating decoders for process `\cap_pdb_parallel_compact_allocation_engine.$proc$cap_pdb_parallel_compact_engine.sv:185$1879'.
Creating decoders for process `\cap_pdb_parallel_compact_allocation_engine.$proc$cap_pdb_parallel_compact_engine.sv:185$1919'.
Creating decoders for process `\cap_pdb_parallel_compact_allocation_engine.$proc$cap_pdb_parallel_compact_engine.sv:185$1959'.
Creating decoders for process `\cap_pdb_parallel_compact_allocation_engine.$proc$cap_pdb_parallel_compact_engine.sv:185$1999'.
Creating decoders for process `\cap_pdb_parallel_compact_allocation_engine.$proc$cap_pdb_parallel_compact_engine.sv:185$2039'.
Creating decoders for process `\cap_pdb_parallel_compact_allocation_engine.$proc$cap_pdb_parallel_compact_engine.sv:185$2079'.
Creating decoders for process `\cap_pdb_parallel_compact_allocation_engine.$proc$cap_pdb_parallel_compact_engine.sv:185$2119'.
Creating decoders for process `\cap_pdb_parallel_compact_allocation_engine.$proc$cap_pdb_parallel_compact_engine.sv:185$2159'.
Creating decoders for process `\cap_pdb_parallel_compact_allocation_engine.$proc$cap_pdb_parallel_compact_engine.sv:185$2199'.
Creating decoders for process `\cap_pdb_parallel_compact_allocation_engine.$proc$cap_pdb_parallel_compact_engine.sv:185$2239'.
Creating decoders for process `\cap_pdb_parallel_compact_allocation_engine.$proc$cap_pdb_parallel_compact_engine.sv:185$2279'.
Creating decoders for process `\cap_pdb_parallel_compact_allocation_engine.$proc$cap_pdb_parallel_compact_engine.sv:185$2319'.
Creating decoders for process `$paramod$b5bfe1d4fce40940586b6e35fec61194ae5a8fde\cap_pdb_state_wide_bank.$proc$cap_pdb_parallel_compact_engine.sv:22$2357'.
     1/4: $1$memwr$\memory$cap_pdb_parallel_compact_engine.sv:24$2356_EN[511:0]$2363
     2/4: $1$memwr$\memory$cap_pdb_parallel_compact_engine.sv:24$2356_DATA[511:0]$2362
     3/4: $1$memwr$\memory$cap_pdb_parallel_compact_engine.sv:24$2356_ADDR[8:0]$2361
     4/4: $0\rdata[511:0]

5.4.8. Executing PROC_DLATCH pass (convert process syncs to latches).
No latch inferred for signal `\cap_pdb_parallel_compact_allocation_engine.\selected_effect_bus' from process `\cap_pdb_parallel_compact_allocation_engine.$proc$cap_pdb_parallel_compact_engine.sv:207$1416'.
No latch inferred for signal `\cap_pdb_parallel_compact_allocation_engine.\remaining_after_bus' from process `\cap_pdb_parallel_compact_allocation_engine.$proc$cap_pdb_parallel_compact_engine.sv:207$1416'.
No latch inferred for signal `\cap_pdb_parallel_compact_allocation_engine.\select_group' from process `\cap_pdb_parallel_compact_allocation_engine.$proc$cap_pdb_parallel_compact_engine.sv:207$1416'.
No latch inferred for signal `\cap_pdb_parallel_compact_allocation_engine.\select_lane' from process `\cap_pdb_parallel_compact_allocation_engine.$proc$cap_pdb_parallel_compact_engine.sv:207$1416'.
No latch inferred for signal `\cap_pdb_parallel_compact_allocation_engine.\select_pending' from process `\cap_pdb_parallel_compact_allocation_engine.$proc$cap_pdb_parallel_compact_engine.sv:207$1416'.
No latch inferred for signal `\cap_pdb_parallel_compact_allocation_engine.\select_least' from process `\cap_pdb_parallel_compact_allocation_engine.$proc$cap_pdb_parallel_compact_engine.sv:207$1416'.
No latch inferred for signal `\cap_pdb_parallel_compact_allocation_engine.\index' from process `\cap_pdb_parallel_compact_allocation_engine.$proc$cap_pdb_parallel_compact_engine.sv:232$1729'.
No latch inferred for signal `\cap_pdb_parallel_compact_allocation_engine.\all_after_empty' from process `\cap_pdb_parallel_compact_allocation_engine.$proc$cap_pdb_parallel_compact_engine.sv:232$1729'.
No latch inferred for signal `\cap_pdb_parallel_compact_allocation_engine.\final_sum' from process `\cap_pdb_parallel_compact_allocation_engine.$proc$cap_pdb_parallel_compact_engine.sv:232$1729'.
No latch inferred for signal `\cap_pdb_parallel_compact_allocation_engine.\final_group_minimum' from process `\cap_pdb_parallel_compact_allocation_engine.$proc$cap_pdb_parallel_compact_engine.sv:232$1729'.
No latch inferred for signal `\cap_pdb_parallel_compact_allocation_engine.\xor_permute_mask$func$cap_pdb_parallel_compact_engine.sv:185$1389.$result' from process `\cap_pdb_parallel_compact_allocation_engine.$proc$cap_pdb_parallel_compact_engine.sv:185$1839'.
No latch inferred for signal `\cap_pdb_parallel_compact_allocation_engine.\xor_permute_mask$func$cap_pdb_parallel_compact_engine.sv:185$1402.$result' from process `\cap_pdb_parallel_compact_allocation_engine.$proc$cap_pdb_parallel_compact_engine.sv:185$1839'.
No latch inferred for signal `\cap_pdb_parallel_compact_allocation_engine.\xor_permute_mask$func$cap_pdb_parallel_compact_engine.sv:185$1402.mask' from process `\cap_pdb_parallel_compact_allocation_engine.$proc$cap_pdb_parallel_compact_engine.sv:185$1839'.
No latch inferred for signal `\cap_pdb_parallel_compact_allocation_engine.\xor_permute_mask$func$cap_pdb_parallel_compact_engine.sv:185$1402.xor_state' from process `\cap_pdb_parallel_compact_allocation_engine.$proc$cap_pdb_parallel_compact_engine.sv:185$1839'.
No latch inferred for signal `\cap_pdb_parallel_compact_allocation_engine.\xor_permute_mask$func$cap_pdb_parallel_compact_engine.sv:185$1402.stage0' from process `\cap_pdb_parallel_compact_allocation_engine.$proc$cap_pdb_parallel_compact_engine.sv:185$1839'.
No latch inferred for signal `\cap_pdb_parallel_compact_allocation_engine.\xor_permute_mask$func$cap_pdb_parallel_compact_engine.sv:185$1402.stage1' from process `\cap_pdb_parallel_compact_allocation_engine.$proc$cap_pdb_parallel_compact_engine.sv:185$1839'.
No latch inferred for signal `\cap_pdb_parallel_compact_allocation_engine.\xor_permute_mask$func$cap_pdb_parallel_compact_engine.sv:185$1402.stage2' from process `\cap_pdb_parallel_compact_allocation_engine.$proc$cap_pdb_parallel_compact_engine.sv:185$1839'.
No latch inferred for signal `\cap_pdb_parallel_compact_allocation_engine.\xor_permute_mask$func$cap_pdb_parallel_compact_engine.sv:185$1402.stage3' from process `\cap_pdb_parallel_compact_allocation_engine.$proc$cap_pdb_parallel_compact_engine.sv:185$1839'.
No latch inferred for signal `\cap_pdb_parallel_compact_allocation_engine.\xor_permute_mask$func$cap_pdb_parallel_compact_engine.sv:185$1390.$result' from process `\cap_pdb_parallel_compact_allocation_engine.$proc$cap_pdb_parallel_compact_engine.sv:185$1879'.
No latch inferred for signal `\cap_pdb_parallel_compact_allocation_engine.\xor_permute_mask$func$cap_pdb_parallel_compact_engine.sv:185$1403.$result' from process `\cap_pdb_parallel_compact_allocation_engine.$proc$cap_pdb_parallel_compact_engine.sv:185$1879'.
No latch inferred for signal `\cap_pdb_parallel_compact_allocation_engine.\xor_permute_mask$func$cap_pdb_parallel_compact_engine.sv:185$1403.mask' from process `\cap_pdb_parallel_compact_allocation_engine.$proc$cap_pdb_parallel_compact_engine.sv:185$1879'.
No latch inferred for signal `\cap_pdb_parallel_compact_allocation_engine.\xor_permute_mask$func$cap_pdb_parallel_compact_engine.sv:185$1403.xor_state' from process `\cap_pdb_parallel_compact_allocation_engine.$proc$cap_pdb_parallel_compact_engine.sv:185$1879'.
No latch inferred for signal `\cap_pdb_parallel_compact_allocation_engine.\xor_permute_mask$func$cap_pdb_parallel_compact_engine.sv:185$1403.stage0' from process `\cap_pdb_parallel_compact_allocation_engine.$proc$cap_pdb_parallel_compact_engine.sv:185$1879'.
No latch inferred for signal `\cap_pdb_parallel_compact_allocation_engine.\xor_permute_mask$func$cap_pdb_parallel_compact_engine.sv:185$1403.stage1' from process `\cap_pdb_parallel_compact_allocation_engine.$proc$cap_pdb_parallel_compact_engine.sv:185$1879'.
No latch inferred for signal `\cap_pdb_parallel_compact_allocation_engine.\xor_permute_mask$func$cap_pdb_parallel_compact_engine.sv:185$1403.stage2' from process `\cap_pdb_parallel_compact_allocation_engine.$proc$cap_pdb_parallel_compact_engine.sv:185$1879'.
No latch inferred for signal `\cap_pdb_parallel_compact_allocation_engine.\xor_permute_mask$func$cap_pdb_parallel_compact_engine.sv:185$1403.stage3' from process `\cap_pdb_parallel_compact_allocation_engine.$proc$cap_pdb_parallel_compact_engine.sv:185$1879'.
No latch inferred for signal `\cap_pdb_parallel_compact_allocation_engine.\xor_permute_mask$func$cap_pdb_parallel_compact_engine.sv:185$1391.$result' from process `\cap_pdb_parallel_compact_allocation_engine.$proc$cap_pdb_parallel_compact_engine.sv:185$1919'.
No latch inferred for signal `\cap_pdb_parallel_compact_allocation_engine.\xor_permute_mask$func$cap_pdb_parallel_compact_engine.sv:185$1404.$result' from process `\cap_pdb_parallel_compact_allocation_engine.$proc$cap_pdb_parallel_compact_engine.sv:185$1919'.
No latch inferred for signal `\cap_pdb_parallel_compact_allocation_engine.\xor_permute_mask$func$cap_pdb_parallel_compact_engine.sv:185$1404.mask' from process `\cap_pdb_parallel_compact_allocation_engine.$proc$cap_pdb_parallel_compact_engine.sv:185$1919'.
No latch inferred for signal `\cap_pdb_parallel_compact_allocation_engine.\xor_permute_mask$func$cap_pdb_parallel_compact_engine.sv:185$1404.xor_state' from process `\cap_pdb_parallel_compact_allocation_engine.$proc$cap_pdb_parallel_compact_engine.sv:185$1919'.
No latch inferred for signal `\cap_pdb_parallel_compact_allocation_engine.\xor_permute_mask$func$cap_pdb_parallel_compact_engine.sv:185$1404.stage0' from process `\cap_pdb_parallel_compact_allocation_engine.$proc$cap_pdb_parallel_compact_engine.sv:185$1919'.
No latch inferred for signal `\cap_pdb_parallel_compact_allocation_engine.\xor_permute_mask$func$cap_pdb_parallel_compact_engine.sv:185$1404.stage1' from process `\cap_pdb_parallel_compact_allocation_engine.$proc$cap_pdb_parallel_compact_engine.sv:185$1919'.
No latch inferred for signal `\cap_pdb_parallel_compact_allocation_engine.\xor_permute_mask$func$cap_pdb_parallel_compact_engine.sv:185$1404.stage2' from process `\cap_pdb_parallel_compact_allocation_engine.$proc$cap_pdb_parallel_compact_engine.sv:185$1919'.
No latch inferred for signal `\cap_pdb_parallel_compact_allocation_engine.\xor_permute_mask$func$cap_pdb_parallel_compact_engine.sv:185$1404.stage3' from process `\cap_pdb_parallel_compact_allocation_engine.$proc$cap_pdb_parallel_compact_engine.sv:185$1919'.
No latch inferred for signal `\cap_pdb_parallel_compact_allocation_engine.\xor_permute_mask$func$cap_pdb_parallel_compact_engine.sv:185$1392.$result' from process `\cap_pdb_parallel_compact_allocation_engine.$proc$cap_pdb_parallel_compact_engine.sv:185$1959'.
No latch inferred for signal `\cap_pdb_parallel_compact_allocation_engine.\xor_permute_mask$func$cap_pdb_parallel_compact_engine.sv:185$1405.$result' from process `\cap_pdb_parallel_compact_allocation_engine.$proc$cap_pdb_parallel_compact_engine.sv:185$1959'.
No latch inferred for signal `\cap_pdb_parallel_compact_allocation_engine.\xor_permute_mask$func$cap_pdb_parallel_compact_engine.sv:185$1405.mask' from process `\cap_pdb_parallel_compact_allocation_engine.$proc$cap_pdb_parallel_compact_engine.sv:185$1959'.
No latch inferred for signal `\cap_pdb_parallel_compact_allocation_engine.\xor_permute_mask$func$cap_pdb_parallel_compact_engine.sv:185$1405.xor_state' from process `\cap_pdb_parallel_compact_allocation_engine.$proc$cap_pdb_parallel_compact_engine.sv:185$1959'.
No latch inferred for signal `\cap_pdb_parallel_compact_allocation_engine.\xor_permute_mask$func$cap_pdb_parallel_compact_engine.sv:185$1405.stage0' from process `\cap_pdb_parallel_compact_allocation_engine.$proc$cap_pdb_parallel_compact_engine.sv:185$1959'.
No latch inferred for signal `\cap_pdb_parallel_compact_allocation_engine.\xor_permute_mask$func$cap_pdb_parallel_compact_engine.sv:185$1405.stage1' from process `\cap_pdb_parallel_compact_allocation_engine.$proc$cap_pdb_parallel_compact_engine.sv:185$1959'.
No latch inferred for signal `\cap_pdb_parallel_compact_allocation_engine.\xor_permute_mask$func$cap_pdb_parallel_compact_engine.sv:185$1405.stage2' from process `\cap_pdb_parallel_compact_allocation_engine.$proc$cap_pdb_parallel_compact_engine.sv:185$1959'.
No latch inferred for signal `\cap_pdb_parallel_compact_allocation_engine.\xor_permute_mask$func$cap_pdb_parallel_compact_engine.sv:185$1405.stage3' from process `\cap_pdb_parallel_compact_allocation_engine.$proc$cap_pdb_parallel_compact_engine.sv:185$1959'.
No latch inferred for signal `\cap_pdb_parallel_compact_allocation_engine.\xor_permute_mask$func$cap_pdb_parallel_compact_engine.sv:185$1393.$result' from process `\cap_pdb_parallel_compact_allocation_engine.$proc$cap_pdb_parallel_compact_engine.sv:185$1999'.
No latch inferred for signal `\cap_pdb_parallel_compact_allocation_engine.\xor_permute_mask$func$cap_pdb_parallel_compact_engine.sv:185$1406.$result' from process `\cap_pdb_parallel_compact_allocation_engine.$proc$cap_pdb_parallel_compact_engine.sv:185$1999'.
No latch inferred for signal `\cap_pdb_parallel_compact_allocation_engine.\xor_permute_mask$func$cap_pdb_parallel_compact_engine.sv:185$1406.mask' from process `\cap_pdb_parallel_compact_allocation_engine.$proc$cap_pdb_parallel_compact_engine.sv:185$1999'.
No latch inferred for signal `\cap_pdb_parallel_compact_allocation_engine.\xor_permute_mask$func$cap_pdb_parallel_compact_engine.sv:185$1406.xor_state' from process `\cap_pdb_parallel_compact_allocation_engine.$proc$cap_pdb_parallel_compact_engine.sv:185$1999'.
No latch inferred for signal `\cap_pdb_parallel_compact_allocation_engine.\xor_permute_mask$func$cap_pdb_parallel_compact_engine.sv:185$1406.stage0' from process `\cap_pdb_parallel_compact_allocation_engine.$proc$cap_pdb_parallel_compact_engine.sv:185$1999'.
No latch inferred for signal `\cap_pdb_parallel_compact_allocation_engine.\xor_permute_mask$func$cap_pdb_parallel_compact_engine.sv:185$1406.stage1' from process `\cap_pdb_parallel_compact_allocation_engine.$proc$cap_pdb_parallel_compact_engine.sv:185$1999'.
No latch inferred for signal `\cap_pdb_parallel_compact_allocation_engine.\xor_permute_mask$func$cap_pdb_parallel_compact_engine.sv:185$1406.stage2' from process `\cap_pdb_parallel_compact_allocation_engine.$proc$cap_pdb_parallel_compact_engine.sv:185$1999'.
No latch inferred for signal `\cap_pdb_parallel_compact_allocation_engine.\xor_permute_mask$func$cap_pdb_parallel_compact_engine.sv:185$1406.stage3' from process `\cap_pdb_parallel_compact_allocation_engine.$proc$cap_pdb_parallel_compact_engine.sv:185$1999'.
No latch inferred for signal `\cap_pdb_parallel_compact_allocation_engine.\xor_permute_mask$func$cap_pdb_parallel_compact_engine.sv:185$1394.$result' from process `\cap_pdb_parallel_compact_allocation_engine.$proc$cap_pdb_parallel_compact_engine.sv:185$2039'.
No latch inferred for signal `\cap_pdb_parallel_compact_allocation_engine.\xor_permute_mask$func$cap_pdb_parallel_compact_engine.sv:185$1407.$result' from process `\cap_pdb_parallel_compact_allocation_engine.$proc$cap_pdb_parallel_compact_engine.sv:185$2039'.
No latch inferred for signal `\cap_pdb_parallel_compact_allocation_engine.\xor_permute_mask$func$cap_pdb_parallel_compact_engine.sv:185$1407.mask' from process `\cap_pdb_parallel_compact_allocation_engine.$proc$cap_pdb_parallel_compact_engine.sv:185$2039'.
No latch inferred for signal `\cap_pdb_parallel_compact_allocation_engine.\xor_permute_mask$func$cap_pdb_parallel_compact_engine.sv:185$1407.xor_state' from process `\cap_pdb_parallel_compact_allocation_engine.$proc$cap_pdb_parallel_compact_engine.sv:185$2039'.
No latch inferred for signal `\cap_pdb_parallel_compact_allocation_engine.\xor_permute_mask$func$cap_pdb_parallel_compact_engine.sv:185$1407.stage0' from process `\cap_pdb_parallel_compact_allocation_engine.$proc$cap_pdb_parallel_compact_engine.sv:185$2039'.
No latch inferred for signal `\cap_pdb_parallel_compact_allocation_engine.\xor_permute_mask$func$cap_pdb_parallel_compact_engine.sv:185$1407.stage1' from process `\cap_pdb_parallel_compact_allocation_engine.$proc$cap_pdb_parallel_compact_engine.sv:185$2039'.
No latch inferred for signal `\cap_pdb_parallel_compact_allocation_engine.\xor_permute_mask$func$cap_pdb_parallel_compact_engine.sv:185$1407.stage2' from process `\cap_pdb_parallel_compact_allocation_engine.$proc$cap_pdb_parallel_compact_engine.sv:185$2039'.
No latch inferred for signal `\cap_pdb_parallel_compact_allocation_engine.\xor_permute_mask$func$cap_pdb_parallel_compact_engine.sv:185$1407.stage3' from process `\cap_pdb_parallel_compact_allocation_engine.$proc$cap_pdb_parallel_compact_engine.sv:185$2039'.
No latch inferred for signal `\cap_pdb_parallel_compact_allocation_engine.\xor_permute_mask$func$cap_pdb_parallel_compact_engine.sv:185$1395.$result' from process `\cap_pdb_parallel_compact_allocation_engine.$proc$cap_pdb_parallel_compact_engine.sv:185$2079'.
No latch inferred for signal `\cap_pdb_parallel_compact_allocation_engine.\xor_permute_mask$func$cap_pdb_parallel_compact_engine.sv:185$1408.$result' from process `\cap_pdb_parallel_compact_allocation_engine.$proc$cap_pdb_parallel_compact_engine.sv:185$2079'.
No latch inferred for signal `\cap_pdb_parallel_compact_allocation_engine.\xor_permute_mask$func$cap_pdb_parallel_compact_engine.sv:185$1408.mask' from process `\cap_pdb_parallel_compact_allocation_engine.$proc$cap_pdb_parallel_compact_engine.sv:185$2079'.
No latch inferred for signal `\cap_pdb_parallel_compact_allocation_engine.\xor_permute_mask$func$cap_pdb_parallel_compact_engine.sv:185$1408.xor_state' from process `\cap_pdb_parallel_compact_allocation_engine.$proc$cap_pdb_parallel_compact_engine.sv:185$2079'.
No latch inferred for signal `\cap_pdb_parallel_compact_allocation_engine.\xor_permute_mask$func$cap_pdb_parallel_compact_engine.sv:185$1408.stage0' from process `\cap_pdb_parallel_compact_allocation_engine.$proc$cap_pdb_parallel_compact_engine.sv:185$2079'.
No latch inferred for signal `\cap_pdb_parallel_compact_allocation_engine.\xor_permute_mask$func$cap_pdb_parallel_compact_engine.sv:185$1408.stage1' from process `\cap_pdb_parallel_compact_allocation_engine.$proc$cap_pdb_parallel_compact_engine.sv:185$2079'.
No latch inferred for signal `\cap_pdb_parallel_compact_allocation_engine.\xor_permute_mask$func$cap_pdb_parallel_compact_engine.sv:185$1408.stage2' from process `\cap_pdb_parallel_compact_allocation_engine.$proc$cap_pdb_parallel_compact_engine.sv:185$2079'.
No latch inferred for signal `\cap_pdb_parallel_compact_allocation_engine.\xor_permute_mask$func$cap_pdb_parallel_compact_engine.sv:185$1408.stage3' from process `\cap_pdb_parallel_compact_allocation_engine.$proc$cap_pdb_parallel_compact_engine.sv:185$2079'.
No latch inferred for signal `\cap_pdb_parallel_compact_allocation_engine.\xor_permute_mask$func$cap_pdb_parallel_compact_engine.sv:185$1396.$result' from process `\cap_pdb_parallel_compact_allocation_engine.$proc$cap_pdb_parallel_compact_engine.sv:185$2119'.
No latch inferred for signal `\cap_pdb_parallel_compact_allocation_engine.\xor_permute_mask$func$cap_pdb_parallel_compact_engine.sv:185$1409.$result' from process `\cap_pdb_parallel_compact_allocation_engine.$proc$cap_pdb_parallel_compact_engine.sv:185$2119'.
No latch inferred for signal `\cap_pdb_parallel_compact_allocation_engine.\xor_permute_mask$func$cap_pdb_parallel_compact_engine.sv:185$1409.mask' from process `\cap_pdb_parallel_compact_allocation_engine.$proc$cap_pdb_parallel_compact_engine.sv:185$2119'.
No latch inferred for signal `\cap_pdb_parallel_compact_allocation_engine.\xor_permute_mask$func$cap_pdb_parallel_compact_engine.sv:185$1409.xor_state' from process `\cap_pdb_parallel_compact_allocation_engine.$proc$cap_pdb_parallel_compact_engine.sv:185$2119'.
No latch inferred for signal `\cap_pdb_parallel_compact_allocation_engine.\xor_permute_mask$func$cap_pdb_parallel_compact_engine.sv:185$1409.stage0' from process `\cap_pdb_parallel_compact_allocation_engine.$proc$cap_pdb_parallel_compact_engine.sv:185$2119'.
No latch inferred for signal `\cap_pdb_parallel_compact_allocation_engine.\xor_permute_mask$func$cap_pdb_parallel_compact_engine.sv:185$1409.stage1' from process `\cap_pdb_parallel_compact_allocation_engine.$proc$cap_pdb_parallel_compact_engine.sv:185$2119'.
No latch inferred for signal `\cap_pdb_parallel_compact_allocation_engine.\xor_permute_mask$func$cap_pdb_parallel_compact_engine.sv:185$1409.stage2' from process `\cap_pdb_parallel_compact_allocation_engine.$proc$cap_pdb_parallel_compact_engine.sv:185$2119'.
No latch inferred for signal `\cap_pdb_parallel_compact_allocation_engine.\xor_permute_mask$func$cap_pdb_parallel_compact_engine.sv:185$1409.stage3' from process `\cap_pdb_parallel_compact_allocation_engine.$proc$cap_pdb_parallel_compact_engine.sv:185$2119'.
No latch inferred for signal `\cap_pdb_parallel_compact_allocation_engine.\xor_permute_mask$func$cap_pdb_parallel_compact_engine.sv:185$1397.$result' from process `\cap_pdb_parallel_compact_allocation_engine.$proc$cap_pdb_parallel_compact_engine.sv:185$2159'.
No latch inferred for signal `\cap_pdb_parallel_compact_allocation_engine.\xor_permute_mask$func$cap_pdb_parallel_compact_engine.sv:185$1410.$result' from process `\cap_pdb_parallel_compact_allocation_engine.$proc$cap_pdb_parallel_compact_engine.sv:185$2159'.
No latch inferred for signal `\cap_pdb_parallel_compact_allocation_engine.\xor_permute_mask$func$cap_pdb_parallel_compact_engine.sv:185$1410.mask' from process `\cap_pdb_parallel_compact_allocation_engine.$proc$cap_pdb_parallel_compact_engine.sv:185$2159'.
No latch inferred for signal `\cap_pdb_parallel_compact_allocation_engine.\xor_permute_mask$func$cap_pdb_parallel_compact_engine.sv:185$1410.xor_state' from process `\cap_pdb_parallel_compact_allocation_engine.$proc$cap_pdb_parallel_compact_engine.sv:185$2159'.
No latch inferred for signal `\cap_pdb_parallel_compact_allocation_engine.\xor_permute_mask$func$cap_pdb_parallel_compact_engine.sv:185$1410.stage0' from process `\cap_pdb_parallel_compact_allocation_engine.$proc$cap_pdb_parallel_compact_engine.sv:185$2159'.
No latch inferred for signal `\cap_pdb_parallel_compact_allocation_engine.\xor_permute_mask$func$cap_pdb_parallel_compact_engine.sv:185$1410.stage1' from process `\cap_pdb_parallel_compact_allocation_engine.$proc$cap_pdb_parallel_compact_engine.sv:185$2159'.
No latch inferred for signal `\cap_pdb_parallel_compact_allocation_engine.\xor_permute_mask$func$cap_pdb_parallel_compact_engine.sv:185$1410.stage2' from process `\cap_pdb_parallel_compact_allocation_engine.$proc$cap_pdb_parallel_compact_engine.sv:185$2159'.
No latch inferred for signal `\cap_pdb_parallel_compact_allocation_engine.\xor_permute_mask$func$cap_pdb_parallel_compact_engine.sv:185$1410.stage3' from process `\cap_pdb_parallel_compact_allocation_engine.$proc$cap_pdb_parallel_compact_engine.sv:185$2159'.
No latch inferred for signal `\cap_pdb_parallel_compact_allocation_engine.\xor_permute_mask$func$cap_pdb_parallel_compact_engine.sv:185$1398.$result' from process `\cap_pdb_parallel_compact_allocation_engine.$proc$cap_pdb_parallel_compact_engine.sv:185$2199'.
No latch inferred for signal `\cap_pdb_parallel_compact_allocation_engine.\xor_permute_mask$func$cap_pdb_parallel_compact_engine.sv:185$1411.$result' from process `\cap_pdb_parallel_compact_allocation_engine.$proc$cap_pdb_parallel_compact_engine.sv:185$2199'.
No latch inferred for signal `\cap_pdb_parallel_compact_allocation_engine.\xor_permute_mask$func$cap_pdb_parallel_compact_engine.sv:185$1411.mask' from process `\cap_pdb_parallel_compact_allocation_engine.$proc$cap_pdb_parallel_compact_engine.sv:185$2199'.
No latch inferred for signal `\cap_pdb_parallel_compact_allocation_engine.\xor_permute_mask$func$cap_pdb_parallel_compact_engine.sv:185$1411.xor_state' from process `\cap_pdb_parallel_compact_allocation_engine.$proc$cap_pdb_parallel_compact_engine.sv:185$2199'.
No latch inferred for signal `\cap_pdb_parallel_compact_allocation_engine.\xor_permute_mask$func$cap_pdb_parallel_compact_engine.sv:185$1411.stage0' from process `\cap_pdb_parallel_compact_allocation_engine.$proc$cap_pdb_parallel_compact_engine.sv:185$2199'.
No latch inferred for signal `\cap_pdb_parallel_compact_allocation_engine.\xor_permute_mask$func$cap_pdb_parallel_compact_engine.sv:185$1411.stage1' from process `\cap_pdb_parallel_compact_allocation_engine.$proc$cap_pdb_parallel_compact_engine.sv:185$2199'.
No latch inferred for signal `\cap_pdb_parallel_compact_allocation_engine.\xor_permute_mask$func$cap_pdb_parallel_compact_engine.sv:185$1411.stage2' from process `\cap_pdb_parallel_compact_allocation_engine.$proc$cap_pdb_parallel_compact_engine.sv:185$2199'.
No latch inferred for signal `\cap_pdb_parallel_compact_allocation_engine.\xor_permute_mask$func$cap_pdb_parallel_compact_engine.sv:185$1411.stage3' from process `\cap_pdb_parallel_compact_allocation_engine.$proc$cap_pdb_parallel_compact_engine.sv:185$2199'.
No latch inferred for signal `\cap_pdb_parallel_compact_allocation_engine.\xor_permute_mask$func$cap_pdb_parallel_compact_engine.sv:185$1399.$result' from process `\cap_pdb_parallel_compact_allocation_engine.$proc$cap_pdb_parallel_compact_engine.sv:185$2239'.
No latch inferred for signal `\cap_pdb_parallel_compact_allocation_engine.\xor_permute_mask$func$cap_pdb_parallel_compact_engine.sv:185$1412.$result' from process `\cap_pdb_parallel_compact_allocation_engine.$proc$cap_pdb_parallel_compact_engine.sv:185$2239'.
No latch inferred for signal `\cap_pdb_parallel_compact_allocation_engine.\xor_permute_mask$func$cap_pdb_parallel_compact_engine.sv:185$1412.mask' from process `\cap_pdb_parallel_compact_allocation_engine.$proc$cap_pdb_parallel_compact_engine.sv:185$2239'.
No latch inferred for signal `\cap_pdb_parallel_compact_allocation_engine.\xor_permute_mask$func$cap_pdb_parallel_compact_engine.sv:185$1412.xor_state' from process `\cap_pdb_parallel_compact_allocation_engine.$proc$cap_pdb_parallel_compact_engine.sv:185$2239'.
No latch inferred for signal `\cap_pdb_parallel_compact_allocation_engine.\xor_permute_mask$func$cap_pdb_parallel_compact_engine.sv:185$1412.stage0' from process `\cap_pdb_parallel_compact_allocation_engine.$proc$cap_pdb_parallel_compact_engine.sv:185$2239'.
No latch inferred for signal `\cap_pdb_parallel_compact_allocation_engine.\xor_permute_mask$func$cap_pdb_parallel_compact_engine.sv:185$1412.stage1' from process `\cap_pdb_parallel_compact_allocation_engine.$proc$cap_pdb_parallel_compact_engine.sv:185$2239'.
No latch inferred for signal `\cap_pdb_parallel_compact_allocation_engine.\xor_permute_mask$func$cap_pdb_parallel_compact_engine.sv:185$1412.stage2' from process `\cap_pdb_parallel_compact_allocation_engine.$proc$cap_pdb_parallel_compact_engine.sv:185$2239'.
No latch inferred for signal `\cap_pdb_parallel_compact_allocation_engine.\xor_permute_mask$func$cap_pdb_parallel_compact_engine.sv:185$1412.stage3' from process `\cap_pdb_parallel_compact_allocation_engine.$proc$cap_pdb_parallel_compact_engine.sv:185$2239'.
No latch inferred for signal `\cap_pdb_parallel_compact_allocation_engine.\xor_permute_mask$func$cap_pdb_parallel_compact_engine.sv:185$1400.$result' from process `\cap_pdb_parallel_compact_allocation_engine.$proc$cap_pdb_parallel_compact_engine.sv:185$2279'.
No latch inferred for signal `\cap_pdb_parallel_compact_allocation_engine.\xor_permute_mask$func$cap_pdb_parallel_compact_engine.sv:185$1413.$result' from process `\cap_pdb_parallel_compact_allocation_engine.$proc$cap_pdb_parallel_compact_engine.sv:185$2279'.
No latch inferred for signal `\cap_pdb_parallel_compact_allocation_engine.\xor_permute_mask$func$cap_pdb_parallel_compact_engine.sv:185$1413.mask' from process `\cap_pdb_parallel_compact_allocation_engine.$proc$cap_pdb_parallel_compact_engine.sv:185$2279'.
No latch inferred for signal `\cap_pdb_parallel_compact_allocation_engine.\xor_permute_mask$func$cap_pdb_parallel_compact_engine.sv:185$1413.xor_state' from process `\cap_pdb_parallel_compact_allocation_engine.$proc$cap_pdb_parallel_compact_engine.sv:185$2279'.
No latch inferred for signal `\cap_pdb_parallel_compact_allocation_engine.\xor_permute_mask$func$cap_pdb_parallel_compact_engine.sv:185$1413.stage0' from process `\cap_pdb_parallel_compact_allocation_engine.$proc$cap_pdb_parallel_compact_engine.sv:185$2279'.
No latch inferred for signal `\cap_pdb_parallel_compact_allocation_engine.\xor_permute_mask$func$cap_pdb_parallel_compact_engine.sv:185$1413.stage1' from process `\cap_pdb_parallel_compact_allocation_engine.$proc$cap_pdb_parallel_compact_engine.sv:185$2279'.
No latch inferred for signal `\cap_pdb_parallel_compact_allocation_engine.\xor_permute_mask$func$cap_pdb_parallel_compact_engine.sv:185$1413.stage2' from process `\cap_pdb_parallel_compact_allocation_engine.$proc$cap_pdb_parallel_compact_engine.sv:185$2279'.
No latch inferred for signal `\cap_pdb_parallel_compact_allocation_engine.\xor_permute_mask$func$cap_pdb_parallel_compact_engine.sv:185$1413.stage3' from process `\cap_pdb_parallel_compact_allocation_engine.$proc$cap_pdb_parallel_compact_engine.sv:185$2279'.
No latch inferred for signal `\cap_pdb_parallel_compact_allocation_engine.\xor_permute_mask$func$cap_pdb_parallel_compact_engine.sv:185$1401.$result' from process `\cap_pdb_parallel_compact_allocation_engine.$proc$cap_pdb_parallel_compact_engine.sv:185$2319'.
No latch inferred for signal `\cap_pdb_parallel_compact_allocation_engine.\xor_permute_mask$func$cap_pdb_parallel_compact_engine.sv:185$1414.$result' from process `\cap_pdb_parallel_compact_allocation_engine.$proc$cap_pdb_parallel_compact_engine.sv:185$2319'.
No latch inferred for signal `\cap_pdb_parallel_compact_allocation_engine.\xor_permute_mask$func$cap_pdb_parallel_compact_engine.sv:185$1414.mask' from process `\cap_pdb_parallel_compact_allocation_engine.$proc$cap_pdb_parallel_compact_engine.sv:185$2319'.
No latch inferred for signal `\cap_pdb_parallel_compact_allocation_engine.\xor_permute_mask$func$cap_pdb_parallel_compact_engine.sv:185$1414.xor_state' from process `\cap_pdb_parallel_compact_allocation_engine.$proc$cap_pdb_parallel_compact_engine.sv:185$2319'.
No latch inferred for signal `\cap_pdb_parallel_compact_allocation_engine.\xor_permute_mask$func$cap_pdb_parallel_compact_engine.sv:185$1414.stage0' from process `\cap_pdb_parallel_compact_allocation_engine.$proc$cap_pdb_parallel_compact_engine.sv:185$2319'.
No latch inferred for signal `\cap_pdb_parallel_compact_allocation_engine.\xor_permute_mask$func$cap_pdb_parallel_compact_engine.sv:185$1414.stage1' from process `\cap_pdb_parallel_compact_allocation_engine.$proc$cap_pdb_parallel_compact_engine.sv:185$2319'.
No latch inferred for signal `\cap_pdb_parallel_compact_allocation_engine.\xor_permute_mask$func$cap_pdb_parallel_compact_engine.sv:185$1414.stage2' from process `\cap_pdb_parallel_compact_allocation_engine.$proc$cap_pdb_parallel_compact_engine.sv:185$2319'.
No latch inferred for signal `\cap_pdb_parallel_compact_allocation_engine.\xor_permute_mask$func$cap_pdb_parallel_compact_engine.sv:185$1414.stage3' from process `\cap_pdb_parallel_compact_allocation_engine.$proc$cap_pdb_parallel_compact_engine.sv:185$2319'.

5.4.9. Executing PROC_DFF pass (convert process syncs to FFs).
Creating register for signal `\cap_pdb_parallel_compact_allocation_engine.\busy' using process `\cap_pdb_parallel_compact_allocation_engine.$proc$cap_pdb_parallel_compact_engine.sv:249$1769'.
  created $dff cell `$procdff$4042' with positive edge clock.
Creating register for signal `\cap_pdb_parallel_compact_allocation_engine.\done' using process `\cap_pdb_parallel_compact_allocation_engine.$proc$cap_pdb_parallel_compact_engine.sv:249$1769'.
  created $dff cell `$procdff$4043' with positive edge clock.
Creating register for signal `\cap_pdb_parallel_compact_allocation_engine.\valid' using process `\cap_pdb_parallel_compact_allocation_engine.$proc$cap_pdb_parallel_compact_engine.sv:249$1769'.
  created $dff cell `$procdff$4044' with positive edge clock.
Creating register for signal `\cap_pdb_parallel_compact_allocation_engine.\group_cost_sum' using process `\cap_pdb_parallel_compact_allocation_engine.$proc$cap_pdb_parallel_compact_engine.sv:249$1769'.
  created $dff cell `$procdff$4045' with positive edge clock.
Creating register for signal `\cap_pdb_parallel_compact_allocation_engine.\cycles' using process `\cap_pdb_parallel_compact_allocation_engine.$proc$cap_pdb_parallel_compact_engine.sv:249$1769'.
  created $dff cell `$procdff$4046' with positive edge clock.
Creating register for signal `\cap_pdb_parallel_compact_allocation_engine.\phase' using process `\cap_pdb_parallel_compact_allocation_engine.$proc$cap_pdb_parallel_compact_engine.sv:249$1769'.
  created $dff cell `$procdff$4047' with positive edge clock.
Creating register for signal `\cap_pdb_parallel_compact_allocation_engine.\index' using process `\cap_pdb_parallel_compact_allocation_engine.$proc$cap_pdb_parallel_compact_engine.sv:249$1769'.
  created $dff cell `$procdff$4048' with positive edge clock.
Creating register for signal `\cap_pdb_parallel_compact_allocation_engine.\remaining[0]' using process `\cap_pdb_parallel_compact_allocation_engine.$proc$cap_pdb_parallel_compact_engine.sv:249$1769'.
  created $dff cell `$procdff$4049' with positive edge clock.
Creating register for signal `\cap_pdb_parallel_compact_allocation_engine.\remaining[1]' using process `\cap_pdb_parallel_compact_allocation_engine.$proc$cap_pdb_parallel_compact_engine.sv:249$1769'.
  created $dff cell `$procdff$4050' with positive edge clock.
Creating register for signal `\cap_pdb_parallel_compact_allocation_engine.\remaining[2]' using process `\cap_pdb_parallel_compact_allocation_engine.$proc$cap_pdb_parallel_compact_engine.sv:249$1769'.
  created $dff cell `$procdff$4051' with positive edge clock.
Creating register for signal `\cap_pdb_parallel_compact_allocation_engine.\remaining[3]' using process `\cap_pdb_parallel_compact_allocation_engine.$proc$cap_pdb_parallel_compact_engine.sv:249$1769'.
  created $dff cell `$procdff$4052' with positive edge clock.
Creating register for signal `\cap_pdb_parallel_compact_allocation_engine.\remaining[4]' using process `\cap_pdb_parallel_compact_allocation_engine.$proc$cap_pdb_parallel_compact_engine.sv:249$1769'.
  created $dff cell `$procdff$4053' with positive edge clock.
Creating register for signal `\cap_pdb_parallel_compact_allocation_engine.\remaining[5]' using process `\cap_pdb_parallel_compact_allocation_engine.$proc$cap_pdb_parallel_compact_engine.sv:249$1769'.
  created $dff cell `$procdff$4054' with positive edge clock.
Creating register for signal `\cap_pdb_parallel_compact_allocation_engine.\remaining[6]' using process `\cap_pdb_parallel_compact_allocation_engine.$proc$cap_pdb_parallel_compact_engine.sv:249$1769'.
  created $dff cell `$procdff$4055' with positive edge clock.
Creating register for signal `\cap_pdb_parallel_compact_allocation_engine.\remaining[7]' using process `\cap_pdb_parallel_compact_allocation_engine.$proc$cap_pdb_parallel_compact_engine.sv:249$1769'.
  created $dff cell `$procdff$4056' with positive edge clock.
Creating register for signal `\cap_pdb_parallel_compact_allocation_engine.\remaining[8]' using process `\cap_pdb_parallel_compact_allocation_engine.$proc$cap_pdb_parallel_compact_engine.sv:249$1769'.
  created $dff cell `$procdff$4057' with positive edge clock.
Creating register for signal `\cap_pdb_parallel_compact_allocation_engine.\remaining[9]' using process `\cap_pdb_parallel_compact_allocation_engine.$proc$cap_pdb_parallel_compact_engine.sv:249$1769'.
  created $dff cell `$procdff$4058' with positive edge clock.
Creating register for signal `\cap_pdb_parallel_compact_allocation_engine.\remaining[10]' using process `\cap_pdb_parallel_compact_allocation_engine.$proc$cap_pdb_parallel_compact_engine.sv:249$1769'.
  created $dff cell `$procdff$4059' with positive edge clock.
Creating register for signal `\cap_pdb_parallel_compact_allocation_engine.\remaining[11]' using process `\cap_pdb_parallel_compact_allocation_engine.$proc$cap_pdb_parallel_compact_engine.sv:249$1769'.
  created $dff cell `$procdff$4060' with positive edge clock.
Creating register for signal `\cap_pdb_parallel_compact_allocation_engine.\remaining[12]' using process `\cap_pdb_parallel_compact_allocation_engine.$proc$cap_pdb_parallel_compact_engine.sv:249$1769'.
  created $dff cell `$procdff$4061' with positive edge clock.
Creating register for signal `\cap_pdb_parallel_compact_allocation_engine.\group_minimum[0]' using process `\cap_pdb_parallel_compact_allocation_engine.$proc$cap_pdb_parallel_compact_engine.sv:249$1769'.
  created $dff cell `$procdff$4062' with positive edge clock.
Creating register for signal `\cap_pdb_parallel_compact_allocation_engine.\group_minimum[1]' using process `\cap_pdb_parallel_compact_allocation_engine.$proc$cap_pdb_parallel_compact_engine.sv:249$1769'.
  created $dff cell `$procdff$4063' with positive edge clock.
Creating register for signal `\cap_pdb_parallel_compact_allocation_engine.\group_minimum[2]' using process `\cap_pdb_parallel_compact_allocation_engine.$proc$cap_pdb_parallel_compact_engine.sv:249$1769'.
  created $dff cell `$procdff$4064' with positive edge clock.
Creating register for signal `\cap_pdb_parallel_compact_allocation_engine.\group_minimum[3]' using process `\cap_pdb_parallel_compact_allocation_engine.$proc$cap_pdb_parallel_compact_engine.sv:249$1769'.
  created $dff cell `$procdff$4065' with positive edge clock.
Creating register for signal `\cap_pdb_parallel_compact_allocation_engine.\group_minimum[4]' using process `\cap_pdb_parallel_compact_allocation_engine.$proc$cap_pdb_parallel_compact_engine.sv:249$1769'.
  created $dff cell `$procdff$4066' with positive edge clock.
Creating register for signal `\cap_pdb_parallel_compact_allocation_engine.\group_minimum[5]' using process `\cap_pdb_parallel_compact_allocation_engine.$proc$cap_pdb_parallel_compact_engine.sv:249$1769'.
  created $dff cell `$procdff$4067' with positive edge clock.
Creating register for signal `\cap_pdb_parallel_compact_allocation_engine.\group_minimum[6]' using process `\cap_pdb_parallel_compact_allocation_engine.$proc$cap_pdb_parallel_compact_engine.sv:249$1769'.
  created $dff cell `$procdff$4068' with positive edge clock.
Creating register for signal `\cap_pdb_parallel_compact_allocation_engine.\group_minimum[7]' using process `\cap_pdb_parallel_compact_allocation_engine.$proc$cap_pdb_parallel_compact_engine.sv:249$1769'.
  created $dff cell `$procdff$4069' with positive edge clock.
Creating register for signal `\cap_pdb_parallel_compact_allocation_engine.\group_minimum[8]' using process `\cap_pdb_parallel_compact_allocation_engine.$proc$cap_pdb_parallel_compact_engine.sv:249$1769'.
  created $dff cell `$procdff$4070' with positive edge clock.
Creating register for signal `\cap_pdb_parallel_compact_allocation_engine.\group_minimum[9]' using process `\cap_pdb_parallel_compact_allocation_engine.$proc$cap_pdb_parallel_compact_engine.sv:249$1769'.
  created $dff cell `$procdff$4071' with positive edge clock.
Creating register for signal `\cap_pdb_parallel_compact_allocation_engine.\group_minimum[10]' using process `\cap_pdb_parallel_compact_allocation_engine.$proc$cap_pdb_parallel_compact_engine.sv:249$1769'.
  created $dff cell `$procdff$4072' with positive edge clock.
Creating register for signal `\cap_pdb_parallel_compact_allocation_engine.\group_minimum[11]' using process `\cap_pdb_parallel_compact_allocation_engine.$proc$cap_pdb_parallel_compact_engine.sv:249$1769'.
  created $dff cell `$procdff$4073' with positive edge clock.
Creating register for signal `\cap_pdb_parallel_compact_allocation_engine.\group_minimum[12]' using process `\cap_pdb_parallel_compact_allocation_engine.$proc$cap_pdb_parallel_compact_engine.sv:249$1769'.
  created $dff cell `$procdff$4074' with positive edge clock.
Creating register for signal `$paramod$b5bfe1d4fce40940586b6e35fec61194ae5a8fde\cap_pdb_state_wide_bank.\rdata' using process `$paramod$b5bfe1d4fce40940586b6e35fec61194ae5a8fde\cap_pdb_state_wide_bank.$proc$cap_pdb_parallel_compact_engine.sv:22$2357'.
  created $dff cell `$procdff$4075' with positive edge clock.
Creating register for signal `$paramod$b5bfe1d4fce40940586b6e35fec61194ae5a8fde\cap_pdb_state_wide_bank.$memwr$\memory$cap_pdb_parallel_compact_engine.sv:24$2356_ADDR' using process `$paramod$b5bfe1d4fce40940586b6e35fec61194ae5a8fde\cap_pdb_state_wide_bank.$proc$cap_pdb_parallel_compact_engine.sv:22$2357'.
  created $dff cell `$procdff$4076' with positive edge clock.
Creating register for signal `$paramod$b5bfe1d4fce40940586b6e35fec61194ae5a8fde\cap_pdb_state_wide_bank.$memwr$\memory$cap_pdb_parallel_compact_engine.sv:24$2356_DATA' using process `$paramod$b5bfe1d4fce40940586b6e35fec61194ae5a8fde\cap_pdb_state_wide_bank.$proc$cap_pdb_parallel_compact_engine.sv:22$2357'.
  created $dff cell `$procdff$4077' with positive edge clock.
Creating register for signal `$paramod$b5bfe1d4fce40940586b6e35fec61194ae5a8fde\cap_pdb_state_wide_bank.$memwr$\memory$cap_pdb_parallel_compact_engine.sv:24$2356_EN' using process `$paramod$b5bfe1d4fce40940586b6e35fec61194ae5a8fde\cap_pdb_state_wide_bank.$proc$cap_pdb_parallel_compact_engine.sv:22$2357'.
  created $dff cell `$procdff$4078' with positive edge clock.

5.4.10. Executing PROC_MEMWR pass (convert process memory writes to cells).

5.4.11. Executing PROC_CLEAN pass (remove empty switches from decision trees).
Removing empty process `cap_pdb_parallel_compact_allocation_engine.$proc$cap_pdb_parallel_compact_engine.sv:207$1416'.
Found and cleaned up 26 empty switches in `\cap_pdb_parallel_compact_allocation_engine.$proc$cap_pdb_parallel_compact_engine.sv:232$1729'.
Removing empty process `cap_pdb_parallel_compact_allocation_engine.$proc$cap_pdb_parallel_compact_engine.sv:232$1729'.
Found and cleaned up 31 empty switches in `\cap_pdb_parallel_compact_allocation_engine.$proc$cap_pdb_parallel_compact_engine.sv:249$1769'.
Removing empty process `cap_pdb_parallel_compact_allocation_engine.$proc$cap_pdb_parallel_compact_engine.sv:249$1769'.
Removing empty process `cap_pdb_parallel_compact_allocation_engine.$proc$cap_pdb_parallel_compact_engine.sv:185$1839'.
Removing empty process `cap_pdb_parallel_compact_allocation_engine.$proc$cap_pdb_parallel_compact_engine.sv:185$1879'.
Removing empty process `cap_pdb_parallel_compact_allocation_engine.$proc$cap_pdb_parallel_compact_engine.sv:185$1919'.
Removing empty process `cap_pdb_parallel_compact_allocation_engine.$proc$cap_pdb_parallel_compact_engine.sv:185$1959'.
Removing empty process `cap_pdb_parallel_compact_allocation_engine.$proc$cap_pdb_parallel_compact_engine.sv:185$1999'.
Removing empty process `cap_pdb_parallel_compact_allocation_engine.$proc$cap_pdb_parallel_compact_engine.sv:185$2039'.
Removing empty process `cap_pdb_parallel_compact_allocation_engine.$proc$cap_pdb_parallel_compact_engine.sv:185$2079'.
Removing empty process `cap_pdb_parallel_compact_allocation_engine.$proc$cap_pdb_parallel_compact_engine.sv:185$2119'.
Removing empty process `cap_pdb_parallel_compact_allocation_engine.$proc$cap_pdb_parallel_compact_engine.sv:185$2159'.
Removing empty process `cap_pdb_parallel_compact_allocation_engine.$proc$cap_pdb_parallel_compact_engine.sv:185$2199'.
Removing empty process `cap_pdb_parallel_compact_allocation_engine.$proc$cap_pdb_parallel_compact_engine.sv:185$2239'.
Removing empty process `cap_pdb_parallel_compact_allocation_engine.$proc$cap_pdb_parallel_compact_engine.sv:185$2279'.
Removing empty process `cap_pdb_parallel_compact_allocation_engine.$proc$cap_pdb_parallel_compact_engine.sv:185$2319'.
Found and cleaned up 2 empty switches in `$paramod$b5bfe1d4fce40940586b6e35fec61194ae5a8fde\cap_pdb_state_wide_bank.$proc$cap_pdb_parallel_compact_engine.sv:22$2357'.
Removing empty process `$paramod$b5bfe1d4fce40940586b6e35fec61194ae5a8fde\cap_pdb_state_wide_bank.$proc$cap_pdb_parallel_compact_engine.sv:22$2357'.
Cleaned up 59 empty switches.

5.4.12. Executing OPT_EXPR pass (perform const folding).
Optimizing module cap_pdb_parallel_compact_allocation_engine.
<suppressed ~294 debug messages>
Optimizing module $paramod$cbc3189b30a0f0ae8c16e45df15b3f5a54303a8f\cap_pdb_masked_min32.
Optimizing module $paramod$b5bfe1d4fce40940586b6e35fec61194ae5a8fde\cap_pdb_state_wide_bank.

5.5. Executing TRIBUF pass.

5.6. Executing DEMINOUT pass (demote inout ports to input or output).

5.7. Executing OPT_EXPR pass (perform const folding).
Optimizing module cap_pdb_parallel_compact_allocation_engine.
<suppressed ~1 debug messages>
Optimizing module $paramod$cbc3189b30a0f0ae8c16e45df15b3f5a54303a8f\cap_pdb_masked_min32.
Optimizing module $paramod$b5bfe1d4fce40940586b6e35fec61194ae5a8fde\cap_pdb_state_wide_bank.

5.8. Executing OPT_CLEAN pass (remove unused cells and wires).
Finding unused cells or wires in module \cap_pdb_parallel_compact_allocation_engine..
Finding unused cells or wires in module $paramod$cbc3189b30a0f0ae8c16e45df15b3f5a54303a8f\cap_pdb_masked_min32..
Finding unused cells or wires in module $paramod$b5bfe1d4fce40940586b6e35fec61194ae5a8fde\cap_pdb_state_wide_bank..
Removed 25 unused cells and 715 unused wires.
<suppressed ~29 debug messages>

5.9. Executing CHECK pass (checking for obvious problems).
Checking module cap_pdb_parallel_compact_allocation_engine...
Checking module $paramod$cbc3189b30a0f0ae8c16e45df15b3f5a54303a8f\cap_pdb_masked_min32...
Checking module $paramod$b5bfe1d4fce40940586b6e35fec61194ae5a8fde\cap_pdb_state_wide_bank...
Found and reported 0 problems.

5.10. Executing OPT pass (performing simple optimizations).

5.10.1. Executing OPT_EXPR pass (perform const folding).
Optimizing module cap_pdb_parallel_compact_allocation_engine.
Optimizing module $paramod$cbc3189b30a0f0ae8c16e45df15b3f5a54303a8f\cap_pdb_masked_min32.
Optimizing module $paramod$b5bfe1d4fce40940586b6e35fec61194ae5a8fde\cap_pdb_state_wide_bank.

5.10.2. Executing OPT_MERGE pass (detect identical cells).
Finding identical cells in module `\cap_pdb_parallel_compact_allocation_engine'.
Computing hashes of 830 cells of `\cap_pdb_parallel_compact_allocation_engine'.
Finding duplicate cells in `\cap_pdb_parallel_compact_allocation_engine'.
Computing hashes of 746 cells of `\cap_pdb_parallel_compact_allocation_engine'.
Finding duplicate cells in `\cap_pdb_parallel_compact_allocation_engine'.
<suppressed ~252 debug messages>
Finding identical cells in module `$paramod$cbc3189b30a0f0ae8c16e45df15b3f5a54303a8f\cap_pdb_masked_min32'.
Computing hashes of 94 cells of `$paramod$cbc3189b30a0f0ae8c16e45df15b3f5a54303a8f\cap_pdb_masked_min32'.
Finding duplicate cells in `$paramod$cbc3189b30a0f0ae8c16e45df15b3f5a54303a8f\cap_pdb_masked_min32'.
Finding identical cells in module `$paramod$b5bfe1d4fce40940586b6e35fec61194ae5a8fde\cap_pdb_state_wide_bank'.
Computing hashes of 7 cells of `$paramod$b5bfe1d4fce40940586b6e35fec61194ae5a8fde\cap_pdb_state_wide_bank'.
Finding duplicate cells in `$paramod$b5bfe1d4fce40940586b6e35fec61194ae5a8fde\cap_pdb_state_wide_bank'.
Removed a total of 84 cells.

5.10.3. Executing OPT_MUXTREE pass (detect dead branches in mux trees).
Running muxtree optimizer on module \cap_pdb_parallel_compact_allocation_engine..
  Creating internal representation of mux trees.
  Evaluating internal representation of mux trees.
  Analyzing evaluation results.
Running muxtree optimizer on module $paramod$cbc3189b30a0f0ae8c16e45df15b3f5a54303a8f\cap_pdb_masked_min32..
  Creating internal representation of mux trees.
  Evaluating internal representation of mux trees.
  Analyzing evaluation results.
Running muxtree optimizer on module $paramod$b5bfe1d4fce40940586b6e35fec61194ae5a8fde\cap_pdb_state_wide_bank..
  Creating internal representation of mux trees.
  Evaluating internal representation of mux trees.
  Analyzing evaluation results.
Removed 0 multiplexer ports.
<suppressed ~464 debug messages>

5.10.4. Executing OPT_REDUCE pass (consolidate $*mux and $reduce_* inputs).
  Optimizing cells in module \cap_pdb_parallel_compact_allocation_engine.
  Optimizing cells in module $paramod$cbc3189b30a0f0ae8c16e45df15b3f5a54303a8f\cap_pdb_masked_min32.
  Optimizing cells in module $paramod$b5bfe1d4fce40940586b6e35fec61194ae5a8fde\cap_pdb_state_wide_bank.
    Consolidated identical input bits for $mux cell $procmux$4032:
      Old ports: A=512'00000000000000000000000000000000000000000000000000000000000000000000000000000000000000000000000000000000000000000000000000000000000000000000000000000000000000000000000000000000000000000000000000000000000000000000000000000000000000000000000000000000000000000000000000000000000000000000000000000000000000000000000000000000000000000000000000000000000000000000000000000000000000000000000000000000000000000000000000000000000000000000000000000000000000000000000000000000000000000000000000000000000000000000000000000000, B=512'11111111111111111111111111111111111111111111111111111111111111111111111111111111111111111111111111111111111111111111111111111111111111111111111111111111111111111111111111111111111111111111111111111111111111111111111111111111111111111111111111111111111111111111111111111111111111111111111111111111111111111111111111111111111111111111111111111111111111111111111111111111111111111111111111111111111111111111111111111111111111111111111111111111111111111111111111111111111111111111111111111111111111111111111111111111, Y=$0$memwr$\memory$cap_pdb_parallel_compact_engine.sv:24$2356_EN[511:0]$2360
      New ports: A=1'0, B=1'1, Y=$0$memwr$\memory$cap_pdb_parallel_compact_engine.sv:24$2356_EN[511:0]$2360 [0]
      New connections: $0$memwr$\memory$cap_pdb_parallel_compact_engine.sv:24$2356_EN[511:0]$2360 [511:1] = { $0$memwr$\memory$cap_pdb_parallel_compact_engine.sv:24$2356_EN[511:0]$2360 [0] $0$memwr$\memory$cap_pdb_parallel_compact_engine.sv:24$2356_EN[511:0]$2360 [0] $0$memwr$\memory$cap_pdb_parallel_compact_engine.sv:24$2356_EN[511:0]$2360 [0] $0$memwr$\memory$cap_pdb_parallel_compact_engine.sv:24$2356_EN[511:0]$2360 [0] $0$memwr$\memory$cap_pdb_parallel_compact_engine.sv:24$2356_EN[511:0]$2360 [0] $0$memwr$\memory$cap_pdb_parallel_compact_engine.sv:24$2356_EN[511:0]$2360 [0] $0$memwr$\memory$cap_pdb_parallel_compact_engine.sv:24$2356_EN[511:0]$2360 [0] $0$memwr$\memory$cap_pdb_parallel_compact_engine.sv:24$2356_EN[511:0]$2360 [0] $0$memwr$\memory$cap_pdb_parallel_compact_engine.sv:24$2356_EN[511:0]$2360 [0] $0$memwr$\memory$cap_pdb_parallel_compact_engine.sv:24$2356_EN[511:0]$2360 [0] $0$memwr$\memory$cap_pdb_parallel_compact_engine.sv:24$2356_EN[511:0]$2360 [0] $0$memwr$\memory$cap_pdb_parallel_compact_engine.sv:24$2356_EN[511:0]$2360 [0] $0$memwr$\memory$cap_pdb_parallel_compact_engine.sv:24$2356_EN[511:0]$2360 [0] $0$memwr$\memory$cap_pdb_parallel_compact_engine.sv:24$2356_EN[511:0]$2360 [0] $0$memwr$\memory$cap_pdb_parallel_compact_engine.sv:24$2356_EN[511:0]$2360 [0] $0$memwr$\memory$cap_pdb_parallel_compact_engine.sv:24$2356_EN[511:0]$2360 [0] $0$memwr$\memory$cap_pdb_parallel_compact_engine.sv:24$2356_EN[511:0]$2360 [0] $0$memwr$\memory$cap_pdb_parallel_compact_engine.sv:24$2356_EN[511:0]$2360 [0] $0$memwr$\memory$cap_pdb_parallel_compact_engine.sv:24$2356_EN[511:0]$2360 [0] $0$memwr$\memory$cap_pdb_parallel_compact_engine.sv:24$2356_EN[511:0]$2360 [0] $0$memwr$\memory$cap_pdb_parallel_compact_engine.sv:24$2356_EN[511:0]$2360 [0] $0$memwr$\memory$cap_pdb_parallel_compact_engine.sv:24$2356_EN[511:0]$2360 [0] $0$memwr$\memory$cap_pdb_parallel_compact_engine.sv:24$2356_EN[511:0]$2360 [0] $0$memwr$\memory$cap_pdb_parallel_compact_engine.sv:24$2356_EN[511:0]$2360 [0] $0$memwr$\memory$cap_pdb_parallel_compact_engine.sv:24$2356_EN[511:0]$2360 [0] $0$memwr$\memory$cap_pdb_parallel_compact_engine.sv:24$2356_EN[511:0]$2360 [0] $0$memwr$\memory$cap_pdb_parallel_compact_engine.sv:24$2356_EN[511:0]$2360 [0] $0$memwr$\memory$cap_pdb_parallel_compact_engine.sv:24$2356_EN[511:0]$2360 [0] $0$memwr$\memory$cap_pdb_parallel_compact_engine.sv:24$2356_EN[511:0]$2360 [0] $0$memwr$\memory$cap_pdb_parallel_compact_engine.sv:24$2356_EN[511:0]$2360 [0] $0$memwr$\memory$cap_pdb_parallel_compact_engine.sv:24$2356_EN[511:0]$2360 [0] $0$memwr$\memory$cap_pdb_parallel_compact_engine.sv:24$2356_EN[511:0]$2360 [0] $0$memwr$\memory$cap_pdb_parallel_compact_engine.sv:24$2356_EN[511:0]$2360 [0] $0$memwr$\memory$cap_pdb_parallel_compact_engine.sv:24$2356_EN[511:0]$2360 [0] $0$memwr$\memory$cap_pdb_parallel_compact_engine.sv:24$2356_EN[511:0]$2360 [0] $0$memwr$\memory$cap_pdb_parallel_compact_engine.sv:24$2356_EN[511:0]$2360 [0] $0$memwr$\memory$cap_pdb_parallel_compact_engine.sv:24$2356_EN[511:0]$2360 [0] $0$memwr$\memory$cap_pdb_parallel_compact_engine.sv:24$2356_EN[511:0]$2360 [0] $0$memwr$\memory$cap_pdb_parallel_compact_engine.sv:24$2356_EN[511:0]$2360 [0] $0$memwr$\memory$cap_pdb_parallel_compact_engine.sv:24$2356_EN[511:0]$2360 [0] $0$memwr$\memory$cap_pdb_parallel_compact_engine.sv:24$2356_EN[511:0]$2360 [0] $0$memwr$\memory$cap_pdb_parallel_compact_engine.sv:24$2356_EN[511:0]$2360 [0] $0$memwr$\memory$cap_pdb_parallel_compact_engine.sv:24$2356_EN[511:0]$2360 [0] $0$memwr$\memory$cap_pdb_parallel_compact_engine.sv:24$2356_EN[511:0]$2360 [0] $0$memwr$\memory$cap_pdb_parallel_compact_engine.sv:24$2356_EN[511:0]$2360 [0] $0$memwr$\memory$cap_pdb_parallel_compact_engine.sv:24$2356_EN[511:0]$2360 [0] $0$memwr$\memory$cap_pdb_parallel_compact_engine.sv:24$2356_EN[511:0]$2360 [0] $0$memwr$\memory$cap_pdb_parallel_compact_engine.sv:24$2356_EN[511:0]$2360 [0] $0$memwr$\memory$cap_pdb_parallel_compact_engine.sv:24$2356_EN[511:0]$2360 [0] $0$memwr$\memory$cap_pdb_parallel_compact_engine.sv:24$2356_EN[511:0]$2360 [0] $0$memwr$\memory$cap_pdb_parallel_compact_engine.sv:24$2356_EN[511:0]$2360 [0] $0$memwr$\memory$cap_pdb_parallel_compact_engine.sv:24$2356_EN[511:0]$2360 [0] $0$memwr$\memory$cap_pdb_parallel_compact_engine.sv:24$2356_EN[511:0]$2360 [0] $0$memwr$\memory$cap_pdb_parallel_compact_engine.sv:24$2356_EN[511:0]$2360 [0] $0$memwr$\memory$cap_pdb_parallel_compact_engine.sv:24$2356_EN[511:0]$2360 [0] $0$memwr$\memory$cap_pdb_parallel_compact_engine.sv:24$2356_EN[511:0]$2360 [0] $0$memwr$\memory$cap_pdb_parallel_compact_engine.sv:24$2356_EN[511:0]$2360 [0] $0$memwr$\memory$cap_pdb_parallel_compact_engine.sv:24$2356_EN[511:0]$2360 [0] $0$memwr$\memory$cap_pdb_parallel_compact_engine.sv:24$2356_EN[511:0]$2360 [0] $0$memwr$\memory$cap_pdb_parallel_compact_engine.sv:24$2356_EN[511:0]$2360 [0] $0$memwr$\memory$cap_pdb_parallel_compact_engine.sv:24$2356_EN[511:0]$2360 [0] $0$memwr$\memory$cap_pdb_parallel_compact_engine.sv:24$2356_EN[511:0]$2360 [0] $0$memwr$\memory$cap_pdb_parallel_compact_engine.sv:24$2356_EN[511:0]$2360 [0] $0$memwr$\memory$cap_pdb_parallel_compact_engine.sv:24$2356_EN[511:0]$2360 [0] $0$memwr$\memory$cap_pdb_parallel_compact_engine.sv:24$2356_EN[511:0]$2360 [0] $0$memwr$\memory$cap_pdb_parallel_compact_engine.sv:24$2356_EN[511:0]$2360 [0] $0$memwr$\memory$cap_pdb_parallel_compact_engine.sv:24$2356_EN[511:0]$2360 [0] $0$memwr$\memory$cap_pdb_parallel_compact_engine.sv:24$2356_EN[511:0]$2360 [0] $0$memwr$\memory$cap_pdb_parallel_compact_engine.sv:24$2356_EN[511:0]$2360 [0] $0$memwr$\memory$cap_pdb_parallel_compact_engine.sv:24$2356_EN[511:0]$2360 [0] $0$memwr$\memory$cap_pdb_parallel_compact_engine.sv:24$2356_EN[511:0]$2360 [0] $0$memwr$\memory$cap_pdb_parallel_compact_engine.sv:24$2356_EN[511:0]$2360 [0] $0$memwr$\memory$cap_pdb_parallel_compact_engine.sv:24$2356_EN[511:0]$2360 [0] $0$memwr$\memory$cap_pdb_parallel_compact_engine.sv:24$2356_EN[511:0]$2360 [0] $0$memwr$\memory$cap_pdb_parallel_compact_engine.sv:24$2356_EN[511:0]$2360 [0] $0$memwr$\memory$cap_pdb_parallel_compact_engine.sv:24$2356_EN[511:0]$2360 [0] $0$memwr$\memory$cap_pdb_parallel_compact_engine.sv:24$2356_EN[511:0]$2360 [0] $0$memwr$\memory$cap_pdb_parallel_compact_engine.sv:24$2356_EN[511:0]$2360 [0] $0$memwr$\memory$cap_pdb_parallel_compact_engine.sv:24$2356_EN[511:0]$2360 [0] $0$memwr$\memory$cap_pdb_parallel_compact_engine.sv:24$2356_EN[511:0]$2360 [0] $0$memwr$\memory$cap_pdb_parallel_compact_engine.sv:24$2356_EN[511:0]$2360 [0] $0$memwr$\memory$cap_pdb_parallel_compact_engine.sv:24$2356_EN[511:0]$2360 [0] $0$memwr$\memory$cap_pdb_parallel_compact_engine.sv:24$2356_EN[511:0]$2360 [0] $0$memwr$\memory$cap_pdb_parallel_compact_engine.sv:24$2356_EN[511:0]$2360 [0] $0$memwr$\memory$cap_pdb_parallel_compact_engine.sv:24$2356_EN[511:0]$2360 [0] $0$memwr$\memory$cap_pdb_parallel_compact_engine.sv:24$2356_EN[511:0]$2360 [0] $0$memwr$\memory$cap_pdb_parallel_compact_engine.sv:24$2356_EN[511:0]$2360 [0] $0$memwr$\memory$cap_pdb_parallel_compact_engine.sv:24$2356_EN[511:0]$2360 [0] $0$memwr$\memory$cap_pdb_parallel_compact_engine.sv:24$2356_EN[511:0]$2360 [0] $0$memwr$\memory$cap_pdb_parallel_compact_engine.sv:24$2356_EN[511:0]$2360 [0] $0$memwr$\memory$cap_pdb_parallel_compact_engine.sv:24$2356_EN[511:0]$2360 [0] $0$memwr$\memory$cap_pdb_parallel_compact_engine.sv:24$2356_EN[511:0]$2360 [0] $0$memwr$\memory$cap_pdb_parallel_compact_engine.sv:24$2356_EN[511:0]$2360 [0] $0$memwr$\memory$cap_pdb_parallel_compact_engine.sv:24$2356_EN[511:0]$2360 [0] $0$memwr$\memory$cap_pdb_parallel_compact_engine.sv:24$2356_EN[511:0]$2360 [0] $0$memwr$\memory$cap_pdb_parallel_compact_engine.sv:24$2356_EN[511:0]$2360 [0] $0$memwr$\memory$cap_pdb_parallel_compact_engine.sv:24$2356_EN[511:0]$2360 [0] $0$memwr$\memory$cap_pdb_parallel_compact_engine.sv:24$2356_EN[511:0]$2360 [0] $0$memwr$\memory$cap_pdb_parallel_compact_engine.sv:24$2356_EN[511:0]$2360 [0] $0$memwr$\memory$cap_pdb_parallel_compact_engine.sv:24$2356_EN[511:0]$2360 [0] $0$memwr$\memory$cap_pdb_parallel_compact_engine.sv:24$2356_EN[511:0]$2360 [0] $0$memwr$\memory$cap_pdb_parallel_compact_engine.sv:24$2356_EN[511:0]$2360 [0] $0$memwr$\memory$cap_pdb_parallel_compact_engine.sv:24$2356_EN[511:0]$2360 [0] $0$memwr$\memory$cap_pdb_parallel_compact_engine.sv:24$2356_EN[511:0]$2360 [0] $0$memwr$\memory$cap_pdb_parallel_compact_engine.sv:24$2356_EN[511:0]$2360 [0] $0$memwr$\memory$cap_pdb_parallel_compact_engine.sv:24$2356_EN[511:0]$2360 [0] $0$memwr$\memory$cap_pdb_parallel_compact_engine.sv:24$2356_EN[511:0]$2360 [0] $0$memwr$\memory$cap_pdb_parallel_compact_engine.sv:24$2356_EN[511:0]$2360 [0] $0$memwr$\memory$cap_pdb_parallel_compact_engine.sv:24$2356_EN[511:0]$2360 [0] $0$memwr$\memory$cap_pdb_parallel_compact_engine.sv:24$2356_EN[511:0]$2360 [0] $0$memwr$\memory$cap_pdb_parallel_compact_engine.sv:24$2356_EN[511:0]$2360 [0] $0$memwr$\memory$cap_pdb_parallel_compact_engine.sv:24$2356_EN[511:0]$2360 [0] $0$memwr$\memory$cap_pdb_parallel_compact_engine.sv:24$2356_EN[511:0]$2360 [0] $0$memwr$\memory$cap_pdb_parallel_compact_engine.sv:24$2356_EN[511:0]$2360 [0] $0$memwr$\memory$cap_pdb_parallel_compact_engine.sv:24$2356_EN[511:0]$2360 [0] $0$memwr$\memory$cap_pdb_parallel_compact_engine.sv:24$2356_EN[511:0]$2360 [0] $0$memwr$\memory$cap_pdb_parallel_compact_engine.sv:24$2356_EN[511:0]$2360 [0] $0$memwr$\memory$cap_pdb_parallel_compact_engine.sv:24$2356_EN[511:0]$2360 [0] $0$memwr$\memory$cap_pdb_parallel_compact_engine.sv:24$2356_EN[511:0]$2360 [0] $0$memwr$\memory$cap_pdb_parallel_compact_engine.sv:24$2356_EN[511:0]$2360 [0] $0$memwr$\memory$cap_pdb_parallel_compact_engine.sv:24$2356_EN[511:0]$2360 [0] $0$memwr$\memory$cap_pdb_parallel_compact_engine.sv:24$2356_EN[511:0]$2360 [0] $0$memwr$\memory$cap_pdb_parallel_compact_engine.sv:24$2356_EN[511:0]$2360 [0] $0$memwr$\memory$cap_pdb_parallel_compact_engine.sv:24$2356_EN[511:0]$2360 [0] $0$memwr$\memory$cap_pdb_parallel_compact_engine.sv:24$2356_EN[511:0]$2360 [0] $0$memwr$\memory$cap_pdb_parallel_compact_engine.sv:24$2356_EN[511:0]$2360 [0] $0$memwr$\memory$cap_pdb_parallel_compact_engine.sv:24$2356_EN[511:0]$2360 [0] $0$memwr$\memory$cap_pdb_parallel_compact_engine.sv:24$2356_EN[511:0]$2360 [0] $0$memwr$\memory$cap_pdb_parallel_compact_engine.sv:24$2356_EN[511:0]$2360 [0] $0$memwr$\memory$cap_pdb_parallel_compact_engine.sv:24$2356_EN[511:0]$2360 [0] $0$memwr$\memory$cap_pdb_parallel_compact_engine.sv:24$2356_EN[511:0]$2360 [0] $0$memwr$\memory$cap_pdb_parallel_compact_engine.sv:24$2356_EN[511:0]$2360 [0] $0$memwr$\memory$cap_pdb_parallel_compact_engine.sv:24$2356_EN[511:0]$2360 [0] $0$memwr$\memory$cap_pdb_parallel_compact_engine.sv:24$2356_EN[511:0]$2360 [0] $0$memwr$\memory$cap_pdb_parallel_compact_engine.sv:24$2356_EN[511:0]$2360 [0] $0$memwr$\memory$cap_pdb_parallel_compact_engine.sv:24$2356_EN[511:0]$2360 [0] $0$memwr$\memory$cap_pdb_parallel_compact_engine.sv:24$2356_EN[511:0]$2360 [0] $0$memwr$\memory$cap_pdb_parallel_compact_engine.sv:24$2356_EN[511:0]$2360 [0] $0$memwr$\memory$cap_pdb_parallel_compact_engine.sv:24$2356_EN[511:0]$2360 [0] $0$memwr$\memory$cap_pdb_parallel_compact_engine.sv:24$2356_EN[511:0]$2360 [0] $0$memwr$\memory$cap_pdb_parallel_compact_engine.sv:24$2356_EN[511:0]$2360 [0] $0$memwr$\memory$cap_pdb_parallel_compact_engine.sv:24$2356_EN[511:0]$2360 [0] $0$memwr$\memory$cap_pdb_parallel_compact_engine.sv:24$2356_EN[511:0]$2360 [0] $0$memwr$\memory$cap_pdb_parallel_compact_engine.sv:24$2356_EN[511:0]$2360 [0] $0$memwr$\memory$cap_pdb_parallel_compact_engine.sv:24$2356_EN[511:0]$2360 [0] $0$memwr$\memory$cap_pdb_parallel_compact_engine.sv:24$2356_EN[511:0]$2360 [0] $0$memwr$\memory$cap_pdb_parallel_compact_engine.sv:24$2356_EN[511:0]$2360 [0] $0$memwr$\memory$cap_pdb_parallel_compact_engine.sv:24$2356_EN[511:0]$2360 [0] $0$memwr$\memory$cap_pdb_parallel_compact_engine.sv:24$2356_EN[511:0]$2360 [0] $0$memwr$\memory$cap_pdb_parallel_compact_engine.sv:24$2356_EN[511:0]$2360 [0] $0$memwr$\memory$cap_pdb_parallel_compact_engine.sv:24$2356_EN[511:0]$2360 [0] $0$memwr$\memory$cap_pdb_parallel_compact_engine.sv:24$2356_EN[511:0]$2360 [0] $0$memwr$\memory$cap_pdb_parallel_compact_engine.sv:24$2356_EN[511:0]$2360 [0] $0$memwr$\memory$cap_pdb_parallel_compact_engine.sv:24$2356_EN[511:0]$2360 [0] $0$memwr$\memory$cap_pdb_parallel_compact_engine.sv:24$2356_EN[511:0]$2360 [0] $0$memwr$\memory$cap_pdb_parallel_compact_engine.sv:24$2356_EN[511:0]$2360 [0] $0$memwr$\memory$cap_pdb_parallel_compact_engine.sv:24$2356_EN[511:0]$2360 [0] $0$memwr$\memory$cap_pdb_parallel_compact_engine.sv:24$2356_EN[511:0]$2360 [0] $0$memwr$\memory$cap_pdb_parallel_compact_engine.sv:24$2356_EN[511:0]$2360 [0] $0$memwr$\memory$cap_pdb_parallel_compact_engine.sv:24$2356_EN[511:0]$2360 [0] $0$memwr$\memory$cap_pdb_parallel_compact_engine.sv:24$2356_EN[511:0]$2360 [0] $0$memwr$\memory$cap_pdb_parallel_compact_engine.sv:24$2356_EN[511:0]$2360 [0] $0$memwr$\memory$cap_pdb_parallel_compact_engine.sv:24$2356_EN[511:0]$2360 [0] $0$memwr$\memory$cap_pdb_parallel_compact_engine.sv:24$2356_EN[511:0]$2360 [0] $0$memwr$\memory$cap_pdb_parallel_compact_engine.sv:24$2356_EN[511:0]$2360 [0] $0$memwr$\memory$cap_pdb_parallel_compact_engine.sv:24$2356_EN[511:0]$2360 [0] $0$memwr$\memory$cap_pdb_parallel_compact_engine.sv:24$2356_EN[511:0]$2360 [0] $0$memwr$\memory$cap_pdb_parallel_compact_engine.sv:24$2356_EN[511:0]$2360 [0] $0$memwr$\memory$cap_pdb_parallel_compact_engine.sv:24$2356_EN[511:0]$2360 [0] $0$memwr$\memory$cap_pdb_parallel_compact_engine.sv:24$2356_EN[511:0]$2360 [0] $0$memwr$\memory$cap_pdb_parallel_compact_engine.sv:24$2356_EN[511:0]$2360 [0] $0$memwr$\memory$cap_pdb_parallel_compact_engine.sv:24$2356_EN[511:0]$2360 [0] $0$memwr$\memory$cap_pdb_parallel_compact_engine.sv:24$2356_EN[511:0]$2360 [0] $0$memwr$\memory$cap_pdb_parallel_compact_engine.sv:24$2356_EN[511:0]$2360 [0] $0$memwr$\memory$cap_pdb_parallel_compact_engine.sv:24$2356_EN[511:0]$2360 [0] $0$memwr$\memory$cap_pdb_parallel_compact_engine.sv:24$2356_EN[511:0]$2360 [0] $0$memwr$\memory$cap_pdb_parallel_compact_engine.sv:24$2356_EN[511:0]$2360 [0] $0$memwr$\memory$cap_pdb_parallel_compact_engine.sv:24$2356_EN[511:0]$2360 [0] $0$memwr$\memory$cap_pdb_parallel_compact_engine.sv:24$2356_EN[511:0]$2360 [0] $0$memwr$\memory$cap_pdb_parallel_compact_engine.sv:24$2356_EN[511:0]$2360 [0] $0$memwr$\memory$cap_pdb_parallel_compact_engine.sv:24$2356_EN[511:0]$2360 [0] $0$memwr$\memory$cap_pdb_parallel_compact_engine.sv:24$2356_EN[511:0]$2360 [0] $0$memwr$\memory$cap_pdb_parallel_compact_engine.sv:24$2356_EN[511:0]$2360 [0] $0$memwr$\memory$cap_pdb_parallel_compact_engine.sv:24$2356_EN[511:0]$2360 [0] $0$memwr$\memory$cap_pdb_parallel_compact_engine.sv:24$2356_EN[511:0]$2360 [0] $0$memwr$\memory$cap_pdb_parallel_compact_engine.sv:24$2356_EN[511:0]$2360 [0] $0$memwr$\memory$cap_pdb_parallel_compact_engine.sv:24$2356_EN[511:0]$2360 [0] $0$memwr$\memory$cap_pdb_parallel_compact_engine.sv:24$2356_EN[511:0]$2360 [0] $0$memwr$\memory$cap_pdb_parallel_compact_engine.sv:24$2356_EN[511:0]$2360 [0] $0$memwr$\memory$cap_pdb_parallel_compact_engine.sv:24$2356_EN[511:0]$2360 [0] $0$memwr$\memory$cap_pdb_parallel_compact_engine.sv:24$2356_EN[511:0]$2360 [0] $0$memwr$\memory$cap_pdb_parallel_compact_engine.sv:24$2356_EN[511:0]$2360 [0] $0$memwr$\memory$cap_pdb_parallel_compact_engine.sv:24$2356_EN[511:0]$2360 [0] $0$memwr$\memory$cap_pdb_parallel_compact_engine.sv:24$2356_EN[511:0]$2360 [0] $0$memwr$\memory$cap_pdb_parallel_compact_engine.sv:24$2356_EN[511:0]$2360 [0] $0$memwr$\memory$cap_pdb_parallel_compact_engine.sv:24$2356_EN[511:0]$2360 [0] $0$memwr$\memory$cap_pdb_parallel_compact_engine.sv:24$2356_EN[511:0]$2360 [0] $0$memwr$\memory$cap_pdb_parallel_compact_engine.sv:24$2356_EN[511:0]$2360 [0] $0$memwr$\memory$cap_pdb_parallel_compact_engine.sv:24$2356_EN[511:0]$2360 [0] $0$memwr$\memory$cap_pdb_parallel_compact_engine.sv:24$2356_EN[511:0]$2360 [0] $0$memwr$\memory$cap_pdb_parallel_compact_engine.sv:24$2356_EN[511:0]$2360 [0] $0$memwr$\memory$cap_pdb_parallel_compact_engine.sv:24$2356_EN[511:0]$2360 [0] $0$memwr$\memory$cap_pdb_parallel_compact_engine.sv:24$2356_EN[511:0]$2360 [0] $0$memwr$\memory$cap_pdb_parallel_compact_engine.sv:24$2356_EN[511:0]$2360 [0] $0$memwr$\memory$cap_pdb_parallel_compact_engine.sv:24$2356_EN[511:0]$2360 [0] $0$memwr$\memory$cap_pdb_parallel_compact_engine.sv:24$2356_EN[511:0]$2360 [0] $0$memwr$\memory$cap_pdb_parallel_compact_engine.sv:24$2356_EN[511:0]$2360 [0] $0$memwr$\memory$cap_pdb_parallel_compact_engine.sv:24$2356_EN[511:0]$2360 [0] $0$memwr$\memory$cap_pdb_parallel_compact_engine.sv:24$2356_EN[511:0]$2360 [0] $0$memwr$\memory$cap_pdb_parallel_compact_engine.sv:24$2356_EN[511:0]$2360 [0] $0$memwr$\memory$cap_pdb_parallel_compact_engine.sv:24$2356_EN[511:0]$2360 [0] $0$memwr$\memory$cap_pdb_parallel_compact_engine.sv:24$2356_EN[511:0]$2360 [0] $0$memwr$\memory$cap_pdb_parallel_compact_engine.sv:24$2356_EN[511:0]$2360 [0] $0$memwr$\memory$cap_pdb_parallel_compact_engine.sv:24$2356_EN[511:0]$2360 [0] $0$memwr$\memory$cap_pdb_parallel_compact_engine.sv:24$2356_EN[511:0]$2360 [0] $0$memwr$\memory$cap_pdb_parallel_compact_engine.sv:24$2356_EN[511:0]$2360 [0] $0$memwr$\memory$cap_pdb_parallel_compact_engine.sv:24$2356_EN[511:0]$2360 [0] $0$memwr$\memory$cap_pdb_parallel_compact_engine.sv:24$2356_EN[511:0]$2360 [0] $0$memwr$\memory$cap_pdb_parallel_compact_engine.sv:24$2356_EN[511:0]$2360 [0] $0$memwr$\memory$cap_pdb_parallel_compact_engine.sv:24$2356_EN[511:0]$2360 [0] $0$memwr$\memory$cap_pdb_parallel_compact_engine.sv:24$2356_EN[511:0]$2360 [0] $0$memwr$\memory$cap_pdb_parallel_compact_engine.sv:24$2356_EN[511:0]$2360 [0] $0$memwr$\memory$cap_pdb_parallel_compact_engine.sv:24$2356_EN[511:0]$2360 [0] $0$memwr$\memory$cap_pdb_parallel_compact_engine.sv:24$2356_EN[511:0]$2360 [0] $0$memwr$\memory$cap_pdb_parallel_compact_engine.sv:24$2356_EN[511:0]$2360 [0] $0$memwr$\memory$cap_pdb_parallel_compact_engine.sv:24$2356_EN[511:0]$2360 [0] $0$memwr$\memory$cap_pdb_parallel_compact_engine.sv:24$2356_EN[511:0]$2360 [0] $0$memwr$\memory$cap_pdb_parallel_compact_engine.sv:24$2356_EN[511:0]$2360 [0] $0$memwr$\memory$cap_pdb_parallel_compact_engine.sv:24$2356_EN[511:0]$2360 [0] $0$memwr$\memory$cap_pdb_parallel_compact_engine.sv:24$2356_EN[511:0]$2360 [0] $0$memwr$\memory$cap_pdb_parallel_compact_engine.sv:24$2356_EN[511:0]$2360 [0] $0$memwr$\memory$cap_pdb_parallel_compact_engine.sv:24$2356_EN[511:0]$2360 [0] $0$memwr$\memory$cap_pdb_parallel_compact_engine.sv:24$2356_EN[511:0]$2360 [0] $0$memwr$\memory$cap_pdb_parallel_compact_engine.sv:24$2356_EN[511:0]$2360 [0] $0$memwr$\memory$cap_pdb_parallel_compact_engine.sv:24$2356_EN[511:0]$2360 [0] $0$memwr$\memory$cap_pdb_parallel_compact_engine.sv:24$2356_EN[511:0]$2360 [0] $0$memwr$\memory$cap_pdb_parallel_compact_engine.sv:24$2356_EN[511:0]$2360 [0] $0$memwr$\memory$cap_pdb_parallel_compact_engine.sv:24$2356_EN[511:0]$2360 [0] $0$memwr$\memory$cap_pdb_parallel_compact_engine.sv:24$2356_EN[511:0]$2360 [0] $0$memwr$\memory$cap_pdb_parallel_compact_engine.sv:24$2356_EN[511:0]$2360 [0] $0$memwr$\memory$cap_pdb_parallel_compact_engine.sv:24$2356_EN[511:0]$2360 [0] $0$memwr$\memory$cap_pdb_parallel_compact_engine.sv:24$2356_EN[511:0]$2360 [0] $0$memwr$\memory$cap_pdb_parallel_compact_engine.sv:24$2356_EN[511:0]$2360 [0] $0$memwr$\memory$cap_pdb_parallel_compact_engine.sv:24$2356_EN[511:0]$2360 [0] $0$memwr$\memory$cap_pdb_parallel_compact_engine.sv:24$2356_EN[511:0]$2360 [0] $0$memwr$\memory$cap_pdb_parallel_compact_engine.sv:24$2356_EN[511:0]$2360 [0] $0$memwr$\memory$cap_pdb_parallel_compact_engine.sv:24$2356_EN[511:0]$2360 [0] $0$memwr$\memory$cap_pdb_parallel_compact_engine.sv:24$2356_EN[511:0]$2360 [0] $0$memwr$\memory$cap_pdb_parallel_compact_engine.sv:24$2356_EN[511:0]$2360 [0] $0$memwr$\memory$cap_pdb_parallel_compact_engine.sv:24$2356_EN[511:0]$2360 [0] $0$memwr$\memory$cap_pdb_parallel_compact_engine.sv:24$2356_EN[511:0]$2360 [0] $0$memwr$\memory$cap_pdb_parallel_compact_engine.sv:24$2356_EN[511:0]$2360 [0] $0$memwr$\memory$cap_pdb_parallel_compact_engine.sv:24$2356_EN[511:0]$2360 [0] $0$memwr$\memory$cap_pdb_parallel_compact_engine.sv:24$2356_EN[511:0]$2360 [0] $0$memwr$\memory$cap_pdb_parallel_compact_engine.sv:24$2356_EN[511:0]$2360 [0] $0$memwr$\memory$cap_pdb_parallel_compact_engine.sv:24$2356_EN[511:0]$2360 [0] $0$memwr$\memory$cap_pdb_parallel_compact_engine.sv:24$2356_EN[511:0]$2360 [0] $0$memwr$\memory$cap_pdb_parallel_compact_engine.sv:24$2356_EN[511:0]$2360 [0] $0$memwr$\memory$cap_pdb_parallel_compact_engine.sv:24$2356_EN[511:0]$2360 [0] $0$memwr$\memory$cap_pdb_parallel_compact_engine.sv:24$2356_EN[511:0]$2360 [0] $0$memwr$\memory$cap_pdb_parallel_compact_engine.sv:24$2356_EN[511:0]$2360 [0] $0$memwr$\memory$cap_pdb_parallel_compact_engine.sv:24$2356_EN[511:0]$2360 [0] $0$memwr$\memory$cap_pdb_parallel_compact_engine.sv:24$2356_EN[511:0]$2360 [0] $0$memwr$\memory$cap_pdb_parallel_compact_engine.sv:24$2356_EN[511:0]$2360 [0] $0$memwr$\memory$cap_pdb_parallel_compact_engine.sv:24$2356_EN[511:0]$2360 [0] $0$memwr$\memory$cap_pdb_parallel_compact_engine.sv:24$2356_EN[511:0]$2360 [0] $0$memwr$\memory$cap_pdb_parallel_compact_engine.sv:24$2356_EN[511:0]$2360 [0] $0$memwr$\memory$cap_pdb_parallel_compact_engine.sv:24$2356_EN[511:0]$2360 [0] $0$memwr$\memory$cap_pdb_parallel_compact_engine.sv:24$2356_EN[511:0]$2360 [0] $0$memwr$\memory$cap_pdb_parallel_compact_engine.sv:24$2356_EN[511:0]$2360 [0] $0$memwr$\memory$cap_pdb_parallel_compact_engine.sv:24$2356_EN[511:0]$2360 [0] $0$memwr$\memory$cap_pdb_parallel_compact_engine.sv:24$2356_EN[511:0]$2360 [0] $0$memwr$\memory$cap_pdb_parallel_compact_engine.sv:24$2356_EN[511:0]$2360 [0] $0$memwr$\memory$cap_pdb_parallel_compact_engine.sv:24$2356_EN[511:0]$2360 [0] $0$memwr$\memory$cap_pdb_parallel_compact_engine.sv:24$2356_EN[511:0]$2360 [0] $0$memwr$\memory$cap_pdb_parallel_compact_engine.sv:24$2356_EN[511:0]$2360 [0] $0$memwr$\memory$cap_pdb_parallel_compact_engine.sv:24$2356_EN[511:0]$2360 [0] $0$memwr$\memory$cap_pdb_parallel_compact_engine.sv:24$2356_EN[511:0]$2360 [0] $0$memwr$\memory$cap_pdb_parallel_compact_engine.sv:24$2356_EN[511:0]$2360 [0] $0$memwr$\memory$cap_pdb_parallel_compact_engine.sv:24$2356_EN[511:0]$2360 [0] $0$memwr$\memory$cap_pdb_parallel_compact_engine.sv:24$2356_EN[511:0]$2360 [0] $0$memwr$\memory$cap_pdb_parallel_compact_engine.sv:24$2356_EN[511:0]$2360 [0] $0$memwr$\memory$cap_pdb_parallel_compact_engine.sv:24$2356_EN[511:0]$2360 [0] $0$memwr$\memory$cap_pdb_parallel_compact_engine.sv:24$2356_EN[511:0]$2360 [0] $0$memwr$\memory$cap_pdb_parallel_compact_engine.sv:24$2356_EN[511:0]$2360 [0] $0$memwr$\memory$cap_pdb_parallel_compact_engine.sv:24$2356_EN[511:0]$2360 [0] $0$memwr$\memory$cap_pdb_parallel_compact_engine.sv:24$2356_EN[511:0]$2360 [0] $0$memwr$\memory$cap_pdb_parallel_compact_engine.sv:24$2356_EN[511:0]$2360 [0] $0$memwr$\memory$cap_pdb_parallel_compact_engine.sv:24$2356_EN[511:0]$2360 [0] $0$memwr$\memory$cap_pdb_parallel_compact_engine.sv:24$2356_EN[511:0]$2360 [0] $0$memwr$\memory$cap_pdb_parallel_compact_engine.sv:24$2356_EN[511:0]$2360 [0] $0$memwr$\memory$cap_pdb_parallel_compact_engine.sv:24$2356_EN[511:0]$2360 [0] $0$memwr$\memory$cap_pdb_parallel_compact_engine.sv:24$2356_EN[511:0]$2360 [0] $0$memwr$\memory$cap_pdb_parallel_compact_engine.sv:24$2356_EN[511:0]$2360 [0] $0$memwr$\memory$cap_pdb_parallel_compact_engine.sv:24$2356_EN[511:0]$2360 [0] $0$memwr$\memory$cap_pdb_parallel_compact_engine.sv:24$2356_EN[511:0]$2360 [0] $0$memwr$\memory$cap_pdb_parallel_compact_engine.sv:24$2356_EN[511:0]$2360 [0] $0$memwr$\memory$cap_pdb_parallel_compact_engine.sv:24$2356_EN[511:0]$2360 [0] $0$memwr$\memory$cap_pdb_parallel_compact_engine.sv:24$2356_EN[511:0]$2360 [0] $0$memwr$\memory$cap_pdb_parallel_compact_engine.sv:24$2356_EN[511:0]$2360 [0] $0$memwr$\memory$cap_pdb_parallel_compact_engine.sv:24$2356_EN[511:0]$2360 [0] $0$memwr$\memory$cap_pdb_parallel_compact_engine.sv:24$2356_EN[511:0]$2360 [0] $0$memwr$\memory$cap_pdb_parallel_compact_engine.sv:24$2356_EN[511:0]$2360 [0] $0$memwr$\memory$cap_pdb_parallel_compact_engine.sv:24$2356_EN[511:0]$2360 [0] $0$memwr$\memory$cap_pdb_parallel_compact_engine.sv:24$2356_EN[511:0]$2360 [0] $0$memwr$\memory$cap_pdb_parallel_compact_engine.sv:24$2356_EN[511:0]$2360 [0] $0$memwr$\memory$cap_pdb_parallel_compact_engine.sv:24$2356_EN[511:0]$2360 [0] $0$memwr$\memory$cap_pdb_parallel_compact_engine.sv:24$2356_EN[511:0]$2360 [0] $0$memwr$\memory$cap_pdb_parallel_compact_engine.sv:24$2356_EN[511:0]$2360 [0] $0$memwr$\memory$cap_pdb_parallel_compact_engine.sv:24$2356_EN[511:0]$2360 [0] $0$memwr$\memory$cap_pdb_parallel_compact_engine.sv:24$2356_EN[511:0]$2360 [0] $0$memwr$\memory$cap_pdb_parallel_compact_engine.sv:24$2356_EN[511:0]$2360 [0] $0$memwr$\memory$cap_pdb_parallel_compact_engine.sv:24$2356_EN[511:0]$2360 [0] $0$memwr$\memory$cap_pdb_parallel_compact_engine.sv:24$2356_EN[511:0]$2360 [0] $0$memwr$\memory$cap_pdb_parallel_compact_engine.sv:24$2356_EN[511:0]$2360 [0] $0$memwr$\memory$cap_pdb_parallel_compact_engine.sv:24$2356_EN[511:0]$2360 [0] $0$memwr$\memory$cap_pdb_parallel_compact_engine.sv:24$2356_EN[511:0]$2360 [0] $0$memwr$\memory$cap_pdb_parallel_compact_engine.sv:24$2356_EN[511:0]$2360 [0] $0$memwr$\memory$cap_pdb_parallel_compact_engine.sv:24$2356_EN[511:0]$2360 [0] $0$memwr$\memory$cap_pdb_parallel_compact_engine.sv:24$2356_EN[511:0]$2360 [0] $0$memwr$\memory$cap_pdb_parallel_compact_engine.sv:24$2356_EN[511:0]$2360 [0] $0$memwr$\memory$cap_pdb_parallel_compact_engine.sv:24$2356_EN[511:0]$2360 [0] $0$memwr$\memory$cap_pdb_parallel_compact_engine.sv:24$2356_EN[511:0]$2360 [0] $0$memwr$\memory$cap_pdb_parallel_compact_engine.sv:24$2356_EN[511:0]$2360 [0] $0$memwr$\memory$cap_pdb_parallel_compact_engine.sv:24$2356_EN[511:0]$2360 [0] $0$memwr$\memory$cap_pdb_parallel_compact_engine.sv:24$2356_EN[511:0]$2360 [0] $0$memwr$\memory$cap_pdb_parallel_compact_engine.sv:24$2356_EN[511:0]$2360 [0] $0$memwr$\memory$cap_pdb_parallel_compact_engine.sv:24$2356_EN[511:0]$2360 [0] $0$memwr$\memory$cap_pdb_parallel_compact_engine.sv:24$2356_EN[511:0]$2360 [0] $0$memwr$\memory$cap_pdb_parallel_compact_engine.sv:24$2356_EN[511:0]$2360 [0] $0$memwr$\memory$cap_pdb_parallel_compact_engine.sv:24$2356_EN[511:0]$2360 [0] $0$memwr$\memory$cap_pdb_parallel_compact_engine.sv:24$2356_EN[511:0]$2360 [0] $0$memwr$\memory$cap_pdb_parallel_compact_engine.sv:24$2356_EN[511:0]$2360 [0] $0$memwr$\memory$cap_pdb_parallel_compact_engine.sv:24$2356_EN[511:0]$2360 [0] $0$memwr$\memory$cap_pdb_parallel_compact_engine.sv:24$2356_EN[511:0]$2360 [0] $0$memwr$\memory$cap_pdb_parallel_compact_engine.sv:24$2356_EN[511:0]$2360 [0] $0$memwr$\memory$cap_pdb_parallel_compact_engine.sv:24$2356_EN[511:0]$2360 [0] $0$memwr$\memory$cap_pdb_parallel_compact_engine.sv:24$2356_EN[511:0]$2360 [0] $0$memwr$\memory$cap_pdb_parallel_compact_engine.sv:24$2356_EN[511:0]$2360 [0] $0$memwr$\memory$cap_pdb_parallel_compact_engine.sv:24$2356_EN[511:0]$2360 [0] $0$memwr$\memory$cap_pdb_parallel_compact_engine.sv:24$2356_EN[511:0]$2360 [0] $0$memwr$\memory$cap_pdb_parallel_compact_engine.sv:24$2356_EN[511:0]$2360 [0] $0$memwr$\memory$cap_pdb_parallel_compact_engine.sv:24$2356_EN[511:0]$2360 [0] $0$memwr$\memory$cap_pdb_parallel_compact_engine.sv:24$2356_EN[511:0]$2360 [0] $0$memwr$\memory$cap_pdb_parallel_compact_engine.sv:24$2356_EN[511:0]$2360 [0] $0$memwr$\memory$cap_pdb_parallel_compact_engine.sv:24$2356_EN[511:0]$2360 [0] $0$memwr$\memory$cap_pdb_parallel_compact_engine.sv:24$2356_EN[511:0]$2360 [0] $0$memwr$\memory$cap_pdb_parallel_compact_engine.sv:24$2356_EN[511:0]$2360 [0] $0$memwr$\memory$cap_pdb_parallel_compact_engine.sv:24$2356_EN[511:0]$2360 [0] $0$memwr$\memory$cap_pdb_parallel_compact_engine.sv:24$2356_EN[511:0]$2360 [0] $0$memwr$\memory$cap_pdb_parallel_compact_engine.sv:24$2356_EN[511:0]$2360 [0] $0$memwr$\memory$cap_pdb_parallel_compact_engine.sv:24$2356_EN[511:0]$2360 [0] $0$memwr$\memory$cap_pdb_parallel_compact_engine.sv:24$2356_EN[511:0]$2360 [0] $0$memwr$\memory$cap_pdb_parallel_compact_engine.sv:24$2356_EN[511:0]$2360 [0] $0$memwr$\memory$cap_pdb_parallel_compact_engine.sv:24$2356_EN[511:0]$2360 [0] $0$memwr$\memory$cap_pdb_parallel_compact_engine.sv:24$2356_EN[511:0]$2360 [0] $0$memwr$\memory$cap_pdb_parallel_compact_engine.sv:24$2356_EN[511:0]$2360 [0] $0$memwr$\memory$cap_pdb_parallel_compact_engine.sv:24$2356_EN[511:0]$2360 [0] $0$memwr$\memory$cap_pdb_parallel_compact_engine.sv:24$2356_EN[511:0]$2360 [0] $0$memwr$\memory$cap_pdb_parallel_compact_engine.sv:24$2356_EN[511:0]$2360 [0] $0$memwr$\memory$cap_pdb_parallel_compact_engine.sv:24$2356_EN[511:0]$2360 [0] $0$memwr$\memory$cap_pdb_parallel_compact_engine.sv:24$2356_EN[511:0]$2360 [0] $0$memwr$\memory$cap_pdb_parallel_compact_engine.sv:24$2356_EN[511:0]$2360 [0] $0$memwr$\memory$cap_pdb_parallel_compact_engine.sv:24$2356_EN[511:0]$2360 [0] $0$memwr$\memory$cap_pdb_parallel_compact_engine.sv:24$2356_EN[511:0]$2360 [0] $0$memwr$\memory$cap_pdb_parallel_compact_engine.sv:24$2356_EN[511:0]$2360 [0] $0$memwr$\memory$cap_pdb_parallel_compact_engine.sv:24$2356_EN[511:0]$2360 [0] $0$memwr$\memory$cap_pdb_parallel_compact_engine.sv:24$2356_EN[511:0]$2360 [0] $0$memwr$\memory$cap_pdb_parallel_compact_engine.sv:24$2356_EN[511:0]$2360 [0] $0$memwr$\memory$cap_pdb_parallel_compact_engine.sv:24$2356_EN[511:0]$2360 [0] $0$memwr$\memory$cap_pdb_parallel_compact_engine.sv:24$2356_EN[511:0]$2360 [0] $0$memwr$\memory$cap_pdb_parallel_compact_engine.sv:24$2356_EN[511:0]$2360 [0] $0$memwr$\memory$cap_pdb_parallel_compact_engine.sv:24$2356_EN[511:0]$2360 [0] $0$memwr$\memory$cap_pdb_parallel_compact_engine.sv:24$2356_EN[511:0]$2360 [0] $0$memwr$\memory$cap_pdb_parallel_compact_engine.sv:24$2356_EN[511:0]$2360 [0] $0$memwr$\memory$cap_pdb_parallel_compact_engine.sv:24$2356_EN[511:0]$2360 [0] $0$memwr$\memory$cap_pdb_parallel_compact_engine.sv:24$2356_EN[511:0]$2360 [0] $0$memwr$\memory$cap_pdb_parallel_compact_engine.sv:24$2356_EN[511:0]$2360 [0] $0$memwr$\memory$cap_pdb_parallel_compact_engine.sv:24$2356_EN[511:0]$2360 [0] $0$memwr$\memory$cap_pdb_parallel_compact_engine.sv:24$2356_EN[511:0]$2360 [0] $0$memwr$\memory$cap_pdb_parallel_compact_engine.sv:24$2356_EN[511:0]$2360 [0] $0$memwr$\memory$cap_pdb_parallel_compact_engine.sv:24$2356_EN[511:0]$2360 [0] $0$memwr$\memory$cap_pdb_parallel_compact_engine.sv:24$2356_EN[511:0]$2360 [0] $0$memwr$\memory$cap_pdb_parallel_compact_engine.sv:24$2356_EN[511:0]$2360 [0] $0$memwr$\memory$cap_pdb_parallel_compact_engine.sv:24$2356_EN[511:0]$2360 [0] $0$memwr$\memory$cap_pdb_parallel_compact_engine.sv:24$2356_EN[511:0]$2360 [0] $0$memwr$\memory$cap_pdb_parallel_compact_engine.sv:24$2356_EN[511:0]$2360 [0] $0$memwr$\memory$cap_pdb_parallel_compact_engine.sv:24$2356_EN[511:0]$2360 [0] $0$memwr$\memory$cap_pdb_parallel_compact_engine.sv:24$2356_EN[511:0]$2360 [0] $0$memwr$\memory$cap_pdb_parallel_compact_engine.sv:24$2356_EN[511:0]$2360 [0] $0$memwr$\memory$cap_pdb_parallel_compact_engine.sv:24$2356_EN[511:0]$2360 [0] $0$memwr$\memory$cap_pdb_parallel_compact_engine.sv:24$2356_EN[511:0]$2360 [0] $0$memwr$\memory$cap_pdb_parallel_compact_engine.sv:24$2356_EN[511:0]$2360 [0] $0$memwr$\memory$cap_pdb_parallel_compact_engine.sv:24$2356_EN[511:0]$2360 [0] $0$memwr$\memory$cap_pdb_parallel_compact_engine.sv:24$2356_EN[511:0]$2360 [0] $0$memwr$\memory$cap_pdb_parallel_compact_engine.sv:24$2356_EN[511:0]$2360 [0] $0$memwr$\memory$cap_pdb_parallel_compact_engine.sv:24$2356_EN[511:0]$2360 [0] $0$memwr$\memory$cap_pdb_parallel_compact_engine.sv:24$2356_EN[511:0]$2360 [0] $0$memwr$\memory$cap_pdb_parallel_compact_engine.sv:24$2356_EN[511:0]$2360 [0] $0$memwr$\memory$cap_pdb_parallel_compact_engine.sv:24$2356_EN[511:0]$2360 [0] $0$memwr$\memory$cap_pdb_parallel_compact_engine.sv:24$2356_EN[511:0]$2360 [0] $0$memwr$\memory$cap_pdb_parallel_compact_engine.sv:24$2356_EN[511:0]$2360 [0] $0$memwr$\memory$cap_pdb_parallel_compact_engine.sv:24$2356_EN[511:0]$2360 [0] $0$memwr$\memory$cap_pdb_parallel_compact_engine.sv:24$2356_EN[511:0]$2360 [0] $0$memwr$\memory$cap_pdb_parallel_compact_engine.sv:24$2356_EN[511:0]$2360 [0] $0$memwr$\memory$cap_pdb_parallel_compact_engine.sv:24$2356_EN[511:0]$2360 [0] $0$memwr$\memory$cap_pdb_parallel_compact_engine.sv:24$2356_EN[511:0]$2360 [0] $0$memwr$\memory$cap_pdb_parallel_compact_engine.sv:24$2356_EN[511:0]$2360 [0] $0$memwr$\memory$cap_pdb_parallel_compact_engine.sv:24$2356_EN[511:0]$2360 [0] $0$memwr$\memory$cap_pdb_parallel_compact_engine.sv:24$2356_EN[511:0]$2360 [0] $0$memwr$\memory$cap_pdb_parallel_compact_engine.sv:24$2356_EN[511:0]$2360 [0] $0$memwr$\memory$cap_pdb_parallel_compact_engine.sv:24$2356_EN[511:0]$2360 [0] $0$memwr$\memory$cap_pdb_parallel_compact_engine.sv:24$2356_EN[511:0]$2360 [0] $0$memwr$\memory$cap_pdb_parallel_compact_engine.sv:24$2356_EN[511:0]$2360 [0] $0$memwr$\memory$cap_pdb_parallel_compact_engine.sv:24$2356_EN[511:0]$2360 [0] $0$memwr$\memory$cap_pdb_parallel_compact_engine.sv:24$2356_EN[511:0]$2360 [0] $0$memwr$\memory$cap_pdb_parallel_compact_engine.sv:24$2356_EN[511:0]$2360 [0] $0$memwr$\memory$cap_pdb_parallel_compact_engine.sv:24$2356_EN[511:0]$2360 [0] $0$memwr$\memory$cap_pdb_parallel_compact_engine.sv:24$2356_EN[511:0]$2360 [0] $0$memwr$\memory$cap_pdb_parallel_compact_engine.sv:24$2356_EN[511:0]$2360 [0] $0$memwr$\memory$cap_pdb_parallel_compact_engine.sv:24$2356_EN[511:0]$2360 [0] $0$memwr$\memory$cap_pdb_parallel_compact_engine.sv:24$2356_EN[511:0]$2360 [0] $0$memwr$\memory$cap_pdb_parallel_compact_engine.sv:24$2356_EN[511:0]$2360 [0] $0$memwr$\memory$cap_pdb_parallel_compact_engine.sv:24$2356_EN[511:0]$2360 [0] $0$memwr$\memory$cap_pdb_parallel_compact_engine.sv:24$2356_EN[511:0]$2360 [0] $0$memwr$\memory$cap_pdb_parallel_compact_engine.sv:24$2356_EN[511:0]$2360 [0] $0$memwr$\memory$cap_pdb_parallel_compact_engine.sv:24$2356_EN[511:0]$2360 [0] $0$memwr$\memory$cap_pdb_parallel_compact_engine.sv:24$2356_EN[511:0]$2360 [0] $0$memwr$\memory$cap_pdb_parallel_compact_engine.sv:24$2356_EN[511:0]$2360 [0] $0$memwr$\memory$cap_pdb_parallel_compact_engine.sv:24$2356_EN[511:0]$2360 [0] $0$memwr$\memory$cap_pdb_parallel_compact_engine.sv:24$2356_EN[511:0]$2360 [0] $0$memwr$\memory$cap_pdb_parallel_compact_engine.sv:24$2356_EN[511:0]$2360 [0] $0$memwr$\memory$cap_pdb_parallel_compact_engine.sv:24$2356_EN[511:0]$2360 [0] $0$memwr$\memory$cap_pdb_parallel_compact_engine.sv:24$2356_EN[511:0]$2360 [0] $0$memwr$\memory$cap_pdb_parallel_compact_engine.sv:24$2356_EN[511:0]$2360 [0] $0$memwr$\memory$cap_pdb_parallel_compact_engine.sv:24$2356_EN[511:0]$2360 [0] $0$memwr$\memory$cap_pdb_parallel_compact_engine.sv:24$2356_EN[511:0]$2360 [0] $0$memwr$\memory$cap_pdb_parallel_compact_engine.sv:24$2356_EN[511:0]$2360 [0] $0$memwr$\memory$cap_pdb_parallel_compact_engine.sv:24$2356_EN[511:0]$2360 [0] $0$memwr$\memory$cap_pdb_parallel_compact_engine.sv:24$2356_EN[511:0]$2360 [0] $0$memwr$\memory$cap_pdb_parallel_compact_engine.sv:24$2356_EN[511:0]$2360 [0] $0$memwr$\memory$cap_pdb_parallel_compact_engine.sv:24$2356_EN[511:0]$2360 [0] $0$memwr$\memory$cap_pdb_parallel_compact_engine.sv:24$2356_EN[511:0]$2360 [0] $0$memwr$\memory$cap_pdb_parallel_compact_engine.sv:24$2356_EN[511:0]$2360 [0] $0$memwr$\memory$cap_pdb_parallel_compact_engine.sv:24$2356_EN[511:0]$2360 [0] $0$memwr$\memory$cap_pdb_parallel_compact_engine.sv:24$2356_EN[511:0]$2360 [0] $0$memwr$\memory$cap_pdb_parallel_compact_engine.sv:24$2356_EN[511:0]$2360 [0] $0$memwr$\memory$cap_pdb_parallel_compact_engine.sv:24$2356_EN[511:0]$2360 [0] $0$memwr$\memory$cap_pdb_parallel_compact_engine.sv:24$2356_EN[511:0]$2360 [0] $0$memwr$\memory$cap_pdb_parallel_compact_engine.sv:24$2356_EN[511:0]$2360 [0] $0$memwr$\memory$cap_pdb_parallel_compact_engine.sv:24$2356_EN[511:0]$2360 [0] $0$memwr$\memory$cap_pdb_parallel_compact_engine.sv:24$2356_EN[511:0]$2360 [0] $0$memwr$\memory$cap_pdb_parallel_compact_engine.sv:24$2356_EN[511:0]$2360 [0] $0$memwr$\memory$cap_pdb_parallel_compact_engine.sv:24$2356_EN[511:0]$2360 [0] $0$memwr$\memory$cap_pdb_parallel_compact_engine.sv:24$2356_EN[511:0]$2360 [0] $0$memwr$\memory$cap_pdb_parallel_compact_engine.sv:24$2356_EN[511:0]$2360 [0] $0$memwr$\memory$cap_pdb_parallel_compact_engine.sv:24$2356_EN[511:0]$2360 [0] $0$memwr$\memory$cap_pdb_parallel_compact_engine.sv:24$2356_EN[511:0]$2360 [0] $0$memwr$\memory$cap_pdb_parallel_compact_engine.sv:24$2356_EN[511:0]$2360 [0] $0$memwr$\memory$cap_pdb_parallel_compact_engine.sv:24$2356_EN[511:0]$2360 [0] $0$memwr$\memory$cap_pdb_parallel_compact_engine.sv:24$2356_EN[511:0]$2360 [0] $0$memwr$\memory$cap_pdb_parallel_compact_engine.sv:24$2356_EN[511:0]$2360 [0] $0$memwr$\memory$cap_pdb_parallel_compact_engine.sv:24$2356_EN[511:0]$2360 [0] $0$memwr$\memory$cap_pdb_parallel_compact_engine.sv:24$2356_EN[511:0]$2360 [0] $0$memwr$\memory$cap_pdb_parallel_compact_engine.sv:24$2356_EN[511:0]$2360 [0] $0$memwr$\memory$cap_pdb_parallel_compact_engine.sv:24$2356_EN[511:0]$2360 [0] $0$memwr$\memory$cap_pdb_parallel_compact_engine.sv:24$2356_EN[511:0]$2360 [0] $0$memwr$\memory$cap_pdb_parallel_compact_engine.sv:24$2356_EN[511:0]$2360 [0] $0$memwr$\memory$cap_pdb_parallel_compact_engine.sv:24$2356_EN[511:0]$2360 [0] $0$memwr$\memory$cap_pdb_parallel_compact_engine.sv:24$2356_EN[511:0]$2360 [0] $0$memwr$\memory$cap_pdb_parallel_compact_engine.sv:24$2356_EN[511:0]$2360 [0] $0$memwr$\memory$cap_pdb_parallel_compact_engine.sv:24$2356_EN[511:0]$2360 [0] $0$memwr$\memory$cap_pdb_parallel_compact_engine.sv:24$2356_EN[511:0]$2360 [0] $0$memwr$\memory$cap_pdb_parallel_compact_engine.sv:24$2356_EN[511:0]$2360 [0] $0$memwr$\memory$cap_pdb_parallel_compact_engine.sv:24$2356_EN[511:0]$2360 [0] $0$memwr$\memory$cap_pdb_parallel_compact_engine.sv:24$2356_EN[511:0]$2360 [0] $0$memwr$\memory$cap_pdb_parallel_compact_engine.sv:24$2356_EN[511:0]$2360 [0] $0$memwr$\memory$cap_pdb_parallel_compact_engine.sv:24$2356_EN[511:0]$2360 [0] $0$memwr$\memory$cap_pdb_parallel_compact_engine.sv:24$2356_EN[511:0]$2360 [0] $0$memwr$\memory$cap_pdb_parallel_compact_engine.sv:24$2356_EN[511:0]$2360 [0] $0$memwr$\memory$cap_pdb_parallel_compact_engine.sv:24$2356_EN[511:0]$2360 [0] $0$memwr$\memory$cap_pdb_parallel_compact_engine.sv:24$2356_EN[511:0]$2360 [0] $0$memwr$\memory$cap_pdb_parallel_compact_engine.sv:24$2356_EN[511:0]$2360 [0] $0$memwr$\memory$cap_pdb_parallel_compact_engine.sv:24$2356_EN[511:0]$2360 [0] $0$memwr$\memory$cap_pdb_parallel_compact_engine.sv:24$2356_EN[511:0]$2360 [0] $0$memwr$\memory$cap_pdb_parallel_compact_engine.sv:24$2356_EN[511:0]$2360 [0] $0$memwr$\memory$cap_pdb_parallel_compact_engine.sv:24$2356_EN[511:0]$2360 [0] $0$memwr$\memory$cap_pdb_parallel_compact_engine.sv:24$2356_EN[511:0]$2360 [0] $0$memwr$\memory$cap_pdb_parallel_compact_engine.sv:24$2356_EN[511:0]$2360 [0] $0$memwr$\memory$cap_pdb_parallel_compact_engine.sv:24$2356_EN[511:0]$2360 [0] $0$memwr$\memory$cap_pdb_parallel_compact_engine.sv:24$2356_EN[511:0]$2360 [0] $0$memwr$\memory$cap_pdb_parallel_compact_engine.sv:24$2356_EN[511:0]$2360 [0] $0$memwr$\memory$cap_pdb_parallel_compact_engine.sv:24$2356_EN[511:0]$2360 [0] $0$memwr$\memory$cap_pdb_parallel_compact_engine.sv:24$2356_EN[511:0]$2360 [0] $0$memwr$\memory$cap_pdb_parallel_compact_engine.sv:24$2356_EN[511:0]$2360 [0] $0$memwr$\memory$cap_pdb_parallel_compact_engine.sv:24$2356_EN[511:0]$2360 [0] $0$memwr$\memory$cap_pdb_parallel_compact_engine.sv:24$2356_EN[511:0]$2360 [0] $0$memwr$\memory$cap_pdb_parallel_compact_engine.sv:24$2356_EN[511:0]$2360 [0] $0$memwr$\memory$cap_pdb_parallel_compact_engine.sv:24$2356_EN[511:0]$2360 [0] $0$memwr$\memory$cap_pdb_parallel_compact_engine.sv:24$2356_EN[511:0]$2360 [0] $0$memwr$\memory$cap_pdb_parallel_compact_engine.sv:24$2356_EN[511:0]$2360 [0] $0$memwr$\memory$cap_pdb_parallel_compact_engine.sv:24$2356_EN[511:0]$2360 [0] $0$memwr$\memory$cap_pdb_parallel_compact_engine.sv:24$2356_EN[511:0]$2360 [0] $0$memwr$\memory$cap_pdb_parallel_compact_engine.sv:24$2356_EN[511:0]$2360 [0] $0$memwr$\memory$cap_pdb_parallel_compact_engine.sv:24$2356_EN[511:0]$2360 [0] $0$memwr$\memory$cap_pdb_parallel_compact_engine.sv:24$2356_EN[511:0]$2360 [0] $0$memwr$\memory$cap_pdb_parallel_compact_engine.sv:24$2356_EN[511:0]$2360 [0] $0$memwr$\memory$cap_pdb_parallel_compact_engine.sv:24$2356_EN[511:0]$2360 [0] $0$memwr$\memory$cap_pdb_parallel_compact_engine.sv:24$2356_EN[511:0]$2360 [0] $0$memwr$\memory$cap_pdb_parallel_compact_engine.sv:24$2356_EN[511:0]$2360 [0] $0$memwr$\memory$cap_pdb_parallel_compact_engine.sv:24$2356_EN[511:0]$2360 [0] }
  Optimizing cells in module $paramod$b5bfe1d4fce40940586b6e35fec61194ae5a8fde\cap_pdb_state_wide_bank.
Performed a total of 1 changes.

5.10.5. Executing OPT_MERGE pass (detect identical cells).
Finding identical cells in module `\cap_pdb_parallel_compact_allocation_engine'.
Computing hashes of 746 cells of `\cap_pdb_parallel_compact_allocation_engine'.
Finding duplicate cells in `\cap_pdb_parallel_compact_allocation_engine'.
Computing hashes of 733 cells of `\cap_pdb_parallel_compact_allocation_engine'.
Finding duplicate cells in `\cap_pdb_parallel_compact_allocation_engine'.
<suppressed ~39 debug messages>
Finding identical cells in module `$paramod$cbc3189b30a0f0ae8c16e45df15b3f5a54303a8f\cap_pdb_masked_min32'.
Computing hashes of 94 cells of `$paramod$cbc3189b30a0f0ae8c16e45df15b3f5a54303a8f\cap_pdb_masked_min32'.
Finding duplicate cells in `$paramod$cbc3189b30a0f0ae8c16e45df15b3f5a54303a8f\cap_pdb_masked_min32'.
Finding identical cells in module `$paramod$b5bfe1d4fce40940586b6e35fec61194ae5a8fde\cap_pdb_state_wide_bank'.
Computing hashes of 7 cells of `$paramod$b5bfe1d4fce40940586b6e35fec61194ae5a8fde\cap_pdb_state_wide_bank'.
Finding duplicate cells in `$paramod$b5bfe1d4fce40940586b6e35fec61194ae5a8fde\cap_pdb_state_wide_bank'.
Removed a total of 13 cells.

5.10.6. Executing OPT_DFF pass (perform DFF optimizations).

5.10.7. Executing OPT_CLEAN pass (remove unused cells and wires).
Finding unused cells or wires in module \cap_pdb_parallel_compact_allocation_engine..
Finding unused cells or wires in module $paramod$cbc3189b30a0f0ae8c16e45df15b3f5a54303a8f\cap_pdb_masked_min32..
Finding unused cells or wires in module $paramod$b5bfe1d4fce40940586b6e35fec61194ae5a8fde\cap_pdb_state_wide_bank..
Removed 0 unused cells and 97 unused wires.
<suppressed ~1 debug messages>

5.10.8. Executing OPT_EXPR pass (perform const folding).
Optimizing module cap_pdb_parallel_compact_allocation_engine.
Optimizing module $paramod$cbc3189b30a0f0ae8c16e45df15b3f5a54303a8f\cap_pdb_masked_min32.
Optimizing module $paramod$b5bfe1d4fce40940586b6e35fec61194ae5a8fde\cap_pdb_state_wide_bank.

5.10.9. Rerunning OPT passes. (Maybe there is more to do..)

5.10.10. Executing OPT_MUXTREE pass (detect dead branches in mux trees).
Running muxtree optimizer on module \cap_pdb_parallel_compact_allocation_engine..
  Creating internal representation of mux trees.
  Evaluating internal representation of mux trees.
  Analyzing evaluation results.
Running muxtree optimizer on module $paramod$cbc3189b30a0f0ae8c16e45df15b3f5a54303a8f\cap_pdb_masked_min32..
  Creating internal representation of mux trees.
  Evaluating internal representation of mux trees.
  Analyzing evaluation results.
Running muxtree optimizer on module $paramod$b5bfe1d4fce40940586b6e35fec61194ae5a8fde\cap_pdb_state_wide_bank..
  Creating internal representation of mux trees.
  Evaluating internal representation of mux trees.
  Analyzing evaluation results.
Removed 0 multiplexer ports.
<suppressed ~451 debug messages>

5.10.11. Executing OPT_REDUCE pass (consolidate $*mux and $reduce_* inputs).
  Optimizing cells in module \cap_pdb_parallel_compact_allocation_engine.
  Optimizing cells in module $paramod$cbc3189b30a0f0ae8c16e45df15b3f5a54303a8f\cap_pdb_masked_min32.
  Optimizing cells in module $paramod$b5bfe1d4fce40940586b6e35fec61194ae5a8fde\cap_pdb_state_wide_bank.
Performed a total of 0 changes.

5.10.12. Executing OPT_MERGE pass (detect identical cells).
Finding identical cells in module `\cap_pdb_parallel_compact_allocation_engine'.
Computing hashes of 733 cells of `\cap_pdb_parallel_compact_allocation_engine'.
Finding duplicate cells in `\cap_pdb_parallel_compact_allocation_engine'.
Finding identical cells in module `$paramod$cbc3189b30a0f0ae8c16e45df15b3f5a54303a8f\cap_pdb_masked_min32'.
Computing hashes of 94 cells of `$paramod$cbc3189b30a0f0ae8c16e45df15b3f5a54303a8f\cap_pdb_masked_min32'.
Finding duplicate cells in `$paramod$cbc3189b30a0f0ae8c16e45df15b3f5a54303a8f\cap_pdb_masked_min32'.
Finding identical cells in module `$paramod$b5bfe1d4fce40940586b6e35fec61194ae5a8fde\cap_pdb_state_wide_bank'.
Computing hashes of 7 cells of `$paramod$b5bfe1d4fce40940586b6e35fec61194ae5a8fde\cap_pdb_state_wide_bank'.
Finding duplicate cells in `$paramod$b5bfe1d4fce40940586b6e35fec61194ae5a8fde\cap_pdb_state_wide_bank'.
Removed a total of 0 cells.

5.10.13. Executing OPT_DFF pass (perform DFF optimizations).

5.10.14. Executing OPT_CLEAN pass (remove unused cells and wires).
Finding unused cells or wires in module \cap_pdb_parallel_compact_allocation_engine..
Finding unused cells or wires in module $paramod$cbc3189b30a0f0ae8c16e45df15b3f5a54303a8f\cap_pdb_masked_min32..
Finding unused cells or wires in module $paramod$b5bfe1d4fce40940586b6e35fec61194ae5a8fde\cap_pdb_state_wide_bank..

5.10.15. Executing OPT_EXPR pass (perform const folding).
Optimizing module cap_pdb_parallel_compact_allocation_engine.
Optimizing module $paramod$cbc3189b30a0f0ae8c16e45df15b3f5a54303a8f\cap_pdb_masked_min32.
Optimizing module $paramod$b5bfe1d4fce40940586b6e35fec61194ae5a8fde\cap_pdb_state_wide_bank.

5.10.16. Finished fast OPT passes. (There is nothing left to do.)

5.11. Executing FSM pass (extract and optimize FSM).

5.11.1. Executing FSM_DETECT pass (finding FSMs in design).
Found FSM state register cap_pdb_parallel_compact_allocation_engine.phase.

5.11.2. Executing FSM_EXTRACT pass (extracting FSM from design).
Extracting FSM `\phase' from module `\cap_pdb_parallel_compact_allocation_engine'.
  found $dff cell for state register: $procdff$4047
  root of input selection tree: $0\phase[1:0]
  found reset state: 2'00 (guessed from mux tree)
  found ctrl input: \rst
  found ctrl input: $procmux$3658_CMP
  found ctrl input: $eq$cap_pdb_parallel_compact_engine.sv:180$1838_Y
  found ctrl input: $procmux$3670_CMP
  found state code: 2'00
  found ctrl input: \all_after_empty
  found state code: 2'10
  found ctrl input: \start
  found state code: 2'01
  found ctrl output: $eq$cap_pdb_parallel_compact_engine.sv:180$1838_Y
  found ctrl output: $procmux$3658_CMP
  found ctrl output: $procmux$3670_CMP
  ctrl inputs: { \all_after_empty \start \rst }
  ctrl outputs: { $procmux$3670_CMP $procmux$3658_CMP $eq$cap_pdb_parallel_compact_engine.sv:180$1838_Y $0\phase[1:0] }
  transition:       2'00 3'-00 ->       2'00 5'10000
  transition:       2'00 3'-10 ->       2'01 5'10001
  transition:       2'00 3'--1 ->       2'00 5'10000
  transition:       2'10 3'0-0 ->       2'10 5'01010
  transition:       2'10 3'1-0 ->       2'00 5'01000
  transition:       2'10 3'--1 ->       2'00 5'01000
  transition:       2'01 3'--0 ->       2'10 5'00110
  transition:       2'01 3'--1 ->       2'00 5'00100

5.11.3. Executing FSM_OPT pass (simple optimizations of FSMs).
Optimizing FSM `$fsm$\phase$4080' from module `\cap_pdb_parallel_compact_allocation_engine'.

5.11.4. Executing OPT_CLEAN pass (remove unused cells and wires).
Finding unused cells or wires in module \cap_pdb_parallel_compact_allocation_engine..
Finding unused cells or wires in module $paramod$cbc3189b30a0f0ae8c16e45df15b3f5a54303a8f\cap_pdb_masked_min32..
Finding unused cells or wires in module $paramod$b5bfe1d4fce40940586b6e35fec61194ae5a8fde\cap_pdb_state_wide_bank..
Removed 8 unused cells and 8 unused wires.
<suppressed ~9 debug messages>

5.11.5. Executing FSM_OPT pass (simple optimizations of FSMs).
Optimizing FSM `$fsm$\phase$4080' from module `\cap_pdb_parallel_compact_allocation_engine'.
  Removing unused output signal $0\phase[1:0] [0].
  Removing unused output signal $0\phase[1:0] [1].

5.11.6. Executing FSM_RECODE pass (re-assigning FSM state encoding).
Recoding FSM `$fsm$\phase$4080' from module `\cap_pdb_parallel_compact_allocation_engine' using `auto' encoding:
  mapping auto encoding to `one-hot` for this FSM.
  00 -> --1
  10 -> -1-
  01 -> 1--

5.11.7. Executing FSM_INFO pass (dumping all available information on FSM cells).

FSM `$fsm$\phase$4080' from module `cap_pdb_parallel_compact_allocation_engine':
-------------------------------------

  Information on FSM $fsm$\phase$4080 (\phase):

  Number of input signals:    3
  Number of output signals:   3
  Number of state bits:       3

  Input signals:
    0: \rst
    1: \start
    2: \all_after_empty

  Output signals:
    0: $eq$cap_pdb_parallel_compact_engine.sv:180$1838_Y
    1: $procmux$3658_CMP
    2: $procmux$3670_CMP

  State encoding:
    0:      3'--1  <RESET STATE>
    1:      3'-1-
    2:      3'1--

  Transition Table (state_in, ctrl_in, state_out, ctrl_out):
      0:     0 3'-00   ->     0 3'100
      1:     0 3'--1   ->     0 3'100
      2:     0 3'-10   ->     2 3'100
      3:     1 3'1-0   ->     0 3'010
      4:     1 3'--1   ->     0 3'010
      5:     1 3'0-0   ->     1 3'010
      6:     2 3'--1   ->     0 3'001
      7:     2 3'--0   ->     1 3'001

-------------------------------------

5.11.8. Executing FSM_MAP pass (mapping FSMs to basic logic).
Mapping FSM `$fsm$\phase$4080' from module `\cap_pdb_parallel_compact_allocation_engine'.

5.12. Executing OPT pass (performing simple optimizations).

5.12.1. Executing OPT_EXPR pass (perform const folding).
Optimizing module cap_pdb_parallel_compact_allocation_engine.
<suppressed ~4 debug messages>
Optimizing module $paramod$cbc3189b30a0f0ae8c16e45df15b3f5a54303a8f\cap_pdb_masked_min32.
Optimizing module $paramod$b5bfe1d4fce40940586b6e35fec61194ae5a8fde\cap_pdb_state_wide_bank.

5.12.2. Executing OPT_MERGE pass (detect identical cells).
Finding identical cells in module `\cap_pdb_parallel_compact_allocation_engine'.
Computing hashes of 738 cells of `\cap_pdb_parallel_compact_allocation_engine'.
Finding duplicate cells in `\cap_pdb_parallel_compact_allocation_engine'.
Finding identical cells in module `$paramod$cbc3189b30a0f0ae8c16e45df15b3f5a54303a8f\cap_pdb_masked_min32'.
Computing hashes of 94 cells of `$paramod$cbc3189b30a0f0ae8c16e45df15b3f5a54303a8f\cap_pdb_masked_min32'.
Finding duplicate cells in `$paramod$cbc3189b30a0f0ae8c16e45df15b3f5a54303a8f\cap_pdb_masked_min32'.
Finding identical cells in module `$paramod$b5bfe1d4fce40940586b6e35fec61194ae5a8fde\cap_pdb_state_wide_bank'.
Computing hashes of 7 cells of `$paramod$b5bfe1d4fce40940586b6e35fec61194ae5a8fde\cap_pdb_state_wide_bank'.
Finding duplicate cells in `$paramod$b5bfe1d4fce40940586b6e35fec61194ae5a8fde\cap_pdb_state_wide_bank'.
Removed a total of 0 cells.

5.12.3. Executing OPT_MUXTREE pass (detect dead branches in mux trees).
Running muxtree optimizer on module \cap_pdb_parallel_compact_allocation_engine..
  Creating internal representation of mux trees.
  Evaluating internal representation of mux trees.
  Analyzing evaluation results.
Running muxtree optimizer on module $paramod$cbc3189b30a0f0ae8c16e45df15b3f5a54303a8f\cap_pdb_masked_min32..
  Creating internal representation of mux trees.
  Evaluating internal representation of mux trees.
  Analyzing evaluation results.
Running muxtree optimizer on module $paramod$b5bfe1d4fce40940586b6e35fec61194ae5a8fde\cap_pdb_state_wide_bank..
  Creating internal representation of mux trees.
  Evaluating internal representation of mux trees.
  Analyzing evaluation results.
Removed 0 multiplexer ports.
<suppressed ~446 debug messages>

5.12.4. Executing OPT_REDUCE pass (consolidate $*mux and $reduce_* inputs).
  Optimizing cells in module \cap_pdb_parallel_compact_allocation_engine.
  Optimizing cells in module $paramod$cbc3189b30a0f0ae8c16e45df15b3f5a54303a8f\cap_pdb_masked_min32.
  Optimizing cells in module $paramod$b5bfe1d4fce40940586b6e35fec61194ae5a8fde\cap_pdb_state_wide_bank.
Performed a total of 0 changes.

5.12.5. Executing OPT_MERGE pass (detect identical cells).
Finding identical cells in module `\cap_pdb_parallel_compact_allocation_engine'.
Computing hashes of 738 cells of `\cap_pdb_parallel_compact_allocation_engine'.
Finding duplicate cells in `\cap_pdb_parallel_compact_allocation_engine'.
Finding identical cells in module `$paramod$cbc3189b30a0f0ae8c16e45df15b3f5a54303a8f\cap_pdb_masked_min32'.
Computing hashes of 94 cells of `$paramod$cbc3189b30a0f0ae8c16e45df15b3f5a54303a8f\cap_pdb_masked_min32'.
Finding duplicate cells in `$paramod$cbc3189b30a0f0ae8c16e45df15b3f5a54303a8f\cap_pdb_masked_min32'.
Finding identical cells in module `$paramod$b5bfe1d4fce40940586b6e35fec61194ae5a8fde\cap_pdb_state_wide_bank'.
Computing hashes of 7 cells of `$paramod$b5bfe1d4fce40940586b6e35fec61194ae5a8fde\cap_pdb_state_wide_bank'.
Finding duplicate cells in `$paramod$b5bfe1d4fce40940586b6e35fec61194ae5a8fde\cap_pdb_state_wide_bank'.
Removed a total of 0 cells.

5.12.6. Executing OPT_DFF pass (perform DFF optimizations).
Adding SRST signal on $procdff$4070 ($dff) from module cap_pdb_parallel_compact_allocation_engine (D = $procmux$3713_Y, Q = \group_minimum[8], rval = 16'1111111111111111).
Adding EN signal on $auto$ff.cc:337:slice$4113 ($sdff) from module cap_pdb_parallel_compact_allocation_engine (D = $procmux$3713_Y, Q = \group_minimum[8]).
Adding SRST signal on $procdff$4071 ($dff) from module cap_pdb_parallel_compact_allocation_engine (D = $procmux$3701_Y, Q = \group_minimum[9], rval = 16'1111111111111111).
Adding EN signal on $auto$ff.cc:337:slice$4121 ($sdff) from module cap_pdb_parallel_compact_allocation_engine (D = $procmux$3701_Y, Q = \group_minimum[9]).
Adding SRST signal on $procdff$4072 ($dff) from module cap_pdb_parallel_compact_allocation_engine (D = $procmux$3689_Y, Q = \group_minimum[10], rval = 16'1111111111111111).
Adding EN signal on $auto$ff.cc:337:slice$4129 ($sdff) from module cap_pdb_parallel_compact_allocation_engine (D = $procmux$3689_Y, Q = \group_minimum[10]).
Adding SRST signal on $procdff$4042 ($dff) from module cap_pdb_parallel_compact_allocation_engine (D = $procmux$4022_Y, Q = \busy, rval = 1'0).
Adding EN signal on $auto$ff.cc:337:slice$4137 ($sdff) from module cap_pdb_parallel_compact_allocation_engine (D = $procmux$4022_Y, Q = \busy).
Adding SRST signal on $procdff$4043 ($dff) from module cap_pdb_parallel_compact_allocation_engine (D = $procmux$3655_Y, Q = \done, rval = 1'0).
Adding SRST signal on $procdff$4044 ($dff) from module cap_pdb_parallel_compact_allocation_engine (D = $procmux$4014_Y, Q = \valid, rval = 1'0).
Adding EN signal on $auto$ff.cc:337:slice$4152 ($sdff) from module cap_pdb_parallel_compact_allocation_engine (D = $procmux$4010_Y, Q = \valid).
Adding SRST signal on $procdff$4045 ($dff) from module cap_pdb_parallel_compact_allocation_engine (D = $procmux$3977_Y, Q = \group_cost_sum, rval = 24'000000000000000000000000).
Adding EN signal on $auto$ff.cc:337:slice$4156 ($sdff) from module cap_pdb_parallel_compact_allocation_engine (D = \final_sum, Q = \group_cost_sum).
Adding SRST signal on $procdff$4046 ($dff) from module cap_pdb_parallel_compact_allocation_engine (D = $procmux$3969_Y, Q = \cycles, rval = 16'0000000000000000).
Adding SRST signal on $procdff$4049 ($dff) from module cap_pdb_parallel_compact_allocation_engine (D = $procmux$3939_Y, Q = \remaining[0], rval = 0).
Adding EN signal on $auto$ff.cc:337:slice$4161 ($sdff) from module cap_pdb_parallel_compact_allocation_engine (D = $procmux$3939_Y, Q = \remaining[0]).
Adding SRST signal on $procdff$4050 ($dff) from module cap_pdb_parallel_compact_allocation_engine (D = $procmux$3929_Y, Q = \remaining[1], rval = 0).
Adding EN signal on $auto$ff.cc:337:slice$4169 ($sdff) from module cap_pdb_parallel_compact_allocation_engine (D = $procmux$3929_Y, Q = \remaining[1]).
Adding SRST signal on $procdff$4051 ($dff) from module cap_pdb_parallel_compact_allocation_engine (D = $procmux$3919_Y, Q = \remaining[2], rval = 0).
Adding EN signal on $auto$ff.cc:337:slice$4177 ($sdff) from module cap_pdb_parallel_compact_allocation_engine (D = $procmux$3919_Y, Q = \remaining[2]).
Adding SRST signal on $procdff$4052 ($dff) from module cap_pdb_parallel_compact_allocation_engine (D = $procmux$3909_Y, Q = \remaining[3], rval = 0).
Adding EN signal on $auto$ff.cc:337:slice$4185 ($sdff) from module cap_pdb_parallel_compact_allocation_engine (D = $procmux$3909_Y, Q = \remaining[3]).
Adding SRST signal on $procdff$4053 ($dff) from module cap_pdb_parallel_compact_allocation_engine (D = $procmux$3899_Y, Q = \remaining[4], rval = 0).
Adding EN signal on $auto$ff.cc:337:slice$4193 ($sdff) from module cap_pdb_parallel_compact_allocation_engine (D = $procmux$3899_Y, Q = \remaining[4]).
Adding SRST signal on $procdff$4054 ($dff) from module cap_pdb_parallel_compact_allocation_engine (D = $procmux$3889_Y, Q = \remaining[5], rval = 0).
Adding EN signal on $auto$ff.cc:337:slice$4201 ($sdff) from module cap_pdb_parallel_compact_allocation_engine (D = $procmux$3889_Y, Q = \remaining[5]).
Adding SRST signal on $procdff$4055 ($dff) from module cap_pdb_parallel_compact_allocation_engine (D = $procmux$3879_Y, Q = \remaining[6], rval = 0).
Adding EN signal on $auto$ff.cc:337:slice$4209 ($sdff) from module cap_pdb_parallel_compact_allocation_engine (D = $procmux$3879_Y, Q = \remaining[6]).
Adding SRST signal on $procdff$4056 ($dff) from module cap_pdb_parallel_compact_allocation_engine (D = $procmux$3869_Y, Q = \remaining[7], rval = 0).
Adding EN signal on $auto$ff.cc:337:slice$4217 ($sdff) from module cap_pdb_parallel_compact_allocation_engine (D = $procmux$3869_Y, Q = \remaining[7]).
Adding SRST signal on $procdff$4057 ($dff) from module cap_pdb_parallel_compact_allocation_engine (D = $procmux$3859_Y, Q = \remaining[8], rval = 0).
Adding EN signal on $auto$ff.cc:337:slice$4225 ($sdff) from module cap_pdb_parallel_compact_allocation_engine (D = $procmux$3859_Y, Q = \remaining[8]).
Adding SRST signal on $procdff$4058 ($dff) from module cap_pdb_parallel_compact_allocation_engine (D = $procmux$3849_Y, Q = \remaining[9], rval = 0).
Adding EN signal on $auto$ff.cc:337:slice$4233 ($sdff) from module cap_pdb_parallel_compact_allocation_engine (D = $procmux$3849_Y, Q = \remaining[9]).
Adding SRST signal on $procdff$4059 ($dff) from module cap_pdb_parallel_compact_allocation_engine (D = $procmux$3839_Y, Q = \remaining[10], rval = 0).
Adding EN signal on $auto$ff.cc:337:slice$4241 ($sdff) from module cap_pdb_parallel_compact_allocation_engine (D = $procmux$3839_Y, Q = \remaining[10]).
Adding SRST signal on $procdff$4060 ($dff) from module cap_pdb_parallel_compact_allocation_engine (D = $procmux$3829_Y, Q = \remaining[11], rval = 0).
Adding EN signal on $auto$ff.cc:337:slice$4249 ($sdff) from module cap_pdb_parallel_compact_allocation_engine (D = $procmux$3829_Y, Q = \remaining[11]).
Adding SRST signal on $procdff$4061 ($dff) from module cap_pdb_parallel_compact_allocation_engine (D = $procmux$3819_Y, Q = \remaining[12], rval = 0).
Adding EN signal on $auto$ff.cc:337:slice$4257 ($sdff) from module cap_pdb_parallel_compact_allocation_engine (D = $procmux$3819_Y, Q = \remaining[12]).
Adding SRST signal on $procdff$4073 ($dff) from module cap_pdb_parallel_compact_allocation_engine (D = $procmux$3677_Y, Q = \group_minimum[11], rval = 16'1111111111111111).
Adding EN signal on $auto$ff.cc:337:slice$4265 ($sdff) from module cap_pdb_parallel_compact_allocation_engine (D = $procmux$3677_Y, Q = \group_minimum[11]).
Adding SRST signal on $procdff$4074 ($dff) from module cap_pdb_parallel_compact_allocation_engine (D = $procmux$3665_Y, Q = \group_minimum[12], rval = 16'1111111111111111).
Adding EN signal on $auto$ff.cc:337:slice$4273 ($sdff) from module cap_pdb_parallel_compact_allocation_engine (D = $procmux$3665_Y, Q = \group_minimum[12]).
Adding SRST signal on $procdff$4062 ($dff) from module cap_pdb_parallel_compact_allocation_engine (D = $procmux$3809_Y, Q = \group_minimum[0], rval = 16'1111111111111111).
Adding EN signal on $auto$ff.cc:337:slice$4281 ($sdff) from module cap_pdb_parallel_compact_allocation_engine (D = $procmux$3809_Y, Q = \group_minimum[0]).
Adding SRST signal on $procdff$4063 ($dff) from module cap_pdb_parallel_compact_allocation_engine (D = $procmux$3797_Y, Q = \group_minimum[1], rval = 16'1111111111111111).
Adding EN signal on $auto$ff.cc:337:slice$4289 ($sdff) from module cap_pdb_parallel_compact_allocation_engine (D = $procmux$3797_Y, Q = \group_minimum[1]).
Adding SRST signal on $procdff$4064 ($dff) from module cap_pdb_parallel_compact_allocation_engine (D = $procmux$3785_Y, Q = \group_minimum[2], rval = 16'1111111111111111).
Adding EN signal on $auto$ff.cc:337:slice$4297 ($sdff) from module cap_pdb_parallel_compact_allocation_engine (D = $procmux$3785_Y, Q = \group_minimum[2]).
Adding SRST signal on $procdff$4065 ($dff) from module cap_pdb_parallel_compact_allocation_engine (D = $procmux$3773_Y, Q = \group_minimum[3], rval = 16'1111111111111111).
Adding EN signal on $auto$ff.cc:337:slice$4305 ($sdff) from module cap_pdb_parallel_compact_allocation_engine (D = $procmux$3773_Y, Q = \group_minimum[3]).
Adding SRST signal on $procdff$4066 ($dff) from module cap_pdb_parallel_compact_allocation_engine (D = $procmux$3761_Y, Q = \group_minimum[4], rval = 16'1111111111111111).
Adding EN signal on $auto$ff.cc:337:slice$4313 ($sdff) from module cap_pdb_parallel_compact_allocation_engine (D = $procmux$3761_Y, Q = \group_minimum[4]).
Adding SRST signal on $procdff$4067 ($dff) from module cap_pdb_parallel_compact_allocation_engine (D = $procmux$3749_Y, Q = \group_minimum[5], rval = 16'1111111111111111).
Adding EN signal on $auto$ff.cc:337:slice$4321 ($sdff) from module cap_pdb_parallel_compact_allocation_engine (D = $procmux$3749_Y, Q = \group_minimum[5]).
Adding SRST signal on $procdff$4068 ($dff) from module cap_pdb_parallel_compact_allocation_engine (D = $procmux$3737_Y, Q = \group_minimum[6], rval = 16'1111111111111111).
Adding EN signal on $auto$ff.cc:337:slice$4329 ($sdff) from module cap_pdb_parallel_compact_allocation_engine (D = $procmux$3737_Y, Q = \group_minimum[6]).
Adding SRST signal on $procdff$4069 ($dff) from module cap_pdb_parallel_compact_allocation_engine (D = $procmux$3725_Y, Q = \group_minimum[7], rval = 16'1111111111111111).
Adding EN signal on $auto$ff.cc:337:slice$4337 ($sdff) from module cap_pdb_parallel_compact_allocation_engine (D = $procmux$3725_Y, Q = \group_minimum[7]).
Adding EN signal on $procdff$4075 ($dff) from module $paramod$b5bfe1d4fce40940586b6e35fec61194ae5a8fde\cap_pdb_state_wide_bank (D = $memrd$\memory$cap_pdb_parallel_compact_engine.sv:26$2364_DATA, Q = \rdata).

5.12.7. Executing OPT_CLEAN pass (remove unused cells and wires).
Finding unused cells or wires in module \cap_pdb_parallel_compact_allocation_engine..
Finding unused cells or wires in module $paramod$cbc3189b30a0f0ae8c16e45df15b3f5a54303a8f\cap_pdb_masked_min32..
Finding unused cells or wires in module $paramod$b5bfe1d4fce40940586b6e35fec61194ae5a8fde\cap_pdb_state_wide_bank..
Removed 37 unused cells and 44 unused wires.
<suppressed ~39 debug messages>

5.12.8. Executing OPT_EXPR pass (perform const folding).
Optimizing module cap_pdb_parallel_compact_allocation_engine.
<suppressed ~27 debug messages>
Optimizing module $paramod$cbc3189b30a0f0ae8c16e45df15b3f5a54303a8f\cap_pdb_masked_min32.
Optimizing module $paramod$b5bfe1d4fce40940586b6e35fec61194ae5a8fde\cap_pdb_state_wide_bank.

5.12.9. Rerunning OPT passes. (Maybe there is more to do..)

5.12.10. Executing OPT_MUXTREE pass (detect dead branches in mux trees).
Running muxtree optimizer on module \cap_pdb_parallel_compact_allocation_engine..
  Creating internal representation of mux trees.
  Evaluating internal representation of mux trees.
  Analyzing evaluation results.
Running muxtree optimizer on module $paramod$cbc3189b30a0f0ae8c16e45df15b3f5a54303a8f\cap_pdb_masked_min32..
  Creating internal representation of mux trees.
  Evaluating internal representation of mux trees.
  Analyzing evaluation results.
Running muxtree optimizer on module $paramod$b5bfe1d4fce40940586b6e35fec61194ae5a8fde\cap_pdb_state_wide_bank..
  Creating internal representation of mux trees.
  Evaluating internal representation of mux trees.
  Analyzing evaluation results.
Removed 0 multiplexer ports.
<suppressed ~407 debug messages>

5.12.11. Executing OPT_REDUCE pass (consolidate $*mux and $reduce_* inputs).
  Optimizing cells in module \cap_pdb_parallel_compact_allocation_engine.
  Optimizing cells in module $paramod$cbc3189b30a0f0ae8c16e45df15b3f5a54303a8f\cap_pdb_masked_min32.
  Optimizing cells in module $paramod$b5bfe1d4fce40940586b6e35fec61194ae5a8fde\cap_pdb_state_wide_bank.
Performed a total of 0 changes.

5.12.12. Executing OPT_MERGE pass (detect identical cells).
Finding identical cells in module `\cap_pdb_parallel_compact_allocation_engine'.
Computing hashes of 788 cells of `\cap_pdb_parallel_compact_allocation_engine'.
Finding duplicate cells in `\cap_pdb_parallel_compact_allocation_engine'.
Computing hashes of 724 cells of `\cap_pdb_parallel_compact_allocation_engine'.
Finding duplicate cells in `\cap_pdb_parallel_compact_allocation_engine'.
Computing hashes of 699 cells of `\cap_pdb_parallel_compact_allocation_engine'.
Finding duplicate cells in `\cap_pdb_parallel_compact_allocation_engine'.
<suppressed ~267 debug messages>
Finding identical cells in module `$paramod$cbc3189b30a0f0ae8c16e45df15b3f5a54303a8f\cap_pdb_masked_min32'.
Computing hashes of 94 cells of `$paramod$cbc3189b30a0f0ae8c16e45df15b3f5a54303a8f\cap_pdb_masked_min32'.
Finding duplicate cells in `$paramod$cbc3189b30a0f0ae8c16e45df15b3f5a54303a8f\cap_pdb_masked_min32'.
Finding identical cells in module `$paramod$b5bfe1d4fce40940586b6e35fec61194ae5a8fde\cap_pdb_state_wide_bank'.
Computing hashes of 6 cells of `$paramod$b5bfe1d4fce40940586b6e35fec61194ae5a8fde\cap_pdb_state_wide_bank'.
Finding duplicate cells in `$paramod$b5bfe1d4fce40940586b6e35fec61194ae5a8fde\cap_pdb_state_wide_bank'.
Removed a total of 89 cells.

5.12.13. Executing OPT_DFF pass (perform DFF optimizations).

5.12.14. Executing OPT_CLEAN pass (remove unused cells and wires).
Finding unused cells or wires in module \cap_pdb_parallel_compact_allocation_engine..
Finding unused cells or wires in module $paramod$cbc3189b30a0f0ae8c16e45df15b3f5a54303a8f\cap_pdb_masked_min32..
Finding unused cells or wires in module $paramod$b5bfe1d4fce40940586b6e35fec61194ae5a8fde\cap_pdb_state_wide_bank..
Removed 0 unused cells and 89 unused wires.
<suppressed ~1 debug messages>

5.12.15. Executing OPT_EXPR pass (perform const folding).
Optimizing module cap_pdb_parallel_compact_allocation_engine.
Optimizing module $paramod$cbc3189b30a0f0ae8c16e45df15b3f5a54303a8f\cap_pdb_masked_min32.
Optimizing module $paramod$b5bfe1d4fce40940586b6e35fec61194ae5a8fde\cap_pdb_state_wide_bank.

5.12.16. Rerunning OPT passes. (Maybe there is more to do..)

5.12.17. Executing OPT_MUXTREE pass (detect dead branches in mux trees).
Running muxtree optimizer on module \cap_pdb_parallel_compact_allocation_engine..
  Creating internal representation of mux trees.
  Evaluating internal representation of mux trees.
  Analyzing evaluation results.
Running muxtree optimizer on module $paramod$cbc3189b30a0f0ae8c16e45df15b3f5a54303a8f\cap_pdb_masked_min32..
  Creating internal representation of mux trees.
  Evaluating internal representation of mux trees.
  Analyzing evaluation results.
Running muxtree optimizer on module $paramod$b5bfe1d4fce40940586b6e35fec61194ae5a8fde\cap_pdb_state_wide_bank..
  Creating internal representation of mux trees.
  Evaluating internal representation of mux trees.
  Analyzing evaluation results.
Removed 0 multiplexer ports.
<suppressed ~409 debug messages>

5.12.18. Executing OPT_REDUCE pass (consolidate $*mux and $reduce_* inputs).
  Optimizing cells in module \cap_pdb_parallel_compact_allocation_engine.
  Optimizing cells in module $paramod$cbc3189b30a0f0ae8c16e45df15b3f5a54303a8f\cap_pdb_masked_min32.
  Optimizing cells in module $paramod$b5bfe1d4fce40940586b6e35fec61194ae5a8fde\cap_pdb_state_wide_bank.
Performed a total of 0 changes.

5.12.19. Executing OPT_MERGE pass (detect identical cells).
Finding identical cells in module `\cap_pdb_parallel_compact_allocation_engine'.
Computing hashes of 699 cells of `\cap_pdb_parallel_compact_allocation_engine'.
Finding duplicate cells in `\cap_pdb_parallel_compact_allocation_engine'.
Finding identical cells in module `$paramod$cbc3189b30a0f0ae8c16e45df15b3f5a54303a8f\cap_pdb_masked_min32'.
Computing hashes of 94 cells of `$paramod$cbc3189b30a0f0ae8c16e45df15b3f5a54303a8f\cap_pdb_masked_min32'.
Finding duplicate cells in `$paramod$cbc3189b30a0f0ae8c16e45df15b3f5a54303a8f\cap_pdb_masked_min32'.
Finding identical cells in module `$paramod$b5bfe1d4fce40940586b6e35fec61194ae5a8fde\cap_pdb_state_wide_bank'.
Computing hashes of 6 cells of `$paramod$b5bfe1d4fce40940586b6e35fec61194ae5a8fde\cap_pdb_state_wide_bank'.
Finding duplicate cells in `$paramod$b5bfe1d4fce40940586b6e35fec61194ae5a8fde\cap_pdb_state_wide_bank'.
Removed a total of 0 cells.

5.12.20. Executing OPT_DFF pass (perform DFF optimizations).

5.12.21. Executing OPT_CLEAN pass (remove unused cells and wires).
Finding unused cells or wires in module \cap_pdb_parallel_compact_allocation_engine..
Finding unused cells or wires in module $paramod$cbc3189b30a0f0ae8c16e45df15b3f5a54303a8f\cap_pdb_masked_min32..
Finding unused cells or wires in module $paramod$b5bfe1d4fce40940586b6e35fec61194ae5a8fde\cap_pdb_state_wide_bank..

5.12.22. Executing OPT_EXPR pass (perform const folding).
Optimizing module cap_pdb_parallel_compact_allocation_engine.
Optimizing module $paramod$cbc3189b30a0f0ae8c16e45df15b3f5a54303a8f\cap_pdb_masked_min32.
Optimizing module $paramod$b5bfe1d4fce40940586b6e35fec61194ae5a8fde\cap_pdb_state_wide_bank.

5.12.23. Finished fast OPT passes. (There is nothing left to do.)

5.13. Executing WREDUCE pass (reducing word size of cells).
Removed top 1 bits (of 2) from port B of cell cap_pdb_parallel_compact_allocation_engine.$auto$opt_dff.cc:235:make_patterns_logic$4144 ($ne).
Removed top 24 bits (of 32) from port A of cell cap_pdb_parallel_compact_allocation_engine.$add$cap_pdb_parallel_compact_engine.sv:166$1415 ($add).
Removed top 23 bits (of 32) from port Y of cell cap_pdb_parallel_compact_allocation_engine.$add$cap_pdb_parallel_compact_engine.sv:166$1415 ($add).
Removed top 31 bits (of 32) from port B of cell cap_pdb_parallel_compact_allocation_engine.$add$cap_pdb_parallel_compact_engine.sv:218$1418 ($add).
Removed top 31 bits (of 32) from port B of cell cap_pdb_parallel_compact_allocation_engine.$add$cap_pdb_parallel_compact_engine.sv:218$1424 ($add).
Removed top 31 bits (of 32) from port B of cell cap_pdb_parallel_compact_allocation_engine.$add$cap_pdb_parallel_compact_engine.sv:218$1430 ($add).
Removed top 31 bits (of 32) from port B of cell cap_pdb_parallel_compact_allocation_engine.$add$cap_pdb_parallel_compact_engine.sv:218$1436 ($add).
Removed top 31 bits (of 32) from port B of cell cap_pdb_parallel_compact_allocation_engine.$add$cap_pdb_parallel_compact_engine.sv:218$1442 ($add).
Removed top 31 bits (of 32) from port B of cell cap_pdb_parallel_compact_allocation_engine.$add$cap_pdb_parallel_compact_engine.sv:218$1448 ($add).
Removed top 31 bits (of 32) from port B of cell cap_pdb_parallel_compact_allocation_engine.$add$cap_pdb_parallel_compact_engine.sv:218$1454 ($add).
Removed top 31 bits (of 32) from port B of cell cap_pdb_parallel_compact_allocation_engine.$add$cap_pdb_parallel_compact_engine.sv:218$1460 ($add).
Removed top 31 bits (of 32) from port B of cell cap_pdb_parallel_compact_allocation_engine.$add$cap_pdb_parallel_compact_engine.sv:218$1466 ($add).
Removed top 31 bits (of 32) from port B of cell cap_pdb_parallel_compact_allocation_engine.$add$cap_pdb_parallel_compact_engine.sv:218$1472 ($add).
Removed top 31 bits (of 32) from port B of cell cap_pdb_parallel_compact_allocation_engine.$add$cap_pdb_parallel_compact_engine.sv:218$1478 ($add).
Removed top 31 bits (of 32) from port B of cell cap_pdb_parallel_compact_allocation_engine.$add$cap_pdb_parallel_compact_engine.sv:218$1484 ($add).
Removed top 31 bits (of 32) from port B of cell cap_pdb_parallel_compact_allocation_engine.$add$cap_pdb_parallel_compact_engine.sv:218$1490 ($add).
Removed top 31 bits (of 32) from port B of cell cap_pdb_parallel_compact_allocation_engine.$add$cap_pdb_parallel_compact_engine.sv:218$1496 ($add).
Removed top 31 bits (of 32) from port B of cell cap_pdb_parallel_compact_allocation_engine.$add$cap_pdb_parallel_compact_engine.sv:218$1502 ($add).
Removed top 31 bits (of 32) from port B of cell cap_pdb_parallel_compact_allocation_engine.$add$cap_pdb_parallel_compact_engine.sv:218$1508 ($add).
Removed top 31 bits (of 32) from port B of cell cap_pdb_parallel_compact_allocation_engine.$add$cap_pdb_parallel_compact_engine.sv:218$1514 ($add).
Removed top 31 bits (of 32) from port B of cell cap_pdb_parallel_compact_allocation_engine.$add$cap_pdb_parallel_compact_engine.sv:218$1520 ($add).
Removed top 31 bits (of 32) from port B of cell cap_pdb_parallel_compact_allocation_engine.$add$cap_pdb_parallel_compact_engine.sv:218$1526 ($add).
Removed top 31 bits (of 32) from port B of cell cap_pdb_parallel_compact_allocation_engine.$add$cap_pdb_parallel_compact_engine.sv:218$1532 ($add).
Removed top 31 bits (of 32) from port B of cell cap_pdb_parallel_compact_allocation_engine.$add$cap_pdb_parallel_compact_engine.sv:218$1538 ($add).
Removed top 31 bits (of 32) from port B of cell cap_pdb_parallel_compact_allocation_engine.$add$cap_pdb_parallel_compact_engine.sv:218$1544 ($add).
Removed top 31 bits (of 32) from port B of cell cap_pdb_parallel_compact_allocation_engine.$add$cap_pdb_parallel_compact_engine.sv:218$1550 ($add).
Removed top 31 bits (of 32) from port B of cell cap_pdb_parallel_compact_allocation_engine.$add$cap_pdb_parallel_compact_engine.sv:218$1556 ($add).
Removed top 31 bits (of 32) from port B of cell cap_pdb_parallel_compact_allocation_engine.$add$cap_pdb_parallel_compact_engine.sv:218$1562 ($add).
Removed top 31 bits (of 32) from port B of cell cap_pdb_parallel_compact_allocation_engine.$add$cap_pdb_parallel_compact_engine.sv:218$1568 ($add).
Removed top 31 bits (of 32) from port B of cell cap_pdb_parallel_compact_allocation_engine.$add$cap_pdb_parallel_compact_engine.sv:218$1574 ($add).
Removed top 31 bits (of 32) from port B of cell cap_pdb_parallel_compact_allocation_engine.$add$cap_pdb_parallel_compact_engine.sv:218$1580 ($add).
Removed top 31 bits (of 32) from port B of cell cap_pdb_parallel_compact_allocation_engine.$add$cap_pdb_parallel_compact_engine.sv:218$1586 ($add).
Removed top 31 bits (of 32) from port B of cell cap_pdb_parallel_compact_allocation_engine.$add$cap_pdb_parallel_compact_engine.sv:218$1592 ($add).
Removed top 31 bits (of 32) from port B of cell cap_pdb_parallel_compact_allocation_engine.$add$cap_pdb_parallel_compact_engine.sv:218$1598 ($add).
Removed top 31 bits (of 32) from port B of cell cap_pdb_parallel_compact_allocation_engine.$add$cap_pdb_parallel_compact_engine.sv:218$1604 ($add).
Removed top 31 bits (of 32) from port B of cell cap_pdb_parallel_compact_allocation_engine.$add$cap_pdb_parallel_compact_engine.sv:218$1610 ($add).
Removed top 31 bits (of 32) from port B of cell cap_pdb_parallel_compact_allocation_engine.$add$cap_pdb_parallel_compact_engine.sv:218$1616 ($add).
Removed top 31 bits (of 32) from port B of cell cap_pdb_parallel_compact_allocation_engine.$add$cap_pdb_parallel_compact_engine.sv:218$1622 ($add).
Removed top 31 bits (of 32) from port B of cell cap_pdb_parallel_compact_allocation_engine.$add$cap_pdb_parallel_compact_engine.sv:218$1628 ($add).
Removed top 31 bits (of 32) from port B of cell cap_pdb_parallel_compact_allocation_engine.$add$cap_pdb_parallel_compact_engine.sv:218$1634 ($add).
Removed top 31 bits (of 32) from port B of cell cap_pdb_parallel_compact_allocation_engine.$add$cap_pdb_parallel_compact_engine.sv:218$1640 ($add).
Removed top 31 bits (of 32) from port B of cell cap_pdb_parallel_compact_allocation_engine.$add$cap_pdb_parallel_compact_engine.sv:218$1646 ($add).
Removed top 31 bits (of 32) from port B of cell cap_pdb_parallel_compact_allocation_engine.$add$cap_pdb_parallel_compact_engine.sv:218$1652 ($add).
Removed top 31 bits (of 32) from port B of cell cap_pdb_parallel_compact_allocation_engine.$add$cap_pdb_parallel_compact_engine.sv:218$1658 ($add).
Removed top 31 bits (of 32) from port B of cell cap_pdb_parallel_compact_allocation_engine.$add$cap_pdb_parallel_compact_engine.sv:218$1664 ($add).
Removed top 31 bits (of 32) from port B of cell cap_pdb_parallel_compact_allocation_engine.$add$cap_pdb_parallel_compact_engine.sv:218$1670 ($add).
Removed top 31 bits (of 32) from port B of cell cap_pdb_parallel_compact_allocation_engine.$add$cap_pdb_parallel_compact_engine.sv:218$1676 ($add).
Removed top 31 bits (of 32) from port B of cell cap_pdb_parallel_compact_allocation_engine.$add$cap_pdb_parallel_compact_engine.sv:218$1682 ($add).
Removed top 31 bits (of 32) from port B of cell cap_pdb_parallel_compact_allocation_engine.$add$cap_pdb_parallel_compact_engine.sv:218$1688 ($add).
Removed top 31 bits (of 32) from port B of cell cap_pdb_parallel_compact_allocation_engine.$add$cap_pdb_parallel_compact_engine.sv:218$1694 ($add).
Removed top 31 bits (of 32) from port B of cell cap_pdb_parallel_compact_allocation_engine.$add$cap_pdb_parallel_compact_engine.sv:218$1700 ($add).
Removed top 31 bits (of 32) from port B of cell cap_pdb_parallel_compact_allocation_engine.$add$cap_pdb_parallel_compact_engine.sv:218$1706 ($add).
Removed top 31 bits (of 32) from port B of cell cap_pdb_parallel_compact_allocation_engine.$add$cap_pdb_parallel_compact_engine.sv:218$1712 ($add).
Removed top 31 bits (of 32) from port B of cell cap_pdb_parallel_compact_allocation_engine.$add$cap_pdb_parallel_compact_engine.sv:218$1718 ($add).
Removed top 31 bits (of 32) from port B of cell cap_pdb_parallel_compact_allocation_engine.$add$cap_pdb_parallel_compact_engine.sv:218$1724 ($add).
Removed top 8 bits (of 24) from port A of cell cap_pdb_parallel_compact_allocation_engine.$add$cap_pdb_parallel_compact_engine.sv:245$1735 ($add).
Removed top 7 bits (of 24) from port Y of cell cap_pdb_parallel_compact_allocation_engine.$add$cap_pdb_parallel_compact_engine.sv:245$1735 ($add).
Removed top 7 bits (of 24) from port A of cell cap_pdb_parallel_compact_allocation_engine.$add$cap_pdb_parallel_compact_engine.sv:245$1738 ($add).
Removed top 6 bits (of 24) from port Y of cell cap_pdb_parallel_compact_allocation_engine.$add$cap_pdb_parallel_compact_engine.sv:245$1738 ($add).
Removed top 6 bits (of 24) from port A of cell cap_pdb_parallel_compact_allocation_engine.$add$cap_pdb_parallel_compact_engine.sv:245$1741 ($add).
Removed top 5 bits (of 24) from port Y of cell cap_pdb_parallel_compact_allocation_engine.$add$cap_pdb_parallel_compact_engine.sv:245$1741 ($add).
Removed top 5 bits (of 24) from port A of cell cap_pdb_parallel_compact_allocation_engine.$add$cap_pdb_parallel_compact_engine.sv:245$1744 ($add).
Removed top 4 bits (of 24) from port Y of cell cap_pdb_parallel_compact_allocation_engine.$add$cap_pdb_parallel_compact_engine.sv:245$1744 ($add).
Removed top 4 bits (of 24) from port A of cell cap_pdb_parallel_compact_allocation_engine.$add$cap_pdb_parallel_compact_engine.sv:245$1747 ($add).
Removed top 3 bits (of 24) from port Y of cell cap_pdb_parallel_compact_allocation_engine.$add$cap_pdb_parallel_compact_engine.sv:245$1747 ($add).
Removed top 3 bits (of 24) from port A of cell cap_pdb_parallel_compact_allocation_engine.$add$cap_pdb_parallel_compact_engine.sv:245$1750 ($add).
Removed top 2 bits (of 24) from port Y of cell cap_pdb_parallel_compact_allocation_engine.$add$cap_pdb_parallel_compact_engine.sv:245$1750 ($add).
Removed top 2 bits (of 24) from port A of cell cap_pdb_parallel_compact_allocation_engine.$add$cap_pdb_parallel_compact_engine.sv:245$1753 ($add).
Removed top 1 bits (of 24) from port Y of cell cap_pdb_parallel_compact_allocation_engine.$add$cap_pdb_parallel_compact_engine.sv:245$1753 ($add).
Removed top 1 bits (of 24) from port A of cell cap_pdb_parallel_compact_allocation_engine.$add$cap_pdb_parallel_compact_engine.sv:245$1756 ($add).
Removed top 1 bits (of 32) from port A of cell cap_pdb_parallel_compact_allocation_engine.$or$cap_pdb_parallel_compact_engine.sv:144$1852 ($or).
Removed top 2 bits (of 32) from port A of cell cap_pdb_parallel_compact_allocation_engine.$or$cap_pdb_parallel_compact_engine.sv:148$1858 ($or).
Removed top 4 bits (of 32) from port A of cell cap_pdb_parallel_compact_allocation_engine.$or$cap_pdb_parallel_compact_engine.sv:152$1864 ($or).
Removed top 8 bits (of 32) from port A of cell cap_pdb_parallel_compact_allocation_engine.$or$cap_pdb_parallel_compact_engine.sv:156$1870 ($or).
Removed top 16 bits (of 32) from port A of cell cap_pdb_parallel_compact_allocation_engine.$or$cap_pdb_parallel_compact_engine.sv:160$1874 ($or).
Removed top 3 bits (of 4) from port B of cell cap_pdb_parallel_compact_allocation_engine.$eq$cap_pdb_parallel_compact_engine.sv:177$1876 ($eq).
Removed top 1 bits (of 32) from port A of cell cap_pdb_parallel_compact_allocation_engine.$or$cap_pdb_parallel_compact_engine.sv:144$1892 ($or).
Removed top 2 bits (of 32) from port A of cell cap_pdb_parallel_compact_allocation_engine.$or$cap_pdb_parallel_compact_engine.sv:148$1898 ($or).
Removed top 4 bits (of 32) from port A of cell cap_pdb_parallel_compact_allocation_engine.$or$cap_pdb_parallel_compact_engine.sv:152$1904 ($or).
Removed top 8 bits (of 32) from port A of cell cap_pdb_parallel_compact_allocation_engine.$or$cap_pdb_parallel_compact_engine.sv:156$1910 ($or).
Removed top 16 bits (of 32) from port A of cell cap_pdb_parallel_compact_allocation_engine.$or$cap_pdb_parallel_compact_engine.sv:160$1914 ($or).
Removed top 2 bits (of 4) from port B of cell cap_pdb_parallel_compact_allocation_engine.$eq$cap_pdb_parallel_compact_engine.sv:177$1916 ($eq).
Removed top 1 bits (of 32) from port A of cell cap_pdb_parallel_compact_allocation_engine.$or$cap_pdb_parallel_compact_engine.sv:144$1932 ($or).
Removed top 2 bits (of 32) from port A of cell cap_pdb_parallel_compact_allocation_engine.$or$cap_pdb_parallel_compact_engine.sv:148$1938 ($or).
Removed top 4 bits (of 32) from port A of cell cap_pdb_parallel_compact_allocation_engine.$or$cap_pdb_parallel_compact_engine.sv:152$1944 ($or).
Removed top 8 bits (of 32) from port A of cell cap_pdb_parallel_compact_allocation_engine.$or$cap_pdb_parallel_compact_engine.sv:156$1950 ($or).
Removed top 16 bits (of 32) from port A of cell cap_pdb_parallel_compact_allocation_engine.$or$cap_pdb_parallel_compact_engine.sv:160$1954 ($or).
Removed top 2 bits (of 4) from port B of cell cap_pdb_parallel_compact_allocation_engine.$eq$cap_pdb_parallel_compact_engine.sv:177$1956 ($eq).
Removed top 1 bits (of 32) from port A of cell cap_pdb_parallel_compact_allocation_engine.$or$cap_pdb_parallel_compact_engine.sv:144$1972 ($or).
Removed top 2 bits (of 32) from port A of cell cap_pdb_parallel_compact_allocation_engine.$or$cap_pdb_parallel_compact_engine.sv:148$1978 ($or).
Removed top 4 bits (of 32) from port A of cell cap_pdb_parallel_compact_allocation_engine.$or$cap_pdb_parallel_compact_engine.sv:152$1984 ($or).
Removed top 8 bits (of 32) from port A of cell cap_pdb_parallel_compact_allocation_engine.$or$cap_pdb_parallel_compact_engine.sv:156$1990 ($or).
Removed top 16 bits (of 32) from port A of cell cap_pdb_parallel_compact_allocation_engine.$or$cap_pdb_parallel_compact_engine.sv:160$1994 ($or).
Removed top 1 bits (of 4) from port B of cell cap_pdb_parallel_compact_allocation_engine.$eq$cap_pdb_parallel_compact_engine.sv:177$1996 ($eq).
Removed top 1 bits (of 32) from port A of cell cap_pdb_parallel_compact_allocation_engine.$or$cap_pdb_parallel_compact_engine.sv:144$2012 ($or).
Removed top 2 bits (of 32) from port A of cell cap_pdb_parallel_compact_allocation_engine.$or$cap_pdb_parallel_compact_engine.sv:148$2018 ($or).
Removed top 4 bits (of 32) from port A of cell cap_pdb_parallel_compact_allocation_engine.$or$cap_pdb_parallel_compact_engine.sv:152$2024 ($or).
Removed top 8 bits (of 32) from port A of cell cap_pdb_parallel_compact_allocation_engine.$or$cap_pdb_parallel_compact_engine.sv:156$2030 ($or).
Removed top 16 bits (of 32) from port A of cell cap_pdb_parallel_compact_allocation_engine.$or$cap_pdb_parallel_compact_engine.sv:160$2034 ($or).
Removed top 1 bits (of 4) from port B of cell cap_pdb_parallel_compact_allocation_engine.$eq$cap_pdb_parallel_compact_engine.sv:177$2036 ($eq).
Removed top 1 bits (of 32) from port A of cell cap_pdb_parallel_compact_allocation_engine.$or$cap_pdb_parallel_compact_engine.sv:144$2052 ($or).
Removed top 2 bits (of 32) from port A of cell cap_pdb_parallel_compact_allocation_engine.$or$cap_pdb_parallel_compact_engine.sv:148$2058 ($or).
Removed top 4 bits (of 32) from port A of cell cap_pdb_parallel_compact_allocation_engine.$or$cap_pdb_parallel_compact_engine.sv:152$2064 ($or).
Removed top 8 bits (of 32) from port A of cell cap_pdb_parallel_compact_allocation_engine.$or$cap_pdb_parallel_compact_engine.sv:156$2070 ($or).
Removed top 16 bits (of 32) from port A of cell cap_pdb_parallel_compact_allocation_engine.$or$cap_pdb_parallel_compact_engine.sv:160$2074 ($or).
Removed top 1 bits (of 4) from port B of cell cap_pdb_parallel_compact_allocation_engine.$eq$cap_pdb_parallel_compact_engine.sv:177$2076 ($eq).
Removed top 1 bits (of 32) from port A of cell cap_pdb_parallel_compact_allocation_engine.$or$cap_pdb_parallel_compact_engine.sv:144$2092 ($or).
Removed top 2 bits (of 32) from port A of cell cap_pdb_parallel_compact_allocation_engine.$or$cap_pdb_parallel_compact_engine.sv:148$2098 ($or).
Removed top 4 bits (of 32) from port A of cell cap_pdb_parallel_compact_allocation_engine.$or$cap_pdb_parallel_compact_engine.sv:152$2104 ($or).
Removed top 8 bits (of 32) from port A of cell cap_pdb_parallel_compact_allocation_engine.$or$cap_pdb_parallel_compact_engine.sv:156$2110 ($or).
Removed top 16 bits (of 32) from port A of cell cap_pdb_parallel_compact_allocation_engine.$or$cap_pdb_parallel_compact_engine.sv:160$2114 ($or).
Removed top 1 bits (of 4) from port B of cell cap_pdb_parallel_compact_allocation_engine.$eq$cap_pdb_parallel_compact_engine.sv:177$2116 ($eq).
Removed top 1 bits (of 32) from port A of cell cap_pdb_parallel_compact_allocation_engine.$or$cap_pdb_parallel_compact_engine.sv:144$2132 ($or).
Removed top 2 bits (of 32) from port A of cell cap_pdb_parallel_compact_allocation_engine.$or$cap_pdb_parallel_compact_engine.sv:148$2138 ($or).
Removed top 4 bits (of 32) from port A of cell cap_pdb_parallel_compact_allocation_engine.$or$cap_pdb_parallel_compact_engine.sv:152$2144 ($or).
Removed top 8 bits (of 32) from port A of cell cap_pdb_parallel_compact_allocation_engine.$or$cap_pdb_parallel_compact_engine.sv:156$2150 ($or).
Removed top 16 bits (of 32) from port A of cell cap_pdb_parallel_compact_allocation_engine.$or$cap_pdb_parallel_compact_engine.sv:160$2154 ($or).
Removed top 1 bits (of 32) from port A of cell cap_pdb_parallel_compact_allocation_engine.$or$cap_pdb_parallel_compact_engine.sv:144$2172 ($or).
Removed top 2 bits (of 32) from port A of cell cap_pdb_parallel_compact_allocation_engine.$or$cap_pdb_parallel_compact_engine.sv:148$2178 ($or).
Removed top 4 bits (of 32) from port A of cell cap_pdb_parallel_compact_allocation_engine.$or$cap_pdb_parallel_compact_engine.sv:152$2184 ($or).
Removed top 8 bits (of 32) from port A of cell cap_pdb_parallel_compact_allocation_engine.$or$cap_pdb_parallel_compact_engine.sv:156$2190 ($or).
Removed top 16 bits (of 32) from port A of cell cap_pdb_parallel_compact_allocation_engine.$or$cap_pdb_parallel_compact_engine.sv:160$2194 ($or).
Removed top 1 bits (of 32) from port A of cell cap_pdb_parallel_compact_allocation_engine.$or$cap_pdb_parallel_compact_engine.sv:144$2212 ($or).
Removed top 2 bits (of 32) from port A of cell cap_pdb_parallel_compact_allocation_engine.$or$cap_pdb_parallel_compact_engine.sv:148$2218 ($or).
Removed top 4 bits (of 32) from port A of cell cap_pdb_parallel_compact_allocation_engine.$or$cap_pdb_parallel_compact_engine.sv:152$2224 ($or).
Removed top 8 bits (of 32) from port A of cell cap_pdb_parallel_compact_allocation_engine.$or$cap_pdb_parallel_compact_engine.sv:156$2230 ($or).
Removed top 16 bits (of 32) from port A of cell cap_pdb_parallel_compact_allocation_engine.$or$cap_pdb_parallel_compact_engine.sv:160$2234 ($or).
Removed top 1 bits (of 32) from port A of cell cap_pdb_parallel_compact_allocation_engine.$or$cap_pdb_parallel_compact_engine.sv:144$2252 ($or).
Removed top 2 bits (of 32) from port A of cell cap_pdb_parallel_compact_allocation_engine.$or$cap_pdb_parallel_compact_engine.sv:148$2258 ($or).
Removed top 4 bits (of 32) from port A of cell cap_pdb_parallel_compact_allocation_engine.$or$cap_pdb_parallel_compact_engine.sv:152$2264 ($or).
Removed top 8 bits (of 32) from port A of cell cap_pdb_parallel_compact_allocation_engine.$or$cap_pdb_parallel_compact_engine.sv:156$2270 ($or).
Removed top 16 bits (of 32) from port A of cell cap_pdb_parallel_compact_allocation_engine.$or$cap_pdb_parallel_compact_engine.sv:160$2274 ($or).
Removed top 1 bits (of 32) from port A of cell cap_pdb_parallel_compact_allocation_engine.$or$cap_pdb_parallel_compact_engine.sv:144$2292 ($or).
Removed top 2 bits (of 32) from port A of cell cap_pdb_parallel_compact_allocation_engine.$or$cap_pdb_parallel_compact_engine.sv:148$2298 ($or).
Removed top 4 bits (of 32) from port A of cell cap_pdb_parallel_compact_allocation_engine.$or$cap_pdb_parallel_compact_engine.sv:152$2304 ($or).
Removed top 8 bits (of 32) from port A of cell cap_pdb_parallel_compact_allocation_engine.$or$cap_pdb_parallel_compact_engine.sv:156$2310 ($or).
Removed top 16 bits (of 32) from port A of cell cap_pdb_parallel_compact_allocation_engine.$or$cap_pdb_parallel_compact_engine.sv:160$2314 ($or).
Removed top 1 bits (of 32) from port A of cell cap_pdb_parallel_compact_allocation_engine.$or$cap_pdb_parallel_compact_engine.sv:144$2332 ($or).
Removed top 2 bits (of 32) from port A of cell cap_pdb_parallel_compact_allocation_engine.$or$cap_pdb_parallel_compact_engine.sv:148$2338 ($or).
Removed top 4 bits (of 32) from port A of cell cap_pdb_parallel_compact_allocation_engine.$or$cap_pdb_parallel_compact_engine.sv:152$2344 ($or).
Removed top 8 bits (of 32) from port A of cell cap_pdb_parallel_compact_allocation_engine.$or$cap_pdb_parallel_compact_engine.sv:156$2350 ($or).
Removed top 16 bits (of 32) from port A of cell cap_pdb_parallel_compact_allocation_engine.$or$cap_pdb_parallel_compact_engine.sv:160$2354 ($or).
Removed top 7 bits (of 24) from wire cap_pdb_parallel_compact_allocation_engine.$add$cap_pdb_parallel_compact_engine.sv:245$1735_Y.
Removed top 6 bits (of 24) from wire cap_pdb_parallel_compact_allocation_engine.$add$cap_pdb_parallel_compact_engine.sv:245$1738_Y.
Removed top 5 bits (of 24) from wire cap_pdb_parallel_compact_allocation_engine.$add$cap_pdb_parallel_compact_engine.sv:245$1741_Y.
Removed top 4 bits (of 24) from wire cap_pdb_parallel_compact_allocation_engine.$add$cap_pdb_parallel_compact_engine.sv:245$1744_Y.
Removed top 3 bits (of 24) from wire cap_pdb_parallel_compact_allocation_engine.$add$cap_pdb_parallel_compact_engine.sv:245$1747_Y.
Removed top 2 bits (of 24) from wire cap_pdb_parallel_compact_allocation_engine.$add$cap_pdb_parallel_compact_engine.sv:245$1750_Y.
Removed top 1 bits (of 24) from wire cap_pdb_parallel_compact_allocation_engine.$add$cap_pdb_parallel_compact_engine.sv:245$1753_Y.

5.14. Executing PEEPOPT pass (run peephole optimizers).

5.15. Executing OPT_CLEAN pass (remove unused cells and wires).
Finding unused cells or wires in module \cap_pdb_parallel_compact_allocation_engine..
Finding unused cells or wires in module $paramod$cbc3189b30a0f0ae8c16e45df15b3f5a54303a8f\cap_pdb_masked_min32..
Finding unused cells or wires in module $paramod$b5bfe1d4fce40940586b6e35fec61194ae5a8fde\cap_pdb_state_wide_bank..
Removed 0 unused cells and 8 unused wires.
<suppressed ~1 debug messages>

5.16. Executing PMUX2SHIFTX pass.

5.17. Executing SORT pass.

5.18. Executing MEMORY_DFF pass (merging $dff cells to $memrd).
Checking read port `\memory'[0] in module `$paramod$b5bfe1d4fce40940586b6e35fec61194ae5a8fde\cap_pdb_state_wide_bank': merging output FF to cell.
    Write port 0: non-transparent.

5.19. Executing TECHMAP pass (map to technology primitives).

5.19.1. Executing Verilog-2005 frontend: /share/mul2dsp.v
Parsing Verilog input from `/share/mul2dsp.v' to AST representation.
Generating RTLIL representation for module `\_80_mul'.
Generating RTLIL representation for module `\_90_soft_mul'.
Successfully finished Verilog frontend.

5.19.2. Executing Verilog-2005 frontend: /share/xilinx/xc7_dsp_map.v
Parsing Verilog input from `/share/xilinx/xc7_dsp_map.v' to AST representation.
Generating RTLIL representation for module `$__MUL25X18'.
Successfully finished Verilog frontend.

5.19.3. Continuing TECHMAP pass.
No more expansions possible.
<suppressed ~5 debug messages>

5.20. Executing OPT_EXPR pass (perform const folding).

5.21. Executing WREDUCE pass (reducing word size of cells).

5.22. Executing XILINX_DSP pass (pack resources into DSPs).

5.23. Executing TECHMAP pass (map to technology primitives).

5.23.1. Executing Verilog-2005 frontend: /share/cmp2lut.v
Parsing Verilog input from `/share/cmp2lut.v' to AST representation.
Generating RTLIL representation for module `\_90_lut_cmp_'.
Successfully finished Verilog frontend.

5.23.2. Executing Verilog-2005 frontend: /share/cmp2lcu.v
Parsing Verilog input from `/share/cmp2lcu.v' to AST representation.
Generating RTLIL representation for module `\_80_lcu_cmp_'.
Generating RTLIL representation for module `$__CMP2LCU'.
Successfully finished Verilog frontend.

5.23.3. Continuing TECHMAP pass.
Using template $paramod$259894106d2ad198d0d04618b21dd2497b1cfb96\_80_lcu_cmp_ for cells of type $lt.
Using template $paramod$7471c16ccde3ba74bc45d1b0191ea15669d59841\_80_lcu_cmp_ for cells of type $gt.
Using template $paramod$7ba114902243d21bd55ce01b611b70b410e2e654$__CMP2LCU for cells of type $__CMP2LCU.
Using template $paramod$31b1a571242f9f4829f81336a5502c11fcf7a47e$__CMP2LCU for cells of type $__CMP2LCU.
Using template $paramod$7122c373bb4ab1d7b945a769762d7fa3026e99fd$__CMP2LCU for cells of type $__CMP2LCU.
Using template $paramod$68e7ca95ca1d435d5aa6b2e401153157bceeb4a1$__CMP2LCU for cells of type $__CMP2LCU.
Using template $paramod$1ce9fe9e230307a292c219ac14dd22cc37330d2f$__CMP2LCU for cells of type $__CMP2LCU.
Using template $paramod$0de3d8274f0197fb77c79bd31785e7ea6542f21b$__CMP2LCU for cells of type $__CMP2LCU.
Using template $paramod$84911796413521a630725231ea17edc1fc0dcf02$__CMP2LCU for cells of type $__CMP2LCU.
Using template $paramod$5eb4a0dbaf2222b6ef39dcca85e4741982855102$__CMP2LCU for cells of type $__CMP2LCU.
Using template $paramod$7c1994b5db40c652af589ec588d8f67a62bd9380$__CMP2LCU for cells of type $__CMP2LCU.
Using template $paramod$a60672850351e0dbeb479fc7362697b4565fb452$__CMP2LCU for cells of type $__CMP2LCU.
Using template $paramod$9c853ba77d3a615418bb2553d15b3c214f8d2525$__CMP2LCU for cells of type $__CMP2LCU.
Using template $paramod$cec77f66a4d8897a287b98157b2c8a8e9c5f9dd0$__CMP2LCU for cells of type $__CMP2LCU.
Using template $paramod$8157e526e0cb4739ae7b3fdd730271b7acde68f0$__CMP2LCU for cells of type $__CMP2LCU.
Using template $paramod$58cbbacf63264ad79714b909f7dcafd3ccbc957c$__CMP2LCU for cells of type $__CMP2LCU.
Using template $paramod$3163fe788e80b2c48455a5eff67ff379a8db8576$__CMP2LCU for cells of type $__CMP2LCU.
Using template $paramod$eb3e785e88f4d5608f1252b704619f0d061620e9$__CMP2LCU for cells of type $__CMP2LCU.
Using template $paramod$f91eb00affa8600780b6c3973d8a69ce06d163df$__CMP2LCU for cells of type $__CMP2LCU.
Using template $paramod$c3f23b5bb0a3ce78bf2fdfe159e34ea69a3cb907$__CMP2LCU for cells of type $__CMP2LCU.
Using template $paramod$5b6ae47d72852e5de4f8381bc51b0a64939f86a0$__CMP2LCU for cells of type $__CMP2LCU.
Using template $paramod$8260b90de545e2d4ced5fd3634cc52b27f0c4454$__CMP2LCU for cells of type $__CMP2LCU.
Using template $paramod$62fadfd2b95ee4a1ee0b935e9b4ba08c94989766$__CMP2LCU for cells of type $__CMP2LCU.
Using template $paramod$958978196da32f112a582668a1d7787b67706636$__CMP2LCU for cells of type $__CMP2LCU.
No more expansions possible.
<suppressed ~1655 debug messages>

5.24. Executing ALUMACC pass (create $alu and $macc cells).
Extracting $alu and $macc cells in module $paramod$b5bfe1d4fce40940586b6e35fec61194ae5a8fde\cap_pdb_state_wide_bank:
  created 0 $alu and 0 $macc cells.
Extracting $alu and $macc cells in module $paramod$cbc3189b30a0f0ae8c16e45df15b3f5a54303a8f\cap_pdb_masked_min32:
  created 0 $alu and 0 $macc cells.
Extracting $alu and $macc cells in module cap_pdb_parallel_compact_allocation_engine:
  creating $macc model for $add$cap_pdb_parallel_compact_engine.sv:218$1418 ($add).
  creating $macc model for $add$cap_pdb_parallel_compact_engine.sv:218$1424 ($add).
  creating $macc model for $add$cap_pdb_parallel_compact_engine.sv:218$1430 ($add).
  creating $macc model for $add$cap_pdb_parallel_compact_engine.sv:218$1436 ($add).
  creating $macc model for $add$cap_pdb_parallel_compact_engine.sv:218$1442 ($add).
  creating $macc model for $add$cap_pdb_parallel_compact_engine.sv:218$1448 ($add).
  creating $macc model for $add$cap_pdb_parallel_compact_engine.sv:218$1454 ($add).
  creating $macc model for $add$cap_pdb_parallel_compact_engine.sv:218$1460 ($add).
  creating $macc model for $add$cap_pdb_parallel_compact_engine.sv:218$1466 ($add).
  creating $macc model for $add$cap_pdb_parallel_compact_engine.sv:218$1472 ($add).
  creating $macc model for $add$cap_pdb_parallel_compact_engine.sv:218$1478 ($add).
  creating $macc model for $add$cap_pdb_parallel_compact_engine.sv:218$1484 ($add).
  creating $macc model for $add$cap_pdb_parallel_compact_engine.sv:218$1490 ($add).
  creating $macc model for $add$cap_pdb_parallel_compact_engine.sv:218$1496 ($add).
  creating $macc model for $add$cap_pdb_parallel_compact_engine.sv:218$1502 ($add).
  creating $macc model for $add$cap_pdb_parallel_compact_engine.sv:218$1508 ($add).
  creating $macc model for $add$cap_pdb_parallel_compact_engine.sv:218$1514 ($add).
  creating $macc model for $add$cap_pdb_parallel_compact_engine.sv:218$1520 ($add).
  creating $macc model for $add$cap_pdb_parallel_compact_engine.sv:218$1526 ($add).
  creating $macc model for $add$cap_pdb_parallel_compact_engine.sv:218$1532 ($add).
  creating $macc model for $add$cap_pdb_parallel_compact_engine.sv:218$1538 ($add).
  creating $macc model for $add$cap_pdb_parallel_compact_engine.sv:218$1544 ($add).
  creating $macc model for $add$cap_pdb_parallel_compact_engine.sv:218$1550 ($add).
  creating $macc model for $add$cap_pdb_parallel_compact_engine.sv:218$1556 ($add).
  creating $macc model for $add$cap_pdb_parallel_compact_engine.sv:218$1562 ($add).
  creating $macc model for $add$cap_pdb_parallel_compact_engine.sv:218$1568 ($add).
  creating $macc model for $add$cap_pdb_parallel_compact_engine.sv:218$1574 ($add).
  creating $macc model for $add$cap_pdb_parallel_compact_engine.sv:218$1580 ($add).
  creating $macc model for $add$cap_pdb_parallel_compact_engine.sv:218$1586 ($add).
  creating $macc model for $add$cap_pdb_parallel_compact_engine.sv:218$1592 ($add).
  creating $macc model for $add$cap_pdb_parallel_compact_engine.sv:218$1598 ($add).
  creating $macc model for $add$cap_pdb_parallel_compact_engine.sv:218$1604 ($add).
  creating $macc model for $add$cap_pdb_parallel_compact_engine.sv:218$1610 ($add).
  creating $macc model for $add$cap_pdb_parallel_compact_engine.sv:218$1616 ($add).
  creating $macc model for $add$cap_pdb_parallel_compact_engine.sv:218$1622 ($add).
  creating $macc model for $add$cap_pdb_parallel_compact_engine.sv:218$1628 ($add).
  creating $macc model for $add$cap_pdb_parallel_compact_engine.sv:218$1634 ($add).
  creating $macc model for $add$cap_pdb_parallel_compact_engine.sv:218$1640 ($add).
  creating $macc model for $add$cap_pdb_parallel_compact_engine.sv:218$1646 ($add).
  creating $macc model for $add$cap_pdb_parallel_compact_engine.sv:218$1652 ($add).
  creating $macc model for $add$cap_pdb_parallel_compact_engine.sv:218$1658 ($add).
  creating $macc model for $add$cap_pdb_parallel_compact_engine.sv:218$1664 ($add).
  creating $macc model for $add$cap_pdb_parallel_compact_engine.sv:218$1670 ($add).
  creating $macc model for $add$cap_pdb_parallel_compact_engine.sv:218$1676 ($add).
  creating $macc model for $add$cap_pdb_parallel_compact_engine.sv:218$1682 ($add).
  creating $macc model for $add$cap_pdb_parallel_compact_engine.sv:218$1688 ($add).
  creating $macc model for $add$cap_pdb_parallel_compact_engine.sv:218$1694 ($add).
  creating $macc model for $add$cap_pdb_parallel_compact_engine.sv:218$1700 ($add).
  creating $macc model for $add$cap_pdb_parallel_compact_engine.sv:218$1706 ($add).
  creating $macc model for $add$cap_pdb_parallel_compact_engine.sv:218$1712 ($add).
  creating $macc model for $add$cap_pdb_parallel_compact_engine.sv:218$1718 ($add).
  creating $macc model for $add$cap_pdb_parallel_compact_engine.sv:218$1724 ($add).
  creating $macc model for $add$cap_pdb_parallel_compact_engine.sv:245$1735 ($add).
  creating $macc model for $add$cap_pdb_parallel_compact_engine.sv:245$1738 ($add).
  creating $macc model for $add$cap_pdb_parallel_compact_engine.sv:245$1741 ($add).
  creating $macc model for $add$cap_pdb_parallel_compact_engine.sv:245$1744 ($add).
  creating $macc model for $add$cap_pdb_parallel_compact_engine.sv:245$1747 ($add).
  creating $macc model for $add$cap_pdb_parallel_compact_engine.sv:245$1750 ($add).
  creating $macc model for $add$cap_pdb_parallel_compact_engine.sv:245$1753 ($add).
  creating $macc model for $add$cap_pdb_parallel_compact_engine.sv:245$1756 ($add).
  creating $macc model for $add$cap_pdb_parallel_compact_engine.sv:245$1759 ($add).
  creating $macc model for $add$cap_pdb_parallel_compact_engine.sv:245$1762 ($add).
  creating $macc model for $add$cap_pdb_parallel_compact_engine.sv:245$1765 ($add).
  creating $macc model for $add$cap_pdb_parallel_compact_engine.sv:245$1768 ($add).
  creating $macc model for $add$cap_pdb_parallel_compact_engine.sv:264$1770 ($add).
  creating $macc model for $add$cap_pdb_parallel_compact_engine.sv:166$1415 ($add).
  merging $macc model for $add$cap_pdb_parallel_compact_engine.sv:245$1765 into $add$cap_pdb_parallel_compact_engine.sv:245$1768.
  merging $macc model for $add$cap_pdb_parallel_compact_engine.sv:245$1762 into $add$cap_pdb_parallel_compact_engine.sv:245$1768.
  merging $macc model for $add$cap_pdb_parallel_compact_engine.sv:245$1759 into $add$cap_pdb_parallel_compact_engine.sv:245$1768.
  merging $macc model for $add$cap_pdb_parallel_compact_engine.sv:245$1756 into $add$cap_pdb_parallel_compact_engine.sv:245$1768.
  merging $macc model for $add$cap_pdb_parallel_compact_engine.sv:245$1753 into $add$cap_pdb_parallel_compact_engine.sv:245$1768.
  merging $macc model for $add$cap_pdb_parallel_compact_engine.sv:245$1750 into $add$cap_pdb_parallel_compact_engine.sv:245$1768.
  merging $macc model for $add$cap_pdb_parallel_compact_engine.sv:245$1747 into $add$cap_pdb_parallel_compact_engine.sv:245$1768.
  merging $macc model for $add$cap_pdb_parallel_compact_engine.sv:245$1744 into $add$cap_pdb_parallel_compact_engine.sv:245$1768.
  merging $macc model for $add$cap_pdb_parallel_compact_engine.sv:245$1741 into $add$cap_pdb_parallel_compact_engine.sv:245$1768.
  merging $macc model for $add$cap_pdb_parallel_compact_engine.sv:245$1738 into $add$cap_pdb_parallel_compact_engine.sv:245$1768.
  merging $macc model for $add$cap_pdb_parallel_compact_engine.sv:245$1735 into $add$cap_pdb_parallel_compact_engine.sv:245$1768.
  creating $alu model for $macc $add$cap_pdb_parallel_compact_engine.sv:264$1770.
  creating $alu model for $macc $add$cap_pdb_parallel_compact_engine.sv:166$1415.
  creating $alu model for $macc $add$cap_pdb_parallel_compact_engine.sv:218$1724.
  creating $alu model for $macc $add$cap_pdb_parallel_compact_engine.sv:218$1718.
  creating $alu model for $macc $add$cap_pdb_parallel_compact_engine.sv:218$1712.
  creating $alu model for $macc $add$cap_pdb_parallel_compact_engine.sv:218$1706.
  creating $alu model for $macc $add$cap_pdb_parallel_compact_engine.sv:218$1700.
  creating $alu model for $macc $add$cap_pdb_parallel_compact_engine.sv:218$1694.
  creating $alu model for $macc $add$cap_pdb_parallel_compact_engine.sv:218$1688.
  creating $alu model for $macc $add$cap_pdb_parallel_compact_engine.sv:218$1682.
  creating $alu model for $macc $add$cap_pdb_parallel_compact_engine.sv:218$1676.
  creating $alu model for $macc $add$cap_pdb_parallel_compact_engine.sv:218$1670.
  creating $alu model for $macc $add$cap_pdb_parallel_compact_engine.sv:218$1664.
  creating $alu model for $macc $add$cap_pdb_parallel_compact_engine.sv:218$1658.
  creating $alu model for $macc $add$cap_pdb_parallel_compact_engine.sv:218$1652.
  creating $alu model for $macc $add$cap_pdb_parallel_compact_engine.sv:218$1646.
  creating $alu model for $macc $add$cap_pdb_parallel_compact_engine.sv:218$1640.
  creating $alu model for $macc $add$cap_pdb_parallel_compact_engine.sv:218$1634.
  creating $alu model for $macc $add$cap_pdb_parallel_compact_engine.sv:218$1628.
  creating $alu model for $macc $add$cap_pdb_parallel_compact_engine.sv:218$1622.
  creating $alu model for $macc $add$cap_pdb_parallel_compact_engine.sv:218$1616.
  creating $alu model for $macc $add$cap_pdb_parallel_compact_engine.sv:218$1610.
  creating $alu model for $macc $add$cap_pdb_parallel_compact_engine.sv:218$1604.
  creating $alu model for $macc $add$cap_pdb_parallel_compact_engine.sv:218$1598.
  creating $alu model for $macc $add$cap_pdb_parallel_compact_engine.sv:218$1592.
  creating $alu model for $macc $add$cap_pdb_parallel_compact_engine.sv:218$1586.
  creating $alu model for $macc $add$cap_pdb_parallel_compact_engine.sv:218$1580.
  creating $alu model for $macc $add$cap_pdb_parallel_compact_engine.sv:218$1574.
  creating $alu model for $macc $add$cap_pdb_parallel_compact_engine.sv:218$1568.
  creating $alu model for $macc $add$cap_pdb_parallel_compact_engine.sv:218$1562.
  creating $alu model for $macc $add$cap_pdb_parallel_compact_engine.sv:218$1556.
  creating $alu model for $macc $add$cap_pdb_parallel_compact_engine.sv:218$1550.
  creating $alu model for $macc $add$cap_pdb_parallel_compact_engine.sv:218$1544.
  creating $alu model for $macc $add$cap_pdb_parallel_compact_engine.sv:218$1538.
  creating $alu model for $macc $add$cap_pdb_parallel_compact_engine.sv:218$1532.
  creating $alu model for $macc $add$cap_pdb_parallel_compact_engine.sv:218$1526.
  creating $alu model for $macc $add$cap_pdb_parallel_compact_engine.sv:218$1520.
  creating $alu model for $macc $add$cap_pdb_parallel_compact_engine.sv:218$1514.
  creating $alu model for $macc $add$cap_pdb_parallel_compact_engine.sv:218$1508.
  creating $alu model for $macc $add$cap_pdb_parallel_compact_engine.sv:218$1502.
  creating $alu model for $macc $add$cap_pdb_parallel_compact_engine.sv:218$1496.
  creating $alu model for $macc $add$cap_pdb_parallel_compact_engine.sv:218$1490.
  creating $alu model for $macc $add$cap_pdb_parallel_compact_engine.sv:218$1484.
  creating $alu model for $macc $add$cap_pdb_parallel_compact_engine.sv:218$1478.
  creating $alu model for $macc $add$cap_pdb_parallel_compact_engine.sv:218$1472.
  creating $alu model for $macc $add$cap_pdb_parallel_compact_engine.sv:218$1466.
  creating $alu model for $macc $add$cap_pdb_parallel_compact_engine.sv:218$1460.
  creating $alu model for $macc $add$cap_pdb_parallel_compact_engine.sv:218$1454.
  creating $alu model for $macc $add$cap_pdb_parallel_compact_engine.sv:218$1448.
  creating $alu model for $macc $add$cap_pdb_parallel_compact_engine.sv:218$1442.
  creating $alu model for $macc $add$cap_pdb_parallel_compact_engine.sv:218$1436.
  creating $alu model for $macc $add$cap_pdb_parallel_compact_engine.sv:218$1430.
  creating $alu model for $macc $add$cap_pdb_parallel_compact_engine.sv:218$1424.
  creating $alu model for $macc $add$cap_pdb_parallel_compact_engine.sv:218$1418.
  creating $macc cell for $add$cap_pdb_parallel_compact_engine.sv:245$1768: $auto$alumacc.cc:382:replace_macc$6019
  creating $alu cell for $add$cap_pdb_parallel_compact_engine.sv:218$1418: $auto$alumacc.cc:512:replace_alu$6020
  creating $alu cell for $add$cap_pdb_parallel_compact_engine.sv:218$1424: $auto$alumacc.cc:512:replace_alu$6023
  creating $alu cell for $add$cap_pdb_parallel_compact_engine.sv:218$1430: $auto$alumacc.cc:512:replace_alu$6026
  creating $alu cell for $add$cap_pdb_parallel_compact_engine.sv:218$1436: $auto$alumacc.cc:512:replace_alu$6029
  creating $alu cell for $add$cap_pdb_parallel_compact_engine.sv:218$1442: $auto$alumacc.cc:512:replace_alu$6032
  creating $alu cell for $add$cap_pdb_parallel_compact_engine.sv:218$1448: $auto$alumacc.cc:512:replace_alu$6035
  creating $alu cell for $add$cap_pdb_parallel_compact_engine.sv:218$1454: $auto$alumacc.cc:512:replace_alu$6038
  creating $alu cell for $add$cap_pdb_parallel_compact_engine.sv:218$1460: $auto$alumacc.cc:512:replace_alu$6041
  creating $alu cell for $add$cap_pdb_parallel_compact_engine.sv:218$1466: $auto$alumacc.cc:512:replace_alu$6044
  creating $alu cell for $add$cap_pdb_parallel_compact_engine.sv:218$1472: $auto$alumacc.cc:512:replace_alu$6047
  creating $alu cell for $add$cap_pdb_parallel_compact_engine.sv:218$1478: $auto$alumacc.cc:512:replace_alu$6050
  creating $alu cell for $add$cap_pdb_parallel_compact_engine.sv:218$1484: $auto$alumacc.cc:512:replace_alu$6053
  creating $alu cell for $add$cap_pdb_parallel_compact_engine.sv:218$1490: $auto$alumacc.cc:512:replace_alu$6056
  creating $alu cell for $add$cap_pdb_parallel_compact_engine.sv:218$1496: $auto$alumacc.cc:512:replace_alu$6059
  creating $alu cell for $add$cap_pdb_parallel_compact_engine.sv:218$1502: $auto$alumacc.cc:512:replace_alu$6062
  creating $alu cell for $add$cap_pdb_parallel_compact_engine.sv:218$1508: $auto$alumacc.cc:512:replace_alu$6065
  creating $alu cell for $add$cap_pdb_parallel_compact_engine.sv:218$1514: $auto$alumacc.cc:512:replace_alu$6068
  creating $alu cell for $add$cap_pdb_parallel_compact_engine.sv:218$1520: $auto$alumacc.cc:512:replace_alu$6071
  creating $alu cell for $add$cap_pdb_parallel_compact_engine.sv:218$1526: $auto$alumacc.cc:512:replace_alu$6074
  creating $alu cell for $add$cap_pdb_parallel_compact_engine.sv:218$1532: $auto$alumacc.cc:512:replace_alu$6077
  creating $alu cell for $add$cap_pdb_parallel_compact_engine.sv:218$1538: $auto$alumacc.cc:512:replace_alu$6080
  creating $alu cell for $add$cap_pdb_parallel_compact_engine.sv:218$1544: $auto$alumacc.cc:512:replace_alu$6083
  creating $alu cell for $add$cap_pdb_parallel_compact_engine.sv:218$1550: $auto$alumacc.cc:512:replace_alu$6086
  creating $alu cell for $add$cap_pdb_parallel_compact_engine.sv:218$1556: $auto$alumacc.cc:512:replace_alu$6089
  creating $alu cell for $add$cap_pdb_parallel_compact_engine.sv:218$1562: $auto$alumacc.cc:512:replace_alu$6092
  creating $alu cell for $add$cap_pdb_parallel_compact_engine.sv:218$1568: $auto$alumacc.cc:512:replace_alu$6095
  creating $alu cell for $add$cap_pdb_parallel_compact_engine.sv:218$1574: $auto$alumacc.cc:512:replace_alu$6098
  creating $alu cell for $add$cap_pdb_parallel_compact_engine.sv:218$1580: $auto$alumacc.cc:512:replace_alu$6101
  creating $alu cell for $add$cap_pdb_parallel_compact_engine.sv:218$1586: $auto$alumacc.cc:512:replace_alu$6104
  creating $alu cell for $add$cap_pdb_parallel_compact_engine.sv:218$1592: $auto$alumacc.cc:512:replace_alu$6107
  creating $alu cell for $add$cap_pdb_parallel_compact_engine.sv:218$1598: $auto$alumacc.cc:512:replace_alu$6110
  creating $alu cell for $add$cap_pdb_parallel_compact_engine.sv:218$1604: $auto$alumacc.cc:512:replace_alu$6113
  creating $alu cell for $add$cap_pdb_parallel_compact_engine.sv:218$1610: $auto$alumacc.cc:512:replace_alu$6116
  creating $alu cell for $add$cap_pdb_parallel_compact_engine.sv:218$1616: $auto$alumacc.cc:512:replace_alu$6119
  creating $alu cell for $add$cap_pdb_parallel_compact_engine.sv:218$1622: $auto$alumacc.cc:512:replace_alu$6122
  creating $alu cell for $add$cap_pdb_parallel_compact_engine.sv:218$1628: $auto$alumacc.cc:512:replace_alu$6125
  creating $alu cell for $add$cap_pdb_parallel_compact_engine.sv:218$1634: $auto$alumacc.cc:512:replace_alu$6128
  creating $alu cell for $add$cap_pdb_parallel_compact_engine.sv:218$1640: $auto$alumacc.cc:512:replace_alu$6131
  creating $alu cell for $add$cap_pdb_parallel_compact_engine.sv:218$1646: $auto$alumacc.cc:512:replace_alu$6134
  creating $alu cell for $add$cap_pdb_parallel_compact_engine.sv:218$1652: $auto$alumacc.cc:512:replace_alu$6137
  creating $alu cell for $add$cap_pdb_parallel_compact_engine.sv:218$1658: $auto$alumacc.cc:512:replace_alu$6140
  creating $alu cell for $add$cap_pdb_parallel_compact_engine.sv:218$1664: $auto$alumacc.cc:512:replace_alu$6143
  creating $alu cell for $add$cap_pdb_parallel_compact_engine.sv:218$1670: $auto$alumacc.cc:512:replace_alu$6146
  creating $alu cell for $add$cap_pdb_parallel_compact_engine.sv:218$1676: $auto$alumacc.cc:512:replace_alu$6149
  creating $alu cell for $add$cap_pdb_parallel_compact_engine.sv:218$1682: $auto$alumacc.cc:512:replace_alu$6152
  creating $alu cell for $add$cap_pdb_parallel_compact_engine.sv:218$1688: $auto$alumacc.cc:512:replace_alu$6155
  creating $alu cell for $add$cap_pdb_parallel_compact_engine.sv:218$1694: $auto$alumacc.cc:512:replace_alu$6158
  creating $alu cell for $add$cap_pdb_parallel_compact_engine.sv:218$1700: $auto$alumacc.cc:512:replace_alu$6161
  creating $alu cell for $add$cap_pdb_parallel_compact_engine.sv:218$1706: $auto$alumacc.cc:512:replace_alu$6164
  creating $alu cell for $add$cap_pdb_parallel_compact_engine.sv:218$1712: $auto$alumacc.cc:512:replace_alu$6167
  creating $alu cell for $add$cap_pdb_parallel_compact_engine.sv:218$1718: $auto$alumacc.cc:512:replace_alu$6170
  creating $alu cell for $add$cap_pdb_parallel_compact_engine.sv:218$1724: $auto$alumacc.cc:512:replace_alu$6173
  creating $alu cell for $add$cap_pdb_parallel_compact_engine.sv:166$1415: $auto$alumacc.cc:512:replace_alu$6176
  creating $alu cell for $add$cap_pdb_parallel_compact_engine.sv:264$1770: $auto$alumacc.cc:512:replace_alu$6179
  created 54 $alu and 1 $macc cells.

5.25. Executing SHARE pass (SAT-based resource sharing).

5.26. Executing OPT pass (performing simple optimizations).

5.26.1. Executing OPT_EXPR pass (perform const folding).
Optimizing module $paramod$b5bfe1d4fce40940586b6e35fec61194ae5a8fde\cap_pdb_state_wide_bank.
Optimizing module $paramod$cbc3189b30a0f0ae8c16e45df15b3f5a54303a8f\cap_pdb_masked_min32.
<suppressed ~527 debug messages>
Optimizing module cap_pdb_parallel_compact_allocation_engine.
<suppressed ~221 debug messages>

5.26.2. Executing OPT_MERGE pass (detect identical cells).
Finding identical cells in module `$paramod$b5bfe1d4fce40940586b6e35fec61194ae5a8fde\cap_pdb_state_wide_bank'.
Computing hashes of 6 cells of `$paramod$b5bfe1d4fce40940586b6e35fec61194ae5a8fde\cap_pdb_state_wide_bank'.
Finding duplicate cells in `$paramod$b5bfe1d4fce40940586b6e35fec61194ae5a8fde\cap_pdb_state_wide_bank'.
Finding identical cells in module `$paramod$cbc3189b30a0f0ae8c16e45df15b3f5a54303a8f\cap_pdb_masked_min32'.
Computing hashes of 2512 cells of `$paramod$cbc3189b30a0f0ae8c16e45df15b3f5a54303a8f\cap_pdb_masked_min32'.
Finding duplicate cells in `$paramod$cbc3189b30a0f0ae8c16e45df15b3f5a54303a8f\cap_pdb_masked_min32'.
Finding identical cells in module `\cap_pdb_parallel_compact_allocation_engine'.
Computing hashes of 1713 cells of `\cap_pdb_parallel_compact_allocation_engine'.
Finding duplicate cells in `\cap_pdb_parallel_compact_allocation_engine'.
Removed a total of 0 cells.

5.26.3. Executing OPT_MUXTREE pass (detect dead branches in mux trees).
Running muxtree optimizer on module $paramod$b5bfe1d4fce40940586b6e35fec61194ae5a8fde\cap_pdb_state_wide_bank..
  Creating internal representation of mux trees.
  Evaluating internal representation of mux trees.
  Analyzing evaluation results.
Running muxtree optimizer on module $paramod$cbc3189b30a0f0ae8c16e45df15b3f5a54303a8f\cap_pdb_masked_min32..
  Creating internal representation of mux trees.
  Evaluating internal representation of mux trees.
  Analyzing evaluation results.
Running muxtree optimizer on module \cap_pdb_parallel_compact_allocation_engine..
  Creating internal representation of mux trees.
  Evaluating internal representation of mux trees.
  Analyzing evaluation results.
Removed 0 multiplexer ports.
<suppressed ~409 debug messages>

5.26.4. Executing OPT_REDUCE pass (consolidate $*mux and $reduce_* inputs).
  Optimizing cells in module $paramod$b5bfe1d4fce40940586b6e35fec61194ae5a8fde\cap_pdb_state_wide_bank.
  Optimizing cells in module $paramod$cbc3189b30a0f0ae8c16e45df15b3f5a54303a8f\cap_pdb_masked_min32.
  Optimizing cells in module \cap_pdb_parallel_compact_allocation_engine.
Performed a total of 0 changes.

5.26.5. Executing OPT_MERGE pass (detect identical cells).
Finding identical cells in module `$paramod$b5bfe1d4fce40940586b6e35fec61194ae5a8fde\cap_pdb_state_wide_bank'.
Computing hashes of 6 cells of `$paramod$b5bfe1d4fce40940586b6e35fec61194ae5a8fde\cap_pdb_state_wide_bank'.
Finding duplicate cells in `$paramod$b5bfe1d4fce40940586b6e35fec61194ae5a8fde\cap_pdb_state_wide_bank'.
Finding identical cells in module `$paramod$cbc3189b30a0f0ae8c16e45df15b3f5a54303a8f\cap_pdb_masked_min32'.
Computing hashes of 2512 cells of `$paramod$cbc3189b30a0f0ae8c16e45df15b3f5a54303a8f\cap_pdb_masked_min32'.
Finding duplicate cells in `$paramod$cbc3189b30a0f0ae8c16e45df15b3f5a54303a8f\cap_pdb_masked_min32'.
Finding identical cells in module `\cap_pdb_parallel_compact_allocation_engine'.
Computing hashes of 1713 cells of `\cap_pdb_parallel_compact_allocation_engine'.
Finding duplicate cells in `\cap_pdb_parallel_compact_allocation_engine'.
Removed a total of 0 cells.

5.26.6. Executing OPT_DFF pass (perform DFF optimizations).

5.26.7. Executing OPT_CLEAN pass (remove unused cells and wires).
Finding unused cells or wires in module $paramod$b5bfe1d4fce40940586b6e35fec61194ae5a8fde\cap_pdb_state_wide_bank..
Finding unused cells or wires in module $paramod$cbc3189b30a0f0ae8c16e45df15b3f5a54303a8f\cap_pdb_masked_min32..
Finding unused cells or wires in module \cap_pdb_parallel_compact_allocation_engine..
Removed 12 unused cells and 9280 unused wires.
<suppressed ~15 debug messages>

5.26.8. Executing OPT_EXPR pass (perform const folding).
Optimizing module $paramod$b5bfe1d4fce40940586b6e35fec61194ae5a8fde\cap_pdb_state_wide_bank.
Optimizing module $paramod$cbc3189b30a0f0ae8c16e45df15b3f5a54303a8f\cap_pdb_masked_min32.
Optimizing module cap_pdb_parallel_compact_allocation_engine.

5.26.9. Rerunning OPT passes. (Maybe there is more to do..)

5.26.10. Executing OPT_MUXTREE pass (detect dead branches in mux trees).
Running muxtree optimizer on module $paramod$b5bfe1d4fce40940586b6e35fec61194ae5a8fde\cap_pdb_state_wide_bank..
  Creating internal representation of mux trees.
  Evaluating internal representation of mux trees.
  Analyzing evaluation results.
Running muxtree optimizer on module $paramod$cbc3189b30a0f0ae8c16e45df15b3f5a54303a8f\cap_pdb_masked_min32..
  Creating internal representation of mux trees.
  Evaluating internal representation of mux trees.
  Analyzing evaluation results.
Running muxtree optimizer on module \cap_pdb_parallel_compact_allocation_engine..
  Creating internal representation of mux trees.
  Evaluating internal representation of mux trees.
  Analyzing evaluation results.
Removed 0 multiplexer ports.
<suppressed ~409 debug messages>

5.26.11. Executing OPT_REDUCE pass (consolidate $*mux and $reduce_* inputs).
  Optimizing cells in module $paramod$b5bfe1d4fce40940586b6e35fec61194ae5a8fde\cap_pdb_state_wide_bank.
  Optimizing cells in module $paramod$cbc3189b30a0f0ae8c16e45df15b3f5a54303a8f\cap_pdb_masked_min32.
  Optimizing cells in module \cap_pdb_parallel_compact_allocation_engine.
Performed a total of 0 changes.

5.26.12. Executing OPT_MERGE pass (detect identical cells).
Finding identical cells in module `$paramod$b5bfe1d4fce40940586b6e35fec61194ae5a8fde\cap_pdb_state_wide_bank'.
Computing hashes of 5 cells of `$paramod$b5bfe1d4fce40940586b6e35fec61194ae5a8fde\cap_pdb_state_wide_bank'.
Finding duplicate cells in `$paramod$b5bfe1d4fce40940586b6e35fec61194ae5a8fde\cap_pdb_state_wide_bank'.
Finding identical cells in module `$paramod$cbc3189b30a0f0ae8c16e45df15b3f5a54303a8f\cap_pdb_masked_min32'.
Computing hashes of 2512 cells of `$paramod$cbc3189b30a0f0ae8c16e45df15b3f5a54303a8f\cap_pdb_masked_min32'.
Finding duplicate cells in `$paramod$cbc3189b30a0f0ae8c16e45df15b3f5a54303a8f\cap_pdb_masked_min32'.
Finding identical cells in module `\cap_pdb_parallel_compact_allocation_engine'.
Computing hashes of 1702 cells of `\cap_pdb_parallel_compact_allocation_engine'.
Finding duplicate cells in `\cap_pdb_parallel_compact_allocation_engine'.
Removed a total of 0 cells.

5.26.13. Executing OPT_DFF pass (perform DFF optimizations).

5.26.14. Executing OPT_CLEAN pass (remove unused cells and wires).
Finding unused cells or wires in module $paramod$b5bfe1d4fce40940586b6e35fec61194ae5a8fde\cap_pdb_state_wide_bank..
Finding unused cells or wires in module $paramod$cbc3189b30a0f0ae8c16e45df15b3f5a54303a8f\cap_pdb_masked_min32..
Finding unused cells or wires in module \cap_pdb_parallel_compact_allocation_engine..

5.26.15. Executing OPT_EXPR pass (perform const folding).
Optimizing module $paramod$b5bfe1d4fce40940586b6e35fec61194ae5a8fde\cap_pdb_state_wide_bank.
Optimizing module $paramod$cbc3189b30a0f0ae8c16e45df15b3f5a54303a8f\cap_pdb_masked_min32.
Optimizing module cap_pdb_parallel_compact_allocation_engine.

5.26.16. Finished fast OPT passes. (There is nothing left to do.)

5.27. Executing MEMORY pass.

5.27.1. Executing OPT_MEM pass (optimize memories).
Performed a total of 0 transformations.

5.27.2. Executing OPT_MEM_PRIORITY pass (removing unnecessary memory write priority relations).
Performed a total of 0 transformations.

5.27.3. Executing OPT_MEM_FEEDBACK pass (finding memory read-to-write feedback paths).

5.27.4. Executing MEMORY_BMUX2ROM pass (converting muxes to ROMs).

5.27.5. Executing MEMORY_DFF pass (merging $dff cells to $memrd).

5.27.6. Executing OPT_CLEAN pass (remove unused cells and wires).
Finding unused cells or wires in module $paramod$b5bfe1d4fce40940586b6e35fec61194ae5a8fde\cap_pdb_state_wide_bank..
Finding unused cells or wires in module $paramod$cbc3189b30a0f0ae8c16e45df15b3f5a54303a8f\cap_pdb_masked_min32..
Finding unused cells or wires in module \cap_pdb_parallel_compact_allocation_engine..

5.27.7. Executing MEMORY_SHARE pass (consolidating $memrd/$memwr cells).

5.27.8. Executing OPT_MEM_WIDEN pass (optimize memories where all ports are wide).
Performed a total of 0 transformations.

5.27.9. Executing OPT_CLEAN pass (remove unused cells and wires).
Finding unused cells or wires in module $paramod$b5bfe1d4fce40940586b6e35fec61194ae5a8fde\cap_pdb_state_wide_bank..
Finding unused cells or wires in module $paramod$cbc3189b30a0f0ae8c16e45df15b3f5a54303a8f\cap_pdb_masked_min32..
Finding unused cells or wires in module \cap_pdb_parallel_compact_allocation_engine..

5.27.10. Executing MEMORY_COLLECT pass (generating $mem cells).

5.28. Executing OPT_CLEAN pass (remove unused cells and wires).
Finding unused cells or wires in module $paramod$b5bfe1d4fce40940586b6e35fec61194ae5a8fde\cap_pdb_state_wide_bank..
Finding unused cells or wires in module $paramod$cbc3189b30a0f0ae8c16e45df15b3f5a54303a8f\cap_pdb_masked_min32..
Finding unused cells or wires in module \cap_pdb_parallel_compact_allocation_engine..

5.29. Executing MEMORY_LIBMAP pass (mapping memories to cells).
found attribute 'ram_style = block' on memory $paramod$b5bfe1d4fce40940586b6e35fec61194ae5a8fde\cap_pdb_state_wide_bank.memory, forced mapping to block RAM
mapping memory $paramod$b5bfe1d4fce40940586b6e35fec61194ae5a8fde\cap_pdb_state_wide_bank.memory via $__XILINX_BLOCKRAM_SDP_
<suppressed ~1490 debug messages>

5.30. Executing TECHMAP pass (map to technology primitives).

5.30.1. Executing Verilog-2005 frontend: /share/xilinx/lutrams_xc5v_map.v
Parsing Verilog input from `/share/xilinx/lutrams_xc5v_map.v' to AST representation.
Generating RTLIL representation for module `$__XILINX_LUTRAM_SP_'.
Generating RTLIL representation for module `$__XILINX_LUTRAM_DP_'.
Generating RTLIL representation for module `$__XILINX_LUTRAM_QP_'.
Generating RTLIL representation for module `$__XILINX_LUTRAM_OP_'.
Generating RTLIL representation for module `$__XILINX_LUTRAM_SDP_'.
Generating RTLIL representation for module `$__XILINX_LUTRAM_64X8SW_'.
Generating RTLIL representation for module `$__XILINX_LUTRAM_32X16DR8_'.
Successfully finished Verilog frontend.

5.30.2. Continuing TECHMAP pass.
No more expansions possible.
<suppressed ~9 debug messages>

5.31. Executing TECHMAP pass (map to technology primitives).

5.31.1. Executing Verilog-2005 frontend: /share/xilinx/brams_xc6v_map.v
Parsing Verilog input from `/share/xilinx/brams_xc6v_map.v' to AST representation.
Generating RTLIL representation for module `$__XILINX_BLOCKRAM_TDP_'.
Generating RTLIL representation for module `$__XILINX_BLOCKRAM_SDP_'.
Successfully finished Verilog frontend.

5.31.2. Continuing TECHMAP pass.
Using template $paramod$c1bd90735c5c5bb498202293dba419900b8a996d$__XILINX_BLOCKRAM_SDP_ for cells of type $__XILINX_BLOCKRAM_SDP_.
No more expansions possible.
<suppressed ~48 debug messages>

5.32. Executing OPT pass (performing simple optimizations).

5.32.1. Executing OPT_EXPR pass (perform const folding).
Optimizing module $paramod$b5bfe1d4fce40940586b6e35fec61194ae5a8fde\cap_pdb_state_wide_bank.
<suppressed ~3 debug messages>
Optimizing module $paramod$cbc3189b30a0f0ae8c16e45df15b3f5a54303a8f\cap_pdb_masked_min32.
Optimizing module cap_pdb_parallel_compact_allocation_engine.
<suppressed ~67 debug messages>

5.32.2. Executing OPT_MERGE pass (detect identical cells).
Finding identical cells in module `$paramod$b5bfe1d4fce40940586b6e35fec61194ae5a8fde\cap_pdb_state_wide_bank'.
Computing hashes of 15 cells of `$paramod$b5bfe1d4fce40940586b6e35fec61194ae5a8fde\cap_pdb_state_wide_bank'.
Finding duplicate cells in `$paramod$b5bfe1d4fce40940586b6e35fec61194ae5a8fde\cap_pdb_state_wide_bank'.
Finding identical cells in module `$paramod$cbc3189b30a0f0ae8c16e45df15b3f5a54303a8f\cap_pdb_masked_min32'.
Computing hashes of 2512 cells of `$paramod$cbc3189b30a0f0ae8c16e45df15b3f5a54303a8f\cap_pdb_masked_min32'.
Finding duplicate cells in `$paramod$cbc3189b30a0f0ae8c16e45df15b3f5a54303a8f\cap_pdb_masked_min32'.
Finding identical cells in module `\cap_pdb_parallel_compact_allocation_engine'.
Computing hashes of 1683 cells of `\cap_pdb_parallel_compact_allocation_engine'.
Finding duplicate cells in `\cap_pdb_parallel_compact_allocation_engine'.
Removed a total of 0 cells.

5.32.3. Executing OPT_DFF pass (perform DFF optimizations).

5.32.4. Executing OPT_CLEAN pass (remove unused cells and wires).
Finding unused cells or wires in module $paramod$b5bfe1d4fce40940586b6e35fec61194ae5a8fde\cap_pdb_state_wide_bank..
Finding unused cells or wires in module $paramod$cbc3189b30a0f0ae8c16e45df15b3f5a54303a8f\cap_pdb_masked_min32..
Finding unused cells or wires in module \cap_pdb_parallel_compact_allocation_engine..
Removed 0 unused cells and 279 unused wires.
<suppressed ~2 debug messages>

5.32.5. Finished fast OPT passes.

5.33. Executing MEMORY_MAP pass (converting memories to logic and flip-flops).

5.34. Executing OPT pass (performing simple optimizations).

5.34.1. Executing OPT_EXPR pass (perform const folding).
Optimizing module $paramod$b5bfe1d4fce40940586b6e35fec61194ae5a8fde\cap_pdb_state_wide_bank.
Optimizing module $paramod$cbc3189b30a0f0ae8c16e45df15b3f5a54303a8f\cap_pdb_masked_min32.
Optimizing module cap_pdb_parallel_compact_allocation_engine.
<suppressed ~1 debug messages>

5.34.2. Executing OPT_MERGE pass (detect identical cells).
Finding identical cells in module `$paramod$b5bfe1d4fce40940586b6e35fec61194ae5a8fde\cap_pdb_state_wide_bank'.
Computing hashes of 15 cells of `$paramod$b5bfe1d4fce40940586b6e35fec61194ae5a8fde\cap_pdb_state_wide_bank'.
Finding duplicate cells in `$paramod$b5bfe1d4fce40940586b6e35fec61194ae5a8fde\cap_pdb_state_wide_bank'.
Finding identical cells in module `$paramod$cbc3189b30a0f0ae8c16e45df15b3f5a54303a8f\cap_pdb_masked_min32'.
Computing hashes of 2512 cells of `$paramod$cbc3189b30a0f0ae8c16e45df15b3f5a54303a8f\cap_pdb_masked_min32'.
Finding duplicate cells in `$paramod$cbc3189b30a0f0ae8c16e45df15b3f5a54303a8f\cap_pdb_masked_min32'.
Finding identical cells in module `\cap_pdb_parallel_compact_allocation_engine'.
Computing hashes of 1683 cells of `\cap_pdb_parallel_compact_allocation_engine'.
Finding duplicate cells in `\cap_pdb_parallel_compact_allocation_engine'.
Computing hashes of 1682 cells of `\cap_pdb_parallel_compact_allocation_engine'.
Finding duplicate cells in `\cap_pdb_parallel_compact_allocation_engine'.
<suppressed ~3 debug messages>
Removed a total of 1 cells.

5.34.3. Executing OPT_MUXTREE pass (detect dead branches in mux trees).
Running muxtree optimizer on module $paramod$b5bfe1d4fce40940586b6e35fec61194ae5a8fde\cap_pdb_state_wide_bank..
  Creating internal representation of mux trees.
  No muxes found in this module.
Running muxtree optimizer on module $paramod$cbc3189b30a0f0ae8c16e45df15b3f5a54303a8f\cap_pdb_masked_min32..
  Creating internal representation of mux trees.
  Evaluating internal representation of mux trees.
  Analyzing evaluation results.
Running muxtree optimizer on module \cap_pdb_parallel_compact_allocation_engine..
  Creating internal representation of mux trees.
  Evaluating internal representation of mux trees.
  Analyzing evaluation results.
Removed 0 multiplexer ports.
<suppressed ~354 debug messages>

5.34.4. Executing OPT_REDUCE pass (consolidate $*mux and $reduce_* inputs).
  Optimizing cells in module $paramod$b5bfe1d4fce40940586b6e35fec61194ae5a8fde\cap_pdb_state_wide_bank.
  Optimizing cells in module $paramod$cbc3189b30a0f0ae8c16e45df15b3f5a54303a8f\cap_pdb_masked_min32.
  Optimizing cells in module \cap_pdb_parallel_compact_allocation_engine.
Performed a total of 0 changes.

5.34.5. Executing OPT_MERGE pass (detect identical cells).
Finding identical cells in module `$paramod$b5bfe1d4fce40940586b6e35fec61194ae5a8fde\cap_pdb_state_wide_bank'.
Computing hashes of 15 cells of `$paramod$b5bfe1d4fce40940586b6e35fec61194ae5a8fde\cap_pdb_state_wide_bank'.
Finding duplicate cells in `$paramod$b5bfe1d4fce40940586b6e35fec61194ae5a8fde\cap_pdb_state_wide_bank'.
Finding identical cells in module `$paramod$cbc3189b30a0f0ae8c16e45df15b3f5a54303a8f\cap_pdb_masked_min32'.
Computing hashes of 2512 cells of `$paramod$cbc3189b30a0f0ae8c16e45df15b3f5a54303a8f\cap_pdb_masked_min32'.
Finding duplicate cells in `$paramod$cbc3189b30a0f0ae8c16e45df15b3f5a54303a8f\cap_pdb_masked_min32'.
Finding identical cells in module `\cap_pdb_parallel_compact_allocation_engine'.
Computing hashes of 1682 cells of `\cap_pdb_parallel_compact_allocation_engine'.
Finding duplicate cells in `\cap_pdb_parallel_compact_allocation_engine'.
Removed a total of 0 cells.

5.34.6. Executing OPT_SHARE pass.

5.34.7. Executing OPT_DFF pass (perform DFF optimizations).

5.34.8. Executing OPT_CLEAN pass (remove unused cells and wires).
Finding unused cells or wires in module $paramod$b5bfe1d4fce40940586b6e35fec61194ae5a8fde\cap_pdb_state_wide_bank..
Finding unused cells or wires in module $paramod$cbc3189b30a0f0ae8c16e45df15b3f5a54303a8f\cap_pdb_masked_min32..
Finding unused cells or wires in module \cap_pdb_parallel_compact_allocation_engine..
Removed 0 unused cells and 1 unused wires.
<suppressed ~1 debug messages>

5.34.9. Executing OPT_EXPR pass (perform const folding).
Optimizing module $paramod$b5bfe1d4fce40940586b6e35fec61194ae5a8fde\cap_pdb_state_wide_bank.
Optimizing module $paramod$cbc3189b30a0f0ae8c16e45df15b3f5a54303a8f\cap_pdb_masked_min32.
Optimizing module cap_pdb_parallel_compact_allocation_engine.

5.34.10. Rerunning OPT passes. (Maybe there is more to do..)

5.34.11. Executing OPT_MUXTREE pass (detect dead branches in mux trees).
Running muxtree optimizer on module $paramod$b5bfe1d4fce40940586b6e35fec61194ae5a8fde\cap_pdb_state_wide_bank..
  Creating internal representation of mux trees.
  No muxes found in this module.
Running muxtree optimizer on module $paramod$cbc3189b30a0f0ae8c16e45df15b3f5a54303a8f\cap_pdb_masked_min32..
  Creating internal representation of mux trees.
  Evaluating internal representation of mux trees.
  Analyzing evaluation results.
Running muxtree optimizer on module \cap_pdb_parallel_compact_allocation_engine..
  Creating internal representation of mux trees.
  Evaluating internal representation of mux trees.
  Analyzing evaluation results.
Removed 0 multiplexer ports.
<suppressed ~354 debug messages>

5.34.12. Executing OPT_REDUCE pass (consolidate $*mux and $reduce_* inputs).
  Optimizing cells in module $paramod$b5bfe1d4fce40940586b6e35fec61194ae5a8fde\cap_pdb_state_wide_bank.
  Optimizing cells in module $paramod$cbc3189b30a0f0ae8c16e45df15b3f5a54303a8f\cap_pdb_masked_min32.
  Optimizing cells in module \cap_pdb_parallel_compact_allocation_engine.
Performed a total of 0 changes.

5.34.13. Executing OPT_MERGE pass (detect identical cells).
Finding identical cells in module `$paramod$b5bfe1d4fce40940586b6e35fec61194ae5a8fde\cap_pdb_state_wide_bank'.
Computing hashes of 15 cells of `$paramod$b5bfe1d4fce40940586b6e35fec61194ae5a8fde\cap_pdb_state_wide_bank'.
Finding duplicate cells in `$paramod$b5bfe1d4fce40940586b6e35fec61194ae5a8fde\cap_pdb_state_wide_bank'.
Finding identical cells in module `$paramod$cbc3189b30a0f0ae8c16e45df15b3f5a54303a8f\cap_pdb_masked_min32'.
Computing hashes of 2512 cells of `$paramod$cbc3189b30a0f0ae8c16e45df15b3f5a54303a8f\cap_pdb_masked_min32'.
Finding duplicate cells in `$paramod$cbc3189b30a0f0ae8c16e45df15b3f5a54303a8f\cap_pdb_masked_min32'.
Finding identical cells in module `\cap_pdb_parallel_compact_allocation_engine'.
Computing hashes of 1682 cells of `\cap_pdb_parallel_compact_allocation_engine'.
Finding duplicate cells in `\cap_pdb_parallel_compact_allocation_engine'.
Removed a total of 0 cells.

5.34.14. Executing OPT_SHARE pass.

5.34.15. Executing OPT_DFF pass (perform DFF optimizations).

5.34.16. Executing OPT_CLEAN pass (remove unused cells and wires).
Finding unused cells or wires in module $paramod$b5bfe1d4fce40940586b6e35fec61194ae5a8fde\cap_pdb_state_wide_bank..
Finding unused cells or wires in module $paramod$cbc3189b30a0f0ae8c16e45df15b3f5a54303a8f\cap_pdb_masked_min32..
Finding unused cells or wires in module \cap_pdb_parallel_compact_allocation_engine..

5.34.17. Executing OPT_EXPR pass (perform const folding).
Optimizing module $paramod$b5bfe1d4fce40940586b6e35fec61194ae5a8fde\cap_pdb_state_wide_bank.
Optimizing module $paramod$cbc3189b30a0f0ae8c16e45df15b3f5a54303a8f\cap_pdb_masked_min32.
Optimizing module cap_pdb_parallel_compact_allocation_engine.

5.34.18. Finished fast OPT passes. (There is nothing left to do.)

5.35. Executing XILINX_SRL pass (Xilinx shift register extraction).

5.36. Executing TECHMAP pass (map to technology primitives).

5.36.1. Executing Verilog-2005 frontend: /share/techmap.v
Parsing Verilog input from `/share/techmap.v' to AST representation.
Generating RTLIL representation for module `\_90_simplemap_bool_ops'.
Generating RTLIL representation for module `\_90_simplemap_reduce_ops'.
Generating RTLIL representation for module `\_90_simplemap_logic_ops'.
Generating RTLIL representation for module `\_90_simplemap_compare_ops'.
Generating RTLIL representation for module `\_90_simplemap_various'.
Generating RTLIL representation for module `\_90_simplemap_registers'.
Generating RTLIL representation for module `\_90_shift_ops_shr_shl_sshl_sshr'.
Generating RTLIL representation for module `\_90_shift_shiftx'.
Generating RTLIL representation for module `\_90_fa'.
Generating RTLIL representation for module `\_90_lcu_brent_kung'.
Generating RTLIL representation for module `\_90_alu'.
Generating RTLIL representation for module `\_90_macc'.
Generating RTLIL representation for module `\_90_alumacc'.
Generating RTLIL representation for module `$__div_mod_u'.
Generating RTLIL representation for module `$__div_mod_trunc'.
Generating RTLIL representation for module `\_90_div'.
Generating RTLIL representation for module `\_90_mod'.
Generating RTLIL representation for module `$__div_mod_floor'.
Generating RTLIL representation for module `\_90_divfloor'.
Generating RTLIL representation for module `\_90_modfloor'.
Generating RTLIL representation for module `\_90_pow'.
Generating RTLIL representation for module `\_90_demux'.
Generating RTLIL representation for module `\_90_lut'.
Generating RTLIL representation for module `$connect'.
Generating RTLIL representation for module `$input_port'.
Successfully finished Verilog frontend.

5.36.2. Executing Verilog-2005 frontend: /share/xilinx/arith_map.v
Parsing Verilog input from `/share/xilinx/arith_map.v' to AST representation.
Generating RTLIL representation for module `\_80_xilinx_lcu'.
Generating RTLIL representation for module `\_80_xilinx_alu'.
Successfully finished Verilog frontend.

5.36.3. Continuing TECHMAP pass.
Using template $paramod$817919053e360e32f1a00d067c5411f16a07f712\_80_xilinx_alu for cells of type $alu.
Using template $paramod$d735c1bd8e4aaeb55e846141d44dc1e2c1104582\_80_xilinx_alu for cells of type $alu.
Using extmapper maccmap for cells of type $macc_v2.
  add $1\final_group_minimum[15:0] (16 bits, unsigned)
  add \final_group_minimum (16 bits, unsigned)
  add $12\final_group_minimum[15:0] (16 bits, unsigned)
  add $11\final_group_minimum[15:0] (16 bits, unsigned)
  add $10\final_group_minimum[15:0] (16 bits, unsigned)
  add $9\final_group_minimum[15:0] (16 bits, unsigned)
  add $8\final_group_minimum[15:0] (16 bits, unsigned)
  add $7\final_group_minimum[15:0] (16 bits, unsigned)
  add $6\final_group_minimum[15:0] (16 bits, unsigned)
  add $5\final_group_minimum[15:0] (16 bits, unsigned)
  add $4\final_group_minimum[15:0] (16 bits, unsigned)
  add $3\final_group_minimum[15:0] (16 bits, unsigned)
  add $2\final_group_minimum[15:0] (16 bits, unsigned)
Using extmapper simplemap for cells of type $sdffe.
Using extmapper simplemap for cells of type $reduce_bool.
Using extmapper simplemap for cells of type $ne.
Using extmapper simplemap for cells of type $reduce_and.
Using extmapper simplemap for cells of type $sdff.
Using extmapper simplemap for cells of type $reduce_or.
Using extmapper simplemap for cells of type $not.
Using extmapper simplemap for cells of type $and.
Using extmapper simplemap for cells of type $eq.
Using extmapper simplemap for cells of type $logic_not.
Using extmapper simplemap for cells of type $dff.
Using extmapper simplemap for cells of type $or.
Using extmapper simplemap for cells of type $xnor.
Using template $paramod\_80_xilinx_lcu\WIDTH=s32'00000000000000000000000000000110 for cells of type $lcu.
Using extmapper simplemap for cells of type $logic_and.
Using extmapper simplemap for cells of type $mux.
Using template $paramod\_90_fa\WIDTH=32'00000000000000000000000000010000 for cells of type $fa.
Using template $paramod\_90_fa\WIDTH=32'00000000000000000000000000010001 for cells of type $fa.
Using template $paramod\_90_fa\WIDTH=32'00000000000000000000000000010010 for cells of type $fa.
Using template $paramod\_90_fa\WIDTH=32'00000000000000000000000000010011 for cells of type $fa.
Using template $paramod\_90_fa\WIDTH=32'00000000000000000000000000010100 for cells of type $fa.
Using template $paramod$ad0678f72e5eed11ec01a0c5d1190efdf3061355\_80_xilinx_alu for cells of type $alu.
Using extmapper simplemap for cells of type $pos.
Using extmapper simplemap for cells of type $xor.
No more expansions possible.
<suppressed ~4805 debug messages>

5.37. Executing OPT pass (performing simple optimizations).

5.37.1. Executing OPT_EXPR pass (perform const folding).
Optimizing module $paramod$b5bfe1d4fce40940586b6e35fec61194ae5a8fde\cap_pdb_state_wide_bank.
Optimizing module $paramod$cbc3189b30a0f0ae8c16e45df15b3f5a54303a8f\cap_pdb_masked_min32.
Optimizing module cap_pdb_parallel_compact_allocation_engine.
<suppressed ~7324 debug messages>

5.37.2. Executing OPT_MERGE pass (detect identical cells).
Finding identical cells in module `$paramod$b5bfe1d4fce40940586b6e35fec61194ae5a8fde\cap_pdb_state_wide_bank'.
Computing hashes of 15 cells of `$paramod$b5bfe1d4fce40940586b6e35fec61194ae5a8fde\cap_pdb_state_wide_bank'.
Finding duplicate cells in `$paramod$b5bfe1d4fce40940586b6e35fec61194ae5a8fde\cap_pdb_state_wide_bank'.
Finding identical cells in module `$paramod$cbc3189b30a0f0ae8c16e45df15b3f5a54303a8f\cap_pdb_masked_min32'.
Computing hashes of 3860 cells of `$paramod$cbc3189b30a0f0ae8c16e45df15b3f5a54303a8f\cap_pdb_masked_min32'.
Finding duplicate cells in `$paramod$cbc3189b30a0f0ae8c16e45df15b3f5a54303a8f\cap_pdb_masked_min32'.
Finding identical cells in module `\cap_pdb_parallel_compact_allocation_engine'.
Computing hashes of 15890 cells of `\cap_pdb_parallel_compact_allocation_engine'.
Finding duplicate cells in `\cap_pdb_parallel_compact_allocation_engine'.
Computing hashes of 15864 cells of `\cap_pdb_parallel_compact_allocation_engine'.
Finding duplicate cells in `\cap_pdb_parallel_compact_allocation_engine'.
Computing hashes of 15852 cells of `\cap_pdb_parallel_compact_allocation_engine'.
Finding duplicate cells in `\cap_pdb_parallel_compact_allocation_engine'.
<suppressed ~114 debug messages>
Removed a total of 38 cells.

5.37.3. Executing OPT_DFF pass (perform DFF optimizations).

5.37.4. Executing OPT_CLEAN pass (remove unused cells and wires).
Finding unused cells or wires in module $paramod$b5bfe1d4fce40940586b6e35fec61194ae5a8fde\cap_pdb_state_wide_bank..
Finding unused cells or wires in module $paramod$cbc3189b30a0f0ae8c16e45df15b3f5a54303a8f\cap_pdb_masked_min32..
Finding unused cells or wires in module \cap_pdb_parallel_compact_allocation_engine..
Removed 84 unused cells and 2020 unused wires.
<suppressed ~86 debug messages>

5.37.5. Finished fast OPT passes.

5.38. Executing IOPADMAP pass (mapping inputs/outputs to IO-PAD cells).
Mapping port cap_pdb_parallel_compact_allocation_engine.busy using OBUF.
Mapping port cap_pdb_parallel_compact_allocation_engine.clk using IBUF.
Mapping port cap_pdb_parallel_compact_allocation_engine.cycles using OBUF.
Mapping port cap_pdb_parallel_compact_allocation_engine.done using OBUF.
Mapping port cap_pdb_parallel_compact_allocation_engine.group_cost_sum using OBUF.
Mapping port cap_pdb_parallel_compact_allocation_engine.group_state using IBUF.
Mapping port cap_pdb_parallel_compact_allocation_engine.reachable_effects using IBUF.
Mapping port cap_pdb_parallel_compact_allocation_engine.right_weight using IBUF.
Mapping port cap_pdb_parallel_compact_allocation_engine.rst using IBUF.
Mapping port cap_pdb_parallel_compact_allocation_engine.start using IBUF.
Mapping port cap_pdb_parallel_compact_allocation_engine.table_wdata using IBUF.
Mapping port cap_pdb_parallel_compact_allocation_engine.table_we using IBUF.
Mapping port cap_pdb_parallel_compact_allocation_engine.table_wgroup using IBUF.
Mapping port cap_pdb_parallel_compact_allocation_engine.table_wrow using IBUF.
Mapping port cap_pdb_parallel_compact_allocation_engine.valid using OBUF.

5.39. Executing TECHMAP pass (map to technology primitives).

5.39.1. Executing Verilog-2005 frontend: /share/techmap.v
Parsing Verilog input from `/share/techmap.v' to AST representation.
Generating RTLIL representation for module `\_90_simplemap_bool_ops'.
Generating RTLIL representation for module `\_90_simplemap_reduce_ops'.
Generating RTLIL representation for module `\_90_simplemap_logic_ops'.
Generating RTLIL representation for module `\_90_simplemap_compare_ops'.
Generating RTLIL representation for module `\_90_simplemap_various'.
Generating RTLIL representation for module `\_90_simplemap_registers'.
Generating RTLIL representation for module `\_90_shift_ops_shr_shl_sshl_sshr'.
Generating RTLIL representation for module `\_90_shift_shiftx'.
Generating RTLIL representation for module `\_90_fa'.
Generating RTLIL representation for module `\_90_lcu_brent_kung'.
Generating RTLIL representation for module `\_90_alu'.
Generating RTLIL representation for module `\_90_macc'.
Generating RTLIL representation for module `\_90_alumacc'.
Generating RTLIL representation for module `$__div_mod_u'.
Generating RTLIL representation for module `$__div_mod_trunc'.
Generating RTLIL representation for module `\_90_div'.
Generating RTLIL representation for module `\_90_mod'.
Generating RTLIL representation for module `$__div_mod_floor'.
Generating RTLIL representation for module `\_90_divfloor'.
Generating RTLIL representation for module `\_90_modfloor'.
Generating RTLIL representation for module `\_90_pow'.
Generating RTLIL representation for module `\_90_demux'.
Generating RTLIL representation for module `\_90_lut'.
Generating RTLIL representation for module `$connect'.
Generating RTLIL representation for module `$input_port'.
Successfully finished Verilog frontend.

5.39.2. Executing Verilog-2005 frontend: /share/xilinx/cells_map.v
Parsing Verilog input from `/share/xilinx/cells_map.v' to AST representation.
Generating RTLIL representation for module `$__SHREG_'.
Generating RTLIL representation for module `$__XILINX_SHREG_'.
Generating RTLIL representation for module `$__XILINX_MUXF78'.
Successfully finished Verilog frontend.

5.39.3. Continuing TECHMAP pass.
No more expansions possible.
<suppressed ~80 debug messages>
Removed 0 unused cells and 1 unused wires.

5.40. Executing DFFLEGALIZE pass (convert FFs to types supported by the target).

5.41. Executing OPT_EXPR pass (perform const folding).
Optimizing module $paramod$b5bfe1d4fce40940586b6e35fec61194ae5a8fde\cap_pdb_state_wide_bank.
Optimizing module $paramod$cbc3189b30a0f0ae8c16e45df15b3f5a54303a8f\cap_pdb_masked_min32.
Optimizing module cap_pdb_parallel_compact_allocation_engine.

5.42. Executing ABC pass (technology mapping using ABC).

5.42.1. Extracting gate netlist of module `$paramod$b5bfe1d4fce40940586b6e35fec61194ae5a8fde\cap_pdb_state_wide_bank' to `<abc-temp-dir>/input.blif'..

5.42.1.1. Executed ABC.
Extracted 0 gates and 0 wires to a netlist network with 0 inputs and 0 outputs.
Don't call ABC as there is nothing to map.
Removing temp directory.

5.42.2. Extracting gate netlist of module `$paramod$cbc3189b30a0f0ae8c16e45df15b3f5a54303a8f\cap_pdb_masked_min32' to `<abc-temp-dir>/input.blif'..

5.42.2.1. Executed ABC.
Extracted 3798 gates and 4374 wires to a netlist network with 575 inputs and 388 outputs.
Running ABC script: <abc-temp-dir>/abc.script
ABC: ======== ABC command line "source <abc-temp-dir>/abc.script"
ABC: + read_blif <abc-temp-dir>/input.blif
ABC: + read_lut <abc-temp-dir>/lutdefs.txt
ABC: + strash
ABC: + &get -n
ABC: + &fraig -x
ABC: + &put
ABC: + scorr
ABC: Warning: The network is combinational (run "fraig" or "fraig_sweep").
ABC: + dc2
ABC: + dretime
ABC: + strash
ABC: + dch -f
ABC: + if
ABC: + mfs2
ABC: + write_blif <abc-temp-dir>/output.blif

5.42.2.2. Re-integrating ABC results.
ABC RESULTS:              $lut cells:     1137
ABC RESULTS:        internal signals:     3411
ABC RESULTS:           input signals:      575
ABC RESULTS:          output signals:      388
Removing temp directory.

5.42.3. Extracting gate netlist of module `\cap_pdb_parallel_compact_allocation_engine' to `<abc-temp-dir>/input.blif'..

5.42.3.1. Executed ABC.
Extracted 14620 gates and 17655 wires to a netlist network with 3033 inputs and 2924 outputs.
Running ABC script: <abc-temp-dir>/abc.script
ABC: ======== ABC command line "source <abc-temp-dir>/abc.script"
ABC: + read_blif <abc-temp-dir>/input.blif
ABC: + read_lut <abc-temp-dir>/lutdefs.txt
ABC: + strash
ABC: + &get -n
ABC: + &fraig -x
ABC: + &put
ABC: + scorr
ABC: Warning: The network is combinational (run "fraig" or "fraig_sweep").
ABC: + dc2
ABC: + dretime
ABC: + strash
ABC: + dch -f
ABC: + if
ABC: + mfs2
ABC: + write_blif <abc-temp-dir>/output.blif

5.42.3.2. Re-integrating ABC results.
ABC RESULTS:              $lut cells:     5632
ABC RESULTS:        internal signals:    11698
ABC RESULTS:           input signals:     3033
ABC RESULTS:          output signals:     2924
Removing temp directory.
Removing global temp directory.
Removed 0 unused cells and 9392 unused wires.

5.43. Executing TECHMAP pass (map to technology primitives).

5.43.1. Executing Verilog-2005 frontend: /share/xilinx/ff_map.v
Parsing Verilog input from `/share/xilinx/ff_map.v' to AST representation.
Generating RTLIL representation for module `$_DFFE_NP0P_'.
Generating RTLIL representation for module `$_DFFE_PP0P_'.
Generating RTLIL representation for module `$_DFFE_NP1P_'.
Generating RTLIL representation for module `$_DFFE_PP1P_'.
Generating RTLIL representation for module `$_DFFSRE_NPPP_'.
Generating RTLIL representation for module `$_DFFSRE_PPPP_'.
Generating RTLIL representation for module `$_SDFFE_NP0P_'.
Generating RTLIL representation for module `$_SDFFE_PP0P_'.
Generating RTLIL representation for module `$_SDFFE_NP1P_'.
Generating RTLIL representation for module `$_SDFFE_PP1P_'.
Generating RTLIL representation for module `$_DLATCH_NP0_'.
Generating RTLIL representation for module `$_DLATCH_PP0_'.
Generating RTLIL representation for module `$_DLATCH_NP1_'.
Generating RTLIL representation for module `$_DLATCH_PP1_'.
Generating RTLIL representation for module `$_DLATCH_NPP_'.
Generating RTLIL representation for module `$_DLATCH_PPP_'.
Successfully finished Verilog frontend.

5.43.2. Continuing TECHMAP pass.
Using template $paramod$_SDFFE_PP0P_\_TECHMAP_WIREINIT_Q_=1'x for cells of type $_SDFFE_PP0P_.
Using template $paramod$_SDFFE_PP1P_\_TECHMAP_WIREINIT_Q_=1'x for cells of type $_SDFFE_PP1P_.
No more expansions possible.
<suppressed ~710 debug messages>

5.44. Executing XILINX_SRL pass (Xilinx shift register extraction).

5.45. Executing TECHMAP pass (map to technology primitives).

5.45.1. Executing Verilog-2005 frontend: /share/xilinx/lut_map.v
Parsing Verilog input from `/share/xilinx/lut_map.v' to AST representation.
Generating RTLIL representation for module `$lut'.
Successfully finished Verilog frontend.

5.45.2. Executing Verilog-2005 frontend: /share/xilinx/cells_map.v
Parsing Verilog input from `/share/xilinx/cells_map.v' to AST representation.
Generating RTLIL representation for module `$__SHREG_'.
Generating RTLIL representation for module `$__XILINX_SHREG_'.
Generating RTLIL representation for module `$__XILINX_MUXF78'.
Successfully finished Verilog frontend.

5.45.3. Continuing TECHMAP pass.
Using template $paramod$lut\WIDTH=32'00000000000000000000000000000001\LUT=2'01 for cells of type $lut.
Using template $paramod$fe89c52e83c5b0456317806a3190c48a5e8494e5$lut for cells of type $lut.
Using template $paramod$lut\WIDTH=32'00000000000000000000000000000011\LUT=8'01010011 for cells of type $lut.
Using template $paramod$lut\WIDTH=32'00000000000000000000000000000011\LUT=8'11001010 for cells of type $lut.
Using template $paramod$fe4be41ca99978dcdb8f8c64fa471e60bfede3a5$lut for cells of type $lut.
Using template $paramod$lut\WIDTH=32'00000000000000000000000000000011\LUT=8'00110101 for cells of type $lut.
Using template $paramod$lut\WIDTH=32'00000000000000000000000000000011\LUT=8'10101100 for cells of type $lut.
Using template $paramod$dc41e9665158f6caac97365e95c1c2f88dcb2656$lut for cells of type $lut.
Using template $paramod$ee19d45db61acb4c70d938b97483a4ed4b792645$lut for cells of type $lut.
Using template $paramod$9ae0f136c9ed34a2deb323e9b2a3a520eea61514$lut for cells of type $lut.
Using template $paramod$lut\WIDTH=32'00000000000000000000000000000010\LUT=4'0001 for cells of type $lut.
Using template $paramod$9bdc414229f06e785dc8fd97a243faa9336e164a$lut for cells of type $lut.
Using template $paramod$lut\WIDTH=32'00000000000000000000000000000011\LUT=8'00000001 for cells of type $lut.
Using template $paramod$200337237619ba4c0bed9a492562f1d1b57fb569$lut for cells of type $lut.
Using template $paramod$lut\WIDTH=32'00000000000000000000000000000011\LUT=8'00010000 for cells of type $lut.
Using template $paramod$c362ad8dedc7d166ed978091aca319ab1e81a2d4$lut for cells of type $lut.
Using template $paramod$658b9ed803f0d3d335616d3858b53e0a2522f1e8$lut for cells of type $lut.
Using template $paramod$9cf044275e70b6dc34d2f815a6f8ffc23f9694a0$lut for cells of type $lut.
Using template $paramod$33e58adf67c6b686a154c9ce8ebbc4b04b8cabc5$lut for cells of type $lut.
Using template $paramod$eba7de026ff587370e320127e266317dae097a89$lut for cells of type $lut.
Using template $paramod$7bb6a37e65823eeb4b38c370fec30ab082759a14$lut for cells of type $lut.
Using template $paramod$a7dad16c080c08c1647c7e1b9706a59a123d8bcd$lut for cells of type $lut.
Using template $paramod$lut\WIDTH=32'00000000000000000000000000000010\LUT=4'1000 for cells of type $lut.
Using template $paramod$973818279bc95792902f3c09371fd2407d04a2a5$lut for cells of type $lut.
Using template $paramod$lut\WIDTH=32'00000000000000000000000000000010\LUT=4'0111 for cells of type $lut.
Using template $paramod$8b09f347504cfc0d3d65fbb4601497936543b1b3$lut for cells of type $lut.
Using template $paramod$lut\WIDTH=32'00000000000000000000000000000010\LUT=4'1001 for cells of type $lut.
Using template $paramod$lut\WIDTH=32'00000000000000000000000000000010\LUT=4'1011 for cells of type $lut.
Using template $paramod$lut\WIDTH=32'00000000000000000000000000000010\LUT=4'1110 for cells of type $lut.
Using template $paramod$lut\WIDTH=32'00000000000000000000000000000010\LUT=4'0100 for cells of type $lut.
Using template $paramod$lut\WIDTH=32'00000000000000000000000000000011\LUT=8'10000000 for cells of type $lut.
Using template $paramod$3a456086f9aadd68ee04d4d7afbad8c702368bc8$lut for cells of type $lut.
Using template $paramod$decd7d44aed8170c3826b15dbafe01496fe539f9$lut for cells of type $lut.
Using template $paramod$bf0916c6d7935eef0257c8c924841f67bcefce14$lut for cells of type $lut.
Using template $paramod$525425bfbe66d72ee88210d059d9a74f55ab8de8$lut for cells of type $lut.
Using template $paramod$lut\WIDTH=32'00000000000000000000000000000011\LUT=8'11010000 for cells of type $lut.
Using template $paramod$b297295e19b03521716155b85537bbe86d6a9ae6$lut for cells of type $lut.
Using template $paramod$9747e27d592a5de65fe94778f9dc8ad338a6e3d4$lut for cells of type $lut.
Using template $paramod$14121ddfc79b1e9d3996f60e48080fb38d5018a6$lut for cells of type $lut.
Using template $paramod$1a7a480486efc550211a507b6ca42c979ebb3016$lut for cells of type $lut.
Using template $paramod$c456a64fe19e989eb763ac6534d34857c12718a4$lut for cells of type $lut.
Using template $paramod$8cf3f119651e436ed48e45999dcdec9bb3372a9f$lut for cells of type $lut.
Using template $paramod$dd288559789a486d7438832e5bd9f8c547318dcd$lut for cells of type $lut.
Using template $paramod$lut\WIDTH=32'00000000000000000000000000000011\LUT=8'10010110 for cells of type $lut.
Using template $paramod$23ebc5c51572d16ec3720e55b06a82d3c49f3af3$lut for cells of type $lut.
Using template $paramod$9cd552b281440a2eaea0692c2f84b5233375d287$lut for cells of type $lut.
Using template $paramod$0ac02ffab4ae75b52b79dc2fa0947f9130551292$lut for cells of type $lut.
Using template $paramod$1815623b7556098951f4c2b6e61dfa384c84803e$lut for cells of type $lut.
Using template $paramod$310c87a991b0f36860093cebb55ba9ba34046100$lut for cells of type $lut.
Using template $paramod$f566830f99cc6cd86ae2ab05a8000341ee25af23$lut for cells of type $lut.
Using template $paramod$183442abdd94c2ce880811c0f17474d28c7e1987$lut for cells of type $lut.
Using template $paramod$5ddb3e5fd362fb03262a0c3580c337ff6002b4e8$lut for cells of type $lut.
Using template $paramod$381c3e9e62e078f6a5f7656a7fadc1074682f468$lut for cells of type $lut.
Using template $paramod$lut\WIDTH=32'00000000000000000000000000000011\LUT=8'10110010 for cells of type $lut.
Using template $paramod$f20dc80df3124f54af6334db8b26a8ea5d2479fb$lut for cells of type $lut.
Using template $paramod$dd2d293c5a457c808823760e2678dc850c355143$lut for cells of type $lut.
Using template $paramod$bcdebcacc8fc0d70b643c45f4d1674e885cf09ca$lut for cells of type $lut.
Using template $paramod$759fefb288aec1bf12cae3223e8c59089c7fcc5c$lut for cells of type $lut.
Using template $paramod$891e76347cfefe738978394f6982e214e5561ae9$lut for cells of type $lut.
Using template $paramod$d109d40440ca8e9f4072b7969be85c7ea9f4efcb$lut for cells of type $lut.
Using template $paramod$3c7334fd59cb29254446299050bdd1fc7d99952f$lut for cells of type $lut.
Using template $paramod$f29797211bbc10389ded87c140730bb0ac5b18c9$lut for cells of type $lut.
Using template $paramod$4cef69dc1889f0f79f23a0de0c4537b0a3c96b7e$lut for cells of type $lut.
Using template $paramod$ed056783c91223396f8bbc4430a7476e3326a2b9$lut for cells of type $lut.
Using template $paramod$ad5fa4c993dc43c3e00419e69284cb50b42316d6$lut for cells of type $lut.
Using template $paramod$lut\WIDTH=32'00000000000000000000000000000011\LUT=8'11101000 for cells of type $lut.
Using template $paramod$lut\WIDTH=32'00000000000000000000000000000011\LUT=8'01101001 for cells of type $lut.
Using template $paramod$lut\WIDTH=32'00000000000000000000000000000010\LUT=4'0110 for cells of type $lut.
Using template $paramod$6b88af12b57ed3e6382c9c3622c40d8a00fa4883$lut for cells of type $lut.
Using template $paramod$2946b6e6cc66bf5cfe9ac4e0a688aa88d0c5957f$lut for cells of type $lut.
Using template $paramod$7df4c08fb0cde7880ba83f9b205aeb94a0e38509$lut for cells of type $lut.
Using template $paramod$8ac5b9c4d4b4eaef537ed1dd03e76eff6d261ad3$lut for cells of type $lut.
Using template $paramod$b17641b2d03fb4cdb1d56e058ca49af98a587395$lut for cells of type $lut.
Using template $paramod$1a4987da337db4cee07843b638ea12feff347983$lut for cells of type $lut.
Using template $paramod$5964dec528c7ded1ee9f528024feacf1107270a1$lut for cells of type $lut.
Using template $paramod$e958aef58dea1b912260cbf486d6db37a2443a47$lut for cells of type $lut.
Using template $paramod$c10962e8f1c82181a9b3d4d3c0d3608d2d0188de$lut for cells of type $lut.
Using template $paramod$eeed37ce45abdda29d3e180f2d1dfc0c4c376530$lut for cells of type $lut.
Using template $paramod$3ef319efded008eed5f930491a82ee1762b3c0df$lut for cells of type $lut.
Using template $paramod$fd904e9e35cfd343a9df248824bd3f1408724879$lut for cells of type $lut.
Using template $paramod$f05d4b8888c79762c43743d193b4196209b4613e$lut for cells of type $lut.
Using template $paramod$bdec683abe8d21ee6d29d173763bff1b2684738e$lut for cells of type $lut.
Using template $paramod$2d96af5a2c84d5bd062fd0a0eabe5499231e7dac$lut for cells of type $lut.
Using template $paramod$9d4f6d07a25f3fd6e69e2752945cb9ddf010c2ba$lut for cells of type $lut.
Using template $paramod$2ea69c779d6c1b79ac5a87b0d1523c67d5628dba$lut for cells of type $lut.
Using template $paramod$bd0a0d477b0e63593ddffae65183e1cc71d34de7$lut for cells of type $lut.
Using template $paramod$97921bef99b13a183291ca393cc34eff844803a9$lut for cells of type $lut.
Using template $paramod$c1ecd13b5e2feb77a725850b71cc8207f7841c40$lut for cells of type $lut.
Using template $paramod$21a9cf1c7cffed4ea7970972274e8bcced7c7005$lut for cells of type $lut.
Using template $paramod$4282def8dbd6df3d1248ad282c629bee684502c2$lut for cells of type $lut.
Using template $paramod$6f625205336ac6ce7b8747324becdbce1049bc9c$lut for cells of type $lut.
Using template $paramod$c70a1903c8f8afd45929a06a1a54552d774ce785$lut for cells of type $lut.
Using template $paramod$1f45c22d27982f156949cccd6f9677d67d0ae883$lut for cells of type $lut.
Using template $paramod$274d54d746ad898c0a412ccbe06ac81a83bb306e$lut for cells of type $lut.
Using template $paramod$77dc13b1a8ed1bd865492b5afa1235221533c43b$lut for cells of type $lut.
Using template $paramod$defbbf50bcfad578f02ddb444e6d9470b4ff7f3c$lut for cells of type $lut.
Using template $paramod$154bc29d4d27e3ea3fb8a1218357bc909c2b5a6c$lut for cells of type $lut.
Using template $paramod$9b1e825f0145a1d40c30fb3a0be5fa3e860a23e3$lut for cells of type $lut.
Using template $paramod$40b53a5781d3a7d27b8891148c3684c9fa71719d$lut for cells of type $lut.
Using template $paramod$f4cfcbb63a0d8245775432ef124f6f579617c995$lut for cells of type $lut.
Using template $paramod$9c10ca67e660fbc0157c86e157164e1b675de305$lut for cells of type $lut.
Using template $paramod$ba8fec3c1811cf88d03e9b6103b06fb923d318e6$lut for cells of type $lut.
Using template $paramod$7860c9a893007bd7aec1fbf6fc7d224de32105d3$lut for cells of type $lut.
Using template $paramod$6a72a5afa31e9c052b13830d50b22441394e48cc$lut for cells of type $lut.
Using template $paramod$51bae83709e53c13b4b502ae8fea14a5641a26b7$lut for cells of type $lut.
Using template $paramod$77319065de5225d7596cf2a1153ae6b86c59b50c$lut for cells of type $lut.
Using template $paramod$57fd0020f714c9791c7a27db2261c41193e85962$lut for cells of type $lut.
Using template $paramod$5ea586604f03ae89270aa8ded210640985dc87db$lut for cells of type $lut.
Using template $paramod$3bb60fccd8813787083fe4ba1c51c2bf9964dc14$lut for cells of type $lut.
Using template $paramod$5609204615a43e622ec643410bb23e15710a47e0$lut for cells of type $lut.
Using template $paramod$59d7ea02a43dfd9865348b00a7f7d1f2727dd353$lut for cells of type $lut.
Using template $paramod$692927e279b3d5c42ee4aacb287247c0b34943ed$lut for cells of type $lut.
Using template $paramod$a2b4ddfa3906001b2ef9f2414d79c3048f2a3a6e$lut for cells of type $lut.
Using template $paramod$1d70a4f9239695d913200642f4c4f845d4f794a4$lut for cells of type $lut.
Using template $paramod$162fef26d1af41d1c9a2e284a4968a0a9a312508$lut for cells of type $lut.
Using template $paramod$5f7acd58d1c2f3a0002c0112a4b3367969ec8768$lut for cells of type $lut.
Using template $paramod$06583bed2e2ece85f7f0e69f79e39ff231db83d1$lut for cells of type $lut.
Using template $paramod$cd8bd19f22a828e9ca9dbce8251af0e68cfabf09$lut for cells of type $lut.
Using template $paramod$a159c0ff2da5d34f36f6787f671370b4bd777fdf$lut for cells of type $lut.
Using template $paramod$eee6eccfe3d92dcac07af33b1b434992adb044fd$lut for cells of type $lut.
Using template $paramod$b407a19b9455785e82a7c3b8003ec7c939716514$lut for cells of type $lut.
Using template $paramod$9079c52aa509e5b7eff78e9eb4f6876b34bbec54$lut for cells of type $lut.
Using template $paramod$436da1ed4df9e383f770e19f097123d7f09097ba$lut for cells of type $lut.
Using template $paramod$1f1a15b33d612782bfc1a6aef538d832aecdd1b9$lut for cells of type $lut.
Using template $paramod$a722f0f83de4cb9b1def5d088895df3f21e85509$lut for cells of type $lut.
Using template $paramod$ea88a06962d1884df863d9765f42571fd11bcb32$lut for cells of type $lut.
Using template $paramod$d9a4cfa05abc1158b901c98727274f245bd8b1a2$lut for cells of type $lut.
Using template $paramod$2360bc47b08d6f8b0c336c027432137bdcd778a1$lut for cells of type $lut.
Using template $paramod$c4385cb6d4bb7f89c2f072295bb3e30a5d438725$lut for cells of type $lut.
Using template $paramod$eb74b335dedae809bd0f3e8ac058c7aa4a539670$lut for cells of type $lut.
Using template $paramod$302751d338f9904d284740db4fe9cee5122b9419$lut for cells of type $lut.
Using template $paramod$fefdd18314f809f1ba4e6eeb86ebedbe26c2ce45$lut for cells of type $lut.
Using template $paramod$41326ad8644342a66dfb051d050f2b6fbf15015b$lut for cells of type $lut.
Using template $paramod$d142a891b33bac736e25ae2077c7a4d88b1a883d$lut for cells of type $lut.
Using template $paramod$d2845ee2da121e591069744d16cf238f53bde61d$lut for cells of type $lut.
Using template $paramod$90588117036ea9570e86c36002ea9705f0a8f776$lut for cells of type $lut.
Using template $paramod$08b18b26eeae24f49fe8b59aa26e66cd3e302419$lut for cells of type $lut.
Using template $paramod$95913469ad661c2be2ab77afbf6f8b3f95d69ea0$lut for cells of type $lut.
Using template $paramod$ce66c2d06a26d50d879ed8a9f41c99a3a12eb958$lut for cells of type $lut.
Using template $paramod$lut\WIDTH=32'00000000000000000000000000000011\LUT=8'10010000 for cells of type $lut.
Using template $paramod$c3f119ca459967416ee835056bcc76571d275d81$lut for cells of type $lut.
Using template $paramod$d4fae2c0d9ad2966369cd4e39b81c71bcd1327c9$lut for cells of type $lut.
Using template $paramod$0c3e774de9dd361dcefc4f2747cf32a3c22f2154$lut for cells of type $lut.
Using template $paramod$622ea16b335c699fafeb68bb04a9ce4e2bdfaae0$lut for cells of type $lut.
Using template $paramod$db50504a7d27c6a27ee7333920724d29ca86f385$lut for cells of type $lut.
Using template $paramod$fea2779a6ae24794d95013e9a9a897c12474221e$lut for cells of type $lut.
Using template $paramod$b34250cf522ee25aae0479c904244ad8eb6374cc$lut for cells of type $lut.
Using template $paramod$30828bd0296dc776d04e807f9570f839f8c1212e$lut for cells of type $lut.
Using template $paramod$2c67814f601655eca5f6ffd9555e719b198943e4$lut for cells of type $lut.
No more expansions possible.
<suppressed ~9422 debug messages>

5.46. Executing XILINX_DFFOPT pass (optimize FF control signal usage).
Optimizing FFs in $paramod$b5bfe1d4fce40940586b6e35fec61194ae5a8fde\cap_pdb_state_wide_bank.
Optimizing FFs in $paramod$cbc3189b30a0f0ae8c16e45df15b3f5a54303a8f\cap_pdb_masked_min32.
Optimizing FFs in cap_pdb_parallel_compact_allocation_engine.
  Merging D + CE LUTs for $auto$ff.cc:337:slice$6749/group_minimum[7] (2 -> 5)
  Merging D + CE LUTs for $auto$ff.cc:337:slice$7444/group_minimum[8] (2 -> 5)
  Merging D + CE LUTs for $auto$ff.cc:337:slice$7443/group_minimum[8] (2 -> 5)
  Merging D + CE LUTs for $auto$ff.cc:337:slice$7442/group_minimum[8] (2 -> 5)
  Merging D + CE LUTs for $auto$ff.cc:337:slice$7441/group_minimum[8] (2 -> 5)
  Merging D + CE LUTs for $auto$ff.cc:337:slice$7440/group_minimum[8] (2 -> 5)
  Merging D + CE LUTs for $auto$ff.cc:337:slice$7439/group_minimum[8] (2 -> 5)
  Merging D + CE LUTs for $auto$ff.cc:337:slice$7438/group_minimum[8] (2 -> 5)
  Merging D + CE LUTs for $auto$ff.cc:337:slice$7437/group_minimum[8] (2 -> 5)
  Merging D + CE LUTs for $auto$ff.cc:337:slice$7436/group_minimum[8] (2 -> 5)
  Merging D + CE LUTs for $auto$ff.cc:337:slice$7435/group_minimum[8] (2 -> 5)
  Merging D + CE LUTs for $auto$ff.cc:337:slice$7434/group_minimum[8] (2 -> 5)
  Merging D + CE LUTs for $auto$ff.cc:337:slice$7433/group_minimum[8] (2 -> 5)
  Merging D + CE LUTs for $auto$ff.cc:337:slice$7432/group_minimum[8] (2 -> 5)
  Merging D + CE LUTs for $auto$ff.cc:337:slice$7431/group_minimum[8] (2 -> 5)
  Merging D + CE LUTs for $auto$ff.cc:337:slice$7430/group_minimum[8] (2 -> 5)
  Merging D + CE LUTs for $auto$ff.cc:337:slice$7428/group_minimum[9] (2 -> 5)
  Merging D + CE LUTs for $auto$ff.cc:337:slice$7427/group_minimum[9] (2 -> 5)
  Merging D + CE LUTs for $auto$ff.cc:337:slice$7426/group_minimum[9] (2 -> 5)
  Merging D + CE LUTs for $auto$ff.cc:337:slice$7425/group_minimum[9] (2 -> 5)
  Merging D + CE LUTs for $auto$ff.cc:337:slice$7424/group_minimum[9] (2 -> 5)
  Merging D + CE LUTs for $auto$ff.cc:337:slice$7423/group_minimum[9] (2 -> 5)
  Merging D + CE LUTs for $auto$ff.cc:337:slice$7422/group_minimum[9] (2 -> 5)
  Merging D + CE LUTs for $auto$ff.cc:337:slice$7421/group_minimum[9] (2 -> 5)
  Merging D + CE LUTs for $auto$ff.cc:337:slice$7420/group_minimum[9] (2 -> 5)
  Merging D + CE LUTs for $auto$ff.cc:337:slice$7419/group_minimum[9] (2 -> 5)
  Merging D + CE LUTs for $auto$ff.cc:337:slice$7418/group_minimum[9] (2 -> 5)
  Merging D + CE LUTs for $auto$ff.cc:337:slice$7417/group_minimum[9] (2 -> 5)
  Merging D + CE LUTs for $auto$ff.cc:337:slice$7416/group_minimum[9] (2 -> 5)
  Merging D + CE LUTs for $auto$ff.cc:337:slice$7415/group_minimum[9] (2 -> 5)
  Merging D + CE LUTs for $auto$ff.cc:337:slice$7414/group_minimum[9] (2 -> 5)
  Merging D + CE LUTs for $auto$ff.cc:337:slice$7412/group_minimum[10] (2 -> 5)
  Merging D + CE LUTs for $auto$ff.cc:337:slice$7411/group_minimum[10] (2 -> 5)
  Merging D + CE LUTs for $auto$ff.cc:337:slice$7410/group_minimum[10] (2 -> 5)
  Merging D + CE LUTs for $auto$ff.cc:337:slice$7409/group_minimum[10] (2 -> 5)
  Merging D + CE LUTs for $auto$ff.cc:337:slice$7408/group_minimum[10] (2 -> 5)
  Merging D + CE LUTs for $auto$ff.cc:337:slice$7407/group_minimum[10] (2 -> 5)
  Merging D + CE LUTs for $auto$ff.cc:337:slice$7406/group_minimum[10] (2 -> 5)
  Merging D + CE LUTs for $auto$ff.cc:337:slice$7405/group_minimum[10] (2 -> 5)
  Merging D + CE LUTs for $auto$ff.cc:337:slice$7404/group_minimum[10] (2 -> 5)
  Merging D + CE LUTs for $auto$ff.cc:337:slice$7403/group_minimum[10] (2 -> 5)
  Merging D + CE LUTs for $auto$ff.cc:337:slice$7402/group_minimum[10] (2 -> 5)
  Merging D + CE LUTs for $auto$ff.cc:337:slice$7401/group_minimum[10] (2 -> 5)
  Merging D + CE LUTs for $auto$ff.cc:337:slice$7400/group_minimum[10] (2 -> 5)
  Merging D + CE LUTs for $auto$ff.cc:337:slice$7399/group_minimum[10] (2 -> 5)
  Merging D + CE LUTs for $auto$ff.cc:337:slice$7398/group_minimum[10] (2 -> 5)
  Merging D + CE LUTs for $auto$ff.cc:337:slice$7335/remaining[0] (3 -> 6)
  Merging D + CE LUTs for $auto$ff.cc:337:slice$7334/remaining[0] (3 -> 6)
  Merging D + CE LUTs for $auto$ff.cc:337:slice$7333/remaining[0] (3 -> 6)
  Merging D + CE LUTs for $auto$ff.cc:337:slice$7332/remaining[0] (3 -> 6)
  Merging D + CE LUTs for $auto$ff.cc:337:slice$7331/remaining[0] (3 -> 6)
  Merging D + CE LUTs for $auto$ff.cc:337:slice$7330/remaining[0] (3 -> 6)
  Merging D + CE LUTs for $auto$ff.cc:337:slice$7329/remaining[0] (3 -> 6)
  Merging D + CE LUTs for $auto$ff.cc:337:slice$7328/remaining[0] (3 -> 6)
  Merging D + CE LUTs for $auto$ff.cc:337:slice$7327/remaining[0] (3 -> 6)
  Merging D + CE LUTs for $auto$ff.cc:337:slice$7326/remaining[0] (3 -> 6)
  Merging D + CE LUTs for $auto$ff.cc:337:slice$7325/remaining[0] (3 -> 6)
  Merging D + CE LUTs for $auto$ff.cc:337:slice$7324/remaining[0] (3 -> 6)
  Merging D + CE LUTs for $auto$ff.cc:337:slice$7323/remaining[0] (3 -> 6)
  Merging D + CE LUTs for $auto$ff.cc:337:slice$7322/remaining[0] (3 -> 6)
  Merging D + CE LUTs for $auto$ff.cc:337:slice$7321/remaining[0] (3 -> 6)
  Merging D + CE LUTs for $auto$ff.cc:337:slice$7320/remaining[0] (3 -> 6)
  Merging D + CE LUTs for $auto$ff.cc:337:slice$7319/remaining[0] (3 -> 6)
  Merging D + CE LUTs for $auto$ff.cc:337:slice$7318/remaining[0] (3 -> 6)
  Merging D + CE LUTs for $auto$ff.cc:337:slice$7317/remaining[0] (3 -> 6)
  Merging D + CE LUTs for $auto$ff.cc:337:slice$7316/remaining[0] (3 -> 6)
  Merging D + CE LUTs for $auto$ff.cc:337:slice$7315/remaining[0] (3 -> 6)
  Merging D + CE LUTs for $auto$ff.cc:337:slice$7314/remaining[0] (3 -> 6)
  Merging D + CE LUTs for $auto$ff.cc:337:slice$7313/remaining[0] (3 -> 6)
  Merging D + CE LUTs for $auto$ff.cc:337:slice$7312/remaining[0] (3 -> 6)
  Merging D + CE LUTs for $auto$ff.cc:337:slice$7311/remaining[0] (3 -> 6)
  Merging D + CE LUTs for $auto$ff.cc:337:slice$7310/remaining[0] (3 -> 6)
  Merging D + CE LUTs for $auto$ff.cc:337:slice$7309/remaining[0] (3 -> 6)
  Merging D + CE LUTs for $auto$ff.cc:337:slice$7308/remaining[0] (3 -> 6)
  Merging D + CE LUTs for $auto$ff.cc:337:slice$7307/remaining[0] (3 -> 6)
  Merging D + CE LUTs for $auto$ff.cc:337:slice$7306/remaining[0] (3 -> 6)
  Merging D + CE LUTs for $auto$ff.cc:337:slice$7305/remaining[0] (3 -> 6)
  Merging D + CE LUTs for $auto$ff.cc:337:slice$7303/remaining[1] (3 -> 6)
  Merging D + CE LUTs for $auto$ff.cc:337:slice$7302/remaining[1] (3 -> 6)
  Merging D + CE LUTs for $auto$ff.cc:337:slice$7301/remaining[1] (3 -> 6)
  Merging D + CE LUTs for $auto$ff.cc:337:slice$7300/remaining[1] (3 -> 6)
  Merging D + CE LUTs for $auto$ff.cc:337:slice$7299/remaining[1] (3 -> 6)
  Merging D + CE LUTs for $auto$ff.cc:337:slice$7298/remaining[1] (3 -> 6)
  Merging D + CE LUTs for $auto$ff.cc:337:slice$7297/remaining[1] (3 -> 6)
  Merging D + CE LUTs for $auto$ff.cc:337:slice$7296/remaining[1] (3 -> 6)
  Merging D + CE LUTs for $auto$ff.cc:337:slice$7295/remaining[1] (3 -> 6)
  Merging D + CE LUTs for $auto$ff.cc:337:slice$7294/remaining[1] (3 -> 6)
  Merging D + CE LUTs for $auto$ff.cc:337:slice$7293/remaining[1] (3 -> 6)
  Merging D + CE LUTs for $auto$ff.cc:337:slice$7292/remaining[1] (3 -> 6)
  Merging D + CE LUTs for $auto$ff.cc:337:slice$7291/remaining[1] (3 -> 6)
  Merging D + CE LUTs for $auto$ff.cc:337:slice$7290/remaining[1] (3 -> 6)
  Merging D + CE LUTs for $auto$ff.cc:337:slice$7289/remaining[1] (3 -> 6)
  Merging D + CE LUTs for $auto$ff.cc:337:slice$7288/remaining[1] (3 -> 6)
  Merging D + CE LUTs for $auto$ff.cc:337:slice$7287/remaining[1] (3 -> 6)
  Merging D + CE LUTs for $auto$ff.cc:337:slice$7286/remaining[1] (3 -> 6)
  Merging D + CE LUTs for $auto$ff.cc:337:slice$7285/remaining[1] (3 -> 6)
  Merging D + CE LUTs for $auto$ff.cc:337:slice$7284/remaining[1] (3 -> 6)
  Merging D + CE LUTs for $auto$ff.cc:337:slice$7283/remaining[1] (3 -> 6)
  Merging D + CE LUTs for $auto$ff.cc:337:slice$7282/remaining[1] (3 -> 6)
  Merging D + CE LUTs for $auto$ff.cc:337:slice$7281/remaining[1] (3 -> 6)
  Merging D + CE LUTs for $auto$ff.cc:337:slice$7280/remaining[1] (3 -> 6)
  Merging D + CE LUTs for $auto$ff.cc:337:slice$7279/remaining[1] (3 -> 6)
  Merging D + CE LUTs for $auto$ff.cc:337:slice$7278/remaining[1] (3 -> 6)
  Merging D + CE LUTs for $auto$ff.cc:337:slice$7277/remaining[1] (3 -> 6)
  Merging D + CE LUTs for $auto$ff.cc:337:slice$7276/remaining[1] (3 -> 6)
  Merging D + CE LUTs for $auto$ff.cc:337:slice$7275/remaining[1] (3 -> 6)
  Merging D + CE LUTs for $auto$ff.cc:337:slice$7274/remaining[1] (3 -> 6)
  Merging D + CE LUTs for $auto$ff.cc:337:slice$7273/remaining[1] (3 -> 6)
  Merging D + CE LUTs for $auto$ff.cc:337:slice$7271/remaining[2] (3 -> 6)
  Merging D + CE LUTs for $auto$ff.cc:337:slice$7270/remaining[2] (3 -> 6)
  Merging D + CE LUTs for $auto$ff.cc:337:slice$7269/remaining[2] (3 -> 6)
  Merging D + CE LUTs for $auto$ff.cc:337:slice$7268/remaining[2] (3 -> 6)
  Merging D + CE LUTs for $auto$ff.cc:337:slice$7267/remaining[2] (3 -> 6)
  Merging D + CE LUTs for $auto$ff.cc:337:slice$7266/remaining[2] (3 -> 6)
  Merging D + CE LUTs for $auto$ff.cc:337:slice$7265/remaining[2] (3 -> 6)
  Merging D + CE LUTs for $auto$ff.cc:337:slice$7264/remaining[2] (3 -> 6)
  Merging D + CE LUTs for $auto$ff.cc:337:slice$7263/remaining[2] (3 -> 6)
  Merging D + CE LUTs for $auto$ff.cc:337:slice$7262/remaining[2] (3 -> 6)
  Merging D + CE LUTs for $auto$ff.cc:337:slice$7261/remaining[2] (3 -> 6)
  Merging D + CE LUTs for $auto$ff.cc:337:slice$7260/remaining[2] (3 -> 6)
  Merging D + CE LUTs for $auto$ff.cc:337:slice$7259/remaining[2] (3 -> 6)
  Merging D + CE LUTs for $auto$ff.cc:337:slice$7258/remaining[2] (3 -> 6)
  Merging D + CE LUTs for $auto$ff.cc:337:slice$7257/remaining[2] (3 -> 6)
  Merging D + CE LUTs for $auto$ff.cc:337:slice$7256/remaining[2] (3 -> 6)
  Merging D + CE LUTs for $auto$ff.cc:337:slice$7255/remaining[2] (3 -> 6)
  Merging D + CE LUTs for $auto$ff.cc:337:slice$7254/remaining[2] (3 -> 6)
  Merging D + CE LUTs for $auto$ff.cc:337:slice$7253/remaining[2] (3 -> 6)
  Merging D + CE LUTs for $auto$ff.cc:337:slice$7252/remaining[2] (3 -> 6)
  Merging D + CE LUTs for $auto$ff.cc:337:slice$7251/remaining[2] (3 -> 6)
  Merging D + CE LUTs for $auto$ff.cc:337:slice$7250/remaining[2] (3 -> 6)
  Merging D + CE LUTs for $auto$ff.cc:337:slice$7249/remaining[2] (3 -> 6)
  Merging D + CE LUTs for $auto$ff.cc:337:slice$7248/remaining[2] (3 -> 6)
  Merging D + CE LUTs for $auto$ff.cc:337:slice$7247/remaining[2] (3 -> 6)
  Merging D + CE LUTs for $auto$ff.cc:337:slice$7246/remaining[2] (3 -> 6)
  Merging D + CE LUTs for $auto$ff.cc:337:slice$7245/remaining[2] (3 -> 6)
  Merging D + CE LUTs for $auto$ff.cc:337:slice$7244/remaining[2] (3 -> 6)
  Merging D + CE LUTs for $auto$ff.cc:337:slice$7243/remaining[2] (3 -> 6)
  Merging D + CE LUTs for $auto$ff.cc:337:slice$7242/remaining[2] (3 -> 6)
  Merging D + CE LUTs for $auto$ff.cc:337:slice$7241/remaining[2] (3 -> 6)
  Merging D + CE LUTs for $auto$ff.cc:337:slice$7239/remaining[3] (3 -> 6)
  Merging D + CE LUTs for $auto$ff.cc:337:slice$7238/remaining[3] (3 -> 6)
  Merging D + CE LUTs for $auto$ff.cc:337:slice$7237/remaining[3] (3 -> 6)
  Merging D + CE LUTs for $auto$ff.cc:337:slice$7236/remaining[3] (3 -> 6)
  Merging D + CE LUTs for $auto$ff.cc:337:slice$7235/remaining[3] (3 -> 6)
  Merging D + CE LUTs for $auto$ff.cc:337:slice$7234/remaining[3] (3 -> 6)
  Merging D + CE LUTs for $auto$ff.cc:337:slice$7233/remaining[3] (3 -> 6)
  Merging D + CE LUTs for $auto$ff.cc:337:slice$7232/remaining[3] (3 -> 6)
  Merging D + CE LUTs for $auto$ff.cc:337:slice$7231/remaining[3] (3 -> 6)
  Merging D + CE LUTs for $auto$ff.cc:337:slice$7230/remaining[3] (3 -> 6)
  Merging D + CE LUTs for $auto$ff.cc:337:slice$7229/remaining[3] (3 -> 6)
  Merging D + CE LUTs for $auto$ff.cc:337:slice$7228/remaining[3] (3 -> 6)
  Merging D + CE LUTs for $auto$ff.cc:337:slice$7227/remaining[3] (3 -> 6)
  Merging D + CE LUTs for $auto$ff.cc:337:slice$7226/remaining[3] (3 -> 6)
  Merging D + CE LUTs for $auto$ff.cc:337:slice$7225/remaining[3] (3 -> 6)
  Merging D + CE LUTs for $auto$ff.cc:337:slice$7224/remaining[3] (3 -> 6)
  Merging D + CE LUTs for $auto$ff.cc:337:slice$7223/remaining[3] (3 -> 6)
  Merging D + CE LUTs for $auto$ff.cc:337:slice$7222/remaining[3] (3 -> 6)
  Merging D + CE LUTs for $auto$ff.cc:337:slice$7221/remaining[3] (3 -> 6)
  Merging D + CE LUTs for $auto$ff.cc:337:slice$7220/remaining[3] (3 -> 6)
  Merging D + CE LUTs for $auto$ff.cc:337:slice$7219/remaining[3] (3 -> 6)
  Merging D + CE LUTs for $auto$ff.cc:337:slice$7218/remaining[3] (3 -> 6)
  Merging D + CE LUTs for $auto$ff.cc:337:slice$7217/remaining[3] (3 -> 6)
  Merging D + CE LUTs for $auto$ff.cc:337:slice$7216/remaining[3] (3 -> 6)
  Merging D + CE LUTs for $auto$ff.cc:337:slice$7215/remaining[3] (3 -> 6)
  Merging D + CE LUTs for $auto$ff.cc:337:slice$7214/remaining[3] (3 -> 6)
  Merging D + CE LUTs for $auto$ff.cc:337:slice$7213/remaining[3] (3 -> 6)
  Merging D + CE LUTs for $auto$ff.cc:337:slice$7212/remaining[3] (3 -> 6)
  Merging D + CE LUTs for $auto$ff.cc:337:slice$7211/remaining[3] (3 -> 6)
  Merging D + CE LUTs for $auto$ff.cc:337:slice$7210/remaining[3] (3 -> 6)
  Merging D + CE LUTs for $auto$ff.cc:337:slice$7209/remaining[3] (3 -> 6)
  Merging D + CE LUTs for $auto$ff.cc:337:slice$7207/remaining[4] (3 -> 6)
  Merging D + CE LUTs for $auto$ff.cc:337:slice$7206/remaining[4] (3 -> 6)
  Merging D + CE LUTs for $auto$ff.cc:337:slice$7205/remaining[4] (3 -> 6)
  Merging D + CE LUTs for $auto$ff.cc:337:slice$7204/remaining[4] (3 -> 6)
  Merging D + CE LUTs for $auto$ff.cc:337:slice$7203/remaining[4] (3 -> 6)
  Merging D + CE LUTs for $auto$ff.cc:337:slice$7202/remaining[4] (3 -> 6)
  Merging D + CE LUTs for $auto$ff.cc:337:slice$7201/remaining[4] (3 -> 6)
  Merging D + CE LUTs for $auto$ff.cc:337:slice$7200/remaining[4] (3 -> 6)
  Merging D + CE LUTs for $auto$ff.cc:337:slice$7199/remaining[4] (3 -> 6)
  Merging D + CE LUTs for $auto$ff.cc:337:slice$7198/remaining[4] (3 -> 6)
  Merging D + CE LUTs for $auto$ff.cc:337:slice$7197/remaining[4] (3 -> 6)
  Merging D + CE LUTs for $auto$ff.cc:337:slice$7196/remaining[4] (3 -> 6)
  Merging D + CE LUTs for $auto$ff.cc:337:slice$7195/remaining[4] (3 -> 6)
  Merging D + CE LUTs for $auto$ff.cc:337:slice$7194/remaining[4] (3 -> 6)
  Merging D + CE LUTs for $auto$ff.cc:337:slice$7193/remaining[4] (3 -> 6)
  Merging D + CE LUTs for $auto$ff.cc:337:slice$7192/remaining[4] (3 -> 6)
  Merging D + CE LUTs for $auto$ff.cc:337:slice$7191/remaining[4] (3 -> 6)
  Merging D + CE LUTs for $auto$ff.cc:337:slice$7190/remaining[4] (3 -> 6)
  Merging D + CE LUTs for $auto$ff.cc:337:slice$7189/remaining[4] (3 -> 6)
  Merging D + CE LUTs for $auto$ff.cc:337:slice$7188/remaining[4] (3 -> 6)
  Merging D + CE LUTs for $auto$ff.cc:337:slice$7187/remaining[4] (3 -> 6)
  Merging D + CE LUTs for $auto$ff.cc:337:slice$7186/remaining[4] (3 -> 6)
  Merging D + CE LUTs for $auto$ff.cc:337:slice$7185/remaining[4] (3 -> 6)
  Merging D + CE LUTs for $auto$ff.cc:337:slice$7184/remaining[4] (3 -> 6)
  Merging D + CE LUTs for $auto$ff.cc:337:slice$7183/remaining[4] (3 -> 6)
  Merging D + CE LUTs for $auto$ff.cc:337:slice$7182/remaining[4] (3 -> 6)
  Merging D + CE LUTs for $auto$ff.cc:337:slice$7181/remaining[4] (3 -> 6)
  Merging D + CE LUTs for $auto$ff.cc:337:slice$7180/remaining[4] (3 -> 6)
  Merging D + CE LUTs for $auto$ff.cc:337:slice$7179/remaining[4] (3 -> 6)
  Merging D + CE LUTs for $auto$ff.cc:337:slice$7178/remaining[4] (3 -> 6)
  Merging D + CE LUTs for $auto$ff.cc:337:slice$7177/remaining[4] (3 -> 6)
  Merging D + CE LUTs for $auto$ff.cc:337:slice$7175/remaining[5] (3 -> 6)
  Merging D + CE LUTs for $auto$ff.cc:337:slice$7174/remaining[5] (3 -> 6)
  Merging D + CE LUTs for $auto$ff.cc:337:slice$7173/remaining[5] (3 -> 6)
  Merging D + CE LUTs for $auto$ff.cc:337:slice$7172/remaining[5] (3 -> 6)
  Merging D + CE LUTs for $auto$ff.cc:337:slice$7171/remaining[5] (3 -> 6)
  Merging D + CE LUTs for $auto$ff.cc:337:slice$7170/remaining[5] (3 -> 6)
  Merging D + CE LUTs for $auto$ff.cc:337:slice$7169/remaining[5] (3 -> 6)
  Merging D + CE LUTs for $auto$ff.cc:337:slice$7168/remaining[5] (3 -> 6)
  Merging D + CE LUTs for $auto$ff.cc:337:slice$7167/remaining[5] (3 -> 6)
  Merging D + CE LUTs for $auto$ff.cc:337:slice$7166/remaining[5] (3 -> 6)
  Merging D + CE LUTs for $auto$ff.cc:337:slice$7165/remaining[5] (3 -> 6)
  Merging D + CE LUTs for $auto$ff.cc:337:slice$7164/remaining[5] (3 -> 6)
  Merging D + CE LUTs for $auto$ff.cc:337:slice$7163/remaining[5] (3 -> 6)
  Merging D + CE LUTs for $auto$ff.cc:337:slice$7162/remaining[5] (3 -> 6)
  Merging D + CE LUTs for $auto$ff.cc:337:slice$7161/remaining[5] (3 -> 6)
  Merging D + CE LUTs for $auto$ff.cc:337:slice$7160/remaining[5] (3 -> 6)
  Merging D + CE LUTs for $auto$ff.cc:337:slice$7159/remaining[5] (3 -> 6)
  Merging D + CE LUTs for $auto$ff.cc:337:slice$7158/remaining[5] (3 -> 6)
  Merging D + CE LUTs for $auto$ff.cc:337:slice$7157/remaining[5] (3 -> 6)
  Merging D + CE LUTs for $auto$ff.cc:337:slice$7156/remaining[5] (3 -> 6)
  Merging D + CE LUTs for $auto$ff.cc:337:slice$7155/remaining[5] (3 -> 6)
  Merging D + CE LUTs for $auto$ff.cc:337:slice$7154/remaining[5] (3 -> 6)
  Merging D + CE LUTs for $auto$ff.cc:337:slice$7153/remaining[5] (3 -> 6)
  Merging D + CE LUTs for $auto$ff.cc:337:slice$7152/remaining[5] (3 -> 6)
  Merging D + CE LUTs for $auto$ff.cc:337:slice$7151/remaining[5] (3 -> 6)
  Merging D + CE LUTs for $auto$ff.cc:337:slice$7150/remaining[5] (3 -> 6)
  Merging D + CE LUTs for $auto$ff.cc:337:slice$7149/remaining[5] (3 -> 6)
  Merging D + CE LUTs for $auto$ff.cc:337:slice$7148/remaining[5] (3 -> 6)
  Merging D + CE LUTs for $auto$ff.cc:337:slice$7147/remaining[5] (3 -> 6)
  Merging D + CE LUTs for $auto$ff.cc:337:slice$7146/remaining[5] (3 -> 6)
  Merging D + CE LUTs for $auto$ff.cc:337:slice$7145/remaining[5] (3 -> 6)
  Merging D + CE LUTs for $auto$ff.cc:337:slice$7143/remaining[6] (3 -> 6)
  Merging D + CE LUTs for $auto$ff.cc:337:slice$7142/remaining[6] (3 -> 6)
  Merging D + CE LUTs for $auto$ff.cc:337:slice$7141/remaining[6] (3 -> 6)
  Merging D + CE LUTs for $auto$ff.cc:337:slice$7140/remaining[6] (3 -> 6)
  Merging D + CE LUTs for $auto$ff.cc:337:slice$7139/remaining[6] (3 -> 6)
  Merging D + CE LUTs for $auto$ff.cc:337:slice$7138/remaining[6] (3 -> 6)
  Merging D + CE LUTs for $auto$ff.cc:337:slice$7137/remaining[6] (3 -> 6)
  Merging D + CE LUTs for $auto$ff.cc:337:slice$7136/remaining[6] (3 -> 6)
  Merging D + CE LUTs for $auto$ff.cc:337:slice$7135/remaining[6] (3 -> 6)
  Merging D + CE LUTs for $auto$ff.cc:337:slice$7134/remaining[6] (3 -> 6)
  Merging D + CE LUTs for $auto$ff.cc:337:slice$7133/remaining[6] (3 -> 6)
  Merging D + CE LUTs for $auto$ff.cc:337:slice$7132/remaining[6] (3 -> 6)
  Merging D + CE LUTs for $auto$ff.cc:337:slice$7131/remaining[6] (3 -> 6)
  Merging D + CE LUTs for $auto$ff.cc:337:slice$7130/remaining[6] (3 -> 6)
  Merging D + CE LUTs for $auto$ff.cc:337:slice$7129/remaining[6] (3 -> 6)
  Merging D + CE LUTs for $auto$ff.cc:337:slice$7128/remaining[6] (3 -> 6)
  Merging D + CE LUTs for $auto$ff.cc:337:slice$7127/remaining[6] (3 -> 6)
  Merging D + CE LUTs for $auto$ff.cc:337:slice$7126/remaining[6] (3 -> 6)
  Merging D + CE LUTs for $auto$ff.cc:337:slice$7125/remaining[6] (3 -> 6)
  Merging D + CE LUTs for $auto$ff.cc:337:slice$7124/remaining[6] (3 -> 6)
  Merging D + CE LUTs for $auto$ff.cc:337:slice$7123/remaining[6] (3 -> 6)
  Merging D + CE LUTs for $auto$ff.cc:337:slice$7122/remaining[6] (3 -> 6)
  Merging D + CE LUTs for $auto$ff.cc:337:slice$7121/remaining[6] (3 -> 6)
  Merging D + CE LUTs for $auto$ff.cc:337:slice$7120/remaining[6] (3 -> 6)
  Merging D + CE LUTs for $auto$ff.cc:337:slice$7119/remaining[6] (3 -> 6)
  Merging D + CE LUTs for $auto$ff.cc:337:slice$7118/remaining[6] (3 -> 6)
  Merging D + CE LUTs for $auto$ff.cc:337:slice$7117/remaining[6] (3 -> 6)
  Merging D + CE LUTs for $auto$ff.cc:337:slice$7116/remaining[6] (3 -> 6)
  Merging D + CE LUTs for $auto$ff.cc:337:slice$7115/remaining[6] (3 -> 6)
  Merging D + CE LUTs for $auto$ff.cc:337:slice$7114/remaining[6] (3 -> 6)
  Merging D + CE LUTs for $auto$ff.cc:337:slice$7113/remaining[6] (3 -> 6)
  Merging D + CE LUTs for $auto$ff.cc:337:slice$6750/group_minimum[7] (2 -> 5)
  Merging D + CE LUTs for $auto$ff.cc:337:slice$7429/group_minimum[8] (2 -> 5)
  Merging D + CE LUTs for $auto$ff.cc:337:slice$7413/group_minimum[9] (2 -> 5)
  Merging D + CE LUTs for $auto$ff.cc:337:slice$7397/group_minimum[10] (2 -> 5)
  Merging D + CE LUTs for $auto$ff.cc:337:slice$7396/$abc$34853$iopadmap$busy (1 -> 4)
  Merging D + CE LUTs for $auto$ff.cc:337:slice$7304/remaining[0] (3 -> 6)
  Merging D + CE LUTs for $auto$ff.cc:337:slice$7272/remaining[1] (3 -> 6)
  Merging D + CE LUTs for $auto$ff.cc:337:slice$7240/remaining[2] (3 -> 6)
  Merging D + CE LUTs for $auto$ff.cc:337:slice$7208/remaining[3] (3 -> 6)
  Merging D + CE LUTs for $auto$ff.cc:337:slice$7176/remaining[4] (3 -> 6)
  Merging D + CE LUTs for $auto$ff.cc:337:slice$7144/remaining[5] (3 -> 6)
  Merging D + CE LUTs for $auto$ff.cc:337:slice$7112/remaining[6] (3 -> 6)
  Merging D + CE LUTs for $auto$ff.cc:337:slice$7080/remaining[7] (3 -> 6)
  Merging D + CE LUTs for $auto$ff.cc:337:slice$7048/remaining[8] (3 -> 6)
  Merging D + CE LUTs for $auto$ff.cc:337:slice$7016/remaining[9] (3 -> 6)
  Merging D + CE LUTs for $auto$ff.cc:337:slice$6982/remaining[10] (3 -> 6)
  Merging D + CE LUTs for $auto$ff.cc:337:slice$6941/remaining[11] (3 -> 6)
  Merging D + CE LUTs for $auto$ff.cc:337:slice$6909/remaining[12] (3 -> 6)
  Merging D + CE LUTs for $auto$ff.cc:337:slice$6893/group_minimum[11] (2 -> 5)
  Merging D + CE LUTs for $auto$ff.cc:337:slice$6877/group_minimum[12] (2 -> 5)
  Merging D + CE LUTs for $auto$ff.cc:337:slice$6861/group_minimum[0] (2 -> 5)
  Merging D + CE LUTs for $auto$ff.cc:337:slice$6845/group_minimum[1] (2 -> 5)
  Merging D + CE LUTs for $auto$ff.cc:337:slice$6829/group_minimum[2] (2 -> 5)
  Merging D + CE LUTs for $auto$ff.cc:337:slice$6813/group_minimum[3] (2 -> 5)
  Merging D + CE LUTs for $auto$ff.cc:337:slice$6797/group_minimum[4] (2 -> 5)
  Merging D + CE LUTs for $auto$ff.cc:337:slice$6781/group_minimum[5] (2 -> 5)
  Merging D + CE LUTs for $auto$ff.cc:337:slice$7111/remaining[7] (3 -> 6)
  Merging D + CE LUTs for $auto$ff.cc:337:slice$7110/remaining[7] (3 -> 6)
  Merging D + CE LUTs for $auto$ff.cc:337:slice$7109/remaining[7] (3 -> 6)
  Merging D + CE LUTs for $auto$ff.cc:337:slice$7108/remaining[7] (3 -> 6)
  Merging D + CE LUTs for $auto$ff.cc:337:slice$7107/remaining[7] (3 -> 6)
  Merging D + CE LUTs for $auto$ff.cc:337:slice$7106/remaining[7] (3 -> 6)
  Merging D + CE LUTs for $auto$ff.cc:337:slice$7105/remaining[7] (3 -> 6)
  Merging D + CE LUTs for $auto$ff.cc:337:slice$6765/group_minimum[6] (2 -> 5)
  Merging D + CE LUTs for $auto$ff.cc:337:slice$7104/remaining[7] (3 -> 6)
  Merging D + CE LUTs for $auto$ff.cc:337:slice$7103/remaining[7] (3 -> 6)
  Merging D + CE LUTs for $auto$ff.cc:337:slice$7102/remaining[7] (3 -> 6)
  Merging D + CE LUTs for $auto$ff.cc:337:slice$7101/remaining[7] (3 -> 6)
  Merging D + CE LUTs for $auto$ff.cc:337:slice$7100/remaining[7] (3 -> 6)
  Merging D + CE LUTs for $auto$ff.cc:337:slice$7099/remaining[7] (3 -> 6)
  Merging D + CE LUTs for $auto$ff.cc:337:slice$7098/remaining[7] (3 -> 6)
  Merging D + CE LUTs for $auto$ff.cc:337:slice$7097/remaining[7] (3 -> 6)
  Merging D + CE LUTs for $auto$ff.cc:337:slice$7096/remaining[7] (3 -> 6)
  Merging D + CE LUTs for $auto$ff.cc:337:slice$7095/remaining[7] (3 -> 6)
  Merging D + CE LUTs for $auto$ff.cc:337:slice$7094/remaining[7] (3 -> 6)
  Merging D + CE LUTs for $auto$ff.cc:337:slice$7093/remaining[7] (3 -> 6)
  Merging D + CE LUTs for $auto$ff.cc:337:slice$7092/remaining[7] (3 -> 6)
  Merging D + CE LUTs for $auto$ff.cc:337:slice$7091/remaining[7] (3 -> 6)
  Merging D + CE LUTs for $auto$ff.cc:337:slice$7090/remaining[7] (3 -> 6)
  Merging D + CE LUTs for $auto$ff.cc:337:slice$7089/remaining[7] (3 -> 6)
  Merging D + CE LUTs for $auto$ff.cc:337:slice$7088/remaining[7] (3 -> 6)
  Merging D + CE LUTs for $auto$ff.cc:337:slice$7087/remaining[7] (3 -> 6)
  Merging D + CE LUTs for $auto$ff.cc:337:slice$7086/remaining[7] (3 -> 6)
  Merging D + CE LUTs for $auto$ff.cc:337:slice$7085/remaining[7] (3 -> 6)
  Merging D + CE LUTs for $auto$ff.cc:337:slice$7084/remaining[7] (3 -> 6)
  Merging D + CE LUTs for $auto$ff.cc:337:slice$7083/remaining[7] (3 -> 6)
  Merging D + CE LUTs for $auto$ff.cc:337:slice$7082/remaining[7] (3 -> 6)
  Merging D + CE LUTs for $auto$ff.cc:337:slice$7081/remaining[7] (3 -> 6)
  Merging D + CE LUTs for $auto$ff.cc:337:slice$7079/remaining[8] (3 -> 6)
  Merging D + CE LUTs for $auto$ff.cc:337:slice$7078/remaining[8] (3 -> 6)
  Merging D + CE LUTs for $auto$ff.cc:337:slice$7077/remaining[8] (3 -> 6)
  Merging D + CE LUTs for $auto$ff.cc:337:slice$7076/remaining[8] (3 -> 6)
  Merging D + CE LUTs for $auto$ff.cc:337:slice$7075/remaining[8] (3 -> 6)
  Merging D + CE LUTs for $auto$ff.cc:337:slice$7074/remaining[8] (3 -> 6)
  Merging D + CE LUTs for $auto$ff.cc:337:slice$7073/remaining[8] (3 -> 6)
  Merging D + CE LUTs for $auto$ff.cc:337:slice$7072/remaining[8] (3 -> 6)
  Merging D + CE LUTs for $auto$ff.cc:337:slice$7071/remaining[8] (3 -> 6)
  Merging D + CE LUTs for $auto$ff.cc:337:slice$7070/remaining[8] (3 -> 6)
  Merging D + CE LUTs for $auto$ff.cc:337:slice$7069/remaining[8] (3 -> 6)
  Merging D + CE LUTs for $auto$ff.cc:337:slice$7068/remaining[8] (3 -> 6)
  Merging D + CE LUTs for $auto$ff.cc:337:slice$7067/remaining[8] (3 -> 6)
  Merging D + CE LUTs for $auto$ff.cc:337:slice$7066/remaining[8] (3 -> 6)
  Merging D + CE LUTs for $auto$ff.cc:337:slice$7065/remaining[8] (3 -> 6)
  Merging D + CE LUTs for $auto$ff.cc:337:slice$7064/remaining[8] (3 -> 6)
  Merging D + CE LUTs for $auto$ff.cc:337:slice$7063/remaining[8] (3 -> 6)
  Merging D + CE LUTs for $auto$ff.cc:337:slice$7062/remaining[8] (3 -> 6)
  Merging D + CE LUTs for $auto$ff.cc:337:slice$7061/remaining[8] (3 -> 6)
  Merging D + CE LUTs for $auto$ff.cc:337:slice$7060/remaining[8] (3 -> 6)
  Merging D + CE LUTs for $auto$ff.cc:337:slice$7059/remaining[8] (3 -> 6)
  Merging D + CE LUTs for $auto$ff.cc:337:slice$7058/remaining[8] (3 -> 6)
  Merging D + CE LUTs for $auto$ff.cc:337:slice$7057/remaining[8] (3 -> 6)
  Merging D + CE LUTs for $auto$ff.cc:337:slice$7056/remaining[8] (3 -> 6)
  Merging D + CE LUTs for $auto$ff.cc:337:slice$7055/remaining[8] (3 -> 6)
  Merging D + CE LUTs for $auto$ff.cc:337:slice$7054/remaining[8] (3 -> 6)
  Merging D + CE LUTs for $auto$ff.cc:337:slice$7053/remaining[8] (3 -> 6)
  Merging D + CE LUTs for $auto$ff.cc:337:slice$7052/remaining[8] (3 -> 6)
  Merging D + CE LUTs for $auto$ff.cc:337:slice$7051/remaining[8] (3 -> 6)
  Merging D + CE LUTs for $auto$ff.cc:337:slice$7050/remaining[8] (3 -> 6)
  Merging D + CE LUTs for $auto$ff.cc:337:slice$7049/remaining[8] (3 -> 6)
  Merging D + CE LUTs for $auto$ff.cc:337:slice$7047/remaining[9] (3 -> 6)
  Merging D + CE LUTs for $auto$ff.cc:337:slice$7046/remaining[9] (3 -> 6)
  Merging D + CE LUTs for $auto$ff.cc:337:slice$7045/remaining[9] (3 -> 6)
  Merging D + CE LUTs for $auto$ff.cc:337:slice$7044/remaining[9] (3 -> 6)
  Merging D + CE LUTs for $auto$ff.cc:337:slice$7043/remaining[9] (3 -> 6)
  Merging D + CE LUTs for $auto$ff.cc:337:slice$7042/remaining[9] (3 -> 6)
  Merging D + CE LUTs for $auto$ff.cc:337:slice$7041/remaining[9] (3 -> 6)
  Merging D + CE LUTs for $auto$ff.cc:337:slice$7040/remaining[9] (3 -> 6)
  Merging D + CE LUTs for $auto$ff.cc:337:slice$7039/remaining[9] (3 -> 6)
  Merging D + CE LUTs for $auto$ff.cc:337:slice$7038/remaining[9] (3 -> 6)
  Merging D + CE LUTs for $auto$ff.cc:337:slice$7037/remaining[9] (3 -> 6)
  Merging D + CE LUTs for $auto$ff.cc:337:slice$7036/remaining[9] (3 -> 6)
  Merging D + CE LUTs for $auto$ff.cc:337:slice$7035/remaining[9] (3 -> 6)
  Merging D + CE LUTs for $auto$ff.cc:337:slice$7034/remaining[9] (3 -> 6)
  Merging D + CE LUTs for $auto$ff.cc:337:slice$7033/remaining[9] (3 -> 6)
  Merging D + CE LUTs for $auto$ff.cc:337:slice$7032/remaining[9] (3 -> 6)
  Merging D + CE LUTs for $auto$ff.cc:337:slice$7031/remaining[9] (3 -> 6)
  Merging D + CE LUTs for $auto$ff.cc:337:slice$7030/remaining[9] (3 -> 6)
  Merging D + CE LUTs for $auto$ff.cc:337:slice$7029/remaining[9] (3 -> 6)
  Merging D + CE LUTs for $auto$ff.cc:337:slice$7028/remaining[9] (3 -> 6)
  Merging D + CE LUTs for $auto$ff.cc:337:slice$7027/remaining[9] (3 -> 6)
  Merging D + CE LUTs for $auto$ff.cc:337:slice$7026/remaining[9] (3 -> 6)
  Merging D + CE LUTs for $auto$ff.cc:337:slice$7025/remaining[9] (3 -> 6)
  Merging D + CE LUTs for $auto$ff.cc:337:slice$7024/remaining[9] (3 -> 6)
  Merging D + CE LUTs for $auto$ff.cc:337:slice$7023/remaining[9] (3 -> 6)
  Merging D + CE LUTs for $auto$ff.cc:337:slice$7022/remaining[9] (3 -> 6)
  Merging D + CE LUTs for $auto$ff.cc:337:slice$7021/remaining[9] (3 -> 6)
  Merging D + CE LUTs for $auto$ff.cc:337:slice$7020/remaining[9] (3 -> 6)
  Merging D + CE LUTs for $auto$ff.cc:337:slice$7019/remaining[9] (3 -> 6)
  Merging D + CE LUTs for $auto$ff.cc:337:slice$7018/remaining[9] (3 -> 6)
  Merging D + CE LUTs for $auto$ff.cc:337:slice$7017/remaining[9] (3 -> 6)
  Merging D + CE LUTs for $auto$ff.cc:337:slice$7013/remaining[10] (3 -> 6)
  Merging D + CE LUTs for $auto$ff.cc:337:slice$7012/remaining[10] (3 -> 6)
  Merging D + CE LUTs for $auto$ff.cc:337:slice$7011/remaining[10] (3 -> 6)
  Merging D + CE LUTs for $auto$ff.cc:337:slice$7010/remaining[10] (3 -> 6)
  Merging D + CE LUTs for $auto$ff.cc:337:slice$7009/remaining[10] (3 -> 6)
  Merging D + CE LUTs for $auto$ff.cc:337:slice$7008/remaining[10] (3 -> 6)
  Merging D + CE LUTs for $auto$ff.cc:337:slice$7007/remaining[10] (3 -> 6)
  Merging D + CE LUTs for $auto$ff.cc:337:slice$7006/remaining[10] (3 -> 6)
  Merging D + CE LUTs for $auto$ff.cc:337:slice$7005/remaining[10] (3 -> 6)
  Merging D + CE LUTs for $auto$ff.cc:337:slice$7004/remaining[10] (3 -> 6)
  Merging D + CE LUTs for $auto$ff.cc:337:slice$7003/remaining[10] (3 -> 6)
  Merging D + CE LUTs for $auto$ff.cc:337:slice$7002/remaining[10] (3 -> 6)
  Merging D + CE LUTs for $auto$ff.cc:337:slice$7001/remaining[10] (3 -> 6)
  Merging D + CE LUTs for $auto$ff.cc:337:slice$7000/remaining[10] (3 -> 6)
  Merging D + CE LUTs for $auto$ff.cc:337:slice$6999/remaining[10] (3 -> 6)
  Merging D + CE LUTs for $auto$ff.cc:337:slice$6998/remaining[10] (3 -> 6)
  Merging D + CE LUTs for $auto$ff.cc:337:slice$6997/remaining[10] (3 -> 6)
  Merging D + CE LUTs for $auto$ff.cc:337:slice$6996/remaining[10] (3 -> 6)
  Merging D + CE LUTs for $auto$ff.cc:337:slice$6995/remaining[10] (3 -> 6)
  Merging D + CE LUTs for $auto$ff.cc:337:slice$6994/remaining[10] (3 -> 6)
  Merging D + CE LUTs for $auto$ff.cc:337:slice$6993/remaining[10] (3 -> 6)
  Merging D + CE LUTs for $auto$ff.cc:337:slice$6992/remaining[10] (3 -> 6)
  Merging D + CE LUTs for $auto$ff.cc:337:slice$6991/remaining[10] (3 -> 6)
  Merging D + CE LUTs for $auto$ff.cc:337:slice$6990/remaining[10] (3 -> 6)
  Merging D + CE LUTs for $auto$ff.cc:337:slice$6989/remaining[10] (3 -> 6)
  Merging D + CE LUTs for $auto$ff.cc:337:slice$6988/remaining[10] (3 -> 6)
  Merging D + CE LUTs for $auto$ff.cc:337:slice$6987/remaining[10] (3 -> 6)
  Merging D + CE LUTs for $auto$ff.cc:337:slice$6986/remaining[10] (3 -> 6)
  Merging D + CE LUTs for $auto$ff.cc:337:slice$6985/remaining[10] (3 -> 6)
  Merging D + CE LUTs for $auto$ff.cc:337:slice$6984/remaining[10] (3 -> 6)
  Merging D + CE LUTs for $auto$ff.cc:337:slice$6983/remaining[10] (3 -> 6)
  Merging D + CE LUTs for $auto$ff.cc:337:slice$6972/remaining[11] (3 -> 6)
  Merging D + CE LUTs for $auto$ff.cc:337:slice$6971/remaining[11] (3 -> 6)
  Merging D + CE LUTs for $auto$ff.cc:337:slice$6970/remaining[11] (3 -> 6)
  Merging D + CE LUTs for $auto$ff.cc:337:slice$6969/remaining[11] (3 -> 6)
  Merging D + CE LUTs for $auto$ff.cc:337:slice$6968/remaining[11] (3 -> 6)
  Merging D + CE LUTs for $auto$ff.cc:337:slice$6967/remaining[11] (3 -> 6)
  Merging D + CE LUTs for $auto$ff.cc:337:slice$6966/remaining[11] (3 -> 6)
  Merging D + CE LUTs for $auto$ff.cc:337:slice$6965/remaining[11] (3 -> 6)
  Merging D + CE LUTs for $auto$ff.cc:337:slice$6964/remaining[11] (3 -> 6)
  Merging D + CE LUTs for $auto$ff.cc:337:slice$6963/remaining[11] (3 -> 6)
  Merging D + CE LUTs for $auto$ff.cc:337:slice$6962/remaining[11] (3 -> 6)
  Merging D + CE LUTs for $auto$ff.cc:337:slice$6961/remaining[11] (3 -> 6)
  Merging D + CE LUTs for $auto$ff.cc:337:slice$6960/remaining[11] (3 -> 6)
  Merging D + CE LUTs for $auto$ff.cc:337:slice$6959/remaining[11] (3 -> 6)
  Merging D + CE LUTs for $auto$ff.cc:337:slice$6958/remaining[11] (3 -> 6)
  Merging D + CE LUTs for $auto$ff.cc:337:slice$6957/remaining[11] (3 -> 6)
  Merging D + CE LUTs for $auto$ff.cc:337:slice$6956/remaining[11] (3 -> 6)
  Merging D + CE LUTs for $auto$ff.cc:337:slice$6955/remaining[11] (3 -> 6)
  Merging D + CE LUTs for $auto$ff.cc:337:slice$6954/remaining[11] (3 -> 6)
  Merging D + CE LUTs for $auto$ff.cc:337:slice$6953/remaining[11] (3 -> 6)
  Merging D + CE LUTs for $auto$ff.cc:337:slice$6952/remaining[11] (3 -> 6)
  Merging D + CE LUTs for $auto$ff.cc:337:slice$6951/remaining[11] (3 -> 6)
  Merging D + CE LUTs for $auto$ff.cc:337:slice$6950/remaining[11] (3 -> 6)
  Merging D + CE LUTs for $auto$ff.cc:337:slice$6949/remaining[11] (3 -> 6)
  Merging D + CE LUTs for $auto$ff.cc:337:slice$6948/remaining[11] (3 -> 6)
  Merging D + CE LUTs for $auto$ff.cc:337:slice$6947/remaining[11] (3 -> 6)
  Merging D + CE LUTs for $auto$ff.cc:337:slice$6946/remaining[11] (3 -> 6)
  Merging D + CE LUTs for $auto$ff.cc:337:slice$6945/remaining[11] (3 -> 6)
  Merging D + CE LUTs for $auto$ff.cc:337:slice$6944/remaining[11] (3 -> 6)
  Merging D + CE LUTs for $auto$ff.cc:337:slice$6943/remaining[11] (3 -> 6)
  Merging D + CE LUTs for $auto$ff.cc:337:slice$6942/remaining[11] (3 -> 6)
  Merging D + CE LUTs for $auto$ff.cc:337:slice$6940/remaining[12] (3 -> 6)
  Merging D + CE LUTs for $auto$ff.cc:337:slice$6939/remaining[12] (3 -> 6)
  Merging D + CE LUTs for $auto$ff.cc:337:slice$6938/remaining[12] (3 -> 6)
  Merging D + CE LUTs for $auto$ff.cc:337:slice$6937/remaining[12] (3 -> 6)
  Merging D + CE LUTs for $auto$ff.cc:337:slice$6936/remaining[12] (3 -> 6)
  Merging D + CE LUTs for $auto$ff.cc:337:slice$6935/remaining[12] (3 -> 6)
  Merging D + CE LUTs for $auto$ff.cc:337:slice$6934/remaining[12] (3 -> 6)
  Merging D + CE LUTs for $auto$ff.cc:337:slice$6933/remaining[12] (3 -> 6)
  Merging D + CE LUTs for $auto$ff.cc:337:slice$6932/remaining[12] (3 -> 6)
  Merging D + CE LUTs for $auto$ff.cc:337:slice$6931/remaining[12] (3 -> 6)
  Merging D + CE LUTs for $auto$ff.cc:337:slice$6930/remaining[12] (3 -> 6)
  Merging D + CE LUTs for $auto$ff.cc:337:slice$6929/remaining[12] (3 -> 6)
  Merging D + CE LUTs for $auto$ff.cc:337:slice$6928/remaining[12] (3 -> 6)
  Merging D + CE LUTs for $auto$ff.cc:337:slice$6927/remaining[12] (3 -> 6)
  Merging D + CE LUTs for $auto$ff.cc:337:slice$6926/remaining[12] (3 -> 6)
  Merging D + CE LUTs for $auto$ff.cc:337:slice$6925/remaining[12] (3 -> 6)
  Merging D + CE LUTs for $auto$ff.cc:337:slice$6924/remaining[12] (3 -> 6)
  Merging D + CE LUTs for $auto$ff.cc:337:slice$6923/remaining[12] (3 -> 6)
  Merging D + CE LUTs for $auto$ff.cc:337:slice$6922/remaining[12] (3 -> 6)
  Merging D + CE LUTs for $auto$ff.cc:337:slice$6921/remaining[12] (3 -> 6)
  Merging D + CE LUTs for $auto$ff.cc:337:slice$6920/remaining[12] (3 -> 6)
  Merging D + CE LUTs for $auto$ff.cc:337:slice$6919/remaining[12] (3 -> 6)
  Merging D + CE LUTs for $auto$ff.cc:337:slice$6918/remaining[12] (3 -> 6)
  Merging D + CE LUTs for $auto$ff.cc:337:slice$6917/remaining[12] (3 -> 6)
  Merging D + CE LUTs for $auto$ff.cc:337:slice$6916/remaining[12] (3 -> 6)
  Merging D + CE LUTs for $auto$ff.cc:337:slice$6915/remaining[12] (3 -> 6)
  Merging D + CE LUTs for $auto$ff.cc:337:slice$6914/remaining[12] (3 -> 6)
  Merging D + CE LUTs for $auto$ff.cc:337:slice$6913/remaining[12] (3 -> 6)
  Merging D + CE LUTs for $auto$ff.cc:337:slice$6912/remaining[12] (3 -> 6)
  Merging D + CE LUTs for $auto$ff.cc:337:slice$6911/remaining[12] (3 -> 6)
  Merging D + CE LUTs for $auto$ff.cc:337:slice$6910/remaining[12] (3 -> 6)
  Merging D + CE LUTs for $auto$ff.cc:337:slice$6908/group_minimum[11] (2 -> 5)
  Merging D + CE LUTs for $auto$ff.cc:337:slice$6907/group_minimum[11] (2 -> 5)
  Merging D + CE LUTs for $auto$ff.cc:337:slice$6906/group_minimum[11] (2 -> 5)
  Merging D + CE LUTs for $auto$ff.cc:337:slice$6905/group_minimum[11] (2 -> 5)
  Merging D + CE LUTs for $auto$ff.cc:337:slice$6904/group_minimum[11] (2 -> 5)
  Merging D + CE LUTs for $auto$ff.cc:337:slice$6903/group_minimum[11] (2 -> 5)
  Merging D + CE LUTs for $auto$ff.cc:337:slice$6902/group_minimum[11] (2 -> 5)
  Merging D + CE LUTs for $auto$ff.cc:337:slice$6901/group_minimum[11] (2 -> 5)
  Merging D + CE LUTs for $auto$ff.cc:337:slice$6900/group_minimum[11] (2 -> 5)
  Merging D + CE LUTs for $auto$ff.cc:337:slice$6899/group_minimum[11] (2 -> 5)
  Merging D + CE LUTs for $auto$ff.cc:337:slice$6898/group_minimum[11] (2 -> 5)
  Merging D + CE LUTs for $auto$ff.cc:337:slice$6897/group_minimum[11] (2 -> 5)
  Merging D + CE LUTs for $auto$ff.cc:337:slice$6896/group_minimum[11] (2 -> 5)
  Merging D + CE LUTs for $auto$ff.cc:337:slice$6895/group_minimum[11] (2 -> 5)
  Merging D + CE LUTs for $auto$ff.cc:337:slice$6894/group_minimum[11] (2 -> 5)
  Merging D + CE LUTs for $auto$ff.cc:337:slice$6892/group_minimum[12] (2 -> 5)
  Merging D + CE LUTs for $auto$ff.cc:337:slice$6891/group_minimum[12] (2 -> 5)
  Merging D + CE LUTs for $auto$ff.cc:337:slice$6890/group_minimum[12] (2 -> 5)
  Merging D + CE LUTs for $auto$ff.cc:337:slice$6889/group_minimum[12] (2 -> 5)
  Merging D + CE LUTs for $auto$ff.cc:337:slice$6888/group_minimum[12] (2 -> 5)
  Merging D + CE LUTs for $auto$ff.cc:337:slice$6887/group_minimum[12] (2 -> 5)
  Merging D + CE LUTs for $auto$ff.cc:337:slice$6886/group_minimum[12] (2 -> 5)
  Merging D + CE LUTs for $auto$ff.cc:337:slice$6885/group_minimum[12] (2 -> 5)
  Merging D + CE LUTs for $auto$ff.cc:337:slice$6884/group_minimum[12] (2 -> 5)
  Merging D + CE LUTs for $auto$ff.cc:337:slice$6883/group_minimum[12] (2 -> 5)
  Merging D + CE LUTs for $auto$ff.cc:337:slice$6882/group_minimum[12] (2 -> 5)
  Merging D + CE LUTs for $auto$ff.cc:337:slice$6881/group_minimum[12] (2 -> 5)
  Merging D + CE LUTs for $auto$ff.cc:337:slice$6880/group_minimum[12] (2 -> 5)
  Merging D + CE LUTs for $auto$ff.cc:337:slice$6879/group_minimum[12] (2 -> 5)
  Merging D + CE LUTs for $auto$ff.cc:337:slice$6878/group_minimum[12] (2 -> 5)
  Merging D + CE LUTs for $auto$ff.cc:337:slice$6876/group_minimum[0] (2 -> 5)
  Merging D + CE LUTs for $auto$ff.cc:337:slice$6875/group_minimum[0] (2 -> 5)
  Merging D + CE LUTs for $auto$ff.cc:337:slice$6874/group_minimum[0] (2 -> 5)
  Merging D + CE LUTs for $auto$ff.cc:337:slice$6873/group_minimum[0] (2 -> 5)
  Merging D + CE LUTs for $auto$ff.cc:337:slice$6872/group_minimum[0] (2 -> 5)
  Merging D + CE LUTs for $auto$ff.cc:337:slice$6871/group_minimum[0] (2 -> 5)
  Merging D + CE LUTs for $auto$ff.cc:337:slice$6870/group_minimum[0] (2 -> 5)
  Merging D + CE LUTs for $auto$ff.cc:337:slice$6869/group_minimum[0] (2 -> 5)
  Merging D + CE LUTs for $auto$ff.cc:337:slice$6868/group_minimum[0] (2 -> 5)
  Merging D + CE LUTs for $auto$ff.cc:337:slice$6867/group_minimum[0] (2 -> 5)
  Merging D + CE LUTs for $auto$ff.cc:337:slice$6866/group_minimum[0] (2 -> 5)
  Merging D + CE LUTs for $auto$ff.cc:337:slice$6865/group_minimum[0] (2 -> 5)
  Merging D + CE LUTs for $auto$ff.cc:337:slice$6864/group_minimum[0] (2 -> 5)
  Merging D + CE LUTs for $auto$ff.cc:337:slice$6863/group_minimum[0] (2 -> 5)
  Merging D + CE LUTs for $auto$ff.cc:337:slice$6862/group_minimum[0] (2 -> 5)
  Merging D + CE LUTs for $auto$ff.cc:337:slice$6860/group_minimum[1] (2 -> 5)
  Merging D + CE LUTs for $auto$ff.cc:337:slice$6859/group_minimum[1] (2 -> 5)
  Merging D + CE LUTs for $auto$ff.cc:337:slice$6858/group_minimum[1] (2 -> 5)
  Merging D + CE LUTs for $auto$ff.cc:337:slice$6857/group_minimum[1] (2 -> 5)
  Merging D + CE LUTs for $auto$ff.cc:337:slice$6856/group_minimum[1] (2 -> 5)
  Merging D + CE LUTs for $auto$ff.cc:337:slice$6855/group_minimum[1] (2 -> 5)
  Merging D + CE LUTs for $auto$ff.cc:337:slice$6854/group_minimum[1] (2 -> 5)
  Merging D + CE LUTs for $auto$ff.cc:337:slice$6853/group_minimum[1] (2 -> 5)
  Merging D + CE LUTs for $auto$ff.cc:337:slice$6852/group_minimum[1] (2 -> 5)
  Merging D + CE LUTs for $auto$ff.cc:337:slice$6851/group_minimum[1] (2 -> 5)
  Merging D + CE LUTs for $auto$ff.cc:337:slice$6850/group_minimum[1] (2 -> 5)
  Merging D + CE LUTs for $auto$ff.cc:337:slice$6849/group_minimum[1] (2 -> 5)
  Merging D + CE LUTs for $auto$ff.cc:337:slice$6848/group_minimum[1] (2 -> 5)
  Merging D + CE LUTs for $auto$ff.cc:337:slice$6847/group_minimum[1] (2 -> 5)
  Merging D + CE LUTs for $auto$ff.cc:337:slice$6846/group_minimum[1] (2 -> 5)
  Merging D + CE LUTs for $auto$ff.cc:337:slice$6844/group_minimum[2] (2 -> 5)
  Merging D + CE LUTs for $auto$ff.cc:337:slice$6843/group_minimum[2] (2 -> 5)
  Merging D + CE LUTs for $auto$ff.cc:337:slice$6842/group_minimum[2] (2 -> 5)
  Merging D + CE LUTs for $auto$ff.cc:337:slice$6841/group_minimum[2] (2 -> 5)
  Merging D + CE LUTs for $auto$ff.cc:337:slice$6840/group_minimum[2] (2 -> 5)
  Merging D + CE LUTs for $auto$ff.cc:337:slice$6839/group_minimum[2] (2 -> 5)
  Merging D + CE LUTs for $auto$ff.cc:337:slice$6838/group_minimum[2] (2 -> 5)
  Merging D + CE LUTs for $auto$ff.cc:337:slice$6837/group_minimum[2] (2 -> 5)
  Merging D + CE LUTs for $auto$ff.cc:337:slice$6836/group_minimum[2] (2 -> 5)
  Merging D + CE LUTs for $auto$ff.cc:337:slice$6835/group_minimum[2] (2 -> 5)
  Merging D + CE LUTs for $auto$ff.cc:337:slice$6834/group_minimum[2] (2 -> 5)
  Merging D + CE LUTs for $auto$ff.cc:337:slice$6833/group_minimum[2] (2 -> 5)
  Merging D + CE LUTs for $auto$ff.cc:337:slice$6832/group_minimum[2] (2 -> 5)
  Merging D + CE LUTs for $auto$ff.cc:337:slice$6831/group_minimum[2] (2 -> 5)
  Merging D + CE LUTs for $auto$ff.cc:337:slice$6830/group_minimum[2] (2 -> 5)
  Merging D + CE LUTs for $auto$ff.cc:337:slice$6828/group_minimum[3] (2 -> 5)
  Merging D + CE LUTs for $auto$ff.cc:337:slice$6827/group_minimum[3] (2 -> 5)
  Merging D + CE LUTs for $auto$ff.cc:337:slice$6826/group_minimum[3] (2 -> 5)
  Merging D + CE LUTs for $auto$ff.cc:337:slice$6825/group_minimum[3] (2 -> 5)
  Merging D + CE LUTs for $auto$ff.cc:337:slice$6824/group_minimum[3] (2 -> 5)
  Merging D + CE LUTs for $auto$ff.cc:337:slice$6823/group_minimum[3] (2 -> 5)
  Merging D + CE LUTs for $auto$ff.cc:337:slice$6822/group_minimum[3] (2 -> 5)
  Merging D + CE LUTs for $auto$ff.cc:337:slice$6821/group_minimum[3] (2 -> 5)
  Merging D + CE LUTs for $auto$ff.cc:337:slice$6820/group_minimum[3] (2 -> 5)
  Merging D + CE LUTs for $auto$ff.cc:337:slice$6819/group_minimum[3] (2 -> 5)
  Merging D + CE LUTs for $auto$ff.cc:337:slice$6818/group_minimum[3] (2 -> 5)
  Merging D + CE LUTs for $auto$ff.cc:337:slice$6817/group_minimum[3] (2 -> 5)
  Merging D + CE LUTs for $auto$ff.cc:337:slice$6816/group_minimum[3] (2 -> 5)
  Merging D + CE LUTs for $auto$ff.cc:337:slice$6815/group_minimum[3] (2 -> 5)
  Merging D + CE LUTs for $auto$ff.cc:337:slice$6814/group_minimum[3] (2 -> 5)
  Merging D + CE LUTs for $auto$ff.cc:337:slice$6812/group_minimum[4] (2 -> 5)
  Merging D + CE LUTs for $auto$ff.cc:337:slice$6811/group_minimum[4] (2 -> 5)
  Merging D + CE LUTs for $auto$ff.cc:337:slice$6810/group_minimum[4] (2 -> 5)
  Merging D + CE LUTs for $auto$ff.cc:337:slice$6809/group_minimum[4] (2 -> 5)
  Merging D + CE LUTs for $auto$ff.cc:337:slice$6808/group_minimum[4] (2 -> 5)
  Merging D + CE LUTs for $auto$ff.cc:337:slice$6807/group_minimum[4] (2 -> 5)
  Merging D + CE LUTs for $auto$ff.cc:337:slice$6806/group_minimum[4] (2 -> 5)
  Merging D + CE LUTs for $auto$ff.cc:337:slice$6805/group_minimum[4] (2 -> 5)
  Merging D + CE LUTs for $auto$ff.cc:337:slice$6804/group_minimum[4] (2 -> 5)
  Merging D + CE LUTs for $auto$ff.cc:337:slice$6803/group_minimum[4] (2 -> 5)
  Merging D + CE LUTs for $auto$ff.cc:337:slice$6802/group_minimum[4] (2 -> 5)
  Merging D + CE LUTs for $auto$ff.cc:337:slice$6801/group_minimum[4] (2 -> 5)
  Merging D + CE LUTs for $auto$ff.cc:337:slice$6800/group_minimum[4] (2 -> 5)
  Merging D + CE LUTs for $auto$ff.cc:337:slice$6799/group_minimum[4] (2 -> 5)
  Merging D + CE LUTs for $auto$ff.cc:337:slice$6798/group_minimum[4] (2 -> 5)
  Merging D + CE LUTs for $auto$ff.cc:337:slice$6796/group_minimum[5] (2 -> 5)
  Merging D + CE LUTs for $auto$ff.cc:337:slice$6795/group_minimum[5] (2 -> 5)
  Merging D + CE LUTs for $auto$ff.cc:337:slice$6794/group_minimum[5] (2 -> 5)
  Merging D + CE LUTs for $auto$ff.cc:337:slice$6793/group_minimum[5] (2 -> 5)
  Merging D + CE LUTs for $auto$ff.cc:337:slice$6792/group_minimum[5] (2 -> 5)
  Merging D + CE LUTs for $auto$ff.cc:337:slice$6791/group_minimum[5] (2 -> 5)
  Merging D + CE LUTs for $auto$ff.cc:337:slice$6790/group_minimum[5] (2 -> 5)
  Merging D + CE LUTs for $auto$ff.cc:337:slice$6789/group_minimum[5] (2 -> 5)
  Merging D + CE LUTs for $auto$ff.cc:337:slice$6788/group_minimum[5] (2 -> 5)
  Merging D + CE LUTs for $auto$ff.cc:337:slice$6787/group_minimum[5] (2 -> 5)
  Merging D + CE LUTs for $auto$ff.cc:337:slice$6786/group_minimum[5] (2 -> 5)
  Merging D + CE LUTs for $auto$ff.cc:337:slice$6785/group_minimum[5] (2 -> 5)
  Merging D + CE LUTs for $auto$ff.cc:337:slice$6784/group_minimum[5] (2 -> 5)
  Merging D + CE LUTs for $auto$ff.cc:337:slice$6783/group_minimum[5] (2 -> 5)
  Merging D + CE LUTs for $auto$ff.cc:337:slice$6782/group_minimum[5] (2 -> 5)
  Merging D + CE LUTs for $auto$ff.cc:337:slice$6780/group_minimum[6] (2 -> 5)
  Merging D + CE LUTs for $auto$ff.cc:337:slice$6779/group_minimum[6] (2 -> 5)
  Merging D + CE LUTs for $auto$ff.cc:337:slice$6778/group_minimum[6] (2 -> 5)
  Merging D + CE LUTs for $auto$ff.cc:337:slice$6777/group_minimum[6] (2 -> 5)
  Merging D + CE LUTs for $auto$ff.cc:337:slice$6776/group_minimum[6] (2 -> 5)
  Merging D + CE LUTs for $auto$ff.cc:337:slice$6775/group_minimum[6] (2 -> 5)
  Merging D + CE LUTs for $auto$ff.cc:337:slice$6774/group_minimum[6] (2 -> 5)
  Merging D + CE LUTs for $auto$ff.cc:337:slice$6773/group_minimum[6] (2 -> 5)
  Merging D + CE LUTs for $auto$ff.cc:337:slice$6772/group_minimum[6] (2 -> 5)
  Merging D + CE LUTs for $auto$ff.cc:337:slice$6771/group_minimum[6] (2 -> 5)
  Merging D + CE LUTs for $auto$ff.cc:337:slice$6770/group_minimum[6] (2 -> 5)
  Merging D + CE LUTs for $auto$ff.cc:337:slice$6769/group_minimum[6] (2 -> 5)
  Merging D + CE LUTs for $auto$ff.cc:337:slice$6768/group_minimum[6] (2 -> 5)
  Merging D + CE LUTs for $auto$ff.cc:337:slice$6767/group_minimum[6] (2 -> 5)
  Merging D + CE LUTs for $auto$ff.cc:337:slice$6766/group_minimum[6] (2 -> 5)
  Merging D + CE LUTs for $auto$ff.cc:337:slice$6764/group_minimum[7] (2 -> 5)
  Merging D + CE LUTs for $auto$ff.cc:337:slice$6763/group_minimum[7] (2 -> 5)
  Merging D + CE LUTs for $auto$ff.cc:337:slice$6762/group_minimum[7] (2 -> 5)
  Merging D + CE LUTs for $auto$ff.cc:337:slice$6761/group_minimum[7] (2 -> 5)
  Merging D + CE LUTs for $auto$ff.cc:337:slice$6760/group_minimum[7] (2 -> 5)
  Merging D + CE LUTs for $auto$ff.cc:337:slice$6759/group_minimum[7] (2 -> 5)
  Merging D + CE LUTs for $auto$ff.cc:337:slice$6758/group_minimum[7] (2 -> 5)
  Merging D + CE LUTs for $auto$ff.cc:337:slice$6757/group_minimum[7] (2 -> 5)
  Merging D + CE LUTs for $auto$ff.cc:337:slice$6756/group_minimum[7] (2 -> 5)
  Merging D + CE LUTs for $auto$ff.cc:337:slice$6755/group_minimum[7] (2 -> 5)
  Merging D + CE LUTs for $auto$ff.cc:337:slice$6754/group_minimum[7] (2 -> 5)
  Merging D + CE LUTs for $auto$ff.cc:337:slice$6753/group_minimum[7] (2 -> 5)
  Merging D + CE LUTs for $auto$ff.cc:337:slice$6752/group_minimum[7] (2 -> 5)
  Merging D + CE LUTs for $auto$ff.cc:337:slice$6751/group_minimum[7] (2 -> 5)

5.47. Executing OPT_LUT_INS pass (discard unused LUT inputs).
Optimizing LUTs in $paramod$b5bfe1d4fce40940586b6e35fec61194ae5a8fde\cap_pdb_state_wide_bank.
Optimizing LUTs in $paramod$cbc3189b30a0f0ae8c16e45df15b3f5a54303a8f\cap_pdb_masked_min32.
  Optimizing lut $abc$33715$auto$blifparse.cc:557:parse_blif$34801.genblk1.genblk1.genblk1.genblk1.genblk1.genblk1.genblk1.genblk1.genblk1.lut0 (6 -> 3)
  Optimizing lut $abc$33715$auto$blifparse.cc:557:parse_blif$33718.genblk1.genblk1.genblk1.genblk1.genblk1.genblk1.genblk1.genblk1.genblk1.lut0 (6 -> 3)
  Optimizing lut $abc$33715$auto$blifparse.cc:557:parse_blif$33718.genblk1.genblk1.genblk1.genblk1.genblk1.genblk1.genblk1.genblk1.genblk1.lut1 (6 -> 3)
  Optimizing lut $abc$33715$auto$blifparse.cc:557:parse_blif$33723.genblk1.genblk1.genblk1.genblk1.genblk1.genblk1.genblk1.genblk1.genblk1.lut1 (6 -> 3)
  Optimizing lut $abc$33715$auto$blifparse.cc:557:parse_blif$33729.genblk1.genblk1.genblk1.genblk1.genblk1.genblk1.genblk1.genblk1.genblk1.lut0 (6 -> 3)
  Optimizing lut $abc$33715$auto$blifparse.cc:557:parse_blif$33729.genblk1.genblk1.genblk1.genblk1.genblk1.genblk1.genblk1.genblk1.genblk1.lut1 (6 -> 3)
  Optimizing lut $abc$33715$auto$blifparse.cc:557:parse_blif$33734.genblk1.genblk1.genblk1.genblk1.genblk1.genblk1.genblk1.genblk1.genblk1.lut1 (6 -> 3)
  Optimizing lut $abc$33715$auto$blifparse.cc:557:parse_blif$33723.genblk1.genblk1.genblk1.genblk1.genblk1.genblk1.genblk1.genblk1.genblk1.lut0 (6 -> 3)
  Optimizing lut $abc$33715$auto$blifparse.cc:557:parse_blif$33740.genblk1.genblk1.genblk1.genblk1.genblk1.genblk1.genblk1.genblk1.genblk1.lut0 (6 -> 3)
  Optimizing lut $abc$33715$auto$blifparse.cc:557:parse_blif$33740.genblk1.genblk1.genblk1.genblk1.genblk1.genblk1.genblk1.genblk1.genblk1.lut1 (6 -> 3)
  Optimizing lut $abc$33715$auto$blifparse.cc:557:parse_blif$33745.genblk1.genblk1.genblk1.genblk1.genblk1.genblk1.genblk1.genblk1.genblk1.lut1 (6 -> 3)
  Optimizing lut $abc$33715$auto$blifparse.cc:557:parse_blif$33734.genblk1.genblk1.genblk1.genblk1.genblk1.genblk1.genblk1.genblk1.genblk1.lut0 (6 -> 3)
  Optimizing lut $abc$33715$auto$blifparse.cc:557:parse_blif$33751.genblk1.genblk1.genblk1.genblk1.genblk1.genblk1.genblk1.genblk1.genblk1.lut0 (6 -> 3)
  Optimizing lut $abc$33715$auto$blifparse.cc:557:parse_blif$33751.genblk1.genblk1.genblk1.genblk1.genblk1.genblk1.genblk1.genblk1.genblk1.lut1 (6 -> 3)
  Optimizing lut $abc$33715$auto$blifparse.cc:557:parse_blif$33756.genblk1.genblk1.genblk1.genblk1.genblk1.genblk1.genblk1.genblk1.genblk1.lut1 (6 -> 3)
  Optimizing lut $abc$33715$auto$blifparse.cc:557:parse_blif$33745.genblk1.genblk1.genblk1.genblk1.genblk1.genblk1.genblk1.genblk1.genblk1.lut0 (6 -> 3)
  Optimizing lut $abc$33715$auto$blifparse.cc:557:parse_blif$33762.genblk1.genblk1.genblk1.genblk1.genblk1.genblk1.genblk1.genblk1.genblk1.lut0 (6 -> 3)
  Optimizing lut $abc$33715$auto$blifparse.cc:557:parse_blif$33762.genblk1.genblk1.genblk1.genblk1.genblk1.genblk1.genblk1.genblk1.genblk1.lut1 (6 -> 3)
  Optimizing lut $abc$33715$auto$blifparse.cc:557:parse_blif$33767.genblk1.genblk1.genblk1.genblk1.genblk1.genblk1.genblk1.genblk1.genblk1.lut1 (6 -> 3)
  Optimizing lut $abc$33715$auto$blifparse.cc:557:parse_blif$33756.genblk1.genblk1.genblk1.genblk1.genblk1.genblk1.genblk1.genblk1.genblk1.lut0 (6 -> 3)
  Optimizing lut $abc$33715$auto$blifparse.cc:557:parse_blif$33773.genblk1.genblk1.genblk1.genblk1.genblk1.genblk1.genblk1.genblk1.genblk1.lut0 (6 -> 3)
  Optimizing lut $abc$33715$auto$blifparse.cc:557:parse_blif$33773.genblk1.genblk1.genblk1.genblk1.genblk1.genblk1.genblk1.genblk1.genblk1.lut1 (6 -> 3)
  Optimizing lut $abc$33715$auto$blifparse.cc:557:parse_blif$33778.genblk1.genblk1.genblk1.genblk1.genblk1.genblk1.genblk1.genblk1.genblk1.lut1 (6 -> 3)
  Optimizing lut $abc$33715$auto$blifparse.cc:557:parse_blif$33767.genblk1.genblk1.genblk1.genblk1.genblk1.genblk1.genblk1.genblk1.genblk1.lut0 (6 -> 3)
  Optimizing lut $abc$33715$auto$blifparse.cc:557:parse_blif$33785.genblk1.genblk1.genblk1.genblk1.genblk1.genblk1.genblk1.genblk1.genblk1.lut0 (6 -> 3)
  Optimizing lut $abc$33715$auto$blifparse.cc:557:parse_blif$33785.genblk1.genblk1.genblk1.genblk1.genblk1.genblk1.genblk1.genblk1.genblk1.lut1 (6 -> 3)
  Optimizing lut $abc$33715$auto$blifparse.cc:557:parse_blif$33790.genblk1.genblk1.genblk1.genblk1.genblk1.genblk1.genblk1.genblk1.genblk1.lut1 (6 -> 3)
  Optimizing lut $abc$33715$auto$blifparse.cc:557:parse_blif$33778.genblk1.genblk1.genblk1.genblk1.genblk1.genblk1.genblk1.genblk1.genblk1.lut0 (6 -> 3)
  Optimizing lut $abc$33715$auto$blifparse.cc:557:parse_blif$33796.genblk1.genblk1.genblk1.genblk1.genblk1.genblk1.genblk1.genblk1.genblk1.lut0 (6 -> 3)
  Optimizing lut $abc$33715$auto$blifparse.cc:557:parse_blif$33796.genblk1.genblk1.genblk1.genblk1.genblk1.genblk1.genblk1.genblk1.genblk1.lut1 (6 -> 3)
  Optimizing lut $abc$33715$auto$blifparse.cc:557:parse_blif$33801.genblk1.genblk1.genblk1.genblk1.genblk1.genblk1.genblk1.genblk1.genblk1.lut1 (6 -> 3)
  Optimizing lut $abc$33715$auto$blifparse.cc:557:parse_blif$33790.genblk1.genblk1.genblk1.genblk1.genblk1.genblk1.genblk1.genblk1.genblk1.lut0 (6 -> 3)
  Optimizing lut $abc$33715$auto$blifparse.cc:557:parse_blif$33807.genblk1.genblk1.genblk1.genblk1.genblk1.genblk1.genblk1.genblk1.genblk1.lut0 (6 -> 3)
  Optimizing lut $abc$33715$auto$blifparse.cc:557:parse_blif$33807.genblk1.genblk1.genblk1.genblk1.genblk1.genblk1.genblk1.genblk1.genblk1.lut1 (6 -> 3)
  Optimizing lut $abc$33715$auto$blifparse.cc:557:parse_blif$33812.genblk1.genblk1.genblk1.genblk1.genblk1.genblk1.genblk1.genblk1.genblk1.lut1 (6 -> 3)
  Optimizing lut $abc$33715$auto$blifparse.cc:557:parse_blif$33801.genblk1.genblk1.genblk1.genblk1.genblk1.genblk1.genblk1.genblk1.genblk1.lut0 (6 -> 3)
  Optimizing lut $abc$33715$auto$blifparse.cc:557:parse_blif$33818.genblk1.genblk1.genblk1.genblk1.genblk1.genblk1.genblk1.genblk1.genblk1.lut0 (6 -> 3)
  Optimizing lut $abc$33715$auto$blifparse.cc:557:parse_blif$33818.genblk1.genblk1.genblk1.genblk1.genblk1.genblk1.genblk1.genblk1.genblk1.lut1 (6 -> 3)
  Optimizing lut $abc$33715$auto$blifparse.cc:557:parse_blif$33823.genblk1.genblk1.genblk1.genblk1.genblk1.genblk1.genblk1.genblk1.genblk1.lut1 (6 -> 3)
  Optimizing lut $abc$33715$auto$blifparse.cc:557:parse_blif$33812.genblk1.genblk1.genblk1.genblk1.genblk1.genblk1.genblk1.genblk1.genblk1.lut0 (6 -> 3)
  Optimizing lut $abc$33715$auto$blifparse.cc:557:parse_blif$33829.genblk1.genblk1.genblk1.genblk1.genblk1.genblk1.genblk1.genblk1.genblk1.lut0 (6 -> 3)
  Optimizing lut $abc$33715$auto$blifparse.cc:557:parse_blif$33829.genblk1.genblk1.genblk1.genblk1.genblk1.genblk1.genblk1.genblk1.genblk1.lut1 (6 -> 3)
  Optimizing lut $abc$33715$auto$blifparse.cc:557:parse_blif$33834.genblk1.genblk1.genblk1.genblk1.genblk1.genblk1.genblk1.genblk1.genblk1.lut1 (6 -> 3)
  Optimizing lut $abc$33715$auto$blifparse.cc:557:parse_blif$33823.genblk1.genblk1.genblk1.genblk1.genblk1.genblk1.genblk1.genblk1.genblk1.lut0 (6 -> 3)
  Optimizing lut $abc$33715$auto$blifparse.cc:557:parse_blif$33840.genblk1.genblk1.genblk1.genblk1.genblk1.genblk1.genblk1.genblk1.genblk1.lut0 (6 -> 3)
  Optimizing lut $abc$33715$auto$blifparse.cc:557:parse_blif$33840.genblk1.genblk1.genblk1.genblk1.genblk1.genblk1.genblk1.genblk1.genblk1.lut1 (6 -> 3)
  Optimizing lut $abc$33715$auto$blifparse.cc:557:parse_blif$33845.genblk1.genblk1.genblk1.genblk1.genblk1.genblk1.genblk1.genblk1.genblk1.lut1 (6 -> 3)
  Optimizing lut $abc$33715$auto$blifparse.cc:557:parse_blif$33834.genblk1.genblk1.genblk1.genblk1.genblk1.genblk1.genblk1.genblk1.genblk1.lut0 (6 -> 3)
  Optimizing lut $abc$33715$auto$blifparse.cc:557:parse_blif$33852.genblk1.genblk1.genblk1.genblk1.genblk1.genblk1.genblk1.genblk1.genblk1.lut0 (6 -> 3)
  Optimizing lut $abc$33715$auto$blifparse.cc:557:parse_blif$33852.genblk1.genblk1.genblk1.genblk1.genblk1.genblk1.genblk1.genblk1.genblk1.lut1 (6 -> 3)
  Optimizing lut $abc$33715$auto$blifparse.cc:557:parse_blif$33857.genblk1.genblk1.genblk1.genblk1.genblk1.genblk1.genblk1.genblk1.genblk1.lut1 (6 -> 3)
  Optimizing lut $abc$33715$auto$blifparse.cc:557:parse_blif$33845.genblk1.genblk1.genblk1.genblk1.genblk1.genblk1.genblk1.genblk1.genblk1.lut0 (6 -> 3)
  Optimizing lut $abc$33715$auto$blifparse.cc:557:parse_blif$33863.genblk1.genblk1.genblk1.genblk1.genblk1.genblk1.genblk1.genblk1.genblk1.lut0 (6 -> 3)
  Optimizing lut $abc$33715$auto$blifparse.cc:557:parse_blif$33863.genblk1.genblk1.genblk1.genblk1.genblk1.genblk1.genblk1.genblk1.genblk1.lut1 (6 -> 3)
  Optimizing lut $abc$33715$auto$blifparse.cc:557:parse_blif$33868.genblk1.genblk1.genblk1.genblk1.genblk1.genblk1.genblk1.genblk1.genblk1.lut1 (6 -> 3)
  Optimizing lut $abc$33715$auto$blifparse.cc:557:parse_blif$33857.genblk1.genblk1.genblk1.genblk1.genblk1.genblk1.genblk1.genblk1.genblk1.lut0 (6 -> 3)
  Optimizing lut $abc$33715$auto$blifparse.cc:557:parse_blif$33874.genblk1.genblk1.genblk1.genblk1.genblk1.genblk1.genblk1.genblk1.genblk1.lut0 (6 -> 3)
  Optimizing lut $abc$33715$auto$blifparse.cc:557:parse_blif$33874.genblk1.genblk1.genblk1.genblk1.genblk1.genblk1.genblk1.genblk1.genblk1.lut1 (6 -> 3)
  Optimizing lut $abc$33715$auto$blifparse.cc:557:parse_blif$33879.genblk1.genblk1.genblk1.genblk1.genblk1.genblk1.genblk1.genblk1.genblk1.lut1 (6 -> 3)
  Optimizing lut $abc$33715$auto$blifparse.cc:557:parse_blif$33868.genblk1.genblk1.genblk1.genblk1.genblk1.genblk1.genblk1.genblk1.genblk1.lut0 (6 -> 3)
  Optimizing lut $abc$33715$auto$blifparse.cc:557:parse_blif$33885.genblk1.genblk1.genblk1.genblk1.genblk1.genblk1.genblk1.genblk1.genblk1.lut0 (6 -> 3)
  Optimizing lut $abc$33715$auto$blifparse.cc:557:parse_blif$33885.genblk1.genblk1.genblk1.genblk1.genblk1.genblk1.genblk1.genblk1.genblk1.lut1 (6 -> 3)
  Optimizing lut $abc$33715$auto$blifparse.cc:557:parse_blif$33890.genblk1.genblk1.genblk1.genblk1.genblk1.genblk1.genblk1.genblk1.genblk1.lut1 (6 -> 3)
  Optimizing lut $abc$33715$auto$blifparse.cc:557:parse_blif$33879.genblk1.genblk1.genblk1.genblk1.genblk1.genblk1.genblk1.genblk1.genblk1.lut0 (6 -> 3)
  Optimizing lut $abc$33715$auto$blifparse.cc:557:parse_blif$33896.genblk1.genblk1.genblk1.genblk1.genblk1.genblk1.genblk1.genblk1.genblk1.lut0 (6 -> 3)
  Optimizing lut $abc$33715$auto$blifparse.cc:557:parse_blif$33896.genblk1.genblk1.genblk1.genblk1.genblk1.genblk1.genblk1.genblk1.genblk1.lut1 (6 -> 3)
  Optimizing lut $abc$33715$auto$blifparse.cc:557:parse_blif$33901.genblk1.genblk1.genblk1.genblk1.genblk1.genblk1.genblk1.genblk1.genblk1.lut1 (6 -> 3)
  Optimizing lut $abc$33715$auto$blifparse.cc:557:parse_blif$33890.genblk1.genblk1.genblk1.genblk1.genblk1.genblk1.genblk1.genblk1.genblk1.lut0 (6 -> 3)
  Optimizing lut $abc$33715$auto$blifparse.cc:557:parse_blif$33907.genblk1.genblk1.genblk1.genblk1.genblk1.genblk1.genblk1.genblk1.genblk1.lut0 (6 -> 3)
  Optimizing lut $abc$33715$auto$blifparse.cc:557:parse_blif$33907.genblk1.genblk1.genblk1.genblk1.genblk1.genblk1.genblk1.genblk1.genblk1.lut1 (6 -> 3)
  Optimizing lut $abc$33715$auto$blifparse.cc:557:parse_blif$33912.genblk1.genblk1.genblk1.genblk1.genblk1.genblk1.genblk1.genblk1.genblk1.lut1 (6 -> 3)
  Optimizing lut $abc$33715$auto$blifparse.cc:557:parse_blif$33901.genblk1.genblk1.genblk1.genblk1.genblk1.genblk1.genblk1.genblk1.genblk1.lut0 (6 -> 3)
  Optimizing lut $abc$33715$auto$blifparse.cc:557:parse_blif$33919.genblk1.genblk1.genblk1.genblk1.genblk1.genblk1.genblk1.genblk1.genblk1.lut0 (6 -> 3)
  Optimizing lut $abc$33715$auto$blifparse.cc:557:parse_blif$33919.genblk1.genblk1.genblk1.genblk1.genblk1.genblk1.genblk1.genblk1.genblk1.lut1 (6 -> 3)
  Optimizing lut $abc$33715$auto$blifparse.cc:557:parse_blif$33924.genblk1.genblk1.genblk1.genblk1.genblk1.genblk1.genblk1.genblk1.genblk1.lut1 (6 -> 3)
  Optimizing lut $abc$33715$auto$blifparse.cc:557:parse_blif$33912.genblk1.genblk1.genblk1.genblk1.genblk1.genblk1.genblk1.genblk1.genblk1.lut0 (6 -> 3)
  Optimizing lut $abc$33715$auto$blifparse.cc:557:parse_blif$33930.genblk1.genblk1.genblk1.genblk1.genblk1.genblk1.genblk1.genblk1.genblk1.lut0 (6 -> 3)
  Optimizing lut $abc$33715$auto$blifparse.cc:557:parse_blif$33930.genblk1.genblk1.genblk1.genblk1.genblk1.genblk1.genblk1.genblk1.genblk1.lut1 (6 -> 3)
  Optimizing lut $abc$33715$auto$blifparse.cc:557:parse_blif$33935.genblk1.genblk1.genblk1.genblk1.genblk1.genblk1.genblk1.genblk1.genblk1.lut1 (6 -> 3)
  Optimizing lut $abc$33715$auto$blifparse.cc:557:parse_blif$33924.genblk1.genblk1.genblk1.genblk1.genblk1.genblk1.genblk1.genblk1.genblk1.lut0 (6 -> 3)
  Optimizing lut $abc$33715$auto$blifparse.cc:557:parse_blif$33941.genblk1.genblk1.genblk1.genblk1.genblk1.genblk1.genblk1.genblk1.genblk1.lut0 (6 -> 3)
  Optimizing lut $abc$33715$auto$blifparse.cc:557:parse_blif$33941.genblk1.genblk1.genblk1.genblk1.genblk1.genblk1.genblk1.genblk1.genblk1.lut1 (6 -> 3)
  Optimizing lut $abc$33715$auto$blifparse.cc:557:parse_blif$33946.genblk1.genblk1.genblk1.genblk1.genblk1.genblk1.genblk1.genblk1.genblk1.lut1 (6 -> 3)
  Optimizing lut $abc$33715$auto$blifparse.cc:557:parse_blif$33935.genblk1.genblk1.genblk1.genblk1.genblk1.genblk1.genblk1.genblk1.genblk1.lut0 (6 -> 3)
  Optimizing lut $abc$33715$auto$blifparse.cc:557:parse_blif$33952.genblk1.genblk1.genblk1.genblk1.genblk1.genblk1.genblk1.genblk1.genblk1.lut0 (6 -> 3)
  Optimizing lut $abc$33715$auto$blifparse.cc:557:parse_blif$33952.genblk1.genblk1.genblk1.genblk1.genblk1.genblk1.genblk1.genblk1.genblk1.lut1 (6 -> 3)
  Optimizing lut $abc$33715$auto$blifparse.cc:557:parse_blif$33957.genblk1.genblk1.genblk1.genblk1.genblk1.genblk1.genblk1.genblk1.genblk1.lut1 (6 -> 3)
  Optimizing lut $abc$33715$auto$blifparse.cc:557:parse_blif$33946.genblk1.genblk1.genblk1.genblk1.genblk1.genblk1.genblk1.genblk1.genblk1.lut0 (6 -> 3)
  Optimizing lut $abc$33715$auto$blifparse.cc:557:parse_blif$33963.genblk1.genblk1.genblk1.genblk1.genblk1.genblk1.genblk1.genblk1.genblk1.lut0 (6 -> 3)
  Optimizing lut $abc$33715$auto$blifparse.cc:557:parse_blif$33963.genblk1.genblk1.genblk1.genblk1.genblk1.genblk1.genblk1.genblk1.genblk1.lut1 (6 -> 3)
  Optimizing lut $abc$33715$auto$blifparse.cc:557:parse_blif$33968.genblk1.genblk1.genblk1.genblk1.genblk1.genblk1.genblk1.genblk1.genblk1.lut1 (6 -> 3)
  Optimizing lut $abc$33715$auto$blifparse.cc:557:parse_blif$33957.genblk1.genblk1.genblk1.genblk1.genblk1.genblk1.genblk1.genblk1.genblk1.lut0 (6 -> 3)
  Optimizing lut $abc$33715$auto$blifparse.cc:557:parse_blif$33974.genblk1.genblk1.genblk1.genblk1.genblk1.genblk1.genblk1.genblk1.genblk1.lut0 (6 -> 3)
  Optimizing lut $abc$33715$auto$blifparse.cc:557:parse_blif$33974.genblk1.genblk1.genblk1.genblk1.genblk1.genblk1.genblk1.genblk1.genblk1.lut1 (6 -> 3)
  Optimizing lut $abc$33715$auto$blifparse.cc:557:parse_blif$33979.genblk1.genblk1.genblk1.genblk1.genblk1.genblk1.genblk1.genblk1.genblk1.lut1 (6 -> 3)
  Optimizing lut $abc$33715$auto$blifparse.cc:557:parse_blif$33968.genblk1.genblk1.genblk1.genblk1.genblk1.genblk1.genblk1.genblk1.genblk1.lut0 (6 -> 3)
  Optimizing lut $abc$33715$auto$blifparse.cc:557:parse_blif$34011.genblk1.genblk1.genblk1.genblk1.genblk1.genblk1.genblk1.genblk1.genblk1.lut0 (6 -> 3)
  Optimizing lut $abc$33715$auto$blifparse.cc:557:parse_blif$33985.genblk1.genblk1.genblk1.genblk1.genblk1.genblk1.genblk1.genblk1.genblk1.lut1 (6 -> 3)
  Optimizing lut $abc$33715$auto$blifparse.cc:557:parse_blif$33998.genblk1.genblk1.genblk1.genblk1.genblk1.genblk1.genblk1.genblk1.genblk1.lut1 (6 -> 3)
  Optimizing lut $abc$33715$auto$blifparse.cc:557:parse_blif$33979.genblk1.genblk1.genblk1.genblk1.genblk1.genblk1.genblk1.genblk1.genblk1.lut0 (6 -> 3)
  Optimizing lut $abc$33715$auto$blifparse.cc:557:parse_blif$34011.genblk1.genblk1.genblk1.genblk1.genblk1.genblk1.genblk1.genblk1.genblk1.lut1 (6 -> 3)
  Optimizing lut $abc$33715$auto$blifparse.cc:557:parse_blif$33985.genblk1.genblk1.genblk1.genblk1.genblk1.genblk1.genblk1.genblk1.genblk1.lut0 (6 -> 3)
  Optimizing lut $abc$33715$auto$blifparse.cc:557:parse_blif$34024.genblk1.genblk1.genblk1.genblk1.genblk1.genblk1.genblk1.genblk1.genblk1.lut1 (6 -> 3)
  Optimizing lut $abc$33715$auto$blifparse.cc:557:parse_blif$33998.genblk1.genblk1.genblk1.genblk1.genblk1.genblk1.genblk1.genblk1.genblk1.lut0 (6 -> 3)
  Optimizing lut $abc$33715$auto$blifparse.cc:557:parse_blif$34656.genblk1.genblk1.genblk1.genblk1.genblk1.genblk1.genblk1.genblk1.genblk1.lut0 (6 -> 3)
  Optimizing lut $abc$33715$auto$blifparse.cc:557:parse_blif$34636.genblk1.genblk1.genblk1.genblk1.genblk1.genblk1.genblk1.genblk1.genblk1.lut1 (6 -> 3)
  Optimizing lut $abc$33715$auto$blifparse.cc:557:parse_blif$34641.genblk1.genblk1.genblk1.genblk1.genblk1.genblk1.genblk1.genblk1.genblk1.lut1 (6 -> 3)
  Optimizing lut $abc$33715$auto$blifparse.cc:557:parse_blif$34024.genblk1.genblk1.genblk1.genblk1.genblk1.genblk1.genblk1.genblk1.genblk1.lut0 (6 -> 3)
  Optimizing lut $abc$33715$auto$blifparse.cc:557:parse_blif$34646.genblk1.genblk1.genblk1.genblk1.genblk1.genblk1.genblk1.genblk1.genblk1.lut1 (6 -> 3)
  Optimizing lut $abc$33715$auto$blifparse.cc:557:parse_blif$34636.genblk1.genblk1.genblk1.genblk1.genblk1.genblk1.genblk1.genblk1.genblk1.lut0 (6 -> 3)
  Optimizing lut $abc$33715$auto$blifparse.cc:557:parse_blif$34651.genblk1.genblk1.genblk1.genblk1.genblk1.genblk1.genblk1.genblk1.genblk1.lut1 (6 -> 3)
  Optimizing lut $abc$33715$auto$blifparse.cc:557:parse_blif$34641.genblk1.genblk1.genblk1.genblk1.genblk1.genblk1.genblk1.genblk1.genblk1.lut0 (6 -> 3)
  Optimizing lut $abc$33715$auto$blifparse.cc:557:parse_blif$34656.genblk1.genblk1.genblk1.genblk1.genblk1.genblk1.genblk1.genblk1.genblk1.lut1 (6 -> 3)
  Optimizing lut $abc$33715$auto$blifparse.cc:557:parse_blif$34646.genblk1.genblk1.genblk1.genblk1.genblk1.genblk1.genblk1.genblk1.genblk1.lut0 (6 -> 3)
  Optimizing lut $abc$33715$auto$blifparse.cc:557:parse_blif$34661.genblk1.genblk1.genblk1.genblk1.genblk1.genblk1.genblk1.genblk1.genblk1.lut1 (6 -> 3)
  Optimizing lut $abc$33715$auto$blifparse.cc:557:parse_blif$34651.genblk1.genblk1.genblk1.genblk1.genblk1.genblk1.genblk1.genblk1.genblk1.lut0 (6 -> 3)
  Optimizing lut $abc$33715$auto$blifparse.cc:557:parse_blif$34687.genblk1.genblk1.genblk1.genblk1.genblk1.genblk1.genblk1.genblk1.genblk1.lut0 (6 -> 3)
  Optimizing lut $abc$33715$auto$blifparse.cc:557:parse_blif$34667.genblk1.genblk1.genblk1.genblk1.genblk1.genblk1.genblk1.genblk1.genblk1.lut1 (6 -> 3)
  Optimizing lut $abc$33715$auto$blifparse.cc:557:parse_blif$34672.genblk1.genblk1.genblk1.genblk1.genblk1.genblk1.genblk1.genblk1.genblk1.lut1 (6 -> 3)
  Optimizing lut $abc$33715$auto$blifparse.cc:557:parse_blif$34661.genblk1.genblk1.genblk1.genblk1.genblk1.genblk1.genblk1.genblk1.genblk1.lut0 (6 -> 3)
  Optimizing lut $abc$33715$auto$blifparse.cc:557:parse_blif$34677.genblk1.genblk1.genblk1.genblk1.genblk1.genblk1.genblk1.genblk1.genblk1.lut1 (6 -> 3)
  Optimizing lut $abc$33715$auto$blifparse.cc:557:parse_blif$34667.genblk1.genblk1.genblk1.genblk1.genblk1.genblk1.genblk1.genblk1.genblk1.lut0 (6 -> 3)
  Optimizing lut $abc$33715$auto$blifparse.cc:557:parse_blif$34682.genblk1.genblk1.genblk1.genblk1.genblk1.genblk1.genblk1.genblk1.genblk1.lut1 (6 -> 3)
  Optimizing lut $abc$33715$auto$blifparse.cc:557:parse_blif$34672.genblk1.genblk1.genblk1.genblk1.genblk1.genblk1.genblk1.genblk1.genblk1.lut0 (6 -> 3)
  Optimizing lut $abc$33715$auto$blifparse.cc:557:parse_blif$34687.genblk1.genblk1.genblk1.genblk1.genblk1.genblk1.genblk1.genblk1.genblk1.lut1 (6 -> 3)
  Optimizing lut $abc$33715$auto$blifparse.cc:557:parse_blif$34677.genblk1.genblk1.genblk1.genblk1.genblk1.genblk1.genblk1.genblk1.genblk1.lut0 (6 -> 3)
  Optimizing lut $abc$33715$auto$blifparse.cc:557:parse_blif$34692.genblk1.genblk1.genblk1.genblk1.genblk1.genblk1.genblk1.genblk1.genblk1.lut1 (6 -> 3)
  Optimizing lut $abc$33715$auto$blifparse.cc:557:parse_blif$34682.genblk1.genblk1.genblk1.genblk1.genblk1.genblk1.genblk1.genblk1.genblk1.lut0 (6 -> 3)
  Optimizing lut $abc$33715$auto$blifparse.cc:557:parse_blif$34801.genblk1.genblk1.genblk1.genblk1.genblk1.genblk1.genblk1.genblk1.genblk1.lut1 (6 -> 3)
  Optimizing lut $abc$33715$auto$blifparse.cc:557:parse_blif$34692.genblk1.genblk1.genblk1.genblk1.genblk1.genblk1.genblk1.genblk1.genblk1.lut0 (6 -> 3)
Optimizing LUTs in cap_pdb_parallel_compact_allocation_engine.
  Optimizing lut $abc$34853$auto$blifparse.cc:557:parse_blif$39807.genblk1.genblk1.genblk1.genblk1.genblk1.genblk1.genblk1.genblk1.genblk1.genblk1.lut1.genblk1.genblk1.genblk1.genblk1.genblk1.genblk1.genblk1.genblk1.genblk1.lut0 (6 -> 0)
  Optimizing lut $abc$34853$auto$blifparse.cc:557:parse_blif$39806.genblk1.genblk1.genblk1.genblk1.genblk1.genblk1.genblk1.genblk1.genblk1.genblk1.lut1.genblk1.genblk1.genblk1.genblk1.genblk1.genblk1.genblk1.genblk1.genblk1.lut0 (6 -> 0)
  Optimizing lut $abc$34853$auto$blifparse.cc:557:parse_blif$39805.genblk1.genblk1.genblk1.genblk1.genblk1.genblk1.genblk1.genblk1.genblk1.genblk1.lut1.genblk1.genblk1.genblk1.genblk1.genblk1.genblk1.genblk1.genblk1.genblk1.lut0 (6 -> 0)
  Optimizing lut $abc$34853$auto$blifparse.cc:557:parse_blif$39804.genblk1.genblk1.genblk1.genblk1.genblk1.genblk1.genblk1.genblk1.genblk1.genblk1.lut1.genblk1.genblk1.genblk1.genblk1.genblk1.genblk1.genblk1.genblk1.genblk1.lut0 (6 -> 0)
  Optimizing lut $abc$34853$auto$blifparse.cc:557:parse_blif$39803.genblk1.genblk1.genblk1.genblk1.genblk1.genblk1.genblk1.genblk1.genblk1.genblk1.lut1.genblk1.genblk1.genblk1.genblk1.genblk1.genblk1.genblk1.genblk1.genblk1.lut0 (6 -> 0)
  Optimizing lut $abc$34853$auto$blifparse.cc:557:parse_blif$39802.genblk1.genblk1.genblk1.genblk1.genblk1.genblk1.genblk1.genblk1.genblk1.genblk1.lut1.genblk1.genblk1.genblk1.genblk1.genblk1.genblk1.genblk1.genblk1.genblk1.lut0 (6 -> 0)
  Optimizing lut $abc$34853$auto$blifparse.cc:557:parse_blif$39801.genblk1.genblk1.genblk1.genblk1.genblk1.genblk1.genblk1.genblk1.genblk1.genblk1.lut1.genblk1.genblk1.genblk1.genblk1.genblk1.genblk1.genblk1.genblk1.genblk1.lut0 (6 -> 0)
  Optimizing lut $abc$34853$auto$blifparse.cc:557:parse_blif$39800.genblk1.genblk1.genblk1.genblk1.genblk1.genblk1.genblk1.genblk1.genblk1.genblk1.lut1.genblk1.genblk1.genblk1.genblk1.genblk1.genblk1.genblk1.genblk1.genblk1.lut0 (6 -> 0)
  Optimizing lut $abc$34853$auto$blifparse.cc:557:parse_blif$39799.genblk1.genblk1.genblk1.genblk1.genblk1.genblk1.genblk1.genblk1.genblk1.genblk1.lut1.genblk1.genblk1.genblk1.genblk1.genblk1.genblk1.genblk1.genblk1.genblk1.lut0 (6 -> 0)
  Optimizing lut $abc$34853$auto$blifparse.cc:557:parse_blif$39799.genblk1.genblk1.genblk1.genblk1.genblk1.genblk1.genblk1.genblk1.genblk1.genblk1.lut0.genblk1.genblk1.genblk1.genblk1.genblk1.genblk1.genblk1.genblk1.genblk1.lut0 (6 -> 0)
  Optimizing lut $abc$34853$auto$blifparse.cc:557:parse_blif$39798.genblk1.genblk1.genblk1.genblk1.genblk1.genblk1.genblk1.genblk1.genblk1.genblk1.lut1.genblk1.genblk1.genblk1.genblk1.genblk1.genblk1.genblk1.genblk1.genblk1.lut0 (6 -> 0)
  Optimizing lut $abc$34853$auto$blifparse.cc:557:parse_blif$39797.genblk1.genblk1.genblk1.genblk1.genblk1.genblk1.genblk1.genblk1.genblk1.genblk1.lut1.genblk1.genblk1.genblk1.genblk1.genblk1.genblk1.genblk1.genblk1.genblk1.lut0 (6 -> 0)
  Optimizing lut $abc$34853$auto$blifparse.cc:557:parse_blif$39790.genblk1.genblk1.genblk1.genblk1.genblk1.genblk1.genblk1.genblk1.genblk1.genblk1.lut1.genblk1.genblk1.genblk1.genblk1.genblk1.genblk1.genblk1.genblk1.genblk1.lut0 (6 -> 0)
  Optimizing lut $abc$34853$auto$blifparse.cc:557:parse_blif$39781.genblk1.genblk1.genblk1.genblk1.genblk1.genblk1.genblk1.genblk1.genblk1.genblk1.lut1.genblk1.genblk1.genblk1.genblk1.genblk1.genblk1.genblk1.genblk1.genblk1.lut0 (6 -> 0)
  Optimizing lut $abc$34853$auto$blifparse.cc:557:parse_blif$39782.genblk1.genblk1.genblk1.genblk1.genblk1.genblk1.genblk1.genblk1.genblk1.lut1 (6 -> 0)
  Optimizing lut $abc$34853$auto$blifparse.cc:557:parse_blif$39780.genblk1.genblk1.genblk1.genblk1.genblk1.genblk1.genblk1.genblk1.genblk1.genblk1.lut1.genblk1.genblk1.genblk1.genblk1.genblk1.genblk1.genblk1.genblk1.genblk1.lut0 (6 -> 0)
  Optimizing lut $abc$34853$auto$blifparse.cc:557:parse_blif$39779.genblk1.genblk1.genblk1.genblk1.genblk1.genblk1.genblk1.genblk1.genblk1.genblk1.lut1.genblk1.genblk1.genblk1.genblk1.genblk1.genblk1.genblk1.genblk1.genblk1.lut0 (6 -> 0)
  Optimizing lut $abc$34853$auto$blifparse.cc:557:parse_blif$39778.genblk1.genblk1.genblk1.genblk1.genblk1.genblk1.genblk1.genblk1.genblk1.genblk1.lut1.genblk1.genblk1.genblk1.genblk1.genblk1.genblk1.genblk1.genblk1.genblk1.lut0 (6 -> 0)
  Optimizing lut $abc$34853$auto$blifparse.cc:557:parse_blif$39777.genblk1.genblk1.genblk1.genblk1.genblk1.genblk1.genblk1.genblk1.genblk1.genblk1.lut1.genblk1.genblk1.genblk1.genblk1.genblk1.genblk1.genblk1.genblk1.genblk1.lut0 (6 -> 0)
  Optimizing lut $abc$34853$auto$blifparse.cc:557:parse_blif$39777.genblk1.genblk1.genblk1.genblk1.genblk1.genblk1.genblk1.genblk1.genblk1.genblk1.lut0.genblk1.genblk1.genblk1.genblk1.genblk1.genblk1.genblk1.genblk1.genblk1.lut0 (6 -> 0)
  Optimizing lut $abc$34853$auto$blifparse.cc:557:parse_blif$39776.genblk1.genblk1.genblk1.genblk1.genblk1.genblk1.genblk1.genblk1.genblk1.genblk1.lut1.genblk1.genblk1.genblk1.genblk1.genblk1.genblk1.genblk1.genblk1.genblk1.lut0 (6 -> 0)
  Optimizing lut $abc$34853$auto$blifparse.cc:557:parse_blif$39775.genblk1.genblk1.genblk1.genblk1.genblk1.genblk1.genblk1.genblk1.genblk1.genblk1.lut1.genblk1.genblk1.genblk1.genblk1.genblk1.genblk1.genblk1.genblk1.genblk1.lut0 (6 -> 0)
  Optimizing lut $abc$34853$auto$blifparse.cc:557:parse_blif$39774.genblk1.genblk1.genblk1.genblk1.genblk1.genblk1.genblk1.genblk1.genblk1.genblk1.lut1.genblk1.genblk1.genblk1.genblk1.genblk1.genblk1.genblk1.genblk1.genblk1.lut0 (6 -> 0)
  Optimizing lut $abc$34853$auto$blifparse.cc:557:parse_blif$39773.genblk1.genblk1.genblk1.genblk1.genblk1.genblk1.genblk1.genblk1.genblk1.genblk1.lut1.genblk1.genblk1.genblk1.genblk1.genblk1.genblk1.genblk1.genblk1.genblk1.lut0 (6 -> 0)
  Optimizing lut $abc$34853$auto$blifparse.cc:557:parse_blif$39772.genblk1.genblk1.genblk1.genblk1.genblk1.genblk1.genblk1.genblk1.genblk1.genblk1.lut1.genblk1.genblk1.genblk1.genblk1.genblk1.genblk1.genblk1.genblk1.genblk1.lut0 (6 -> 0)
  Optimizing lut $abc$34853$auto$blifparse.cc:557:parse_blif$39771.genblk1.genblk1.genblk1.genblk1.genblk1.genblk1.genblk1.genblk1.genblk1.genblk1.lut1.genblk1.genblk1.genblk1.genblk1.genblk1.genblk1.genblk1.genblk1.genblk1.lut0 (6 -> 0)
  Optimizing lut $abc$34853$auto$blifparse.cc:557:parse_blif$39770.genblk1.genblk1.genblk1.genblk1.genblk1.genblk1.genblk1.genblk1.genblk1.genblk1.lut1.genblk1.genblk1.genblk1.genblk1.genblk1.genblk1.genblk1.genblk1.genblk1.lut0 (6 -> 0)
  Optimizing lut $abc$34853$auto$blifparse.cc:557:parse_blif$39769.genblk1.genblk1.genblk1.genblk1.genblk1.genblk1.genblk1.genblk1.genblk1.genblk1.lut1.genblk1.genblk1.genblk1.genblk1.genblk1.genblk1.genblk1.genblk1.genblk1.lut0 (6 -> 0)
  Optimizing lut $abc$34853$auto$blifparse.cc:557:parse_blif$39768.genblk1.genblk1.genblk1.genblk1.genblk1.genblk1.genblk1.genblk1.genblk1.genblk1.lut1.genblk1.genblk1.genblk1.genblk1.genblk1.genblk1.genblk1.genblk1.genblk1.lut0 (6 -> 0)
  Optimizing lut $abc$34853$auto$blifparse.cc:557:parse_blif$39768.genblk1.genblk1.genblk1.genblk1.genblk1.genblk1.genblk1.genblk1.genblk1.genblk1.lut0.genblk1.genblk1.genblk1.genblk1.genblk1.genblk1.genblk1.genblk1.genblk1.lut0 (6 -> 0)
  Optimizing lut $abc$34853$auto$blifparse.cc:557:parse_blif$39767.genblk1.genblk1.genblk1.genblk1.genblk1.genblk1.genblk1.genblk1.genblk1.genblk1.lut1.genblk1.genblk1.genblk1.genblk1.genblk1.genblk1.genblk1.genblk1.genblk1.lut0 (6 -> 0)
  Optimizing lut $abc$34853$auto$blifparse.cc:557:parse_blif$39766.genblk1.genblk1.genblk1.genblk1.genblk1.genblk1.genblk1.genblk1.genblk1.genblk1.lut1.genblk1.genblk1.genblk1.genblk1.genblk1.genblk1.genblk1.genblk1.genblk1.lut0 (6 -> 0)
  Optimizing lut $abc$34853$auto$blifparse.cc:557:parse_blif$39765.genblk1.genblk1.genblk1.genblk1.genblk1.genblk1.genblk1.genblk1.genblk1.genblk1.lut1.genblk1.genblk1.genblk1.genblk1.genblk1.genblk1.genblk1.genblk1.genblk1.lut0 (6 -> 0)
  Optimizing lut $abc$34853$auto$blifparse.cc:557:parse_blif$39764.genblk1.genblk1.genblk1.genblk1.genblk1.genblk1.genblk1.genblk1.genblk1.genblk1.lut1.genblk1.genblk1.genblk1.genblk1.genblk1.genblk1.genblk1.genblk1.genblk1.lut0 (6 -> 0)
  Optimizing lut $abc$34853$auto$blifparse.cc:557:parse_blif$39763.genblk1.genblk1.genblk1.genblk1.genblk1.genblk1.genblk1.genblk1.genblk1.genblk1.lut1.genblk1.genblk1.genblk1.genblk1.genblk1.genblk1.genblk1.genblk1.genblk1.lut0 (6 -> 0)
  Optimizing lut $abc$34853$auto$blifparse.cc:557:parse_blif$39762.genblk1.genblk1.genblk1.genblk1.genblk1.genblk1.genblk1.genblk1.genblk1.genblk1.lut1.genblk1.genblk1.genblk1.genblk1.genblk1.genblk1.genblk1.genblk1.genblk1.lut0 (6 -> 0)
  Optimizing lut $abc$34853$auto$blifparse.cc:557:parse_blif$39761.genblk1.genblk1.genblk1.genblk1.genblk1.genblk1.genblk1.genblk1.genblk1.genblk1.lut1.genblk1.genblk1.genblk1.genblk1.genblk1.genblk1.genblk1.genblk1.genblk1.lut0 (6 -> 0)
  Optimizing lut $abc$34853$auto$blifparse.cc:557:parse_blif$39760.genblk1.genblk1.genblk1.genblk1.genblk1.genblk1.genblk1.genblk1.genblk1.genblk1.lut1.genblk1.genblk1.genblk1.genblk1.genblk1.genblk1.genblk1.genblk1.genblk1.lut0 (6 -> 0)
  Optimizing lut $abc$34853$auto$blifparse.cc:557:parse_blif$39759.genblk1.genblk1.genblk1.genblk1.genblk1.genblk1.genblk1.genblk1.genblk1.genblk1.lut1.genblk1.genblk1.genblk1.genblk1.genblk1.genblk1.genblk1.genblk1.genblk1.lut0 (6 -> 0)
  Optimizing lut $abc$34853$auto$blifparse.cc:557:parse_blif$39759.genblk1.genblk1.genblk1.genblk1.genblk1.genblk1.genblk1.genblk1.genblk1.genblk1.lut0.genblk1.genblk1.genblk1.genblk1.genblk1.genblk1.genblk1.genblk1.genblk1.lut0 (6 -> 0)
  Optimizing lut $abc$34853$auto$blifparse.cc:557:parse_blif$39758.genblk1.genblk1.genblk1.genblk1.genblk1.genblk1.genblk1.genblk1.genblk1.genblk1.lut1.genblk1.genblk1.genblk1.genblk1.genblk1.genblk1.genblk1.genblk1.genblk1.lut0 (6 -> 0)
  Optimizing lut $abc$34853$auto$blifparse.cc:557:parse_blif$39757.genblk1.genblk1.genblk1.genblk1.genblk1.genblk1.genblk1.genblk1.genblk1.genblk1.lut1.genblk1.genblk1.genblk1.genblk1.genblk1.genblk1.genblk1.genblk1.genblk1.lut0 (6 -> 0)
  Optimizing lut $abc$34853$auto$blifparse.cc:557:parse_blif$39755.genblk1.genblk1.genblk1.genblk1.genblk1.genblk1.genblk1.genblk1.genblk1.genblk1.lut1.genblk1.genblk1.genblk1.genblk1.genblk1.genblk1.genblk1.genblk1.genblk1.lut0 (6 -> 0)
  Optimizing lut $abc$34853$auto$blifparse.cc:557:parse_blif$39754.genblk1.genblk1.genblk1.genblk1.genblk1.genblk1.genblk1.genblk1.genblk1.genblk1.lut1.genblk1.genblk1.genblk1.genblk1.genblk1.genblk1.genblk1.genblk1.genblk1.lut0 (6 -> 0)
  Optimizing lut $abc$34853$auto$blifparse.cc:557:parse_blif$39753.genblk1.genblk1.genblk1.genblk1.genblk1.genblk1.genblk1.genblk1.genblk1.genblk1.lut1.genblk1.genblk1.genblk1.genblk1.genblk1.genblk1.genblk1.genblk1.genblk1.lut0 (6 -> 0)
  Optimizing lut $abc$34853$auto$blifparse.cc:557:parse_blif$39752.genblk1.genblk1.genblk1.genblk1.genblk1.genblk1.genblk1.genblk1.genblk1.genblk1.lut1.genblk1.genblk1.genblk1.genblk1.genblk1.genblk1.genblk1.genblk1.genblk1.lut0 (6 -> 0)
  Optimizing lut $abc$34853$auto$blifparse.cc:557:parse_blif$39750.genblk1.genblk1.genblk1.genblk1.genblk1.genblk1.genblk1.genblk1.genblk1.genblk1.lut1.genblk1.genblk1.genblk1.genblk1.genblk1.genblk1.genblk1.genblk1.genblk1.lut0 (6 -> 0)
  Optimizing lut $abc$34853$auto$blifparse.cc:557:parse_blif$39749.genblk1.genblk1.genblk1.genblk1.genblk1.genblk1.genblk1.genblk1.genblk1.genblk1.lut1.genblk1.genblk1.genblk1.genblk1.genblk1.genblk1.genblk1.genblk1.genblk1.lut0 (6 -> 0)
  Optimizing lut $abc$34853$auto$blifparse.cc:557:parse_blif$39748.genblk1.genblk1.genblk1.genblk1.genblk1.genblk1.genblk1.genblk1.genblk1.genblk1.lut1.genblk1.genblk1.genblk1.genblk1.genblk1.genblk1.genblk1.genblk1.genblk1.lut0 (6 -> 0)
  Optimizing lut $abc$34853$auto$blifparse.cc:557:parse_blif$39747.genblk1.genblk1.genblk1.genblk1.genblk1.genblk1.genblk1.genblk1.genblk1.genblk1.lut1.genblk1.genblk1.genblk1.genblk1.genblk1.genblk1.genblk1.genblk1.genblk1.lut0 (6 -> 0)
  Optimizing lut $abc$34853$auto$blifparse.cc:557:parse_blif$39746.genblk1.genblk1.genblk1.genblk1.genblk1.genblk1.genblk1.genblk1.genblk1.genblk1.lut1.genblk1.genblk1.genblk1.genblk1.genblk1.genblk1.genblk1.genblk1.genblk1.lut0 (6 -> 0)
  Optimizing lut $abc$34853$auto$blifparse.cc:557:parse_blif$39745.genblk1.genblk1.genblk1.genblk1.genblk1.genblk1.genblk1.genblk1.genblk1.genblk1.lut1.genblk1.genblk1.genblk1.genblk1.genblk1.genblk1.genblk1.genblk1.genblk1.lut0 (6 -> 0)
  Optimizing lut $abc$34853$auto$blifparse.cc:557:parse_blif$39744.genblk1.genblk1.genblk1.genblk1.genblk1.genblk1.genblk1.genblk1.genblk1.genblk1.lut1.genblk1.genblk1.genblk1.genblk1.genblk1.genblk1.genblk1.genblk1.genblk1.lut0 (6 -> 0)
  Optimizing lut $abc$34853$auto$blifparse.cc:557:parse_blif$39743.genblk1.genblk1.genblk1.genblk1.genblk1.genblk1.genblk1.genblk1.genblk1.genblk1.lut1.genblk1.genblk1.genblk1.genblk1.genblk1.genblk1.genblk1.genblk1.genblk1.lut0 (6 -> 0)
  Optimizing lut $abc$34853$auto$blifparse.cc:557:parse_blif$39742.genblk1.genblk1.genblk1.genblk1.genblk1.genblk1.genblk1.genblk1.genblk1.genblk1.lut1.genblk1.genblk1.genblk1.genblk1.genblk1.genblk1.genblk1.genblk1.genblk1.lut0 (6 -> 0)
  Optimizing lut $abc$34853$auto$blifparse.cc:557:parse_blif$39742.genblk1.genblk1.genblk1.genblk1.genblk1.genblk1.genblk1.genblk1.genblk1.genblk1.lut0.genblk1.genblk1.genblk1.genblk1.genblk1.genblk1.genblk1.genblk1.genblk1.lut0 (6 -> 0)
  Optimizing lut $abc$34853$auto$blifparse.cc:557:parse_blif$39741.genblk1.genblk1.genblk1.genblk1.genblk1.genblk1.genblk1.genblk1.genblk1.genblk1.lut1.genblk1.genblk1.genblk1.genblk1.genblk1.genblk1.genblk1.genblk1.genblk1.lut0 (6 -> 0)
  Optimizing lut $abc$34853$auto$blifparse.cc:557:parse_blif$39740.genblk1.genblk1.genblk1.genblk1.genblk1.genblk1.genblk1.genblk1.genblk1.genblk1.lut1.genblk1.genblk1.genblk1.genblk1.genblk1.genblk1.genblk1.genblk1.genblk1.lut0 (6 -> 0)
  Optimizing lut $abc$34853$auto$blifparse.cc:557:parse_blif$39734.genblk1.genblk1.genblk1.genblk1.genblk1.genblk1.genblk1.genblk1.genblk1.genblk1.lut1.genblk1.genblk1.genblk1.genblk1.genblk1.genblk1.genblk1.genblk1.genblk1.lut0 (6 -> 0)
  Optimizing lut $abc$34853$auto$blifparse.cc:557:parse_blif$39727.genblk1.genblk1.genblk1.genblk1.genblk1.genblk1.genblk1.genblk1.genblk1.genblk1.lut1.genblk1.genblk1.genblk1.genblk1.genblk1.genblk1.genblk1.genblk1.genblk1.lut0 (6 -> 0)
  Optimizing lut $abc$34853$auto$blifparse.cc:557:parse_blif$39728.genblk1.genblk1.genblk1.genblk1.genblk1.genblk1.genblk1.genblk1.genblk1.lut1 (6 -> 0)
  Optimizing lut $abc$34853$auto$blifparse.cc:557:parse_blif$39726.genblk1.genblk1.genblk1.genblk1.genblk1.genblk1.genblk1.genblk1.genblk1.genblk1.lut1.genblk1.genblk1.genblk1.genblk1.genblk1.genblk1.genblk1.genblk1.genblk1.lut0 (6 -> 0)
  Optimizing lut $abc$34853$auto$blifparse.cc:557:parse_blif$39743.genblk1.genblk1.genblk1.genblk1.genblk1.genblk1.genblk1.genblk1.genblk1.genblk1.lut1.genblk1.genblk1.genblk1.genblk1.genblk1.genblk1.genblk1.genblk1.genblk1.lut1 (6 -> 0)
  Optimizing lut $abc$34853$auto$blifparse.cc:557:parse_blif$39752.genblk1.genblk1.genblk1.genblk1.genblk1.genblk1.genblk1.genblk1.genblk1.genblk1.lut1.genblk1.genblk1.genblk1.genblk1.genblk1.genblk1.genblk1.genblk1.genblk1.lut1 (6 -> 0)
  Optimizing lut $abc$34853$auto$blifparse.cc:557:parse_blif$39760.genblk1.genblk1.genblk1.genblk1.genblk1.genblk1.genblk1.genblk1.genblk1.genblk1.lut1.genblk1.genblk1.genblk1.genblk1.genblk1.genblk1.genblk1.genblk1.genblk1.lut1 (6 -> 0)
  Optimizing lut $abc$34853$auto$blifparse.cc:557:parse_blif$39769.genblk1.genblk1.genblk1.genblk1.genblk1.genblk1.genblk1.genblk1.genblk1.genblk1.lut1.genblk1.genblk1.genblk1.genblk1.genblk1.genblk1.genblk1.genblk1.genblk1.lut1 (6 -> 0)
  Optimizing lut $abc$34853$auto$blifparse.cc:557:parse_blif$39778.genblk1.genblk1.genblk1.genblk1.genblk1.genblk1.genblk1.genblk1.genblk1.genblk1.lut1.genblk1.genblk1.genblk1.genblk1.genblk1.genblk1.genblk1.genblk1.genblk1.lut1 (6 -> 0)
  Optimizing lut $abc$34853$auto$blifparse.cc:557:parse_blif$39790.genblk1.genblk1.genblk1.genblk1.genblk1.genblk1.genblk1.genblk1.genblk1.genblk1.lut1.genblk1.genblk1.genblk1.genblk1.genblk1.genblk1.genblk1.genblk1.genblk1.lut1 (6 -> 0)
  Optimizing lut $abc$34853$auto$blifparse.cc:557:parse_blif$39800.genblk1.genblk1.genblk1.genblk1.genblk1.genblk1.genblk1.genblk1.genblk1.genblk1.lut1.genblk1.genblk1.genblk1.genblk1.genblk1.genblk1.genblk1.genblk1.genblk1.lut1 (6 -> 0)
  Optimizing lut $abc$34853$auto$blifparse.cc:557:parse_blif$39757.genblk1.genblk1.genblk1.genblk1.genblk1.genblk1.genblk1.genblk1.genblk1.genblk1.lut1.genblk1.genblk1.genblk1.genblk1.genblk1.genblk1.genblk1.genblk1.genblk1.lut1 (6 -> 0)
  Optimizing lut $abc$34853$auto$blifparse.cc:557:parse_blif$39797.genblk1.genblk1.genblk1.genblk1.genblk1.genblk1.genblk1.genblk1.genblk1.genblk1.lut1.genblk1.genblk1.genblk1.genblk1.genblk1.genblk1.genblk1.genblk1.genblk1.lut1 (6 -> 0)
  Optimizing lut $abc$34853$auto$blifparse.cc:557:parse_blif$39798.genblk1.genblk1.genblk1.genblk1.genblk1.genblk1.genblk1.genblk1.genblk1.genblk1.lut1.genblk1.genblk1.genblk1.genblk1.genblk1.genblk1.genblk1.genblk1.genblk1.lut1 (6 -> 0)
  Optimizing lut $abc$34853$auto$blifparse.cc:557:parse_blif$39758.genblk1.genblk1.genblk1.genblk1.genblk1.genblk1.genblk1.genblk1.genblk1.genblk1.lut1.genblk1.genblk1.genblk1.genblk1.genblk1.genblk1.genblk1.genblk1.genblk1.lut1 (6 -> 0)
  Optimizing lut $abc$34853$auto$blifparse.cc:557:parse_blif$39754.genblk1.genblk1.genblk1.genblk1.genblk1.genblk1.genblk1.genblk1.genblk1.genblk1.lut1.genblk1.genblk1.genblk1.genblk1.genblk1.genblk1.genblk1.genblk1.genblk1.lut1 (6 -> 0)
  Optimizing lut $abc$34853$auto$blifparse.cc:557:parse_blif$39780.genblk1.genblk1.genblk1.genblk1.genblk1.genblk1.genblk1.genblk1.genblk1.genblk1.lut1.genblk1.genblk1.genblk1.genblk1.genblk1.genblk1.genblk1.genblk1.genblk1.lut1 (6 -> 0)
  Optimizing lut $abc$34853$auto$blifparse.cc:557:parse_blif$39779.genblk1.genblk1.genblk1.genblk1.genblk1.genblk1.genblk1.genblk1.genblk1.genblk1.lut1.genblk1.genblk1.genblk1.genblk1.genblk1.genblk1.genblk1.genblk1.genblk1.lut1 (6 -> 0)
  Optimizing lut $abc$34853$auto$blifparse.cc:557:parse_blif$39753.genblk1.genblk1.genblk1.genblk1.genblk1.genblk1.genblk1.genblk1.genblk1.genblk1.lut1.genblk1.genblk1.genblk1.genblk1.genblk1.genblk1.genblk1.genblk1.genblk1.lut1 (6 -> 0)
  Optimizing lut $abc$34853$auto$blifparse.cc:557:parse_blif$39755.genblk1.genblk1.genblk1.genblk1.genblk1.genblk1.genblk1.genblk1.genblk1.genblk1.lut1.genblk1.genblk1.genblk1.genblk1.genblk1.genblk1.genblk1.genblk1.genblk1.lut1 (6 -> 0)
  Optimizing lut $abc$34853$auto$blifparse.cc:557:parse_blif$39781.genblk1.genblk1.genblk1.genblk1.genblk1.genblk1.genblk1.genblk1.genblk1.genblk1.lut1.genblk1.genblk1.genblk1.genblk1.genblk1.genblk1.genblk1.genblk1.genblk1.lut1 (6 -> 0)
  Optimizing lut $abc$34853$auto$blifparse.cc:557:parse_blif$39766.genblk1.genblk1.genblk1.genblk1.genblk1.genblk1.genblk1.genblk1.genblk1.genblk1.lut1.genblk1.genblk1.genblk1.genblk1.genblk1.genblk1.genblk1.genblk1.genblk1.lut1 (6 -> 0)
  Optimizing lut $abc$34853$auto$blifparse.cc:557:parse_blif$39806.genblk1.genblk1.genblk1.genblk1.genblk1.genblk1.genblk1.genblk1.genblk1.genblk1.lut1.genblk1.genblk1.genblk1.genblk1.genblk1.genblk1.genblk1.genblk1.genblk1.lut1 (6 -> 0)
  Optimizing lut $abc$34853$auto$blifparse.cc:557:parse_blif$39805.genblk1.genblk1.genblk1.genblk1.genblk1.genblk1.genblk1.genblk1.genblk1.genblk1.lut1.genblk1.genblk1.genblk1.genblk1.genblk1.genblk1.genblk1.genblk1.genblk1.lut1 (6 -> 0)
  Optimizing lut $abc$34853$auto$blifparse.cc:557:parse_blif$39765.genblk1.genblk1.genblk1.genblk1.genblk1.genblk1.genblk1.genblk1.genblk1.genblk1.lut1.genblk1.genblk1.genblk1.genblk1.genblk1.genblk1.genblk1.genblk1.genblk1.lut1 (6 -> 0)
  Optimizing lut $abc$34853$auto$blifparse.cc:557:parse_blif$39767.genblk1.genblk1.genblk1.genblk1.genblk1.genblk1.genblk1.genblk1.genblk1.genblk1.lut1.genblk1.genblk1.genblk1.genblk1.genblk1.genblk1.genblk1.genblk1.genblk1.lut1 (6 -> 0)
  Optimizing lut $abc$34853$auto$blifparse.cc:557:parse_blif$39807.genblk1.genblk1.genblk1.genblk1.genblk1.genblk1.genblk1.genblk1.genblk1.genblk1.lut1.genblk1.genblk1.genblk1.genblk1.genblk1.genblk1.genblk1.genblk1.genblk1.lut1 (6 -> 0)
  Optimizing lut $abc$34853$auto$blifparse.cc:557:parse_blif$39802.genblk1.genblk1.genblk1.genblk1.genblk1.genblk1.genblk1.genblk1.genblk1.genblk1.lut1.genblk1.genblk1.genblk1.genblk1.genblk1.genblk1.genblk1.genblk1.genblk1.lut1 (6 -> 0)
  Optimizing lut $abc$34853$auto$blifparse.cc:557:parse_blif$39762.genblk1.genblk1.genblk1.genblk1.genblk1.genblk1.genblk1.genblk1.genblk1.genblk1.lut1.genblk1.genblk1.genblk1.genblk1.genblk1.genblk1.genblk1.genblk1.genblk1.lut1 (6 -> 0)
  Optimizing lut $abc$34853$auto$blifparse.cc:557:parse_blif$39761.genblk1.genblk1.genblk1.genblk1.genblk1.genblk1.genblk1.genblk1.genblk1.genblk1.lut1.genblk1.genblk1.genblk1.genblk1.genblk1.genblk1.genblk1.genblk1.genblk1.lut1 (6 -> 0)
  Optimizing lut $abc$34853$auto$blifparse.cc:557:parse_blif$39801.genblk1.genblk1.genblk1.genblk1.genblk1.genblk1.genblk1.genblk1.genblk1.genblk1.lut1.genblk1.genblk1.genblk1.genblk1.genblk1.genblk1.genblk1.genblk1.genblk1.lut1 (6 -> 0)
  Optimizing lut $abc$34853$auto$blifparse.cc:557:parse_blif$39764.genblk1.genblk1.genblk1.genblk1.genblk1.genblk1.genblk1.genblk1.genblk1.genblk1.lut1.genblk1.genblk1.genblk1.genblk1.genblk1.genblk1.genblk1.genblk1.genblk1.lut1 (6 -> 0)
  Optimizing lut $abc$34853$auto$blifparse.cc:557:parse_blif$39804.genblk1.genblk1.genblk1.genblk1.genblk1.genblk1.genblk1.genblk1.genblk1.genblk1.lut1.genblk1.genblk1.genblk1.genblk1.genblk1.genblk1.genblk1.genblk1.genblk1.lut1 (6 -> 0)
  Optimizing lut $abc$34853$auto$blifparse.cc:557:parse_blif$39803.genblk1.genblk1.genblk1.genblk1.genblk1.genblk1.genblk1.genblk1.genblk1.genblk1.lut1.genblk1.genblk1.genblk1.genblk1.genblk1.genblk1.genblk1.genblk1.genblk1.lut1 (6 -> 0)
  Optimizing lut $abc$34853$auto$blifparse.cc:557:parse_blif$39763.genblk1.genblk1.genblk1.genblk1.genblk1.genblk1.genblk1.genblk1.genblk1.genblk1.lut1.genblk1.genblk1.genblk1.genblk1.genblk1.genblk1.genblk1.genblk1.genblk1.lut1 (6 -> 0)
  Optimizing lut $abc$34853$auto$blifparse.cc:557:parse_blif$39775.genblk1.genblk1.genblk1.genblk1.genblk1.genblk1.genblk1.genblk1.genblk1.genblk1.lut1.genblk1.genblk1.genblk1.genblk1.genblk1.genblk1.genblk1.genblk1.genblk1.lut1 (6 -> 0)
  Optimizing lut $abc$34853$auto$blifparse.cc:557:parse_blif$39749.genblk1.genblk1.genblk1.genblk1.genblk1.genblk1.genblk1.genblk1.genblk1.genblk1.lut1.genblk1.genblk1.genblk1.genblk1.genblk1.genblk1.genblk1.genblk1.genblk1.lut1 (6 -> 0)
  Optimizing lut $abc$34853$auto$blifparse.cc:557:parse_blif$39748.genblk1.genblk1.genblk1.genblk1.genblk1.genblk1.genblk1.genblk1.genblk1.genblk1.lut1.genblk1.genblk1.genblk1.genblk1.genblk1.genblk1.genblk1.genblk1.genblk1.lut1 (6 -> 0)
  Optimizing lut $abc$34853$auto$blifparse.cc:557:parse_blif$39774.genblk1.genblk1.genblk1.genblk1.genblk1.genblk1.genblk1.genblk1.genblk1.genblk1.lut1.genblk1.genblk1.genblk1.genblk1.genblk1.genblk1.genblk1.genblk1.genblk1.lut1 (6 -> 0)
  Optimizing lut $abc$34853$auto$blifparse.cc:557:parse_blif$39751.genblk1.genblk1.genblk1.genblk1.genblk1.genblk1.genblk1.genblk1.genblk1.lut0 (6 -> 0)
  Optimizing lut $abc$34853$auto$blifparse.cc:557:parse_blif$39776.genblk1.genblk1.genblk1.genblk1.genblk1.genblk1.genblk1.genblk1.genblk1.genblk1.lut1.genblk1.genblk1.genblk1.genblk1.genblk1.genblk1.genblk1.genblk1.genblk1.lut1 (6 -> 0)
  Optimizing lut $abc$34853$auto$blifparse.cc:557:parse_blif$39750.genblk1.genblk1.genblk1.genblk1.genblk1.genblk1.genblk1.genblk1.genblk1.genblk1.lut1.genblk1.genblk1.genblk1.genblk1.genblk1.genblk1.genblk1.genblk1.genblk1.lut1 (6 -> 0)
  Optimizing lut $abc$34853$auto$blifparse.cc:557:parse_blif$39745.genblk1.genblk1.genblk1.genblk1.genblk1.genblk1.genblk1.genblk1.genblk1.genblk1.lut1.genblk1.genblk1.genblk1.genblk1.genblk1.genblk1.genblk1.genblk1.genblk1.lut1 (6 -> 0)
  Optimizing lut $abc$34853$auto$blifparse.cc:557:parse_blif$39771.genblk1.genblk1.genblk1.genblk1.genblk1.genblk1.genblk1.genblk1.genblk1.genblk1.lut1.genblk1.genblk1.genblk1.genblk1.genblk1.genblk1.genblk1.genblk1.genblk1.lut1 (6 -> 0)
  Optimizing lut $abc$34853$auto$blifparse.cc:557:parse_blif$39770.genblk1.genblk1.genblk1.genblk1.genblk1.genblk1.genblk1.genblk1.genblk1.genblk1.lut1.genblk1.genblk1.genblk1.genblk1.genblk1.genblk1.genblk1.genblk1.genblk1.lut1 (6 -> 0)
  Optimizing lut $abc$34853$auto$blifparse.cc:557:parse_blif$39744.genblk1.genblk1.genblk1.genblk1.genblk1.genblk1.genblk1.genblk1.genblk1.genblk1.lut1.genblk1.genblk1.genblk1.genblk1.genblk1.genblk1.genblk1.genblk1.genblk1.lut1 (6 -> 0)
  Optimizing lut $abc$34853$auto$blifparse.cc:557:parse_blif$39773.genblk1.genblk1.genblk1.genblk1.genblk1.genblk1.genblk1.genblk1.genblk1.genblk1.lut1.genblk1.genblk1.genblk1.genblk1.genblk1.genblk1.genblk1.genblk1.genblk1.lut1 (6 -> 0)
  Optimizing lut $abc$34853$auto$blifparse.cc:557:parse_blif$39747.genblk1.genblk1.genblk1.genblk1.genblk1.genblk1.genblk1.genblk1.genblk1.genblk1.lut1.genblk1.genblk1.genblk1.genblk1.genblk1.genblk1.genblk1.genblk1.genblk1.lut1 (6 -> 0)
  Optimizing lut $abc$34853$auto$blifparse.cc:557:parse_blif$39746.genblk1.genblk1.genblk1.genblk1.genblk1.genblk1.genblk1.genblk1.genblk1.genblk1.lut1.genblk1.genblk1.genblk1.genblk1.genblk1.genblk1.genblk1.genblk1.genblk1.lut1 (6 -> 0)
  Optimizing lut $abc$34853$auto$blifparse.cc:557:parse_blif$39772.genblk1.genblk1.genblk1.genblk1.genblk1.genblk1.genblk1.genblk1.genblk1.genblk1.lut1.genblk1.genblk1.genblk1.genblk1.genblk1.genblk1.genblk1.genblk1.genblk1.lut1 (6 -> 0)
  Optimizing lut $abc$34853$auto$blifparse.cc:557:parse_blif$39727.genblk1.genblk1.genblk1.genblk1.genblk1.genblk1.genblk1.genblk1.genblk1.genblk1.lut1.genblk1.genblk1.genblk1.genblk1.genblk1.genblk1.genblk1.genblk1.genblk1.lut1 (6 -> 0)
  Optimizing lut $abc$34853$auto$blifparse.cc:557:parse_blif$39741.genblk1.genblk1.genblk1.genblk1.genblk1.genblk1.genblk1.genblk1.genblk1.genblk1.lut1.genblk1.genblk1.genblk1.genblk1.genblk1.genblk1.genblk1.genblk1.genblk1.lut1 (6 -> 0)
  Optimizing lut $abc$34853$auto$blifparse.cc:557:parse_blif$39734.genblk1.genblk1.genblk1.genblk1.genblk1.genblk1.genblk1.genblk1.genblk1.genblk1.lut1.genblk1.genblk1.genblk1.genblk1.genblk1.genblk1.genblk1.genblk1.genblk1.lut1 (6 -> 0)
  Optimizing lut $abc$34853$auto$blifparse.cc:557:parse_blif$39740.genblk1.genblk1.genblk1.genblk1.genblk1.genblk1.genblk1.genblk1.genblk1.genblk1.lut1.genblk1.genblk1.genblk1.genblk1.genblk1.genblk1.genblk1.genblk1.genblk1.lut1 (6 -> 0)
  Optimizing lut $abc$34853$auto$blifparse.cc:557:parse_blif$39726.genblk1.genblk1.genblk1.genblk1.genblk1.genblk1.genblk1.genblk1.genblk1.genblk1.lut1.genblk1.genblk1.genblk1.genblk1.genblk1.genblk1.genblk1.genblk1.genblk1.lut1 (6 -> 0)
  Optimizing lut $abc$34853$auto$blifparse.cc:557:parse_blif$39726.genblk1.genblk1.genblk1.genblk1.genblk1.genblk1.genblk1.genblk1.genblk1.genblk1.lut0.genblk1.genblk1.genblk1.genblk1.genblk1.genblk1.genblk1.genblk1.genblk1.lut1 (6 -> 0)
  Optimizing lut $abc$34853$auto$blifparse.cc:557:parse_blif$39727.genblk1.genblk1.genblk1.genblk1.genblk1.genblk1.genblk1.genblk1.genblk1.genblk1.lut0.genblk1.genblk1.genblk1.genblk1.genblk1.genblk1.genblk1.genblk1.genblk1.lut1 (6 -> 0)
  Optimizing lut $abc$34853$auto$blifparse.cc:557:parse_blif$39734.genblk1.genblk1.genblk1.genblk1.genblk1.genblk1.genblk1.genblk1.genblk1.genblk1.lut0.genblk1.genblk1.genblk1.genblk1.genblk1.genblk1.genblk1.genblk1.genblk1.lut1 (6 -> 0)
  Optimizing lut $abc$34853$auto$blifparse.cc:557:parse_blif$39740.genblk1.genblk1.genblk1.genblk1.genblk1.genblk1.genblk1.genblk1.genblk1.genblk1.lut0.genblk1.genblk1.genblk1.genblk1.genblk1.genblk1.genblk1.genblk1.genblk1.lut1 (6 -> 0)
  Optimizing lut $abc$34853$auto$blifparse.cc:557:parse_blif$39741.genblk1.genblk1.genblk1.genblk1.genblk1.genblk1.genblk1.genblk1.genblk1.genblk1.lut0.genblk1.genblk1.genblk1.genblk1.genblk1.genblk1.genblk1.genblk1.genblk1.lut1 (6 -> 0)
  Optimizing lut $abc$34853$auto$blifparse.cc:557:parse_blif$39742.genblk1.genblk1.genblk1.genblk1.genblk1.genblk1.genblk1.genblk1.genblk1.genblk1.lut0.genblk1.genblk1.genblk1.genblk1.genblk1.genblk1.genblk1.genblk1.genblk1.lut1 (6 -> 0)
  Optimizing lut $abc$34853$auto$blifparse.cc:557:parse_blif$39743.genblk1.genblk1.genblk1.genblk1.genblk1.genblk1.genblk1.genblk1.genblk1.genblk1.lut0.genblk1.genblk1.genblk1.genblk1.genblk1.genblk1.genblk1.genblk1.genblk1.lut1 (6 -> 0)
  Optimizing lut $abc$34853$auto$blifparse.cc:557:parse_blif$39744.genblk1.genblk1.genblk1.genblk1.genblk1.genblk1.genblk1.genblk1.genblk1.genblk1.lut0.genblk1.genblk1.genblk1.genblk1.genblk1.genblk1.genblk1.genblk1.genblk1.lut1 (6 -> 0)
  Optimizing lut $abc$34853$auto$blifparse.cc:557:parse_blif$39745.genblk1.genblk1.genblk1.genblk1.genblk1.genblk1.genblk1.genblk1.genblk1.genblk1.lut0.genblk1.genblk1.genblk1.genblk1.genblk1.genblk1.genblk1.genblk1.genblk1.lut1 (6 -> 0)
  Optimizing lut $abc$34853$auto$blifparse.cc:557:parse_blif$39746.genblk1.genblk1.genblk1.genblk1.genblk1.genblk1.genblk1.genblk1.genblk1.genblk1.lut0.genblk1.genblk1.genblk1.genblk1.genblk1.genblk1.genblk1.genblk1.genblk1.lut1 (6 -> 0)
  Optimizing lut $abc$34853$auto$blifparse.cc:557:parse_blif$39747.genblk1.genblk1.genblk1.genblk1.genblk1.genblk1.genblk1.genblk1.genblk1.genblk1.lut0.genblk1.genblk1.genblk1.genblk1.genblk1.genblk1.genblk1.genblk1.genblk1.lut1 (6 -> 0)
  Optimizing lut $abc$34853$auto$blifparse.cc:557:parse_blif$39748.genblk1.genblk1.genblk1.genblk1.genblk1.genblk1.genblk1.genblk1.genblk1.genblk1.lut0.genblk1.genblk1.genblk1.genblk1.genblk1.genblk1.genblk1.genblk1.genblk1.lut1 (6 -> 0)
  Optimizing lut $abc$34853$auto$blifparse.cc:557:parse_blif$39749.genblk1.genblk1.genblk1.genblk1.genblk1.genblk1.genblk1.genblk1.genblk1.genblk1.lut0.genblk1.genblk1.genblk1.genblk1.genblk1.genblk1.genblk1.genblk1.genblk1.lut1 (6 -> 0)
  Optimizing lut $abc$34853$auto$blifparse.cc:557:parse_blif$39750.genblk1.genblk1.genblk1.genblk1.genblk1.genblk1.genblk1.genblk1.genblk1.genblk1.lut0.genblk1.genblk1.genblk1.genblk1.genblk1.genblk1.genblk1.genblk1.genblk1.lut1 (6 -> 0)
  Optimizing lut $abc$34853$auto$blifparse.cc:557:parse_blif$39752.genblk1.genblk1.genblk1.genblk1.genblk1.genblk1.genblk1.genblk1.genblk1.genblk1.lut0.genblk1.genblk1.genblk1.genblk1.genblk1.genblk1.genblk1.genblk1.genblk1.lut1 (6 -> 0)
  Optimizing lut $abc$34853$auto$blifparse.cc:557:parse_blif$39753.genblk1.genblk1.genblk1.genblk1.genblk1.genblk1.genblk1.genblk1.genblk1.genblk1.lut0.genblk1.genblk1.genblk1.genblk1.genblk1.genblk1.genblk1.genblk1.genblk1.lut1 (6 -> 0)
  Optimizing lut $abc$34853$auto$blifparse.cc:557:parse_blif$39754.genblk1.genblk1.genblk1.genblk1.genblk1.genblk1.genblk1.genblk1.genblk1.genblk1.lut0.genblk1.genblk1.genblk1.genblk1.genblk1.genblk1.genblk1.genblk1.genblk1.lut1 (6 -> 0)
  Optimizing lut $abc$34853$auto$blifparse.cc:557:parse_blif$39755.genblk1.genblk1.genblk1.genblk1.genblk1.genblk1.genblk1.genblk1.genblk1.genblk1.lut0.genblk1.genblk1.genblk1.genblk1.genblk1.genblk1.genblk1.genblk1.genblk1.lut1 (6 -> 0)
  Optimizing lut $abc$34853$auto$blifparse.cc:557:parse_blif$39757.genblk1.genblk1.genblk1.genblk1.genblk1.genblk1.genblk1.genblk1.genblk1.genblk1.lut0.genblk1.genblk1.genblk1.genblk1.genblk1.genblk1.genblk1.genblk1.genblk1.lut1 (6 -> 0)
  Optimizing lut $abc$34853$auto$blifparse.cc:557:parse_blif$39758.genblk1.genblk1.genblk1.genblk1.genblk1.genblk1.genblk1.genblk1.genblk1.genblk1.lut0.genblk1.genblk1.genblk1.genblk1.genblk1.genblk1.genblk1.genblk1.genblk1.lut1 (6 -> 0)
  Optimizing lut $abc$34853$auto$blifparse.cc:557:parse_blif$39759.genblk1.genblk1.genblk1.genblk1.genblk1.genblk1.genblk1.genblk1.genblk1.genblk1.lut0.genblk1.genblk1.genblk1.genblk1.genblk1.genblk1.genblk1.genblk1.genblk1.lut1 (6 -> 0)
  Optimizing lut $abc$34853$auto$blifparse.cc:557:parse_blif$39760.genblk1.genblk1.genblk1.genblk1.genblk1.genblk1.genblk1.genblk1.genblk1.genblk1.lut0.genblk1.genblk1.genblk1.genblk1.genblk1.genblk1.genblk1.genblk1.genblk1.lut1 (6 -> 0)
  Optimizing lut $abc$34853$auto$blifparse.cc:557:parse_blif$39761.genblk1.genblk1.genblk1.genblk1.genblk1.genblk1.genblk1.genblk1.genblk1.genblk1.lut0.genblk1.genblk1.genblk1.genblk1.genblk1.genblk1.genblk1.genblk1.genblk1.lut1 (6 -> 0)
  Optimizing lut $abc$34853$auto$blifparse.cc:557:parse_blif$39762.genblk1.genblk1.genblk1.genblk1.genblk1.genblk1.genblk1.genblk1.genblk1.genblk1.lut0.genblk1.genblk1.genblk1.genblk1.genblk1.genblk1.genblk1.genblk1.genblk1.lut1 (6 -> 0)
  Optimizing lut $abc$34853$auto$blifparse.cc:557:parse_blif$39763.genblk1.genblk1.genblk1.genblk1.genblk1.genblk1.genblk1.genblk1.genblk1.genblk1.lut0.genblk1.genblk1.genblk1.genblk1.genblk1.genblk1.genblk1.genblk1.genblk1.lut1 (6 -> 0)
  Optimizing lut $abc$34853$auto$blifparse.cc:557:parse_blif$39764.genblk1.genblk1.genblk1.genblk1.genblk1.genblk1.genblk1.genblk1.genblk1.genblk1.lut0.genblk1.genblk1.genblk1.genblk1.genblk1.genblk1.genblk1.genblk1.genblk1.lut1 (6 -> 0)
  Optimizing lut $abc$34853$auto$blifparse.cc:557:parse_blif$39765.genblk1.genblk1.genblk1.genblk1.genblk1.genblk1.genblk1.genblk1.genblk1.genblk1.lut0.genblk1.genblk1.genblk1.genblk1.genblk1.genblk1.genblk1.genblk1.genblk1.lut1 (6 -> 0)
  Optimizing lut $abc$34853$auto$blifparse.cc:557:parse_blif$39766.genblk1.genblk1.genblk1.genblk1.genblk1.genblk1.genblk1.genblk1.genblk1.genblk1.lut0.genblk1.genblk1.genblk1.genblk1.genblk1.genblk1.genblk1.genblk1.genblk1.lut1 (6 -> 0)
  Optimizing lut $abc$34853$auto$blifparse.cc:557:parse_blif$39767.genblk1.genblk1.genblk1.genblk1.genblk1.genblk1.genblk1.genblk1.genblk1.genblk1.lut0.genblk1.genblk1.genblk1.genblk1.genblk1.genblk1.genblk1.genblk1.genblk1.lut1 (6 -> 0)
  Optimizing lut $abc$34853$auto$blifparse.cc:557:parse_blif$39768.genblk1.genblk1.genblk1.genblk1.genblk1.genblk1.genblk1.genblk1.genblk1.genblk1.lut0.genblk1.genblk1.genblk1.genblk1.genblk1.genblk1.genblk1.genblk1.genblk1.lut1 (6 -> 0)
  Optimizing lut $abc$34853$auto$blifparse.cc:557:parse_blif$39769.genblk1.genblk1.genblk1.genblk1.genblk1.genblk1.genblk1.genblk1.genblk1.genblk1.lut0.genblk1.genblk1.genblk1.genblk1.genblk1.genblk1.genblk1.genblk1.genblk1.lut1 (6 -> 0)
  Optimizing lut $abc$34853$auto$blifparse.cc:557:parse_blif$39770.genblk1.genblk1.genblk1.genblk1.genblk1.genblk1.genblk1.genblk1.genblk1.genblk1.lut0.genblk1.genblk1.genblk1.genblk1.genblk1.genblk1.genblk1.genblk1.genblk1.lut1 (6 -> 0)
  Optimizing lut $abc$34853$auto$blifparse.cc:557:parse_blif$39771.genblk1.genblk1.genblk1.genblk1.genblk1.genblk1.genblk1.genblk1.genblk1.genblk1.lut0.genblk1.genblk1.genblk1.genblk1.genblk1.genblk1.genblk1.genblk1.genblk1.lut1 (6 -> 0)
  Optimizing lut $abc$34853$auto$blifparse.cc:557:parse_blif$39772.genblk1.genblk1.genblk1.genblk1.genblk1.genblk1.genblk1.genblk1.genblk1.genblk1.lut0.genblk1.genblk1.genblk1.genblk1.genblk1.genblk1.genblk1.genblk1.genblk1.lut1 (6 -> 0)
  Optimizing lut $abc$34853$auto$blifparse.cc:557:parse_blif$39773.genblk1.genblk1.genblk1.genblk1.genblk1.genblk1.genblk1.genblk1.genblk1.genblk1.lut0.genblk1.genblk1.genblk1.genblk1.genblk1.genblk1.genblk1.genblk1.genblk1.lut1 (6 -> 0)
  Optimizing lut $abc$34853$auto$blifparse.cc:557:parse_blif$39774.genblk1.genblk1.genblk1.genblk1.genblk1.genblk1.genblk1.genblk1.genblk1.genblk1.lut0.genblk1.genblk1.genblk1.genblk1.genblk1.genblk1.genblk1.genblk1.genblk1.lut1 (6 -> 0)
  Optimizing lut $abc$34853$auto$blifparse.cc:557:parse_blif$39775.genblk1.genblk1.genblk1.genblk1.genblk1.genblk1.genblk1.genblk1.genblk1.genblk1.lut0.genblk1.genblk1.genblk1.genblk1.genblk1.genblk1.genblk1.genblk1.genblk1.lut1 (6 -> 0)
  Optimizing lut $abc$34853$auto$blifparse.cc:557:parse_blif$39776.genblk1.genblk1.genblk1.genblk1.genblk1.genblk1.genblk1.genblk1.genblk1.genblk1.lut0.genblk1.genblk1.genblk1.genblk1.genblk1.genblk1.genblk1.genblk1.genblk1.lut1 (6 -> 0)
  Optimizing lut $abc$34853$auto$blifparse.cc:557:parse_blif$39777.genblk1.genblk1.genblk1.genblk1.genblk1.genblk1.genblk1.genblk1.genblk1.genblk1.lut0.genblk1.genblk1.genblk1.genblk1.genblk1.genblk1.genblk1.genblk1.genblk1.lut1 (6 -> 0)
  Optimizing lut $abc$34853$auto$blifparse.cc:557:parse_blif$39778.genblk1.genblk1.genblk1.genblk1.genblk1.genblk1.genblk1.genblk1.genblk1.genblk1.lut0.genblk1.genblk1.genblk1.genblk1.genblk1.genblk1.genblk1.genblk1.genblk1.lut1 (6 -> 0)
  Optimizing lut $abc$34853$auto$blifparse.cc:557:parse_blif$39779.genblk1.genblk1.genblk1.genblk1.genblk1.genblk1.genblk1.genblk1.genblk1.genblk1.lut0.genblk1.genblk1.genblk1.genblk1.genblk1.genblk1.genblk1.genblk1.genblk1.lut1 (6 -> 0)
  Optimizing lut $abc$34853$auto$blifparse.cc:557:parse_blif$39780.genblk1.genblk1.genblk1.genblk1.genblk1.genblk1.genblk1.genblk1.genblk1.genblk1.lut0.genblk1.genblk1.genblk1.genblk1.genblk1.genblk1.genblk1.genblk1.genblk1.lut1 (6 -> 0)
  Optimizing lut $abc$34853$auto$blifparse.cc:557:parse_blif$39781.genblk1.genblk1.genblk1.genblk1.genblk1.genblk1.genblk1.genblk1.genblk1.genblk1.lut0.genblk1.genblk1.genblk1.genblk1.genblk1.genblk1.genblk1.genblk1.genblk1.lut1 (6 -> 0)
  Optimizing lut $abc$34853$auto$blifparse.cc:557:parse_blif$39790.genblk1.genblk1.genblk1.genblk1.genblk1.genblk1.genblk1.genblk1.genblk1.genblk1.lut0.genblk1.genblk1.genblk1.genblk1.genblk1.genblk1.genblk1.genblk1.genblk1.lut1 (6 -> 0)
  Optimizing lut $abc$34853$auto$blifparse.cc:557:parse_blif$39797.genblk1.genblk1.genblk1.genblk1.genblk1.genblk1.genblk1.genblk1.genblk1.genblk1.lut0.genblk1.genblk1.genblk1.genblk1.genblk1.genblk1.genblk1.genblk1.genblk1.lut1 (6 -> 0)
  Optimizing lut $abc$34853$auto$blifparse.cc:557:parse_blif$39798.genblk1.genblk1.genblk1.genblk1.genblk1.genblk1.genblk1.genblk1.genblk1.genblk1.lut0.genblk1.genblk1.genblk1.genblk1.genblk1.genblk1.genblk1.genblk1.genblk1.lut1 (6 -> 0)
  Optimizing lut $abc$34853$auto$blifparse.cc:557:parse_blif$39799.genblk1.genblk1.genblk1.genblk1.genblk1.genblk1.genblk1.genblk1.genblk1.genblk1.lut0.genblk1.genblk1.genblk1.genblk1.genblk1.genblk1.genblk1.genblk1.genblk1.lut1 (6 -> 0)
  Optimizing lut $abc$34853$auto$blifparse.cc:557:parse_blif$39800.genblk1.genblk1.genblk1.genblk1.genblk1.genblk1.genblk1.genblk1.genblk1.genblk1.lut0.genblk1.genblk1.genblk1.genblk1.genblk1.genblk1.genblk1.genblk1.genblk1.lut1 (6 -> 0)
  Optimizing lut $abc$34853$auto$blifparse.cc:557:parse_blif$39801.genblk1.genblk1.genblk1.genblk1.genblk1.genblk1.genblk1.genblk1.genblk1.genblk1.lut0.genblk1.genblk1.genblk1.genblk1.genblk1.genblk1.genblk1.genblk1.genblk1.lut1 (6 -> 0)
  Optimizing lut $abc$34853$auto$blifparse.cc:557:parse_blif$39802.genblk1.genblk1.genblk1.genblk1.genblk1.genblk1.genblk1.genblk1.genblk1.genblk1.lut0.genblk1.genblk1.genblk1.genblk1.genblk1.genblk1.genblk1.genblk1.genblk1.lut1 (6 -> 0)
  Optimizing lut $abc$34853$auto$blifparse.cc:557:parse_blif$39803.genblk1.genblk1.genblk1.genblk1.genblk1.genblk1.genblk1.genblk1.genblk1.genblk1.lut0.genblk1.genblk1.genblk1.genblk1.genblk1.genblk1.genblk1.genblk1.genblk1.lut1 (6 -> 0)
  Optimizing lut $abc$34853$auto$blifparse.cc:557:parse_blif$39804.genblk1.genblk1.genblk1.genblk1.genblk1.genblk1.genblk1.genblk1.genblk1.genblk1.lut0.genblk1.genblk1.genblk1.genblk1.genblk1.genblk1.genblk1.genblk1.genblk1.lut1 (6 -> 0)
  Optimizing lut $abc$34853$auto$blifparse.cc:557:parse_blif$39805.genblk1.genblk1.genblk1.genblk1.genblk1.genblk1.genblk1.genblk1.genblk1.genblk1.lut0.genblk1.genblk1.genblk1.genblk1.genblk1.genblk1.genblk1.genblk1.genblk1.lut1 (6 -> 0)
  Optimizing lut $abc$34853$auto$blifparse.cc:557:parse_blif$39806.genblk1.genblk1.genblk1.genblk1.genblk1.genblk1.genblk1.genblk1.genblk1.genblk1.lut0.genblk1.genblk1.genblk1.genblk1.genblk1.genblk1.genblk1.genblk1.genblk1.lut1 (6 -> 0)
  Optimizing lut $abc$34853$auto$blifparse.cc:557:parse_blif$39807.genblk1.genblk1.genblk1.genblk1.genblk1.genblk1.genblk1.genblk1.genblk1.genblk1.lut0.genblk1.genblk1.genblk1.genblk1.genblk1.genblk1.genblk1.genblk1.genblk1.lut1 (6 -> 0)
  Optimizing lut $abc$34853$auto$blifparse.cc:557:parse_blif$39724.genblk1.genblk1.genblk1.genblk1.genblk1.genblk1.genblk1.genblk1.genblk1.lut0 (6 -> 0)

5.48. Executing CLKBUFMAP pass (inserting clock buffers).
Inserting BUFG on cap_pdb_parallel_compact_allocation_engine.$iopadmap$clk[0].
Removed 626 unused cells and 22375 unused wires.

5.49. Executing HIERARCHY pass (managing design hierarchy).
Attribute `top' found on module `cap_pdb_parallel_compact_allocation_engine'. Setting top module to cap_pdb_parallel_compact_allocation_engine.

5.49.1. Analyzing design hierarchy..
Top module:  \cap_pdb_parallel_compact_allocation_engine
Used module:     $paramod$cbc3189b30a0f0ae8c16e45df15b3f5a54303a8f\cap_pdb_masked_min32
Used module:     $paramod$b5bfe1d4fce40940586b6e35fec61194ae5a8fde\cap_pdb_state_wide_bank

5.49.2. Analyzing design hierarchy..
Top module:  \cap_pdb_parallel_compact_allocation_engine
Used module:     $paramod$cbc3189b30a0f0ae8c16e45df15b3f5a54303a8f\cap_pdb_masked_min32
Used module:     $paramod$b5bfe1d4fce40940586b6e35fec61194ae5a8fde\cap_pdb_state_wide_bank
Removed 0 unused modules.

5.50. Printing statistics.

=== $paramod$b5bfe1d4fce40940586b6e35fec61194ae5a8fde\cap_pdb_state_wide_bank ===

        +----------Local Count, excluding submodules.
        |
        8 wires
     1081 wire bits
        7 public wires
     1045 public wire bits
        7 ports
     1045 port bits
       15 cells
       15   RAMB18E1

   Estimated number of LCs:          0

=== $paramod$cbc3189b30a0f0ae8c16e45df15b3f5a54303a8f\cap_pdb_masked_min32 ===

        +----------Local Count, excluding submodules.
        |
      638 wires
     3348 wire bits
        3 public wires
      560 public wire bits
        3 ports
      560 port bits
     1202 cells
      144   LUT2
      320   LUT3
       20   LUT4
      367   LUT5
      351   LUT6
      127 submodules
       62   CARRY4
       65   MUXF7

   Estimated number of LCs:       1058

=== cap_pdb_parallel_compact_allocation_engine ===

        +----------Local Count, excluding submodules.
        |
     2528 wires
    23770 wire bits
      141 public wires
    11238 public wire bits
       15 ports
     1056 port bits
     6809 cells
        1   BUFG
     1013   IBUF
      404   INV
     1345   LUT2
     1499   LUT3
       27   LUT4
     1052   LUT5
     1425   LUT6
       43   OBUF
     1438 submodules
       13   $paramod$b5bfe1d4fce40940586b6e35fec61194ae5a8fde\cap_pdb_state_wide_bank
       13   $paramod$cbc3189b30a0f0ae8c16e45df15b3f5a54303a8f\cap_pdb_masked_min32
      452   CARRY4
      462   FDRE
      208   FDSE
      205   MUXF7
       85   MUXF8

   Estimated number of LCs:      17757

=== design hierarchy ===

        +----------Count including submodules.
        |
    22630 cap_pdb_parallel_compact_allocation_engine
       15 $paramod$b5bfe1d4fce40940586b6e35fec61194ae5a8fde\cap_pdb_state_wide_bank
     1202 $paramod$cbc3189b30a0f0ae8c16e45df15b3f5a54303a8f\cap_pdb_masked_min32

        +----------Count including submodules.
        |
    10926 wires
    81347 wire bits
      271 public wires
    32103 public wire bits
      145 ports
    21921 port bits
        - memories
        - memory bits
        - processes
    22630 cells
        1   BUFG
     1013   IBUF
      404   INV
     3217   LUT2
     5659   LUT3
      287   LUT4
     5823   LUT5
     5988   LUT6
       43   OBUF
      195   RAMB18E1
     1438 submodules
       13   $paramod$b5bfe1d4fce40940586b6e35fec61194ae5a8fde\cap_pdb_state_wide_bank
       13   $paramod$cbc3189b30a0f0ae8c16e45df15b3f5a54303a8f\cap_pdb_masked_min32
      452   CARRY4
      462   FDRE
      208   FDSE
      205   MUXF7
       85   MUXF8

   Estimated number of LCs:      17757

5.51. Executing CHECK pass (checking for obvious problems).
Checking module $paramod$b5bfe1d4fce40940586b6e35fec61194ae5a8fde\cap_pdb_state_wide_bank...
Checking module $paramod$cbc3189b30a0f0ae8c16e45df15b3f5a54303a8f\cap_pdb_masked_min32...
Checking module cap_pdb_parallel_compact_allocation_engine...
Found and reported 0 problems.

6. Executing CHECK pass (checking for obvious problems).
Checking module $paramod$b5bfe1d4fce40940586b6e35fec61194ae5a8fde\cap_pdb_state_wide_bank...
Checking module $paramod$cbc3189b30a0f0ae8c16e45df15b3f5a54303a8f\cap_pdb_masked_min32...
Checking module cap_pdb_parallel_compact_allocation_engine...
Found and reported 0 problems.

7. Printing statistics.

=== $paramod$b5bfe1d4fce40940586b6e35fec61194ae5a8fde\cap_pdb_state_wide_bank ===

        +----------Local Count, excluding submodules.
        |
        8 wires
     1081 wire bits
        7 public wires
     1045 public wire bits
        7 ports
     1045 port bits
       15 cells
       15   RAMB18E1

=== $paramod$cbc3189b30a0f0ae8c16e45df15b3f5a54303a8f\cap_pdb_masked_min32 ===

        +----------Local Count, excluding submodules.
        |
      638 wires
     3348 wire bits
        3 public wires
      560 public wire bits
        3 ports
      560 port bits
     1329 cells
       62   CARRY4
      144   LUT2
      320   LUT3
       20   LUT4
      367   LUT5
      351   LUT6
       65   MUXF7

=== cap_pdb_parallel_compact_allocation_engine ===

        +----------Local Count, excluding submodules.
        |
     2528 wires
    23770 wire bits
      141 public wires
    11238 public wire bits
       15 ports
     1056 port bits
     8221 cells
        1   BUFG
      452   CARRY4
      462   FDRE
      208   FDSE
     1013   IBUF
      404   INV
     1345   LUT2
     1499   LUT3
       27   LUT4
     1052   LUT5
     1425   LUT6
      205   MUXF7
       85   MUXF8
       43   OBUF
       26 submodules
       13   $paramod$b5bfe1d4fce40940586b6e35fec61194ae5a8fde\cap_pdb_state_wide_bank
       13   $paramod$cbc3189b30a0f0ae8c16e45df15b3f5a54303a8f\cap_pdb_masked_min32

=== design hierarchy ===

        +----------Count including submodules.
        |
    25693 cap_pdb_parallel_compact_allocation_engine
       15 $paramod$b5bfe1d4fce40940586b6e35fec61194ae5a8fde\cap_pdb_state_wide_bank
     1329 $paramod$cbc3189b30a0f0ae8c16e45df15b3f5a54303a8f\cap_pdb_masked_min32

        +----------Count including submodules.
        |
    10926 wires
    81347 wire bits
      271 public wires
    32103 public wire bits
      145 ports
    21921 port bits
        - memories
        - memory bits
        - processes
    25693 cells
        1   BUFG
     1258   CARRY4
      462   FDRE
      208   FDSE
     1013   IBUF
      404   INV
     3217   LUT2
     5659   LUT3
      287   LUT4
     5823   LUT5
     5988   LUT6
     1050   MUXF7
       85   MUXF8
       43   OBUF
      195   RAMB18E1
       26 submodules
       13   $paramod$b5bfe1d4fce40940586b6e35fec61194ae5a8fde\cap_pdb_state_wide_bank
       13   $paramod$cbc3189b30a0f0ae8c16e45df15b3f5a54303a8f\cap_pdb_masked_min32

Warnings: 2 unique messages, 4 total
End of script. Logfile hash: c9291379ed, time: 30.26s, user: 30.27s, system: 0.00s
Yosys 0.64 (git sha1 ca8886890, ccache clang++  -O3 -fwasm-exceptions -mllvm) [yowasp/yosys at release]
Time spent: 72% 1x abc (21 sec), 8% 19x read_verilog (2 sec), ...
